hostname,http_status,mx
abertamy.eu,SSLHandshakeException: (certificate_unknown) No subject alternative DNS name matching abertamy.eu found.,none
adamov.cz,301,10 mail.adamov.cz.; 20 mx.ada-net.cz.
adamovcb.eu,301,none
akreditacnikomise.cz,SSLHandshakeException: (certificate_unknown) PKIX path building failed: sun.security.provider.certpath.SunCertPathBuilderException: unable to find valid certification path to requested target,10 akreditacnikomise-cz.mail.protection.outlook.com.
albrechtice-jh.cz,302,10 posta.gc-system.cz.
albrechtice-nad-orlici.cz,301,20 backup.antee.cz.; 10 mail.antee.cz.
albrechticenadvltavou.cz,302,0 albrechticenadvltavou-cz.mail.protection.outlook.com.
albrechticky.cz,301,20 miramo3.miramo.cz.; 10 smtp.miramo.cz.
algerie.cz,303,100 mailin2.algerie.cz.; 10 mailin1.algerie.cz.
alojzov.cz,405,10 mx.vshosting.cloud.; 20 mx.vshosting.eu.
ambardcprague.com,IOException: Received RST_STREAM: Protocol error,none
ambasadat.net,200,none
andelskahora.cz,302,10 posta.gc-system.cz.
andelskahora.info,301,none
anenskastudanka.cz,302,10 posta.gc-system.cz.
antee.cz,301,20 backup.antee.cz.; 10 mail.antee.cz.
arnestovice.cz,200,10 mta.vshosting.cloud.; 20 mta.vshosting.eu.
atkonsulat-brno.cz,200,0 atkonsulatbrno-cz02e.mail.protection.outlook.com.
azvcr.cz,301,10 azvcr-cz.mail.protection.outlook.com.
babice-nad-svitavou.cz,302,10 posta.gc-system.cz.
babice.eu,302,10 posta.gc-system.cz.
babicept.cz,405,50 mail.gigaserver.cz.
babiceurican.cz,301,10 mail.svethostingu.cz.
babiceurosic.cz,302,10 posta.gc-system.cz.
babylon-obec.cz,302,10 posta.gc-system.cz.
bacalky.cz,301,20 backup.antee.cz.; 10 mail.antee.cz.
bacetin.cz,200,50 mail.gigaserver.cz.
bacice.cz,301,15 d1453.masterinter.net.; 10 d125.masterinter.net.
backov.cz,405,none
backovice.cz,302,10 posta.gc-system.cz.
bacovice.cz,405,none
bakovnj.cz,301,10 fw.bakovnj.cz.
bakovskypotok.cz,ConnectException,none
baliny.cz,200,20 mx.vshosting.eu.; 10 mx.vshosting.cloud.
balkovalhota.cz,301,none
banin.cz,302,10 posta.gc-system.cz.
banov.cz,301,10 mcf11.vas-server.cz.
banovice.cz,302,none
bantice.cz,301,0 mx11.onebit.cz.; 10 mx11.onebit.eu.
barchov.cz,301,10 mail.barchov.cz.; 20 ns3.master.cz.; 30 pop3.barchov.cz.
barchovice.cz,302,10 posta.gc-system.cz.
barice-velketesany.cz,302,10 posta.gc-system.cz.
bartosovice.cz,302,0 bartosovice-cz.mail.protection.outlook.com.
bartosovice.eu,302,none
bartousov.cz,200,0 bartousov-cz.mail.protection.outlook.com.
baska.cz,302,5 mail.baska.cz.
batelov.cz,405,10 mta.vshosting.cloud.; 20 mta.vshosting.eu.
batnovice.cz,302,10 posta.gc-system.cz.
bavorov.cz,ConnectException,1 mxavas.forpsi.com.
bavory.cz,301,10 10mx.zoner.com.; 1 relay.zoner.com.; 15 15mx.zoner.com.
bavoryne.cz,302,10 posta.gc-system.cz.
bdeneves.cz,301,20 backup.antee.cz.; 10 mail.antee.cz.
bechary.cz,302,10 posta.gc-system.cz.
bechlin.cz,302,0 bechlin-cz.mail.protection.outlook.com.
becice.cz,301,5 alt1.aspmx.l.google.com.; 10 aspmx2.googlemail.com.; 1 aspmx.l.google.com.; 5 alt2.aspmx.l.google.com.; 10 aspmx3.googlemail.com.
becov.cz,302,10 posta.gc-system.cz.
becvary.cz,302,10 posta.gc-system.cz.
bedihost.eu,SSLHandshakeException: (certificate_unknown) PKIX path building failed: sun.security.provider.certpath.SunCertPathBuilderException: unable to find valid certification path to requested target,10 parking22.kv.de.
bednarec.cz,SSLHandshakeException: (certificate_unknown) PKIX path building failed: sun.security.provider.certpath.SunCertPathBuilderException: unable to find valid certification path to requested target,1 wes1-mx2.wedos.net.; 1 wes1-mx1.wedos.net.; 10 wes1-mx-backup.wedos.net.
bednarecek.cz,302,70 mx3.elzy.cz.; 10 elsy.elsyjh.cz.
bedrichov.cz,301,10 mx-02.bedrichov.cz.; 5 mx-01.bedrichov.cz.
beharov.cz,302,15 15mx.zoner.com.; 10 10mx.zoner.com.; 1 relay.zoner.com.
bela-obec.cz,302,10 posta.gc-system.cz.
bela.cz,SSLHandshakeException: Remote host terminated the handshake,1 wes1-mx2.wedos.net.; 10 wes1-mx-backup.wedos.net.; 1 wes1-mx1.wedos.net.
belanr.cz,302,1 mail.belanr.cz.
belaobec.cz,405,none
belasm.cz,301,100 mailin2.belasm.cz.; 10 mailin1.belasm.cz.
belaujev.net,301,none
belcice.cz,302,10 posta.gc-system.cz.
belec-kreptov.cz,200,none
belec.cz,302,10 posta.gc-system.cz.
belec.trebechovicko.cz,200,none
belkovice-lastany.cz,301,0 mail.belkovice-lastany.cz.
belotin.cz,302,10 mxavas.forpsi.com.
belov.cz,302,30 belov-cz.mail.protection.outlook.com.
belusice.cz,302,10 posta.gc-system.cz.
benatky.cz,302,10 mail.benatky.cz.
benesov-city.cz,405,10 mail.benesov-city.cz.
benesovice.cz,302,10 posta.gc-system.cz.
benesovnc.cz,302,10 547f029b6a675c92.mx2.emailprofi.seznam.cz.; 20 547f029b6a675c92.mx1.emailprofi.seznam.cz.
benesovnpl.cz,302,10 mail.benesovnpl.cz.
benesovusemil.cz,301,10 mx-02.benesovusemil.cz.; 5 mx-01.benesovusemil.cz.
benetice.net,200,none
benov.cz,301,20 backup.antee.cz.; 10 mail.antee.cz.
bernardov.cz,301,10 mail.antee.cz.; 20 backup.antee.cz.
bernartice-borovsko.cz,200,10 5c65acc83478130b.mx2.emailprofi.seznam.cz.; 20 5c65acc83478130b.mx1.emailprofi.seznam.cz.
bernartice.cz,301,20 mx2.active24.com.; 10 mx1.active24.com.
bernartice.eu,200,1 wes1-mx1.wedos.net.; 1 wes1-mx2.wedos.net.; 10 wes1-mx-backup.wedos.net.
bernarticenadodrou.cz,301,0 bernarticenadodrou-cz.mail.protection.outlook.com.
berunice.cz,302,10 mail.safemail.cz.
besednice.cz,301,10 mx1d10.thinline.cz.; 20 mx1b20.thinline.cz.
besiny.cz,302,10 posta.gc-system.cz.
bestovice.cz,301,10 linux.petrbalas.cz.
bezdeci-unerazka.cz,302,10 posta.gc-system.cz.
bezdedovice.cz,302,20 1382be73e53feb50.mx1.emailprofi.seznam.cz.; 10 1382be73e53feb50.mx2.emailprofi.seznam.cz.
bezdekov.cz,302,10 10mx.zoner.com.; 15 15mx.zoner.com.; 1 relay.zoner.com.
bezdekov.org,302,none
bezdekovobec.cz,200,none
bezdekovptr.cz,302,10 posta.gc-system.cz.
bezdekovradnicko.cz,302,none
bezdez.cz,302,0 bezdez-cz.mail.protection.outlook.com.
bezdruzice.cz,302,0 bezdruzice-cz.mail.protection.outlook.com.
bezkov.cz,301,10 wes1-mx-backup.wedos.net.; 1 wes1-mx2.wedos.net.; 1 wes1-mx1.wedos.net.
bezmerov.cz,301,20 backup.antee.cz.; 10 mail.antee.cz.
bezno.cz,302,20 63bf5d9c07fa55c7.mx1.emailprofi.seznam.cz.; 10 63bf5d9c07fa55c7.mx2.emailprofi.seznam.cz.
bezuchov.cz,301,10 mail.antee.cz.; 20 backup.antee.cz.
bezverov.cz,302,10 posta.gc-system.cz.
bhembassy.cz,200,20 mx20.antispam.mailspamprotection.com.; 30 mx30.antispam.mailspamprotection.com.; 10 mx10.antispam.mailspamprotection.com.
bilahlina.cz,302,1 smtp.google.com.
bilalhota.cz,HttpConnectTimeoutException: HTTP connect timed out,20 backup.mail.profiwh.com.; 10 antispam.profiwh.com.
bilatremesna.cz,302,10 posta.gc-system.cz.
bilavoda.cz,302,10 posta.gc-system.cz.
bilcice.cz,302,10 posta.gc-system.cz.
bilence.cz,302,10 mxavas.forpsi.com.
bilepodoli.cz,302,10 posta.gc-system.cz.
bilepolicany.cz,301,10 mail.antee.cz.; 20 backup.antee.cz.
bilichov.cz,301,20 backup.antee.cz.; 10 mail.antee.cz.
bilina.cz,301,10 mail.bilina.cz.
bilkovice.cz,HttpConnectTimeoutException: HTTP connect timed out,none
bilov.cz,301,20 backup.antee.cz.; 10 mail.antee.cz.
bilovice-lutotin.cz,200,10 mail.bilovice-lutotin.cz.; 20 mx2.sprintel.cz.
bilovice.cz,200,10 mail.urbitech.cz.
bilovicens.cz,301,10 mail.bilovicens.cz.; 20 hermes.gnome-technology.cz.
bilovukralovic.cz,302,10 posta.gc-system.cz.
bilsko.eu,302,none
bilskouhoric.cz,302,10 posta.gc-system.cz.
bily-kamen.cz,200,none
bily-kostel.cz,302,10 posta.gc-system.cz.
bily-potok.cz,302,10 posta.gc-system.cz.
bilyujezd.cz,302,10 smtp.google.com.
birkov.cz,302,10 posta.gc-system.cz.
bis.cz,301,20 mx4.bis.cz.; 10 mx3.bis.cz.
biskoupky.cz,302,0 biskoupky-cz.mail.protection.outlook.com.
biskupice-pulkov.cz,301,5 alt1.aspmx.l.google.com.; 1 aspmx.l.google.com.; 5 alt2.aspmx.l.google.com.; 10 aspmx2.googlemail.com.; 10 aspmx3.googlemail.com.
biskupice.cz,301,10 mail.biskupice.cz.
biskupiceuluhacovic.cz,301,20 mx.aerohosting.cz.; 50 mx2.aerohosting.cz.
bitovany.cz,200,10 a381235a5e1c004b.mx2.emailprofi.seznam.cz.; 20 a381235a5e1c004b.mx1.emailprofi.seznam.cz.
bitovcice.cz,302,10 posta.gc-system.cz.
bitozeves.cz,302,0 bitozeves-cz.mail.protection.outlook.com.
blanik.net,200,none
blanne.cz,HttpTimeoutException: request timed out,10 mxavas.forpsi.com.
blatce.cz,200,0 blatce-cz.mail.protection.outlook.com.
blatec.cz,200,20 mta.vshosting.eu.; 10 mta.vshosting.cloud.
blatensko.cz,200,10 mail.gigaserver.cz.
blatnice.cz,302,0 blatnice-cz.mail.protection.outlook.com.
blatno-lounsko.cz,302,10 posta.gc-system.cz.
blazejov.cz,SSLHandshakeException: (certificate_unknown) No subject alternative DNS name matching blazejov.cz found.,100 mx20.websupport.cz.; 10 mx10.websupport.cz.
blazice.cz,302,10 posta.gc-system.cz.
blazim.cz,301,20 backup.antee.cz.; 10 mail.antee.cz.
blazkov.cz,405,10 mta.vshosting.cloud.; 20 mta.vshosting.eu.
blazovice.eu,302,none
blesno.cz,SSLHandshakeException: Remote host terminated the handshake,100 mailin2.blesno.cz.; 10 mailin1.blesno.cz.
blizejov.cz,302,0 blizejov-cz.mail.protection.outlook.com.
blizkov.cz,301,10 pecari-mail.xart.cz.
blovice-mesto.cz,302,10 posta.gc-system.cz.
blsany.cz,200,0 blsany-cz.mail.protection.outlook.com.
blsanyuloun.cz,302,10 posta.gc-system.cz.
bludov.cz,200,10 mail.bludov.cz.; 20 ns2.pipni.cz.
bobnice.cz,200,10 mx.vshosting.cloud.; 20 mx.vshosting.eu.
bobruvka.cz,405,10 mail.bobruvka.cz.
bocanovice.cz,200,10 fef54bd08d90ab00.mx2.emailprofi.seznam.cz.; 20 fef54bd08d90ab00.mx1.emailprofi.seznam.cz.
bochor.cz,200,10 wes1-mx-backup.wedos.net.; 1 wes1-mx1.wedos.net.; 1 wes1-mx2.wedos.net.
bochovice.cz,SSLHandshakeException: Remote host terminated the handshake,none
bohanka.cz,301,10 mxavas.forpsi.com.
boharyne.cz,301,20 backup.antee.cz.; 10 mail.antee.cz.
bohatemalkovice.cz,302,10 posta.gc-system.cz.
bohatice.cz,200,10 mail.antee.cz.; 20 backup.antee.cz.
bohdalice.cz,302,10 posta.gc-system.cz.
bohdalin.cz,302,none
bohdalov.cz,404,10 mail.gransy.com.
bohdasin.cz,301,20 backup.antee.cz.; 10 mail.antee.cz.
bohostice.cz,302,10 posta.gc-system.cz.
bohumilice.cz,302,10 posta.gc-system.cz.
bohumin.cz,301,10 mail.mubo.cz.
bohunice.brno.cz,200,10 bohunice-brno-cz.mail.protection.outlook.com.
bohunov.cz,301,10 mailin1.bohunov.cz.; 100 mailin2.bohunov.cz.
bohunovice.cz,405,0 bohunovice-cz.mail.protection.outlook.com.
bohunovice.net,200,none
bohuslavice-ji.cz,200,20 mx.vshosting.eu.; 10 mx.vshosting.cloud.
bohuslavice.com,302,none
bohuslavice.cz,301,0 bohuslavice-cz.mail.protection.outlook.com.; 5 p.banan.cz.
bohuslavice.eu,302,10 mail.bohuslavice.eu.
bohuslavicenadvlari.cz,200,10 mx.vshosting.cloud.; 20 mx.vshosting.eu.
bohuslaviceuzlina.cz,302,10 posta.gc-system.cz.
bohuslavky.cz,301,10 mail.antee.cz.; 20 backup.antee.cz.
bohusov.cz,302,1 wes1-mx1.wedos.net.; 1 wes1-mx2.wedos.net.
bohusovice.cz,405,10 mail.bohusovice.cz.
bohutice.cz,200,10 mx.profitux.cz.; 20 backupmx.profitux.cz.
bohutin.cz,302,20 c274a3430ec2ecf5.mx1.emailprofi.seznam.cz.; 10 c274a3430ec2ecf5.mx2.emailprofi.seznam.cz.
bohy.cz,302,10 posta.gc-system.cz.
bojanov.cz,301,10 mail.antee.cz.; 20 backup.antee.cz.
bojanovice.cz,302,10 mail.rmserver.cz.
bojkovice.cz,200,5 ms.bojkovice.cz.
bolatice.cz,302,10 10mx.zoner.com.; 15 15mx.zoner.com.; 1 relay.zoner.com.; 32767 ms19719579.msv1.invalid.
bolebor.cz,302,10 posta.gc-system.cz.
boleradice.cz,302,1 wes1-mx1.wedos.net.; 1 wes1-mx2.wedos.net.
bolesiny.cz,302,10 posta.gc-system.cz.
borac.cz,302,10 posta.gc-system.cz.
boranovice.cz,301,40 backup.antee.cz.; 30 mail.antee.cz.; 0 aspmx.l.google.com.; 10 alt1.aspmx.l.google.com.
bordovice.cz,302,10 posta.gc-system.cz.
borek-ostruzno.cz,405,10 mx.vshosting.cloud.; 20 mx.vshosting.eu.
borenovice.cz,301,10 gw.raab.cz.; 20 gw2.raab.cz.
boretice.cz,302,1 relay.zoner.com.; 15 15mx.zoner.com.; 10 10mx.zoner.com.
boretice.info,405,10 mxavas.forpsi.com.
boretin.cz,HttpTimeoutException: request timed out,0 boretin-cz.mail.protection.outlook.com.
boritov.cz,404,10 wes1-mx-backup.wedos.net.; 1 wes1-mx1.wedos.net.; 1 wes1-mx2.wedos.net.
borkovany.cz,301,15 15mx.zoner.com.; 1 relay.zoner.com.; 10 10mx.zoner.com.
borkovice.cz,200,10 mail.orbiter.cz.
borotice.cz,302,none
borotin.cz,301,10 ign-mx1.webglobe.com.; 10 ign-mx3.webglobe.com.; 10 ign-mx4.webglobe.com.; 10 ign-mx2.webglobe.com.
borova-lada.cz,302,15 15mx.zoner.com.; 1 relay.zoner.com.; 10 10mx.zoner.com.
borova.cz,302,1 wes1-mx2.wedos.net.; 1 wes1-mx1.wedos.net.
borovany-cb.cz,302,1 mail.borovany-cb.cz.
borovaunachoda.cz,301,10 mxavas.forpsi.com.
borovna.cz,301,10 imap.mail.webnode.com.
borovnice.cz,301,20 1037a6816be1c719.mx1.emailprofi.seznam.cz.; 10 1037a6816be1c719.mx2.emailprofi.seznam.cz.
borovnice.info,200,none
borovnicka.eu,HttpConnectTimeoutException: HTTP connect timed out,10 mail.antee.cz.; 20 backup.antee.cz.
borovnik.cz,301,10 antispam.hosting-zdarma.cz.
borovno.cz,200,none
borovy.cz,200,1 wes1-mx2.wedos.net.; 10 wes1-mx-backup.wedos.net.; 1 wes1-mx1.wedos.net.
borsice.cz,302,30 mx.sitkom.cz.; 5 mx.ou.borsice.cz.; 0 borsice-cz.mail.protection.outlook.com.
borsovnvlt.cz,302,10 mx1.active24.com.; 20 mx2.active24.com.
boruskutce.cz,200,none
borusov.cz,301,20 backup.antee.cz.; 10 mail.antee.cz.
bory.cz,301,10 bory-cz.mail.protection.outlook.com.
bosen-obec.cz,200,1 wes1-mx2.wedos.net.; 1 wes1-mx1.wedos.net.; 10 wes1-mx-backup.wedos.net.
bosilec.cz,301,10 mail.antee.cz.; 20 backup.antee.cz.
bosin.cz,200,50 mail.gigaserver.cz.
boskovstejn.cz,200,10 email4.webglobe.cz.; 10 email3.webglobe.cz.; 10 email2.webglobe.cz.; 10 email.webglobe.cz.
bosonohy.cz,301,0 bosonohy-cz.mail.protection.outlook.com.
bousin.cz,302,10 posta.gc-system.cz.
bousov.cz,302,10 posta.gc-system.cz.
bozejov.cz,302,10 posta.gc-system.cz.
bozetice.cz,HttpConnectTimeoutException: HTTP connect timed out,10 mail.milnet.cz.; 20 mail2.milnet.cz.
bozi-dar.cz,200,10 mail.ctsystem.cz.
bozicany.cz,200,10 10mx.zoner.com.; 1 relay.zoner.com.; 15 15mx.zoner.com.
bozice.cz,302,50 mail.gigaserver.cz.
brada-rybnicek.cz,200,10 mail.brada-rybnicek.cz.
bradacov.cz,200,20 mx.vshosting.eu.; 10 mx.vshosting.cloud.
bradlec.cz,301,0 bradlec-cz.mail.protection.outlook.com.; 10 mxavas.forpsi.com.
bradleckalhota.cz,301,10 email4.webglobe.cz.; 10 email3.webglobe.cz.; 10 email2.webglobe.cz.; 10 email.webglobe.cz.
branany.cz,302,10 posta.gc-system.cz.
brandov.cz,302,10 posta.gc-system.cz.
brandysek.cz,302,10 posta.gc-system.cz.
branice.cz,200,20 mx2.active24.com.; 10 mx1.active24.com.
braniskov.cz,302,10 posta.gc-system.cz.
branisov.cz,200,1 branisov-cz.mail.protection.outlook.com.
branisovice.cz,302,10 posta.gc-system.cz.
branka.eu,HttpConnectTimeoutException: HTTP connect timed out,none
brankovice.eu,HttpConnectTimeoutException: HTTP connect timed out,none
branna.eu,HttpConnectTimeoutException: HTTP connect timed out,none
branov.cz,302,20 1daf88ac5b5f7087.mx2.emailprofi.seznam.cz.; 10 1daf88ac5b5f7087.mx1.emailprofi.seznam.cz.
bransouze.cz,405,0 bransouze-cz.mail.protection.outlook.com.
brantice.cz,301,20 backup.antee.cz.; 10 mail.antee.cz.
branzez.cz,302,10 posta.gc-system.cz.
braskov.cz,301,20 alt3.aspmx.l.google.com.; 15 alt2.aspmx.l.google.com.; 10 aspmx.l.google.com.; 15 alt1.aspmx.l.google.com.; 20 alt4.aspmx.l.google.com.
bratcice.cz,302,none
bratkovice.cz,302,10 mxavas.forpsi.com.
bratrice.cz,200,none
bratrikovice.cz,302,10 posta.gc-system.cz.
bratrinov.cz,302,none
bratronice.cz,302,10 posta.gc-system.cz.
bratronicko.net,HttpConnectTimeoutException: HTTP connect timed out,none
bratrusov.cz,302,10 mx.vshosting.cloud.; 20 mx.vshosting.eu.
bravantice.cz,302,0 bravantice-cz.mail.protection.outlook.com.
brazec.cz,302,10 posta.gc-system.cz.
breclav.eu,HttpConnectTimeoutException: HTTP connect timed out,none
brehov.cz,301,10 ign-mx2.webglobe.com.; 10 ign-mx1.webglobe.com.; 10 ign-mx4.webglobe.com.; 10 ign-mx3.webglobe.com.
brestek.cz,200,10 mx1d10.thinline.cz.; 20 mx1b20.thinline.cz.
brezany-obec.cz,302,10 posta.gc-system.cz.
brezany1.cz,301,10 mail.brezany1.cz.; 0 brezany1-cz.mail.protection.outlook.com.
brezanyii.cz,200,50 mail.datonet.cz.
brezejc.cz,301,10 pecari-mail.xart.cz.
brezi-obec.cz,SSLHandshakeException: Remote host terminated the handshake,none
brezi.eu,HttpConnectTimeoutException: HTTP connect timed out,none
brezina-nad-jizerou.cz,200,1 wes1-mx1.wedos.net.; 10 wes1-mx-backup.wedos.net.; 1 wes1-mx2.wedos.net.
brezina-obec.cz,301,10 mx.endoraland.com.; 5 mail.endora.cz.
brezina-tisnovsko.cz,302,none
brezineves.cz,200,1 aspmx.l.google.com.; 5 alt2.aspmx.l.google.com.; 10 alt3.aspmx.l.google.com.; 5 alt1.aspmx.l.google.com.; 10 alt4.aspmx.l.google.com.
brezinky.cz,302,10 posta.gc-system.cz.
breziny.net,HttpConnectTimeoutException: HTTP connect timed out,0 breziny-net.mail.protection.outlook.com.
breziumikulova.cz,302,10 kerio1.netserv.cz.; 0 breziumikulova-cz.mail.protection.outlook.com.; 20 neptun.netserv.cz.
breznice-zlin.cz,302,10 posta.gc-system.cz.
breznice.cz,302,10 posta.gc-system.cz.
brezno.cz,301,10 mail.net-online.cz.
brezolupy.cz,200,1 wes1-mx2.wedos.net.; 1 wes1-mx1.wedos.net.
brezova-be.cz,301,10 mx1.active24.com.; 20 mx2.active24.com.
brezova-olesko.cz,200,none
brezova.cz,302,10 mail.brezova.cz.
brezovaukv.cz,200,10 mxavas.forpsi.com.
brezovauzlina.cz,301,20 backup.antee.cz.; 10 mail.antee.cz.
brezske.cz,200,none
brezuvky.cz,405,10 mx.vshosting.cloud.; 20 mx.vshosting.eu.
bristany.cz,HttpTimeoutException: request timed out,none
brloh.net,HttpConnectTimeoutException: HTTP connect timed out,none
brnany.cz,302,10 posta.gc-system.cz.
brniste.cz,302,0 brniste-cz.mail.protection.outlook.com.
brno-cernovice.cz,200,10 mail.brno-cernovice.cz.
brno-jehnice.cz,405,0 brnojehnice-cz01b.mail.protection.outlook.com.
brno-jih.cz,301,10 brnojih-cz01b.mail.protection.outlook.com.
brno-komin.cz,301,10 mail.origine.cz.
brno-lisen.cz,301,10 mail.brno-lisen.cz.
brno-oresin.cz,302,10 ign-mx1.webglobe.com.; 10 ign-mx3.webglobe.com.; 10 ign-mx2.webglobe.com.; 10 ign-mx4.webglobe.com.
brno-stred.cz,301,10 termice.brno-stred.cz.; 50 brnostred-cz01b.mail.protection.outlook.com.
brno-utechov.cz,200,1 wes1-mx1.wedos.net.; 1 wes1-mx2.wedos.net.
brno.mid.ru,HttpConnectTimeoutException: HTTP connect timed out,none
brodce.cz,200,10 mail.adent.cz.
brodek-u-konice.cz,200,10 ms.obce.cz.
brodek.cz,301,none
brodekuprerova.cz,301,10 mail.antee.cz.; 20 backup.antee.cz.
brodeslavy.cz,302,10 posta.gc-system.cz.
brodnaddyji.cz,302,none
brodnadtichou.cz,302,none
broumov-mesto.cz,301,none
broumy.cz,302,10 posta.gc-system.cz.
brozanynadohri.cz,302,none
brtnice.cz,200,30 mx3.mtaroutes.com.; 40 mx4.mtaroutes.com.; 20 mx2.mtaroutes.com.; 10 mx1.mtaroutes.com.
brtov-jenec.cz,301,none
brumov-bylnice.cz,302,none
brumovice-op.cz,405,none
brumovice.cz,200,none
brusne.cz,301,none
brusperk-mesto.cz,302,0 brusperkmesto-cz02b.mail.protection.outlook.com.
bruzovice.cz,302,none
brvany.cz,302,none
brzanky.cz,302,10 posta.gc-system.cz.
brzice.cz,302,none
brzkov.cz,200,none
bubovice.cz,200,none
buchlov.cz,200,none
buchlovice.cz,302,none
buci.cz,405,10 in0.obce.cz.
bucovice.cz,200,none
budceves.cz,302,10 mail.antee.cz.; 20 backup.antee.cz.
budec.cz,301,10 fe74cd03e2ad1bb8.mx2.emailprofi.seznam.cz.; 20 fe74cd03e2ad1bb8.mx1.emailprofi.seznam.cz.
budimerice.cz,200,none
budiskovice.cz,301,none
budisov.eu,HttpConnectTimeoutException: HTTP connect timed out,none
budisovice.cz,302,none
budkov.cz,SSLHandshakeException: Remote host terminated the handshake,10 mx.internetserver.cz.
budkov.net,HttpConnectTimeoutException: HTTP connect timed out,1 wes1-mx1.wedos.net.; 1 wes1-mx2.wedos.net.
budyne.cz,200,10 mail.budyne.cz.
bujanov.cz,302,none
bukov.cz,301,none
bukova.eu,HttpConnectTimeoutException: HTTP connect timed out,none
bukova.net,HttpConnectTimeoutException: HTTP connect timed out,none
bukovany.cz,200,none
bukovanypb.cz,302,none
bukovec.cz,302,none
bukovice.cz,200,none
bukovina.cz,302,none
bukovinanl.eu,HttpConnectTimeoutException: HTTP connect timed out,none
bukovinauprelouce.cz,200,none
bukovinka.cz,301,none
bukovka.cz,302,10 posta.gc-system.cz.
bukovnik.cz,302,none
bukovno.cz,302,none
bulhary.cz,301,none
burenice.cz,ConnectException,none
busanovice.cz,302,none
busin.cz,302,10 posta.gc-system.cz.
busovice.cz,302,none
butoves.cz,200,none
buzice.cz,200,none
byckovice.cz,302,none
bykos.cz,200,none
bykov-larysov.cz,200,none
bylany.cz,301,20 backup.antee.cz.; 10 mail.antee.cz.
bynovec.cz,302,none
bysice.eu,200,10 mail.bysice.eu.
byskovice.cz,302,none
bysovec.cz,301,none
byst.cz,302,none
bystranadjizerou.cz,302,none
bystrany.eu,SSLHandshakeException: (certificate_unknown) No subject alternative DNS name matching bystrany.eu found.,100 mx20.active24.cz.; 10 mx10.active24.cz.
bystrc.cz,301,none
bystre.cz,200,none
bystrec.cz,301,none
bystrice.cz,302,none
bystricenp.cz,301,none
bystriceph.cz,200,none
bystricepodlopenikem.cz,302,none
bystricka.cz,200,none
bystrovany.cz,301,none
byzhradec.cz,302,10 posta.gc-system.cz.
bzany.cz,302,none
bzenec.cz,301,none
bzova.cz,301,none
cachotin.cz,301,none
cachovice.cz,302,none
cachrov.info,302,none
cakov.cz,301,none
cakova.cz,302,none
cakovicky.cz,200,none
cankovice.cz,301,none
cara.cz,301,10 mxavas.forpsi.com.
caslavice.cz,200,none
castkov.cz,302,none
castkovuh.cz,302,none
castohostice.cz,301,none
castrov.cz,200,none
cavisov.cz,302,none
cd.cz,301,none
cdub.cz,302,none
cdv.cz,301,none
cebiv.cz,302,0 cebiv-cz.mail.protection.outlook.com.
cecelice.cz,302,10 posta.gc-system.cz.
cecelovice.cz,301,none
cechocovice.cz,302,none
cechyobec.cz,301,none
cechypk.cz,302,none
ceckovice.cz,302,30 aspmx3.googlemail.com.; 10 aspmx.l.google.com.; 30 aspmx4.googlemail.com.; 20 alt1.aspmx.l.google.com.; 20 alt2.aspmx.l.google.com.; 30 aspmx2.googlemail.com.; 30 aspmx5.googlemail.com.
cecovice.cz,302,10 posta.gc-system.cz.
cehnice.cz,302,none
cehovice.cz,302,none
cejc.cz,301,none
cejkovice-caslav.cz,200,none
cejkovice-cb.cz,302,none
cejkovice.cz,302,none
cejkoviceuznojma.cz,200,none
cejle.cz,302,none
celadna.cz,200,none
celakovice.cz,301,10 mail.celakovice.cz.; 32767 1198a2ee1e22cf461ce0d875d4b1c735bbba9a2a.msv1.invalid.
celcice.eu,301,none
celechovice-na-hane.cz,302,10 posta.gc-system.cz.
celechovice.cz,301,none
celistna.cz,301,none
celnisprava.cz,301,none
celoznice.cz,302,none
ceminy.cz,302,none
cenkov.cz,301,none
cenkov.obeccr.cz,403,none
ceperka.cz,301,none
cepi.cz,301,none
ceprovice.cz,302,none
ceradice.cz,302,10 posta.gc-system.cz.
cercany.cz,405,none
cerekvice.cz,301,none
cerekvice.eu,301,none
cerekvicka-rosice.eu,301,none
cerhenice.cz,200,none
cerhonice.cz,302,none
cerhovice.cz,301,none
cermna-n-orl.cz,301,none
cermna.cz,200,none
cermnaveslezsku.cz,302,10 posta.gc-system.cz.
cerna-u-bohdance.cz,301,none
cernahora.eu,301,none
cernavposumavi.cz,301,none
cerncice.cz,301,10 mail.origine.cz.
cerncice.eu,302,none
cerneves.cz,302,none
cernevoderady.cz,302,none
cernic.cz,301,none
cernikov.cz,302,none
cernikovice.cz,302,none
cernilov.cz,301,none
cernin-zn.cz,200,none
cerniny.cz,302,none
cerniv.cz,200,none
cernolice.net,301,none
cernosin.cz,302,10 posta.gc-system.cz.
cernotin.cz,302,none
cernoucek.cz,301,none
cernousy.cz,302,none
cernov.cz,200,none
cernovice-ulk.cz,302,none
cernovice.info,SSLHandshakeException: (certificate_unknown) No subject alternative DNS name matching cernovice.info found.,none
cernozice.cz,301,none
cernuc.cz,302,none
cernvir.cz,302,10 posta.gc-system.cz.
cernydul.cz,302,none
cervenahora.cz,302,10 posta.gc-system.cz.
cervenarecice.info,301,none
cervenatremesna.cz,301,none
cervenavoda.cz,301,0 cervenavoda-cz.mail.protection.outlook.com.
cervenejanovice.cz,302,none
cervenepecky.cz,302,none
cerveneporici.cz,302,none
cervenykostelec.cz,302,none
cervenyujezd.com,200,none
ceska-briza.cz,302,none
ceska-kamenice.cz,200,none
ceska-rybna.cz,301,none
ceska-trebova.cz,301,none
ceska.cz,200,10 mx-02.as4u.org.; 5 mx-01.as4u.org.
ceskabela.cz,301,none
ceskacermna.cz,301,none
ceskametuje.cz,302,none
ceskaskalice.cz,302,none
ceske-lhotice.cz,200,none
ceskehermanice.cz,301,50 ceskehermanice--cz.mx.spoje.net.; 100 backup.mx.spoje.net.
ceskelibchavy.cz,200,none
ceskemezirici.cz,200,20 mxbackup.skok.cz.; 10 mx.skok.cz.
cesky-jiretin.cz,302,none
ceskyrudolec.cz,301,none
ceskysternberk.eu,SSLHandshakeException: (certificate_unknown) No subject alternative DNS name matching ceskysternberk.eu found.,none
cesov-libesice.cz,302,none
cestice.cz,302,1 wes1-mx2.wedos.net.; 1 wes1-mx1.wedos.net.
cestin.cz,302,none
cestlice-obec.cz,302,none
cetechovice.cz,301,none
cetenov.cz,302,none
cetkovice.cz,302,10 posta.gc-system.cz.
cetyne.cz,302,none
chabarovice.cz,302,none
chaberice.cz,302,none
chanovice.cz,302,none
charovice.cz,301,10 mail.antee.cz.; 20 backup.antee.cz.
charvatce.e-obec.cz,301,none
charvaty.cz,302,none
chbany.cz,301,none
cheb.cz,200,none
chelcice.cz,302,none
cheznovice.eu,301,none
chinaembassy.cz,ConnectException,none
chlebicov.cz,302,10 posta.gc-system.cz.
chleby.cz,200,none
chleny.cz,200,none
chlistov.cz,302,10 10mx.zoner.com.; 1 relay.zoner.com.; 15 15mx.zoner.com.
chlistov.info,200,none
chlistov.org,302,none
chlum-blatna.cz,301,none
chlum-korouhvice.cz,302,none
chlum-ut.cz,405,none
chlumany.cz,302,none
chlumcanyavlci.cz,302,none
chlumecnc.cz,301,none
chlumek.cz,301,none
chlumetin.cz,200,none
chlumin.cz,302,10 posta.gc-system.cz.
chlumnadberounkou.cz,302,none
chlumsvatemari.cz,200,none
chlumuvlasimi.cz,302,none
chlumy.cz,302,10 posta.gc-system.cz.
chlustina.info,302,none
chmelna.info,302,none
chocen.cz,301,10 chocen-cz.mail.protection.outlook.com.
chocenice.cz,302,none
chocerady.cz,302,0 chocerady-cz.mail.protection.outlook.com.
chocomysl.cz,301,none
chodoun.cz,302,none
chodovaplana.cz,302,none
chodovlice.cz,200,none
chodovudomazlic.cz,302,none
chodskalhota.cz,301,none
chodskyujezd.cz,302,none
cholenice.cz,302,none
choltice.cz,302,10 posta.gc-system.cz.
chomle.cz,SSLHandshakeException: Remote host terminated the handshake,none
chomutov.cz,301,none
chomyz.cz,302,none
chopos.cz,200,30 galmufvirt.svetit.cz.; 22 sirmufvirt.svetit.cz.; 10 exmail.svetit.cz.
chorusice.cz,302,none
chotanky.cz,302,none
chotebor.cz,405,none
chotebudice.cz,SSLHandshakeException: Remote host terminated the handshake,none
chotebuz.cz,301,10 mail.antee.cz.; 20 backup.antee.cz.
chotec.cz,302,0 chotec-cz.mail.protection.outlook.com.
chotecpz.cz,200,none
chotemice.cz,301,none
chotenov.cz,200,none
chotesice.cz,302,none
chotetov.cz,200,10 mx1.web4ce.cz.; 10 mx2.web4ce.cz.; 1000 mx3.web4ce.cz.
chotevice.cz,301,none
chotikov.eu,302,none
chotilsko.cz,200,10 mta.vshosting.cloud.; 20 mta.vshosting.eu.
chotimer.cz,302,none
chotineves.cz,SSLHandshakeException: (certificate_unknown) No subject alternative DNS name matching chotineves.cz found.,none
chotovice.info,200,10 wes1-mx-backup.wedos.net.; 1 wes1-mx1.wedos.net.; 1 wes1-mx2.wedos.net.
chotoviny.cz,301,none
chotusice.cz,200,0 chotusice-cz.mail.protection.outlook.com.
chotutice.cz,302,none
chotycany.cz,405,none
chotyne.cz,302,10 mxavas.forpsi.com.
chotysany.cz,302,none
choustnikovohradiste.cz,301,none
chozov.cz,HttpConnectTimeoutException: HTTP connect timed out,10 posta.gc-system.cz.
chrast.net,302,none
chrastany.cz,HttpConnectTimeoutException: HTTP connect timed out,none
chrastany.eu,301,10 in.smtp.cz.; 20 mx.smtp.cz.
chrastanyuprahy.eu,301,10 mta.vshosting.cloud.; 20 mta.vshosting.eu.
chrastanyurakovnika.cz,HttpConnectTimeoutException: HTTP connect timed out,10 posta.gc-system.cz.
chrastava.eu,302,none
chrastavice.cz,302,none
chrastovice.cz,HttpConnectTimeoutException: HTTP connect timed out,none
chrenovice.cz,HttpConnectTimeoutException: HTTP connect timed out,none
chric.cz,302,none
chrlice.brno.cz,ConnectException,none
chroboly.cz,HttpConnectTimeoutException: HTTP connect timed out,none
chromec.zabrezsko.cz,HttpConnectTimeoutException: HTTP connect timed out,none
chroustov.cz,HttpConnectTimeoutException: HTTP connect timed out,none
chrtnic.cz,HttpConnectTimeoutException: HTTP connect timed out,none
chrtniky.cz,HttpConnectTimeoutException: HTTP connect timed out,none
chrudichromy.cz,HttpConnectTimeoutException: HTTP connect timed out,20 backup.antee.cz.; 10 mail.antee.cz.
chrudim.eu,301,none
chrustenice.cz,HttpConnectTimeoutException: HTTP connect timed out,none
chrzin.cz,HttpConnectTimeoutException: HTTP connect timed out,none
chuchelna.com,302,none
chuchelna.cz,HttpConnectTimeoutException: HTTP connect timed out,none
chudcice.cz,HttpConnectTimeoutException: HTTP connect timed out,0 mail5.onebit.cz.; 10 mx5.onebit.eu.
chudenice.info,405,none
chudenin.cz,HttpConnectTimeoutException: HTTP connect timed out,none
chuderice.cz,301,none
chuderov.cz,HttpConnectTimeoutException: HTTP connect timed out,none
chudir.e-obec.cz,HttpConnectTimeoutException: HTTP connect timed out,none
chudoslavice.cz,HttpConnectTimeoutException: HTTP connect timed out,none
chvalec.cz,HttpConnectTimeoutException: HTTP connect timed out,none
chvalenice.cz,302,none
chvaletice.cz,200,none
chvalikovice.cz,302,none
chvalkovice.cz,HttpConnectTimeoutException: HTTP connect timed out,10 posta.gc-system.cz.
chvalkovice.eu,405,none
chvalnovlisky.cz,HttpConnectTimeoutException: HTTP connect timed out,none
chvalovice.cz,302,none
chvaloviceunetolic.cz,HttpConnectTimeoutException: HTTP connect timed out,none
chvalsiny.cz,HttpConnectTimeoutException: HTTP connect timed out,none
chvateruby.cz,HttpConnectTimeoutException: HTTP connect timed out,none
chvojenec.cz,301,none
chyjice.cz,301,20 backup.antee.cz.; 10 mail.antee.cz.
chynava.cz,302,none
chyne.cz,302,none
chynice.cz,SSLHandshakeException: Remote host terminated the handshake,none
chynov.cz,301,15 15mx.zoner.com.; 1 relay.zoner.com.; 10 10mx.zoner.com.
chysky.cz,302,none
chysna.cz,405,none
chyst.cz,HttpConnectTimeoutException: HTTP connect timed out,none
chystovice.cz,HttpConnectTimeoutException: HTTP connect timed out,none
cicenice.cz,302,none
cichalov.cz,302,none
cichov.cz,HttpConnectTimeoutException: HTTP connect timed out,none
cicovice.cz,HttpConnectTimeoutException: HTTP connect timed out,10 posta.gc-system.cz.
cihalin.cz,HttpConnectTimeoutException: HTTP connect timed out,none
cihan.cz,302,none
cihost.cz,200,none
cikhaj.cz,200,none
cikov.eu,301,none
cilec.cz,200,none
cim-obec.cz,301,none
cimelice.cz,302,none
cimer.cz,200,none
cimice.eu,302,none
cineves.cz,301,none
cirkvice.cz,301,none
cisarov.cz,301,none
cisok.cz,301,none
cisovice.cz,405,none
cista-obec.cz,302,none
cista.info,200,0 mx10.onebit.cz.; 10 mx10.onebit.eu.
cistauhorek.cz,301,none
cisteves.cz,301,none
citice.cz,301,none
citov.cz,302,10 posta.gc-system.cz.
cizkov.eu,200,none
cizkovice.cz,302,20 82108bbe589784ff.mx1.emailprofi.seznam.cz.; 10 82108bbe589784ff.mx2.emailprofi.seznam.cz.
cizkrajice.cz,301,none
cizkrajov.cz,405,none
cizova.cz,301,none
ck-obchodnikomora.cz,HttpTimeoutException: request timed out,none
ckrumlov.cz,301,none
ckyne.cz,301,none
clunek.cz,HttpConnectTimeoutException: HTTP connect timed out,none
cmeliny-viska.cz,HttpConnectTimeoutException: HTTP connect timed out,none
cnb.cz,HttpConnectTimeoutException: HTTP connect timed out,none
congregatio-jesu.tode.cz,200,10 mail.endora.cz.
cotkytle.cz,HttpConnectTimeoutException: HTTP connect timed out,none
csicr.cz,301,none
ctetin.cz,200,none
ctidruzice.cz,HttpConnectTimeoutException: HTTP connect timed out,none
ctimerice.e-obec.cz,200,none
ctverin-doubi.cz,HttpConnectTimeoutException: HTTP connect timed out,10 wes1-mx-backup.wedos.net.; 1 wes1-mx2.wedos.net.; 1 wes1-mx1.wedos.net.
ctyrkoly.cz,302,none
cucice.cz,302,none
cuzk.cz,301,none
cves.cz,HttpConnectTimeoutException: HTTP connect timed out,10 cves-cz.mail.protection.outlook.com.
cvikov.cz,200,none
cvrcovice.cz,200,none
cvrcovice.eu,302,none
cz.ambafrance.org,301,none
cz.mfa.lt,403,none
cz.mvep.hr,ConnectException,none
czech.mid.ru,HttpConnectTimeoutException: HTTP connect timed out,none
czechia.representation.ec.europa.eu,HttpConnectTimeoutException: HTTP connect timed out,none
czechspace.cz,200,100 mx20.active24.cz.; 10 mx10.active24.cz.
czechtrade.cz,301,none
dacice.cz,302,none
dalecin.cz,301,none
dalekedusniky.cz,302,none
damborice.cz,301,none
damnikov.cz,301,none
daniz.cz,302,none
dankovice.cz,200,10 depro14.fcomet.com.
darkovice.cz,302,10 posta.gc-system.cz.
dasice.cz,405,none
dasnice.eu,301,10 mailin1.dasnice.eu.; 100 mailin2.dasnice.eu.
dasny.cz,301,none
dchabry.cz,301,0 dchabry-cz.mail.protection.outlook.com.
ddomaslavice.cz,302,none
deblin.cz,302,none
decany.cz,302,none
dedice.cz,301,none
dehylov.cz,302,none
dekanovice.cz,200,none
desna.cz,301,20 backup.antee.cz.; 10 mail.antee.cz.
desnauzlina.cz,200,none
desov.cz,ConnectException,none
destna.cz,302,5 mail.destna.cz.; 0 destna-cz.mail.protection.outlook.com.
destnice.cz,301,20 backup.antee.cz.; 10 mail.antee.cz.
detkoviceupv.cz,302,none
detmarovice.cz,302,none
detrichov-obec.cz,302,none
detrichovumt.cz,301,none
dilce.e-obec.info,HttpTimeoutException: request timed out,none
divaky.cz,301,none
divcice.cz,302,none
divcihrad.cz,200,10 alt3.l.google.com.; 10 alt4.l.google.com.; 5 alt1.aspmx.l.google.com.; 1 aspmx.l.google.com.; 5 alt2.aspmx.l.google.com.
divcikopy.cz,200,none
divec.cz,301,none
divisov.cz,301,none
dlazkovice.cz,301,none
dlazov.cz,302,none
dlhota.cz,200,none
dlouha-lhota.cz,301,none
dlouhabrtnice.cz,301,none
dlouhalhota.cz,401,none
dlouhaloucka.cz,302,none
dlouhastran.cz,301,none
dlouhatrebova.cz,200,none
dlouhaves.cz,HttpConnectTimeoutException: HTTP connect timed out,20 mta.vshosting.eu.; 10 mta.vshosting.cloud.
dlouhomilov.cz,HttpConnectTimeoutException: HTTP connect timed out,none
dlouhonovice.cz,HttpConnectTimeoutException: HTTP connect timed out,none
dlouhopolsko.cz,HttpConnectTimeoutException: HTTP connect timed out,none
dlouhy-most.cz,HttpConnectTimeoutException: HTTP connect timed out,none
dlouhyujezd.cz,HttpConnectTimeoutException: HTTP connect timed out,none
dnesice.cz,HttpConnectTimeoutException: HTTP connect timed out,10 posta.gc-system.cz.
dobelice.cz,HttpConnectTimeoutException: HTTP connect timed out,none
dobkovice.cz,HttpConnectTimeoutException: HTTP connect timed out,none
dobra.cz,HttpConnectTimeoutException: HTTP connect timed out,none
dobrany.cz,HttpConnectTimeoutException: HTTP connect timed out,none
dobratice.cz,HttpConnectTimeoutException: HTTP connect timed out,100 mx20.active24.cz.; 10 mx10.active24.cz.
dobravodaucb.cz,HttpTimeoutException: request timed out,none
dobravodauhoric.cz,HttpConnectTimeoutException: HTTP connect timed out,none
dobrcice.cz,301,20 backup.antee.cz.; 10 mail.antee.cz.
dobrejovice.cz,302,none
dobrenice.cz,200,none
dobrepole.cz,302,none
dobric-pz.cz,405,none
dobric.cz,302,none
dobrichov.cz,301,10 mxavas.forpsi.com.
dobrichovice.cz,302,0 dobrichovice-cz.mail.protection.outlook.com.
dobrikov.cz,301,none
dobrin.cz,302,none
dobrinsko.eu,302,none
dobriv.rokycansko.cz,HttpConnectTimeoutException: HTTP connect timed out,none
dobrkovice.cz,301,none
dobrochov.cz,HttpTimeoutException: request timed out,none
dobrockovice.eu,200,none
dobrocovice.cz,200,none
dobromerice.cz,302,none
dobromilice.cz,HttpConnectTimeoutException: HTTP connect timed out,none
dobronice.cz,301,none
dobronin.cz,200,none
dobroutov.cz,200,none
dobrovice.cz,200,0 dobrovice-cz.mail.protection.outlook.com.
dobrovitov.cz,302,10 posta.gc-system.cz.
dobroviz.cz,200,none
dobrsin.cz,SSLHandshakeException: (certificate_unknown) PKIX path building failed: sun.security.provider.certpath.SunCertPathBuilderException: unable to find valid certification path to requested target,none
dobsice.cz,302,none
dobsin.cz,200,none
dohalice.cz,301,10 email.webglobe.cz.; 10 email2.webglobe.cz.; 10 email3.webglobe.cz.; 10 email4.webglobe.cz.
dolankyno.cz,302,none
dolany-kladno.cz,302,none
dolany-na.cz,200,none
dolany-ol.cz,405,none
dolany-ps.cz,302,10 posta.gc-system.cz.
dolany.cz,HttpTimeoutException: request timed out,none
dolni-bousov.cz,200,none
dolni-cermna.cz,HttpConnectTimeoutException: HTTP connect timed out,none
dolni-dunajovice.cz,HttpConnectTimeoutException: HTTP connect timed out,none
dolni-habartice.cz,301,none
dolni-hbity.cz,HttpConnectTimeoutException: HTTP connect timed out,10 posta.gc-system.cz.
dolni-kralovice.cz,HttpConnectTimeoutException: HTTP connect timed out,20 cc37090caca4ff91.mx1.emailprofi.seznam.cz.; 10 cc37090caca4ff91.mx2.emailprofi.seznam.cz.
dolni-krupa.cz,HttpConnectTimeoutException: HTTP connect timed out,none
dolni-lhota.cz,HttpConnectTimeoutException: HTTP connect timed out,none
dolni-lukavice.cz,HttpConnectTimeoutException: HTTP connect timed out,none
dolni-nemci.cz,HttpConnectTimeoutException: HTTP connect timed out,none
dolni-novosedly.cz,HttpConnectTimeoutException: HTTP connect timed out,none
dolni-prim.cz,HttpConnectTimeoutException: HTTP connect timed out,none
dolni-rasnice.cz,HttpConnectTimeoutException: HTTP connect timed out,none
dolni-rozinka.cz,301,none
dolni-strela.cz,302,none
dolni-ujezd.cz,HttpConnectTimeoutException: HTTP connect timed out,none
dolni-zalezly.cz,HttpConnectTimeoutException: HTTP connect timed out,none
dolnibecva.cz,200,none
dolnibela.cz,302,none
dolnibenesov.cz,301,none
dolniberkovice.cz,301,none
dolnibezdekov.cz,200,none
dolnibojanovice.cz,200,none
dolnibranna.cz,200,10 mx10.active24.cz.; 100 mx20.active24.cz.
dolnibrezany.cz,405,0 dolnibrezany-cz.mail.protection.outlook.com.
dolnibrusnice.cz,302,none
dolnibukovsko.cz,301,none
dolnicerekev.cz,200,none
dolnichvatliny.cz,301,none
dolnidobrouc.cz,301,none
dolnidubnany.cz,200,none
dolnidvoriste.cz,405,none
dolnidvur.cz,SSLHandshakeException: Remote host terminated the handshake,none
dolnihermanice.cz,200,0 dolnihermanice-cz.mail.protection.outlook.com.
dolnihorice.cz,301,none
dolnihradiste.cz,302,none
dolnikalna.cz,405,none
dolnikounice.cz,200,none
dolnikrupa.cz,200,none
dolnilanov.cz,302,none
dolnilazany.cz,200,none
dolnilhota.cz,302,none
dolnilibochova.cz,SSLHandshakeException: Remote host terminated the handshake,none
dolnilochov.cz,301,10 mail.antee.cz.; 20 backup.antee.cz.
dolnilomna.eu,302,none
dolniloucky.cz,302,10 posta.gc-system.cz.
dolnilutyne.org,301,none
dolnimesto.cz,301,none
dolninetcice.cz,301,none
dolninivy.cz,301,none
dolniolesnice.cz,301,none
dolnipena.cz,302,none
dolnipodluzi.cz,302,none
dolnipohled.cz,302,none
dolnipoustevna.cz,HttpConnectTimeoutException: HTTP connect timed out,none
dolniradechova.cz,HttpConnectTimeoutException: HTTP connect timed out,none
dolniredice.cz,302,none
dolniroven.cz,HttpConnectTimeoutException: HTTP connect timed out,none
dolnirychnov.cz,HttpConnectTimeoutException: HTTP connect timed out,none
dolnislivno.cz,HttpConnectTimeoutException: HTTP connect timed out,none
dolnisokolovec.cz,HttpConnectTimeoutException: HTTP connect timed out,none
dolnistakory.cz,HttpConnectTimeoutException: HTTP connect timed out,5 p.banan.cz.; 10 backup.p.banan.cz.
dolnistudenky.cz,HttpConnectTimeoutException: HTTP connect timed out,none
dolnitesice.cz,HttpConnectTimeoutException: HTTP connect timed out,none
dolnitosanovice.cz,301,none
dolnitrebonin.cz,HttpConnectTimeoutException: HTTP connect timed out,none
dolniujezd.cz,HttpConnectTimeoutException: HTTP connect timed out,none
dolnivilimec.cz,HttpConnectTimeoutException: HTTP connect timed out,20 mxbackup.skok.cz.; 10 mx.skok.cz.
dolnizandov.cz,302,10 posta.gc-system.cz.
dolnizdar.cz,HttpConnectTimeoutException: HTTP connect timed out,10 mail.origine.cz.
dolnizimor.cz,200,none
dolnizivotice.cz,302,none
doloplazy.cz,200,0 doloplazy-cz.mail.protection.outlook.com.
domamil.eu,HttpConnectTimeoutException: HTTP connect timed out,none
domanin.eu,HttpConnectTimeoutException: HTTP connect timed out,none
domanovice.kolinsko.info,HttpConnectTimeoutException: HTTP connect timed out,none
domasov.eu,HttpConnectTimeoutException: HTTP connect timed out,none
domasovnadbystrici.cz,301,none
domasovusternberka.cz,301,none
domazelice.cz,301,20 backup.antee.cz.; 10 mail.antee.cz.
domazlice.eu,HttpConnectTimeoutException: HTTP connect timed out,10 10mx.zoner.com.; 1 relay.zoner.com.; 15 15mx.zoner.com.
domoraz.cz,302,none
domousice.cz,302,10 posta.gc-system.cz.
domousnice.cz,200,none
donov.cz,301,12 mail2.ignum.cz.; 11 email.aspweb.cz.
dopravauk.cz,HttpConnectTimeoutException: HTTP connect timed out,none
doubice.cz,200,none
doubrava.cz,HttpConnectTimeoutException: HTTP connect timed out,none
doubravcice.cz,301,10 mx1.web4ce.cz.; 10 mx2.web4ce.cz.
doubravice.cz,301,none
doubravice.eu,HttpConnectTimeoutException: HTTP connect timed out,none
doubravicens.cz,301,none
doubravickaobec.cz,200,0 doubravickaobec-cz.mail.protection.outlook.com.
doubravnik.cz,200,none
doubravy.eu,HttpConnectTimeoutException: HTTP connect timed out,none
doudleby.com,HttpConnectTimeoutException: HTTP connect timed out,none
doudleby.cz,301,none
doupovky.cz,302,none
doupovskehradiste.cz,302,none
drachov.cz,302,none
drahany.com,302,none
drahelcice-obec.cz,200,none
drahlin.cz,302,none
drahnovice.cz,SSLHandshakeException: (certificate_unknown) No subject alternative DNS name matching drahnovice.cz found.,none
drahobuz.cz,302,none
drahonice.cz,302,none
drahonin.cz,200,none
drahonuv-ujezd.cz,302,none
drahotesice.cz,301,none
drahotin.cz,302,10 mail.drahotin.cz.; 20 sns.nethost.sk.
drahous.cz,302,none
drasov.cz,301,20 ae9cfa87b22fc847.mx1.emailprofi.seznam.cz.; 10 ae9cfa87b22fc847.mx2.emailprofi.seznam.cz.
drasov.eu,302,none
drazen.cz,302,none
drazenov.cz,302,none
drazic.cz,200,none
drazicky.cz,200,10 mx.skok.cz.; 20 mxbackup.skok.cz.
drazovice.cz,200,none
drazoviceususice.cz,302,none
drazuvky.cz,200,none
drenice.cz,301,20 backup.antee.cz.; 10 mail.antee.cz.
dresin.cz,302,none
drevcice.cz,302,none
drevenice.org,HttpConnectTimeoutException: HTTP connect timed out,none
drevniky.eu,405,none
drevnovice.cz,301,none
drevohostice.cz,302,none
drhovle.cz,200,none
drhovy.cz,HttpConnectTimeoutException: HTTP connect timed out,none
drinov-melnicko.net,200,none
drinov.cz,HttpConnectTimeoutException: HTTP connect timed out,none
drisy.cz,HttpConnectTimeoutException: HTTP connect timed out,none
dritec.cz,HttpConnectTimeoutException: HTTP connect timed out,10 mx1.fortion.net.; 5 mx0.fortion.net.; 20 mx2.fortion.net.
drmoul.cz,HttpConnectTimeoutException: HTTP connect timed out,none
drnholec.eu,302,none
drnovice.cz,HttpConnectTimeoutException: HTTP connect timed out,none
drobovice.cz,HttpConnectTimeoutException: HTTP connect timed out,none
drouzetice.cz,HttpConnectTimeoutException: HTTP connect timed out,none
drouzkovice.cz,HttpConnectTimeoutException: HTTP connect timed out,none
drozdov.zabrezsko.cz,HttpConnectTimeoutException: HTTP connect timed out,none
drslavice.cz,301,none
druhanov.cz,302,none
drunce.cz,302,none
druztova.c-r.cz,SSLHandshakeException: (certificate_expired) PKIX path validation failed: java.security.cert.CertPathValidatorException: validity check failed,none
drzkov.cz,302,10 posta.gc-system.cz.
drzkova.cz,302,10 posta.gc-system.cz.
drzovice.cz,302,none
dso-silnice-2-260.cz,SSLHandshakeException: Remote host terminated the handshake,none
dso-terra-prosperita.webnode.cz,HttpConnectTimeoutException: HTTP connect timed out,none
dszo.cz,HttpConnectTimeoutException: HTTP connect timed out,none
dubany.cz,200,none
dubcany.cz,302,none
dubenec.cz,301,none
dubicko.cz,302,none
dubicne.cz,301,none
dublovice.cz,302,none
dubnadmoravou.cz,302,none
dubnany.eu,405,none
dubne.cz,301,none
dubovice.cz,SSLHandshakeException: (certificate_unknown) No subject alternative DNS name matching dubovice.cz found.,none
dubuprachatic.cz,302,20 d06f073923e251c0.mx1.emailprofi.seznam.cz.; 10 d06f073923e251c0.mx2.emailprofi.seznam.cz.
duchcov.cz,SSLHandshakeException: Remote host terminated the handshake,0 duchcov-cz.mail.protection.outlook.com.
dudin.cz,200,none
dunice.cz,301,none
dusejovsko.cz,301,none
dusniky.cz,302,none
dvakacovice.cz,301,none
dvory-veleliby.cz,SSLHandshakeException: (certificate_expired) PKIX path validation failed: java.security.cert.CertPathValidatorException: validity check failed,50 personalmail.licanet.cz.
dyjakovice.cz,301,0 mx10.onebit.cz.; 10 mx10.onebit.eu.
dyjice.cz,301,none
dymokury.cz,302,none
dzbanov.cz,301,none
dzs.cz,301,0 dzs-cz.mail.protection.outlook.com.
eagri.cz,302,5 smtp-mze.gov.cz.
ejpovice.cz,302,none
en.kraj-lbc.cz,500,none
en.svscr.cz,HttpConnectTimeoutException: HTTP connect timed out,none
endo.cz,HttpConnectTimeoutException: HTTP connect timed out,none
felbabka.eu,301,none
financnisprava.cz,301,none
finlandabroad.fi,301,none
foodnet.cz,301,0 foodnet-cz.mail.protection.outlook.com.
frahelz.cz,HttpConnectTimeoutException: HTTP connect timed out,none
francovalhota.cz,200,none
frantiskovnadploucnici.cz,HttpConnectTimeoutException: HTTP connect timed out,none
frycovice.cz,HttpConnectTimeoutException: HTTP connect timed out,none
frymburk.info,302,none
frysava.cz,HttpConnectTimeoutException: HTTP connect timed out,10 smtp2.logout.cz.
frystak.cz,302,none
fulnek.cz,HttpConnectTimeoutException: HTTP connect timed out,none
gacr.cz,HttpConnectTimeoutException: HTTP connect timed out,none
golcuv-jenikov.cz,302,none
greslovemyto.cz,HttpConnectTimeoutException: HTTP connect timed out,none
gruna.eu,200,none
grunta.cz,302,10 posta.gc-system.cz.
grygov.cz,302,none
grymov.cz,HttpConnectTimeoutException: HTTP connect timed out,20 backup.antee.cz.; 10 mail.antee.cz.
habri.cz,301,1 wes1-mx1.wedos.net.; 1 wes1-mx2.wedos.net.
habrina.cz,301,none
habrovany.cz,HttpConnectTimeoutException: HTTP connect timed out,10 posta.gc-system.cz.
habruvka.cz,405,none
habry.cz,301,none
hacky.cz,301,none
hadravovarosicka.cz,HttpConnectTimeoutException: HTTP connect timed out,none
hajany.cz,HttpConnectTimeoutException: HTTP connect timed out,none
haje-obec.cz,405,none
hajenadjizerou.cz,302,none
hajnice.cz,301,none
hajveslezsku.cz,HttpConnectTimeoutException: HTTP connect timed out,none
halamky.info,301,none
halenkov.cz,302,none
halenkovice.cz,HttpConnectTimeoutException: HTTP connect timed out,none
halze.cz,HttpConnectTimeoutException: HTTP connect timed out,none
hamry.cz,HttpConnectTimeoutException: HTTP connect timed out,0 kerio.myska.cloud.
hamryns.cz,200,none
hanovice.cz,302,none
hanusovice.info,302,none
harrachov.cz,302,none
hartmanice.net,200,none
hartvikovice.cz,301,none
hasici-holesov.cz,302,10 10mx.zoner.com.; 1 relay.zoner.com.; 15 15mx.zoner.com.
hasici-olesna.webnode.cz,200,none
hasici.pribor-mesto.cz,SSLHandshakeException: (certificate_unknown) No subject alternative DNS name matching hasici.pribor-mesto.cz found.,none
hasicihejnice.cz,500,none
hasicihranice.kvalitne.cz,200,none
hasicikunratice.cz,301,none
hasicizaluzany.com,200,none
haskovcovalhota.cz,301,none
hatin.cz,301,20 backup.antee.cz.; 10 mail.antee.cz.
havlickovaborova.cz,302,none
havlovice.cz,301,none
havraniky.cz,302,none
hbenesov.cz,200,none
hbranna.cz,302,none
hedvicky.cz,301,1 wes1-mx1.wedos.net.; 1 wes1-mx2.wedos.net.
hejtmankovice.cz,301,none
helvikovice.cz,302,none
heralec.cz,301,10 pmg.atin.cz.
heraltice.cz,301,none
hermanec.cz,200,10 antispam.hosting90.cz.
hermanice.com,302,none
hermaniceuoder.cz,302,none
hermanicky.cz,200,none
hermankovice.cz,301,none
hermanov.cz,301,none
hermanov.info,302,none
hermanovahut.cz,301,none
hermanovice.cz,HttpConnectTimeoutException: HTTP connect timed out,none
hermanuv-mestec.cz,HttpConnectTimeoutException: HTTP connect timed out,none
herspice.cz,302,0 herspice-cz.mail.protection.outlook.com.
hevlin.cz,HttpConnectTimeoutException: HTTP connect timed out,10 mta.vshosting.cloud.; 20 mta.vshosting.eu.
hladkezivotice.cz,301,none
hladov.cz,301,none
hlasivo.cz,200,none
hlasnatreban.cz,301,none
hlavatce.cz,302,none
hlavecnik.cz,302,none
hlavenec.cz,HttpConnectTimeoutException: HTTP connect timed out,none
hlavnovice.cz,302,15 15mx.zoner.com.; 10 10mx.zoner.com.; 1 relay.zoner.com.
hlince.cz,HttpConnectTimeoutException: HTTP connect timed out,none
hlincovahora.cz,HttpConnectTimeoutException: HTTP connect timed out,none
hlinna.cz,HttpConnectTimeoutException: HTTP connect timed out,none
hlinsko.cz,HttpConnectTimeoutException: HTTP connect timed out,none
hlohova.cz,HttpConnectTimeoutException: HTTP connect timed out,none
hlohovcice.cz,HttpConnectTimeoutException: HTTP connect timed out,none
hlohovec.cz,301,none
hlohovice.cz,302,none
hlubocany.cz,200,none
hlubocec.cz,302,none
hlubocky.cz,HttpConnectTimeoutException: HTTP connect timed out,none
hluboka.cz,301,none
hluboke.cz,200,none
hlubokedvory.cz,301,none
hlubokemasuvky.cz,301,0 hlubokemasuvky-cz.mail.protection.outlook.com.
hlubos.eu,ConnectException,10 fmail.pcchosting.cz.
hlubyne.cz,302,none
hluchov.cz,301,none
hlucin.cz,ConnectException,none
hlupin.cz,HttpConnectTimeoutException: HTTP connect timed out,none
hlusice.com,302,10 posta.gc-system.cz.
hnacov.cz,302,none
hnatnice.cz,200,none
hnevceves.cz,200,20 mx.aerohosting.cz.; 50 mx2.aerohosting.cz.
hnevkovice.cz,200,none
hnevnice.cz,301,none
hnevosice.cz,302,none
hnevotin.cz,200,none
hnojice.cz,301,none
hnojnik.cz,301,10 mail.hnojnik.cz.
hobsovice.cz,302,none
hodejice.cz,302,none
hodice.cz,301,none
hodiskov.cz,200,none
hodkovicenm.cz,301,none
hodonice.cz,302,none
hodonin.eu,200,10 mail.hodonin.eu.
hodoninukunstatu.cz,SSLHandshakeException: Remote host terminated the handshake,none
hodov.cz,301,none
hodslavice.cz,301,none
hojanovice.cz,200,1 wes1-mx1.wedos.net.; 1 wes1-mx2.wedos.net.
holany.cz,302,none
holasice.cz,302,none
holedec.cz,302,none
holenice.cz,200,10 mailcow.netair.cz.
holesov.cz,301,5 mestoholesov.onice.io.
holicko.cz,301,none
holin.cz,200,none
holohlavy.cz,302,10 posta.gc-system.cz.
holovousy.cz,301,none
holstejn.eu,200,none
holubicekozinec.cz,302,none
holubiceou.cz,302,none
holubov.cz,HttpConnectTimeoutException: HTTP connect timed out,20 mx2.active24.com.; 10 mx1.active24.com.
homole.cz,HttpConnectTimeoutException: HTTP connect timed out,none
homoleupanny.cz,HttpConnectTimeoutException: HTTP connect timed out,10 posta.gc-system.cz.
honbice.cz,301,none
honezovice.cz,HttpConnectTimeoutException: HTTP connect timed out,none
horacko.cz,302,none
horany.cz,302,none
horasvatehovaclava.cz,HttpConnectTimeoutException: HTTP connect timed out,none
horasvatekateriny.cz,HttpConnectTimeoutException: HTTP connect timed out,0 horasvatekateriny-cz.mail.protection.outlook.com.
horatev.cz,302,none
horcapsko.cz,HttpConnectTimeoutException: HTTP connect timed out,none
horenice.cz,302,none
horepnik.cz,301,none
horesovice.cz,301,none
horesovicky.cz,HttpConnectTimeoutException: HTTP connect timed out,none
horice.org,200,none
horicenasumave.cz,302,none
horicky.cz,301,10 10mx.zoner.com.; 15 15mx.zoner.com.; 1 relay.zoner.com.
horineves.cz,SSLHandshakeException: (certificate_unknown) No subject alternative DNS name matching horineves.cz found.,none
horka.cz,301,none
horka.info,ConnectException,none
horka1.cz,302,none
horkaustarepaky.cz,301,none
horkynj.cz,HttpConnectTimeoutException: HTTP connect timed out,none
horkyucaslavi.cz,302,none
horkyulitomysle.cz,200,10 wes1-mx-backup.wedos.net.; 1 wes1-mx2.wedos.net.; 1 wes1-mx1.wedos.net.
horni-bezdekov.cz,HttpConnectTimeoutException: HTTP connect timed out,none
horni-blatna.cz,HttpConnectTimeoutException: HTTP connect timed out,none
horni-bludovice.cz,HttpConnectTimeoutException: HTTP connect timed out,none
horni-lhota.cz,HttpConnectTimeoutException: HTTP connect timed out,20 mx.vshosting.eu.; 10 mx.vshosting.cloud.
horni-lukavice.cz,302,none
horni-stropnice.cz,200,none
horni-ujezd.com,200,none
horni-ujezd.cz,302,none
horni-vestonice.cz,302,none
hornibecva.cz,200,none
hornibela.cz,302,10 posta.hornibela.cz.
hornibojanovice.cz,301,0 hornibojanovice-cz.mail.protection.outlook.com.
hornibradlo.cz,"SSLHandshakeException: (protocol_version) The server selected protocol version TLS10 is not accepted by client preferences [TLS13, TLS12]",10 smtp2.w-w.cz.
hornibreckov.cz,302,none
hornibriza.eu,302,10 mxavas.forpsi.com.
hornibrusnice.cz,301,none
hornibukovina.cz,301,none
hornice.cz,200,none
hornicerekev.cz,302,none
hornicermna.cz,200,10 omega-mx.webglobe.com.
hornidomaslavice.cz,302,none
hornidubenky.cz,301,none
hornidubnany.cz,302,10 posta.gc-system.cz.
hornidunajovice.cz,HttpConnectTimeoutException: HTTP connect timed out,none
hornidvoriste.cz,301,none
hornihabartice.cz,302,none
hornihermanice.cz,HttpConnectTimeoutException: HTTP connect timed out,none
hornijeleni.cz,301,none
hornijiretin.cz,301,10 mx1.active24.com.; 20 mx2.active24.com.
hornikalna.cz,HttpConnectTimeoutException: HTTP connect timed out,none
hornikamenice.cz,HttpConnectTimeoutException: HTTP connect timed out,none
horniknezeklady.cz,302,none
hornikounice.cz,HttpConnectTimeoutException: HTTP connect timed out,none
hornikozolupy.cz,HttpConnectTimeoutException: HTTP connect timed out,10 posta.tanet.cz.
hornikrupa.cz,HttpConnectTimeoutException: HTTP connect timed out,none
hornikruty.cz,HttpConnectTimeoutException: HTTP connect timed out,none
hornilapac.cz,301,10 mail.hornilapac.cz.
hornilhota.cz,302,none
hornilibochova.cz,HttpConnectTimeoutException: HTTP connect timed out,none
hornilidec.cz,HttpConnectTimeoutException: HTTP connect timed out,none
hornilodenice.cz,301,none
hornilomna.eu,SSLHandshakeException: (certificate_unknown) No subject alternative DNS name matching hornilomna.eu found.,10 mx.skok.cz.; 20 mxbackup.skok.cz.
horniloucky.cz,302,none
hornimarsov.cz,200,1 relay.zoner.com.; 10 10mx.zoner.com.; 15 15mx.zoner.com.
hornimesto.cz,301,none
hornimeziricko.cz,200,10 mx.mitoncz.com.; 5 mx.kvapem.cz.
hornimostenice.cz,HttpConnectTimeoutException: HTTP connect timed out,none
hornimyslova.cz,302,none
horninemci.cz,302,none
horninemcice.cz,200,none
horninetcice.cz,301,none
horniolesnice.cz,HttpConnectTimeoutException: HTTP connect timed out,none
hornipaseka.cz,200,none
hornipena.cz,301,none
horniplana.cz,301,10 mailin1.horniplana.cz.; 100 mailin2.horniplana.cz.
hornipocaply.cz,302,none
hornipodluzi.cz,SSLHandshakeException: (certificate_unknown) No subject alternative DNS name matching hornipodluzi.cz found.,none
hornipolice.cz,301,10 mail.antee.cz.; 20 backup.antee.cz.
horniporici.cz,200,none
horniporici.unas.cz,403,none
horniradoun.cz,302,none
horniradslavice.cz,301,none
hornirapotice.cz,405,none
hornirasnice.cz,302,10 posta.gc-system.cz.
horniredice.cz,301,none
hornirepcice.cz,200,10 mxavas.forpsi.com.
hornirozinka.cz,301,none
horniskrychov.cz,301,none
hornislatina.cz,302,10 posta.gc-system.cz.
hornislavkov.cz,302,none
hornislivno.cz,200,none
hornismrcne.cz,301,none
hornismrzov.cz,200,none
hornistepanov.cz,302,none
hornistudenky.cz,302,none
hornisucha.cz,405,0 hornisucha-cz.mail.protection.outlook.com.
hornitesice.cz,HttpConnectTimeoutException: HTTP connect timed out,none
hornitosanovice.cz,301,none
hornitresnovec.cz,HttpConnectTimeoutException: HTTP connect timed out,10 mx.blueboard.cz.
horniujezd.cz,HttpConnectTimeoutException: HTTP connect timed out,none
hornives.cz,HttpConnectTimeoutException: HTTP connect timed out,none
hornivilemovice.cz,HttpConnectTimeoutException: HTTP connect timed out,none
hornivltavice.cz,HttpConnectTimeoutException: HTTP connect timed out,none
hornizivotice.cz,HttpConnectTimeoutException: HTTP connect timed out,none
hornolidecsko.cz,200,none
hornosin.cz,200,none
horomerice.cz,302,none
horosedly.cz,HttpConnectTimeoutException: HTTP connect timed out,none
horousany.cz,HttpConnectTimeoutException: HTTP connect timed out,none
horovicky.cz,302,none
horskakvilda.eu,200,100 mx20.active24.cz.; 10 mx10.active24.cz.
horsovskytyn.cz,302,none
hosin.cz,302,10 posta.gc-system.cz.
hoslovice.cz,302,10 posta.gc-system.cz.
hospriz.cz,301,none
hostalkova.cz,200,none
hostalkovy.cz,HttpConnectTimeoutException: HTTP connect timed out,none
hostalovice.cz,301,20 backup.antee.cz.; 10 mail.antee.cz.
hostasovice.cz,301,none
hostejn.zabrezsko.cz,HttpConnectTimeoutException: HTTP connect timed out,none
hostejov.cz,302,0 hostejov-cz.mail.protection.outlook.com.
hostenice.cz,HttpConnectTimeoutException: HTTP connect timed out,none
hosteradice.cz,200,none
hosteradky-resov.cz,HttpConnectTimeoutException: HTTP connect timed out,10 mta.vshosting.cloud.; 20 mta.vshosting.eu.
hostetice.cz,200,none
hostetin.cz,301,none
hostice-heroltice.cz,302,none
hostice.cz,302,10 mail.hostice.cz.
hosticeuvolyne.cz,302,none
hostin.cz,301,none
hostinne.info,200,none
hostinuvojkovic.cz,302,none
hostisova.cz,302,none
hostivice.cz,301,none
hostka-tc.cz,302,none
hostka.cz,302,10 hostka-cz.mail.protection.outlook.com.
hostomice.cz,302,none
hostomice.eu,302,none
hostoun.cz,200,10 mta.vshosting.cloud.; 20 mta.vshosting.eu.
hostounuprahy.cz,302,none
hosty.cz,301,none
hovorcovice.cz,200,none
hrabesice.eu,HttpConnectTimeoutException: HTTP connect timed out,0 hrabesice-eu.mail.protection.outlook.com.
hrabesin.cz,301,none
hrabetice.eu,HttpConnectTimeoutException: HTTP connect timed out,none
hrabisin.cz,302,none
hrabova.cz,"SSLHandshakeException: (protocol_version) The server selected protocol version TLS10 is not accepted by client preferences [TLS13, TLS12]",none
hrabuvka.cz,301,none
hrabyne.cz,302,none
hracholusky-pt.cz,302,1 relay.zoner.com.; 15 15mx.zoner.com.; 10 10mx.zoner.com.
hrachovice.cz,200,none
hrachoviste.cz,301,10 mail.antee.cz.; 20 backup.antee.cz.
hradcany-koberice.cz,301,none
hradcany-obec.cz,200,none
hradcanyutisnova.cz,301,20 f4b109896bd7a9f3.mx1.emailprofi.seznam.cz.; 10 f4b109896bd7a9f3.mx2.emailprofi.seznam.cz.
hradce.cz,301,none
hradcovice.cz,301,none
hradec-novaves.cz,405,none
hradecnadsvitavou.cz,302,none
hradecno.cz,302,none
hradek-u-nechanic.cz,302,10 posta.gc-system.cz.
hradek-uo.cz,HttpConnectTimeoutException: HTTP connect timed out,none
hradek.eu,HttpConnectTimeoutException: HTTP connect timed out,10 mxavas.forpsi.com.
hradesice.cz,HttpConnectTimeoutException: HTTP connect timed out,none
hradesin.cz,HttpConnectTimeoutException: HTTP connect timed out,10 mta.vshosting.cloud.; 20 mta.vshosting.eu.
hradistenadberounkou.cz,HttpConnectTimeoutException: HTTP connect timed out,none
hradistko-kersko.cz,HttpConnectTimeoutException: HTTP connect timed out,none
hradistko.cz,301,20 mx1b20.thinline.cz.; 10 mx1d10.thinline.cz.
hranicnepetrovice.cz,HttpConnectTimeoutException: HTTP connect timed out,none
hrdejovice-opatovice.cz,301,none
hrdiborice.cz,HttpConnectTimeoutException: HTTP connect timed out,10 mx.blueboard.cz.
hrdliv.cz,302,none
hredle.cz,HttpConnectTimeoutException: HTTP connect timed out,10 posta.gc-system.cz.
hrejkovice.cz,HttpConnectTimeoutException: HTTP connect timed out,none
hrensko.cz,HttpConnectTimeoutException: HTTP connect timed out,none
hribiny-ledska.cz,200,none
hribojedy.cz,301,none
hrimezdice.cz,302,10 posta.gc-system.cz.
hrisice-jersice.cz,HttpConnectTimeoutException: HTTP connect timed out,none
hriskov.cz,302,none
hrivice.cz,302,none
hrivinuvujezd.cz,HttpConnectTimeoutException: HTTP connect timed out,none
hrobce.cz,HttpConnectTimeoutException: HTTP connect timed out,none
hrobcice.cz,HttpConnectTimeoutException: HTTP connect timed out,none
hrobice.cz,302,10 mxavas.forpsi.com.
hrochuvtynec.cz,302,none
hromnice.cz,302,none
hrotovice.cz,405,none
hrotovicko.cz,200,none
hroubovice.cz,301,none
hroznatin.cz,302,none
hroznovalhota.cz,301,none
hrubavrbka.cz,200,none
hrubcice.cz,301,none
hruby-jesenik.cz,200,none
hrusky.cz,200,none
hrusov.cz,302,none
hrusova.cz,SSLHandshakeException: (certificate_unknown) PKIX path building failed: sun.security.provider.certpath.SunCertPathBuilderException: unable to find valid certification path to requested target,none
hrusovany.cz,200,none
hrusovanyubrna.cz,200,none
hrutov.cz,200,none
hudcice.cz,302,none
hulice.cz,200,none
hulin.cz,302,none
humburky.cz,200,none
huntirov.cz,200,none
hurkyurokycan.cz,302,none
hury.cz,200,10 email3.webglobe.cz.; 10 email.webglobe.cz.; 10 email2.webglobe.cz.; 10 email4.webglobe.cz.
husi-lhota.e-obec.cz,HttpConnectTimeoutException: HTTP connect timed out,none
husinec-rez.cz,HttpConnectTimeoutException: HTTP connect timed out,none
husinec.cz,HttpConnectTimeoutException: HTTP connect timed out,none
huslenky.cz,200,none
hustenovice.cz,HttpConnectTimeoutException: HTTP connect timed out,none
hustopece.cz,HttpConnectTimeoutException: HTTP connect timed out,none
hutisko-solanec.cz,HttpConnectTimeoutException: HTTP connect timed out,none
huzova.cz,HttpConnectTimeoutException: HTTP connect timed out,none
hvezdlice.cz,200,none
hvezdonice.cz,302,none
hvezdonovice.cz,HttpConnectTimeoutException: HTTP connect timed out,none
hvozd.cz,HttpConnectTimeoutException: HTTP connect timed out,none
hvozdany.cz,302,none
hvozdany.info,HttpConnectTimeoutException: HTTP connect timed out,none
hvozdec.cz,200,none
hvozdna.cz,301,1 wes1-mx2.wedos.net.; 10 wes1-mx-backup.wedos.net.; 1 wes1-mx1.wedos.net.
hvozdnice.cz,301,none
hvozdnice.eu,HttpConnectTimeoutException: HTTP connect timed out,none
hybralec.cz,200,0 hybralec-cz.mail.protection.outlook.com.
hygpraha.cz,301,none
hyncina.zabrezsko.cz,HttpConnectTimeoutException: HTTP connect timed out,none
hysly.cz,HttpConnectTimeoutException: HTTP connect timed out,none
hzscr.cz,301,none
idok.info,301,10 mail.antee.cz.; 20 backup.antee.cz.
idpk.cz,301,10 mxavas.forpsi.com.
idsjmk.cz,301,10 mail.kordis-jmk.cz.
idsok.cz,HttpConnectTimeoutException: HTTP connect timed out,10 mail.wp-hosting.cz.; 5 mail.idsok.cz.; 10 mail.wp-hosting.eu.
idzk.cz,HttpConnectTimeoutException: HTTP connect timed out,20 idzk-cz.mail.protection.outlook.com.
ihustopece.cz,HttpConnectTimeoutException: HTTP connect timed out,none
iidol.cz,HttpConnectTimeoutException: HTTP connect timed out,none
ikomarov.cz,HttpConnectTimeoutException: HTTP connect timed out,none
info-stritez.cz,301,none
instytutpolski.pl,HttpConnectTimeoutException: HTTP connect timed out,none
integro.cz,ConnectException,none
inu.cz,200,10 mail.svethostingu.cz.
iom.cz,301,none
iom.int,301,10 iom-int.mail.protection.outlook.com.
iredo.info,HttpConnectTimeoutException: HTTP connect timed out,none
ivancice.cz,200,none
ivanovicenahane.cz,302,0 ivanovicenahane-cz.mail.protection.outlook.com.; 15 ivanovicenahane-cz.mail.protection.outlook.com.; 10 meu.ivanovicenahane.cz.; 20 proxy.ivanovicenahane.cz.
jabkenice.cz,200,none
jablonany.cz,200,none
jablonec-krkonose.cz,200,none
jablonna.cz,302,none
jablonneno.cz,200,none
jablonnevp.cz,200,none
jablonov.cz,HttpConnectTimeoutException: HTTP connect timed out,none
jablunka.cz,HttpConnectTimeoutException: HTTP connect timed out,10 mx.inext.cz.
jablunkov.cz,200,none
jakartovice.cz,302,none
jakubcovice.cz,302,none
jakubov.cz,301,none
jakubovice.cz,301,none
jalubi.eu,HttpConnectTimeoutException: HTTP connect timed out,none
jamne.cz,200,none
jamneujihlavy.cz,200,none
jamolice.cz,302,none
jankov.eu,301,none
jankovcb.cz,302,none
jankovice.cz,302,none
jankovice.net,HttpConnectTimeoutException: HTTP connect timed out,none
janousov.cz,HttpConnectTimeoutException: HTTP connect timed out,none
janov-n-n.cz,200,1 wes1-mx1.wedos.net.; 1 wes1-mx2.wedos.net.; 10 wes1-mx-backup.wedos.net.
janov-sy.cz,200,10 mxavas.forpsi.com.
janova.cz,302,none
janovice.cz,302,none
janovicevpodjestedi.eu,HttpConnectTimeoutException: HTTP connect timed out,none
janovobec.cz,301,none
janovuhrenska.cz,200,20 mx.vshosting.eu.; 10 mx.vshosting.cloud.
janska.cz,200,none
janske-lazne.cz,HttpConnectTimeoutException: HTTP connect timed out,0 janskelazne-cz01e.mail.protection.outlook.com.
januvdul.cz,HttpConnectTimeoutException: HTTP connect timed out,none
jarcova.cz,301,none
jarohnevice.eu,HttpConnectTimeoutException: HTTP connect timed out,none
jaromer-josefov.cz,HttpConnectTimeoutException: HTTP connect timed out,none
jaromerice.cz,200,none
jaromericenr.cz,200,100 mail.jaromericenr.cz.
jarosov.cz,HttpConnectTimeoutException: HTTP connect timed out,none
jarpice.cz,HttpConnectTimeoutException: HTTP connect timed out,none
jasenice.cz,HttpConnectTimeoutException: HTTP connect timed out,none
jasenna.eu,HttpConnectTimeoutException: HTTP connect timed out,none
javorek.cz,HttpConnectTimeoutException: HTTP connect timed out,0 vps.mups.cz.
javornicko.cz,301,none
javornik-ho.cz,405,20 mx.vshosting.eu.; 10 mx.vshosting.cloud.
javornikuvlasimi.cz,301,none
jedla-dobravoda.cz,200,none
jedlany.cz,HttpConnectTimeoutException: HTTP connect timed out,none
jedli.zabrezsko.cz,HttpConnectTimeoutException: HTTP connect timed out,none
jedlova.com,HttpConnectTimeoutException: HTTP connect timed out,10 mail.antee.cz.; 20 backup.antee.cz.
jedousov.cz,HttpConnectTimeoutException: HTTP connect timed out,none
jedovnice.cz,200,10 panda.bk.cz.
jehnedi.cz,HttpConnectTimeoutException: HTTP connect timed out,none
jencice.cz,HttpConnectTimeoutException: HTTP connect timed out,none
jenec.cz,HttpConnectTimeoutException: HTTP connect timed out,none
jenikov.cz,302,none
jenikovice.cz,200,10 mail.jenikovice.cz.
jenikovice.trebechovicko.cz,SSLHandshakeException: Remote host terminated the handshake,none
jenisov.cz,405,none
jenisovice.cz,301,none
jenstejn.cz,302,0 jenstejn-cz.mail.protection.outlook.com.
jerisno.cz,405,none
jermanice.cz,302,none
jersin.cz,301,none
jesenec.cz,302,10 posta.gc-system.cz.
jesenice-obec.cz,302,none
jesenice-ra.cz,302,none
jesenik.cz,HttpConnectTimeoutException: HTTP connect timed out,none
jeseniknadodrou.cz,302,none
jesenny.cz,200,20 7e69b7a014767ee5.mx1.emailprofi.seznam.cz.; 10 7e69b7a014767ee5.mx2.emailprofi.seznam.cz.
jesetice.cz,302,none
jestrabi-lhota.cz,302,none
jestrabi.estranky.cz,301,none
jestrabivkrk.cz,302,0 jestrabivkrk-cz.mail.protection.outlook.com.
jestrebi.eu,HttpConnectTimeoutException: HTTP connect timed out,none
jestrebinadmetuji.cz,301,20 bfca1d9fd243e48a.mx1.emailprofi.seznam.cz.; 10 bfca1d9fd243e48a.mx2.emailprofi.seznam.cz.
jetetice.cz,301,none
jetrichov.cz,301,none
jevicko.cz,302,none
jevineves.cz,302,none
jevisovice.cz,301,20 backup.antee.cz.; 10 mail.antee.cz.
jevisovka.cz,405,10 mail.datatech.cz.
jezdkovice.cz,302,none
jezdovice.cz,405,none
jezena.cz,301,none
jezerany-marsovice.cz,301,none
jezernice.cz,301,0 jezernice-cz.mail.protection.outlook.com.
jezov.cz,302,none
jicineves.cz,301,none
jickovice.cz,200,none
jihlava.cz,200,none
jihoceskabudislav.cz,302,none
jikev.cz,200,none
jilem.eu,HttpConnectTimeoutException: HTTP connect timed out,none
jilove.cz,200,none
jiloveudrzkova.cz,301,none
jiloviste.cz,200,none
jimlin.cz,HttpConnectTimeoutException: HTTP connect timed out,10 lilith.6105.net.
jimramov.cz,HttpConnectTimeoutException: HTTP connect timed out,none
jinacovice.eu,HttpConnectTimeoutException: HTTP connect timed out,5 mx-01.jinacovice.eu.; 10 mx-02.jinacovice.eu.
jince.cz,HttpConnectTimeoutException: HTTP connect timed out,none
jindrichovice.cz,301,10 mail.redaks.com.
jindrichovsu.cz,405,none
jinocany.cz,301,10 mail.jinocany.cz.
jinosov.cz,HttpConnectTimeoutException: HTTP connect timed out,none
jiratice.cz,HttpConnectTimeoutException: HTTP connect timed out,none
jiretin.cz,HttpConnectTimeoutException: HTTP connect timed out,10 mxavas.forpsi.com.
jiretinpb.cz,HttpConnectTimeoutException: HTTP connect timed out,none
jirice.cz,HttpConnectTimeoutException: HTTP connect timed out,none
jiriceumb.cz,HttpConnectTimeoutException: HTTP connect timed out,none
jirikovice.cz,302,10 mxavas.forpsi.com.
jirkov.cz,HttpConnectTimeoutException: HTTP connect timed out,0 jirkov-cz.mail.protection.outlook.com.
jirny.cz,HttpConnectTimeoutException: HTTP connect timed out,10 posta.gc-system.cz.
jistebnice.cz,HttpConnectTimeoutException: HTTP connect timed out,none
jistebnik.cz,301,none
jivina-be.cz,HttpConnectTimeoutException: HTTP connect timed out,none
jivina.cz,302,20 ce2a960fffb35b30.mx1.emailprofi.seznam.cz.; 10 ce2a960fffb35b30.mx2.emailprofi.seznam.cz.
jivka.cz,301,none
jivno.cz,301,none
jivovi.cz,301,none
jizbice.cz,200,none
jizernivtelno.cz,302,none
josefov.eu,HttpConnectTimeoutException: HTTP connect timed out,none
josefuvdul.eu,HttpConnectTimeoutException: HTTP connect timed out,none
jsdhboskovice.cz,ConnectException,none
jsdhklasterec.webnode.cz,HttpConnectTimeoutException: HTTP connect timed out,none
jundrov.info,HttpConnectTimeoutException: HTTP connect timed out,none
justice.cz,302,none
jz.cz,SSLHandshakeException: (certificate_unknown) PKIX path building failed: sun.security.provider.certpath.SunCertPathBuilderException: unable to find valid certification path to requested target,0 ns.cab.cz.; 10 box.sumava-net.cz.
kacakovalhota.cz,301,10 email4.webglobe.cz.; 10 email3.webglobe.cz.; 10 email.webglobe.cz.; 10 email2.webglobe.cz.
kacanovy.craj.cz,200,none
kacerov.cz,301,none
kacerov.eu,HttpConnectTimeoutException: HTTP connect timed out,none
kacice.cz,302,none
kacov.cz,200,none
kadlin.cz,200,none
kadolec.cz,302,0 kadolec-cz.mail.protection.outlook.com.
kadov.net,301,none
kajov.eu,302,none
kakejcov.rokycansko.cz,200,none
kaliste.eu,302,10 posta.gc-system.cz.
kalivody.cz,HttpConnectTimeoutException: HTTP connect timed out,none
kaly.cz,200,10 mx.vshosting.cloud.; 20 mx.vshosting.eu.
kamberk.cz,302,none
kamen-obec.cz,302,none
kamenicenl.cz,200,10 f51a94dc31850e13.mx2.emailprofi.seznam.cz.; 20 f51a94dc31850e13.mx1.emailprofi.seznam.cz.
kameniceujihlavy.cz,301,none
kamenicky-senov.cz,302,none
kamenicna.cz,302,none
kamenna-lhota.cz,SSLHandshakeException: Remote host terminated the handshake,none
kamenna-tr.cz,200,none
kamenna.cz,HttpConnectTimeoutException: HTTP connect timed out,none
kamennevrchy.cz,HttpConnectTimeoutException: HTTP connect timed out,10 imap.mail.webnode.com.
kamennezbozi.cz,302,none
kamennezehrovice.cz,302,none
kamenny-ujezd.cz,301,none
kamennymost.tode.cz,200,none
kamennyprivoz.cz,HttpConnectTimeoutException: HTTP connect timed out,none
kamennyujezd.cz,302,10 posta.gc-system.cz.
kanicky.cz,HttpConnectTimeoutException: HTTP connect timed out,none
kanina.cz,HttpConnectTimeoutException: HTTP connect timed out,none
kanovice.cz,302,none
karanice.cz,HttpConnectTimeoutException: HTTP connect timed out,none
karany.cz,HttpConnectTimeoutException: HTTP connect timed out,10 posta.gc-system.cz.
kardasova-recice.cz,HttpConnectTimeoutException: HTTP connect timed out,10 posta.gc-system.cz.
karizek.cz,HttpConnectTimeoutException: HTTP connect timed out,none
karlovaves.cz,HttpConnectTimeoutException: HTTP connect timed out,none
karlovice-sedmihorky.cz,HttpConnectTimeoutException: HTTP connect timed out,none
karlovice.eu,301,none
karolinka.cz,200,none
karvina.cz,HttpConnectTimeoutException: HTTP connect timed out,1 mail.karvina.cz.
kasalice.eu,302,none
kasava.cz,HttpConnectTimeoutException: HTTP connect timed out,none
kasejovice.cz,HttpConnectTimeoutException: HTTP connect timed out,none
kasnice.cz,301,10 mxavas.forpsi.com.
kasphory.cz,301,none
katerinice.cz,HttpConnectTimeoutException: HTTP connect timed out,none
katov.cz,301,none
katovice.cz,403,none
kaznejov.cz,302,none
kbelany.cz,302,none
kdousov.cz,200,none
kdyne.cz,302,none
keblice.cz,302,none
kejnice.cz,405,none
kejzlice.cz,405,none
kelc.cz,302,0 kelc-cz.mail.protection.outlook.com.
kelcany.cz,HttpConnectTimeoutException: HTTP connect timed out,none
kelniky.eu,200,none
kestrany-pisecko.cz,200,none
ketkovice.cz,200,none
khsbrno.cz,200,none
khscb.cz,HttpConnectTimeoutException: HTTP connect timed out,none
khshk.cz,HttpConnectTimeoutException: HTTP connect timed out,5 fm.khshk.cz.
khsjih.cz,200,none
khskv.cz,ConnectException,none
khslbc.cz,301,none
khsolc.cz,401,none
khspce.cz,200,none
khsplzen.cz,SSLHandshakeException: (unrecognized_name) Received fatal alert: unrecognized_name,10 kcict.mail.protection.outlook.com.
khsstc.cz,200,none
khsusti.cz,200,none
khszlin.cz,301,none
klabava.rokycansko.cz,302,none
kladeruby.cz,302,none
kladerubynadoslavou.cz,302,none
kladniky.cz,301,none
kladruby.cz,HttpConnectTimeoutException: HTTP connect timed out,20 mta.vshosting.eu.; 10 mta.vshosting.cloud.
kladruby.info,301,none
kladrubynadlabem.cz,HttpConnectTimeoutException: HTTP connect timed out,none
kladrubyuteplic.cz,HttpConnectTimeoutException: HTTP connect timed out,none
kladrubyuvlasimi.cz,HttpConnectTimeoutException: HTTP connect timed out,10 posta.gc-system.cz.
klamos.cz,HttpConnectTimeoutException: HTTP connect timed out,20 mta.vshosting.eu.; 10 mta.vshosting.cloud.
klapy.cz,HttpConnectTimeoutException: HTTP connect timed out,10 posta.gc-system.cz.
klasterecnadorlici.cz,HttpConnectTimeoutException: HTTP connect timed out,20 d689fbc2d7c79a8e.mx1.emailprofi.seznam.cz.; 10 d689fbc2d7c79a8e.mx2.emailprofi.seznam.cz.
klasterhradiste.cz,HttpConnectTimeoutException: HTTP connect timed out,none
klasterskalhota.cz,HttpConnectTimeoutException: HTTP connect timed out,none
klatovec.cz,HttpConnectTimeoutException: HTTP connect timed out,none
klatovynet.cz,HttpConnectTimeoutException: HTTP connect timed out,10 10mx.zoner.com.; 1 relay.zoner.com.; 15 15mx.zoner.com.
klenci.cz,302,none
klenec.cz,HttpConnectTimeoutException: HTTP connect timed out,none
klenova.cz,200,1 mxredir.wedos.net.
klenovice.cz,302,none
klenovicenahane.cz,200,none
klentnice.cz,302,none
klesice.cz,301,none
klicany.cz,HttpConnectTimeoutException: HTTP connect timed out,none
kliny.eu,302,none
kloboukyubrna.eu,302,none
klobuky.cz,HttpConnectTimeoutException: HTTP connect timed out,10 posta.gc-system.cz.
klokoci.webz.cz,403,none
klokocna.eu,302,none
klokocov.eu,301,none
klopina.cz,HttpTimeoutException: request timed out,10 mxavas.forpsi.com.
klopotovice.cz,301,none
klucov.cz,302,none
kluky.cz,200,10 mx.profitux.cz.; 20 backupmx.profitux.cz.
klukymb.eu,302,none
kly.cz,302,none
kmetineves.cz,302,none
knezdub.cz,200,none
knezeves.cz,301,none
knezeves.eu,200,none
knezice.com,200,none
kneziceuronova.cz,302,none
knezicky.cz,302,none
knezmost.cz,302,10 knezmost-cz.mail.protection.outlook.com.
kneznice.cz,301,none
knezpole.cz,200,none
kninicky.eu,200,none
knoviz.cz,302,none
koberice.cz,HttpConnectTimeoutException: HTTP connect timed out,none
kobericeubrna.cz,HttpConnectTimeoutException: HTTP connect timed out,none
koberovice.cz,HttpConnectTimeoutException: HTTP connect timed out,none
koberovy.cz,302,none
kobyli.cz,200,0 kobyli-cz.mail.protection.outlook.com.
kobylice.cz,200,none
kobylnice-kh.cz,302,none
kobylnice.cz,301,none
kocbere.cz,301,none
kocelovice.cz,302,none
kochanky.cz,302,none
kochanov.cz,301,none
koclirov.cz,301,none
kodis.cz,308,none
kohoutov.info,200,none
kohoutovice.brno.cz,200,none
kojatice.cz,SSLHandshakeException: Remote host terminated the handshake,none
kojatky.cz,302,10 posta.gc-system.cz.
kojcice.cz,200,20 5d9f457f03dfeb1d.mx1.emailprofi.seznam.cz.; 10 5d9f457f03dfeb1d.mx2.emailprofi.seznam.cz.
kojetice.cz,200,none
kojetin-hb.cz,HttpConnectTimeoutException: HTTP connect timed out,none
kojice.cz,HttpConnectTimeoutException: HTTP connect timed out,10 posta.gc-system.cz.
kokasice.cz,HttpConnectTimeoutException: HTTP connect timed out,none
kolaje.cz,HttpConnectTimeoutException: HTTP connect timed out,none
koldin.cz,HttpConnectTimeoutException: HTTP connect timed out,none
kolec.cz,HttpConnectTimeoutException: HTTP connect timed out,none
kolesov.cz,302,10 ituss02.ituss.cz.
kolesovice.cz,HttpConnectTimeoutException: HTTP connect timed out,10 posta.gc-system.cz.
kolinec.cz,HttpConnectTimeoutException: HTTP connect timed out,none
kolomuty.cz,HttpConnectTimeoutException: HTTP connect timed out,none
kolova-haje.cz,HttpConnectTimeoutException: HTTP connect timed out,none
kolsov.cz,200,none
komarice.cz,HttpConnectTimeoutException: HTTP connect timed out,none
komarno.cz,HttpConnectTimeoutException: HTTP connect timed out,none
komarov-ou.cz,302,none
komarovice.cz,200,none
komna.cz,302,none
komora.cz,403,none
komorany.eu,302,none
komorni-lhotka.cz,301,none
komorovice.cz,301,none
konarovice.cz,302,10 posta.gc-system.cz.
kondrac.cz,302,10 posta.gc-system.cz.
konecchlumi-obec.cz,301,none
koneprusy.cz,301,none
konetopy.cz,200,none
konice.cz,405,none
konojedy.cz,302,0 konojedy-cz.mail.protection.outlook.com.
konst-lazne.cz,302,none
kopidlno.cz,301,none
koprivnice.cz,200,none
korenec.cz,302,10 posta.gc-system.cz.
korenice.cz,HttpConnectTimeoutException: HTTP connect timed out,none
korenov.cz,301,none
korkyne.cz,302,none
kornatice.cz,302,none
korno.cz,HttpConnectTimeoutException: HTTP connect timed out,none
korouzne.cz,301,none
korozluky.cz,302,none
korycany.cz,302,none
korytna.cz,301,none
kosariska.cz,302,10 mailin1.kosariska.cz.; 100 mailin2.kosariska.cz.
kosetice.cz,405,none
kosice.cz,200,none
kosice.kh.cz,404,none
kosicky.cz,200,none
kosik-obec.cz,SSLHandshakeException: Remote host terminated the handshake,none
kosmonosy.cz,302,0 kosmonosy-cz.mail.protection.outlook.com.
kosor.cz,HttpConnectTimeoutException: HTTP connect timed out,20 mx.vshosting.eu.; 10 mx.vshosting.cloud.
kosorice.cz,HttpConnectTimeoutException: HTTP connect timed out,none
kosorin.cz,HttpConnectTimeoutException: HTTP connect timed out,none
kosovahora.cz,HttpConnectTimeoutException: HTTP connect timed out,none
kostalov.cz,HttpConnectTimeoutException: HTTP connect timed out,none
kostany.cz,HttpConnectTimeoutException: HTTP connect timed out,none
kostelanynadmoravou.cz,HttpConnectTimeoutException: HTTP connect timed out,none
kostelec-jc.cz,HttpConnectTimeoutException: HTTP connect timed out,none
kostelec-u-hm.cz,302,none
kostelec-u-jihlavy.cz,HttpConnectTimeoutException: HTTP connect timed out,none
kostelecnadvltavou.cz,HttpConnectTimeoutException: HTTP connect timed out,none
kostelecncl.cz,200,none
kostelecnh.cz,HttpConnectTimeoutException: HTTP connect timed out,none
kostelecnlab.cz,200,none
kostelecno.cz,302,none
kostelecuholesova.cz,301,none
kostelecukrizku.cz,HttpConnectTimeoutException: HTTP connect timed out,none
kostelni-lhota.cz,301,10 mail.datonet.cz.
kostelni-vydri.cz,302,none
kostelnihlavno.cz,HttpConnectTimeoutException: HTTP connect timed out,none
kostelnimyslova.cz,200,none
kostelniradoun.cz,301,none
kostenice.cz,200,none
kostice.cz,302,none
kostniky.cz,302,none
kostomlatky.cz,405,none
kostomlaty-obec.cz,200,20 backupmx.profitux.cz.; 10 mx.profitux.cz.
kostomlatypm.cz,SSLHandshakeException: (certificate_unknown) No subject alternative DNS name matching kostomlatypm.cz found.,none
kostomlatypm.wz.cz,403,5 mail.wz.cz.; 50 mail2.wz.cz.
kostomlatypodripem.cz,302,none
kotencice.cz,302,none
kotlasy.cz,405,none
kotovice.cz,302,none
kotvrdovice.cz,200,10 email.webglobe.cz.; 10 email4.webglobe.cz.; 10 email2.webglobe.cz.; 10 email3.webglobe.cz.
kounice.cz,301,none
koutnasumave.cz,302,none
kouty-ledecsko.cz,200,none
kovac-obec.cz,302,none
kovalovice.cz,302,0 kovalovice-cz.mail.protection.outlook.com.
kovaloviceosicany.cz,301,none
kovanec.cz,HttpConnectTimeoutException: HTTP connect timed out,none
kovanice.cz,302,none
kovarov.cz,HttpConnectTimeoutException: HTTP connect timed out,none
kovarska.cz,HttpConnectTimeoutException: HTTP connect timed out,none
kovcin.cz,302,10 posta.gc-system.cz.
kozarov.cz,301,none
kozarovice.cz,302,none
kozichovice.cz,302,none
kozlany.cz,302,10 email.webglobe.cz.; 10 email3.webglobe.cz.; 10 email4.webglobe.cz.; 10 email2.webglobe.cz.
kozlany.eu,302,none
kozli.cz,200,20 mta.vshosting.eu.; 10 mta.vshosting.cloud.
kozlov-jihlava.cz,200,none
kozlov-obec.cz,200,none
kozlov.cz,200,none
kozlovice-pj.cz,302,10 posta.gc-system.cz.
kozlovice.cz,302,none
kozmice.cz,302,none
kozojedy.com,302,none
kozojidky.cz,HttpConnectTimeoutException: HTTP connect timed out,none
kozomin.cz,HttpConnectTimeoutException: HTTP connect timed out,none
kozusanytazaly.cz,HttpConnectTimeoutException: HTTP connect timed out,none
kr-ustecky.cz,HttpConnectTimeoutException: HTTP connect timed out,none
kr-vysocina.cz,HttpConnectTimeoutException: HTTP connect timed out,none
krabcice.cz,HttpConnectTimeoutException: HTTP connect timed out,none
kraborovice.eu,SSLHandshakeException: Remote host terminated the handshake,none
krahulci.cz,HttpConnectTimeoutException: HTTP connect timed out,none
krahulov.cz,HttpConnectTimeoutException: HTTP connect timed out,none
krajkova.com,200,none
krajnicko.cz,HttpConnectTimeoutException: HTTP connect timed out,none
krakovec.cz,HttpConnectTimeoutException: HTTP connect timed out,0 krakovec-cz.mail.eo.outlook.com.
kralicenahane.cz,301,none
kralicenosl.cz,302,none
kraliky.eu,200,none
kralovalhota.cz,302,none
kralovalhota.eu,200,none
kralovice.cz,302,10 mail.kralovice.cz.
kralovopole.brno.cz,HttpConnectTimeoutException: HTTP connect timed out,none
kralovske-porici.eu,301,none
kraluv-dvur.cz,HttpConnectTimeoutException: HTTP connect timed out,none
kramolna.cz,HttpConnectTimeoutException: HTTP connect timed out,10 posta.gc-system.cz.
krasensko.cz,302,none
krasikovice.cz,200,none
kraslice.cz,302,none
kraslovice.cz,HttpConnectTimeoutException: HTTP connect timed out,none
krasna-hora.cz,405,none
krasnahora.cz,HttpConnectTimeoutException: HTTP connect timed out,none
krasnalipa.cz,200,10 mxavas.forpsi.com.
krasnaves.e-obec.cz,200,none
krasneudoli.cz,SSLHandshakeException: (certificate_unknown) No subject alternative DNS name matching krasneudoli.cz found.,5 p.banan.cz.; 10 backup.p.banan.cz.
krasneves.eu,200,10 mail.krasneves.eu.
krasny-les.cz,302,none
krasnyles.cz,302,none
krasonice.cz,301,none
krasova.cz,200,none
krasovice.cz,302,none
kratkaves.cz,200,none
kratochvilka.cz,200,none
kratonohy.cz,301,none
kratosice.webnode.cz,HttpConnectTimeoutException: HTTP connect timed out,none
kratusin.cz,HttpConnectTimeoutException: HTTP connect timed out,20 9fd562fea689e3c2.mx1.emailprofi.seznam.cz.; 10 9fd562fea689e3c2.mx2.emailprofi.seznam.cz.
kravare.cz,HttpConnectTimeoutException: HTTP connect timed out,none
kravarecl.cz,200,none
krchleby-kh.cz,200,none
krchleby.eu,301,none
krchlebyobec.cz,405,none
krcman.cz,301,none
krecany.cz,302,10 posta.gc-system.cz.
krechor.cz,302,none
kreckov.cz,SSLHandshakeException: (certificate_expired) PKIX path validation failed: java.security.cert.CertPathValidatorException: validity check failed,none
krejnice.cz,302,none
krekov.cz,302,none
krelov.cz,301,none
krelovice.cz,302,none
kremze.cz,302,none
krenice.cz,301,none
krenovice.net,301,20 backup.antee.cz.; 10 mail.antee.cz.
krenovy.cz,301,none
krepenice-obec.cz,200,none
krepice.cz,302,none
kresetice.cz,302,0 kresetice-cz.mail.protection.outlook.com.
kresice.cz,HttpConnectTimeoutException: HTTP connect timed out,none
kresin.cz,HttpConnectTimeoutException: HTTP connect timed out,none
kretin.eu,SSLHandshakeException: (certificate_unknown) No subject alternative DNS name matching kretin.eu found.,none
krhov.eu,200,none
krhova.cz,HttpConnectTimeoutException: HTTP connect timed out,none
krhovice.cz,HttpConnectTimeoutException: HTTP connect timed out,none
kricen.cz,HttpConnectTimeoutException: HTTP connect timed out,none
kridluvky.cz,HttpConnectTimeoutException: HTTP connect timed out,none
krimov.cz,HttpConnectTimeoutException: HTTP connect timed out,none
krinec.cz,HttpConnectTimeoutException: HTTP connect timed out,10 mail.krinec.cz.
krinice.cz,302,10 posta.gc-system.cz.
kristanov.com,302,none
kristanovice.cz,302,none
krizanov.cz,HttpConnectTimeoutException: HTTP connect timed out,none
krizanovice.cz,302,none
krizanovice.net,405,10 mxavas.forpsi.com.
krizinkov.cz,301,none
krizkovyujezdec.eu,302,none
krmelin.cz,301,none
krnany.cz,302,10 posta.gc-system.cz.
krnap.cz,301,5 postak.krnap.cz.
krnov.cz,200,none
krnsko.cz,302,none
krokocin.cz,SSLHandshakeException: (handshake_failure) received handshake warning: unrecognized_name,10 mail.krokocin.cz.
kropacovavrutice.cz,200,none
krouna.cz,302,none
krsy.cz,302,none
krtenov.cz,200,none
krtiny.cz,301,none
krtomil.cz,301,none
krtov.cz,302,none
krty.cz,302,none
krtyhradec.cz,200,none
krucemburk.cz,301,none
krumsin.cz,HttpConnectTimeoutException: HTTP connect timed out,none
krumvir.cz,SSLHandshakeException: (handshake_failure) Received fatal alert: handshake_failure,none
krupa-obec.cz,HttpConnectTimeoutException: HTTP connect timed out,none
krupka-mesto.cz,HttpConnectTimeoutException: HTTP connect timed out,none
kruzberk.cz,302,none
krychnov.cz,302,10 mxavas.forpsi.com.
kryry.cz,302,none
krystofovoudoli.eu,302,none
krystofovyhamry.cz,301,none
ksely.cz,302,none
kstudanka.cz,200,none
ktis.cz,302,none
ktova.cz,302,10 alt3.aspmx.l.google.com.; 10 alt4.aspmx.l.google.com.; 1 aspmx.l.google.com.; 5 alt1.aspmx.l.google.com.; 5 alt2.aspmx.l.google.com.
kubice.cz,302,none
kublov.cz,302,none
kubova-hut.cz,HttpConnectTimeoutException: HTTP connect timed out,none
kubsice.eu,302,none
kucer.cz,SSLHandshakeException: Remote host terminated the handshake,none
kucerov.cz,HttpConnectTimeoutException: HTTP connect timed out,none
kucharovice.cz,HttpConnectTimeoutException: HTTP connect timed out,none
kudlovice.cz,HttpConnectTimeoutException: HTTP connect timed out,none
kujavy.cz,HttpConnectTimeoutException: HTTP connect timed out,none
kuks.cz,HttpConnectTimeoutException: HTTP connect timed out,none
kulirov.cz,301,none
kuncice.cz,200,none
kuncice.info,301,none
kuncicepo.cz,301,none
kuncinaves.cz,HttpConnectTimeoutException: HTTP connect timed out,100 mx20.active24.cz.; 10 mx10.active24.cz.
kunejovice.cz,HttpConnectTimeoutException: HTTP connect timed out,10 mailin1.kunejovice.cz.; 100 mailin2.kunejovice.cz.
kunemil.cz,HttpConnectTimeoutException: HTTP connect timed out,none
kunice.com,301,none
kunice.cz,HttpConnectTimeoutException: HTTP connect timed out,none
kunicky.cz,HttpConnectTimeoutException: HTTP connect timed out,none
kunin.cz,302,none
kunkovice.cz,200,none
kunraticeucvikova.eu,302,none
kunstat-mesto.cz,302,none
kunvald.info,301,none
kunzak.cz,HttpConnectTimeoutException: HTTP connect timed out,0 kunzak-cz.mail.protection.outlook.com.
kuparovice.cz,200,none
kurim.cz,301,none
kurimany.cz,301,none
kurimska-nova-ves.cz,302,none
kurimskejestrabi.cz,302,none
kuroslepy.cz,200,none
kurovice.cz,301,none
kutnahora.cz,301,none
kutrovice.cz,SSLHandshakeException: (certificate_expired) PKIX path validation failed: java.security.cert.CertPathValidatorException: validity check failed,none
kuzelov.com,405,none
kvasice.cz,302,none
kvasiny.cz,302,none
kvaskovice.cz,HttpConnectTimeoutException: HTTP connect timed out,none
kvasnovice.cz,HttpTimeoutException: request timed out,none
kvetinov.cz,HttpConnectTimeoutException: HTTP connect timed out,none
kvetna.cz,200,none
kvetnice.eu,301,none
kvicovice.cz,HttpConnectTimeoutException: HTTP connect timed out,none
kvilice.cz,302,none
kvitkov.cz,301,none
kvitkovice.cz,200,none
kyjovice.cz,HttpConnectTimeoutException: HTTP connect timed out,none
kyjovzr.cz,SSLHandshakeException: Remote host terminated the handshake,none
kynice.cz,SSLHandshakeException: Remote host terminated the handshake,none
kynsperk.cz,301,0 kynsperk-cz.mail.protection.outlook.com.
kysice.eu,HttpConnectTimeoutException: HTTP connect timed out,none
kyskovice.cz,302,10 posta.gc-system.cz.
kytin.eu,HttpConnectTimeoutException: HTTP connect timed out,none
labskastran.cz,404,none
labskechrcice.eu,HttpConnectTimeoutException: HTTP connect timed out,10 mta.vshosting.cloud.; 20 mta.vshosting.eu.
labuty.cz,302,none
lacnov.eu,HttpConnectTimeoutException: HTTP connect timed out,none
lahost.cz,HttpConnectTimeoutException: HTTP connect timed out,none
lanov.cz,302,none
lanskrounsko.cz,301,none
lanyuchotebore.cz,200,none
lanyudasic.cz,302,none
lanzhot.cz,302,none
lanzov.cz,301,none
lasenice.cz,HttpConnectTimeoutException: HTTP connect timed out,none
laskov.cz,302,none
lasovice.cz,302,none
lavicne.cz,302,none
lazanky.cz,SSLHandshakeException: (certificate_unknown) PKIX path building failed: sun.security.provider.certpath.SunCertPathBuilderException: unable to find valid certification path to requested target,none
lazinov.cz,200,10 mchu1.mailplus.cz.
laziste.cz,302,none
lazne-belohrad.cz,HttpConnectTimeoutException: HTTP connect timed out,none
lazne.bohdanec.cz,HttpConnectTimeoutException: HTTP connect timed out,0 lazne-bohdanec-cz.mail.protection.outlook.com.
laznekynzvart.cz,HttpConnectTimeoutException: HTTP connect timed out,10 mail.laznekynzvart.cz.
laznelibverda.cz,HttpConnectTimeoutException: HTTP connect timed out,none
laznicky.cz,HttpConnectTimeoutException: HTTP connect timed out,none
lazniky.cz,HttpConnectTimeoutException: HTTP connect timed out,none
lazovice.cz,HttpConnectTimeoutException: HTTP connect timed out,none
lazsko.com,HttpConnectTimeoutException: HTTP connect timed out,100 smtp.google.com.
lcovice.cz,301,none
lechotice.cz,301,none
ledce.cz,405,0 mserver.dobruska.cz.
ledceobec.cz,HttpConnectTimeoutException: HTTP connect timed out,none
ledceps.cz,HttpConnectTimeoutException: HTTP connect timed out,none
ledcice.cz,HttpConnectTimeoutException: HTTP connect timed out,none
ledecns.cz,301,none
ledenice.cz,301,10 mail.iledenice.cz.
lednice.cz,302,none
ledvice.cz,200,none
lejsovka.cz,301,none
lelekovice.cz,HttpConnectTimeoutException: HTTP connect timed out,none
lenora.cz,302,15 15mx.zoner.com.; 10 10mx.zoner.com.; 1 relay.zoner.com.
lesetice.cz,HttpConnectTimeoutException: HTTP connect timed out,none
leskovec.cz,302,none
leskovecnadmoravici.eu,ConnectException,none
leskovicehb.cz,200,none
lesna.cz,SSLHandshakeException: Remote host terminated the handshake,none
lesnice.cz,HttpConnectTimeoutException: HTTP connect timed out,10 posta.gc-system.cz.
lesnihluboke.cz,200,none
lesnijakubov.cz,200,10 mx1.mailchannels.net.; 10 mx2.mailchannels.net.
lesonice.cz,301,none
lesonicemk.cz,200,none
lestinausvetle.cz,405,none
lesy-cv.cz,302,none
lesydoksy.cz,200,none
letiny.cz,302,none
letohrad.eu,HttpConnectTimeoutException: HTTP connect timed out,none
letonice.cz,301,none
letovice.net,HttpConnectTimeoutException: HTTP connect timed out,10 mx-01-eu-central-1.prod.hydra.sophos.com.; 20 mx-02-eu-central-1.prod.hydra.sophos.com.
lety-obec.cz,200,none
levinskaolesnice.cz,HttpConnectTimeoutException: HTTP connect timed out,none
lhenice.cz,HttpConnectTimeoutException: HTTP connect timed out,none
lhota-vlasenice.cz,ConnectException,none
lhota-zlin.cz,301,none
lhotanadlabem.cz,200,none
lhotapodhorickami.cz,302,none
lhotapodlibcany.cz,301,1 wes1-mx2.wedos.net.; 1 wes1-mx1.wedos.net.
lhotapodradcem.cz,302,none
lhotarapotina.eu,301,none
lhotaukladna.cz,302,none
lhotaulipnika.cz,301,none
lhotaulysic.cz,200,none
lhotauolesnice.cz,HttpConnectTimeoutException: HTTP connect timed out,none
lhotaupribrame.cz,HttpConnectTimeoutException: HTTP connect timed out,10 mx10.active24.cz.; 20 mx20.active24.cz.
lhotauvsetina.cz,HttpConnectTimeoutException: HTTP connect timed out,none
lhotka.cz,301,none
lhotkanadlabem.cz,200,10 mail.lhotkanadlabem.cz.
lhotkatelcsko.cz,301,none
lhotkaulitultovic.cz,HttpConnectTimeoutException: HTTP connect timed out,none
lhotkauprerova.cz,301,none
lhotkauradnic.cz,302,none
lhotky.cz,HttpConnectTimeoutException: HTTP connect timed out,none
libavskeudoli.cz,HttpConnectTimeoutException: HTTP connect timed out,20 mx2.fortion.net.; 5 mx0.fortion.net.; 10 mx1.fortion.net.
libcany.cz,HttpConnectTimeoutException: HTTP connect timed out,20 mx2.fortion.net.; 10 mx1.fortion.net.; 5 mx0.fortion.net.
libceves.cz,302,none
libchavy.cz,HttpConnectTimeoutException: HTTP connect timed out,none
libchyne.cz,HttpConnectTimeoutException: HTTP connect timed out,none
libcice.cz,302,none
libechov.cz,HttpConnectTimeoutException: HTTP connect timed out,none
libecina.cz,301,20 backup.antee.cz.; 10 mail.antee.cz.
libedice.cz,302,none
libejice.cz,301,none
libejovice.cz,302,none
libenice.cz,SSLHandshakeException: (certificate_unknown) No subject alternative DNS name matching libenice.cz found.,none
liber.cz,405,none
liberecky-kraj.kraj-lbc.cz,301,none
libesice-obec.cz,302,none
libesice.cz,SSLHandshakeException: Remote host terminated the handshake,none
libetice.info,HttpConnectTimeoutException: HTTP connect timed out,10 grey.xnet.cz.
libez.cz,HttpConnectTimeoutException: HTTP connect timed out,none
libeznice.cz,301,none
libhost.cz,200,none
libicenadcidlinou.cz,HttpConnectTimeoutException: HTTP connect timed out,none
libicend.cz,HttpConnectTimeoutException: HTTP connect timed out,10 mailin1.libicend.cz.; 100 mailin2.libicend.cz.
libis.cz,HttpConnectTimeoutException: HTTP connect timed out,none
libisany.cz,HttpConnectTimeoutException: HTTP connect timed out,none
libkov.cz,302,none
libkova-voda.cz,301,none
libkovicepodripem.cz,302,none
liblice.cz,200,none
liblin.cz,HttpConnectTimeoutException: HTTP connect timed out,none
libnatov.cz,HttpConnectTimeoutException: HTTP connect timed out,none
libnic.cz,200,none
libnikovice.cz,301,10 email4.webglobe.cz.; 10 email3.webglobe.cz.; 10 email.webglobe.cz.; 10 email2.webglobe.cz.
libocany.cz,302,none
libochovany.cz,200,none
libochovice.cz,302,none
libochovicky.cz,301,none
libomysl-be.cz,301,none
liborice.cz,302,none
libos.cz,301,none
libosovice.craj.cz,HttpConnectTimeoutException: HTTP connect timed out,none
libotenice.cz,HttpConnectTimeoutException: HTTP connect timed out,none
libotov.cz,301,none
libouchec.cz,302,none
libovice.cz,200,none
librantice.cz,200,none
libstat.e-obec.cz,HttpConnectTimeoutException: HTTP connect timed out,none
libun.cz,HttpConnectTimeoutException: HTTP connect timed out,none
lichkov.cz,301,none
lichnov.cz,302,30 mail2.licanet.cz.; 10 web.tkrlichnov.cz.; 20 relay.licanet.cz.
lichoceves.cz,302,10 posta.gc-system.cz.
liciborice.cz,HttpConnectTimeoutException: HTTP connect timed out,none
licno.cz,HttpConnectTimeoutException: HTTP connect timed out,none
lidecko.cz,301,0 lidecko-cz.mail.protection.outlook.com.; 20 mxbackup.skok.cz.; 10 mx.skok.cz.
lidman-ou.cz,302,none
linhartice.cz,301,none
lipanadorlici.cz,HttpConnectTimeoutException: HTTP connect timed out,none
lipec.cz,HttpConnectTimeoutException: HTTP connect timed out,1 wes1-mx1.wedos.net.; 1 wes1-mx2.wedos.net.; 10 wes1-mx-backup.wedos.net.
lipi.cz,301,none
lipina.eu,HttpConnectTimeoutException: HTTP connect timed out,none
lipinka.cz,301,20 backup.antee.cz.; 10 mail.antee.cz.
lipnicenadsazavou.cz,301,none
lipnonadvltavou.cz,302,none
lipoltice.cz,200,none
lipova-lazne.cz,200,none
lipova-obec.cz,301,none
lipova.cz,301,none
lipovaobec.cz,301,none
lipovec-licomerice.cz,HttpConnectTimeoutException: HTTP connect timed out,none
lipovec.cz,HttpConnectTimeoutException: HTTP connect timed out,none
liptal.cz,200,none
liptan.cz,200,none
lipuvka.eu,HttpConnectTimeoutException: HTTP connect timed out,none
lisany.cz,302,none
lisek.cz,301,none
lisice.eu,HttpConnectTimeoutException: HTTP connect timed out,none
lisina.cz,200,10 email2.webglobe.cz.; 10 email4.webglobe.cz.; 10 email3.webglobe.cz.; 10 email.webglobe.cz.
liskovice.cz,302,none
lisna.cz,302,none
lisny.cz,302,none
lisov.cz,200,20 5e37c77e60aa2ec5.mx2.emailprofi.seznam.cz.; 10 5e37c77e60aa2ec5.mx1.emailprofi.seznam.cz.
lisovou.cz,301,none
listany.cz,302,none
litencice.com,HttpConnectTimeoutException: HTTP connect timed out,none
litic.cz,302,none
litichovice.cz,SSLHandshakeException: (certificate_unknown) No subject alternative DNS name matching litichovice.cz found.,none
litobor.webnode.cz,200,none
litobratrice.cz,SSLHandshakeException: (certificate_unknown) No subject alternative DNS name matching litobratrice.cz found.,none
litochovice.cz,SSLHandshakeException: (certificate_unknown) No subject alternative DNS name matching litochovice.cz found.,none
litohlavy.cz,302,none
litohor.cz,301,none
litohost.cz,HttpConnectTimeoutException: HTTP connect timed out,10 demon.pel.cz.
litomerice.cz,HttpConnectTimeoutException: HTTP connect timed out,0 litomerice-cz.mail.protection.outlook.com.
litomyslsko.cz,HttpConnectTimeoutException: HTTP connect timed out,1 wes1-mx2.wedos.net.; 1 wes1-mx1.wedos.net.; 10 wes1-mx-backup.wedos.net.
litosice.cz,HttpConnectTimeoutException: HTTP connect timed out,none
litostrov.cz,HttpConnectTimeoutException: HTTP connect timed out,none
litovany.cz,200,10 mail.litovany.cz.
litultovice.cz,302,none
litvinovice.cz,301,none
lkan.cz,HttpConnectTimeoutException: HTTP connect timed out,20 mxbackup.skok.cz.; 10 mx.skok.cz.
lnare-obec.cz,HttpConnectTimeoutException: HTTP connect timed out,none
lobodice.cz,302,10 posta.gc-system.cz.
locenice.cz,301,20 backup.antee.cz.; 10 mail.antee.cz.
lochousice.cz,HttpConnectTimeoutException: HTTP connect timed out,none
lodenice.cz,HttpConnectTimeoutException: HTTP connect timed out,none
lodherov.cz,302,none
lodin.cz,HttpConnectTimeoutException: HTTP connect timed out,none
loket.cz,HttpConnectTimeoutException: HTTP connect timed out,none
lomnice-nl.cz,302,none
lomnice.cz,405,none
lomnicenadpopelkou.cz,200,0 lomnicenadpopelkou-cz.mail.protection.outlook.com.
lomnicka.cz,302,none
lomnicko.cz,200,1 wes1-mx2.wedos.net.; 10 wes1-mx-backup.wedos.net.; 1 wes1-mx1.wedos.net.
lomutachova.cz,302,10 posta.gc-system.cz.
losany.cz,302,none
losenice.cz,HttpConnectTimeoutException: HTTP connect timed out,none
losina.cz,302,none
losiny.cz,HttpTimeoutException: request timed out,none
loucany.cz,HttpConnectTimeoutException: HTTP connect timed out,10 mail.antee.cz.; 20 backup.antee.cz.
loucen.cz,302,none
loucim.cz,HttpConnectTimeoutException: HTTP connect timed out,none
loucka-obec.cz,HttpConnectTimeoutException: HTTP connect timed out,none
loucky.info,HttpConnectTimeoutException: HTTP connect timed out,none
loucna-nad-desnou.cz,200,none
loucna.eu,302,none
loucovice.info,302,none
louka-bk.cz,SSLHandshakeException: (certificate_unknown) No subject alternative DNS name matching louka-bk.cz found.,none
loukaulitvinova.cz,302,none
loukov.cz,200,none
loukov.e-obec.cz,200,none
loukovec.cz,200,none
loukovice.cz,200,none
lounovice.cz,302,none
lounovicepodblanikem.cz,301,none
louznice.com,302,none
lovcice.cz,302,none
lovcice.eu,200,none
lovcicky.cz,302,none
lovcovice.cz,302,10 posta.gc-system.cz.
lozice.cz,HttpConnectTimeoutException: HTTP connect timed out,none
lsteni-zlenice.cz,HttpConnectTimeoutException: HTTP connect timed out,none
lubenec.cz,HttpConnectTimeoutException: HTTP connect timed out,none
lubenice.cz,301,none
lubna.cz,301,none
lubne.cz,302,none
lubnik.cz,200,none
lubomer.cz,HttpConnectTimeoutException: HTTP connect timed out,none
lubomerps.cz,302,10 posta.gc-system.cz.
lucany.cz,302,none
lucice.cz,HttpConnectTimeoutException: HTTP connect timed out,none
lucina.cz,HttpConnectTimeoutException: HTTP connect timed out,none
ludgerovice.cz,HttpConnectTimeoutException: HTTP connect timed out,none
ludikov.cz,HttpConnectTimeoutException: HTTP connect timed out,none
ludkovice.cz,302,none
ludmirov.cz,302,none
ludslavice.cz,302,10 mxavas.forpsi.com.
luhacovice.eu,301,none
lukanadjihlavou.cz,200,10 domeny3.t2net.cz.
lukavec.cz,200,none
lukavec.eu,HttpConnectTimeoutException: HTTP connect timed out,none
lukavice.com,301,10 mail.antee.cz.; 20 backup.antee.cz.
lukavice.cz,302,none
lukavicenamorave.cz,200,none
lukov.cz,HttpConnectTimeoutException: HTTP connect timed out,10 mx.inext.cz.
lukova.cz,HttpConnectTimeoutException: HTTP connect timed out,none
lukovany.cz,302,none
lulec.eu,301,none
lustenice.cz,302,none
lutin.cz,200,none
lutonina.cz,301,none
lutopecny.cz,301,10 mail.antee.cz.; 20 backup.antee.cz.
luzany.cz,301,none
luzanynt.cz,301,none
luzce.eu,200,none
luze.cz,302,none
luzec.cz,200,10 ign-mx1.webglobe.com.; 10 ign-mx4.webglobe.com.; 10 ign-mx2.webglobe.com.; 10 ign-mx3.webglobe.com.
luzecnadcidlinou.cz,200,none
luzenicky.cz,HttpConnectTimeoutException: HTTP connect timed out,10 d798844ad7f7b81c.mx2.emailprofi.seznam.cz.; 20 d798844ad7f7b81c.mx1.emailprofi.seznam.cz.
luzice.eu,302,10 posta.gc-system.cz.
luziceuhodonina.cz,HttpConnectTimeoutException: HTTP connect timed out,none
luzna.cz,302,none
lva.cz,200,none
lysice.cz,302,10 posta.gc-system.cz.
machov-obec.cz,302,none
mackov.cz,301,none
mackovice.cz,301,none
mahous.cz,405,none
majdalena.cz,200,none
majetin.cz,301,none
makotrasy.cz,302,none
makovukunstatu.cz,301,none
mala-skala.cz,302,none
mala-velen.cz,302,none
malabystrice.cz,HttpConnectTimeoutException: HTTP connect timed out,none
malahrastice.cz,HttpConnectTimeoutException: HTTP connect timed out,none
malalhota.cz,HttpConnectTimeoutException: HTTP connect timed out,none
malalosenice.cz,HttpConnectTimeoutException: HTTP connect timed out,none
malamoravka.cz,HttpConnectTimeoutException: HTTP connect timed out,10 posta.gc-system.cz.
malaroudka.cz,301,20 05164e6ff855c0b8.mx1.emailprofi.seznam.cz.; 10 05164e6ff855c0b8.mx2.emailprofi.seznam.cz.
malastahle.cz,302,0 malastahle-cz.mail.protection.outlook.com.
malaupa.cz,200,10 malaupa-cz.mail.protection.outlook.com.
malaviska.cz,HttpConnectTimeoutException: HTTP connect timed out,none
malavrbka.cz,200,none
malcin.cz,200,none
male-brezno.cz,HttpConnectTimeoutException: HTTP connect timed out,none
malebrezno.cz,302,none
malec.cz,HttpConnectTimeoutException: HTTP connect timed out,none
malecovsko.cz,200,none
malehradisko.cz,301,none
malekysice.cz,HttpConnectTimeoutException: HTTP connect timed out,none
malenovice.eu,302,none
malepritocno.cz,HttpConnectTimeoutException: HTTP connect timed out,none
malesov-kh.cz,HttpConnectTimeoutException: HTTP connect timed out,10 mailin1.malesov-kh.cz.; 100 mailin2.malesov-kh.cz.
malesovice.cz,405,none
malesvatonovice.cz,200,none
maletin.cz,302,none
malevykleky.cz,302,none
malezernoseky.cz,200,none
malhostovice.eu,405,none
malhotice.cz,302,none
malic.cz,301,none
malikovice.cz,302,none
malinky.cz,"SSLHandshakeException: (protocol_version) The server selected protocol version TLS10 is not accepted by client preferences [TLS13, TLS12]",none
malkov.cz,HttpConnectTimeoutException: HTTP connect timed out,1 malkov-cz.mail.protection.outlook.com.
malomerice.cz,HttpConnectTimeoutException: HTTP connect timed out,none
malotice-obec.cz,302,none
malovice.cz,HttpConnectTimeoutException: HTTP connect timed out,none
malsice.eu,301,none
malsin.cz,HttpConnectTimeoutException: HTTP connect timed out,10 smtp.sshosting.cz.
malsovice.cz,405,none
maly-beranov.cz,301,none
maly-bor.cz,302,none
malyujezd.cz,302,none
manetin.cz,302,none
mankovice.cz,302,none
manoviceupacejova.cz,SSLHandshakeException: Remote host terminated the handshake,none
marianskeradcice.cz,301,none
markvartice.cz,301,none
markvarticejc.cz,302,none
markvartovice.cz,302,none
marsov.cz,HttpConnectTimeoutException: HTTP connect timed out,none
martineves.cz,200,none
martinice.cz,SSLHandshakeException: (certificate_unknown) No subject alternative DNS name matching martinice.cz found.,none
martinice.eu,301,11 pecari-mail.xart.cz.
martiniceuonsova.cz,302,none
martinicevkrk.cz,301,10 mail.antee.cz.; 20 backup.antee.cz.
martinkov.cz,200,none
martinkovice.cz,302,none
mas-aktivios.cz,HttpConnectTimeoutException: HTTP connect timed out,none
mas.nepomucko.cz,403,none
masceskyles.cz,302,none
maslojedy.cz,301,none
maslovice.cz,HttpConnectTimeoutException: HTTP connect timed out,none
masojedy.cz,HttpConnectTimeoutException: HTTP connect timed out,none
masovice.cz,HttpConnectTimeoutException: HTTP connect timed out,none
mastov.cz,302,none
matejov.cz,HttpConnectTimeoutException: HTTP connect timed out,none
mazelov.cz,301,none
mazice.cz,301,none
mb-net.cz,HttpConnectTimeoutException: HTTP connect timed out,none
mbudejovice.cz,405,5 mbudejovice-cz.mail.protection.outlook.com.
mcivanovice.cz,301,none
mcslatina.cz,301,none
mdcr.cz,HttpConnectTimeoutException: HTTP connect timed out,none
meceriz.cz,HttpConnectTimeoutException: HTTP connect timed out,none
mechenice.cz,HttpConnectTimeoutException: HTTP connect timed out,none
mecholupy-sc.cz,302,none
mecholupyublovic.cz,302,10 posta.gc-system.cz.
mecichov.cz,200,none
mecin.cz,HttpConnectTimeoutException: HTTP connect timed out,10 posta.gc-system.cz.
medenec.cz,302,none
medlanky.cz,HttpConnectTimeoutException: HTTP connect timed out,none
medlice.cz,302,10 posta.gc-system.cz.
medlovice.cz,302,none
mekynec.cz,302,none
melcany.cz,302,none
melnickevtelno.cz,302,10 posta.gc-system.cz.
melnik.cz,200,none
menany.eu,302,none
menhartice.cz,302,none
menik.cz,301,none
menin.cz,200,none
meprague.org,301,none
merboltice.cz,302,10 posta.gc-system.cz.
merin.cz,301,none
merklin.cz,HttpConnectTimeoutException: HTTP connect timed out,none
merotin.cz,200,none
merovicenh.cz,301,none
merunice.cz,302,none
mesice.org,302,none
mesin.cz,200,10 mailin1.mesin.cz.; 100 mailin2.mesin.cz.
mesno.cz,HttpConnectTimeoutException: HTTP connect timed out,10 posta.gc-system.cz.
mesta.obce.cz,200,none
mesteckralove.cz,302,none
mesto-abertamy.cz,302,none
mesto-albrechtice.cz,302,none
mesto-blatna.cz,302,none
mesto-bochov.cz,302,none
mesto-brandys.cz,200,none
mesto-chlumec.cz,HttpConnectTimeoutException: HTTP connect timed out,none
mesto-chribska.cz,301,none
mesto-desna.cz,301,none
mesto-doksy.cz,405,none
mesto-dubi.cz,302,none
mesto-horovice.eu,302,none
mesto-hranice.cz,HttpConnectTimeoutException: HTTP connect timed out,none
mesto-humpolec.cz,SSLHandshakeException: (certificate_unknown) No subject alternative DNS name matching mesto-humpolec.cz found.,none
mesto-jemnice.cz,200,none
mesto-jirikov.cz,200,20 mx2.savana.cz.; 10 mx1.savana.cz.
mesto-kadan.cz,301,none
mesto-klimkovice.cz,HttpConnectTimeoutException: HTTP connect timed out,none
mesto-krasno.cz,HttpConnectTimeoutException: HTTP connect timed out,none
mesto-kunovice.cz,HttpConnectTimeoutException: HTTP connect timed out,10 ms.mesto-kunovice.cz.
mesto-libava.eu,302,none
mesto-lipnik.cz,200,none
mesto-lom.cz,HttpConnectTimeoutException: HTTP connect timed out,none
mesto-milovice.cz,HttpConnectTimeoutException: HTTP connect timed out,8 mestomilovice-cz01c.mail.protection.outlook.com.
mesto-miroslav.cz,200,none
mesto-modrice.cz,HttpConnectTimeoutException: HTTP connect timed out,none
mesto-nymburk.cz,HttpConnectTimeoutException: HTTP connect timed out,none
mesto-paskov.cz,302,none
mesto-pisek.cz,HttpConnectTimeoutException: HTTP connect timed out,none
mesto-polna.cz,HttpConnectTimeoutException: HTTP connect timed out,none
mesto-rakovnik.cz,302,none
mesto-rokytnice.cz,301,none
mesto-sadska.cz,HttpConnectTimeoutException: HTTP connect timed out,none
mesto-sedlcany.cz,HttpConnectTimeoutException: HTTP connect timed out,none
mesto-senov.cz,HttpConnectTimeoutException: HTTP connect timed out,none
mesto-slavicin.cz,HttpConnectTimeoutException: HTTP connect timed out,none
mesto-sluknov.cz,SSLHandshakeException: (certificate_unknown) No subject alternative DNS name matching mesto-sluknov.cz found.,none
mesto-studenka.cz,302,none
mesto-trebenice.cz,405,20 mta.vshosting.eu.; 10 mta.vshosting.cloud.
mesto-trebon.cz,200,none
mesto-uh.cz,301,none
mesto-ustek.cz,200,none
mesto-utery.cz,302,none
mesto-votice.cz,301,none
mesto-vysluni.cz,HttpConnectTimeoutException: HTTP connect timed out,none
mesto-zatec.cz,302,none
mesto-zdice.cz,302,10 mxavas.forpsi.com.
mesto-zruc.cz,302,none
mesto-zubri.cz,301,none
mestobechyne.cz,301,none
mestoborohradek.cz,301,none
mestobustehrad.cz,HttpConnectTimeoutException: HTTP connect timed out,none
mestobystrice.cz,302,10 mail.mestobystrice.cz.; 100 mail.czechhosting.com.
mestocernosice.cz,302,none
mestocernovice.cz,302,none
mestochrast.cz,301,none
mestochyse.cz,302,10 posta.gc-system.cz.
mestodobris.cz,405,none
mestodobruska.cz,302,1 mail.mestodobruska.cz.
mestoduba.cz,302,none
mestohabartov.cz,200,none
mestohejnice.cz,301,none
mestohluk.cz,302,none
mestoholice.cz,307,none
mestoholysov.cz,405,0 mestoholysov-cz.mail.protection.outlook.com.
mestohradek-ro.cz,302,none
mestohranice.cz,302,none
mestohrob.cz,302,none
mestohronov.cz,HttpConnectTimeoutException: HTTP connect timed out,none
mestohroznetin.cz,HttpConnectTimeoutException: HTTP connect timed out,10 mxavas.forpsi.com.
mestojachymov.cz,HttpConnectTimeoutException: HTTP connect timed out,none
mestojanov.cz,200,none
mestojavornik.cz,HttpConnectTimeoutException: HTTP connect timed out,none
mestojilemnice.cz,302,none
mestokaplice.cz,301,none
mestokladno.cz,HttpConnectTimeoutException: HTTP connect timed out,none
mestokourim.cz,200,none
mestokralupy.cz,HttpConnectTimeoutException: HTTP connect timed out,none
mestoliban.cz,301,none
mestolibusin.cz,HttpConnectTimeoutException: HTTP connect timed out,none
mestoluby.cz,302,none
mestolysa.cz,HttpConnectTimeoutException: HTTP connect timed out,none
mestomimon.cz,302,none
mestomseno.cz,HttpConnectTimeoutException: HTTP connect timed out,none
mestomyto.cz,HttpConnectTimeoutException: HTTP connect timed out,none
mestonachod.cz,200,none
mestonovesedlo.cz,302,10 gate.mestonovesedlo.cz.; 20 relay.zoner.com.
mestonovyknin.cz,302,0 mestonovyknin-cz.mail.protection.outlook.com.
mestopacov.cz,200,none
mestopelhrimov.cz,301,none
mestoplasy.cz,ConnectException,none
mestoplesna.cz,302,0 mestoplesna-cz.mail.protection.outlook.com.
mestoplumlov.cz,200,none
mestoprelouc.cz,302,none
mestoprimda.cz,302,10 posta.gc-system.cz.
mestoprosec.cz,301,none
mestorabi.cz,301,0 mestorabi-cz.mail.protection.outlook.com.
mestoradnice.cz,302,10 posta.gc-system.cz.
mestoralsko.cz,200,none
mestorotava.cz,HttpConnectTimeoutException: HTTP connect timed out,0 mestorotava-cz.mail.protection.outlook.com.
mestorozmberk.cz,HttpConnectTimeoutException: HTTP connect timed out,none
mestorudna.cz,HttpConnectTimeoutException: HTTP connect timed out,none
mestorudolfov.cz,302,none
mestosazava.cz,302,none
mestosec.cz,200,none
mestosedlice.cz,302,none
mestosmirice.cz,405,none
mestostankov.cz,302,6 gw.mestostankov.cz.; 5 mail.mestostankov.cz.
mestostod.cz,200,none
mestosusice.cz,302,none
mestotrmice.cz,405,none
mestotynec.cz,301,none
mestouvaly.cz,301,none
mestovizovice.cz,200,none
mestovolary.cz,302,none
mestovracov.cz,301,10 mail.mestovracov.cz.
mestovsetin.cz,200,none
mestovyssibrod.cz,HttpConnectTimeoutException: HTTP connect timed out,none
mestozbysov.cz,HttpConnectTimeoutException: HTTP connect timed out,none
mestozebrak.cz,HttpConnectTimeoutException: HTTP connect timed out,none
mestys-brezova.cz,HttpConnectTimeoutException: HTTP connect timed out,none
mestys-cechtice.cz,301,20 5750dacd01886c3d.mx1.emailprofi.seznam.cz.; 10 5750dacd01886c3d.mx2.emailprofi.seznam.cz.
mestys-karlstejn.cz,302,10 posta.gc-system.cz.
mestys-knezeves.cz,302,none
mestys-krivoklat.cz,302,none
mestys-krivsoudov.cz,HttpConnectTimeoutException: HTTP connect timed out,none
mestys-olbramovice.cz,HttpConnectTimeoutException: HTTP connect timed out,none
mestys-pecka.cz,HttpConnectTimeoutException: HTTP connect timed out,none
mestys-starec.eu,302,none
mestys-svitavka.cz,HttpConnectTimeoutException: HTTP connect timed out,none
mestys-vemyslice.cz,302,none
mestys-vsetaty.cz,302,none
mestysblizkovice.cz,302,none
mestysbobrova.cz,HttpConnectTimeoutException: HTTP connect timed out,none
mestysbudisov.cz,HttpConnectTimeoutException: HTTP connect timed out,none
mestyskninice.cz,HttpConnectTimeoutException: HTTP connect timed out,none
mestyskolovec.cz,301,20 8799cff3cf5bd1e1.mx1.emailprofi.seznam.cz.; 10 8799cff3cf5bd1e1.mx2.emailprofi.seznam.cz.
mestyslaznetousen.cz,200,none
mestyslevin.cz,SSLHandshakeException: Remote host terminated the handshake,none
mestysliten.cz,200,0 mestysliten-cz.mail.protection.outlook.com.
mestysmarsovice.cz,302,none
mestysmedlov.cz,301,none
mestysmladebuky.cz,200,none
mestysmrakotin.cz,405,none
mestyspodhradi.cz,301,10 mail.antee.cz.; 20 backup.antee.cz.
mestyssloup.cz,302,none
mestysstrazek.cz,200,none
mestyssvatava.cz,301,none
mestyssvojanov.cz,200,none
mestysvladislav.cz,302,none
mestysvrany.cz,301,none
mestysvrchotovyjanovice.cz,HttpConnectTimeoutException: HTTP connect timed out,none
mestyszdislava.cz,HttpConnectTimeoutException: HTTP connect timed out,10 posta.gc-system.cz.
metylovice.cz,HttpConnectTimeoutException: HTTP connect timed out,none
meu-police.cz,302,none
meucaslav.cz,301,none
meulovo.cz,405,10 mgw.netlancers.cz.
meuslany.cz,405,none
mezholezy.cz,302,0 mezholezy-cz.mail.protection.outlook.com.
mezibori.cz,405,none
mezihori.eu,302,none
mezileci.cz,302,none
mezilesi.cz,200,none
mezimesti.cz,405,none
mezina.cz,302,none
mezna.cz,405,none
mezno.cz,301,none
mezoun.cz,HttpConnectTimeoutException: HTTP connect timed out,none
mfa.bg,302,none
mfa.gr,403,none
mfcr.cz,308,none
michalkovice.cz,HttpConnectTimeoutException: HTTP connect timed out,none
michalovice.com,200,none
micov-susice.cz,HttpConnectTimeoutException: HTTP connect timed out,none
micovice.cz,HttpConnectTimeoutException: HTTP connect timed out,none
mikolajice.cz,HttpConnectTimeoutException: HTTP connect timed out,none
mikro-uslava.cz,HttpConnectTimeoutException: HTTP connect timed out,none
mikroregion-frydlantsko.cz,HttpConnectTimeoutException: HTTP connect timed out,none
mikroregion-perucko.cz,200,none
mikroregion-radbuza.cz,302,none
mikroregion-rajhradsko.cz,HttpConnectTimeoutException: HTTP connect timed out,none
mikroregion-vsetinsko.cz,HttpConnectTimeoutException: HTTP connect timed out,none
mikroregion.pel.cz,ConnectException,none
mikroregionkahan.cz,HttpConnectTimeoutException: HTTP connect timed out,none
mikroregionpodchlumem.cz,HttpConnectTimeoutException: HTTP connect timed out,10 posta.gc-system.cz.
mikroregiontelcsko.cz,HttpConnectTimeoutException: HTTP connect timed out,10 mxavas.forpsi.com.
mikroregionvmb.cz,301,none
mikroregionvoticko.cz,SSLHandshakeException: (certificate_unknown) No subject alternative DNS name matching mikroregionvoticko.cz found.,none
mikulasovice.cz,301,none
mikulcice.cz,302,none
mikulov.cz,301,none
mikulovice.cz,HttpConnectTimeoutException: HTTP connect timed out,none
mikulovice.eu,301,none
mikuluvka.cz,HttpConnectTimeoutException: HTTP connect timed out,none
milasin.cz,HttpConnectTimeoutException: HTTP connect timed out,10 mail.antee.cz.; 20 backup.antee.cz.
milavce.cz,302,none
milejovice.cz,301,10 mx1.active24.com.; 20 mx2.active24.com.
milenov.cz,301,none
milesin.cz,301,none
milesov.cz,405,none
milesovice.cz,302,none
miletin.cz,301,none
milevsko-mesto.cz,301,none
milhostov.cz,302,none
milicin.eu,302,none
milicov.eu,301,none
milicovice.cz,301,20 mail.platron.cz.
milikov.cz,301,none
milin.cz,HttpConnectTimeoutException: HTTP connect timed out,none
milonice.cz,302,10 posta.gc-system.cz.
milonovice.cz,302,none
milostovice.opava-city.cz,HttpConnectTimeoutException: HTTP connect timed out,none
milotice.cz,302,none
miloticenadbecvou.cz,302,none
miloticenadopavou.cz,302,none
miloviceuhoric.cz,302,none
mirejovice.cz,302,none
miretice.cz,302,none
miretice.eu,302,10 posta.gc-system.cz.
mirkov.cz,302,none
mirkovice.cz,301,none
miroslavske-kninice.cz,301,20 backup.antee.cz.; 10 mail.antee.cz.
mirosov.cz,302,none
mirosovice.cz,302,none
mirotice.cz,302,none
mirova.cz,302,none
mirovice-mesto.cz,200,none
miskovice-kh.cz,200,none
misov.cz,200,none
misovice.cz,405,none
mistrice.cz,200,none
mistrovice.cz,302,10 posta.gc-system.cz.
mkrumlov.cz,HttpConnectTimeoutException: HTTP connect timed out,10 mail.mkrumlov.cz.
mladebriste.cz,HttpConnectTimeoutException: HTTP connect timed out,none
mladec.cz,301,5 mladec-cz.mail.protection.outlook.com.
mladecko.cz,HttpConnectTimeoutException: HTTP connect timed out,none
mladejovice.cz,302,none
mladejovnamorave.cz,HttpConnectTimeoutException: HTTP connect timed out,none
mladkov.cz,302,none
mladonovice.cz,HttpConnectTimeoutException: HTTP connect timed out,none
mladotice.cz,302,none
mladysmolivec.cz,HttpConnectTimeoutException: HTTP connect timed out,none
mlazovice.cz,301,none
mlecice.cz,302,none
mlekojedy.eu,302,10 posta.gc-system.cz.
mlekosrby.cz,200,none
mlynskestruhadlo.cz,302,none
mmdecin.cz,301,none
mmkv.cz,301,none
mmr.cz,301,none
mnetes.cz,200,10 64fd013f2f5e8a8d.mx2.emailprofi.seznam.cz.; 20 64fd013f2f5e8a8d.mx1.emailprofi.seznam.cz.
mnhradiste.cz,301,none
mnich.cz,301,none
mnichov.info,301,none
mnichovice.info,301,none
mnisek.cz,301,none
mnves.cz,302,none
mocerady.cz,301,none
mochov.cz,302,none
mochtin.cz,302,none
mocovice.cz,302,none
modlany.cz,200,none
modletice.cz,302,0 modletice-cz.mail.protection.outlook.com.
modlikov.cz,HttpConnectTimeoutException: HTTP connect timed out,none
modrahurka.cz,HttpConnectTimeoutException: HTTP connect timed out,none
modrehory.cz,301,none
modrisice.cz,302,none
mofaic.gov.ae,IOException: HTTP/1.1 header parser received no bytes,none
mohelnice-nad-jizerou.cz,301,none
mohelnice.cz,HttpConnectTimeoutException: HTTP connect timed out,5 mail.mohelnice.cz.
mohelno-obec.cz,200,none
mojne.cz,HttpConnectTimeoutException: HTTP connect timed out,none
mokra-horakov.cz,200,none
mokrelazce.cz,302,none
mokrosuky.cz,302,none
mokrouse.cz,302,none
mokrovousy.cz,301,none
mokrovraty-obec.cz,302,none
mokrylom.cz,301,none
moldava.cz,302,none
morasice.cz,HttpConnectTimeoutException: HTTP connect timed out,none
morasiceuznojma.cz,200,none
moravanyubrna.cz,HttpConnectTimeoutException: HTTP connect timed out,10 mail.moravanyubrna.cz.
moraveckepavlovice.cz,HttpConnectTimeoutException: HTTP connect timed out,none
moravka.info,301,10 mxavas.forpsi.com.
moravskatrebova.cz,HttpConnectTimeoutException: HTTP connect timed out,10 mail.moravskatrebova.cz.
moravskebranice.cz,HttpConnectTimeoutException: HTTP connect timed out,none
moravskekninice.cz,HttpConnectTimeoutException: HTTP connect timed out,none
moravskemalkovice.cz,HttpConnectTimeoutException: HTTP connect timed out,none
moravskypisek.cz,302,0 moravskypisek-cz.mail.protection.outlook.com.
moravskyzizkov.cz,HttpConnectTimeoutException: HTTP connect timed out,none
morberoun.cz,200,10 10mx.zoner.com.; 15 15mx.zoner.com.; 1 relay.zoner.com.
morice.cz,HttpConnectTimeoutException: HTTP connect timed out,none
morina.cz,HttpConnectTimeoutException: HTTP connect timed out,20 e1a34c19149786be.mx1.emailprofi.seznam.cz.; 10 e1a34c19149786be.mx2.emailprofi.seznam.cz.
morinka.eu,301,none
morkovice-slizany.cz,302,none
morkuvky.cz,200,none
mosnov.cz,301,none
mostek-uo.cz,HttpConnectTimeoutException: HTTP connect timed out,none
mostek.cz,302,none
mostkovice.cz,HttpConnectTimeoutException: HTTP connect timed out,none
mostyujablunkova.cz,301,none
mouchnice.cz,301,none
mourinov.cz,200,none
mppraha.info,301,none
mpsv.cz,301,0 mpsv-cz.u-v1.mx.microsoft.
mrac.cz,SSLHandshakeException: (certificate_unknown) No subject alternative DNS name matching mrac.cz found.,10 exmail.svetit.cz.; 20 sirmufvirt.svetit.cz.; 30 hal.svetit.cz.
mrakov.cz,HttpConnectTimeoutException: HTTP connect timed out,none
mratin.cz,HttpConnectTimeoutException: HTTP connect timed out,none
mricna.cz,HttpConnectTimeoutException: HTTP connect timed out,none
mrkralovstvi.cz,301,none
mrlinek.eu,200,1 wes1-mx1.wedos.net.; 1 wes1-mx2.wedos.net.
mrsklesy.cz,301,none
mrtnik.cz,302,none
mrzky.cz,302,none
msecke-zehrovice.cz,302,none
msene-lazne.cz,200,none
mskocov.cz,405,none
mtd-ustrasice.cz,301,10 mailin1.mtd-ustrasice.cz.; 100 mailin2.mtd-ustrasice.cz.
mtrnavka.cz,302,10 4d2b576fd195b2f7.mx2.emailprofi.seznam.cz.; 20 4d2b576fd195b2f7.mx1.emailprofi.seznam.cz.
mu-brezova.cz,HttpConnectTimeoutException: HTTP connect timed out,0 mubrezova-cz0e.mail.protection.outlook.com.; 10 ns.mu-brezova.cz.
mu-bridlicna.cz,200,none
mu-klecany.cz,HttpConnectTimeoutException: HTTP connect timed out,none
mu-lostice.cz,HttpConnectTimeoutException: HTTP connect timed out,none
mu-mohelnice.cz,301,5 mail.mohelnice.cz.
mu-staremesto.cz,HttpConnectTimeoutException: HTTP connect timed out,none
mu-vozice.cz,HttpConnectTimeoutException: HTTP connect timed out,none
muas.cz,200,0 muas-cz.mail.protection.outlook.com.
mubela.cz,301,none
mubor.cz,302,none
mubruntal.cz,200,none
muchropyne.cz,302,none
mucl.cz,301,none
mufrenstat.cz,200,none
mufrlazne.cz,301,none
muhartmanice.cz,302,none
muhb.cz,301,none
muhradec.cz,302,none
mujesenice.cz,200,none
mujicin.cz,301,none
mujilove.cz,301,none
mukarov.cz,301,0 mukarov-cz.mail.protection.outlook.com.
mukolin.cz,200,none
mulitvinov.cz,200,10 mulitvinov-cz.mail.protection.outlook.com.
mulouny.cz,301,none
muml.cz,302,none
munovapaka.cz,HttpConnectTimeoutException: HTTP connect timed out,none
muprotivin.cz,HttpConnectTimeoutException: HTTP connect timed out,none
musvoboda.cz,HttpConnectTimeoutException: HTTP connect timed out,0 musvoboda-cz.mail.protection.outlook.com.
mutejovice.cz,HttpConnectTimeoutException: HTTP connect timed out,none
mutenice.cz,200,none
mutenin.cz,302,none
mutkov.cz,302,none
muunhost.cz,200,10 mx.skok.cz.; 20 mxbackup.skok.cz.
muvrchlabi.cz,302,0 mail.muvrchlabi.cz.
muzdanice.cz,200,none
mvcr.cz,301,none
mydlovary.cz,302,none
myslejovice.cz,302,none
mysletin.cz,301,20 backup.antee.cz.; 10 mail.antee.cz.
myslibor.imunis.cz,200,none
mysliborice.cz,200,none
myslin-obec.cz,200,10 mail.myslin-obec.cz.
myslinka.cz,302,none
myslkovice.cz,301,none
myslocovice.cz,301,none
myslovice.cz,302,10 posta.gc-system.cz.
mysteves.cz,301,20 backup.antee.cz.; 10 mail.antee.cz.
mzcr.cz,301,10 mzcr-cz.k-v1.mx.microsoft.
mzv.cz,302,none
mzv.sk,301,10 mail.gov.sk.
nabocany.cz,301,none
naceradec.cz,200,none
nacesice.eu,302,none
nacr.cz,HttpConnectTimeoutException: HTTP connect timed out,none
nadejkov.cz,SSLHandshakeException: (certificate_unknown) No subject alternative DNS name matching nadejkov.cz found.,none
nadejov.cz,200,none
nadryby.cz,302,none
nahorany.eu,200,none
nahosovice.cz,HttpConnectTimeoutException: HTTP connect timed out,none
nakit.cz,200,none
naklo.cz,HttpConnectTimeoutException: HTTP connect timed out,none
nakri.cz,302,10 posta.gc-system.cz.
naloucany.cz,200,10 mail.naloucany.cz.; 20 ns2.pipni.cz.
nalzovice.cz,302,none
nalzovskehory.cz,302,none
namestnahane.cz,302,none
namestnosl.cz,200,none
namestsko.cz,ConnectException,none
napajedla.cz,302,none
naramec.cz,302,none
narysov.cz,302,none
nasavrky.cz,405,none
nasavrkyuo.cz,200,none
nasimerice.cz,HttpConnectTimeoutException: HTTP connect timed out,none
nauvs.cz,HttpConnectTimeoutException: HTTP connect timed out,none
navojna.cz,302,none
navsi.cz,HttpConnectTimeoutException: HTTP connect timed out,10 efd91710663eecbc.mx1.emailprofi.seznam.cz.; 20 efd91710663eecbc.mx2.emailprofi.seznam.cz.
nebahovy.cz,HttpConnectTimeoutException: HTTP connect timed out,none
nebanice.cz,HttpConnectTimeoutException: HTTP connect timed out,10 posta.gc-system.cz.
nebovidy.eu,200,20 9f95dceb83afe6b7.mx1.emailprofi.seznam.cz.; 10 9f95dceb83afe6b7.mx2.emailprofi.seznam.cz.
nebovidyubrna.cz,HttpConnectTimeoutException: HTTP connect timed out,none
nebrehovice.cz,HttpConnectTimeoutException: HTTP connect timed out,none
nebuzely.cz,HttpConnectTimeoutException: HTTP connect timed out,none
nechanice.cz,HttpConnectTimeoutException: HTTP connect timed out,none
nechanicko.cz,301,20 backup.antee.cz.; 10 mail.antee.cz.
nechvalin.cz,HttpConnectTimeoutException: HTTP connect timed out,none
necin.cz,HttpConnectTimeoutException: HTTP connect timed out,none
nectiny.cz,HttpConnectTimeoutException: HTTP connect timed out,10 posta.gc-system.cz.
nedabyle.cz,HttpConnectTimeoutException: HTTP connect timed out,none
nedachlebice.cz,HttpConnectTimeoutException: HTTP connect timed out,none
nedasov.cz,302,none
nedasovalhota.cz,302,none
nedeliste.cz,HttpConnectTimeoutException: HTTP connect timed out,10 email4.webglobe.cz.; 10 email.webglobe.cz.; 10 email3.webglobe.cz.; 10 email2.webglobe.cz.
nedomice.cz,HttpConnectTimeoutException: HTTP connect timed out,none
nedrahovice.cz,301,none
nedvedice.cz,301,none
nehodiv.cz,200,none
nehvizdy.cz,302,none
nejepin.cz,HttpConnectTimeoutException: HTTP connect timed out,none
nekmir.cz,302,none
nekor.cz,301,none
nelahozeves.cz,302,none
nelepec-zernuvka.cz,302,none
nelesovice.cz,301,none
nemcany.cz,302,none
nemcice-mb.cz,200,none
nemcice-pt.cz,405,none
nemcice.eu,ConnectException,none
nemcicenh.cz,200,none
nemciceukdyne.cz,302,none
nemciceuvolyne.cz,301,none
nemcicky.cz,301,none
nemcickyubrna.cz,301,none
nemcovice.cz,HttpConnectTimeoutException: HTTP connect timed out,10 mail.c.ferschmann.cz.
nemile.cz,HttpConnectTimeoutException: HTTP connect timed out,30 aspmx3.googlemail.com.; 20 alt1.aspmx.l.google.com.; 30 aspmx5.googlemail.com.; 30 aspmx2.googlemail.com.; 20 alt2.aspmx.l.google.com.; 30 aspmx4.googlemail.com.; 10 aspmx.l.google.com.
nemochovice.eu,200,none
nemojany.cz,HttpConnectTimeoutException: HTTP connect timed out,none
nemojov.com,200,none
nemotice.cz,HttpConnectTimeoutException: HTTP connect timed out,none
nemyceves.cz,HttpConnectTimeoutException: HTTP connect timed out,none
nemysl.cz,301,none
nemyslovice.cz,200,none
nenacovice.cz,301,20 backup.antee.cz.; 10 mail.antee.cz.
nenkovice.cz,301,none
neplachov.cz,301,20 backup.antee.cz.; 10 mail.antee.cz.
neplachovice.cz,302,10 posta.gc-system.cz.
nepolisy.cz,302,none
nepomerice.cz,302,none
nepomuk-pb.cz,200,none
nepomuk.cz,302,none
nepomysl.snadno.eu,200,none
neprobylice.com,301,none
neratov-novinsko.cz,301,none
neratovice.cz,405,none
nerestce.cz,HttpConnectTimeoutException: HTTP connect timed out,none
neslovice.cz,HttpConnectTimeoutException: HTTP connect timed out,none
nesovice.cz,200,10 mxavas.forpsi.com.
nespeky.com,302,0 nespeky-com.mail.protection.outlook.com.
nestrasovice.cz,HttpConnectTimeoutException: HTTP connect timed out,none
nesvacilka.cz,HttpConnectTimeoutException: HTTP connect timed out,none
nesvacily.cz,HttpConnectTimeoutException: HTTP connect timed out,10 mail.nesvacily.cz.
netolice.cz,302,none
netrebice.cz,200,none
netunice.cz,HttpConnectTimeoutException: HTTP connect timed out,none
netvorice.cz,HttpConnectTimeoutException: HTTP connect timed out,none
neubuz.cz,HttpConnectTimeoutException: HTTP connect timed out,none
neumer.cz,302,none
neurazy.cz,200,none
neustupov.cz,200,10 mx.vshosting.cloud.; 20 mx.vshosting.eu.
nevcehle-obec.cz,200,10 mta.vshosting.cloud.; 20 mta.vshosting.eu.
neveklov.cz,302,none
nevezice.cz,302,none
nevojice.cz,302,none
nevolice.cz,301,none
nevren.cz,301,10 beta.jtj.cz.; 20 gama.jtj.cz.
nezabylice.cz,302,none
nezamyslice.cz,301,none
nezbavetice.cz,302,none
nezdenice.cz,302,none
nezdicenasumave.cz,302,none
nezvestice.cz,HttpConnectTimeoutException: HTTP connect timed out,10 mx.zoho.com.; 20 mx2.zoho.com.
nicov.cz,HttpConnectTimeoutException: HTTP connect timed out,none
nihosovice.cz,SSLHandshakeException: (certificate_unknown) PKIX path building failed: sun.security.provider.certpath.SunCertPathBuilderException: unable to find valid certification path to requested target,none
nihov.cz,HttpConnectTimeoutException: HTTP connect timed out,10 mail.wp-hosting.eu.
nikolcice.cz,HttpConnectTimeoutException: HTTP connect timed out,none
nimerice.cz,HttpConnectTimeoutException: HTTP connect timed out,none
nimpsov.cz,HttpConnectTimeoutException: HTTP connect timed out,none
nipos.cz,301,0 nipos-cz.mail.protection.outlook.com.
nisovice.cz,302,none
nitkovice.cz,302,none
nivnice.cz,302,10 nivnice-cz.mail.protection.outlook.com.
nizkov.cz,302,none
nizkovice.cz,200,none
niznilhoty.cz,301,10 mx1.wedos.mx.; 10 mx1.wedos.email.; 20 mx1.wedos.online.; 10 mx1.wedos.com.; 10 mx1.wedos.global.
nkp.cz,303,none
nku.cz,200,20 emx2.nku.cz.; 10 emx1.nku.cz.
nmnm.cz,302,none
nmps.cz,301,none
norbercany.cz,302,none
norway.no,301,none
nosalov.cz,301,none
nosislav.cz,200,none
nosovice.cz,HttpConnectTimeoutException: HTTP connect timed out,none
nova-telib.cz,HttpConnectTimeoutException: HTTP connect timed out,none
nova-ves.cz,HttpConnectTimeoutException: HTTP connect timed out,none
nova-ves.eu,302,10 mxavas.forpsi.com.
novabukova.cz,HttpConnectTimeoutException: HTTP connect timed out,none
novabystrice.cz,HttpConnectTimeoutException: HTTP connect timed out,none
novacerekev.cz,HttpConnectTimeoutException: HTTP connect timed out,none
novadedina.cz,HttpConnectTimeoutException: HTTP connect timed out,none
novahradecna.cz,HttpConnectTimeoutException: HTTP connect timed out,10 mxavas.forpsi.com.
novaolesna.cz,HttpConnectTimeoutException: HTTP connect timed out,none
novapec.eu,ConnectException,none
novaplan.cz,HttpConnectTimeoutException: HTTP connect timed out,none
novarise.cz,HttpConnectTimeoutException: HTTP connect timed out,none
novarole.cz,HttpConnectTimeoutException: HTTP connect timed out,20 f13dab9981a8b2c3.mx1.emailprofi.seznam.cz.; 10 f13dab9981a8b2c3.mx2.emailprofi.seznam.cz.
novasidla.cz,HttpConnectTimeoutException: HTTP connect timed out,none
novaves-bv.cz,HttpConnectTimeoutException: HTTP connect timed out,none
novaves-ck.cz,HttpConnectTimeoutException: HTTP connect timed out,20 backup.antee.cz.; 10 mail.antee.cz.
novaves-so.cz,HttpConnectTimeoutException: HTTP connect timed out,none
novaves.cz,HttpConnectTimeoutException: HTTP connect timed out,none
novaves.net,HttpConnectTimeoutException: HTTP connect timed out,none
novaveskd.cz,301,none
novavesln.cz,302,none
novavesnadluznici.cz,302,none
novavesnadpopelkou.cz,200,none
novavesnm.cz,200,10 mail.novavesnm.cz.
novavesnn.cz,302,none
novavesobec.cz,200,10 amanita.jed.cz.
novavespodplesi.cz,302,0 novavespodplesi-cz.mail.protection.outlook.com.
novavesubakova.cz,301,none
novavesuchot.cz,301,none
novavesuchynova.cz,302,none
novavesulestiny.cz,301,none
novavesusvetle.cz,302,none
novavesvhorach.cz,302,none
novaveszr.cz,301,none
nove-dvory.cz,302,none
nove-sedlo.cz,302,none
novebranice.cz,405,none
novedvory-pb.cz,302,none
novedvory.cz,302,none
novedvory.eu,HttpConnectTimeoutException: HTTP connect timed out,none
novehamry.eu,HttpConnectTimeoutException: HTTP connect timed out,none
noveherminovy.eu,HttpConnectTimeoutException: HTTP connect timed out,none
novehrady.cz,302,none
novelublice.cz,302,none
novemestonm.cz,302,0 novemestonm-cz.mail.protection.outlook.com.
novemitrovice.cz,200,none
novesady.cz,200,none
novesedlice.cz,HttpConnectTimeoutException: HTTP connect timed out,10 posta.gc-system.cz.
novestraseci.cz,302,none
novesyrovice.cz,405,10 mail.novesyrovice.cz.
noveveseli.cz,SSLHandshakeException: (certificate_unknown) No subject alternative DNS name matching noveveseli.cz found.,50 5b25fd141c662bff.mx1.emailprofi.seznam.cz.; 40 5b25fd141c662bff.mx2.emailprofi.seznam.cz.
novinypodralskem.cz,301,none
novosedlice.cz,405,none
novosedly.cz,302,10 posta.gc-system.cz.
novosedly.info,HttpConnectTimeoutException: HTTP connect timed out,none
novosedlynamorave.cz,301,10 mail.datatech.cz.
novy-hradek.cz,301,none
novy-kostel.cz,200,none
novy-liskovec.cz,405,none
novy-ples.cz,301,none
novybydzov.cz,HttpConnectTimeoutException: HTTP connect timed out,none
novyhrozenkov.cz,200,none
novyjicin.cz,HttpConnectTimeoutException: HTTP connect timed out,20 smtp2.lumatech.cz.; 10 gw.novyjicin.cz.
novyjimramov.cz,200,none
novykramolin.cz,HttpConnectTimeoutException: HTTP connect timed out,none
novymalin.cz,HttpConnectTimeoutException: HTTP connect timed out,10 mx1.wedos.email.; 10 mx1.wedos.online.; 10 mx1.wedos.global.; 10 mx1.wedos.mx.; 10 mx1.wedos.com.
novypoddvorov.cz,HttpConnectTimeoutException: HTTP connect timed out,none
novyprerov.cz,HttpConnectTimeoutException: HTTP connect timed out,none
novyrychnov.cz,HttpConnectTimeoutException: HTTP connect timed out,none
novyteleckov.cz,HttpConnectTimeoutException: HTTP connect timed out,none
npu.cz,HttpConnectTimeoutException: HTTP connect timed out,none
nsoud.cz,301,10 ms.justice.cz.
nssoud.cz,301,10 ms.justice.cz.
nucice.eu,HttpConnectTimeoutException: HTTP connect timed out,none
nupaky.info,HttpConnectTimeoutException: HTTP connect timed out,none
nydek.cz,302,none
nyrany.cz,302,none
nyrov.cz,200,10 nyrov-cz.mail.protection.outlook.com.
ob-vis.net,HttpConnectTimeoutException: HTTP connect timed out,none
obcemetuje.cz,SSLHandshakeException: (certificate_unknown) PKIX path building failed: sun.security.provider.certpath.SunCertPathBuilderException: unable to find valid certification path to requested target,1 wes1-mx1.wedos.net.; 1 wes1-mx2.wedos.net.
obec-basnice.cz,302,none
obec-bdin.cz,302,none
obec-beharovice.cz,302,none
obec-bela.cz,302,none
obec-beloky.cz,302,none
obec-bitouchov.cz,302,none
obec-bitov.cz,302,none
obec-blatnice.cz,302,none
obec-blatno.cz,302,none
obec-blazim.cz,302,none
obec-bohuslavice.cz,301,none
obec-bohutin.cz,302,none
obec-bojanovice.cz,302,none
obec-bolkov.cz,302,none
obec-borec.cz,200,none
obec-borek.eu,HttpConnectTimeoutException: HTTP connect timed out,none
obec-borice.cz,302,0 obecborice-cz01b.mail.protection.outlook.com.
obec-borislav.cz,302,none
obec-borovnice.cz,302,none
obec-bosovice.cz,301,none
obec-bouzov.cz,301,none
obec-brambory.cz,302,none
obec-bratrejov.cz,302,none
obec-brest.cz,302,none
obec-brezany.cz,302,10 mx1-eu.mtaroutes.com.; 30 mx3-eu.mtaroutes.com.; 40 mx4-eu.mtaroutes.com.; 20 mx2-eu.mtaroutes.com.
obec-brezina.cz,200,none
obec-brezinadoslavou.cz,200,none
obec-brodec.cz,302,none
obec-budyne.estranky.cz,200,none
obec-bukova.cz,HttpConnectTimeoutException: HTTP connect timed out,none
obec-bukovany.cz,301,none
obec-bychory.cz,302,none
obec-caslavsko.cz,200,none
obec-cebin.cz,301,none
obec-cejetice.cz,302,none
obec-cermakovice.cz,HttpConnectTimeoutException: HTTP connect timed out,none
obec-cermna.cz,HttpConnectTimeoutException: HTTP connect timed out,10 mail.mobilcz.cz.
obec-cernikovice.cz,HttpConnectTimeoutException: HTTP connect timed out,none
obec-cerniky.cz,HttpConnectTimeoutException: HTTP connect timed out,none
obec-cernovice.cz,HttpConnectTimeoutException: HTTP connect timed out,none
obec-cervenyhradek.cz,HttpConnectTimeoutException: HTTP connect timed out,none
obec-chleby.cz,HttpConnectTimeoutException: HTTP connect timed out,none
obec-chlistov.cz,HttpConnectTimeoutException: HTTP connect timed out,none
obec-chlistovice.cz,HttpConnectTimeoutException: HTTP connect timed out,none
obec-chlum.cz,HttpConnectTimeoutException: HTTP connect timed out,10 posta.gc-system.cz.
obec-chlumcany.cz,HttpConnectTimeoutException: HTTP connect timed out,none
obec-chlumec.cz,HttpConnectTimeoutException: HTTP connect timed out,none
obec-chodov.cz,HttpConnectTimeoutException: HTTP connect timed out,none
obec-chomutice.cz,HttpConnectTimeoutException: HTTP connect timed out,none
obec-choryne.cz,HttpConnectTimeoutException: HTTP connect timed out,none
obec-chotec.cz,HttpConnectTimeoutException: HTTP connect timed out,none
obec-chotesov.cz,HttpConnectTimeoutException: HTTP connect timed out,none
obec-chotovice.cz,HttpConnectTimeoutException: HTTP connect timed out,none
obec-choustnik.cz,HttpConnectTimeoutException: HTTP connect timed out,none
obec-chraberce.cz,HttpConnectTimeoutException: HTTP connect timed out,none
obec-chrast.cz,200,none
obec-chrastany.cz,200,none
obec-chrastice.cz,HttpConnectTimeoutException: HTTP connect timed out,none
obec-chrbonin.cz,200,none
obec-chroustovice.net,HttpConnectTimeoutException: HTTP connect timed out,none
obec-chvalcov.cz,302,0 obecchvalcov-cz01b.mail.protection.outlook.com.
obec-cidlina.cz,301,none
obec-cila.cz,302,10 posta.gc-system.cz.
obec-citoliby.cz,302,none
obec-cizice.cz,302,none
obec-cizkov.cz,200,none
obec-cizov.cz,302,none
obec-ctibor.cz,301,none
obec-ctineves.cz,302,none
obec-dehtare.cz,302,none
obec-dekov.cz,302,10 posta.gc-system.cz.
obec-destne.cz,302,none
obec-detrichov.cz,302,none
obec-dily.cz,302,none
obec-dlouha-lhota.cz,200,none
obec-dobra-voda.cz,200,none
obec-dobravoda.cz,301,10 pecari-mail.xart.cz.
obec-dobrna.cz,301,10 mail.obec-dobrna.cz.
obec-dobroslavice.cz,HttpConnectTimeoutException: HTTP connect timed out,none
obec-dobsice.cz,200,none
obec-doksany.cz,302,none
obec-dolany.cz,302,none
obec-dolce.cz,HttpConnectTimeoutException: HTTP connect timed out,10 posta.gc-system.cz.
obec-domanin.cz,301,none
obec-domasin.cz,HttpConnectTimeoutException: HTTP connect timed out,none
obec-drahkov.cz,302,none
obec-drahobudice.cz,302,0 obecdrahobudice-cz01b.mail.protection.outlook.com.
obec-drahov.cz,301,none
obec-drinov.cz,302,none
obec-drnek.cz,302,none
obec-drnovice.cz,HttpConnectTimeoutException: HTTP connect timed out,none
obec-dubenec.cz,HttpConnectTimeoutException: HTTP connect timed out,10 posta.gc-system.cz.
obec-dvorce.cz,HttpConnectTimeoutException: HTTP connect timed out,none
obec-dvory.cz,HttpConnectTimeoutException: HTTP connect timed out,none
obec-dyjakovicky.cz,302,none
obec-dyje.cz,200,none
obec-dzbanice.cz,HttpConnectTimeoutException: HTTP connect timed out,none
obec-frydstejn.cz,HttpConnectTimeoutException: HTTP connect timed out,none
obec-hajek.estranky.cz,HttpConnectTimeoutException: HTTP connect timed out,none
obec-hartinkov.cz,HttpConnectTimeoutException: HTTP connect timed out,10 posta.gc-system.cz.
obec-herman.cz,HttpConnectTimeoutException: HTTP connect timed out,none
obec-hermanice.cz,HttpConnectTimeoutException: HTTP connect timed out,none
obec-hermanky.cz,302,none
obec-heroltice.cz,302,none
obec-hlina.cz,200,none
obec-hlinsko.cz,301,none
obec-hlizov.cz,301,none
obec-hojovice.cz,302,none
obec-holasovice.cz,302,none
obec-holovousy.cz,302,10 posta.gc-system.cz.
obec-honetice.cz,301,10 mail.antee.cz.; 20 backup.antee.cz.
obec-horesedly.cz,302,10 posta.gc-system.cz.
obec-horice.cz,200,none
obec-horkaii.cz,301,none
obec-horni-hermanice.cz,200,none
obec-horsice.cz,200,none
obec-hory.cz,302,none
obec-hospozin.cz,302,10 posta.gc-system.cz.
obec-hostovlice.cz,302,none
obec-hovezi.cz,200,none
obec-hovorany.cz,200,none
obec-hracholusky.cz,302,none
obec-hradec.cz,200,none
obec-hradek.cz,200,0 mx8.onebit.cz.; 10 mx8.onebit.eu.
obec-hradiste.cz,301,none
obec-hrebecniky.cz,302,10 posta.gc-system.cz.
obec-hrobice.cz,200,none
obec-hrusice.cz,200,none
obec-hrusky.cz,302,none
obec-hrusovany.cz,302,none
obec-hubenov.cz,301,none
obec-hudlice.cz,301,none
obec-hvozd.cz,302,10 posta.gc-system.cz.
obec-hvozdec.cz,200,none
obec-hyncice.cz,302,none
obec-jamy.cz,302,none
obec-jankovice.cz,302,none
obec-janov.cz,HttpConnectTimeoutException: HTTP connect timed out,10 posta.gc-system.cz.
obec-jaroslav.cz,HttpConnectTimeoutException: HTTP connect timed out,none
obec-jaroslavice.cz,HttpConnectTimeoutException: HTTP connect timed out,none
obec-jasenna.cz,HttpConnectTimeoutException: HTTP connect timed out,none
obec-jenikov.cz,302,none
obec-jetrichovice.cz,302,none
obec-jezborice.cz,HttpConnectTimeoutException: HTTP connect timed out,none
obec-jilovice.cz,HttpConnectTimeoutException: HTTP connect timed out,none
obec-jindrichov.cz,HttpConnectTimeoutException: HTTP connect timed out,none
obec-jindrichovice.cz,HttpConnectTimeoutException: HTTP connect timed out,none
obec-jinin.cz,HttpConnectTimeoutException: HTTP connect timed out,none
obec-jirice.cz,HttpConnectTimeoutException: HTTP connect timed out,none
obec-josefuvdul.cz,HttpConnectTimeoutException: HTTP connect timed out,none
obec-kadov.cz,HttpConnectTimeoutException: HTTP connect timed out,none
obec-kaliste.cz,HttpConnectTimeoutException: HTTP connect timed out,none
obec-kamen.cz,301,none
obec-kamenec.cz,HttpConnectTimeoutException: HTTP connect timed out,none
obec-kamenicky.cz,302,none
obec-kamenna.cz,HttpConnectTimeoutException: HTTP connect timed out,none
obec-kamyk.cz,HttpConnectTimeoutException: HTTP connect timed out,20 mta.vshosting.eu.; 10 mta.vshosting.cloud.
obec-kanovice.cz,HttpConnectTimeoutException: HTTP connect timed out,none
obec-katusice.cz,200,none
obec-kbel.cz,HttpConnectTimeoutException: HTTP connect timed out,none
obec-kladno.cz,301,20 backup.antee.cz.; 10 mail.antee.cz.
obec-kladruby.cz,302,10 posta.gc-system.cz.
obec-knezice.cz,200,none
obec-kninice.cz,301,10 mail.antee.cz.; 20 backup.antee.cz.
obec-koci.cz,302,none
obec-kocin.cz,HttpConnectTimeoutException: HTTP connect timed out,none
obec-komarov.cz,301,none
obec-kopidlo.cz,302,none
obec-korolupy.cz,200,none
obec-koruna.cz,301,10 10mx.zoner.com.; 15 15mx.zoner.com.; 1 relay.zoner.com.
obec-koryta.cz,302,10 posta.gc-system.cz.
obec-kosatky.cz,200,none
obec-kostelec.cz,302,none
obec-kosteleckehorky.cz,301,none
obec-kotopeky.cz,301,none
obec-kounov.cz,302,none
obec-koupe.cz,302,none
obec-kouty.cz,200,none
obec-kozojedy.cz,200,none
obec-kozolupy.cz,302,10 posta.gc-system.cz.
obec-krakov.cz,302,none
obec-krakovany.cz,301,5 email3.endora.cz.; 5 email4.endora.cz.; 5 email2.endora.cz.; 5 email1.endora.cz.
obec-kramolin.cz,200,10 68b304df703c6936.mx2.emailprofi.seznam.cz.; 20 68b304df703c6936.mx1.emailprofi.seznam.cz.
obec-kraselov.webnode.cz,410,none
obec-krasikov.cz,302,10 posta.gc-system.cz.
obec-krasna.cz,301,none
obec-krasne.cz,302,none
obec-krasov.eu,HttpConnectTimeoutException: HTTP connect timed out,none
obec-kravsko.cz,302,none
obec-krchleby.cz,200,none
obec-krecovice.cz,302,none
obec-krenice.cz,301,1 obeckrenice-cz01b.mail.protection.outlook.com.
obec-krenovice.cz,302,none
obec-krepice.cz,302,none
obec-krizanovice.cz,HttpConnectTimeoutException: HTTP connect timed out,none
obec-krompach.cz,HttpConnectTimeoutException: HTTP connect timed out,none
obec-kroucova.cz,302,none
obec-krovi.cz,HttpConnectTimeoutException: HTTP connect timed out,none
obec-krupa.cz,HttpConnectTimeoutException: HTTP connect timed out,none
obec-krusovice.cz,302,none
obec-ksice.cz,HttpConnectTimeoutException: HTTP connect timed out,none
obec-kukle.cz,HttpConnectTimeoutException: HTTP connect timed out,20 mx.endoraland.com.; 10 mail.endora.cz.
obec-kundratice.cz,HttpConnectTimeoutException: HTTP connect timed out,none
obec-kunovice.cz,HttpConnectTimeoutException: HTTP connect timed out,none
obec-kunratice.cz,HttpConnectTimeoutException: HTTP connect timed out,none
obec-kurdejov.cz,HttpConnectTimeoutException: HTTP connect timed out,10 mail.antee.cz.; 20 backup.antee.cz.
obec-kyselovice.cz,HttpConnectTimeoutException: HTTP connect timed out,10 posta.gc-system.cz.
obec-kysice.cz,HttpConnectTimeoutException: HTTP connect timed out,none
obec-kytlice.cz,HttpConnectTimeoutException: HTTP connect timed out,none
obec-lany.cz,301,none
obec-lavicky.cz,HttpConnectTimeoutException: HTTP connect timed out,none
obec-laz.cz,HttpConnectTimeoutException: HTTP connect timed out,none
obec-lazany.cz,HttpConnectTimeoutException: HTTP connect timed out,none
obec-lechovice.cz,HttpConnectTimeoutException: HTTP connect timed out,10 mx9.onebit.eu.; 0 mx9.onebit.cz.
obec-ledce.cz,302,none
obec-lesna.com,HttpConnectTimeoutException: HTTP connect timed out,20 mta.vshosting.eu.; 10 mta.vshosting.cloud.
obec-lesna.cz,302,none
obec-lesna.eu,HttpConnectTimeoutException: HTTP connect timed out,none
obec-lesunky.cz,302,none
obec-letkov.cz,302,none
obec-lety.cz,302,none
obec-lhotka.eu,302,none
obec-lhuta.cz,302,none
obec-liba.eu,302,none
obec-liberk.cz,302,none
obec-libkov.cz,302,none
obec-lidice.cz,302,0 obeclidice-cz01b.mail.protection.outlook.com.
obec-line.cz,302,none
obec-lipa.cz,302,none
obec-lipnik.cz,302,none
obec-lipova.cz,302,none
obec-lisany.cz,302,none
obec-lisky.cz,302,10 posta.gc-system.cz.
obec-lisna.cz,200,none
obec-lisnice.cz,302,none
obec-listany.cz,302,10 posta.gc-system.cz.
obec-lite.cz,302,10 posta.gc-system.cz.
obec-lochenice.cz,200,none
obec-lochovice.cz,200,none
obec-lodenice.cz,200,none
obec-lom.cz,301,none
obec-lomnice.cz,302,none
obec-lomy.cz,301,none
obec-lopenik.cz,200,none
obec-loucka.cz,HttpConnectTimeoutException: HTTP connect timed out,20 backup.mail.profiwh.com.; 10 antispam.profiwh.com.
obec-lounova.cz,302,none
obec-loza.cz,302,none
obec-lubna.cz,302,none
obec-lubnice.cz,302,none
obec-luka.cz,301,none
obec-lukavec.cz,200,none
obec-lukov.cz,301,none
obec-luzany.cz,302,10 posta.gc-system.cz.
obec-luzice.cz,HttpTimeoutException: request timed out,1 wes1-mx1.wedos.net.; 10 wes1-mx-backup.wedos.net.; 1 wes1-mx2.wedos.net.
obec-luzna.cz,302,none
obec-luznice.cz,302,none
obec-malinova.cz,302,none
obec-markvartice.cz,HttpConnectTimeoutException: HTTP connect timed out,none
obec-marsovice.cz,302,none
obec-mestecko.cz,HttpConnectTimeoutException: HTTP connect timed out,none
obec-meziricko.cz,HttpConnectTimeoutException: HTTP connect timed out,none
obec-mikulov.cz,302,none
obec-milcice.cz,HttpConnectTimeoutException: HTTP connect timed out,none
obec-milire.cz,HttpConnectTimeoutException: HTTP connect timed out,none
obec-milostin.cz,HttpConnectTimeoutException: HTTP connect timed out,none
obec-milovice.cz,HttpConnectTimeoutException: HTTP connect timed out,none
obec-mily.cz,HttpConnectTimeoutException: HTTP connect timed out,none
obec-mirosov.cz,HttpConnectTimeoutException: HTTP connect timed out,none
obec-mirova.cz,302,none
obec-misto.cz,HttpConnectTimeoutException: HTTP connect timed out,none
obec-mladonovice.cz,302,none
obec-mnichov.cz,200,none
obec-mnichovice.cz,302,none
obec-mnisek.cz,302,none
obec-modra.cz,302,none
obec-mohelnice.cz,302,none
obec-morasice.cz,301,none
obec-moravany.cz,200,none
obec-moravec.cz,200,none
obec-moravicany.cz,302,0 obecmoravicany-cz01b.mail.protection.outlook.com.
obec-morkov.cz,HttpConnectTimeoutException: HTTP connect timed out,0 obecmorkov-cz01b.mail.protection.outlook.com.
obec-nasavrky.cz,302,none
obec-nedvezi.cz,200,none
obec-nemanice.cz,302,none
obec-nemcice.cz,302,10 posta.gc-system.cz.
obec-nemetice.cz,SSLHandshakeException: (certificate_unknown) PKIX path building failed: sun.security.provider.certpath.SunCertPathBuilderException: unable to find valid certification path to requested target,10 mxavas.forpsi.com.
obec-nesuchyne.cz,302,none
obec-neumerice.cz,302,none
obec-neumetely.cz,302,none
obec-neveklovice.cz,SSLHandshakeException: (certificate_unknown) PKIX path building failed: sun.security.provider.certpath.SunCertPathBuilderException: unable to find valid certification path to requested target,none
obec-nezabudice.cz,302,none
obec-nezdice.cz,302,none
obec-nova-ves.cz,301,none
obec-novaves.cz,200,none
obec-novydvur.cz,200,none
obec-nucice.cz,302,10 posta.gc-system.cz.
obec-obora.cz,302,none
obec-obruby.cz,302,none
obec-odrava.cz,302,none
obec-ohavec.cz,HttpConnectTimeoutException: HTTP connect timed out,none
obec-okresice.cz,HttpConnectTimeoutException: HTTP connect timed out,none
obec-okrouhla.cz,405,1 wes1-mx2.wedos.net.; 10 wes1-mx-backup.wedos.net.; 1 wes1-mx1.wedos.net.
obec-okrouhlice.cz,HttpConnectTimeoutException: HTTP connect timed out,none
obec-oldrichov.cz,HttpConnectTimeoutException: HTTP connect timed out,none
obec-olesna.cz,HttpConnectTimeoutException: HTTP connect timed out,none
obec-ondrejov.cz,HttpConnectTimeoutException: HTTP connect timed out,10 mx.vshosting.cloud.; 20 mx.vshosting.eu.
obec-opocno.cz,HttpConnectTimeoutException: HTTP connect timed out,none
obec-osek.cz,HttpConnectTimeoutException: HTTP connect timed out,10 posta.gc-system.cz.
obec-ostravice.cz,HttpConnectTimeoutException: HTTP connect timed out,none
obec-ostrov.com,302,none
obec-ostrov.cz,HttpConnectTimeoutException: HTTP connect timed out,none
obec-otin.cz,HttpConnectTimeoutException: HTTP connect timed out,none
obec-pasinka.cz,HttpConnectTimeoutException: HTTP connect timed out,none
obec-pavlov.cz,HttpConnectTimeoutException: HTTP connect timed out,10 posta.gc-system.cz.
obec-pecice.cz,HttpConnectTimeoutException: HTTP connect timed out,none
obec-perna.cz,302,none
obec-perstejn.cz,HttpConnectTimeoutException: HTTP connect timed out,none
obec-petrov.cz,HttpConnectTimeoutException: HTTP connect timed out,0 obecpetrov-cz01b.mail.protection.outlook.com.
obec-petrovice.cz,HttpConnectTimeoutException: HTTP connect timed out,none
obec-pila.cz,HttpConnectTimeoutException: HTTP connect timed out,none
obec-pisecne.cz,HttpConnectTimeoutException: HTTP connect timed out,0 obecpisecne-cz01b.mail.protection.outlook.com.
obec-pisek.cz,HttpConnectTimeoutException: HTTP connect timed out,none
obec-pistany.cz,HttpConnectTimeoutException: HTTP connect timed out,none
obec-plane.cz,302,10 posta.gc-system.cz.
obec-podhradi.cz,200,20 mx.vshosting.eu.; 10 mx.vshosting.cloud.
obec-pohledy.cz,302,none
obec-pohori.cz,302,none
obec-polepy.cz,302,none
obec-police.cz,301,none
obec-poricany.cz,302,10 posta.gc-system.cz.
obec-potvorov.cz,302,none
obec-prace.cz,HttpConnectTimeoutException: HTTP connect timed out,10 posta.gc-system.cz.
obec-prepere.cz,200,none
obec-prepychy.cz,302,none
obec-prisov.cz,302,none
obec-provodin.cz,302,10 posta.gc-system.cz.
obec-ptyrov.cz,301,none
obec-racice.cz,302,none
obec-radhost.cz,302,none
obec-radim.cz,200,none
obec-radimer.cz,301,none
obec-radkov.cz,200,none
obec-radonice.cz,302,none
obec-radotice.cz,302,none
obec-radun.cz,302,none
obec-rana.com,302,0 obecrana-com01b.mail.protection.outlook.com.
obec-rapsach.cz,302,none
obec-rasin.cz,302,10 posta.gc-system.cz.
obec-rataje.cz,200,none
obec-recice.cz,200,none
obec-ricky.cz,302,none
obec-rochlov.cz,302,none
obec-rocov.cz,302,none
obec-rohozna.cz,200,none
obec-rosice.cz,200,none
obec-rosicka.cz,301,none
obec-roupov.cz,302,10 posta.gc-system.cz.
obec-rovna.cz,200,none
obec-roztoky.cz,HttpConnectTimeoutException: HTTP connect timed out,none
obec-ruda.cz,HttpConnectTimeoutException: HTTP connect timed out,none
obec-rudice.cz,HttpConnectTimeoutException: HTTP connect timed out,10 posta.gc-system.cz.
obec-rudolec.cz,HttpConnectTimeoutException: HTTP connect timed out,none
obec-ruzova.cz,HttpConnectTimeoutException: HTTP connect timed out,none
obec-rybnicek.cz,HttpConnectTimeoutException: HTTP connect timed out,none
obec-rybnik.cz,HttpConnectTimeoutException: HTTP connect timed out,none
obec-sabina.cz,HttpConnectTimeoutException: HTTP connect timed out,20 wes1-mx2.wedos.net.; 10 wes1-mx1.wedos.net.
obec-sadek.cz,HttpConnectTimeoutException: HTTP connect timed out,none
obec-sadova.cz,HttpConnectTimeoutException: HTTP connect timed out,none
obec-sanov.cz,HttpConnectTimeoutException: HTTP connect timed out,none
obec-sazava.cz,302,none
obec-sber.cz,HttpConnectTimeoutException: HTTP connect timed out,none
obec-sedlec.cz,302,10 posta.gc-system.cz.
obec-sipy.cz,HttpConnectTimeoutException: HTTP connect timed out,none
obec-sira.cz,302,none
obec-skalicka.cz,HttpConnectTimeoutException: HTTP connect timed out,none
obec-sklene.cz,301,none
obec-skomelno.cz,302,none
obec-skrchov.eu,200,none
obec-skryje.cz,302,none
obec-slanik.cz,302,none
obec-slatina.cz,301,none
obec-slatina.eu,200,none
obec-sloupno.cz,SSLHandshakeException: Remote host terminated the handshake,none
obec-smolotely.cz,SSLHandshakeException: (certificate_unknown) No subject alternative DNS name matching obec-smolotely.cz found.,none
obec-smrk.cz,200,none
obec-spicky.eu,HttpConnectTimeoutException: HTTP connect timed out,none
obec-stanovice.cz,302,none
obec-staric.cz,302,10 mxavas.forpsi.com.
obec-stasov.cz,200,none
obec-strelice.cz,302,none
obec-stritez.cz,302,10 posta.gc-system.cz.
obec-strupcice.cz,302,10 posta.gc-system.cz.
obec-studena.cz,302,none
obec-studnice.cz,302,none
obec-stupava.cz,302,none
obec-stvolinky.cz,302,10 posta.gc-system.cz.
obec-suchdol.cz,200,none
obec-suchohrdly.cz,302,none
obec-sukorady.cz,302,10 posta.gc-system.cz.
obec-svetec.cz,200,none
obec-svihov.cz,302,none
obec-sviny.cz,301,none
obec-svojkov.cz,200,none
obec-sytno.cz,301,20 mx2.active24.com.; 10 mx1.active24.com.
obec-tasovice.cz,200,none
obec-telnice.cz,302,none
obec-tesetice.cz,301,0 ofca.vn.cz.
obec-teskov.cz,301,none
obec-tesovice.cz,200,none
obec-tis.cz,302,none
obec-tlucna.cz,302,10 10mx.zoner.com.; 15 15mx.zoner.com.; 1 relay.zoner.com.
obec-travcice.cz,302,none
obec-trebestovice.cz,200,none
obec-trebivlice.cz,302,none
obec-treboc.cz,302,none
obec-trokavec.cz,302,none
obec-trotina.cz,301,none
obec-tuhan.cz,HttpConnectTimeoutException: HTTP connect timed out,none
obec-tulesice.cz,302,none
obec-tupadly.cz,302,none
obec-turany.cz,HttpConnectTimeoutException: HTTP connect timed out,none
obec-turice.cz,HttpConnectTimeoutException: HTTP connect timed out,10 posta.gc-system.cz.
obec-tyniste.cz,302,none
obec-udlice.cz,HttpConnectTimeoutException: HTTP connect timed out,0 obecudlice-cz01b.mail.protection.outlook.com.
obec-uherce.cz,HttpConnectTimeoutException: HTTP connect timed out,none
obec-uhercice.cz,HttpConnectTimeoutException: HTTP connect timed out,none
obec-uholicky.cz,HttpConnectTimeoutException: HTTP connect timed out,none
obec-uhy.cz,HttpConnectTimeoutException: HTTP connect timed out,none
obec-ujezd.cz,HttpConnectTimeoutException: HTTP connect timed out,none
obec-ujezdec.cz,HttpConnectTimeoutException: HTTP connect timed out,1 obecujezdec-cz01b.mail.protection.outlook.com.
obec-ulice.cz,SSLHandshakeException: (certificate_unknown) No subject alternative DNS name matching obec-ulice.cz found.,none
obec-uncin.cz,HttpConnectTimeoutException: HTTP connect timed out,none
obec-unetice.cz,HttpConnectTimeoutException: HTTP connect timed out,none
obec-usti.cz,HttpConnectTimeoutException: HTTP connect timed out,none
obec-uzenice.cz,HttpConnectTimeoutException: HTTP connect timed out,none
obec-uzenicky.cz,HttpConnectTimeoutException: HTTP connect timed out,none
obec-vanov.cz,301,none
obec-vapno.cz,302,none
obec-velenice.cz,200,none
obec-vernirovice.cz,302,none
obec-vesele.cz,302,none
obec-veselicko.cz,200,none
obec-vicemil.cz,301,none
obec-vidim.cz,302,none
obec-vilanec.cz,301,none
obec-vilemov.cz,302,none
obec-vilemovice.cz,200,10 mx1d10.thinline.cz.; 20 mx1b20.thinline.cz.
obec-visky.cz,302,10 posta.gc-system.cz.
obec-vlastibor.cz,302,10 posta.gc-system.cz.
obec-vlastislav.cz,302,none
obec-vlci.cz,302,10 posta.gc-system.cz.
obec-vlkava.cz,302,none
obec-vochov.cz,301,none
obec-voderady.cz,200,none
obec-volduchy.cz,302,none
obec-vranovice.cz,302,10 posta.gc-system.cz.
obec-vraz.cz,302,none
obec-vrbice.cz,302,none
obec-vrbka.cz,302,none
obec-vrbovec.cz,302,none
obec-vrchy.cz,301,none
obec-vresina.cz,302,none
obec-vsestary.cz,302,none
obec-vsestudy.cz,302,none
obec-vsetaty.cz,302,none
obec-vsevily.cz,302,none
obec-vyprachtice.cz,SSLHandshakeException: (handshake_failure) received handshake warning: unrecognized_name,none
obec-vysocany.cz,HttpConnectTimeoutException: HTTP connect timed out,none
obec-vysoka.cz,HttpConnectTimeoutException: HTTP connect timed out,10 posta.gc-system.cz.
obec-vyzerky.cz,HttpConnectTimeoutException: HTTP connect timed out,none
obec-vyzice.cz,200,10 email2.webglobe.cz.; 10 email.webglobe.cz.; 10 email3.webglobe.cz.; 10 email4.webglobe.cz.
obec-zablati.cz,HttpConnectTimeoutException: HTTP connect timed out,20 65cc85dafa163cc7.mx2.emailprofi.seznam.cz.; 10 65cc85dafa163cc7.mx1.emailprofi.seznam.cz.
obec-zabonosy.cz,HttpConnectTimeoutException: HTTP connect timed out,none
obec-zahradka.cz,HttpConnectTimeoutException: HTTP connect timed out,none
obec-zaky.cz,HttpConnectTimeoutException: HTTP connect timed out,none
obec-zalesi.cz,HttpConnectTimeoutException: HTTP connect timed out,none
obec-zavist.cz,HttpConnectTimeoutException: HTTP connect timed out,none
obec-zbecno.cz,HttpConnectTimeoutException: HTTP connect timed out,none
obec-zbinohy.cz,HttpConnectTimeoutException: HTTP connect timed out,none
obec-zbysov.cz,HttpConnectTimeoutException: HTTP connect timed out,none
obec-zdanice.wz.cz,HttpConnectTimeoutException: HTTP connect timed out,none
obec-zdar.cz,HttpConnectTimeoutException: HTTP connect timed out,none
obec-zdar.eu,301,none
obec-zdarec.cz,HttpConnectTimeoutException: HTTP connect timed out,none
obec-zdechovice.cz,302,none
obec-zdirec.cz,HttpConnectTimeoutException: HTTP connect timed out,none
obec-zelezna.cz,HttpConnectTimeoutException: HTTP connect timed out,none
obec-zelkovice.cz,HttpConnectTimeoutException: HTTP connect timed out,none
obec-zerutky.cz,HttpConnectTimeoutException: HTTP connect timed out,none
obec-zhor.cz,HttpConnectTimeoutException: HTTP connect timed out,none
obec-zihle.cz,HttpConnectTimeoutException: HTTP connect timed out,none
obec-zivotice.cz,HttpConnectTimeoutException: HTTP connect timed out,none
obec-zlataolesnice.cz,HttpConnectTimeoutException: HTTP connect timed out,none
obec-zumberk.cz,HttpConnectTimeoutException: HTTP connect timed out,20 backup.antee.cz.; 10 mail.antee.cz.
obec-zupanovice.cz,302,none
obec-zvole.cz,302,none
obec.brnenec.cz,200,none
obec.onsov.cz,200,none
obec.rybna.cz,200,none
obecadamov.cz,302,10 posta.gc-system.cz.
obecadrspach.cz,302,none
obecalbrechtice.cz,301,none
obecarchlebov.cz,302,none
obecarnolec.cz,301,none
obecbabice.cz,301,none
obecbabice.eu,HttpConnectTimeoutException: HTTP connect timed out,10 pecari-mail.xart.cz.
obecbarchov.cz,302,none
obecbast.cz,SSLHandshakeException: (certificate_unknown) No subject alternative DNS name matching obecbast.cz found.,none
obecbecice.cz,301,none
obecbedrichov.cz,200,none
obecbela.cz,302,10 mail.obecbela.cz.
obecbelec.cz,SSLHandshakeException: (certificate_unknown) PKIX path building failed: sun.security.provider.certpath.SunCertPathBuilderException: unable to find valid certification path to requested target,none
obecbelusice.cz,200,10 server.intersite.cz.
obecbenatky.cz,301,none
obecbenecko.cz,302,none
obecbenesov.cz,200,0 obecbenesov-cz.mail.protection.outlook.com.
obecbernartice.cz,405,none
obecberovice.cz,302,none
obecbestin.cz,301,none
obecbestvina.cz,302,none
obecbezdekov.cz,200,none
obecbila.cz,302,none
obecbiskupice.cz,301,none
obecbiskupice.eu,301,none
obecbitov.cz,302,10 posta.gc-system.cz.
obecblatnice.cz,302,none
obecblatnicka.cz,301,none
obecblazejovice.cz,302,none
obecblevice.cz,302,none
obecblizevedly.cz,302,none
obecblucina.cz,302,0 obecblucina-cz.mail.protection.outlook.com.
obecbludov.cz,ConnectException,10 posta.gc-system.cz.
obecbohdalec.cz,SSLHandshakeException: Remote host terminated the handshake,none
obecbohdalovice.cz,302,10 posta.gc-system.cz.
obecbohdanec.cz,302,10 posta.gc-system.cz.
obecbohdikov.cz,200,none
obecbohunov.cz,301,none
obecbohusice.cz,301,none
obecbojiste.cz,HttpConnectTimeoutException: HTTP connect timed out,none
obecbolehost.cz,301,none
obecbonkov.cz,HttpConnectTimeoutException: HTTP connect timed out,none
obecborek.cz,HttpConnectTimeoutException: HTTP connect timed out,none
obecborek.eu,301,none
obecboretin.cz,HttpConnectTimeoutException: HTTP connect timed out,none
obecborotice.cz,HttpConnectTimeoutException: HTTP connect timed out,20 mx.vshosting.eu.; 10 mx.vshosting.cloud.
obecborotin.cz,301,none
obecborovany.cz,HttpConnectTimeoutException: HTTP connect timed out,none
obecborovnice.cz,HttpConnectTimeoutException: HTTP connect timed out,none
obecborsiceublatnice.cz,HttpConnectTimeoutException: HTTP connect timed out,20 mx2.savana.cz.; 10 mx1.savana.cz.
obecborsov.cz,301,none
obecbosice.cz,301,none
obecboudy.cz,405,none
obecbozanov.cz,302,20 58a3da26226d7d7d.mx2.emailprofi.seznam.cz.; 10 58a3da26226d7d7d.mx1.emailprofi.seznam.cz.
obecbozkov.cz,301,none
obecbranky.cz,301,10 mail.antee.cz.; 20 backup.antee.cz.
obecbrasy.cz,302,none
obecbratcice.cz,301,none
obecbrazdim.cz,301,none
obecbrehy.cz,405,none
obecbrevnice.cz,200,20 mta.vshosting.eu.; 10 mta.vshosting.cloud.
obecbrezany.cz,302,10 posta.gc-system.cz.
obecbrezi.cz,302,10 posta.gc-system.cz.
obecbrezina.com,301,10 mail.antee.cz.; 20 backup.antee.cz.
obecbrezina.cz,301,none
obecbrezina.eu,302,none
obecbreznice.cz,200,none
obecbreznik.cz,302,none
obecbrezno.cz,301,10 obecbrezno-cz.mail.protection.outlook.com.
obecbrezova.cz,302,10 posta.gc-system.cz.
obecbrezovice.cz,302,none
obecbrezsko.cz,301,10 mail.antee.cz.; 20 backup.antee.cz.
obecbristvi.cz,302,none
obecbriza.info,302,none
obecbrloh.cz,301,none
obecbrnicko.cz,200,none
obecbrnirov.cz,302,100 mx20.websupport.cz.; 10 mx10.websupport.cz.
obecbrtnicka.cz,301,none
obecbrumov.cz,200,none
obecbublava.cz,301,10 mxavas.forpsi.com.
obecbucina.cz,200,none
obecbudec.cz,302,none
obecbudetice.cz,302,none
obecbudetsko.cz,301,none
obecbudikov.cz,200,none
obecbudislav.cz,302,none
obecbujesily.cz,302,none
obecbuk.cz,302,none
obecbuk.eu,301,10 mail.antee.cz.; 20 backup.antee.cz.
obecbukovany.cz,301,none
obecbukovany.eu,301,none
obecbukovec.cz,302,none
obecbukovice.cz,301,none
obecbukovina.cz,302,none
obecbukvice.cz,301,none
obecbulovka.cz,302,none
obecbus.cz,200,10 mail.obecbus.cz.; 20 mailp.webhouse.cz.
obecbykev.cz,302,none
obecbykovice.cz,301,10 mail.svethostingu.cz.
obecbystra.cz,SSLHandshakeException: Remote host terminated the handshake,none
obecbystre.cz,HttpConnectTimeoutException: HTTP connect timed out,none
obecbystrice.cz,HttpConnectTimeoutException: HTTP connect timed out,none
obecbystrocice.cz,HttpConnectTimeoutException: HTTP connect timed out,none
obeccakov.cz,HttpConnectTimeoutException: HTTP connect timed out,none
obeccasy.cz,HttpConnectTimeoutException: HTTP connect timed out,none
obeccechtin.cz,HttpConnectTimeoutException: HTTP connect timed out,none
obeccejov.eu,301,none
obeccekov.cz,HttpConnectTimeoutException: HTTP connect timed out,none
obeccenkovice.cz,HttpConnectTimeoutException: HTTP connect timed out,none
obeccep.cz,HttpConnectTimeoutException: HTTP connect timed out,none
obeccerna.cz,HttpConnectTimeoutException: HTTP connect timed out,none
obeccernavoda.cz,HttpConnectTimeoutException: HTTP connect timed out,none
obeccernovice.cz,HttpConnectTimeoutException: HTTP connect timed out,none
obeccernysovice.cz,HttpConnectTimeoutException: HTTP connect timed out,none
obeccervenalhota.cz,HttpConnectTimeoutException: HTTP connect timed out,0 obeccervenalhota-cz.mail.protection.outlook.com.
obeccervenka.cz,200,20 fa5bd59f26d0660d.mx1.emailprofi.seznam.cz.; 10 fa5bd59f26d0660d.mx2.emailprofi.seznam.cz.
obeccervenyujezd.cz,HttpConnectTimeoutException: HTTP connect timed out,10 ded6a0bf8e0bf27a.mx2.emailprofi.seznam.cz.; 20 ded6a0bf8e0bf27a.mx1.emailprofi.seznam.cz.
obecceskepetrovice.cz,301,none
obeccestice.cz,301,none
obeccetoraz.cz,405,none
obecchaloupky.cz,200,none
obecchlum.cz,200,none
obecchmelik.cz,200,none
obecchobot.cz,301,none
obecchocnejovice.eud.cz,301,none
obecchodouny.cz,302,none
obeccholina.cz,200,none
obecchoratice.cz,200,none
obecchornice.cz,301,none
obecchotovice.cz,302,0 obecchotovice-cz.mail.protection.outlook.com.
obecchrast.cz,302,none
obecchrastavec.cz,301,none
obecchvalatice.cz,HttpConnectTimeoutException: HTTP connect timed out,none
obeccimer.cz,HttpConnectTimeoutException: HTTP connect timed out,10 m260.server4u.cz.
obeccirkvice.cz,HttpConnectTimeoutException: HTTP connect timed out,none
obeccista.cz,HttpConnectTimeoutException: HTTP connect timed out,none
obeccitonice.cz,HttpConnectTimeoutException: HTTP connect timed out,none
obeccitov.cz,HttpConnectTimeoutException: HTTP connect timed out,none
obeccrhov.cz,301,none
obecctibor.cz,HttpConnectTimeoutException: HTTP connect timed out,none
obecdalesice.cz,HttpConnectTimeoutException: HTTP connect timed out,none
obecdalovice.cz,HttpConnectTimeoutException: HTTP connect timed out,none
obecdamnice.cz,HttpConnectTimeoutException: HTTP connect timed out,10 mx10.onebit.eu.; 0 mx10.onebit.cz.
obecdaskabat.cz,HttpConnectTimeoutException: HTTP connect timed out,none
obecdavle.cz,HttpConnectTimeoutException: HTTP connect timed out,none
obecdepoltovice.cz,HttpConnectTimeoutException: HTTP connect timed out,none
obecdesna.cz,HttpConnectTimeoutException: HTTP connect timed out,none
obecdestna.cz,HttpConnectTimeoutException: HTTP connect timed out,none
obecdetenice.cz,HttpConnectTimeoutException: HTTP connect timed out,none
obecdetkovice.cz,HttpConnectTimeoutException: HTTP connect timed out,none
obecdetrichov.cz,HttpConnectTimeoutException: HTTP connect timed out,none
obecdirna.cz,HttpConnectTimeoutException: HTTP connect timed out,none
obecdlouhaloucka.cz,HttpConnectTimeoutException: HTTP connect timed out,10 alt4.aspmx.l.google.com.; 5 alt2.aspmx.l.google.com.; 10 aspmx5.googlemail.com.; 5 alt1.aspmx.l.google.com.; 1 aspmx.l.google.com.; 10 alt3.aspmx.l.google.com.
obecdlouhe.cz,HttpConnectTimeoutException: HTTP connect timed out,none
obecdobev.cz,HttpConnectTimeoutException: HTTP connect timed out,10 mx1.zelenyweb.cz.; 20 mx2.zelenyweb.cz.
obecdobrany.cz,HttpConnectTimeoutException: HTTP connect timed out,none
obecdobravoda.cz,HttpConnectTimeoutException: HTTP connect timed out,none
obecdobre.cz,HttpConnectTimeoutException: HTTP connect timed out,none
obecdobren.cz,HttpConnectTimeoutException: HTTP connect timed out,none
obecdobsice.cz,301,100 mailin2.obecdobsice.cz.; 10 mailin1.obecdobsice.cz.
obecdoksy.cz,302,none
obecdolany.cz,302,none
obecdolenice.cz,200,none
obecdolnimorava.cz,301,none
obecdolnimoravice.cz,200,100 mx20.websupport.cz.; 10 mx10.websupport.cz.
obecdolnivestonice.cz,301,10 mail.antee.cz.; 20 backup.antee.cz.
obecdolnivilemovice.cz,200,none
obecdoloplazy.cz,302,none
obecdoubek.cz,200,none
obecdoubravice.cz,301,none
obecdoupe.cz,301,none
obecdrachkov.cz,302,none
obecdrahanovice.cz,301,none
obecdrahenice.cz,302,none
obecdrazice.cz,301,3600 email.webglobe.cz.; 3600 email3.webglobe.cz.; 3600 email4.webglobe.cz.; 3600 email2.webglobe.cz.
obecdrazov.cz,302,none
obecdretovice.cz,301,none
obecdrhovice.cz,301,none
obecdriten.cz,302,none
obecdrozdov.eu,301,none
obecdrslavice.cz,200,none
obecdruzec.cz,200,10 mail.obecdruzec.cz.
obecdrysice.cz,301,none
obecdubnice.cz,405,none
obecdubno.cz,302,none
obecdukovany.cz,301,none
obecdul.cz,200,none
obecdunajovice.cz,302,none
obecdvorce.cz,302,10 posta.gc-system.cz.
obecdvory.cz,301,none
obecdynin.cz,301,none
obecdysina.cz,302,none
obecdzbel.cz,301,none
obecerpuzice.cz,302,none
obeces.cz,301,none
obecevan.cz,302,none
obecfrymburk.cz,302,none
obechabartice.cz,HttpConnectTimeoutException: HTTP connect timed out,none
obechabrovany.cz,HttpConnectTimeoutException: HTTP connect timed out,none
obechajany.cz,HttpConnectTimeoutException: HTTP connect timed out,none
obechajek.cz,HttpConnectTimeoutException: HTTP connect timed out,none
obechaluzice.cz,HttpConnectTimeoutException: HTTP connect timed out,none
obechamr.cz,HttpConnectTimeoutException: HTTP connect timed out,none
obechartmanice.cz,HttpConnectTimeoutException: HTTP connect timed out,none
obechat.cz,HttpConnectTimeoutException: HTTP connect timed out,none
obechazlov.cz,HttpConnectTimeoutException: HTTP connect timed out,none
obechejnice.cz,HttpConnectTimeoutException: HTTP connect timed out,none
obecheralec.cz,HttpConnectTimeoutException: HTTP connect timed out,none
obecherink.cz,HttpConnectTimeoutException: HTTP connect timed out,none
obecherman.cz,302,none
obechermanice.cz,HttpConnectTimeoutException: HTTP connect timed out,none
obechlasnice.cz,HttpConnectTimeoutException: HTTP connect timed out,none
obechlavatce.cz,HttpConnectTimeoutException: HTTP connect timed out,20 backup.antee.cz.; 10 mail.antee.cz.
obechlavice.cz,SSLHandshakeException: (handshake_failure) received handshake warning: unrecognized_name,5 posta.zone.
obechlavnice.cz,301,none
obechlinka.cz,301,none
obechluboka.cz,200,none
obechlusovice.cz,ConnectException,none
obechnanice.cz,302,none
obechodetin.cz,301,none
obechodonice.bechynsko.cz,301,none
obechojkov.cz,301,none
obecholcovice.cz,200,none
obecholetin.cz,302,none
obecholotin.cz,301,none
obecholoubkov.cz,302,none
obechorin.cz,302,none
obechorniberkovice.cz,200,1 relay.zoner.com.; 10 10mx.zoner.com.; 15 15mx.zoner.com.
obechornilibchava.cz,301,10 mail.antee.cz.; 20 backup.antee.cz.
obechorusice.cz,200,none
obechostice.cz,200,none
obechostim.cz,302,none
obechr.com,302,10 posta.gc-system.cz.
obechradcany.cz,301,none
obechradek.cz,200,none
obechradiste.cz,SSLHandshakeException: (certificate_unknown) No subject alternative DNS name matching obechradiste.cz found.,20 ee866101a23bcbf0.mx1.emailprofi.seznam.cz.; 10 ee866101a23bcbf0.mx2.emailprofi.seznam.cz.
obechranice.cz,301,10 mail.bbase.cz.
obechrazany.cz,301,20 mx2.active24.com.; 10 mx1.active24.com.
obechrcava.cz,302,none
obechrdlorezy.cz,301,none
obechrebec.cz,SSLHandshakeException: (certificate_unknown) No subject alternative DNS name matching obechrebec.cz found.,none
obechredle.cz,301,none
obechrubaskala.cz,302,none
obechruska.cz,200,none
obechurtovalhota.cz,302,none
obechvozdec.cz,301,none
obechyskov.cz,302,10 posta.gc-system.cz.
obecivan.cz,301,none
obecivan.eu,301,none
obecjankov.cz,200,none
obecjanovice.cz,200,none
obecjanuvky.cz,301,10 imap.mail.webnode.com.
obecjarosov.cz,200,none
obecjarov.cz,302,10 posta.gc-system.cz.
obecjavornice.cz,301,none
obecjavornik.cz,302,none
obecjavornik.eu,302,none
obecjavurek.cz,405,none
obecjedomelice.cz,302,none
obecjemniky.cz,302,10 posta.gc-system.cz.
obecjenisovice.cz,200,none
obecjerice.cz,302,none
obecjestrebi.cz,302,none
obecjevany.cz,HttpConnectTimeoutException: HTTP connect timed out,none
obecjezkovice.cz,HttpConnectTimeoutException: HTTP connect timed out,none
obecjezov.cz,HttpConnectTimeoutException: HTTP connect timed out,none
obecjihlavka.cz,HttpConnectTimeoutException: HTTP connect timed out,none
obecjilem.cz,HttpConnectTimeoutException: HTTP connect timed out,none
obecjilovice.cz,HttpConnectTimeoutException: HTTP connect timed out,none
obecjindrichov.cz,HttpConnectTimeoutException: HTTP connect timed out,none
obecjindrichovice.cz,HttpConnectTimeoutException: HTTP connect timed out,none
obecjinolice.cz,HttpConnectTimeoutException: HTTP connect timed out,none
obecjirice.cz,HttpConnectTimeoutException: HTTP connect timed out,none
obecjirikov.cz,HttpConnectTimeoutException: HTTP connect timed out,20 efc315c051361449.mx1.emailprofi.seznam.cz.; 10 efc315c051361449.mx2.emailprofi.seznam.cz.
obecjivova.cz,HttpConnectTimeoutException: HTTP connect timed out,10 mail.obecjivova.cz.
obecjosefov.cz,HttpConnectTimeoutException: HTTP connect timed out,none
obeckaclehy.cz,HttpConnectTimeoutException: HTTP connect timed out,none
obeckadov.cz,HttpConnectTimeoutException: HTTP connect timed out,none
obeckalek.cz,302,none
obeckalenice.estranky.cz,HttpConnectTimeoutException: HTTP connect timed out,none
obeckalhov.estranky.cz,HttpConnectTimeoutException: HTTP connect timed out,none
obeckaliste.cz,405,none
obeckamen.cz,200,none
obeckamenec.cz,302,none
obeckamenice.cz,301,none
obeckamennahorka.cz,301,20 backup.antee.cz.; 10 mail.antee.cz.
obeckamennymalikov.cz,301,none
obeckamyk.cz,302,none
obeckanice.cz,302,none
obeckanice.eu,200,none
obeckarez.cz,302,none
obeckarlik.cz,301,none
obeckarlin.cz,302,none
obeckarlov.cz,200,none
obeckarlovice.eu,301,10 mail.gigaserver.cz.
obeckarolin.cz,301,none
obeckaterinice.cz,200,10 mx1d10.thinline.cz.; 20 mx1b20.thinline.cz.
obeckatov.cz,301,none
obeckbelnice.cz,301,none
obeckeblov.cz,302,none
obeckladky.cz,500,none
obecklaster.cz,301,10 mxavas.forpsi.com.
obecklec.cz,200,none
obecklinec.eu,301,10 mx1.securenet.cz.; 10 mx2.securenet.cz.
obecklokoci.cz,301,none
obecklucenice.cz,302,10 3c9bcfa2bcd599f4.mx2.emailprofi.seznam.cz.; 20 3c9bcfa2bcd599f4.mx1.emailprofi.seznam.cz.
obecklucov.cz,302,none
obeckluky.cz,405,none
obecknezeves.cz,200,none
obecknovice.cz,200,none
obecknyk.cz,200,none
obeckobylnice.cz,301,none
obeckobyly.cz,HttpConnectTimeoutException: HTTP connect timed out,none
obeckocov.cz,HttpConnectTimeoutException: HTTP connect timed out,none
obeckojatin.cz,HttpConnectTimeoutException: HTTP connect timed out,none
obeckokorin.cz,HttpConnectTimeoutException: HTTP connect timed out,none
obeckokory.cz,HttpConnectTimeoutException: HTTP connect timed out,10 mail.antee.cz.; 20 backup.antee.cz.
obeckomarov.cz,HttpConnectTimeoutException: HTTP connect timed out,100 mailin2.obeckomarov.cz.; 10 mailin1.obeckomarov.cz.
obeckonesin.cz,HttpConnectTimeoutException: HTTP connect timed out,none
obeckoprivna.cz,HttpConnectTimeoutException: HTTP connect timed out,none
obeckorouhev.cz,HttpConnectTimeoutException: HTTP connect timed out,none
obeckoryta.eud.cz,HttpConnectTimeoutException: HTTP connect timed out,none
obeckosice.cz,HttpConnectTimeoutException: HTTP connect timed out,none
obeckosin.cz,HttpConnectTimeoutException: HTTP connect timed out,none
obeckosov.webnode.cz,HttpConnectTimeoutException: HTTP connect timed out,none
obeckostelany.cz,HttpConnectTimeoutException: HTTP connect timed out,none
obeckostelec.cz,HttpConnectTimeoutException: HTTP connect timed out,10 posta.gc-system.cz.
obeckostice.cz,HttpConnectTimeoutException: HTTP connect timed out,none
obeckounov.cz,HttpConnectTimeoutException: HTTP connect timed out,10 jaguar.blueboard.cz.; 100 ns2.blueboard.cz.
obeckouty.cz,301,none
obeckovan.cz,HttpConnectTimeoutException: HTTP connect timed out,none
obeckozlany.cz,HttpConnectTimeoutException: HTTP connect timed out,none
obeckozli.cz,200,none
obeckozlov.eu,HttpConnectTimeoutException: HTTP connect timed out,none
obeckozly.cz,301,none
obeckozmice.cz,301,none
obeckozojedy.cz,ConnectException,none
obeckozojedy.eu,302,none
obeckralovec.cz,200,none
obeckralovice.cz,301,none
obeckramolin.cz,405,none
obeckrasna.cz,301,none
obeckrasne.cz,200,none
obeckrasnydvur.cz,302,none
obeckrec.cz,302,none
obeckrelovice.cz,302,none
obeckrenek.cz,302,none
obeckrenov.cz,301,10 mail.antee.cz.; 20 backup.antee.cz.
obeckrenovice.cz,301,none
obeckresin.cz,200,10 mail.obeckresin.cz.
obeckrhanice.cz,301,none
obeckrhov.cz,301,none
obeckridla.cz,200,none
obeckrizanky.cz,200,none
obeckrizanov.eud.cz,301,none
obeckrizany.cz,301,none
obeckrizovatka.cz,301,0 obeckrizovatka-cz.mail.protection.outlook.com.
obeckruh.cz,301,none
obeckuklik.cz,302,none
obeckuncina.cz,401,none
obeckunetice.cz,200,20 mx.vshosting.eu.; 10 mx.vshosting.cloud.
obeckunovice.cz,302,none
obeckunratice.cz,302,10 posta.gc-system.cz.
obeckvetov.cz,HttpConnectTimeoutException: HTTP connect timed out,none
obeckyje.cz,HttpConnectTimeoutException: HTTP connect timed out,none
obeckyjov.cz,HttpConnectTimeoutException: HTTP connect timed out,none
obeckyjovice.cz,HttpConnectTimeoutException: HTTP connect timed out,none
obeckyselka.cz,HttpConnectTimeoutException: HTTP connect timed out,none
obecladna.cz,HttpConnectTimeoutException: HTTP connect timed out,none
obeclampertice.cz,HttpConnectTimeoutException: HTTP connect timed out,none
obeclancov.cz,HttpConnectTimeoutException: HTTP connect timed out,none
obeclany.cz,301,none
obeclaz.eu,302,none
obeclazanky.cz,HttpConnectTimeoutException: HTTP connect timed out,none
obeclazany.cz,HttpConnectTimeoutException: HTTP connect timed out,none
obeclazany.eu,301,none
obecledce.cz,HttpConnectTimeoutException: HTTP connect timed out,none
obecledecko.cz,HttpConnectTimeoutException: HTTP connect timed out,none
obeclesany.com,200,none
obeclesany.cz,HttpConnectTimeoutException: HTTP connect timed out,none
obecleskovice.cz,HttpConnectTimeoutException: HTTP connect timed out,10 mxavas.forpsi.com.
obeclesna.cz,HttpConnectTimeoutException: HTTP connect timed out,none
obeclestina.cz,HttpConnectTimeoutException: HTTP connect timed out,none
obeclestinka.cz,HttpConnectTimeoutException: HTTP connect timed out,none
obeclestkov.cz,HttpConnectTimeoutException: HTTP connect timed out,10 posta.gc-system.cz.
obeclhanice.cz,HttpConnectTimeoutException: HTTP connect timed out,none
obeclhotice.cz,HttpConnectTimeoutException: HTTP connect timed out,none
obeclhotka.cz,HttpConnectTimeoutException: HTTP connect timed out,none
obeclhotsko.cz,HttpConnectTimeoutException: HTTP connect timed out,none
obeclhoty.cz,200,none
obeclibin.cz,301,none
obeclibodrice.cz,302,0 obeclibodrice-cz.mail.protection.outlook.com.
obeclibomerice.cz,405,none
obeclibrice.cz,301,20 8412a53a9d21d9a6.mx1.emailprofi.seznam.cz.; 10 8412a53a9d21d9a6.mx2.emailprofi.seznam.cz.
obeclichnov.cz,405,none
obeclipa.cz,302,none
obeclipnik.cz,302,none
obeclipov.cz,302,none
obeclipova.eu,405,none
obeclipovice.cz,301,10 mail.antee.cz.; 20 backup.antee.cz.
obeclisna.cz,301,none
obeclisnice.cz,301,none
obeclisnice.eu,302,none
obeclobec.cz,405,none
obeclobendava.cz,302,none
obecloket.cz,302,10 a0ddb3b3821be574.mx2.emailprofi.seznam.cz.; 20 a0ddb3b3821be574.mx1.emailprofi.seznam.cz.
obeclom.eud.cz,301,none
obeclomec.cz,200,20 mail2.ignum.cz.; 10 ns.cab.cz.
obeclomnice.cz,301,none
obecloucka.cz,302,none
obeclouka.cz,302,none
obecloveckovice.cz,200,none
obeclube.cz,200,none
obeclubna.cz,200,10 b21625630cf1b93c.mx1.emailprofi.seznam.cz.; 20 b21625630cf1b93c.mx2.emailprofi.seznam.cz.
obecludvikov.cz,302,none
obecluka.cz,200,none
obeclukavice.cz,301,20 backup.antee.cz.; 10 mail.antee.cz.
obeclukov-znojmo.cz,SSLHandshakeException: (certificate_unknown) No subject alternative DNS name matching obeclukov-znojmo.cz found.,none
obeclukov.cz,301,none
obeclukovecek.cz,302,none
obeclupenice.cz,SSLHandshakeException: (certificate_unknown) No subject alternative DNS name matching obeclupenice.cz found.,none
obecluzice.cz,302,10 posta.gc-system.cz.
obeclysovice.cz,200,none
obecmachova.cz,301,none
obecmakov.cz,301,10 mail.antee.cz.; 20 backup.antee.cz.
obecmalamorava.cz,302,none
obecmalenice.cz,302,10 mail.orbiter.cz.
obecmalkov.cz,302,none
obecmalonty.cz,301,none
obecmarenice.cz,200,none
obecmarkvartice.cz,405,none
obecmarsov.cz,HttpConnectTimeoutException: HTTP connect timed out,none
obecmastnik.cz,HttpConnectTimeoutException: HTTP connect timed out,none
obecmcely.cz,HttpConnectTimeoutException: HTTP connect timed out,none
obecmeclov.cz,HttpConnectTimeoutException: HTTP connect timed out,none
obecmedlov.cz,HttpConnectTimeoutException: HTTP connect timed out,none
obecmedlovice.cz,HttpConnectTimeoutException: HTTP connect timed out,none
obecmedonosy.cz,HttpConnectTimeoutException: HTTP connect timed out,none
obecmedovyujezd.cz,HttpConnectTimeoutException: HTTP connect timed out,none
obecmelc.cz,HttpConnectTimeoutException: HTTP connect timed out,none
obecmerklin.cz,HttpConnectTimeoutException: HTTP connect timed out,10 mxavas.forpsi.com.
obecmezholezy.cz,HttpConnectTimeoutException: HTTP connect timed out,none
obecmezilesi.cz,HttpConnectTimeoutException: HTTP connect timed out,none
obecmezirici.cz,301,none
obecmeziricko.cz,HttpConnectTimeoutException: HTTP connect timed out,none
obecmezna.cz,HttpConnectTimeoutException: HTTP connect timed out,none
obecmichalovice.cz,SSLHandshakeException: Remote host terminated the handshake,none
obecmichov.cz,405,none
obecmikulec.net,302,10 posta.gc-system.cz.
obecmikulovice.cz,302,none
obecmilec.cz,302,10 posta.gc-system.cz.
obecmilikov.cz,SSLHandshakeException: (certificate_unknown) PKIX path building failed: sun.security.provider.certpath.SunCertPathBuilderException: unable to find valid certification path to requested target,none
obecmilinov.cz,302,none
obecmilonice.cz,302,none
obecminice.cz,SSLHandshakeException: Remote host terminated the handshake,none
obecmirosov.cz,301,none
obecmirov.cz,302,none
obecmiskovice.cz,301,none
obecmladejov.cz,200,10 wes1-mx-backup.wedos.net.; 1 wes1-mx1.wedos.net.; 1 wes1-mx2.wedos.net.
obecmladosovice.cz,301,none
obecmlyny.cz,302,none
obecmodrovice.cz,SSLHandshakeException: (certificate_expired) PKIX path validation failed: java.security.cert.CertPathValidatorException: validity check failed,none
obecmokosin.cz,200,none
obecmokre.cz,301,none
obecmorasice.cz,301,none
obecmoravany.cz,302,none
obecmoravec.cz,200,none
obecmoravice.cz,301,10 hosting.synetix.cz.
obecmrakotin.cz,302,none
obecmsec.cz,302,none
obecmukarov.cz,200,none
obecmutenice.cz,SSLHandshakeException: (certificate_unknown) No subject alternative DNS name matching obecmutenice.cz found.,10 grey.xnet.cz.
obecmysletice.cz,302,10 posta.gc-system.cz.
obecmyslibor.cz,200,none
obecmysliv.cz,302,none
obecmystice.cz,301,none
obecnasedlovice.cz,302,none
obecnebilovy.cz,302,none
obecnechvalice.cz,405,none
obecnedakonice.cz,302,none
obecnekvasovy.cz,302,none
obecnemcice.cz,301,none
obecnemcicky.cz,302,none
obecneprevazka.cz,HttpConnectTimeoutException: HTTP connect timed out,none
obecnetin.cz,HttpConnectTimeoutException: HTTP connect timed out,none
obecnetrebice.cz,301,none
obecnevid.cz,HttpConnectTimeoutException: HTTP connect timed out,none
obecnevratice.cz,HttpConnectTimeoutException: HTTP connect timed out,none
obecnezdrev.cz,HttpConnectTimeoutException: HTTP connect timed out,none
obecnice.eu,SSLHandshakeException: (certificate_expired) PKIX path validation failed: java.security.cert.CertPathValidatorException: validity check failed,none
obecniva.cz,HttpConnectTimeoutException: HTTP connect timed out,none
obecnizbor.cz,HttpConnectTimeoutException: HTTP connect timed out,none
obecnovalhota.cz,HttpConnectTimeoutException: HTTP connect timed out,none
obecnovaves.com,SSLHandshakeException: (handshake_failure) received handshake warning: unrecognized_name,none
obecnovaves.cz,HttpConnectTimeoutException: HTTP connect timed out,none
obecnovaves.eu,302,none
obecnovehrady.cz,HttpConnectTimeoutException: HTTP connect timed out,10 posta.gc-system.cz.
obecnovehute.cz,HttpConnectTimeoutException: HTTP connect timed out,none
obecnovemesto.cz,HttpConnectTimeoutException: HTTP connect timed out,10 mx10.websupport.cz.; 100 mx20.websupport.cz.
obecnovesady.cz,HttpConnectTimeoutException: HTTP connect timed out,none
obecnovydum.cz,HttpConnectTimeoutException: HTTP connect timed out,none
obecnovyjachymov.cz,HttpConnectTimeoutException: HTTP connect timed out,none
obecnovyoldrichov.cz,302,none
obecnovyvestec.cz,HttpConnectTimeoutException: HTTP connect timed out,10 posta.gc-system.cz.
obecnyklovice.cz,HttpConnectTimeoutException: HTTP connect timed out,none
obecobcov.cz,HttpConnectTimeoutException: HTTP connect timed out,10 posta.gc-system.cz.
obecobora.cz,HttpConnectTimeoutException: HTTP connect timed out,10 mail.antee.cz.; 20 backup.antee.cz.
obecoboriste.cz,200,none
obecobory.cz,302,10 posta.gc-system.cz.
obecobratan.cz,HttpConnectTimeoutException: HTTP connect timed out,none
obecochoz.cz,301,none
obecokarec.cz,302,none
obecokna.cz,200,none
obecokor.cz,SSLHandshakeException: (handshake_failure) received handshake warning: unrecognized_name,none
obecolbramice.cz,301,none
obecolesna.cz,301,none
obecolesnice.cz,301,none
obecolsi.cz,200,1 wes1-mx1.wedos.net.; 10 wes1-mx-backup.wedos.net.; 1 wes1-mx2.wedos.net.
obecolsovec.cz,302,none
obecondrejov.cz,302,none
obeconsov.cz,302,10 posta.gc-system.cz.
obecopatov.cz,301,none
obecoponesice.cz,200,none
obecorech.cz,200,10 mta.vshosting.cloud.; 20 mta.vshosting.eu.
obecorel.cz,302,none
obecorlicky.cz,SSLHandshakeException: (certificate_unknown) No subject alternative DNS name matching obecorlicky.cz found.,none
obecorlovice.cz,302,none
obecosek.cz,302,none
obecosek.eud.cz,301,none
obecoslnovice.cz,200,none
obecostrov.cz,301,none
obecostruzna.cz,200,none
obecotinoves.cz,SSLHandshakeException: Remote host terminated the handshake,none
obecotovice.cz,302,none
obecpaclavice.cz,302,10 posta.gc-system.cz.
obecpalec.cz,301,none
obecparacov.cz,302,none
obecparsovice.cz,302,10 posta.gc-system.cz.
obecpaseka.cz,405,none
obecpaseky.cz,302,none
obecpastviny.cz,301,none
obecpatek.cz,HttpConnectTimeoutException: HTTP connect timed out,none
obecpavlov.cz,301,none
obecpavlovice.cz,HttpConnectTimeoutException: HTTP connect timed out,none
obecpchery.cz,302,none
obecpec.cz,200,1 wes1-mx1.wedos.net.; 1 wes1-mx2.wedos.net.; 10 wes1-mx-backup.wedos.net.
obecpencin.cz,HttpConnectTimeoutException: HTTP connect timed out,none
obecperimov.cz,HttpConnectTimeoutException: HTTP connect timed out,none
obecpertoltice.cz,HttpConnectTimeoutException: HTTP connect timed out,none
obecpetrikov.cz,HttpConnectTimeoutException: HTTP connect timed out,10 mail.obecpetrikov.cz.
obecpetrovice.cz,HttpConnectTimeoutException: HTTP connect timed out,none
obecpetruvka.cz,HttpConnectTimeoutException: HTTP connect timed out,none
obecpisecna.cz,HttpConnectTimeoutException: HTTP connect timed out,none
obecpisek.cz,HttpConnectTimeoutException: HTTP connect timed out,none
obecpist.cz,HttpConnectTimeoutException: HTTP connect timed out,10 58f4c332617f18a2.mx1.emailprofi.seznam.cz.; 20 58f4c332617f18a2.mx2.emailprofi.seznam.cz.
obecplana.cz,200,none
obecplavec.cz,302,none
obecplch.cz,200,none
obecplese.cz,301,none
obecpluhuvzdar.cz,301,none
obecpobezovice.cz,301,20 backup.antee.cz.; 10 mail.antee.cz.
obecpodlesi.cz,302,none
obecpodluhy.cz,200,none
obecpodmoky.cz,301,none
obecpodoli.cz,200,none
obecpodoli.info,200,10 grey.xnet.cz.
obecpodoli.net,HttpConnectTimeoutException: HTTP connect timed out,none
obecpodsedice.cz,302,none
obecpohled.cz,301,none
obecpohorelice.cz,302,none
obecpohori.cz,200,none
obecpokojov.cz,301,none
obecpolepy.cz,HttpTimeoutException: request timed out,none
obecpolerady.cz,301,none
obecpolesi.cz,200,none
obecpolice.cz,302,none
obecpolom.cz,301,none
obecpomezi.cz,200,none
obecpopice.eu,HttpConnectTimeoutException: HTTP connect timed out,none
obecpopovice.cz,302,none
obecporici.cz,200,10 wes1-mx-backup.wedos.net.; 1 wes1-mx2.wedos.net.; 1 wes1-mx1.wedos.net.
obecpostrekov.cz,302,none
obecpostrizin.cz,302,none
obecpostupice.cz,SSLHandshakeException: (certificate_unknown) No subject alternative DNS name matching obecpostupice.cz found.,none
obecpozdechov.cz,200,5 mx2.endora.cz.
obecpozden.cz,302,none
obecprace.cz,302,none
obecprachovice.cz,HttpTimeoutException: request timed out,none
obecpradlo.cz,302,none
obecprasklice.cz,301,none
obecpravice.cz,301,none
obecprechovice.cz,302,none
obecprelovice.cz,200,none
obecpremyslovice.cz,200,none
obecpreskace.cz,301,none
obecprestavlky.cz,302,none
obecpribyslav.cz,301,none
obecpricovy.eu,HttpConnectTimeoutException: HTTP connect timed out,none
obecprikosice.cz,HttpTimeoutException: request timed out,none
obecprikry.cz,SSLHandshakeException: (certificate_unknown) No subject alternative DNS name matching obecprikry.cz found.,none
obecprisecna.cz,302,none
obecprlov.cz,HttpTimeoutException: request timed out,none
obecprosecne.cz,302,none
obecprosenice.cz,HttpConnectTimeoutException: HTTP connect timed out,20 backup.antee.cz.; 10 mail.antee.cz.
obecprostibor.cz,HttpConnectTimeoutException: HTTP connect timed out,none
obecprusanky.cz,HttpConnectTimeoutException: HTTP connect timed out,none
obecptice.cz,HttpConnectTimeoutException: HTTP connect timed out,none
obecpucov.cz,HttpConnectTimeoutException: HTTP connect timed out,none
obecpuklice.cz,HttpConnectTimeoutException: HTTP connect timed out,none
obecracin.cz,HttpConnectTimeoutException: HTTP connect timed out,none
obecradesin.cz,HttpConnectTimeoutException: HTTP connect timed out,none
obecradikov.cz,HttpConnectTimeoutException: HTTP connect timed out,none
obecradim.cz,HttpConnectTimeoutException: HTTP connect timed out,10 mailin1.obecradim.cz.; 100 mailin2.obecradim.cz.
obecradkov.cz,302,none
obecradosov.cz,200,none
obecradosovice.cz,301,none
obecradostin.cz,200,none
obecradotin.cz,301,none
obecradslavice.com,HttpConnectTimeoutException: HTTP connect timed out,none
obecradvanice.cz,200,none
obecrana.cz,HttpConnectTimeoutException: HTTP connect timed out,10 smtp2.w-w.cz.
obecrantirov.cz,301,none
obecrasovice.cz,HttpConnectTimeoutException: HTTP connect timed out,10 mail.obecrasovice.cz.
obecrataje.cz,302,none
obecratibor.cz,302,10 mx.web4u.cz.
obecrebesovice.cz,302,none
obecrecice.cz,301,10 mail.origine.cz.
obecreka.cz,301,none
obecrepniky.cz,200,none
obecretuvka.cz,200,0 mail.obecretuvka.cz.
obecricky.cz,301,none
obecridky.cz,HttpConnectTimeoutException: HTTP connect timed out,1 wes1-mx2.wedos.net.; 1 wes1-mx1.wedos.net.; 10 wes1-mx-backup.wedos.net.
obecrikov.cz,302,1 wes1-mx1.wedos.net.; 1 wes1-mx2.wedos.net.
obecrimov.cz,200,none
obecrohle.cz,301,20 backup.antee.cz.; 10 mail.antee.cz.
obecrohozec.cz,302,none
obecrohy.cz,200,none
obecrojetin.cz,200,none
obecrokle.cz,302,10 posta.gc-system.cz.
obecrokyta.cz,302,none
obecrokytnice.cz,301,0 obecrokytnice-cz.mail.protection.outlook.com.
obecroprachtice.cz,302,none
obecrosicka.cz,301,none
obecroudna.cz,301,none
obecroudnice.cz,302,none
obecroudno.cz,302,none
obecrousmerov.cz,200,none
obecrovna.cz,301,20 sns.nethost.sk.; 10 mail.obecrovna.cz.
obecrozkos.cz,200,none
obecroznov.cz,HttpConnectTimeoutException: HTTP connect timed out,none
obecrozsec.cz,HttpConnectTimeoutException: HTTP connect timed out,20 backup.antee.cz.; 10 mail.antee.cz.
obecruda.cz,HttpConnectTimeoutException: HTTP connect timed out,none
obecrudka.cz,HttpConnectTimeoutException: HTTP connect timed out,none
obecrudlice.cz,HttpConnectTimeoutException: HTTP connect timed out,10 posta.gc-system.cz.
obecrusin.cz,HttpConnectTimeoutException: HTTP connect timed out,none
obecrusinov.cz,HttpConnectTimeoutException: HTTP connect timed out,none
obecrybnicek.cz,HttpConnectTimeoutException: HTTP connect timed out,none
obecrybniky.cz,HttpConnectTimeoutException: HTTP connect timed out,10 posta.gc-system.cz.
obecrybniste.cz,HttpConnectTimeoutException: HTTP connect timed out,none
obecrynholec.cz,302,none
obecsadek.cz,HttpConnectTimeoutException: HTTP connect timed out,none
obecsany.cz,302,10 posta.gc-system.cz.
obecsatov.cz,HttpConnectTimeoutException: HTTP connect timed out,none
obecsazava.cz,200,none
obecsazavka.cz,HttpConnectTimeoutException: HTTP connect timed out,none
obecsec.cz,200,none
obecsedivec.cz,301,none
obecsedlec.cz,405,none
obecsedlice.cz,200,none
obecsedliste.cz,HttpConnectTimeoutException: HTTP connect timed out,none
obecseletice.cz,HttpConnectTimeoutException: HTTP connect timed out,none
obecsemanin.cz,302,none
obecsemcice.cz,200,none
obecsemice.cz,HttpTimeoutException: request timed out,none
obecsezemice.cz,HttpTimeoutException: request timed out,none
obecskalice.cz,301,none
obecskalicka.cz,302,none
obecskalka.cz,HttpTimeoutException: request timed out,none
obecskaly.cz,HttpTimeoutException: request timed out,none
obecskorkov.cz,200,none
obecskorotice.cz,301,none
obecskryje.cz,301,none
obecskuhrov.cz,302,10 posta.gc-system.cz.
obecskvorec.cz,302,none
obecskvoretice.cz,301,none
obecslana.cz,200,none
obecslapanice.cz,302,none
obecslapy.cz,301,none
obecslatina.cz,301,none
obecslatina.net,HttpConnectTimeoutException: HTTP connect timed out,none
obecslavetin.cz,200,none
obecslavetin.estranky.cz,HttpConnectTimeoutException: HTTP connect timed out,none
obecslavkov.cz,HttpTimeoutException: request timed out,none
obecsloupvcechach.cz,301,none
obecslunecna.cz,301,none
obecslustice.cz,302,none
obecsmilovice.cz,301,20 backup.antee.cz.; 10 mail.antee.cz.
obecsmrcek.cz,200,none
obecsnet.cz,200,none
obecsobesin.cz,HttpConnectTimeoutException: HTTP connect timed out,none
obecsobinov.cz,302,none
obecsolenice.cz,302,none
obecsopotnice.cz,HttpConnectTimeoutException: HTTP connect timed out,10 mail.obecsopotnice.cz.; 20 mailp.webhouse.cz.
obecsporice.cz,HttpConnectTimeoutException: HTTP connect timed out,none
obecsrbice.cz,HttpConnectTimeoutException: HTTP connect timed out,none
obecsrbsko.cz,HttpConnectTimeoutException: HTTP connect timed out,none
obecsrby.cz,HttpConnectTimeoutException: HTTP connect timed out,none
obecsrch.cz,301,none
obecsrnin.cz,HttpConnectTimeoutException: HTTP connect timed out,none
obecsruby.cz,200,none
obecstablovice.cz,HttpConnectTimeoutException: HTTP connect timed out,none
obecstaj.cz,301,none
obecstalky.cz,HttpConnectTimeoutException: HTTP connect timed out,none
obecstankov.cz,HttpConnectTimeoutException: HTTP connect timed out,none
obecstanovice.cz,HttpConnectTimeoutException: HTTP connect timed out,none
obecstaraves.cz,200,10 mail.antee.cz.; 20 backup.antee.cz.
obecstaremesto.cz,200,none
obecstaresedlo.cz,HttpConnectTimeoutException: HTTP connect timed out,none
obecstasov.cz,301,none
obecstehelceves.cz,302,10 mx10.websupport.cz.; 100 mx20.websupport.cz.
obecstitary.cz,302,none
obecstrachonovice.w1.cz,200,none
obecstrasice.cz,200,20 mx2.savana.cz.; 10 mx1.savana.cz.
obecstrasnov.cz,405,none
obecstrasov.cz,200,none
obecstraz.cz,200,none
obecstrazisko.cz,302,none
obecstraziste.cz,200,0 obecstraziste-cz.mail.protection.outlook.com.
obecstribrnice.cz,301,none
obecstrilky.cz,301,10 mail.antee.cz.; 20 backup.antee.cz.
obecstritez.cz,301,none
obecstruharov.cz,SSLHandshakeException: (certificate_unknown) No subject alternative DNS name matching obecstruharov.cz found.,none
obecstruznice.cz,301,none
obecstrycice.cz,301,10 mail.antee.cz.; 20 backup.antee.cz.
obecstudenec.cz,302,10 posta.gc-system.cz.
obecstudeny.cz,SSLHandshakeException: Remote host terminated the handshake,none
obecstudnice.cz,301,none
obecstudnicena.cz,HttpTimeoutException: request timed out,none
obecsucha.cz,405,none
obecsuchdol.cz,200,none
obecsuchodol.cz,301,none
obecsuchy.cz,302,none
obecsudejov.cz,302,none
obecsudice.cz,301,none
obecsudomerice.cz,301,none
obecsulice.cz,403,none
obecsumna.cz,302,none
obecsusice.com,HttpConnectTimeoutException: HTTP connect timed out,none
obecsvarov.cz,HttpConnectTimeoutException: HTTP connect timed out,20 mx.aerohosting.cz.; 50 mx2.aerohosting.cz.
obecsvata.cz,HttpConnectTimeoutException: HTTP connect timed out,none
obecsvatoslav.cz,HttpConnectTimeoutException: HTTP connect timed out,none
obecsveradice.cz,HttpConnectTimeoutException: HTTP connect timed out,none
obecsvetice.cz,HttpConnectTimeoutException: HTTP connect timed out,none
obecsvetla.cz,HttpConnectTimeoutException: HTTP connect timed out,none
obecsvetlik.cz,HttpConnectTimeoutException: HTTP connect timed out,none
obecsvidnice.cz,HttpConnectTimeoutException: HTTP connect timed out,20 backup.antee.cz.; 10 mail.antee.cz.
obecsvijany.cz,HttpConnectTimeoutException: HTTP connect timed out,none
obecsvojsice.cz,HttpConnectTimeoutException: HTTP connect timed out,none
obecsvor.cz,HttpConnectTimeoutException: HTTP connect timed out,none
obecsychrov.cz,HttpConnectTimeoutException: HTTP connect timed out,none
obecsyrov.cz,200,none
obectachov.cz,HttpConnectTimeoutException: HTTP connect timed out,0 obectachov-cz.mail.protection.outlook.com.
obectasov.cz,302,none
obectecharovice.cz,HttpConnectTimeoutException: HTTP connect timed out,none
obectechlovice.cz,301,20 backup.antee.cz.; 10 mail.antee.cz.
obectemelin.cz,302,none
obectemice.cz,HttpConnectTimeoutException: HTTP connect timed out,none
obecterezin.cz,HttpConnectTimeoutException: HTTP connect timed out,none
obectesovice.cz,301,none
obectis.cz,200,20 mta.vshosting.eu.; 10 mta.vshosting.cloud.
obectlumacov.cz,302,none
obectman.cz,301,10 mail.antee.cz.; 20 backup.antee.cz.
obectopolany.cz,301,none
obectouzetin.cz,200,none
obectrebelovice.cz,302,none
obectrebenice.cz,HttpConnectTimeoutException: HTTP connect timed out,none
obectrebesice.cz,HttpConnectTimeoutException: HTTP connect timed out,none
obectrebetice.cz,HttpConnectTimeoutException: HTTP connect timed out,none
obectrebohostice.cz,HttpConnectTimeoutException: HTTP connect timed out,none
obectrebonin.cz,SSLHandshakeException: (certificate_unknown) No subject alternative DNS name matching obectrebonin.cz found.,none
obectrebotov.cz,SSLHandshakeException: Remote host terminated the handshake,none
obectremesne.cz,302,10 posta.gc-system.cz.
obectribrichy.cz,200,none
obectrnava.cz,301,none
obectrnova.cz,302,none
obectroskovice.cz,301,none
obectrstenice.cz,200,none
obectrusnov.cz,HttpConnectTimeoutException: HTTP connect timed out,none
obectucapy.cz,302,none
obectur.cz,301,none
obecturovec.cz,302,none
obecuherce.cz,200,none
obecuhrice.cz,HttpConnectTimeoutException: HTTP connect timed out,none
obecujezd.cz,302,none
obecujezdec.com,HttpConnectTimeoutException: HTTP connect timed out,none
obecujezdec.cz,200,none
obeculehle.info,SSLException: (internal_error) Received fatal alert: internal_error,none
obecumonin.cz,302,10 posta.gc-system.cz.
obecunanov.cz,302,none
obecunkovice.cz,405,10 mail.obecunkovice.cz.
obecusti.cz,405,20 mx.vshosting.eu.; 10 mx.vshosting.cloud.
obecuzice.cz,302,10 posta.gc-system.cz.
obecvaclavovice.cz,200,none
obecvacovice.cz,301,none
obecval.cz,301,none
obecvalec.cz,301,none
obecvalsov.cz,302,none
obecvaly.cz,302,none
obecvanuvek.cz,301,20 backup.antee.cz.; 10 mail.antee.cz.
obecvazany.cz,302,none
obecvechnov.cz,200,none
obecvelichovky.cz,HttpConnectTimeoutException: HTTP connect timed out,none
obecvelis.cz,HttpConnectTimeoutException: HTTP connect timed out,none
obecvelka.cz,HttpConnectTimeoutException: HTTP connect timed out,10 10mx.zoner.com.; 15 15mx.zoner.com.; 1 relay.zoner.com.
obecvelkechvojno.cz,302,none
obecvelkychlumec.cz,200,none
obecvendoli.cz,200,none
obecverusicky.cz,302,none
obecvesce.cz,HttpConnectTimeoutException: HTTP connect timed out,none
obecvesela.cz,200,none
obecvesela.eu,200,none
obecveseli.cz,HttpConnectTimeoutException: HTTP connect timed out,10 posta.gc-system.cz.
obecveselicko.cz,301,none
obecvestec.cz,SSLHandshakeException: (certificate_expired) PKIX path validation failed: java.security.cert.CertPathValidatorException: validity check failed,none
obecvestec.eu,302,none
obecvestin.cz,302,none
obecvetrni.cz,"SSLException: Unrecognized SSL message, plaintext connection?",none
obecvez.cz,302,10 posta.gc-system.cz.
obecvezky.cz,301,none
obecvezna.cz,302,none
obecveznice.cz,HttpConnectTimeoutException: HTTP connect timed out,0 obecveznice-cz.mail.protection.outlook.com.
obecveznice.eu,HttpConnectTimeoutException: HTTP connect timed out,none
obecvidochov.cz,301,none
obecvikantice.cz,301,none
obecvinarice.cz,HttpConnectTimeoutException: HTTP connect timed out,none
obecvinarice.info,HttpConnectTimeoutException: HTTP connect timed out,none
obecvinary.cz,302,none
obecviska.cz,200,none
obecvisnova.cz,301,20 backup.antee.cz.; 10 mail.antee.cz.
obecvizina.cz,200,none
obecvlastibor.cz,301,none
obecvlkos.cz,301,none
obecvlkov.cz,HttpConnectTimeoutException: HTTP connect timed out,none
obecvlkov.eu,HttpConnectTimeoutException: HTTP connect timed out,none
obecvlksice.cz,301,none
obecvodice.cz,405,none
obecvojkovice.cz,302,none
obecvojtechov.cz,302,10 smtp2.w-w.cz.
obecvokov.cz,200,none
obecvolec.cz,302,none
obecvolenice.eud.cz,301,none
obecvoznice.cz,200,none
obecvraclav.cz,301,20 d9e5083165bc0d90.mx2.emailprofi.seznam.cz.; 10 d9e5083165bc0d90.mx1.emailprofi.seznam.cz.
obecvracovice.cz,301,none
obecvranov.cz,SSLHandshakeException: (certificate_unknown) No subject alternative DNS name matching obecvranov.cz found.,none
obecvratislavka.cz,301,none
obecvrbcany.cz,301,10 mail.datonet.cz.
obecvrbicany.cz,302,none
obecvrchovany.cz,200,none
obecvrdy.cz,302,1 aspmx.l.google.com.; 5 alt2.aspmx.l.google.com.; 10 alt3.aspmx.l.google.com.; 5 alt1.aspmx.l.google.com.; 10 alt4.aspmx.l.google.com.
obecvresnik.cz,HttpConnectTimeoutException: HTTP connect timed out,10 email4.webglobe.cz.; 10 email.webglobe.cz.; 10 email2.webglobe.cz.; 10 email3.webglobe.cz.
obecvresovice.cz,HttpConnectTimeoutException: HTTP connect timed out,none
obecvrsovice.cz,HttpConnectTimeoutException: HTTP connect timed out,none
obecvsechlapy.cz,SSLHandshakeException: (certificate_unknown) No subject alternative DNS name matching obecvsechlapy.cz found.,none
obecvsehrdy.cz,302,10 posta.gc-system.cz.
obecvsemina.info,405,none
obecvu.cz,HttpConnectTimeoutException: HTTP connect timed out,none
obecvysocina.cz,HttpConnectTimeoutException: HTTP connect timed out,none
obecvysoka.cz,HttpConnectTimeoutException: HTTP connect timed out,none
obecvysokalhota.webnode.cz,HttpConnectTimeoutException: HTTP connect timed out,none
obecvysoke.cz,HttpConnectTimeoutException: HTTP connect timed out,none
obecvysokyujezd.cz,HttpConnectTimeoutException: HTTP connect timed out,none
obecvystrkov.cz,HttpConnectTimeoutException: HTTP connect timed out,none
obecxaverov.cz,SSLHandshakeException: (certificate_unknown) No subject alternative DNS name matching obecxaverov.cz found.,none
obeczablati.cz,HttpConnectTimeoutException: HTTP connect timed out,none
obeczabori.cz,200,none
obeczabovresky.cz,HttpConnectTimeoutException: HTTP connect timed out,10 posta.gc-system.cz.
obeczachlumi.cz,HttpConnectTimeoutException: HTTP connect timed out,none
obeczadovice.cz,HttpConnectTimeoutException: HTTP connect timed out,none
obeczahorany.cz,HttpConnectTimeoutException: HTTP connect timed out,none
obeczahorcice.cz,302,none
obeczahori.cz,301,none
obeczahori.eu,301,none
obeczajezd.cz,200,none
obeczalsi.cz,301,none
obeczaluzany.cz,301,none
obeczaluzi.cz,302,none
obeczamel.cz,302,none
obeczampach.cz,302,none
obeczar.cz,200,10 mx.vshosting.cloud.; 20 mx.vshosting.eu.
obeczatcany.cz,301,10 hosting.synetix.cz.
obeczavraty.cz,301,10 mailin1.obeczavraty.cz.; 100 mailin2.obeczavraty.cz.
obeczbesicky.cz,301,none
obeczblovice.cz,302,none
obeczborovice.cz,301,none
obeczbozicko.cz,200,none
obeczbraslavice.cz,302,10 mail.obeczbraslavice.cz.; 20 ns2.pipni.cz.
obeczdar.cz,302,none
obeczdarky.cz,HttpConnectTimeoutException: HTTP connect timed out,none
obeczderaz.cz,200,none
obeczdetin.cz,301,none
obeczdiby.cz,200,none
obeczdirec.cz,200,none
obeczduchovice.cz,HttpConnectTimeoutException: HTTP connect timed out,none
obeczelec.cz,200,none
obeczelechovice.cz,SSLHandshakeException: Remote host terminated the handshake,none
obeczeletava.cz,301,none
obeczeletice.cz,302,10 posta.gc-system.cz.
obeczeliv.cz,200,none
obeczelizy.cz,200,none
obeczemetice.cz,200,none
obeczeravice.cz,302,10 posta.gc-system.cz.
obeczermanice.cz,302,none
obeczernovice.cz,301,none
obeczerotin.cz,301,none
obeczerutky.cz,301,none
obeczidneves.cz,302,none
obeczidovice.cz,302,none
obeczitenice.cz,200,none
obeczizelice.cz,HttpConnectTimeoutException: HTTP connect timed out,none
obeczlata.cz,HttpConnectTimeoutException: HTTP connect timed out,none
obeczlechov.cz,HttpConnectTimeoutException: HTTP connect timed out,none
obeczloncice.cz,HttpConnectTimeoutException: HTTP connect timed out,none
obeczubri.cz,HttpConnectTimeoutException: HTTP connect timed out,none
obeczubrnice.cz,HttpConnectTimeoutException: HTTP connect timed out,none
obeczupanovice.cz,HttpConnectTimeoutException: HTTP connect timed out,10 mail.obeczupanovice.cz.
obeczvanovice.cz,HttpConnectTimeoutException: HTTP connect timed out,none
obeczvestov.cz,HttpConnectTimeoutException: HTTP connect timed out,none
obeczvikov.cz,301,none
obedkovice.cz,301,none
obedovice.cz,HttpConnectTimeoutException: HTTP connect timed out,none
oblati.cz,301,30 aspmx4.googlemail.com.; 20 alt2.aspmx.l.google.com.; 30 aspmx2.googlemail.com.; 20 alt1.aspmx.l.google.com.; 30 aspmx3.googlemail.com.; 10 aspmx.l.google.com.
obora-ps.cz,HttpConnectTimeoutException: HTTP connect timed out,10 mailin1.obora-ps.cz.; 100 mailin2.obora-ps.cz.
oborna.eu,HttpConnectTimeoutException: HTTP connect timed out,10 mail.antee.cz.; 20 backup.antee.cz.
obristvi.cz,HttpConnectTimeoutException: HTTP connect timed out,none
obrubce.e-obec.cz,HttpConnectTimeoutException: HTTP connect timed out,none
obyctov.cz,301,10 aspmx3.googlemail.com.; 5 alt2.aspmx.l.google.com.; 10 aspmx2.googlemail.com.; 1 aspmx.l.google.com.; 5 alt1.aspmx.l.google.com.
obytce.cz,200,none
ocelice.trebechovicko.cz,200,none
ochozubrna.cz,302,none
ochozutisnova.cz,200,10 alt3.aspmx.l.google.com.; 1 aspmx.l.google.com.; 5 alt2.aspmx.l.google.com.; 5 alt1.aspmx.l.google.com.; 10 alt4.aspmx.l.google.com.
ochranafauny.cz,301,none
ocihov.cz,302,none
ocmanice.cz,302,none
odersko.cz,302,10 posta.gc-system.cz.
odolenavoda.cz,301,none
odrepsy.cz,302,none
odrovice.cz,SSLHandshakeException: Remote host terminated the handshake,none
ofm.cz,301,10 alt3.aspmx.l.google.com.; 5 alt1.aspmx.l.google.com.; 1 aspmx.l.google.com.; 5 alt2.aspmx.l.google.com.; 10 alt4.aspmx.l.google.com.
ohare.cz,302,none
oharice.cz,301,none
ohkklatovy.cz,301,none
ohnic.cz,405,none
ohnisov.cz,301,none
ohnistany.cz,302,none
ohrazenice.cz,200,none
ohrazenice.eu,HttpConnectTimeoutException: HTTP connect timed out,none
ohrobec.cz,301,10 mx10.onebit.eu.; 0 mx10.onebit.cz.
ohrozim.cz,SSLHandshakeException: Remote host terminated the handshake,none
okounov.cz,302,10 posta.gc-system.cz.
okresanec.cz,200,1 wes1-mx2.wedos.net.; 1 wes1-mx1.wedos.net.
okrinek.eu,HttpConnectTimeoutException: HTTP connect timed out,none
okrisky.cz,301,none
okrouhla-jc.cz,SSLHandshakeException: Remote host terminated the handshake,none
okrouhla.cz,HttpConnectTimeoutException: HTTP connect timed out,10 posta.gc-system.cz.
okrouhlaradoun.cz,HttpConnectTimeoutException: HTTP connect timed out,none
okrouhlicka.cz,200,none
okrouhlo.cz,200,none
olbramice.cz,301,none
olbramkostel.cz,302,none
olbramov.cz,302,none
olbramovice.cz,HttpConnectTimeoutException: HTTP connect timed out,none
oldrichov.cz,HttpConnectTimeoutException: HTTP connect timed out,none
oldrichovice.cz,HttpConnectTimeoutException: HTTP connect timed out,none
oldrichovnamorave.cz,302,none
oldris.cz,301,none
oldrisov.cz,HttpConnectTimeoutException: HTTP connect timed out,0 oldrisov-cz.mail.protection.outlook.com.
oleksovice.cz,302,none
olesenka.cz,HttpConnectTimeoutException: HTTP connect timed out,none
oleska.cz,302,none
olesko.cz,HttpConnectTimeoutException: HTTP connect timed out,1 wes1-mx1.wedos.net.; 1 wes1-mx2.wedos.net.
olesna-be.cz,HttpConnectTimeoutException: HTTP connect timed out,none
olesna.cz,HttpConnectTimeoutException: HTTP connect timed out,none
olesnice-nad-cidlinou.cz,301,none
olesnice-obec.cz,HttpConnectTimeoutException: HTTP connect timed out,none
olesnice.craj.cz,200,none
olesnice.cz,HttpConnectTimeoutException: HTTP connect timed out,none
olesnice.net,302,20 mx20.active24.cz.; 10 mx10.active24.cz.
olesnik.cz,302,none
olkraj.cz,301,none
olomouc.eu,301,none
olomucany.cz,HttpConnectTimeoutException: HTTP connect timed out,none
olovi.cz,HttpConnectTimeoutException: HTTP connect timed out,10 mail.antee.cz.; 20 backup.antee.cz.
olovnice.cz,302,10 posta.gc-system.cz.
olsany-obec.eu,200,none
olsany.cz,301,none
olsany.org,200,none
olsany.somt.cz,HttpConnectTimeoutException: HTTP connect timed out,none
olsanyupv.cz,200,none
olsi.cz,301,none
olsovice.cz,301,none
omice.cz,200,none
omlenice.cz,301,10 mail.antee.cz.; 20 backup.antee.cz.
ondratice.cz,302,none
onomysl.cz,302,none
onves.cz,200,none
oparany.cz,301,none
opatov.cz,200,none
opatov.info,HttpConnectTimeoutException: HTTP connect timed out,none
opatovec.cz,302,10 posta.gc-system.cz.
opatovice.cz,200,none
opatovice.eu,200,10 mail.opatovice.eu.
opatovice1.cz,HttpConnectTimeoutException: HTTP connect timed out,none
opatovicenadlabem.cz,HttpConnectTimeoutException: HTTP connect timed out,none
oplany.cz,HttpConnectTimeoutException: HTTP connect timed out,10 mail.oplany.cz.
oplocany.cz,301,none
oplot.cz,302,none
opocno.cz,301,none
opolany.cz,405,none
oprostovice.cz,301,none
oracov.cz,302,none
orechov-ronov.cz,302,none
orechov-uh.cz,302,10 posta.gc-system.cz.
orechovubrna.cz,HttpConnectTimeoutException: HTTP connect timed out,10 mx.cekit.cz.
orechovutelce.cz,HttpConnectTimeoutException: HTTP connect timed out,none
orlickepodhuri.cz,405,none
orlickezahori.eu,301,1 wes1-mx2.wedos.net.; 10 wes1-mx-backup.wedos.net.; 1 wes1-mx1.wedos.net.
orlicko.cz,301,none
orliknadvltavou.cz,302,none
osecany.cz,405,none
osecek.cz,301,none
osecna.cz,HttpConnectTimeoutException: HTTP connect timed out,none
osecnice.cz,HttpConnectTimeoutException: HTTP connect timed out,none
osek.cz,HttpConnectTimeoutException: HTTP connect timed out,0 osek-cz.mail.protection.outlook.com.
osek.eu,200,none
oseknadbecvou.cz,HttpConnectTimeoutException: HTTP connect timed out,none
osekusobotky.cz,HttpConnectTimeoutException: HTTP connect timed out,none
oselce.cz,HttpConnectTimeoutException: HTTP connect timed out,none
oselin.cz,HttpConnectTimeoutException: HTTP connect timed out,none
osice.cz,HttpConnectTimeoutException: HTTP connect timed out,none
osicko.cz,HttpConnectTimeoutException: HTTP connect timed out,0 osicko-cz.mail.protection.outlook.com.
osicky.cz,HttpConnectTimeoutException: HTTP connect timed out,20 backup.antee.cz.; 10 mail.antee.cz.
osik.cz,200,10 mx.vshosting.cloud.; 20 mx.vshosting.eu.
osiky.cz,HttpConnectTimeoutException: HTTP connect timed out,none
oskorinek.cz,200,none
oslavany-mesto.cz,HttpConnectTimeoutException: HTTP connect timed out,none
oslavice.cz,HttpConnectTimeoutException: HTTP connect timed out,none
oslavicka.cz,HttpConnectTimeoutException: HTTP connect timed out,none
oslov.cz,HttpConnectTimeoutException: HTTP connect timed out,none
osoblaha.cz,HttpConnectTimeoutException: HTTP connect timed out,none
osov.cz,200,none
osovabityska.cz,301,none
ostasov.cz,200,none
ostopovice.cz,301,10 mail.antee.cz.; 20 backup.antee.cz.
ostra.cz,302,none
ostrata.cz,301,none
ostrava.cz,302,none
ostresany.cz,302,none
ostretice.cz,302,none
ostretin.cz,302,none
ostrolovskyujezd.cz,301,none
ostromer.cz,302,none
ostrov-obec.cz,301,none
ostrov-pb.cz,302,none
ostrov.cz,200,none
ostrovacice.eu,405,0 ostrovacice-eu.mail.protection.outlook.com.
ostrovanky.cz,301,none
ostrovec-lhotka.cz,200,10 antispam.hosting-zdarma.cz.
ostrovec-obec.cz,302,none
ostrovno.cz,301,10 ostrovno-cz.mail.protection.outlook.com.
ostrovubezdruzic.cz,302,none
ostrovumacochy.cz,301,none
ostrozskalhota.cz,303,none
ostrozsko.cz,ConnectException,none
ostruzno.cz,301,none
osvetimany.cz,301,none
osvracin.cz,302,0 osvracin-cz.mail.protection.outlook.com.
otaslavice.cz,302,none
otesice.cz,302,none
otice.cz,HttpConnectTimeoutException: HTTP connect timed out,10 posta.gc-system.cz.
otin.cz,301,5 otin-cz.mail.protection.outlook.com.
otmarov.cz,301,none
otmice.cz,200,none
otnice.cz,301,none
otov.cz,302,none
otovice.cz,301,none
otradov.cz,HttpConnectTimeoutException: HTTP connect timed out,none
otrocin.eu,302,10 posta.gc-system.cz.
otrocineves.cz,HttpConnectTimeoutException: HTTP connect timed out,20 ccc5a802c780e079.mx1.emailprofi.seznam.cz.; 10 ccc5a802c780e079.mx2.emailprofi.seznam.cz.
otrokovice.cz,HttpConnectTimeoutException: HTTP connect timed out,none
otvice.cz,HttpConnectTimeoutException: HTTP connect timed out,none
otvovice.cz,302,none
ou-albrechtice.cz,HttpConnectTimeoutException: HTTP connect timed out,none
ou-babice.cz,HttpConnectTimeoutException: HTTP connect timed out,none
ou-bila.cz,HttpConnectTimeoutException: HTTP connect timed out,none
ou-bratronice.cz,HttpConnectTimeoutException: HTTP connect timed out,none
ou-broumov.cz,302,none
ou-castolovice.cz,HttpConnectTimeoutException: HTTP connect timed out,0 oucastolovice-cz0e.mail.protection.outlook.com.
ou-chlum.cz,302,none
ou-chotesov.cz,HttpConnectTimeoutException: HTTP connect timed out,none
ou-dalovice.cz,301,10 mxavas.forpsi.com.
ou-hamr.cz,HttpConnectTimeoutException: HTTP connect timed out,none
ou-hradec.cz,SSLHandshakeException: (certificate_unknown) PKIX path building failed: sun.security.provider.certpath.SunCertPathBuilderException: unable to find valid certification path to requested target,none
ou-hvozd.cz,302,10 posta.gc-system.cz.
ou-kbel.cz,HttpConnectTimeoutException: HTTP connect timed out,none
ou-lenesice.cz,302,none
ou-lestina.cz,302,none
ou-libina.cz,200,100 aspmx5.googlemail.com.; 100 aspmx4.googlemail.com.; 100 alt2.aspmx.l.google.com.; 100 aspmx3.googlemail.com.; 100 alt1.aspmx.l.google.com.; 0 oulibina-cz0e.mail.protection.outlook.com.; 100 aspmx2.googlemail.com.; 100 aspmx.l.google.com.
ou-lipno-louny.cz,302,none
ou-ludvikovice.cz,302,none
ou-mnichov.cz,302,none
ou-nemcice.cz,302,none
ou-nova-ves.cz,200,none
ou-oskava.cz,302,none
ou-petrovice.cz,302,none
ou-prestenice.cz,302,none
ou-skripov.cz,302,10 posta.gc-system.cz.
ou-slatina.cz,302,none
ou-tuchlovice.cz,302,none
ou-vavrinec.cz,302,none
ou-vlcice.cz,302,none
ou-vysokyujezd.cz,302,none
ou-zahradka.cz,302,none
ou-zdar.cz,200,none
ou.kraliky.info,301,none
ouarnoltice.cz,405,20 5c7c3b8b5177a5c9.mx1.emailprofi.seznam.cz.; 10 5c7c3b8b5177a5c9.mx2.emailprofi.seznam.cz.
oubecov.cz,302,10 posta.gc-system.cz.
oubenatky.cz,200,none
oubenice.eu,302,10 mx.vshosting.cloud.; 20 mx.vshosting.eu.
oubilsko.cz,301,none
oubohunice.cz,301,none
ouborek.estranky.cz,200,none
oucernava.cz,302,none
oucmanice.cz,HttpConnectTimeoutException: HTTP connect timed out,none
oudalesice.cz,200,none
oudolen.cz,HttpConnectTimeoutException: HTTP connect timed out,none
oudrnovice.cz,HttpConnectTimeoutException: HTTP connect timed out,10 posta.gc-system.cz.
ouhaj.cz,302,10 posta.gc-system.cz.
ouhavran.cz,HttpConnectTimeoutException: HTTP connect timed out,none
ouhodonin.cz,ConnectException,none
ouhradiste.cz,SSLHandshakeException: Remote host terminated the handshake,none
oujarov.cz,HttpConnectTimeoutException: HTTP connect timed out,none
oujezovy.cz,301,none
oukamenna.cz,HttpConnectTimeoutException: HTTP connect timed out,none
oukobyla.cz,301,none
oukojetice.cz,HttpConnectTimeoutException: HTTP connect timed out,none
oukosiky.cz,302,10 posta.gc-system.cz.
oukozly.cz,HttpConnectTimeoutException: HTTP connect timed out,none
oukresin.cz,HttpConnectTimeoutException: HTTP connect timed out,1 wes1-mx1.wedos.net.; 10 wes1-mx-backup.wedos.net.; 1 wes1-mx2.wedos.net.
oulhotka.cz,HttpConnectTimeoutException: HTTP connect timed out,none
oulibel.cz,HttpConnectTimeoutException: HTTP connect timed out,none
oulisnice.cz,HttpConnectTimeoutException: HTTP connect timed out,none
ouloucka.cz,HttpConnectTimeoutException: HTTP connect timed out,none
oumikulovice.cz,HttpConnectTimeoutException: HTTP connect timed out,none
oumoutnice.cz,301,10 hosting.synetix.cz.
ounezamyslice.cz,HttpConnectTimeoutException: HTTP connect timed out,none
ouobora.cz,302,none
ouobrnice.cz,HttpConnectTimeoutException: HTTP connect timed out,none
ouokrouhla.cz,301,none
ouolesna.cz,HttpConnectTimeoutException: HTTP connect timed out,10 mailin1.ouolesna.cz.; 100 mailin2.ouolesna.cz.
ouopocnice.cz,HttpConnectTimeoutException: HTTP connect timed out,none
ouostredek.cz,HttpConnectTimeoutException: HTTP connect timed out,none
oupetrovice.cz,HttpConnectTimeoutException: HTTP connect timed out,none
oupodhradi.cz,200,none
ouprelic.cz,302,none
ouprobostov.cz,301,none
ouradosovice.cz,SSLHandshakeException: (certificate_unknown) No subject alternative DNS name matching ouradosovice.cz found.,none
ousedliste.cz,302,none
ouskalka.cz,200,none
ouslatina.cz,302,none
oustankovice.cz,301,none
oustranka.cz,SSLHandshakeException: (certificate_unknown) No subject alternative DNS name matching oustranka.cz found.,none
oustrazne.cz,SSLHandshakeException: (certificate_unknown) No subject alternative DNS name matching oustrazne.cz found.,10 mail.oustrazne.cz.
outechovice.cz,302,none
outesany.cz,301,none
outuchomerice.cz,302,0 outuchomerice-cz.mail.protection.outlook.com.
ouujezd.cz,302,none
ouvinarice.cz,302,none
ouvojkov.cz,200,none
ouvranov.cz,200,none
ouvresova.cz,301,10 mailin1.ouvresova.cz.; 100 mailin2.ouvresova.cz.
ouzaluzi.cz,302,none
ouzdar.cz,302,none
ouzerotin.cz,301,none
ouzleby.cz,200,none
ovajih.ostrava.cz,301,none
ovcary-obec.cz,302,none
ovcary.cz,200,none
ovesnalhota.cz,301,none
ovesnekladruby.cz,302,none
oznice.cz,200,10 mx.blueboard.cz.
pabenice.cz,302,none
pacejov.cz,302,none
pacerice.cz,301,none
pacetluky.cz,HttpConnectTimeoutException: HTTP connect timed out,none
palestine.cz,HttpConnectTimeoutException: HTTP connect timed out,none
palkovice.cz,HttpConnectTimeoutException: HTTP connect timed out,none
palonin.cz,HttpConnectTimeoutException: HTTP connect timed out,10 posta.gc-system.cz.
palovice.cz,200,none
pametice.cz,HttpConnectTimeoutException: HTTP connect timed out,none
panenskarozsicka.cz,HttpConnectTimeoutException: HTTP connect timed out,1 wes1-mx2.wedos.net.; 1 wes1-mx1.wedos.net.
panenskebrezany.cz,HttpConnectTimeoutException: HTTP connect timed out,none
panenskytynec.cz,HttpConnectTimeoutException: HTTP connect timed out,none
panosi-ujezd.cz,302,none
parezov.cz,HttpConnectTimeoutException: HTTP connect timed out,none
partutovice.cz,HttpConnectTimeoutException: HTTP connect timed out,none
pasecnice.cz,HttpConnectTimeoutException: HTTP connect timed out,none
paseky.cz,HttpConnectTimeoutException: HTTP connect timed out,none
pasohlavky.cz,HttpConnectTimeoutException: HTTP connect timed out,10 pasohlavky-cz.mail.protection.outlook.com.
pasovice.cz,301,none
pastuchovice.cz,HttpConnectTimeoutException: HTTP connect timed out,none
patokryje.cz,HttpTimeoutException: request timed out,none
pavlice.cz,HttpConnectTimeoutException: HTTP connect timed out,10 mxavas.forpsi.com.
pavlikov.cz,302,none
pavlinov.cz,301,none
pavlov-ledec.cz,SSLHandshakeException: (certificate_unknown) PKIX path building failed: sun.security.provider.certpath.SunCertPathBuilderException: unable to find valid certification path to requested target,1 wes1-mx2.wedos.net.; 1 wes1-mx1.wedos.net.
pavlov-pe.cz,200,none
pavlovice.cz,301,none
pavloviceuprerova.cz,301,none
pavlovukladna.cz,302,none
pavlovulostic.cz,302,none
pavlovzr.cz,301,none
pazderna.eu,HttpConnectTimeoutException: HTTP connect timed out,10 mta.vshosting.cloud.; 20 mta.vshosting.eu.
pdubenky.webnode.cz,200,none
pec-obec.cz,302,none
pecice.cz,200,none
pecin.cz,301,100 mspool.ttnet.cz.; 10 mailx.ttnet.cz.
pecky.cz,200,none
pecnov.cz,302,none
pecpodsnezkou.cz,301,none
pelechy.cz,301,none
pencin-obec.cz,200,none
pencin.cz,302,none
peralec.cz,200,none
pernarec.cz,302,none
pernink.eu,302,none
pernstejnskejestrabi.cz,200,none
pertoltice-kh.cz,302,none
pertoltice.cz,302,none
peruc.cz,200,none
pesvice.cz,302,none
petihosty.cz,200,20 e2762b20f1dbb51e.mx1.emailprofi.seznam.cz.; 10 e2762b20f1dbb51e.mx2.emailprofi.seznam.cz.
petikozly.cz,302,none
petipsy.cz,302,none
petkovy.cz,200,none
petravec.cz,200,none
petrikov-obec.cz,301,30 aspmx3.google.com.; 10 aspmx.l.google.com.; 20 alt1.aspmx.l.google.com.; 30 aspmx4.google.com.; 20 alt2.aspmx.l.google.com.; 30 aspmx5.google.com.; 30 aspmx2.google.com.
petrkovice.eu,ConnectException,none
petrohrad-obec.cz,301,none
petroupim.cz,SSLHandshakeException: (certificate_unknown) No subject alternative DNS name matching petroupim.cz found.,none
petrov-obec.cz,HttpConnectTimeoutException: HTTP connect timed out,none
petrovice-obec.cz,HttpConnectTimeoutException: HTTP connect timed out,none
petrovice.com,200,none
petrovice.eu,302,none
petrovice1.cz,HttpConnectTimeoutException: HTTP connect timed out,none
petrovice2.cz,HttpConnectTimeoutException: HTTP connect timed out,none
petrovicebr.cz,HttpConnectTimeoutException: HTTP connect timed out,10 mail.petrovicebr.cz.
petroviceuk.cz,HttpConnectTimeoutException: HTTP connect timed out,0 petroviceuk-cz.mail.protection.outlook.com.
petroviceususice.cz,HttpConnectTimeoutException: HTTP connect timed out,none
petroviceutrebice.cz,HttpConnectTimeoutException: HTTP connect timed out,none
petrovicky.info,301,none
petrovnaddesnou.cz,HttpConnectTimeoutException: HTTP connect timed out,none
petrovuprahy.cz,HttpConnectTimeoutException: HTTP connect timed out,none
petruvky.cz,HttpConnectTimeoutException: HTTP connect timed out,none
petrvald-mesto.cz,HttpConnectTimeoutException: HTTP connect timed out,none
petrvaldobec.cz,HttpConnectTimeoutException: HTTP connect timed out,10 posta.gc-system.cz.
picin.cz,HttpConnectTimeoutException: HTTP connect timed out,none
pid.cz,200,0 pid-cz.mail.protection.outlook.com.
pijarzy.pl,200,10 poczta.pijarzy.pl.
pikarec.cz,HttpConnectTimeoutException: HTTP connect timed out,none
pilnikov.cz,HttpConnectTimeoutException: HTTP connect timed out,none
pisarov.cz,HttpConnectTimeoutException: HTTP connect timed out,none
pisecna.cz,HttpConnectTimeoutException: HTTP connect timed out,none
pisecnauzamberka.cz,HttpConnectTimeoutException: HTTP connect timed out,none
pisecne.cz,HttpConnectTimeoutException: HTTP connect timed out,none
piskova-lhota.cz,HttpConnectTimeoutException: HTTP connect timed out,none
piskovalhota.cz,HttpConnectTimeoutException: HTTP connect timed out,0 piskovalhota-cz.mail.protection.outlook.com.
pist.cz,302,0 pist-cz.mail.protection.outlook.com.
pistin.cz,302,none
pistina.cz,301,none
pisty-nb.cz,200,none
pitin.cz,302,10 posta.gc-system.cz.
pivin.cz,302,10 posta.gc-system.cz.
pivkovice.cz,SSLHandshakeException: (certificate_unknown) PKIX path building failed: sun.security.provider.certpath.SunCertPathBuilderException: unable to find valid certification path to requested target,none
plana.cz,302,none
plananl.cz,200,0 plananl-cz.mail.protection.outlook.com.
planany.eu,302,none
plandry.cz,200,none
planice.cz,302,0 mail.planice.cz.
plav.cz,200,none
plavsko.cz,301,none
plavy.cz,302,none
plazy.cz,200,none
plchov.cz,301,none
plchovice.cz,301,none
plenkovice.cz,302,none
plesnice.cz,301,none
pletenyujezd.cz,405,10 mta.vshosting.cloud.; 20 mta.vshosting.eu.
pliskov.cz,302,none
ploskovice.cz,302,none
pluzna.cz,302,none
plzen.eu,200,none
pmscr.cz,301,none
pnetluky.cz,302,none
pnov-predhradi.cz,301,none
pnovany.cz,301,none
pnovice.cz,301,20 backup.antee.cz.; 10 mail.antee.cz.
pobecvi.cz,301,none
pobezovice.cz,302,10 posta.gc-system.cz.
pobezoviceuprelouce.cz,302,none
pocaply.cz,301,none
pocatky.cz,302,none
pocedelice.cz,HttpConnectTimeoutException: HTTP connect timed out,0 pocedelice-cz.mail.protection.outlook.com.
pocenice.cz,HttpConnectTimeoutException: HTTP connect timed out,none
pocepice.cz,HttpConnectTimeoutException: HTTP connect timed out,none
pocernice.cz,302,50 pocernice-cz.mail.eo.outlook.com.
pochvalov.cz,HttpConnectTimeoutException: HTTP connect timed out,none
pocinovice.cz,HttpConnectTimeoutException: HTTP connect timed out,none
pocitky.cz,HttpConnectTimeoutException: HTTP connect timed out,none
podborany.net,302,none
podbrdsko.net,ConnectException,none
podbrdy.cz,HttpConnectTimeoutException: HTTP connect timed out,none
podbrezi.cz,HttpConnectTimeoutException: HTTP connect timed out,5 ms226.dobruska.cz.
podbrezice.cz,HttpConnectTimeoutException: HTTP connect timed out,none
poddvorov.cz,HttpConnectTimeoutException: HTTP connect timed out,none
podesin.cz,HttpConnectTimeoutException: HTTP connect timed out,10 mx1d10.thinline.cz.; 20 mx1b20.thinline.cz.
podevousy.cz,HttpConnectTimeoutException: HTTP connect timed out,10 posta.gc-system.cz.
podhorany.cz,302,none
podhorniujezd.cz,HttpConnectTimeoutException: HTTP connect timed out,none
podhradinaddyji.cz,HttpConnectTimeoutException: HTTP connect timed out,none
podhradnilhota.cz,HttpConnectTimeoutException: HTTP connect timed out,none
podivice.eu,302,none
podivin.cz,302,none
podjestedi.cz,HttpConnectTimeoutException: HTTP connect timed out,10 imap.mail.webnode.com.
podkopnalhota.cz,200,none
podlesi.cz,200,none
podlesin.eu,302,none
podmoklany.cz,301,20 backup.antee.cz.; 10 mail.antee.cz.
podmokly.cz,302,15 15mx.zoner.com.; 10 10mx.zoner.com.; 1 relay.zoner.com.
podmoklynadberounkou.cz,302,none
podmoky.cz,SSLHandshakeException: (certificate_unknown) No subject alternative DNS name matching podmoky.cz found.,none
podmoli.cz,302,none
podmyce.estranky.cz,HttpConnectTimeoutException: HTTP connect timed out,none
podolanka.cz,302,none
podoli1.cz,301,none
podoliobec.eu,301,10 mail.antee.cz.; 20 backup.antee.cz.
podoliubrna.cz,302,none
podomi.cz,302,10 posta.gc-system.cz.
podulsany.cz,405,none
podulsi.cz,200,none
podveky.cz,302,none
pohled-ves.cz,200,none
pohnanec.cz,200,none
pohnani.cz,301,none
pohodavenkova.cz,301,none
pohorelice.cz,302,none
pohorovice-kloub.cz,302,none
pohorskaves.cz,SSLHandshakeException: (certificate_unknown) No subject alternative DNS name matching pohorskaves.cz found.,none
pojbuky.cz,SSLHandshakeException: Remote host terminated the handshake,none
pokojovice.cz,302,none
pokrikov.cz,301,10 13a202f4e9dce750.mx1.emailprofi.seznam.cz.; 20 13a202f4e9dce750.mx2.emailprofi.seznam.cz.
polankaunep.cz,302,10 posta.gc-system.cz.
polen.cz,405,none
polensko.cz,SSLHandshakeException: Remote host terminated the handshake,none
polerady.cz,302,none
polesovice.cz,302,10 posta.gc-system.cz.
polevsko.info,HttpConnectTimeoutException: HTTP connect timed out,none
policie.cz,301,none
policka.org,HttpConnectTimeoutException: HTTP connect timed out,0 policka-org.mail.protection.outlook.com.
policna.cz,302,none
politavi.cz,ConnectException: Host is unreachable,none
polkovice.cz,200,none
polnanasumave.cz,HttpConnectTimeoutException: HTTP connect timed out,none
polnichrcice.cz,HttpConnectTimeoutException: HTTP connect timed out,none
polnicka.cz,HttpConnectTimeoutException: HTTP connect timed out,none
polnivoderady.cz,HttpConnectTimeoutException: HTTP connect timed out,20 mx.vshosting.eu.; 10 mx.vshosting.cloud.
polom.cz,HttpConnectTimeoutException: HTTP connect timed out,none
polomi.cz,HttpConnectTimeoutException: HTTP connect timed out,none
polste.cz,HttpConnectTimeoutException: HTTP connect timed out,10 posta.gc-system.cz.
pomezinadohri.cz,HttpConnectTimeoutException: HTTP connect timed out,none
ponedraz.cz,HttpConnectTimeoutException: HTTP connect timed out,none
ponedrazka.cz,HttpConnectTimeoutException: HTTP connect timed out,none
ponetovice.eu,HttpConnectTimeoutException: HTTP connect timed out,none
ponikla.cz,HttpConnectTimeoutException: HTTP connect timed out,none
pootavi.cz,HttpConnectTimeoutException: HTTP connect timed out,none
popelin.cz,HttpConnectTimeoutException: HTTP connect timed out,none
popovice.cz,HttpConnectTimeoutException: HTTP connect timed out,none
popoviceubenesova.cz,HttpConnectTimeoutException: HTTP connect timed out,none
popovicky.cz,HttpConnectTimeoutException: HTTP connect timed out,none
popuvky-obec.cz,HttpConnectTimeoutException: HTTP connect timed out,none
popuvky.cz,HttpConnectTimeoutException: HTTP connect timed out,0 popuvky-cz.mail.protection.outlook.com.
poricinadsazavou.cz,HttpConnectTimeoutException: HTTP connect timed out,none
portal.justice.cz,302,none
posna.cz,HttpConnectTimeoutException: HTTP connect timed out,none
postoloprty.cz,HttpConnectTimeoutException: HTTP connect timed out,10 postoloprty-cz.mail.protection.outlook.com.
postovice.cz,HttpConnectTimeoutException: HTTP connect timed out,none
postrelmov.cz,HttpConnectTimeoutException: HTTP connect timed out,none
postrelmuvek.cz,302,none
posumavi.cz,302,none
posumavi.jz.cz,ConnectException,none
potec.cz,302,10 posta.gc-system.cz.
potehy.cz,302,none
potstat.cz,301,none
potstejn.cz,200,none
potucky-obec.cz,301,10 mx1.active24.com.; 20 mx2.active24.com.
poustka.cz,200,none
pouzdrany.cz,405,10 mail.pouzdrany.cz.
povrly.cz,301,20 mta.vshosting.eu.; 10 mta.vshosting.cloud.
pozdatin.cz,302,10 posta.gc-system.cz.
pozlovice.cz,200,1 relay.zoner.com.; 15 15mx.zoner.com.; 10 10mx.zoner.com.
pozorice.cz,200,none
ppj.cz,301,none
pracejovice.cz,302,none
prachatice.eu,HttpConnectTimeoutException: HTTP connect timed out,none
prackovice-litochovice.cz,302,none
prag.diplo.de,HttpConnectTimeoutException: HTTP connect timed out,none
praga.mae.ro,HttpConnectTimeoutException: HTTP connect timed out,none
praga.mfa.gov.hu,SSLHandshakeException: (certificate_unknown) PKIX path building failed: sun.security.provider.certpath.SunCertPathBuilderException: unable to find valid certification path to requested target,none
praga.veleposlanistvo.si,HttpConnectTimeoutException: HTTP connect timed out,none
prague.europarl.europa.eu,HttpConnectTimeoutException: HTTP connect timed out,none
prague.mae.lu,HttpConnectTimeoutException: HTTP connect timed out,none
prague.mfa.ee,HttpConnectTimeoutException: HTTP connect timed out,none
praha-bechovice.cz,302,none
praha-dubec.cz,301,10 mta.vshosting.cloud.; 20 mta.vshosting.eu.
praha-klanovice.cz,302,none
praha-kunratice.cz,301,none
praha-slivenec.cz,200,10 prahaslivenec-cz01c.mail.protection.outlook.com.
praha-suchdol.cz,200,none
praha.eu,200,1 ms11.mepnet.cz.; 1 ms10.mepnet.cz.
praha1.cz,301,none
praha10.cz,200,5 praha10-cz.mail.protection.outlook.com.
praha11.cz,301,12801 ax.virusfree.cz.; 12833 cx.spamfree.cz.; 12817 bx.virusfree.cz.; 12849 dx.spamfree.cz.
praha12.cz,301,10 ms11.mepnet.cz.; 10 ms10.mepnet.cz.
praha15.cz,301,none
praha16.eu,HttpConnectTimeoutException: HTTP connect timed out,none
praha18.cz,HttpConnectTimeoutException: HTTP connect timed out,none
praha19.cz,301,10 mail1.praha19.cz.
praha2.cz,HttpConnectTimeoutException: HTTP connect timed out,none
praha22.cz,302,1 ms11.mepnet.cz.; 1 ms10.mepnet.cz.
praha3.cz,HttpConnectTimeoutException: HTTP connect timed out,none
praha4.cz,200,10 smtp.praha4.cz.; 20 ms11.mepnet.cz.; 30 ms10.mepnet.cz.
praha5.cz,HttpConnectTimeoutException: HTTP connect timed out,none
praha6.cz,200,10 smtp.google.com.
praha7.cz,301,0 praha7-cz.mail.protection.outlook.com.
praha8.cz,HttpConnectTimeoutException: HTTP connect timed out,none
praha9.cz,HttpConnectTimeoutException: HTTP connect timed out,none
praksice.cz,HttpConnectTimeoutException: HTTP connect timed out,none
pramenyobec.cz,HttpConnectTimeoutException: HTTP connect timed out,none
prasek.cz,HttpConnectTimeoutException: HTTP connect timed out,none
praskacka.cz,HttpConnectTimeoutException: HTTP connect timed out,none
praskolesy.cz,HttpConnectTimeoutException: HTTP connect timed out,none
praslavice.com,HttpConnectTimeoutException: HTTP connect timed out,none
pravcice.cz,HttpConnectTimeoutException: HTTP connect timed out,none
pravlov.cz,HttpConnectTimeoutException: HTTP connect timed out,none
pravonin.cz,HttpConnectTimeoutException: HTTP connect timed out,none
pravy.cz,HttpConnectTimeoutException: HTTP connect timed out,none
prazmo.cz,301,none
preborov.cz,302,none
prebuz.cz,HttpConnectTimeoutException: HTTP connect timed out,none
preckov.cz,302,none
predboj.cz,302,none
predenice.cz,302,none
predhradi.cz,302,none
predin.cz,302,none
predklasteri.cz,302,none
predmericenadjizerou.cz,302,none
predmericenl.cz,200,none
predmir.cz,302,10 mailin1.predmir.cz.; 100 mailin2.predmir.cz.
prednivyton.cz,302,5 alt2.aspmx.l.google.com.; 10 alt3.aspmx.l.google.com.; 10 alt4.aspmx.l.google.com.; 5 alt1.aspmx.l.google.com.; 1 aspmx.l.google.com.
prednizborovice.cz,301,none
predotice.cz,405,none
predslav.cz,302,none
predslavice.cz,302,none
prehorov.cz,301,none
prehvozdi.cz,302,none
prehysov.cz,302,none
prepere.cz,200,none
prepychy.cz,200,1 wes1-mx1.wedos.net.; 1 wes1-mx2.wedos.net.
prerov.eu,HttpConnectTimeoutException: HTTP connect timed out,0 prerov-eu.mail.protection.outlook.com.
prerovnadlabem.eu,HttpConnectTimeoutException: HTTP connect timed out,none
prerubenice.cz,302,none
presovice.cz,301,20 backup.antee.cz.; 10 mail.antee.cz.
prestanov.cz,405,none
prestavlky-rce.cz,302,10 posta.gc-system.cz.
prestavlky.cz,301,10 mail.antee.cz.; 20 backup.antee.cz.
prestavlkyucercan.cz,302,none
prestavlkyuprerova.cz,200,none
prestice-mesto.cz,302,none
prestovice.cz,302,none
prevysov.cz,301,none
prezletice.cz,200,none
pribice.cz,200,0 pribice-cz.mail.protection.outlook.com.
pribor.eu,ConnectException,none
pribramnamorave.cz,302,none
pribraz.cz,403,none
pribyslav.cz,HttpConnectTimeoutException: HTTP connect timed out,none
pribyslavice.cz,HttpConnectTimeoutException: HTTP connect timed out,none
pribyslavice.net,HttpConnectTimeoutException: HTTP connect timed out,none
prichovice.cz,HttpConnectTimeoutException: HTTP connect timed out,10 posta.gc-system.cz.
pricina.cz,302,none
pridoli.cz,HttpConnectTimeoutException: HTTP connect timed out,0 pridoli-cz.mail.protection.outlook.com.
prikazy.cz,HttpConnectTimeoutException: HTTP connect timed out,none
prilepy.cz,HttpConnectTimeoutException: HTTP connect timed out,none
prilepy.eu,HttpConnectTimeoutException: HTTP connect timed out,none
priluka.cz,HttpConnectTimeoutException: HTTP connect timed out,none
priseka.cz,HttpConnectTimeoutException: HTTP connect timed out,none
prisimasy.cz,HttpConnectTimeoutException: HTTP connect timed out,none
prisnotice.cz,HttpConnectTimeoutException: HTTP connect timed out,none
prisovice.cz,HttpConnectTimeoutException: HTTP connect timed out,none
pristoupim.cz,HttpConnectTimeoutException: HTTP connect timed out,none
pristpo.eu,HttpConnectTimeoutException: HTTP connect timed out,none
pritluky.cz,HttpConnectTimeoutException: HTTP connect timed out,none
privetice.cz,HttpConnectTimeoutException: HTTP connect timed out,none
privrat.cz,HttpConnectTimeoutException: HTTP connect timed out,none
probulov.cz,HttpConnectTimeoutException: HTTP connect timed out,none
prodasice.cz,HttpConnectTimeoutException: HTTP connect timed out,none
prohozec.snadno.eu,HttpConnectTimeoutException: HTTP connect timed out,none
prokopov.cz,302,none
proruby.webnode.cz,HttpConnectTimeoutException: HTTP connect timed out,none
prosecpodkremesnikem.cz,HttpConnectTimeoutException: HTTP connect timed out,10 mta.vshosting.cloud.; 20 mta.vshosting.eu.
prosecuhumpolce.cz,HttpConnectTimeoutException: HTTP connect timed out,none
prosenickalhota.cz,HttpConnectTimeoutException: HTTP connect timed out,20 mx2.active24.com.; 10 mx1.active24.com.
prosetin.cz,HttpConnectTimeoutException: HTTP connect timed out,none
prosetin.eu,HttpConnectTimeoutException: HTTP connect timed out,none
prosicka.cz,HttpConnectTimeoutException: HTTP connect timed out,none
prosimerice.cz,302,none
prostejovicky.cz,200,none
prostrednibecva.cz,302,none
prostredniporici.cz,301,none
protivanov.com,302,10 mail.antee.cz.; 20 backup.antee.cz.
provodov.cz,302,none
provodovice.cz,302,none
provodovsonov.cz,302,none
prstice.cz,301,none
pruhonice-obec.cz,200,none
prusice.cz,302,none
prusinovice.cz,301,none
prusy-boskuvky.eu,HttpConnectTimeoutException: HTTP connect timed out,100 mailin2.prusy-boskuvky.eu.; 10 mailin1.prusy-boskuvky.eu.
prysk.cz,302,none
przno.cz,200,none
prznouvsetina.cz,200,none
psanky.info,302,none
psare.cz,SSLHandshakeException: (certificate_unknown) No subject alternative DNS name matching psare.cz found.,none
psary.cz,200,none
psov.cz,301,none
psovlky.cz,302,10 posta.gc-system.cz.
psp.cz,302,10 smg2.psp.cz.; 10 smg1.psp.cz.
pstruzi.cz,301,none
pteni.cz,302,none
ptenin.cz,302,none
puchlovice.cz,301,none
puclice.cz,302,20 ab3577234ac5ef98.mx1.emailprofi.seznam.cz.; 10 ab3577234ac5ef98.mx2.emailprofi.seznam.cz.
pulecny.cz,302,10 posta.gc-system.cz.
puncovniurad.cz,301,none
pustakamenice.cz,200,none
pustapolom.cz,302,none
pustarybna.cz,200,none
pustejov.cz,301,none
pustimer.eu,301,20 backup.antee.cz.; 10 mail.antee.cz.
pustina.info,301,none
pustovety.cz,302,none
putim.cz,302,none
putimov.cz,200,none
pysel.cz,302,10 posta.gc-system.cz.
pysely.cz,302,none
rabakov.cz,200,none
rabstejnskalhota.cz,301,20 backup.antee.cz.; 10 mail.antee.cz.
raby-obec.cz,HttpConnectTimeoutException: HTTP connect timed out,none
rabyne-obec.cz,HttpConnectTimeoutException: HTTP connect timed out,none
racetice.cz,HttpConnectTimeoutException: HTTP connect timed out,10 posta.gc-system.cz.
racice-pistovice.cz,HttpConnectTimeoutException: HTTP connect timed out,10 mx.profitux.cz.; 20 backupmx.profitux.cz.
racice.cz,HttpConnectTimeoutException: HTTP connect timed out,10 mail.nitex.me.
racice.net,301,none
racicenadtrotinou.cz,301,none
racineves.cz,HttpConnectTimeoutException: HTTP connect timed out,none
rackova.cz,HttpConnectTimeoutException: HTTP connect timed out,none
racovice.cz,HttpConnectTimeoutException: HTTP connect timed out,10 mxavas.forpsi.com.
radcice.eu,HttpConnectTimeoutException: HTTP connect timed out,none
radejov.cz,HttpConnectTimeoutException: HTTP connect timed out,none
radejoviceobec.cz,HttpConnectTimeoutException: HTTP connect timed out,none
radenice.cz,302,none
radenin.cz,HttpConnectTimeoutException: HTTP connect timed out,none
radesinskasvratka.cz,HttpConnectTimeoutException: HTTP connect timed out,none
radetice.cz,HttpConnectTimeoutException: HTTP connect timed out,none
radetice.pb.cz,HttpConnectTimeoutException: HTTP connect timed out,none
radhostice.cz,HttpConnectTimeoutException: HTTP connect timed out,none
radic-obec.cz,200,none
radikovice.net,302,none
radimovice.cz,200,none
radimoviceutabora.cz,301,none
radimoviceuzelce.cz,301,none
radkov-sy.cz,SSLHandshakeException: (certificate_unknown) No subject alternative DNS name matching radkov-sy.cz found.,none
radkov.cz,301,10 mail.antee.cz.; 20 backup.antee.cz.
radkov.eu,301,10 ign-mx3.webglobe.com.; 10 mail2.ignum.cz.; 10 ign-mx2.webglobe.com.; 10 ign-mx4.webglobe.com.
radkovalhota.cz,301,10 mail.antee.cz.; 20 backup.antee.cz.
radkovice.cz,302,10 posta.gc-system.cz.
radkoviceubudce.cz,SSLHandshakeException: (certificate_unknown) No subject alternative DNS name matching radkoviceubudce.cz found.,none
radkovy.cz,301,none
radlo.cz,302,none
radnice-dobrohost.cz,302,none
radnoves.cz,301,10 pecari-mail.xart.cz.
radnovice.cz,200,none
radomysl.net,200,none
radonice.cz,301,none
radonin.cz,200,none
radosovice.eu,302,none
radostice.cz,301,none
radostin.cz,200,none
radostinnadoslavou.cz,301,10 pecari-mail.xart.cz.
radostna.cz,200,none
radostov.cz,301,none
radovesice.cz,302,10 posta.gc-system.cz.
radovesnice.cz,302,none
radovesnice2.cz,301,10 radovesnice2-cz.mail.protection.outlook.com.
radslavice.cz,301,none
radvanec.cz,302,none
radvanice.cz,301,10 mail.antee.cz.; 20 backup.antee.cz.
rajec.zabrezsko.cz,200,none
rajecjestrebi.cz,302,none
rajecko.cz,301,10 mail.antee.cz.; 20 backup.antee.cz.
rajhrad.cz,301,none
rajhradice.cz,302,none
rajnochovice.cz,200,none
rakousy.eu,SSLHandshakeException: (certificate_unknown) No subject alternative DNS name matching rakousy.eu found.,none
rakov.cz,302,none
rakova.cz,301,none
rakova.eu,302,none
rakovice.cz,302,none
rakuvka.cz,301,20 backup.antee.cz.; 10 mail.antee.cz.
rakvice.cz,302,none
rancirov.cz,302,none
rapotice.cz,302,none
rapotin.cz,302,none
raskovice.cz,301,none
rasna.cz,200,none
rasosky.cz,HttpConnectTimeoutException: HTTP connect timed out,none
rasov.cz,301,none
rasovice.cz,HttpConnectTimeoutException: HTTP connect timed out,none
raspenava.cz,HttpConnectTimeoutException: HTTP connect timed out,0 raspenava-cz.mail.protection.outlook.com.
rataje.cz,HttpConnectTimeoutException: HTTP connect timed out,10 posta.gc-system.cz.
ratajeobec.cz,HttpConnectTimeoutException: HTTP connect timed out,none
ratbor.cz,HttpConnectTimeoutException: HTTP connect timed out,10 posta.gc-system.cz.
ratenice.cz,HttpConnectTimeoutException: HTTP connect timed out,none
ratibor.cz,HttpConnectTimeoutException: HTTP connect timed out,none
ratiborskehory.cz,HttpConnectTimeoutException: HTTP connect timed out,none
ratiskovice.com,ConnectException,none
ratmerice.cz,302,none
razice.cz,HttpConnectTimeoutException: HTTP connect timed out,none
razova.cz,HttpConnectTimeoutException: HTTP connect timed out,none
recanynadlabem.cz,HttpConnectTimeoutException: HTTP connect timed out,none
reckovice.brno.cz,200,none
regionboskovicko.cz,HttpConnectTimeoutException: HTTP connect timed out,none
regionbystricko.cz,301,10 f546d845cc8507b2.mx1.emailprofi.seznam.cz.; 20 f546d845cc8507b2.mx2.emailprofi.seznam.cz.
regionmohelnicko.cz,HttpConnectTimeoutException: HTTP connect timed out,none
regionmtj.cz,HttpTimeoutException: request timed out,none
rehenice.cz,302,10 posta.gc-system.cz.
rehlovice.cz,HttpConnectTimeoutException: HTTP connect timed out,none
rejchartice.cz,302,none
remicov.cz,301,none
rence.cz,302,none
rendejov.kh.cz,404,none
repec.cz,SSLHandshakeException: (certificate_unknown) No subject alternative DNS name matching repec.cz found.,none
repice.cz,301,none
repin.cz,302,none
repiste.eu,200,none
repov.cz,301,10 mail.antee.cz.; 20 backup.antee.cz.
repy.cz,301,none
rerichy.cz,302,none
resice.cz,302,none
restoky.cz,302,none
retova.cz,HttpConnectTimeoutException: HTTP connect timed out,none
revnice.cz,301,none
revnicov.cz,302,none
ricanyubrna.cz,302,none
ricmanice.cz,200,10 mx.profitux.cz.; 20 backupmx.profitux.cz.
ridec.cz,301,10 mail.antee.cz.; 20 backup.antee.cz.
ridelov.cz,405,none
rikonin.cz,SSLHandshakeException: (certificate_unknown) No subject alternative DNS name matching rikonin.cz found.,none
rikovice.cz,301,10 mail.antee.cz.; 20 backup.antee.cz.
rimov.cz,301,none
rimovice.cz,302,none
ripec.cz,302,10 ripec-cz.mail.protection.outlook.com.
risuty.cz,302,none
ritka.cz,200,20 mail-backup.jtw.cz.; 10 mail.jtw.cz.
ritonice.cz,302,none
rmv.cz,HttpConnectTimeoutException: HTTP connect timed out,none
roblin.cz,HttpConnectTimeoutException: HTTP connect timed out,none
roc-taiwan.org,302,none
rochov.cz,HttpConnectTimeoutException: HTTP connect timed out,none
rodinov.cz,HttpConnectTimeoutException: HTTP connect timed out,none
rodna.eu,301,none
rodvinov.cz,HttpConnectTimeoutException: HTTP connect timed out,none
rohatec.cz,HttpConnectTimeoutException: HTTP connect timed out,none
rohatsko.cz,HttpConnectTimeoutException: HTTP connect timed out,none
rohenice.cz,HttpConnectTimeoutException: HTTP connect timed out,none
rohov.cz,HttpConnectTimeoutException: HTTP connect timed out,none
rohovladovabela.cz,302,none
rohozec.cz,HttpConnectTimeoutException: HTTP connect timed out,none
rohozna.cz,HttpConnectTimeoutException: HTTP connect timed out,10 mail.rohozna.cz.
rohoznice.cz,HttpConnectTimeoutException: HTTP connect timed out,none
rohoznice.eu,301,none
rokytnany.e-obec.cz,HttpConnectTimeoutException: HTTP connect timed out,none
rokytnice.org,302,none
rokytnicenadrokytnou.cz,HttpConnectTimeoutException: HTTP connect timed out,none
rokytnicevoh.cz,HttpConnectTimeoutException: HTTP connect timed out,10 posta.gc-system.cz.
rokytno.eu,302,none
rokytovec.cz,HttpConnectTimeoutException: HTTP connect timed out,none
ronovnd.cz,HttpConnectTimeoutException: HTTP connect timed out,20 alt1.aspmx.l.google.com.; 30 aspmx2.googlemail.com.; 10 aspmx.l.google.com.; 30 aspmx4.googlemail.com.; 30 aspmx5.googlemail.com.; 30 aspmx3.googlemail.com.; 20 alt2.aspmx.l.google.com.
ropice.cz,301,15 mail2.ropice.cz.; 10 mail.ropice.cz.
rosec.cz,HttpConnectTimeoutException: HTTP connect timed out,none
rosice.cz,HttpConnectTimeoutException: HTTP connect timed out,none
rosovice-obec.cz,HttpConnectTimeoutException: HTTP connect timed out,none
rosteni.cz,301,none
rostenice-zvonovice.cz,HttpConnectTimeoutException: HTTP connect timed out,none
rostin.cz,HttpConnectTimeoutException: HTTP connect timed out,none
rostoklaty.cz,200,none
roubanina.cz,301,none
rouchovany.cz,301,none
roudne.cz,301,none
rousinov.cz,302,10 gw.rousinov.cz.
rouske.cz,302,10 posta.gc-system.cz.
rovecne.cz,301,none
rovensko-morava.cz,302,none
rovensko.cz,302,none
rovna.eu,HttpConnectTimeoutException: HTTP connect timed out,none
rozdalovice.eu,302,none
rozdrojovice.cz,301,none
rozhovice.cz,301,0 rozhovice-cz.mail.protection.outlook.com.
rozhrani.cz,302,10 posta.gc-system.cz.
rozmitalnasumave.cz,302,none
rozmitalptr.cz,302,none
rozna.cz,301,10 mail.origine.cz.
roznov.cz,301,none
rozsec.com,301,none
rozsec.cz,302,none
rozsicka.cz,200,none
rozsochatec.cz,200,10 mail.czechproject.cz.
rozsochy.cz,301,none
rozstani.com,200,none
rozstani.eu,301,10 mxavas.forpsi.com.
roztoky-u-jilemnice.cz,301,none
roztoky.cz,302,none
roztokyusemil.cz,301,none
rozvadov.cz,302,10 mxavas.forpsi.com.
rpety.cz,405,none
rtyne.cz,301,none
rtynenadbilinou.cz,302,none
ruda.cz,200,none
rudice.cz,200,none
rudikov.cz,301,none
rudimov.cz,302,none
rudnapodpradedem.cz,302,none
rudnasy.cz,200,none
rudnik.cz,302,10 wes1-mx1.wedos.net.; 20 wes1-mx2.wedos.net.
rudoltice.cz,301,none
ruprechtov.cz,302,none
rusava.cz,HttpConnectTimeoutException: HTTP connect timed out,none
ruzdka.cz,302,10 posta.gc-system.cz.
ruzena.cz,HttpConnectTimeoutException: HTTP connect timed out,none
rybi.cz,HttpConnectTimeoutException: HTTP connect timed out,none
rybitvi.cz,HttpConnectTimeoutException: HTTP connect timed out,0 rybitvi-cz.mail.protection.outlook.com.
rybne.cz,HttpTimeoutException: request timed out,none
rybnice.cz,302,10 posta.gc-system.cz.
rybnik.cz,HttpConnectTimeoutException: HTTP connect timed out,none
rybniky.net,302,none
rychnov-city.cz,HttpConnectTimeoutException: HTTP connect timed out,none
rychnovek.cz,HttpConnectTimeoutException: HTTP connect timed out,none
rychnovjbc.cz,HttpConnectTimeoutException: HTTP connect timed out,none
rychnovnm.cz,200,1 wes1-mx2.wedos.net.; 1 wes1-mx1.wedos.net.
rychvald.cz,HttpConnectTimeoutException: HTTP connect timed out,0 rychvald-cz.mail.protection.outlook.com.
ryjice.cz,HttpConnectTimeoutException: HTTP connect timed out,none
rymarov.cz,301,none
rymice.cz,301,10 gw.raab.cz.; 20 gw2.raab.cz.
rynarec.cz,200,none
rynoltice.cz,HttpTimeoutException: request timed out,none
ryzoviste.cz,301,20 backup.antee.cz.; 10 mail.antee.cz.
sadov.cz,301,10 a.mx.keyup.cz.
safov.cz,302,10 mailin.mx-hub.sk.; 10 mailin.mx-hub.eu.; 10 mailin.mx-hub.cz.; 10 mailin.mx-hub.net.
sakvice.cz,SSLHandshakeException: (certificate_unknown) No subject alternative DNS name matching sakvice.cz found.,none
salacovalhota.cz,200,none
salasuh.cz,200,none
saldorf-sedlesovice.cz,302,none
samopse.cz,301,none
samotisky.cz,200,none
samsin.cz,200,none
samsina.nasweb.eu,301,none
sanov-obec.cz,SSLHandshakeException: Remote host terminated the handshake,none
sanov.cz,302,none
saplava.cz,301,none
saratice.cz,301,none
sardice.cz,301,15 15mx.zoner.com.; 10 10mx.zoner.com.; 1 relay.zoner.com.
sarovcova-lhota.cz,HttpTimeoutException: request timed out,none
sarovy.cz,301,none
sazena.cz,200,none
sazomin.cz,SSLHandshakeException: Remote host terminated the handshake,10 mta.vshosting.cloud.; 20 mta.vshosting.eu.
sazovice.cz,301,none
schorov.cz,302,none
sdb.cz,301,10 aspmx2.googlemail.com.; 1 aspmx.l.google.com.; 10 aspmx3.googlemail.com.; 5 alt2.aspmx.l.google.com.; 5 alt1.aspmx.l.google.com.
sdh-chrastany.ic.cz,SSLHandshakeException: (certificate_unknown) PKIX path building failed: sun.security.provider.certpath.SunCertPathBuilderException: unable to find valid certification path to requested target,none
sdh-uhonice.cz,301,none
sdhblovice.cz,301,none
sdhkamberk.unas.cz,403,none
sdhlipnice.webnode.cz,200,none
sdhmorkov.cz,SSLException: (internal_error) Received fatal alert: internal_error,none
sdhostrovno.cz,200,none
sdhvelka.webnode.cz,HttpConnectTimeoutException: HTTP connect timed out,none
sebecice.cz,302,none
sebestenice.cz,200,none
sebestian.cz,HttpConnectTimeoutException: HTTP connect timed out,none
sebetov.cz,HttpConnectTimeoutException: HTTP connect timed out,10 posta.gc-system.cz.
sebirov.cz,405,none
sebkovice.cz,SSLHandshakeException: Remote host terminated the handshake,none
sebranice.cz,301,none
sebranice.eu,200,none
sebrov-katerina.cz,302,none
secublovic.cz,301,none
sedlatice.cz,301,none
sedlec-obec.cz,302,none
sedlec-pha.cz,301,none
sedlec-prcice.cz,302,0 sedlecprcice-cz01e.mail.protection.outlook.com.
sedlec.eu,302,none
sedlec.org,302,none
sedlecko.cz,301,none
sedlecumikulova.cz,HttpConnectTimeoutException: HTTP connect timed out,none
sedlejov.cz,HttpConnectTimeoutException: HTTP connect timed out,none
sedletin.cz,HttpConnectTimeoutException: HTTP connect timed out,none
sedlice-obec.cz,HttpConnectTimeoutException: HTTP connect timed out,none
sedliste-jc.cz,HttpConnectTimeoutException: HTTP connect timed out,none
sedliste.net,301,none
sedlnice.cz,HttpConnectTimeoutException: HTTP connect timed out,none
sedlonov.cz,HttpConnectTimeoutException: HTTP connect timed out,none
sehradice.cz,HttpConnectTimeoutException: HTTP connect timed out,none
sejrek-bor.cz,SSLHandshakeException: (certificate_unknown) PKIX path building failed: sun.security.provider.certpath.SunCertPathBuilderException: unable to find valid certification path to requested target,none
sekerice.cz,HttpConnectTimeoutException: HTTP connect timed out,none
selesovice.cz,HttpConnectTimeoutException: HTTP connect timed out,none
selmice.cz,HttpConnectTimeoutException: HTTP connect timed out,none
seloutky.cz,200,none
semechnice.cz,302,none
semily.cz,301,none
seminuprelouce.cz,302,none
semnevice.cz,200,none
semnice.cz,301,none
semtes.cz,302,10 posta.gc-system.cz.
senat.cz,301,5 bodlak.senat.cz.; 10 belotrn.senat.cz.
sendraz.cz,HttpConnectTimeoutException: HTTP connect timed out,none
sendrazice.cz,302,none
senec.cz,302,none
senetarov.cz,200,none
senice.cz,301,none
senicenahane.cz,302,10 posta.gc-system.cz.
senicka.cz,301,none
seninka.cz,405,none
senohraby.cz,302,none
senomaty.cz,302,none
senorady.cz,200,20 ns2.pipni.cz.; 10 mail.senorady.cz.
senovunovehojicina.cz,200,none
senozaty.cz,405,none
sentice.cz,200,none
sepekov.eu,ConnectException,none
serkovice.cz,302,none
sestajovice.cz,301,none
sestajovicena.cz,200,none
setejovice.cz,302,none
sever.brno.cz,302,none
sevetin.cz,301,none
sezemice.cz,301,none
sezimovo-usti.cz,302,none
sibrina.cz,302,none
silherovice.cz,HttpTimeoutException: request timed out,10 silherovice-cz.mail.protection.outlook.com.
siluvky.cz,HttpConnectTimeoutException: HTTP connect timed out,none
simanov-obec.cz,HttpConnectTimeoutException: HTTP connect timed out,none
simonovice.cz,HttpConnectTimeoutException: HTTP connect timed out,none
sindelova.cz,HttpConnectTimeoutException: HTTP connect timed out,none
singapore.cz,301,none
sirakov.cz,HttpConnectTimeoutException: HTTP connect timed out,10 mxavas.forpsi.com.
sirejovice.cz,HttpConnectTimeoutException: HTTP connect timed out,10 mx1.active24.com.; 20 mx2.active24.com.
siroka-niva.cz,HttpConnectTimeoutException: HTTP connect timed out,none
sirokydul.cz,302,none
sisma.cz,HttpConnectTimeoutException: HTTP connect timed out,none
sitborice.cz,HttpConnectTimeoutException: HTTP connect timed out,none
sivice.cz,HttpConnectTimeoutException: HTTP connect timed out,none
skalice.info,301,none
skalicenadsvitavou.cz,HttpConnectTimeoutException: HTTP connect timed out,none
skaliceuceskelipy.cz,302,none
skaliceuznojma.cz,HttpConnectTimeoutException: HTTP connect timed out,10 posta.gc-system.cz.
skalkaobec.cz,HttpConnectTimeoutException: HTTP connect timed out,none
skalna.cz,302,none
skalsko.cz,HttpConnectTimeoutException: HTTP connect timed out,none
skaly.net,302,none
skapce.cz,HttpConnectTimeoutException: HTTP connect timed out,none
skasov.cz,HttpConnectTimeoutException: HTTP connect timed out,none
skastice.cz,302,none
skladkasono.cz,HttpTimeoutException: request timed out,none
sklene.cz,301,none
sklenenadoslavou.cz,301,none
skocice.cz,301,none
skopytce.cz,HttpConnectTimeoutException: HTTP connect timed out,none
skorenice.cz,SSLHandshakeException: (certificate_unknown) PKIX path building failed: sun.security.provider.certpath.SunCertPathBuilderException: unable to find valid certification path to requested target,none
skorice.cz,302,none
skorkov.cz,200,none
skoronice.cz,301,none
skorosice.cz,200,none
skotnice.cz,302,none
skrben.cz,301,none
skrdlovice.cz,200,none
skrinarov.wbs.cz,200,10 wbsmail.fortion.net.
skripel.cz,200,10 mail.skripel.cz.
skripov.cz,HttpConnectTimeoutException: HTTP connect timed out,none
skrivany.cz,302,none
skrsin.cz,301,0 skrsin-cz.mail.protection.outlook.com.
skrychov.cz,301,10 mailin1.skrychov.cz.; 100 mailin2.skrychov.cz.
skryje.cz,301,none
skuhrov-hb.cz,301,20 backup.antee.cz.; 10 mail.antee.cz.
skuhrov-huntirov.cz,200,none
skuhrov.cz,SSLHandshakeException: (certificate_unknown) PKIX path building failed: sun.security.provider.certpath.SunCertPathBuilderException: unable to find valid certification path to requested target,none
skutec.cz,302,none
skvrnov.cz,HttpConnectTimeoutException: HTTP connect timed out,none
slabce.cz,HttpConnectTimeoutException: HTTP connect timed out,none
slabcice.cz,HttpConnectTimeoutException: HTTP connect timed out,none
slapanice.cz,HttpConnectTimeoutException: HTTP connect timed out,none
slapanov.cz,HttpConnectTimeoutException: HTTP connect timed out,none
slapsko.cz,302,none
slapynadvltavou.cz,HttpConnectTimeoutException: HTTP connect timed out,none
slatina-lt.cz,200,none
slatina-obec.cz,302,10 posta.gc-system.cz.
slatinanadupou.cz,HttpConnectTimeoutException: HTTP connect timed out,10 posta.gc-system.cz.
slatinany.cz,HttpConnectTimeoutException: HTTP connect timed out,none
slatinanz.cz,HttpConnectTimeoutException: HTTP connect timed out,none
slatinice.com,302,none
slatinky.cz,HttpConnectTimeoutException: HTTP connect timed out,none
slatiny.cz,HttpConnectTimeoutException: HTTP connect timed out,none
slavce.cz,HttpConnectTimeoutException: HTTP connect timed out,none
slavetice.eu,ConnectException,10 posta.gc-system.cz.
slavetin.info,302,none
slavetinnadmetuji.cz,HttpConnectTimeoutException: HTTP connect timed out,none
slavhostice.cz,HttpConnectTimeoutException: HTTP connect timed out,none
slavicky.cz,301,none
slavikov.cz,200,none
slavikovice.cz,HttpConnectTimeoutException: HTTP connect timed out,none
slavkov-ph.cz,HttpConnectTimeoutException: HTTP connect timed out,none
slavkov-u-opavy.cz,302,none
slavkov.cz,301,none
slavnic.cz,HttpConnectTimeoutException: HTTP connect timed out,none
slavonice-mesto.cz,HttpConnectTimeoutException: HTTP connect timed out,none
slavonov.cz,HttpConnectTimeoutException: HTTP connect timed out,none
slavosov.cz,HttpConnectTimeoutException: HTTP connect timed out,none
sleglov.cz,200,none
slepotice.cz,302,10 posta.gc-system.cz.
slezska.ostrava.cz,301,5 mmostrava.mail.protection.outlook.com.
slezskaostrava.cz,403,none
slezskepavlovice.cz,200,none
slezskerudoltice.cz,302,none
slopne.cz,405,none
sloupnice.cz,301,none
sloupno.cz,302,none
slovec.eu,HttpConnectTimeoutException: HTTP connect timed out,none
slovenice.cz,301,none
sluhy.cz,301,none
slup.cz,301,none
slusovice.cz,301,15 mx1.avonet.cz.; 10 ms.avonet.cz.; 20 spool.avonet.cz.
sluzatky.cz,301,none
sluzovice.cz,302,0 sluzovice-cz.mail.protection.outlook.com.
smecno.cz,302,none
smedcice.cz,302,none
smetanovalhota.cz,302,none
smidary.cz,302,none
smilkov.cz,200,none
smilovice.cz,301,10 b35184217e0531a9.mx2.emailprofi.seznam.cz.; 20 b35184217e0531a9.mx1.emailprofi.seznam.cz.
smilovice.eu,ConnectException,none
smilovyhory.cz,405,none
smolnepece.cz,301,none
smolnice.cz,HttpTimeoutException: request timed out,none
smrcna.cz,301,none
smrzice.cz,302,none
smrzov.cz,301,none
smrzov.eu,200,1 wes1-mx1.wedos.net.; 10 wes1-mx-backup.wedos.net.; 1 wes1-mx2.wedos.net.
smrzovka.cz,HttpConnectTimeoutException: HTTP connect timed out,none
snedovice.cz,302,none
snezne.cz,200,none
snezne.net,HttpConnectTimeoutException: HTTP connect timed out,none
snovidky.eu,HttpConnectTimeoutException: HTTP connect timed out,none
sobcice.cz,200,10 43bf28ff95524af0.mx2.emailprofi.seznam.cz.; 20 43bf28ff95524af0.mx1.emailprofi.seznam.cz.
sobechleby.cz,301,none
sobehrdy.cz,302,none
sobekury.cz,302,none
sobenov.cz,301,none
soberaz.cz,200,none
sobesice.cz,HttpTimeoutException: request timed out,none
sobeslavice.cz,301,none
sobesovice.cz,302,10 mail.hukot.net.; 100 mx2.securitynet.cz.
sobesukykm.cz,301,none
sobetuchy.cz,405,none
sobisky.cz,HttpConnectTimeoutException: HTTP connect timed out,none
sobkovice.info,HttpConnectTimeoutException: HTTP connect timed out,none
sobotin.cz,HttpConnectTimeoutException: HTTP connect timed out,10 3870ee7f5c9cdc02.mx2.emailprofi.seznam.cz.; 20 3870ee7f5c9cdc02.mx1.emailprofi.seznam.cz.
sobotka.cz,200,none
sobotovice.cz,302,10 posta.gc-system.cz.
sobrada.cz,HttpConnectTimeoutException: HTTP connect timed out,none
sobulky.cz,301,none
socialni-zaclenovani.cz,301,none
sojovice.cz,302,10 posta.gc-system.cz.
sokolec.cz,301,none
sokolnice.cz,301,10 hosting.synetix.cz.
sokolov.cz,200,none
solnice.cz,302,10 posta.gc-system.cz.
sonov.cz,301,none
soprec.cz,302,none
sosmrk.nmps.cz,HttpConnectTimeoutException: HTTP connect timed out,none
sosnova.cz,302,none
sosnova.org,HttpConnectTimeoutException: HTTP connect timed out,none
sosuvka.com,HttpConnectTimeoutException: HTTP connect timed out,10 mx.stable.sk.; 5 mx.stable.cz.
sounov.cz,302,none
sourcewell.eu,HttpConnectTimeoutException: HTTP connect timed out,5 alt2.aspmx.l.google.com.; 5 alt1.aspmx.l.google.com.; 1 aspmx.l.google.com.; 10 aspmx2.googlemail.com.; 10 aspmx3.googlemail.com.
sousedovice.info,HttpConnectTimeoutException: HTTP connect timed out,none
soutice.cz,302,10 posta.gc-system.cz.
sovetice.cz,301,none
sovinky.cz,200,none
sovolusky.cz,301,none
spaleneporici.cz,200,none
spalov.cz,302,none
spanov.cz,302,none
spelkov.cz,302,none
spesov.cz,302,10 posta.gc-system.cz.
spindleruvmlyn.org,HttpConnectTimeoutException: HTTP connect timed out,none
spojil.com,301,none
spomysl.cz,302,none
spucr.cz,302,none
spytihnev.cz,302,none
srbce.cz,301,none
srbec.cz,302,none
srbice.cz,301,none
srbska-kamenice.cz,404,none
srby.cz,302,none
srnojedy.cz,302,none
srubec.cz,HttpConnectTimeoutException: HTTP connect timed out,50 obec.srubec.cz.; 10 10bca24c94575ac0.mx1.emailprofi.seznam.cz.; 20 10bca24c94575ac0.mx2.emailprofi.seznam.cz.
ssedliste.cz,HttpConnectTimeoutException: HTTP connect timed out,none
stachy.net,HttpConnectTimeoutException: HTTP connect timed out,15 15mx.zoner.com.; 10 10mx.zoner.com.; 1 relay.zoner.com.
stadlec.eu,HttpConnectTimeoutException: HTTP connect timed out,none
stahlavy.cz,HttpConnectTimeoutException: HTTP connect timed out,none
stankovice.com,HttpConnectTimeoutException: HTTP connect timed out,none
stankovice.cz,HttpConnectTimeoutException: HTTP connect timed out,none
stanoviste.cz,HttpConnectTimeoutException: HTTP connect timed out,none
staracervenavoda.cz,HttpConnectTimeoutException: HTTP connect timed out,none
starahut.eu,302,10 posta.gc-system.cz.
staralysa.cz,302,none
starapaka.cz,HttpConnectTimeoutException: HTTP connect timed out,none
stararise.cz,HttpConnectTimeoutException: HTTP connect timed out,none
staraves.cz,HttpConnectTimeoutException: HTTP connect timed out,none
staraves.eu,HttpConnectTimeoutException: HTTP connect timed out,20 7346344c35786da3.mx2.emailprofi.seznam.cz.; 10 7346344c35786da3.mx1.emailprofi.seznam.cz.
staravoda.cz,HttpConnectTimeoutException: HTTP connect timed out,10 ms.obce.cz.
staravodahk.cz,HttpConnectTimeoutException: HTTP connect timed out,none
stare-hamry.cz,HttpConnectTimeoutException: HTTP connect timed out,none
stare-herminovy.eu,302,none
stare-hradiste-obec.cz,HttpConnectTimeoutException: HTTP connect timed out,none
stare-hrady.cz,HttpConnectTimeoutException: HTTP connect timed out,10 posta.gc-system.cz.
stare-mesto.cz,HttpConnectTimeoutException: HTTP connect timed out,none
stare-mesto.eu,301,10 mx1.active24.com.; 20 mx2.active24.com.
starebriste.cz,301,none
starebuky.cz,HttpConnectTimeoutException: HTTP connect timed out,none
starechovice.cz,302,none
starehobzi.cz,HttpConnectTimeoutException: HTTP connect timed out,none
starehodejovice.cz,HttpConnectTimeoutException: HTTP connect timed out,100 mailin2.starehodejovice.cz.; 10 mailin1.starehodejovice.cz.
starehute.cz,HttpConnectTimeoutException: HTTP connect timed out,none
starejesencany.cz,HttpConnectTimeoutException: HTTP connect timed out,none
staremesto.uh.cz,HttpConnectTimeoutException: HTTP connect timed out,none
staremestopl.cz,HttpConnectTimeoutException: HTTP connect timed out,none
staremisto.cz,HttpConnectTimeoutException: HTTP connect timed out,none
staresedlo.cz,HttpConnectTimeoutException: HTTP connect timed out,10 posta.gc-system.cz.
staresmrkovice.cz,HttpConnectTimeoutException: HTTP connect timed out,none
staretechanovice.cz,HttpConnectTimeoutException: HTTP connect timed out,none
starezdanice.cz,301,none
starkoc.cz,HttpConnectTimeoutException: HTTP connect timed out,10 alt3.aspmx.l.google.com.; 5 alt1.aspmx.l.google.com.; 10 alt4.aspmx.l.google.com.; 5 alt2.aspmx.l.google.com.; 1 aspmx.l.google.com.
starkov.cz,302,none
starnov.cz,302,none
starosedlskyhradek.cz,302,none
starovice.cz,302,none
starovicky.cz,302,none
stary-jicin.cz,302,none
starybydzov.cz,301,none
staryhrozenkov.cz,302,none
starykolin.eu,301,none
staryliskovec.cz,301,0 staryliskovec-cz.mail.protection.outlook.com.
starymaterov.cz,302,none
starypetrin.cz,302,10 posta.gc-system.cz.
staryplzenec.cz,302,none
starysachov.cz,302,none
staryvestec.cz,302,10 posta.gc-system.cz.
statenice.cz,302,none
stavenice.cz,301,none
stavesice.eu,302,10 posta.gc-system.cz.
steblova.cz,405,none
stebno.cz,200,none
steborice.cz,302,none
stechov.cz,SSLHandshakeException: (certificate_unknown) PKIX path building failed: sun.security.provider.certpath.SunCertPathBuilderException: unable to find valid certification path to requested target,10 mxavas.forpsi.com.
stechovice-st.cz,200,10 ign-mx1.webglobe.com.; 10 ign-mx3.webglobe.com.; 10 ign-mx4.webglobe.com.; 10 ign-mx2.webglobe.com.
stechovice.info,301,none
stedra.cz,301,none
stehlovice.cz,405,10 mta.vshosting.cloud.; 20 mta.vshosting.eu.
steken.cz,HttpTimeoutException: request timed out,none
stemechy.cz,302,none
stenovice.cz,302,none
stenovickyborek.cz,302,none
stepankovice.cz,302,none
stepanov.cz,301,none
stepanovice.cz,302,none
stepanovice.eu,301,none
stepanovnadsvratkou.cz,302,none
stepkov.cz,SSLHandshakeException: Remote host terminated the handshake,10 mail.stepkov.cz.
sterboholy.cz,HttpConnectTimeoutException: HTTP connect timed out,none
steti.cz,HttpConnectTimeoutException: HTTP connect timed out,none
stetkovice.cz,HttpConnectTimeoutException: HTTP connect timed out,none
stezery.cz,HttpConnectTimeoutException: HTTP connect timed out,none
stichov.cz,HttpConnectTimeoutException: HTTP connect timed out,none
stichovice.cz,302,none
stihlice.cz,HttpConnectTimeoutException: HTTP connect timed out,none
stinava.cz,HttpConnectTimeoutException: HTTP connect timed out,none
stipoklasy.cz,302,none
stitina.cz,302,none
stitna-popov.cz,302,20 mta.vshosting.eu.; 10 mta.vshosting.cloud.
stitov.cz,302,10 posta.gc-system.cz.
stity.cz,HttpTimeoutException: request timed out,none
stochov.cz,302,none
stojcin.cz,301,none
stojice.cz,200,none
stoky.cz,200,none
stolany.cz,302,none
stonarov.cz,301,0 stonarov-cz.mail.protection.outlook.com.
stonava.cz,200,none
stosikovice.cz,405,10 mta.vshosting.cloud.; 20 mta.vshosting.eu.
stozec.cz,302,none
stozice.cz,302,none
strachotice.cz,405,none
strachotin.cz,302,none
strachujov.cz,200,1 mail.strachujov.cz.
stracov.cz,200,none
stradonice.eu,302,none
stradoun.cz,302,none
strahovice.cz,302,none
strakonice.eu,200,none
strakov.cz,200,none
straky.eu,200,none
stramberk.cz,302,0 stramberk-cz.mail.eo.outlook.com.
strancice.cz,200,none
straneckazhor.cz,SSLHandshakeException: Remote host terminated the handshake,none
strani.cz,200,none
stranny.xf.cz,403,none
strasice.eu,302,10 posta.gc-system.cz.
strasin.cz,302,none
straskov.cz,302,10 mxavas.forpsi.com.
stratov.cz,302,none
strazchodsko.cz,302,10 posta.gc-system.cz.
strazkovice.cz,301,none
strazna.cz,302,none
straznadnezarkou.cz,302,none
straznadnisou.cz,301,none
straznadohri.cz,HttpConnectTimeoutException: HTTP connect timed out,none
straznice-mesto.cz,HttpConnectTimeoutException: HTTP connect timed out,none
strazny.cz,HttpConnectTimeoutException: HTTP connect timed out,none
strazov.cz,HttpConnectTimeoutException: HTTP connect timed out,none
strazovice.cz,301,none
strazpr.cz,HttpConnectTimeoutException: HTTP connect timed out,none
stredokluky.cz,HttpConnectTimeoutException: HTTP connect timed out,0 stredokluky-cz.mail.protection.outlook.com.
strelice-zn.cz,HttpConnectTimeoutException: HTTP connect timed out,none
streliceubrna.cz,HttpConnectTimeoutException: HTTP connect timed out,none
strelna.cz,HttpConnectTimeoutException: HTTP connect timed out,none
strelskehostice.cz,302,10 10mx.zoner.com.; 1 relay.zoner.com.; 15 15mx.zoner.com.
stremosice.cz,HttpConnectTimeoutException: HTTP connect timed out,none
stremy.cz,HttpConnectTimeoutException: HTTP connect timed out,none
stren.cz,HttpConnectTimeoutException: HTTP connect timed out,20 backup.antee.cz.; 10 mail.antee.cz.
strenice.cz,302,none
strevac.cz,HttpConnectTimeoutException: HTTP connect timed out,none
strezetice.cz,HttpConnectTimeoutException: HTTP connect timed out,none
strezimir.cz,HttpConnectTimeoutException: HTTP connect timed out,none
strhare.cz,HttpConnectTimeoutException: HTTP connect timed out,none
stribrec.cz,HttpConnectTimeoutException: HTTP connect timed out,none
stribrna.cz,HttpConnectTimeoutException: HTTP connect timed out,none
stribrnaskalice.cz,HttpConnectTimeoutException: HTTP connect timed out,none
stribrnehory.cz,HttpConnectTimeoutException: HTTP connect timed out,none
stribrnice.cz,HttpConnectTimeoutException: HTTP connect timed out,none
stritez-ji.cz,HttpConnectTimeoutException: HTTP connect timed out,10 posta.gc-system.cz.
stritez.cz,HttpConnectTimeoutException: HTTP connect timed out,none
stritez.eu,ConnectException,10 posta.gc-system.cz.
striteznb.cz,HttpConnectTimeoutException: HTTP connect timed out,none
striteznl.cz,HttpConnectTimeoutException: HTTP connect timed out,20 backup.antee.cz.; 10 mail.antee.cz.
stritezpodkremesnikem.cz,405,none
strizov.cz,301,10 mailin1.strizov.cz.; 100 mailin2.strizov.cz.
strizovice-km.cz,302,none
strizovice.cz,301,none
strizovice.eu,302,none
strmilovsko.cz,302,none
strojetice.cz,200,none
stropesin.cz,302,none
struharov.cz,302,none
strukov.cz,301,10 mail.antee.cz.; 20 backup.antee.cz.
strunkovice.cz,200,none
strunkovicenadblanici.cz,302,none
struzinec.cz,301,none
struzna.cz,302,none
studanka.eu,302,none
studena.cz,302,none
studene.cz,301,none
studenec.cz,302,none
studeneves.cz,302,none
studlov.cz,302,none
studlovsvitavy.cz,301,none
studnice-tr.cz,SSLHandshakeException: Remote host terminated the handshake,none
stvolova.cz,301,10 mxavas.forpsi.com.
subirov.cz,302,none
suchalhota.cz,200,none
suchaloz.cz,301,10 mail.origine.cz.
suchdol-nad-odrou.cz,301,0 suchdolnadodrou-cz01ii.mail.protection.outlook.com.
suchdol.cz,301,none
suchohrdlyumiroslavi.cz,200,none
suchomasty.cz,405,none
suchonice.cz,301,none
suchov.cz,302,none
suchovrsice.cz,302,none
suchydul.cz,302,none
sudice-bk.cz,200,none
sudice.eu,SSLHandshakeException: Remote host terminated the handshake,none
sudislav.cz,200,none
sudkov.cz,200,10 host5.rps.cz.
sudomer.cz,HttpConnectTimeoutException: HTTP connect timed out,1 sudomer-cz.mail.protection.outlook.com.
sudomerice.cz,301,20 mx2.active24.com.; 10 mx1.active24.com.
sudomericeutabora.cz,301,10 mailin1.sudomericeutabora.cz.; 100 mailin2.sudomericeutabora.cz.
sudovohlavno.cz,HttpConnectTimeoutException: HTTP connect timed out,none
sudslava.cz,HttpConnectTimeoutException: HTTP connect timed out,none
sukorady.org,302,10 posta.gc-system.cz.
sulejovice.cz,HttpConnectTimeoutException: HTTP connect timed out,none
sulikov.cz,HttpConnectTimeoutException: HTTP connect timed out,none
sulimov.cz,HttpConnectTimeoutException: HTTP connect timed out,10 posta.gc-system.cz.
sulislav.cz,HttpConnectTimeoutException: HTTP connect timed out,none
sulkovec.cz,HttpConnectTimeoutException: HTTP connect timed out,none
sumava.net,301,none
sumavanet.cz,301,15 15mx.zoner.com.; 10 10mx.zoner.com.; 1 relay.zoner.com.
sumavskehostice.cz,HttpConnectTimeoutException: HTTP connect timed out,none
sumice.cz,302,none
sumice.eu,405,none
sumvald.cz,301,none
supikovice.cz,302,none
susice.mitranet.cz,SSLHandshakeException: (certificate_unknown) No subject alternative DNS name matching susice.mitranet.cz found.,none
suz.cz,301,none
svabenice.cz,301,none
svabov.cz,SSLHandshakeException: Remote host terminated the handshake,none
svarov.eu,302,none
svatamari.cz,302,none
svatepole.eu,405,none
svatoborice-mistrin.cz,302,none
svatojanskyujezd.cz,200,none
svatonovice.cz,200,none
svatoslav.cz,302,none
svaty-jiri.cz,301,none
svatyjan-obec.cz,302,none
svatyjan.cz,302,15 15mx.zoner.com.; 10 10mx.zoner.com.; 1 relay.zoner.com.
svatymikulas.cz,301,none
svazekpkh.oblast.cz,301,none
svebohov.cz,302,none
svemyslice.eu,302,none
svepravice.cz,200,none
svesedlice.cz,301,none
svetce.cz,301,none
sveti.cz,301,none
svetlahora.cz,200,none
svetlans.cz,405,none
svetlapodjestedem.cz,302,none
svetnov.cz,301,none
svetovina.cz,SSLHandshakeException: (certificate_unknown) PKIX path building failed: sun.security.provider.certpath.SunCertPathBuilderException: unable to find valid certification path to requested target,none
sviadnov.cz,200,none
svidnice.cz,302,10 e808694ef6cafe72.mx2.emailprofi.seznam.cz.; 20 e808694ef6cafe72.mx1.emailprofi.seznam.cz.
svihov.cz,302,none
svijanskyujezd.cz,301,20 backup.antee.cz.; 10 mail.antee.cz.
svinare.cz,302,none
svinarov.cz,302,none
svincany.cz,302,none
svinosice.cz,HttpConnectTimeoutException: HTTP connect timed out,none
svinov.ostrava.cz,HttpConnectTimeoutException: HTTP connect timed out,5 mmostrava.mail.protection.outlook.com.
svitavskoweb.cz,HttpConnectTimeoutException: HTTP connect timed out,none
svitavy.cz,HttpConnectTimeoutException: HTTP connect timed out,5 spmail2.svitavy.cz.
svjan.cz,301,none
svobodnehermanice.cz,302,none
svojek.cz,301,none
svojetice.cz,HttpConnectTimeoutException: HTTP connect timed out,none
svojetin.cz,HttpConnectTimeoutException: HTTP connect timed out,none
svojkovice.cz,HttpConnectTimeoutException: HTTP connect timed out,none
svojkovice.eu,ConnectException,none
svojsicepb.cz,302,10 posta.gc-system.cz.
svojsiceukolina.cz,302,none
svojsin.cz,HttpConnectTimeoutException: HTTP connect timed out,none
svrabov.cz,HttpConnectTimeoutException: HTTP connect timed out,none
svratka.cz,HttpConnectTimeoutException: HTTP connect timed out,10 smtp2.w-w.cz.
svratouch.cz,HttpConnectTimeoutException: HTTP connect timed out,none
svrkyne.cz,HttpConnectTimeoutException: HTTP connect timed out,none
sweb.cz,HttpConnectTimeoutException: HTTP connect timed out,none
swedenabroad.com,301,none
sykorice.cz,HttpConnectTimeoutException: HTTP connect timed out,none
synalov.cz,HttpConnectTimeoutException: HTTP connect timed out,10 mail.antee.cz.; 20 backup.antee.cz.
synkov-slemeno.cz,HttpConnectTimeoutException: HTTP connect timed out,none
syrenov.cz,HttpConnectTimeoutException: HTTP connect timed out,none
syrianembassy.cz,HttpConnectTimeoutException: HTTP connect timed out,none
syrovatka.cz,HttpConnectTimeoutException: HTTP connect timed out,none
syrovice.cz,HttpConnectTimeoutException: HTTP connect timed out,none
syrovin.cz,302,none
szrcr.cz,301,none
tabor.cz,301,none
tachlovice.cz,HttpConnectTimeoutException: HTTP connect timed out,none
tachov-mesto.cz,HttpConnectTimeoutException: HTTP connect timed out,10 linux1.tachov-mesto.cz.
tacr.cz,HttpConnectTimeoutException: HTTP connect timed out,none
talin.cz,302,none
tanvald.cz,301,none
tasov-ho.cz,405,10 mta.vshosting.cloud.; 20 mta.vshosting.eu.
tasov-tr.cz,200,none
tasovice.cz,302,none
tatce.cz,302,none
tatenice.cz,301,10 mx.blueboard.cz.
tatina.cz,302,none
tatobity.cz,200,10 wes1-x1.wedos.net.; 20 wes1-mx2.wedos.net.
tatrovice.cz,302,none
tavikovice.cz,302,none
tchorovice.cz,301,none
techlovice-dc.cz,301,none
techobuz.cz,200,0 techobuz-cz.mail.protection.outlook.com.
techonin.cz,301,none
tecovice.cz,302,none
tehov-obec.cz,301,none
tehov.cz,301,none
tehovec.cz,302,none
telc.eu,301,none
teleci.cz,"SSLException: Unrecognized SSL message, plaintext connection?",10 smtp2.w-w.cz.
telnice.cz,301,10 mxavas.forpsi.com.
temesvar.cz,302,0 temesvar-cz.mail.protection.outlook.com.
temice.cz,302,none
tene.cz,302,none
tepla.cz,302,none
teplicenadmetuji.cz,302,none
teplicenb.cz,302,none
teplicka.cz,301,none
teresov.cz,302,10 posta.gc-system.cz.
terezin.cz,405,10 pl4.g41.eu.
terlicko.cz,200,none
tesetice.cz,301,none
teskovice.cz,302,none
tetcice.cz,200,20 backupmx.profitux.cz.; 10 mx.profitux.cz.
tetin-jc.cz,200,none
tetin.cz,HttpConnectTimeoutException: HTTP connect timed out,none
tetov.cz,HttpConnectTimeoutException: HTTP connect timed out,none
thaiembassy.cz,200,none
ticha.cz,HttpConnectTimeoutException: HTTP connect timed out,none
tichonice.cz,HttpConnectTimeoutException: HTTP connect timed out,none
tichov.cz,HttpConnectTimeoutException: HTTP connect timed out,none
tisa.cz,HttpConnectTimeoutException: HTTP connect timed out,0 tisa-cz.mail.protection.outlook.com.
tisek.cz,HttpConnectTimeoutException: HTTP connect timed out,none
tisem.cz,HttpConnectTimeoutException: HTTP connect timed out,none
tisice.cz,HttpConnectTimeoutException: HTTP connect timed out,none
tismice.cz,HttpConnectTimeoutException: HTTP connect timed out,none
tisnovskanovaves.cz,HttpConnectTimeoutException: HTTP connect timed out,none
tisova.cz,200,none
tisova.eu,302,none
tisovec.cz,HttpConnectTimeoutException: HTTP connect timed out,none
tistin.cz,HttpConnectTimeoutException: HTTP connect timed out,10 mail.antee.cz.; 20 backup.antee.cz.
tjekkiet.um.dk,301,none
tlumacov.cz,HttpConnectTimeoutException: HTTP connect timed out,none
tlustice.cz,302,none
tnv.cz,200,none
tochovice.cz,302,none
tocnik-obec.com,SSLHandshakeException: (certificate_unknown) PKIX path building failed: sun.security.provider.certpath.SunCertPathBuilderException: unable to find valid certification path to requested target,none
tojice.cz,302,none
tolstejn.cz,301,none
tomice.cz,200,none
topolna.cz,302,none
tousice.cz,200,none
touskov.cz,302,10 mail2.touskov.cz.
touzim.cz,302,none
tovacov.cz,302,none
tover.cz,301,none
tranovice.cz,301,none
traplice.cz,301,none
trbousany.cz,301,none
trebarov.cz,301,none
trebcice.cz,302,none
trebechovice.cz,301,none
trebejice.cz,301,none
treben.cz,301,none
trebesice.cz,302,none
trebesov.cz,200,none
trebetice.cz,301,none
trebetin.cz,200,10 mxavas.forpsi.com.
trebic.cz,301,none
trebichovice.cz,302,none
trebihost.cz,301,none
trebiz.cz,302,none
trebnouseves.cz,301,none
trebom.cz,302,none
trebosice.cz,301,none
trebovice.cz,301,none
trebovle-obec.cz,HttpTimeoutException: request timed out,none
trebsko.cz,302,none
trebusice.cz,301,10 3ae5cac8db4f0b08.mx2.emailprofi.seznam.cz.; 20 3ae5cac8db4f0b08.mx1.emailprofi.seznam.cz.
trebusin.cz,302,none
tremesna.cz,200,none
tremosna.cz,302,none
tremosnice.cz,302,none
tresov.cz,301,10 mail.antee.cz.; 20 backup.antee.cz.
tresovice.cz,HttpConnectTimeoutException: HTTP connect timed out,none
trest.cz,HttpConnectTimeoutException: HTTP connect timed out,none
trestice.cz,200,none
trhanov.cz,HttpConnectTimeoutException: HTTP connect timed out,none
trhovakamenice.cz,HttpConnectTimeoutException: HTTP connect timed out,none
trhovedusniky.cz,HttpConnectTimeoutException: HTTP connect timed out,none
trhovystepanov.cz,HttpConnectTimeoutException: HTTP connect timed out,none
tridvory.cz,302,none
triklasovice-psarov.cz,HttpConnectTimeoutException: HTTP connect timed out,none
trinecko.cz,HttpConnectTimeoutException: HTTP connect timed out,10 mail.trinecko.cz.
trisekery.cz,302,none
tristudne.cz,HttpConnectTimeoutException: HTTP connect timed out,none
trnava.cz,301,none
trnavka-obec.cz,302,10 posta.gc-system.cz.
trnavka.cz,HttpConnectTimeoutException: HTTP connect timed out,none
trnov.cz,HttpConnectTimeoutException: HTTP connect timed out,20 mail2.savvy.cz.; 10 mail1.savvy.cz.
trnova.cz,HttpConnectTimeoutException: HTTP connect timed out,none
trnovany.cz,HttpConnectTimeoutException: HTTP connect timed out,none
trnovepole.cz,200,none
trojanovice.cz,301,none
trojovice.cz,301,30 obectrojovice.mx3.mail1.webnode.cz.; 10 obectrojovice.mx1.mail1.webnode.cz.; 20 obectrojovice.mx2.mail1.webnode.cz.
troskotovice.cz,301,none
troubelice.cz,301,none
troubky-zdislavice.cz,302,none
troubky.cz,302,none
troubsko.cz,301,none
trpik.cz,302,none
trpin.cz,200,20 0f3f823973b12be8.mx2.emailprofi.seznam.cz.; 10 0f3f823973b12be8.mx1.emailprofi.seznam.cz.
trpisovice.cz,405,none
trpisty.cz,302,none
trsice.cz,HttpConnectTimeoutException: HTTP connect timed out,none
trstenice.cz,SSLHandshakeException: (certificate_unknown) PKIX path building failed: sun.security.provider.certpath.SunCertPathBuilderException: unable to find valid certification path to requested target,none
trsteniceumorkrumlova.cz,301,none
trtenice.cz,302,none
trtice.cz,302,none
trubin.cz,302,0 trubin-cz.mail.protection.outlook.com.
trubska.cz,302,10 posta.gc-system.cz.
truskovice.cz,302,none
trzek.cz,200,none
tschechien.ahk.de,302,none
tsviny.cz,200,none
tucapy.cz,200,none
tucapyuh.cz,302,none
tuchoraz.cz,302,none
tuchorice.cz,302,none
tucin.cz,301,20 backup.antee.cz.; 10 mail.antee.cz.
tuhan.cz,HttpConnectTimeoutException: HTTP connect timed out,none
tuklaty.cz,HttpConnectTimeoutException: HTTP connect timed out,none
tunechody.cz,302,none
tupadly.cz,302,none
tupesy.cz,HttpTimeoutException: request timed out,none
turany.cz,301,none
turanyuslaneho.cz,HttpConnectTimeoutException: HTTP connect timed out,none
turkovice.cz,HttpConnectTimeoutException: HTTP connect timed out,none
turovice.cz,HttpConnectTimeoutException: HTTP connect timed out,none
tursko.cz,HttpConnectTimeoutException: HTTP connect timed out,none
tusovice.cz,HttpConnectTimeoutException: HTTP connect timed out,10 posta.gc-system.cz.
tutleky.cz,HttpConnectTimeoutException: HTTP connect timed out,none
tuzice.cz,HttpConnectTimeoutException: HTTP connect timed out,none
tvarozna-lhota.cz,HttpConnectTimeoutException: HTTP connect timed out,20 mta.vshosting.eu.; 10 mta.vshosting.cloud.
tvarozna.cz,HttpConnectTimeoutException: HTTP connect timed out,none
tvorihraz.cz,HttpConnectTimeoutException: HTTP connect timed out,none
tvorovice.cz,HttpConnectTimeoutException: HTTP connect timed out,none
tvrdkov.cz,HttpConnectTimeoutException: HTTP connect timed out,none
tvrdonice.cz,302,none
tvrzice.cz,HttpConnectTimeoutException: HTTP connect timed out,1 wes1-mx2.wedos.net.; 1 wes1-mx1.wedos.net.
tycek.cz,302,10 wes1-mx-backup.wedos.net.; 1 wes1-mx1.wedos.net.; 1 wes1-mx2.wedos.net.
tymakov.cz,302,none
tynec.cz,301,none
tynecnadlabem.cz,200,none
tyniste.cz,301,none
tynistko.cz,200,none
tynnb.cz,301,none
ub.cz,200,none
ubislavice.cz,302,none
ublo.cz,301,none
uboc.cz,200,none
ubusinek.cz,301,none
udrnice.cz,301,10 aspmx.l.google.com.; 20 alt2.aspmx.l.google.com.; 30 aspmx3.googlemail.com.; 20 alt1.aspmx.l.google.com.; 30 aspmx4.googlemail.com.; 30 aspmx5.googlemail.com.; 30 aspmx2.googlemail.com.
uhelna.cz,302,none
uhelnapribram.cz,200,none
uhercice.com,302,none
uhercice.cz,302,none
uhersko.cz,301,none
uhlejov.cz,301,none
uhlirov.cz,302,none
uhlirskalhota.cz,302,10 posta.gc-system.cz.
uhlirskejanovice.cz,200,none
uhonice-obec.cz,200,none
uhorilka.cz,SSLHandshakeException: (certificate_unknown) No subject alternative DNS name matching uhorilka.cz found.,none
uhostroh.cz,200,none
uhretice.cz,200,100 mx20.websupport.cz.; 10 mx10.websupport.cz.
uhretickalhota.cz,302,none
uhrice-vy.cz,200,45 route3.mx.cloudflare.net.; 85 route2.mx.cloudflare.net.; 18 route1.mx.cloudflare.net.
uhrice.cz,ConnectException,none
uhrice.eu,301,none
uhricice.cz,HttpConnectTimeoutException: HTTP connect timed out,none
uhrinov.cz,HttpConnectTimeoutException: HTTP connect timed out,none
ujcov.cz,HttpConnectTimeoutException: HTTP connect timed out,none
ujezd-u-chocne.cz,HttpConnectTimeoutException: HTTP connect timed out,10 fe4341a1a05b8258.mx1.emailprofi.seznam.cz.; 20 fe4341a1a05b8258.mx2.emailprofi.seznam.cz.
ujezd.zdarsko.cz,HttpConnectTimeoutException: HTTP connect timed out,none
ujezdec.cz,HttpConnectTimeoutException: HTTP connect timed out,none
ujezdecek.cz,HttpConnectTimeoutException: HTTP connect timed out,none
ujezdecpt.cz,HttpConnectTimeoutException: HTTP connect timed out,none
ujezdnademzi.cz,HttpConnectTimeoutException: HTTP connect timed out,none
ujezdpodtroskami.cz,HttpConnectTimeoutException: HTTP connect timed out,none
ujezduboskovic.cz,HttpConnectTimeoutException: HTTP connect timed out,none
ujezdubrna.cz,HttpConnectTimeoutException: HTTP connect timed out,none
ujezducerhovic.cz,HttpConnectTimeoutException: HTTP connect timed out,none
ujezducernehory.eu,200,none
ujezduprelouce.cz,HttpConnectTimeoutException: HTTP connect timed out,none
ujezdurosic.cz,HttpConnectTimeoutException: HTTP connect timed out,none
ujezdusezemic.cz,HttpConnectTimeoutException: HTTP connect timed out,none
ujezdusvatehokrize.cz,302,none
ujezdutisnova.cz,302,1 wes1-mx2.wedos.net.; 1 wes1-mx1.wedos.net.; 10 wes1-mx-backup.wedos.net.
ujezduznojma.cz,302,none
ujezdvk.com,HttpConnectTimeoutException: HTTP connect timed out,none
ujkovice.e-obec.cz,200,none
ulibice.cz,301,none
ulz.cz,200,none
umo1.plzen.eu,200,none
umo5.plzen.eu,200,none
umpod.cz,SSLHandshakeException: (certificate_unknown) PKIX path building failed: sun.security.provider.certpath.SunCertPathBuilderException: unable to find valid certification path to requested target,0 umpod-cz.k-v1.mx.microsoft.
umyslovice.cz,200,none
unehle.cz,302,10 posta.gc-system.cz.
unejovice.cz,301,none
unesov.cz,302,10 posta.gc-system.cz.
unetice.cz,302,none
unice-hubenov.cz,301,none
unicov.cz,301,0 unicov-cz.mail.protection.outlook.com.
unin.cz,405,none
unrr.cz,301,none
upice.cz,200,none
upohlavy.cz,302,none
uradprace.cz,SSLHandshakeException: (certificate_unknown) PKIX path building failed: sun.security.provider.certpath.SunCertPathBuilderException: unable to find valid certification path to requested target,0 uradprace-cz.f-v1.mx.microsoft.
urbanice-pce.cz,200,none
urbanice.cz,HttpConnectTimeoutException: HTTP connect timed out,none
urbanov.com,HttpConnectTimeoutException: HTTP connect timed out,none
urcice.cz,301,none
uredni-deska.info,200,none
usilne.cz,301,none
usilov.cz,200,10 mail.usilov.cz.
uskvbl.cz,301,none
usobi.cz,405,none
usobrno.cz,SSLHandshakeException: (certificate_unknown) No subject alternative DNS name matching usobrno.cz found.,none
usoud.cz,HttpConnectTimeoutException: HTTP connect timed out,10 osus2.usoud.cz.; 50 osus2.concourt.cz.; 110 bmx.cz.net.
usov.cz,200,none
usti.cz,SSLHandshakeException: (certificate_unknown) No subject alternative DNS name matching usti.cz found.,none
usti.ji.cz,302,none
ustin.cz,301,20 backup.antee.cz.; 10 mail.antee.cz.
ustinadorlici.cz,301,none
ustrasice.cz,301,none
ustrasin.cz,200,none
ustup.cz,301,none
ususi.cz,200,none
utechov.cz,301,none
utechovice.cz,200,none
utechovicky.cz,301,none
utusice.cz,302,10 posta.gc-system.cz.
utvina.cz,302,none
uur.cz,301,0 uur-cz.mail.protection.outlook.com.
uvalno.cz,HttpConnectTimeoutException: HTTP connect timed out,0 uvalno-cz.mail.protection.outlook.com.
uzice.cz,HttpConnectTimeoutException: HTTP connect timed out,none
uzis.cz,HttpConnectTimeoutException: HTTP connect timed out,none
uzpln.cz,HttpConnectTimeoutException: HTTP connect timed out,10 mail.uzpln.cz.
uzsi.cz,HttpConnectTimeoutException: HTTP connect timed out,none
vacenovice.cz,HttpConnectTimeoutException: HTTP connect timed out,none
vaclavice.com,HttpConnectTimeoutException: HTTP connect timed out,none
vaclavovubruntalu.cz,HttpConnectTimeoutException: HTTP connect timed out,none
vaclavy.cz,HttpConnectTimeoutException: HTTP connect timed out,none
vacov.cz,HttpConnectTimeoutException: HTTP connect timed out,none
val.cz,HttpConnectTimeoutException: HTTP connect timed out,none
valasskabystrice.cz,HttpConnectTimeoutException: HTTP connect timed out,none
valasskapolanka.cz,200,none
valasskasenice.cz,HttpConnectTimeoutException: HTTP connect timed out,none
valasskeklobouky.cz,HttpConnectTimeoutException: HTTP connect timed out,none
valasskeprikazy.cz,HttpConnectTimeoutException: HTTP connect timed out,none
valchov.cz,HttpConnectTimeoutException: HTTP connect timed out,none
valdice.cz,HttpConnectTimeoutException: HTTP connect timed out,none
valdikov.cz,302,none
valec.cz,302,none
valkerice.cz,301,none
valtice.eu,HttpConnectTimeoutException: HTTP connect timed out,none
valtrovice.cz,200,0 mx5.onebit.cz.; 10 mx5.onebit.eu.
valynadlabem.cz,301,none
vamberk.cz,302,none
vanovice.cz,200,none
vapenice.cz,302,none
vapenna.cz,301,none
vapennypodol.cz,302,none
varnsdorf.cz,301,5 varnsdorf-cz.mail.protection.outlook.com.
varvazov-obec.cz,302,none
vatin.cz,200,none
vavrinec.cz,302,none
vazany.cz,302,none
vazanynadlitavou.cz,200,none
vazanyvy.cz,302,none
vbites.cz,301,none
vcelakov.cz,200,none
vcelna.cz,302,0 vcelna-cz.mail.protection.outlook.com.
vcelnice.cz,302,0 vcelnice-cz.mail.protection.outlook.com.
vcelnicka.cz,200,none
vchynice.cz,302,none
vecov.cz,HttpTimeoutException: request timed out,0 vps.mups.cz.
vedomice.cz,302,none
vedrovice.cz,200,none
vejprnice.cz,302,10 mxavas.forpsi.com.
vejprty.cz,301,10 mail.origine.cz.
vejvanov.cz,302,10 posta.gc-system.cz.
vejvanovice.cz,200,none
velatice.cz,301,10 mail.antee.cz.; 20 backup.antee.cz.
velecin.cz,302,10 posta.gc-system.cz.
velehrad.cz,301,20 backup.antee.cz.; 10 mail.antee.cz.
velemin.cz,302,none
velemysleves.cz,200,none
velen.cz,301,1 velen-cz.mail.protection.outlook.com.
velenice-cl.cz,301,none
velenice.cz,302,none
velenka.eu,302,0 velenka-eu.mail.protection.outlook.com.
velenov.cz,301,none
velesin.cz,HttpConnectTimeoutException: HTTP connect timed out,none
velesovice.cz,HttpConnectTimeoutException: HTTP connect timed out,none
veletiny.cz,HttpConnectTimeoutException: HTTP connect timed out,none
veletov.cz,HttpConnectTimeoutException: HTTP connect timed out,none
velhartice.cz,HttpConnectTimeoutException: HTTP connect timed out,none
velichov.cz,HttpConnectTimeoutException: HTTP connect timed out,20 backup.antee.cz.; 10 mail.antee.cz.
velikaves.cz,HttpConnectTimeoutException: HTTP connect timed out,none
velikaves.eu,HttpConnectTimeoutException: HTTP connect timed out,none
velim.cz,HttpConnectTimeoutException: HTTP connect timed out,none
veliny.cz,HttpConnectTimeoutException: HTTP connect timed out,none
velis.cz,200,none
velka-bukovina.cz,HttpConnectTimeoutException: HTTP connect timed out,none
velkabukova.cz,HttpConnectTimeoutException: HTTP connect timed out,none
velkabystrice.cz,HttpConnectTimeoutException: HTTP connect timed out,none
velkachmelistna.cz,HttpConnectTimeoutException: HTTP connect timed out,none
velkachyska.cz,301,none
velkadobra.cz,HttpConnectTimeoutException: HTTP connect timed out,none
velkahledsebe.cz,302,none
velkajesenice.cz,200,0 velkajesenice-cz.mail.protection.outlook.com.
velkakras.cz,301,none
velkalecice.cz,302,10 posta.gc-system.cz.
velkalhota.cz,302,none
velkapolom.cz,302,100 mailin2.velkapolom.cz.; 10 mailin1.velkapolom.cz.
velkaskrovnice.cz,301,none
velkastahle.cz,302,none
velkaturna.cz,302,none
velke-brezno.cz,302,none
velke-hamry.cz,302,none
velke-pavlovice.cz,200,15 15mx.zoner.com.; 1 relay.zoner.com.; 10 10mx.zoner.com.
velke-prilepy.cz,302,20 e50f1b4725dcd295.mx1.emailprofi.seznam.cz.; 10 e50f1b4725dcd295.mx2.emailprofi.seznam.cz.
velke-zernoseky.cz,405,none
velkealbrechtice.cz,302,10 posta.gc-system.cz.
velkebilovice.cz,405,none
velkeheraltice.cz,302,10 posta.gc-system.cz.
velkehosteradky.cz,200,none
velkehydcice.cz,301,none
velkejanovice.cz,200,none
velkekarlovice.cz,HttpTimeoutException: request timed out,none
velkekunetice.cz,302,none
velkenemcice.cz,301,none
velkeopatovice.cz,200,20 6f04c3dec39b7e57.mx1.emailprofi.seznam.cz.; 10 6f04c3dec39b7e57.mx2.emailprofi.seznam.cz.
velkepetrovice.cz,302,none
velkepopovice.cz,302,none
velkeporici.cz,200,1 10mx.velkeporici.cz.
velkepritocno.cz,302,none
velkesvatonovice.cz,200,none
velketresne.cz,301,none
velkevselisy.cz,200,none
velky-osek.cz,302,none
velkyberanov.cz,405,none
velkyborek.cz,405,none
velkykarlov.cz,301,none
velkyluh.cz,301,none
velkymalahov.cz,HttpTimeoutException: request timed out,10 posta.gc-system.cz.
velkyorechov.cz,200,none
velkyratmirov.cz,302,none
velkyrybnik.cz,405,none
velkysenov.cz,HttpTimeoutException: request timed out,none
velkytrebesov.cz,HttpConnectTimeoutException: HTTP connect timed out,none
velkytynec.cz,HttpConnectTimeoutException: HTTP connect timed out,10 mailgw.velkytynec.cz.
velkyujezd.cz,HttpConnectTimeoutException: HTTP connect timed out,none
velkyvaltinov.cz,302,20 ns2.pipni.cz.; 10 mail.velkyvaltinov.cz.
velkyvrestov.cz,HttpConnectTimeoutException: HTTP connect timed out,none
velopoli.cz,301,none
velteze.cz,301,none
veltruby.cz,HttpTimeoutException: request timed out,none
veltrusy.cz,200,none
velvary.cz,302,none
vendryne.cz,HttpConnectTimeoutException: HTTP connect timed out,none
veprikov.cz,SSLHandshakeException: Remote host terminated the handshake,none
veprova.cz,200,none
verejnazaloba.cz,200,none
vermerovice.cz,302,none
vernerice.cz,200,20 mta.vshosting.eu.; 10 mta.vshosting.cloud.
vernerovice.cz,HttpTimeoutException: request timed out,none
verovany.cz,301,none
verovice.cz,301,none
ves-touskov.cz,302,none
veselaobec.cz,301,1 wes1-mx2.wedos.net.; 1 wes1-mx1.wedos.net.; 10 wes1-mx-backup.wedos.net.
veselauzlina.cz,301,20 mx2.savana.cz.; 10 mx1.savana.cz.
veseli-nad-moravou.cz,200,none
veselice.e-obec.cz,200,none
veselyzdar.cz,302,none
vesin.cz,HttpTimeoutException: request timed out,none
vestec.cz,200,10 mxavas.forpsi.com.
veterov.eu,HttpConnectTimeoutException: HTTP connect timed out,none
vetrkovice.cz,302,none
vetrnyjenikov.eu,HttpConnectTimeoutException: HTTP connect timed out,none
vetrusice.cz,302,none
vevcice.cz,200,none
veverskabityska.cz,302,10 posta.gc-system.cz.
veverskekninice.cz,302,none
vezkyobec.cz,301,none
vezna.cz,301,none
veznicka.cz,405,none
vezovataplane.cz,SSLHandshakeException: (bad_certificate) Failed to parse server certificates,none
vicemerice.cz,301,20 backup.antee.cz.; 10 mail.antee.cz.
vicenice.cz,302,none
viceniceun.cz,200,none
vichovanj.cz,200,10 a217325b3fe60298.mx2.emailprofi.seznam.cz.; 20 a217325b3fe60298.mx1.emailprofi.seznam.cz.
vicov.cz,302,none
vidce.cz,200,none
vidice.cz,302,none
vidlatasec.cz,SSLHandshakeException: (handshake_failure) received handshake warning: unrecognized_name,none
vidnava.cz,308,0 mail.jen.cz.
vidonin.cz,301,none
vidov.cz,301,none
vigantice.cz,302,none
vikyrovice.cz,HttpTimeoutException: request timed out,none
vilantice.cz,200,none
vilemov-ol.cz,200,none
vilemov.cz,302,none
vilemov.info,HttpConnectTimeoutException: HTTP connect timed out,none
vilemovice.cz,HttpConnectTimeoutException: HTTP connect timed out,none
vilice.cz,200,none
vimperk.cz,200,none
vinare.cz,HttpConnectTimeoutException: HTTP connect timed out,10 47a1faffd96f3691.mx1.emailprofi.seznam.cz.; 20 47a1faffd96f3691.mx2.emailprofi.seznam.cz.
vinarice.cz,HttpConnectTimeoutException: HTTP connect timed out,none
vinary.cz,301,none
vincencov.cz,301,none
vinec.e-obec.cz,200,none
vinicne-sumice.cz,302,none
vinohrady.brno.cz,200,10 mail.vinohrady.brno.cz.
vintirov.cz,301,none
virvudolisvratky.cz,301,none
viskaujevicka.cz,200,none
visky.cz,SSLHandshakeException: (certificate_unknown) PKIX path building failed: sun.security.provider.certpath.SunCertPathBuilderException: unable to find valid certification path to requested target,none
visnova.cz,302,none
visnove.cz,SSLHandshakeException: (certificate_expired) PKIX path validation failed: java.security.cert.CertPathValidatorException: validity check failed,none
vitanov.cz,HttpTimeoutException: request timed out,none
vitcice.cz,301,none
vitejeves.eu,HttpConnectTimeoutException: HTTP connect timed out,none
vitejovice.cz,302,none
vitezna.cz,HttpTimeoutException: request timed out,10 mail.vitezna.cz.
vitice.cz,HttpTimeoutException: request timed out,none
vitin.cz,302,10 posta.gc-system.cz.
vitineves.cz,HttpConnectTimeoutException: HTTP connect timed out,none
vitkovice.ostrava.cz,301,none
vitkovicevkrk.cz,200,10 5b569cc6c58fb200.mx1.emailprofi.seznam.cz.; 20 5b569cc6c58fb200.mx2.emailprofi.seznam.cz.
vitonice.cz,302,none
vitonice.info,302,none
vlachova-lhota.cz,302,none
vlachovice-nm.cz,301,none
vlachovice.cz,HttpConnectTimeoutException: HTTP connect timed out,none
vlachovobrezi.cz,HttpConnectTimeoutException: HTTP connect timed out,10 posta.gc-system.cz.
vlacice.cz,HttpConnectTimeoutException: HTTP connect timed out,none
vlada.cz,302,10 vlada-cz.q-v1.mx.microsoft.
vlasatice.cz,HttpConnectTimeoutException: HTTP connect timed out,none
vlastec.cz,SSLHandshakeException: Remote host terminated the handshake,none
vlastejovice.cz,302,none
vlastiborice.cz,HttpTimeoutException: request timed out,none
vlastovicky.opava-city.cz,301,none
vlcatin.cz,302,none
vlcetinec.cz,302,none
vlceves.cz,HttpTimeoutException: request timed out,none
vlcice.cz,200,none
vlcihabrina.cz,403,none
vlckov.eu,HttpConnectTimeoutException: HTTP connect timed out,none
vlckova-obec.cz,301,10 mail.antee.cz.; 20 backup.antee.cz.
vlckovice.cz,200,none
vlcnov.cz,HttpTimeoutException: request timed out,none
vlctejn.cz,302,none
vlkancice.cz,HttpConnectTimeoutException: HTTP connect timed out,10 posta.gc-system.cz.
vlkanec.cz,HttpConnectTimeoutException: HTTP connect timed out,none
vlkanov.com,HttpConnectTimeoutException: HTTP connect timed out,none
vlkanov.cz,301,none
vlkos.cz,200,none
vlkov.cz,HttpConnectTimeoutException: HTTP connect timed out,none
vlkovice.cz,HttpConnectTimeoutException: HTTP connect timed out,none
vlkovpo.cz,HttpConnectTimeoutException: HTTP connect timed out,none
vlkovta.cz,HttpConnectTimeoutException: HTTP connect timed out,10 mail.origine.cz.
vnorovy.cz,302,none
voderady-dzbanov.cz,302,none
voderady.cz,HttpConnectTimeoutException: HTTP connect timed out,20 mx2.amccomp.cz.; 10 mx1.amccomp.cz.
vodnany.eu,HttpConnectTimeoutException: HTTP connect timed out,none
vodochody.cz,302,none
vodranty.cz,302,none
vodslivy.cz,SSLHandshakeException: (certificate_unknown) No subject alternative DNS name matching vodslivy.cz found.,none
vohancice.cz,302,5 alt1.aspmx.l.google.com.; 10 aspmx2.googlemail.com.; 5 alt2.aspmx.l.google.com.; 1 aspmx.l.google.com.; 10 aspmx3.googlemail.com.
vojkovice-nad-ohri.cz,301,10 mail.antee.cz.; 20 backup.antee.cz.
vojkovice.eu,HttpConnectTimeoutException: HTTP connect timed out,20 backup.antee.cz.; 10 mail.antee.cz.
vojkovice.info,302,none
vojnikov.cz,200,none
vojnuvmestec.cz,301,none
vojslavice.cz,200,none
vojtanov.cz,200,20 mta.vshosting.eu.; 10 mta.vshosting.cloud.
vojujezd-boletice.cz,200,none
vojujezd-brezina.cz,200,none
vojujezd-hradiste.cz,200,none
vojujezd-libava.cz,200,none
volanice.cz,302,none
volarna.cz,HttpConnectTimeoutException: HTTP connect timed out,none
volenice.cz,HttpConnectTimeoutException: HTTP connect timed out,none
volevcice.cz,HttpConnectTimeoutException: HTTP connect timed out,none
volevciceutelce.cz,200,none
volfartice.cz,HttpTimeoutException: request timed out,0 volfartice-cz.mail.protection.outlook.com.
volfirov.cz,302,none
volyne.eu,HttpConnectTimeoutException: HTTP connect timed out,none
vonoklasy.cz,301,10 mail.origine.cz.
vortova.cz,301,none
voticko.cz,302,none
vp.army.cz,301,none
vrabce.cz,200,20 sns.tcmp.cz.; 10 pns.tcmp.cz.
vracovice-orlov.cz,200,50 mail.gigaserver.cz.
vracovice.cz,405,none
vranany.cz,HttpConnectTimeoutException: HTTP connect timed out,none
vrancice.cz,ConnectException,none
vranenadvltavou.cz,HttpConnectTimeoutException: HTTP connect timed out,none
vranov-region.cz,SSLHandshakeException: (certificate_unknown) No subject alternative DNS name matching vranov-region.cz found.,10 email2.webglobe.cz.; 10 email4.webglobe.cz.; 10 email3.webglobe.cz.; 10 email.webglobe.cz.
vranov-tc.cz,HttpConnectTimeoutException: HTTP connect timed out,none
vranov.cz,HttpConnectTimeoutException: HTTP connect timed out,none
vranova.info,HttpConnectTimeoutException: HTTP connect timed out,none
vranovalhota.cz,301,none
vranovice.eu,HttpConnectTimeoutException: HTTP connect timed out,none
vranovicekelcice.cz,HttpConnectTimeoutException: HTTP connect timed out,none
vranovska-ves.cz,HttpConnectTimeoutException: HTTP connect timed out,none
vratenin.cz,HttpConnectTimeoutException: HTTP connect timed out,none
vratimov.cz,HttpConnectTimeoutException: HTTP connect timed out,none
vratkov.cz,HttpConnectTimeoutException: HTTP connect timed out,none
vratno.cz,405,none
vrato.cz,301,20 backup.antee.cz.; 10 mail.antee.cz.
vraz-obec.cz,200,none
vrazkov.cz,301,10 mail.antee.cz.; 20 backup.antee.cz.
vrazne.cz,302,10 posta.gc-system.cz.
vrazneujevicka.cz,302,none
vrbatky.cz,301,20 backup.antee.cz.; 10 mail.antee.cz.
vrbatuvkostelec.cz,HttpTimeoutException: request timed out,none
vrbicany.cz,301,none
vrbice-jc.cz,302,none
vrbice.cz,301,none
vrbice.info,302,none
vrbice.net,200,none
vrbiceupodebrad.cz,405,none
vrbiceuvacova.cz,302,none
vrbnonadlesy.cz,200,none
vrbnopp.cz,301,none
vrbova-lhota.cz,301,none
vrcen.cz,301,none
vrchoslavice.cz,301,none
vrchovnice.cz,200,20 d76c1d75598b4348.mx1.emailprofi.seznam.cz.; 10 d76c1d75598b4348.mx2.emailprofi.seznam.cz.
vrcovice.cz,405,none
vreskovice.cz,302,20 gama.jtj.cz.; 10 beta.jtj.cz.
vresovice.cz,301,none
vrhavec.cz,302,none
vroutek.net,ConnectException,none
vrsce.cz,301,10 mail.antee.cz.; 20 backup.antee.cz.
vrskman.cz,HttpConnectTimeoutException: HTTP connect timed out,none
vrsoviceuopavy.cz,302,none
vrsovka.cz,301,none
vrutice.cz,HttpConnectTimeoutException: HTTP connect timed out,none
vsechlapy.cz,HttpConnectTimeoutException: HTTP connect timed out,none
vsechovice.cz,HttpTimeoutException: request timed out,none
vsechovice.eu,302,none
vsehrdy.cz,HttpConnectTimeoutException: HTTP connect timed out,none
vsejany.cz,200,none
vsekary.cz,200,none
vselibice.cz,200,none
vsemyslice.eu,301,10 email3.webglobe.cz.; 10 email2.webglobe.cz.; 10 email4.webglobe.cz.; 10 email.webglobe.cz.
vsen.cz,200,none
vsenice.cz,301,none
vsenory.cz,302,none
vsepadly.cz,SSLHandshakeException: Remote host terminated the handshake,10 mail.vsepadly.cz.
vseradice.cz,HttpConnectTimeoutException: HTTP connect timed out,none
vseradov.cz,200,none
vseruby-mesto.cz,HttpTimeoutException: request timed out,none
vseruby.info,302,none
vsestary-obec.cz,302,none
vsestudy-obec.cz,SSLHandshakeException: (certificate_unknown) No subject alternative DNS name matching vsestudy-obec.cz found.,none
vsesulov.cz,HttpTimeoutException: request timed out,none
vsoso.cz,301,20 mxbackup.skok.cz.; 10 mx.skok.cz.
vsozc.cz,301,none
vstis.cz,HttpConnectTimeoutException: HTTP connect timed out,none
vuapraha.cz,SSLHandshakeException: (certificate_unknown) PKIX path building failed: sun.security.provider.certpath.SunCertPathBuilderException: unable to find valid certification path to requested target,none
vycapy.cz,200,none
vydri.cz,HttpConnectTimeoutException: HTTP connect timed out,none
vykan.cz,HttpConnectTimeoutException: HTTP connect timed out,none
vyklantice.cz,HttpConnectTimeoutException: HTTP connect timed out,none
vykleky.cz,HttpConnectTimeoutException: HTTP connect timed out,none
vyrava.cz,301,10 mail.antee.cz.; 20 backup.antee.cz.
vyrov.cz,302,none
vyrovice.cz,HttpTimeoutException: request timed out,none
vysehnevice.cz,301,20 backup.antee.cz.; 10 mail.antee.cz.
vysehori.cz,200,10 be68562219238d78.mx2.emailprofi.seznam.cz.; 20 be68562219238d78.mx1.emailprofi.seznam.cz.
vysehorovice.cz,HttpConnectTimeoutException: HTTP connect timed out,10 posta.gc-system.cz.
vysker.cz,200,20 mx.vshosting.eu.; 10 mx.vshosting.cloud.
vyskov-obec.cz,302,10 posta.gc-system.cz.
vyskovec.cz,301,none
vyskytna.cz,200,15 15mx.zoner.com.; 1 relay.zoner.com.; 10 10mx.zoner.com.
vyskytnanadjihlavou.cz,301,none
vysnilhoty.cz,301,none
vysocany.com,301,none
vysoka-nad-labem.cz,301,none
vysokahb.cz,301,none
vysokalibyne.cz,HttpTimeoutException: request timed out,10 posta.gc-system.cz.
vysokapec.cz,302,none
vysokapec.eu,302,10 mail.vysokapec.eu.
vysokasrbska.cz,200,10 mail.antee.cz.; 20 backup.antee.cz.
vysokaupribrame.cz,302,none
vysoke-myto.cz,301,none
vysoke-popovice.cz,HttpConnectTimeoutException: HTTP connect timed out,none
vysokechvojno.cz,301,10 mail.antee.cz.; 20 backup.antee.cz.
vysokenadjizerou.cz,HttpConnectTimeoutException: HTTP connect timed out,none
vysokepole.cz,HttpTimeoutException: request timed out,none
vysokestudnice.eu,200,none
vysokeveseli.cz,200,none
vysokov.cz,ConnectException,none
vysoky-chlumec.cz,302,none
vysovice.cz,302,none
vystrcenovice.cz,301,10 mxavas.forpsi.com.
vyzlovka.cz,HttpConnectTimeoutException: HTTP connect timed out,none
web.dedova.cz,HttpConnectTimeoutException: HTTP connect timed out,none
web.quick.cz,HttpConnectTimeoutException: HTTP connect timed out,none
www1.cenia.cz,HttpConnectTimeoutException: HTTP connect timed out,none
zabcice.cz,HttpConnectTimeoutException: HTTP connect timed out,none
zaben.cz,HttpConnectTimeoutException: HTTP connect timed out,none
zabestnilhota.cz,301,none
zablati.cz,HttpConnectTimeoutException: HTTP connect timed out,10 posta.gc-system.cz.
zabori.cz,HttpConnectTimeoutException: HTTP connect timed out,none
zaborinadlabem.cz,HttpConnectTimeoutException: HTTP connect timed out,10 posta.gc-system.cz.
zaborna.cz,301,5 mail.epostak.eu.
zabovresky.cz,301,10 mail.zabovresky.cz.
zabovreskyno.cz,302,none
zabrdi.cz,HttpConnectTimeoutException: HTTP connect timed out,none
zabreh.cz,200,none
zabrezi-recice.cz,HttpConnectTimeoutException: HTTP connect timed out,none
zabrodi.cz,ConnectException,none
zabrusany.cz,405,10 mail.zabrusany.cz.
zachlumi.cz,302,none
zachotin.cz,200,none
zachrastany.cz,200,none
zacler.cz,301,none
zadnichodov.cz,302,none
zadnistritez.cz,SSLHandshakeException: (certificate_unknown) No subject alternative DNS name matching zadnistritez.cz found.,10 wes1-mx-backup.wedos.net.; 1 wes1-mx1.wedos.net.; 1 wes1-mx2.wedos.net.
zadnitreban.cz,302,none
zadnivydri.cz,301,none
zadnizhorec.cz,301,none
zadoli-strihanov.cz,301,20 backup.antee.cz.; 10 mail.antee.cz.
zadubzavisin.cz,301,none
zadverice-rakova.cz,HttpConnectTimeoutException: HTTP connect timed out,none
zahaji.cz,302,10 posta.gc-system.cz.
zahnasovice.cz,HttpConnectTimeoutException: HTTP connect timed out,none
zahoran.cz,302,none
zahorany.cz,HttpConnectTimeoutException: HTTP connect timed out,none
zahori-jh.estranky.cz,HttpConnectTimeoutException: HTTP connect timed out,none
zahori.cz,302,none
zahornice.cz,302,10 mail.safemail.cz.; 100 mail.czechhosting.com.
zahorovice.cz,302,none
zahradky.cz,302,0 zahradky-cz.mail.protection.outlook.com.
zahradkycl.cz,302,none
zajeci.cz,HttpTimeoutException: request timed out,none
zajecice.cz,301,none
zajecov.cz,200,none
zajezdec.cz,301,none
zajickov.cz,405,none
zakava.cz,302,10 posta.gc-system.cz.
zakolany.cz,302,none
zakovice.cz,301,none
zakrany.cz,200,none
zakupy.cz,302,none
zalany.cz,302,0 zalany-cz.mail.protection.outlook.com.
zalesany.eu,301,none
zalesnazhor.cz,HttpConnectTimeoutException: HTTP connect timed out,none
zalezlice.cz,HttpConnectTimeoutException: HTTP connect timed out,none
zalezly.cz,301,none
zalhostice.cz,HttpConnectTimeoutException: HTTP connect timed out,none
zalkovice.cz,HttpConnectTimeoutException: HTTP connect timed out,10 posta.gc-system.cz.
zalonov.cz,301,none
zalsi.eu,301,none
zaluzice.cz,HttpConnectTimeoutException: HTTP connect timed out,none
zamberk.cz,HttpConnectTimeoutException: HTTP connect timed out,100 mspool.ttnet.cz.; 10 mailx.ttnet.cz.
zamosti-blata.e-obec.cz,SSLHandshakeException: (certificate_unknown) No subject alternative DNS name matching zamosti-blata.e-obec.cz found.,none
zamrsk.cz,HttpConnectTimeoutException: HTTP connect timed out,none
zamrsky.cz,HttpConnectTimeoutException: HTTP connect timed out,none
zandov.cz,302,none
zapy.cz,302,none
zaravice.cz,200,none
zareckalhota.cz,200,none
zarici.cz,301,none
zarosice.cz,302,none
zarovna.cz,301,none
zarubice.cz,405,none
zaryby.cz,301,none
zasada.cz,302,none
zasmuky.cz,301,none
zasova.cz,200,none
zasovice.cz,301,none
zastavka.cz,404,none
zastrizly.cz,301,none
zator.cz,302,none
zavada.cz,302,5 webmail.invite.cz.
zavidov.cz,302,none
zavisice.cz,301,none
zavlekov.ic.cz,SSLHandshakeException: (certificate_unknown) PKIX path building failed: sun.security.provider.certpath.SunCertPathBuilderException: unable to find valid certification path to requested target,none
zbelitov.cz,SSLHandshakeException: (certificate_unknown) No subject alternative DNS name matching zbelitov.cz found.,10 email2.webglobe.cz.; 10 email.webglobe.cz.; 10 email4.webglobe.cz.; 10 email3.webglobe.cz.
zbenice.cz,302,none
zbilidy.cz,200,none
zbiroh.cz,302,none
zbizuby.cz,302,none
zborov.zabrezsko.cz,SSLHandshakeException: Remote host terminated the handshake,none
zborovy.cz,HttpConnectTimeoutException: HTTP connect timed out,10 mxavas.forpsi.com.
zbrasin.cz,HttpConnectTimeoutException: HTTP connect timed out,none
zbraslavec.cz,200,none
zbraslavubrna.cz,302,none
zbuch.cz,302,none
zbuzany-obec.cz,200,none
zbyslavice.cz,302,none
zbysovvcechach.cz,302,none
zbytiny.cz,302,none
zdanice.cz,302,10 fido.zelena.cz.
zdanov.cz,SSLHandshakeException: (certificate_unknown) No subject alternative DNS name matching zdanov.cz found.,none
zdarek.net,301,none
zdarna.eu,200,0 zdarna-eu.mail.protection.outlook.com.
zdarnadmetuji.cz,302,none
zdarnadorlici.cz,301,none
zdechov.cz,HttpConnectTimeoutException: HTTP connect timed out,1 wes1-mx2.wedos.net.; 10 wes1-mx-backup.wedos.net.; 1 wes1-mx1.wedos.net.
zdechovice.cz,301,none
zdelov.cz,301,none
zdemyslice.com,302,none
zdenkov.cz,HttpConnectTimeoutException: HTTP connect timed out,none
zdetin.net,302,none
zdikov.cz,301,10 ign-mx3.webglobe.com.; 10 ign-mx2.webglobe.com.; 10 ign-mx1.webglobe.com.; 10 ign-mx4.webglobe.com.
zdirec.cz,HttpConnectTimeoutException: HTTP connect timed out,20 mx2.unihost.cz.; 10 mx.unihost.cz.
zdirechb.cz,HttpConnectTimeoutException: HTTP connect timed out,10 mail.antee.cz.; 20 backup.antee.cz.
zdireckokorinsko.cz,HttpConnectTimeoutException: HTTP connect timed out,none
zdislavice.cz,HttpConnectTimeoutException: HTTP connect timed out,10 posta.gc-system.cz.
zdobin.cz,HttpConnectTimeoutException: HTTP connect timed out,none
zdobnice.com,200,1 relay.zoner.com.; 15 15mx.zoner.com.; 10 10mx.zoner.com.
zdounky.cz,HttpConnectTimeoutException: HTTP connect timed out,20 mail2-ext.libli.cz.; 10 mail1-ext.libli.cz.
zebetin.cz,HttpConnectTimeoutException: HTTP connect timed out,none
zehun.cz,HttpConnectTimeoutException: HTTP connect timed out,10 posta.gc-system.cz.
zehusice.cz,HttpConnectTimeoutException: HTTP connect timed out,10 de99c949df434cd0.mx2.emailprofi.seznam.cz.; 20 de99c949df434cd0.mx1.emailprofi.seznam.cz.
zelatovice.cz,HttpConnectTimeoutException: HTTP connect timed out,none
zelec.cz,HttpConnectTimeoutException: HTTP connect timed out,none
zelechovice.eu,302,none
zelenahora.eu,302,10 posta.gc-system.cz.
zelenec.cz,301,none
zeleneckalhota.cz,301,none
zelenice.cz,302,none
zelenice.net,200,none
zelesice.eu,301,none
zeletice.cz,301,10 mail.antee.cz.; 20 backup.antee.cz.
zelezne.cz,302,none
zeleznice.net,302,none
zeleznybrod.cz,301,none
zelivsko.cz,SSLHandshakeException: (certificate_unknown) PKIX path building failed: sun.security.provider.certpath.SunCertPathBuilderException: unable to find valid certification path to requested target,none
zelnava.cz,302,none
zenklava.cz,200,none
zeranovice.cz,301,20 gw2.raab.cz.; 10 gw.raab.cz.
zeraviny.cz,301,none
zercice.cz,302,none
zeretice.org,302,none
zernov.cz,302,none
zernov.info,200,10 wes1-mx-backup.wedos.net.; 1 wes1-mx1.wedos.net.; 1 wes1-mx2.wedos.net.
zernovnik.cz,SSLHandshakeException: (certificate_expired) PKIX path validation failed: java.security.cert.CertPathValidatorException: validity check failed,none
zerotice.cz,302,none
zhor-bv.cz,200,10 wes1-mx1.wedos.net.; 20 wes1-mx2.wedos.net.; 30 wes1-mx-backup.wedos.net.
zhor.cz,SSLHandshakeException: Remote host terminated the handshake,none
zhorec.cz,405,none
zhorumladevozice.cz,200,none
zhorutabora.cz,301,none
zhorutachova.cz,302,none
zichlinek.eu,200,none
zichovec.cz,302,none
zichovice.cz,302,10 posta.gc-system.cz.
zidenice.eu,301,none
zidlochovice.cz,301,none
zidovice.cz,302,none
zihobce.eu,302,none
zilina-obec.cz,405,none
zilov.cz,302,10 posta.gc-system.cz.
zim.cz,302,none
zimutice.cz,301,none
zinkovy.cz,302,none
zirov.cz,200,none
zirovnice.cz,HttpTimeoutException: request timed out,none
zisov.cz,301,20 backup.antee.cz.; 10 mail.antee.cz.
zitkova.cz,301,10 mail.origine.cz.
zitovlice.cz,302,none
zivanice.cz,ConnectException,none
zivoticeunj.cz,HttpConnectTimeoutException: HTTP connect timed out,none
zizelice.cz,HttpConnectTimeoutException: HTTP connect timed out,none
zizice.cz,301,none
zizkovopole.cz,200,10 mail.czechproject.cz.
zlamanec.cz,HttpConnectTimeoutException: HTTP connect timed out,none
zlata-olesnice.cz,HttpConnectTimeoutException: HTTP connect timed out,none
zlatakoruna.cz,HttpConnectTimeoutException: HTTP connect timed out,none
zlatehory.cz,HttpConnectTimeoutException: HTTP connect timed out,none
zlatenka.cz,HttpConnectTimeoutException: HTTP connect timed out,none
zlatniky-hodkovice.cz,HttpConnectTimeoutException: HTTP connect timed out,none
zlatohorsko.cz,SSLHandshakeException: Remote host terminated the handshake,none
zlebskechvalovice.eu,302,none
zlin.eu,200,none
zliv.cz,HttpConnectTimeoutException: HTTP connect timed out,none
zlobice-bojanovice.cz,HttpConnectTimeoutException: HTTP connect timed out,none
zlonice.cz,HttpConnectTimeoutException: HTTP connect timed out,none
zlonin.cz,HttpConnectTimeoutException: HTTP connect timed out,none
zlosyn.cz,HttpConnectTimeoutException: HTTP connect timed out,10 posta.gc-system.cz.
zlukov.cz,301,none
zlunice.cz,302,none
zlutava.cz,HttpConnectTimeoutException: HTTP connect timed out,none
zlutice.cz,302,none
znetinek.cz,301,1 pecari-mail.xart.cz.
znojmocity.cz,301,none
zruc-senec.cz,302,none
zubcice.cz,301,none
zulova.cz,200,none
zverinek.cz,302,none
zverkovice.cz,200,none
zverotice.cz,301,none
zvestovice.cz,302,none
zvikovec.cz,302,none
zvikovskepodhradi.cz,302,none
zvikovulisova.cz,301,none
zvole.info,302,10 posta.gc-system.cz.
zvolenadpernstejnem.cz,405,100 mx20.websupport.cz.; 10 mx10.websupport.cz.
zvoleneves.cz,302,none
zvolenovice.cz,200,none
zvotoky.cz,301,none
