subdomain,parent_domain,http_status,mx
2014.hlurb.gov.ph,gov.ph,Could not resolve host: 2014.hlurb.gov.ph,none
8888.gov.ph,gov.ph,403,10 aspmx2.googlemail.com.; 5 alt1.aspmx.l.google.com.; 10 aspmx3.googlemail.com.; 1 aspmx.l.google.com.; 5 alt2.aspmx.l.google.com.
agrihackathon.philrice.gov.ph,gov.ph,Could not resolve host: agrihackathon.philrice.gov.ph,none
akg.pnp.gov.ph,gov.ph,200,none
akma.asti.dost.gov.ph,gov.ph,Connection timed out after 3000 milliseconds,none
alegriacebu.gov.ph,gov.ph,Could not resolve host: alegriacebu.gov.ph,none
aleosan.gov.ph,gov.ph,301,10 mx.zoho.com.; 50 mx3.zoho.com.; 20 mx2.zoho.com.
alimodianwd.gov.ph,gov.ph,200,none
alimodianwd.miagaowaterdistrict.gov.ph,gov.ph,200,none
alubijidmisor.gov.ph,gov.ph,Could not resolve host: alubijidmisor.gov.ph,none
analytics.gov.ph,gov.ph,Could not resolve host: analytics.gov.ph,none
angelescitywd.gov.ph,gov.ph,200,none
antique.gov.ph,gov.ph,Resolving timed out after 3001 milliseconds,5 alt2.aspmx.l.google.com.; 10 aspmx3.googlemail.com.; 1 aspmx.l.google.com.; 10 aspmx2.googlemail.com.; 5 alt1.aspmx.l.google.com.
aparriwaterdistrict.gov.ph,gov.ph,TLS connect error: error:0A000126:SSL routines::unexpected eof while reading,none
apayao.gov.ph,gov.ph,200,none
api.dma-sandbox.apps.gov.ph,gov.ph,Resolving timed out after 3001 milliseconds,none
api.gov.ph,gov.ph,Resolving timed out after 3000 milliseconds,none
api.irsis.bir.gov.ph,gov.ph,Resolving timed out after 3001 milliseconds,none
apps.dpwh.gov.ph,gov.ph,403,none
apps.ho.peza.gov.ph,gov.ph,SSL: no alternative certificate subject name matches target hostname 'apps.ho.peza.gov.ph',none
archives.daet.gov.ph,gov.ph,Could not resolve host: archives.daet.gov.ph,none
aringay.gov.ph,gov.ph,Resolving timed out after 3000 milliseconds,none
armis.gov.ph,gov.ph,Could not resolve host: armis.gov.ph,none
armm.gov.ph,gov.ph,Could not resolve host: armm.gov.ph,none
armmgov.ph,gov.ph,Could not resolve host: armmgov.ph,none
assets.asti.dost.gov.ph,gov.ph,Connection timed out after 3002 milliseconds,none
asturiascebu.gov.ph,gov.ph,200,none
asunciondavnor.gov.ph,gov.ph,Could not resolve host: asunciondavnor.gov.ph,none
autodiscover.alegriacebu.gov.ph,gov.ph,Could not resolve host: autodiscover.alegriacebu.gov.ph,none
autodiscover.antique.gov.ph,gov.ph,Could not resolve host: autodiscover.antique.gov.ph,none
autodiscover.asturiascebu.gov.ph,gov.ph,SSL: no alternative certificate subject name matches target hostname 'autodiscover.asturiascebu.gov.ph',none
autodiscover.asunciondavnor.gov.ph,gov.ph,Could not resolve host: autodiscover.asunciondavnor.gov.ph,none
autodiscover.baganga.gov.ph,gov.ph,Could not resolve host: autodiscover.baganga.gov.ph,none
autodiscover.balambancebu.gov.ph,gov.ph,SSL: no alternative certificate subject name matches target hostname 'autodiscover.balambancebu.gov.ph',none
autodiscover.blog.mlang.gov.ph,gov.ph,Resolving timed out after 3000 milliseconds,none
autodiscover.braulioedujali.gov.ph,gov.ph,400,none
autodiscover.cagwait.gov.ph,gov.ph,Could not resolve host: autodiscover.cagwait.gov.ph,none
autodiscover.cardonarizal.gov.ph,gov.ph,400,none
autodiscover.ckwd.gov.ph,gov.ph,SSL: no alternative certificate subject name matches target hostname 'autodiscover.ckwd.gov.ph',none
autodiscover.daet.gov.ph,gov.ph,Could not resolve host: autodiscover.daet.gov.ph,none
autodiscover.dfa.gov.ph,gov.ph,Could not resolve host: autodiscover.dfa.gov.ph,none
autodiscover.dilasag-aurora.gov.ph,gov.ph,Resolving timed out after 3000 milliseconds,none
autodiscover.dinagat.gov.ph,gov.ph,Could not resolve host: autodiscover.dinagat.gov.ph,none
autodiscover.dinagatislands.gov.ph,gov.ph,SSL: no alternative certificate subject name matches target hostname 'autodiscover.dinagatislands.gov.ph',none
autodiscover.doe.gov.ph,gov.ph,521,none
autodiscover.doj.gov.ph,gov.ph,Could not resolve host: autodiscover.doj.gov.ph,none
autodiscover.drhtagum.gov.ph,gov.ph,Could not resolve host: autodiscover.drhtagum.gov.ph,none
autodiscover.dumanjug.gov.ph,gov.ph,Could not resolve host: autodiscover.dumanjug.gov.ph,none
autodiscover.ecenter.mlang.gov.ph,gov.ph,Resolving timed out after 3000 milliseconds,none
autodiscover.hinatuan.gov.ph,gov.ph,Resolving timed out after 3000 milliseconds,none
autodiscover.kalayaanpalawan.gov.ph,gov.ph,200,none
autodiscover.kawit.gov.ph,gov.ph,Could not resolve host: autodiscover.kawit.gov.ph,none
autodiscover.lakesebu.gov.ph,gov.ph,Could not resolve host: autodiscover.lakesebu.gov.ph,none
autodiscover.liliwlaguna.gov.ph,gov.ph,Could not resolve host: autodiscover.liliwlaguna.gov.ph,none
autodiscover.loon.gov.ph,gov.ph,Could not resolve host: autodiscover.loon.gov.ph,none
autodiscover.lubuagan.gov.ph,gov.ph,SSL certificate problem: certificate has expired,none
autodiscover.malacanang.gov.ph,gov.ph,Resolving timed out after 3001 milliseconds,none
autodiscover.marinduque.gov.ph,gov.ph,Resolving timed out after 3001 milliseconds,none
autodiscover.mati.gov.ph,gov.ph,400,none
autodiscover.mcwd.gov.ph,gov.ph,Failed to connect to autodiscover.mcwd.gov.ph port 443 after 497 ms: Could not connect to server,none
autodiscover.metroviganwd.gov.ph,gov.ph,Could not resolve host: autodiscover.metroviganwd.gov.ph,none
autodiscover.mlang.gov.ph,gov.ph,Resolving timed out after 3001 milliseconds,none
autodiscover.mnwd.gov.ph,gov.ph,400,none
autodiscover.nabunturan.gov.ph,gov.ph,400,none
autodiscover.ncwd.gov.ph,gov.ph,Could not resolve host: autodiscover.ncwd.gov.ph,none
autodiscover.opolmisor.gov.ph,gov.ph,Could not resolve host: autodiscover.opolmisor.gov.ph,none
autodiscover.paniqui.gov.ph,gov.ph,Could not resolve host: autodiscover.paniqui.gov.ph,none
autodiscover.pcso.gov.ph,gov.ph,Failed to connect to autodiscover.pcso.gov.ph port 443 after 202 ms: Could not connect to server,none
autodiscover.philhealth.gov.ph,gov.ph,Resolving timed out after 3000 milliseconds,none
autodiscover.pids.gov.ph,gov.ph,Resolving timed out after 3000 milliseconds,none
autodiscover.pikit.gov.ph,gov.ph,Could not resolve host: autodiscover.pikit.gov.ph,none
autodiscover.rizalkalinga.gov.ph,gov.ph,Could not resolve host: autodiscover.rizalkalinga.gov.ph,none
autodiscover.sanjoseantique.gov.ph,gov.ph,Resolving timed out after 3002 milliseconds,none
autodiscover.sanjosedi.gov.ph,gov.ph,Resolving timed out after 3000 milliseconds,none
autodiscover.silang.gov.ph,gov.ph,Could not resolve host: autodiscover.silang.gov.ph,none
autodiscover.spda.gov.ph,gov.ph,400,none
autodiscover.stacruz.gov.ph,gov.ph,400,none
autodiscover.talaingod.gov.ph,gov.ph,Resolving timed out after 3000 milliseconds,none
autodiscover.talibon-bohol.gov.ph,gov.ph,Could not resolve host: autodiscover.talibon-bohol.gov.ph,none
autodiscover.taraka.gov.ph,gov.ph,Could not resolve host: autodiscover.taraka.gov.ph,none
autodiscover.tourism.mlang.gov.ph,gov.ph,Resolving timed out after 3000 milliseconds,none
autodiscover.treasury.gov.ph,gov.ph,Resolving timed out after 3000 milliseconds,none
bacarra.gov.ph,gov.ph,302,none
baciwa.gov.ph,gov.ph,301,0 _dc-mx.d3da51d02b61.baciwa.gov.ph.
bacnotan.gov.ph,gov.ph,406,5 mx1.hostinger.com.; 10 mx2.hostinger.com.
baganga.gov.ph,gov.ph,Could not resolve host: baganga.gov.ph,none
baguiowaterdistrict.gov.ph,gov.ph,Could not resolve host: baguiowaterdistrict.gov.ph,none
balambancebu.gov.ph,gov.ph,200,none
balambanwd.gov.ph,gov.ph,Operation timed out after 3001 milliseconds with 0 bytes received,10 mx2.unlicloud.com.; 10 mx1.unlicloud.com.
balangawater.gov.ph,gov.ph,200,none
balaoanwaterdistrict.gov.ph,gov.ph,SSL: no alternative certificate subject name matches target hostname 'balaoanwaterdistrict.gov.ph',none
balo-i.gov.ph,gov.ph,Connection timed out after 3001 milliseconds,none
banaue.gov.ph,gov.ph,Resolving timed out after 3000 milliseconds,none
barasrizal.gov.ph,gov.ph,Connection timed out after 3000 milliseconds,none
basketball.pangasinan.gov.ph,gov.ph,Could not resolve host: basketball.pangasinan.gov.ph,none
bataan.gov.ph,gov.ph,Connection timed out after 3002 milliseconds,none
batac.gov.ph,gov.ph,200,none
baul.i.gov.ph,gov.ph,Resolving timed out after 3000 milliseconds,none
bayambang.gov.ph,gov.ph,200,none
baybaycity.gov.ph,gov.ph,200,none
bch.armm.gov.ph,gov.ph,Could not resolve host: bch.armm.gov.ph,none
benguet.gov.ph,gov.ph,Could not resolve host: benguet.gov.ph,none
besao.gov.ph,gov.ph,Could not resolve host: besao.gov.ph,none
beta.loon.gov.ph,gov.ph,Could not resolve host: beta.loon.gov.ph,none
bienunido.gov.ph,gov.ph,Failed to connect to bienunido.gov.ph port 443 after 438 ms: Could not connect to server,none
billinquiry.baguiowaterdistrict.gov.ph,gov.ph,Resolving timed out after 3002 milliseconds,none
binalonanwaterdistrict.gov.ph,gov.ph,Resolving timed out after 3001 milliseconds,none
binan.gov.ph,gov.ph,301,none
binmaley.gov.ph,gov.ph,Could not resolve host: binmaley.gov.ph,none
bir-arms.bir.gov.ph,gov.ph,Resolving timed out after 3001 milliseconds,none
birapps.bir.gov.ph,gov.ph,Resolving timed out after 3001 milliseconds,none
bjmp.gov.ph,gov.ph,Could not resolve host: bjmp.gov.ph,none
blog.mlang.gov.ph,gov.ph,Resolving timed out after 3001 milliseconds,none
bme.armm.gov.ph,gov.ph,Could not resolve host: bme.armm.gov.ph,none
bohol.gov.ph,gov.ph,200,5 alt1.aspmx.l.google.com.; 5 alt2.aspmx.l.google.com.; 1 aspmx.l.google.com.; 10 alt3.aspmx.l.google.com.; 10 alt4.aspmx.l.google.com.
bongaomunicipal.gov.ph,gov.ph,Could not resolve host: bongaomunicipal.gov.ph,none
bontoc.gov.ph,gov.ph,Could not resolve host: bontoc.gov.ph,none
bpbilling.cagayandeoro.gov.ph,gov.ph,Could not resolve host: bpbilling.cagayandeoro.gov.ph,none
bpls.sanrafael.gov.ph,gov.ph,SSL: no alternative certificate subject name matches target hostname 'bpls.sanrafael.gov.ph',none
bpm-sandbox.apps.gov.ph,gov.ph,Resolving timed out after 3000 milliseconds,none
bpm.apps.gov.ph,gov.ph,Resolving timed out after 3000 milliseconds,none
braulioedujali.gov.ph,gov.ph,200,none
bu.irsis.bir.gov.ph,gov.ph,Resolving timed out after 3000 milliseconds,none
bugasongwd.gov.ph,gov.ph,Operation timed out after 3001 milliseconds with 0 bytes received,0 bugasongwd.gov.ph.
bugasongwd.miagaowaterdistrict.gov.ph,gov.ph,Operation timed out after 3000 milliseconds with 0 bytes received,none
bulusan.gov.ph,gov.ph,Could not resolve host: bulusan.gov.ph,none
bureauofmadariseducation.armm.gov.ph,gov.ph,Could not resolve host: bureauofmadariseducation.armm.gov.ph,none
business.gov.ph,gov.ph,Resolving timed out after 3000 milliseconds,none
businesses.luponwd.gov.ph,gov.ph,Could not resolve host: businesses.luponwd.gov.ph,none
cab.gov.ph,gov.ph,Could not resolve host: cab.gov.ph,none
cabanatuancity.gov.ph,gov.ph,Connection timed out after 3001 milliseconds,none
cabatuan-isabela.gov.ph,gov.ph,200,none
cagayandeoro.gov.ph,gov.ph,Operation timed out after 3000 milliseconds with 0 bytes received,none
cagwait.gov.ph,gov.ph,Resolving timed out after 3000 milliseconds,none
calinogwaterdistrict.gov.ph,gov.ph,Operation timed out after 3000 milliseconds with 0 bytes received,none
calinogwaterdistrict.miagaowaterdistrict.gov.ph,gov.ph,Operation timed out after 3002 milliseconds with 0 bytes received,none
calumpit.gov.ph,gov.ph,200,none
canaman.gov.ph,gov.ph,403,none
capiz.gov.ph,gov.ph,403,none
cardonarizal.gov.ph,gov.ph,200,0 cardonarizal.gov.ph.
careers.immigration.gov.ph,gov.ph,200,none
catbaloganwd.gov.ph,gov.ph,Could not resolve host: catbaloganwd.gov.ph,none
cawadi.gov.ph,gov.ph,200,none
cbep.dole.gov.ph,gov.ph,Could not resolve host: cbep.dole.gov.ph,none
ccwd.gov.ph,gov.ph,Could not resolve host: ccwd.gov.ph,none
cebucity.gov.ph,gov.ph,403,1 smtp.google.com.
centraldatabase.mgb.gov.ph,gov.ph,Resolving timed out after 3000 milliseconds,none
certbot.bohol.gov.ph,gov.ph,Connection timed out after 3000 milliseconds,none
ceza.gov.ph,gov.ph,200,none
cfo.gov.ph,gov.ph,403,none
ciap.dti.gov.ph,gov.ph,Could not resolve host: ciap.dti.gov.ph,none
cidgvps.pnp.gov.ph,gov.ph,Could not resolve host: cidgvps.pnp.gov.ph,none
ciiacfacadephilsinconline.miagaowaterdistrict.gov.ph,gov.ph,Operation timed out after 3000 milliseconds with 0 bytes received,none
cinemarehiyon9.nabunturan.gov.ph,gov.ph,200,none
citem.gov.ph,gov.ph,Resolving timed out after 3001 milliseconds,none
cityfinance.cagayandeoro.gov.ph,gov.ph,SSL certificate problem: unable to get local issuer certificate,none
cityofmeycauayanbulacan.gov.ph,gov.ph,Could not resolve host: cityofmeycauayanbulacan.gov.ph,none
cityofsanfernando.gov.ph,gov.ph,Operation timed out after 3000 milliseconds with 0 bytes received,none
cityofsanpedrolaguna.gov.ph,gov.ph,302,0 mail.cityofsanpedrolaguna.gov.ph.
ckwd.gov.ph,gov.ph,200,none
claims.bohol.gov.ph,gov.ph,301,none
clearpass.pcso.gov.ph,gov.ph,Could not resolve host: clearpass.pcso.gov.ph,none
clearpass01.pcso.gov.ph,gov.ph,Could not resolve host: clearpass01.pcso.gov.ph,none
clearpass02.pcso.gov.ph,gov.ph,Could not resolve host: clearpass02.pcso.gov.ph,none
cloud.bwsc.dole.gov.ph,gov.ph,Could not resolve host: cloud.bwsc.dole.gov.ph,none
cloud01.fda.gov.ph,gov.ph,Could not resolve host: cloud01.fda.gov.ph,none
cloudmail.treasury.gov.ph,gov.ph,Could not resolve host: cloudmail.treasury.gov.ph,none
cms.eserbisyo.gov.ph,gov.ph,Resolving timed out after 3002 milliseconds,none
cnwd.gov.ph,gov.ph,403,none
coare.asti.dost.gov.ph,gov.ph,Connection timed out after 3001 milliseconds,none
comelec.gov.ph,gov.ph,403,5 comelec-gov-ph.mail.protection.outlook.com.
congress.gov.ph,gov.ph,403,none
cos.payroll.bohol.gov.ph,gov.ph,Connection timed out after 3001 milliseconds,none
coseram.caraga.dilg.gov.ph,gov.ph,Could not resolve host: coseram.caraga.dilg.gov.ph,0 coseram.caraga.dilg.gov.ph.
cotabatoprov.gov.ph,gov.ph,200,none
cp32.dswd.gov.ph,gov.ph,Resolving timed out after 3000 milliseconds,none
cpanel.alegriacebu.gov.ph,gov.ph,Could not resolve host: cpanel.alegriacebu.gov.ph,none
cpanel.aleosan.gov.ph,gov.ph,SSL: no alternative certificate subject name matches target hostname 'cpanel.aleosan.gov.ph',none
cpanel.alimodianwd.gov.ph,gov.ph,200,none
cpanel.antique.gov.ph,gov.ph,Resolving timed out after 3001 milliseconds,none
cpanel.aparriwaterdistrict.gov.ph,gov.ph,TLS connect error: error:0A000126:SSL routines::unexpected eof while reading,none
cpanel.apayao.gov.ph,gov.ph,Could not resolve host: cpanel.apayao.gov.ph,none
cpanel.aringay.gov.ph,gov.ph,Resolving timed out after 3000 milliseconds,none
cpanel.asturiascebu.gov.ph,gov.ph,Could not resolve host: cpanel.asturiascebu.gov.ph,none
cpanel.asunciondavnor.gov.ph,gov.ph,Could not resolve host: cpanel.asunciondavnor.gov.ph,none
cpanel.bacarra.gov.ph,gov.ph,526,none
cpanel.bacnotan.gov.ph,gov.ph,Could not resolve host: cpanel.bacnotan.gov.ph,none
cpanel.baganga.gov.ph,gov.ph,Could not resolve host: cpanel.baganga.gov.ph,none
cpanel.balambancebu.gov.ph,gov.ph,Could not resolve host: cpanel.balambancebu.gov.ph,none
cpanel.balangawater.gov.ph,gov.ph,SSL: no alternative certificate subject name matches target hostname 'cpanel.balangawater.gov.ph',none
cpanel.balaoanwaterdistrict.gov.ph,gov.ph,Could not resolve host: cpanel.balaoanwaterdistrict.gov.ph,none
cpanel.balo-i.gov.ph,gov.ph,Could not resolve host: cpanel.balo-i.gov.ph,none
cpanel.batac.gov.ph,gov.ph,200,none
cpanel.blog.mlang.gov.ph,gov.ph,Resolving timed out after 3000 milliseconds,none
cpanel.bongaomunicipal.gov.ph,gov.ph,Could not resolve host: cpanel.bongaomunicipal.gov.ph,none
cpanel.braulioedujali.gov.ph,gov.ph,200,none
cpanel.bugasongwd.gov.ph,gov.ph,200,none
cpanel.cab.gov.ph,gov.ph,200,none
cpanel.cagwait.gov.ph,gov.ph,Resolving timed out after 3001 milliseconds,none
cpanel.calinogwaterdistrict.gov.ph,gov.ph,200,none
cpanel.calumpit.gov.ph,gov.ph,Could not resolve host: cpanel.calumpit.gov.ph,none
cpanel.canaman.gov.ph,gov.ph,Resolving timed out after 3001 milliseconds,none
cpanel.cardonarizal.gov.ph,gov.ph,200,none
cpanel.cawadi.gov.ph,gov.ph,Could not resolve host: cpanel.cawadi.gov.ph,none
cpanel.cityofmeycauayanbulacan.gov.ph,gov.ph,Could not resolve host: cpanel.cityofmeycauayanbulacan.gov.ph,none
cpanel.ckwd.gov.ph,gov.ph,Could not resolve host: cpanel.ckwd.gov.ph,none
cpanel.cnwd.gov.ph,gov.ph,Resolving timed out after 3000 milliseconds,none
cpanel.culasiwd.gov.ph,gov.ph,200,none
cpanel.daet.gov.ph,gov.ph,Could not resolve host: cpanel.daet.gov.ph,none
cpanel.dilasag-aurora.gov.ph,gov.ph,Resolving timed out after 3000 milliseconds,none
cpanel.dinagat.gov.ph,gov.ph,Could not resolve host: cpanel.dinagat.gov.ph,none
cpanel.dinagatislands.gov.ph,gov.ph,Could not resolve host: cpanel.dinagatislands.gov.ph,none
cpanel.dinglepototanwd.gov.ph,gov.ph,200,none
cpanel.doncarlos.gov.ph,gov.ph,Could not resolve host: cpanel.doncarlos.gov.ph,none
cpanel.drhtagum.gov.ph,gov.ph,Could not resolve host: cpanel.drhtagum.gov.ph,none
cpanel.duenaswaterdistrict.gov.ph,gov.ph,200,none
cpanel.dumalagwaterdistrict.gov.ph,gov.ph,200,none
cpanel.dumanjug.gov.ph,gov.ph,Could not resolve host: cpanel.dumanjug.gov.ph,none
cpanel.ecenter.mlang.gov.ph,gov.ph,Could not resolve host: cpanel.ecenter.mlang.gov.ph,none
cpanel.eregulations.gov.ph,gov.ph,Could not resolve host: cpanel.eregulations.gov.ph,none
cpanel.generalnakar.gov.ph,gov.ph,Could not resolve host: cpanel.generalnakar.gov.ph,none
cpanel.generaltrias.gov.ph,gov.ph,Operation timed out after 3001 milliseconds with 0 bytes received,none
cpanel.hinatuan.gov.ph,gov.ph,Could not resolve host: cpanel.hinatuan.gov.ph,none
cpanel.hret.gov.ph,gov.ph,200,none
cpanel.hrvclaimsboard.gov.ph,gov.ph,Could not resolve host: cpanel.hrvclaimsboard.gov.ph,none
cpanel.igbaraswaterdistrict.gov.ph,gov.ph,200,none
cpanel.ilsdole.gov.ph,gov.ph,Could not resolve host: cpanel.ilsdole.gov.ph,none
cpanel.iqwd.gov.ph,gov.ph,Could not resolve host: cpanel.iqwd.gov.ph,none
cpanel.janiuaywaterdistrict.gov.ph,gov.ph,200,none
cpanel.jordanwaterdistrict.gov.ph,gov.ph,200,none
cpanel.kabacan.gov.ph,gov.ph,SSL: no alternative certificate subject name matches target hostname 'cpanel.kabacan.gov.ph',none
cpanel.kabankalanwater.gov.ph,gov.ph,Could not resolve host: cpanel.kabankalanwater.gov.ph,none
cpanel.kalayaanpalawan.gov.ph,gov.ph,200,none
cpanel.kawit.gov.ph,gov.ph,Could not resolve host: cpanel.kawit.gov.ph,none
cpanel.lacarlotacitywaterdistrict.gov.ph,gov.ph,Could not resolve host: cpanel.lacarlotacitywaterdistrict.gov.ph,none
cpanel.lakesebu.gov.ph,gov.ph,Could not resolve host: cpanel.lakesebu.gov.ph,none
cpanel.lgu-santol.gov.ph,gov.ph,Could not resolve host: cpanel.lgu-santol.gov.ph,none
cpanel.lgupambujan.gov.ph,gov.ph,Could not resolve host: cpanel.lgupambujan.gov.ph,none
cpanel.lguparanas.gov.ph,gov.ph,Could not resolve host: cpanel.lguparanas.gov.ph,none
cpanel.libon.gov.ph,gov.ph,Connection timed out after 3000 milliseconds,none
cpanel.liliwlaguna.gov.ph,gov.ph,Could not resolve host: cpanel.liliwlaguna.gov.ph,none
cpanel.loon.gov.ph,gov.ph,Operation timed out after 3001 milliseconds with 0 bytes received,none
cpanel.lubuagan.gov.ph,gov.ph,Could not resolve host: cpanel.lubuagan.gov.ph,none
cpanel.lumc.gov.ph,gov.ph,Could not resolve host: cpanel.lumc.gov.ph,none
cpanel.lunaapayao.gov.ph,gov.ph,Could not resolve host: cpanel.lunaapayao.gov.ph,none
cpanel.luponwd.gov.ph,gov.ph,Could not resolve host: cpanel.luponwd.gov.ph,none
cpanel.marinduque.gov.ph,gov.ph,Resolving timed out after 3001 milliseconds,none
cpanel.mati.gov.ph,gov.ph,200,none
cpanel.metrocarigarawd.gov.ph,gov.ph,Could not resolve host: cpanel.metrocarigarawd.gov.ph,none
cpanel.metrocotabatowd.gov.ph,gov.ph,Resolving timed out after 3001 milliseconds,none
cpanel.metrolipawd.gov.ph,gov.ph,Could not resolve host: cpanel.metrolipawd.gov.ph,none
cpanel.metroviganwd.gov.ph,gov.ph,Could not resolve host: cpanel.metroviganwd.gov.ph,none
cpanel.miagaowaterdistrict.gov.ph,gov.ph,200,none
cpanel.mlang.gov.ph,gov.ph,SSL certificate problem: certificate has expired,none
cpanel.mmh.gov.ph,gov.ph,Could not resolve host: cpanel.mmh.gov.ph,none
cpanel.mnwd.gov.ph,gov.ph,200,none
cpanel.msfwd.gov.ph,gov.ph,Could not resolve host: cpanel.msfwd.gov.ph,none
cpanel.municipalityofbulakan.gov.ph,gov.ph,Could not resolve host: cpanel.municipalityofbulakan.gov.ph,none
cpanel.munozwaterdistrict.gov.ph,gov.ph,Could not resolve host: cpanel.munozwaterdistrict.gov.ph,none
cpanel.nabunturan.gov.ph,gov.ph,200,none
cpanel.naguilianlu.gov.ph,gov.ph,Could not resolve host: cpanel.naguilianlu.gov.ph,none
cpanel.nationalmuseum.gov.ph,gov.ph,Resolving timed out after 3001 milliseconds,none
cpanel.nbdb.gov.ph,gov.ph,Could not resolve host: cpanel.nbdb.gov.ph,none
cpanel.ncwd.gov.ph,gov.ph,Could not resolve host: cpanel.ncwd.gov.ph,none
cpanel.omb.gov.ph,gov.ph,Connection timed out after 3002 milliseconds,none
cpanel.opolmisor.gov.ph,gov.ph,Could not resolve host: cpanel.opolmisor.gov.ph,none
cpanel.pangasinan.gov.ph,gov.ph,Could not resolve host: cpanel.pangasinan.gov.ph,none
cpanel.patnanungan.gov.ph,gov.ph,Could not resolve host: cpanel.patnanungan.gov.ph,none
cpanel.patnongonwd.gov.ph,gov.ph,200,none
cpanel.pcsd.gov.ph,gov.ph,200,none
cpanel.philsucor.gov.ph,gov.ph,Connection timed out after 3001 milliseconds,none
cpanel.pikit.gov.ph,gov.ph,200,none
cpanel.pinili.gov.ph,gov.ph,Could not resolve host: cpanel.pinili.gov.ph,none
cpanel.rizalkalinga.gov.ph,gov.ph,Could not resolve host: cpanel.rizalkalinga.gov.ph,none
cpanel.rtradn.gov.ph,gov.ph,Could not resolve host: cpanel.rtradn.gov.ph,none
cpanel.sanjoaquinwd.gov.ph,gov.ph,200,none
cpanel.sanjoseantique.gov.ph,gov.ph,Resolving timed out after 3000 milliseconds,none
cpanel.sanjosedi.gov.ph,gov.ph,Could not resolve host: cpanel.sanjosedi.gov.ph,none
cpanel.sanjuancity.gov.ph,gov.ph,Could not resolve host: cpanel.sanjuancity.gov.ph,none
cpanel.sannicolasilocosnorte.gov.ph,gov.ph,Resolving timed out after 3001 milliseconds,none
cpanel.santarosacity.gov.ph,gov.ph,Could not resolve host: cpanel.santarosacity.gov.ph,none
cpanel.santotomas.gov.ph,gov.ph,Could not resolve host: cpanel.santotomas.gov.ph,none
cpanel.sibalomwd.gov.ph,gov.ph,200,none
cpanel.silang.gov.ph,gov.ph,Could not resolve host: cpanel.silang.gov.ph,none
cpanel.spda.gov.ph,gov.ph,200,none
cpanel.stacruz-is.gov.ph,gov.ph,Could not resolve host: cpanel.stacruz-is.gov.ph,none
cpanel.stacruz.gov.ph,gov.ph,200,none
cpanel.talaingod.gov.ph,gov.ph,Resolving timed out after 3000 milliseconds,none
cpanel.talibon-bohol.gov.ph,gov.ph,Could not resolve host: cpanel.talibon-bohol.gov.ph,none
cpanel.talibonwd.gov.ph,gov.ph,Could not resolve host: cpanel.talibonwd.gov.ph,none
cpanel.tanaywaterdistrict.gov.ph,gov.ph,Could not resolve host: cpanel.tanaywaterdistrict.gov.ph,none
cpanel.taraka.gov.ph,gov.ph,Could not resolve host: cpanel.taraka.gov.ph,none
cpanel.teresarizal.gov.ph,gov.ph,Could not resolve host: cpanel.teresarizal.gov.ph,none
cpanel.tourism.mlang.gov.ph,gov.ph,Could not resolve host: cpanel.tourism.mlang.gov.ph,none
cpanel.unesco.gov.ph,gov.ph,Could not resolve host: cpanel.unesco.gov.ph,none
cpanel.zarragawaterdistrict.gov.ph,gov.ph,Could not resolve host: cpanel.zarragawaterdistrict.gov.ph,none
cpanel172.dswd.gov.ph,gov.ph,Resolving timed out after 3000 milliseconds,none
crm.ncmrs.dict.gov.ph,gov.ph,Could not resolve host: crm.ncmrs.dict.gov.ph,none
culasiwd.gov.ph,gov.ph,Operation timed out after 3000 milliseconds with 0 bytes received,none
culasiwd.miagaowaterdistrict.gov.ph,gov.ph,Operation timed out after 3000 milliseconds with 0 bytes received,none
cwc.gov.ph,gov.ph,Resolving timed out after 3000 milliseconds,5 alt1.aspmx.l.google.com.; 5 alt2.aspmx.l.google.com.; 10 alt3.aspmx.l.google.com.; 10 alt4.aspmx.l.google.com.; 1 aspmx.l.google.com.
daet.gov.ph,gov.ph,Could not resolve host: daet.gov.ph,none
dagupan.gov.ph,gov.ph,301,none
dalaguetewaterdistrict.gov.ph,gov.ph,Could not resolve host: dalaguetewaterdistrict.gov.ph,none
data.dswd.gov.ph,gov.ph,Resolving timed out after 3000 milliseconds,none
data.portal.gov.ph,gov.ph,Could not resolve host: data.portal.gov.ph,none
data.tabango-leyte.gov.ph,gov.ph,Could not resolve host: data.tabango-leyte.gov.ph,none
dbmp.philrice.gov.ph,gov.ph,302,none
ddb.gov.ph,gov.ph,200,none
dev.armm.gov.ph,gov.ph,Could not resolve host: dev.armm.gov.ph,none
dev.dinagatislands.gov.ph,gov.ph,Could not resolve host: dev.dinagatislands.gov.ph,none
dev1.portal.gov.ph,gov.ph,Could not resolve host: dev1.portal.gov.ph,none
dev2.portal.gov.ph,gov.ph,Could not resolve host: dev2.portal.gov.ph,none
dev3.portal.gov.ph,gov.ph,Could not resolve host: dev3.portal.gov.ph,none
dev4.portal.gov.ph,gov.ph,Could not resolve host: dev4.portal.gov.ph,none
devt4.sss.gov.ph,gov.ph,Resolving timed out after 3000 milliseconds,none
dfa.gov.ph,gov.ph,403,none
dict.gov.ph,gov.ph,403,none
didp.gov.ph,gov.ph,Connection timed out after 3002 milliseconds,none
dilasag-aurora.gov.ph,gov.ph,Could not resolve host: dilasag-aurora.gov.ph,none
dinagat.gov.ph,gov.ph,Could not resolve host: dinagat.gov.ph,none
dinagatislands.gov.ph,gov.ph,200,5 mx1.hostinger.com.; 10 mx2.hostinger.com.
dinglepototanwd.gov.ph,gov.ph,Operation timed out after 3000 milliseconds with 0 bytes received,none
dinglepototanwd.miagaowaterdistrict.gov.ph,gov.ph,Operation timed out after 3000 milliseconds with 0 bytes received,none
dkis.dole.gov.ph,gov.ph,Could not resolve host: dkis.dole.gov.ph,none
dma-sandbox.apps.gov.ph,gov.ph,Resolving timed out after 3000 milliseconds,none
dma.apps.gov.ph,gov.ph,Could not resolve host: dma.apps.gov.ph,none
dms.pcsd.gov.ph,gov.ph,Could not resolve host: dms.pcsd.gov.ph,none
dms.philrice.gov.ph,gov.ph,200,none
dns.gov.ph,gov.ph,403,none
doctrack.fda.gov.ph,gov.ph,200,none
docutrack.dswd.gov.ph,gov.ph,Could not resolve host: docutrack.dswd.gov.ph,none
doe.gov.ph,gov.ph,200,none
doj.gov.ph,gov.ph,403,none
dole.gov.ph,gov.ph,403,none
doncarlos.gov.ph,gov.ph,Could not resolve host: doncarlos.gov.ph,none
donsalvadorbenedicto.gov.ph,gov.ph,Could not resolve host: donsalvadorbenedicto.gov.ph,none
dot.armm.gov.ph,gov.ph,Could not resolve host: dot.armm.gov.ph,none
dotcmrt3.gov.ph,gov.ph,Could not resolve host: dotcmrt3.gov.ph,none
drhtagum.gov.ph,gov.ph,Could not resolve host: drhtagum.gov.ph,none
dsportal.daet.gov.ph,gov.ph,Could not resolve host: dsportal.daet.gov.ph,none
dti.gov.ph,gov.ph,Could not resolve host: dti.gov.ph,none
duenaswaterdistrict.gov.ph,gov.ph,Operation timed out after 3000 milliseconds with 0 bytes received,none
duenaswaterdistrict.miagaowaterdistrict.gov.ph,gov.ph,Operation timed out after 3001 milliseconds with 0 bytes received,none
dumalagwaterdistrict.gov.ph,gov.ph,Could not resolve host: dumalagwaterdistrict.gov.ph,none
dumalagwaterdistrict.miagaowaterdistrict.gov.ph,gov.ph,Operation timed out after 3001 milliseconds with 0 bytes received,none
dumanjug.gov.ph,gov.ph,200,none
ea.dotcmrt3.gov.ph,gov.ph,Could not resolve host: ea.dotcmrt3.gov.ph,none
eaccreg.bir.gov.ph,gov.ph,Resolving timed out after 3000 milliseconds,none
ebcs.gsis.gov.ph,gov.ph,302,none
ebirforms.bir.gov.ph,gov.ph,Resolving timed out after 3000 milliseconds,none
ebmagalona.gov.ph,gov.ph,403,none
ecc.gov.ph,gov.ph,200,none
eccd-is.dswd.gov.ph,gov.ph,Resolving timed out after 3000 milliseconds,none
eccdcouncil.gov.ph,gov.ph,403,none
ecenter.mlang.gov.ph,gov.ph,Could not resolve host: ecenter.mlang.gov.ph,none
edst.bir.gov.ph,gov.ph,Resolving timed out after 3001 milliseconds,none
eduroam-admin.asti.dost.gov.ph,gov.ph,Connection timed out after 3002 milliseconds,none
eduroam-metrics.asti.dost.gov.ph,gov.ph,Connection timed out after 3002 milliseconds,none
eduroam-monitoring.asti.dost.gov.ph,gov.ph,Connection timed out after 3002 milliseconds,none
efps.bir.gov.ph,gov.ph,Resolving timed out after 3001 milliseconds,none
egsismo.gsis.gov.ph,gov.ph,Could not resolve host: egsismo.gsis.gov.ph,none
elbi-admin.loon.gov.ph,gov.ph,Operation timed out after 3002 milliseconds with 0 bytes received,none
elbi.loon.gov.ph,gov.ph,Operation timed out after 3001 milliseconds with 0 bytes received,none
elearningncddp.dswd.gov.ph,gov.ph,Resolving timed out after 3001 milliseconds,none
email.doj.gov.ph,gov.ph,Could not resolve host: email.doj.gov.ph,none
employees.metrocarigarawd.gov.ph,gov.ph,Could not resolve host: employees.metrocarigarawd.gov.ph,none
eorb.bir.gov.ph,gov.ph,Resolving timed out after 3001 milliseconds,none
eportal.sss.gov.ph,gov.ph,Resolving timed out after 3000 milliseconds,none
epp.loon.gov.ph,gov.ph,Could not resolve host: epp.loon.gov.ph,none
eps.quezoncity.gov.ph,gov.ph,Could not resolve host: eps.quezoncity.gov.ph,none
ereg.bir.gov.ph,gov.ph,Resolving timed out after 3000 milliseconds,none
eregulations.gov.ph,gov.ph,Could not resolve host: eregulations.gov.ph,none
ereport.fda.gov.ph,gov.ph,Operation timed out after 3002 milliseconds with 0 bytes received,none
erpdemo.asti.dost.gov.ph,gov.ph,Connection timed out after 3002 milliseconds,none
esales.bir.gov.ph,gov.ph,Resolving timed out after 3000 milliseconds,none
esubpoena.pnp.gov.ph,gov.ph,Could not resolve host: esubpoena.pnp.gov.ph,none
etis.bir.gov.ph,gov.ph,Resolving timed out after 3000 milliseconds,none
events.bsp.gov.ph,gov.ph,Could not resolve host: events.bsp.gov.ph,none
example.philrice.gov.ph,gov.ph,Could not resolve host: example.philrice.gov.ph,none
farmersguidemap.gov.ph,gov.ph,Resolving timed out after 3000 milliseconds,none
fastfact.daet.gov.ph,gov.ph,Could not resolve host: fastfact.daet.gov.ph,none
fda.gov.ph,gov.ph,Could not resolve host: fda.gov.ph,none
feo.csg.pnp.gov.ph,gov.ph,403,none
financeservice.bjmp.gov.ph,gov.ph,Could not resolve host: financeservice.bjmp.gov.ph,none
financeservice1.bjmp.gov.ph,gov.ph,Could not resolve host: financeservice1.bjmp.gov.ph,none
fiportal.bsp.gov.ph,gov.ph,Could not resolve host: fiportal.bsp.gov.ph,none
fms824.dswd.gov.ph,gov.ph,Resolving timed out after 3000 milliseconds,none
foi.gov.ph,gov.ph,403,none
forms.gov.ph,gov.ph,Could not resolve host: forms.gov.ph,none
forums.opolmisor.gov.ph,gov.ph,Could not resolve host: forums.opolmisor.gov.ph,none
frva.dswd.gov.ph,gov.ph,Resolving timed out after 3000 milliseconds,none
fsi.gov.ph,gov.ph,403,none
ftp.doe.gov.ph,gov.ph,Could not resolve host: ftp.doe.gov.ph,none
fw.iligan.gov.ph,gov.ph,Could not resolve host: fw.iligan.gov.ph,none
gabay.gov.ph,gov.ph,Failed to connect to gabay.gov.ph port 443 after 1700 ms: Could not connect to server,none
gad.pcsd.gov.ph,gov.ph,Could not resolve host: gad.pcsd.gov.ph,none
ganglia.asti.dost.gov.ph,gov.ph,Connection timed out after 3001 milliseconds,none
ganglia.asti.gov.ph,gov.ph,Connection timed out after 3000 milliseconds,none
gcg.gov.ph,gov.ph,200,none
generalnakar.gov.ph,gov.ph,403,10 alt3.aspmx.l.google.com.; 1 aspmx.l.google.com.; 10 alt4.aspmx.l.google.com.; 5 alt2.aspmx.l.google.com.; 1 smtp.google.com.; 5 alt1.aspmx.l.google.com.
generaltrias.gov.ph,gov.ph,Operation timed out after 3001 milliseconds with 0 bytes received,1 smtp.google.com.
gennatividad.gov.ph,gov.ph,Could not resolve host: gennatividad.gov.ph,none
gingoog.gov.ph,gov.ph,403,5 alt2.aspmx.l.google.com.; 5 alt1.aspmx.l.google.com.; 1 aspmx.l.google.com.; 10 aspmx3.googlemail.com.; 10 aspmx2.googlemail.com.
git.i.gov.ph,gov.ph,Connection timed out after 3001 milliseconds,none
glan.gov.ph,gov.ph,200,none
gov.ph,gov.ph,,16 ne-mail2.gov.ph.; 5 ALT2.ASPMX.L.GOOGLE.COM.; 10 ASPMX2.GOOGLEMAIL.COM.; 15 ne-mail1.gov.ph.; 10 ASPMX3.GOOGLEMAIL.COM.; 5 ALT1.ASPMX.L.GOOGLE.COM.; 1 ASPMX.L.GOOGLE.COM.
govgen.gov.ph,gov.ph,Could not resolve host: govgen.gov.ph,none
gppb.gov.ph,gov.ph,301,none
guagua.gov.ph,gov.ph,403,none
guimbawaterdistrict.gov.ph,gov.ph,200,none
gwhs-dev0.i.gov.ph,gov.ph,SSL certificate problem: unable to get local issuer certificate,none
gwhs-prod02.i.gov.ph,gov.ph,Could not resolve host: gwhs-prod02.i.gov.ph,none
gwhs-prod04.i.gov.ph,gov.ph,Could not resolve host: gwhs-prod04.i.gov.ph,none
gwhs-prod4.i.gov.ph,gov.ph,Could not resolve host: gwhs-prod4.i.gov.ph,none
gwhs.i.gov.ph,gov.ph,403,none
hdprc.gov.ph,gov.ph,Resolving timed out after 3002 milliseconds,10 aspmx.l.google.com.
health.marikina.gov.ph,gov.ph,Could not resolve host: health.marikina.gov.ph,none
help.irsis.bir.gov.ph,gov.ph,Resolving timed out after 3000 milliseconds,none
helpdesk.i.gov.ph,gov.ph,Could not resolve host: helpdesk.i.gov.ph,none
henyo.fda.gov.ph,gov.ph,Could not resolve host: henyo.fda.gov.ph,none
hinatuan.gov.ph,gov.ph,Could not resolve host: hinatuan.gov.ph,none
hinobaan.gov.ph,gov.ph,200,none
history.daet.gov.ph,gov.ph,Could not resolve host: history.daet.gov.ph,none
home.popcom.gov.ph,gov.ph,Could not resolve host: home.popcom.gov.ph,none
host.peace.gov.ph,gov.ph,Could not resolve host: host.peace.gov.ph,none
hosting.negros-occ.gov.ph,gov.ph,525,none
hotel.marikina.gov.ph,gov.ph,Could not resolve host: hotel.marikina.gov.ph,none
hotline.daet.gov.ph,gov.ph,Could not resolve host: hotline.daet.gov.ph,none
hret.gov.ph,gov.ph,200,none
hris-car.dilg.gov.ph,gov.ph,Could not resolve host: hris-car.dilg.gov.ph,none
hris-caraga.dilg.gov.ph,gov.ph,Could not resolve host: hris-caraga.dilg.gov.ph,none
hris-co.dilg.gov.ph,gov.ph,Could not resolve host: hris-co.dilg.gov.ph,none
hris-ncr.dilg.gov.ph,gov.ph,Could not resolve host: hris-ncr.dilg.gov.ph,none
hris-nir.dilg.gov.ph,gov.ph,Could not resolve host: hris-nir.dilg.gov.ph,none
hris-r01.dilg.gov.ph,gov.ph,Could not resolve host: hris-r01.dilg.gov.ph,none
hris-r02.dilg.gov.ph,gov.ph,Could not resolve host: hris-r02.dilg.gov.ph,none
hris-r03.dilg.gov.ph,gov.ph,Could not resolve host: hris-r03.dilg.gov.ph,none
hris-r05.dilg.gov.ph,gov.ph,Could not resolve host: hris-r05.dilg.gov.ph,none
hris-r06.dilg.gov.ph,gov.ph,Could not resolve host: hris-r06.dilg.gov.ph,none
hris-r07.dilg.gov.ph,gov.ph,Could not resolve host: hris-r07.dilg.gov.ph,none
hris-r08.dilg.gov.ph,gov.ph,Could not resolve host: hris-r08.dilg.gov.ph,none
hris-r09.dilg.gov.ph,gov.ph,Could not resolve host: hris-r09.dilg.gov.ph,none
hris-r10.dilg.gov.ph,gov.ph,Could not resolve host: hris-r10.dilg.gov.ph,none
hris-r11.dilg.gov.ph,gov.ph,Could not resolve host: hris-r11.dilg.gov.ph,none
hris-r12.dilg.gov.ph,gov.ph,Could not resolve host: hris-r12.dilg.gov.ph,none
hris-r4a.dilg.gov.ph,gov.ph,Could not resolve host: hris-r4a.dilg.gov.ph,none
hris-r4b.dilg.gov.ph,gov.ph,Could not resolve host: hris-r4b.dilg.gov.ph,none
hris.bohol.gov.ph,gov.ph,Connection timed out after 3001 milliseconds,none
hris.dilg.gov.ph,gov.ph,302,none
hrvclaimsboard.gov.ph,gov.ph,Could not resolve host: hrvclaimsboard.gov.ph,none
hungduan.gov.ph,gov.ph,403,none
i.gov.ph,gov.ph,Could not resolve host: i.gov.ph,20 mail2.asti.dost.gov.ph.; 10 ce-mail1.gov.ph.; 15 ce-mail2.gov.ph.; 25 mail.i.gov.ph.
icab.gov.ph,gov.ph,Resolving timed out after 3000 milliseconds,none
idp.apps.gov.ph,gov.ph,Connection timed out after 3001 milliseconds,none
iecep-iligan.balo-i.gov.ph,gov.ph,Connection timed out after 3001 milliseconds,none
igbaraswaterdistrict.gov.ph,gov.ph,Operation timed out after 3001 milliseconds with 0 bytes received,none
igbaraswaterdistrict.miagaowaterdistrict.gov.ph,gov.ph,Operation timed out after 3001 milliseconds with 0 bytes received,none
iligan.gov.ph,gov.ph,307,none
ilocosnorte.gov.ph,gov.ph,200,10 mx10.antispam.mailspamprotection.com.; 30 mx30.antispam.mailspamprotection.com.; 20 mx20.antispam.mailspamprotection.com.
ilsdole.gov.ph,gov.ph,Could not resolve host: ilsdole.gov.ph,none
imus.gov.ph,gov.ph,Could not resolve host: imus.gov.ph,none
inabanga.gov.ph,gov.ph,SSL: no alternative certificate subject name matches target hostname 'inabanga.gov.ph',none
inclusivebusiness.boi.gov.ph,gov.ph,Could not resolve host: inclusivebusiness.boi.gov.ph,none
infosys.doe.gov.ph,gov.ph,Could not resolve host: infosys.doe.gov.ph,none
insurance.gov.ph,gov.ph,301,0 insurance-gov-ph.mail.protection.outlook.com.
intranet.ppp.gov.ph,gov.ph,Resolving timed out after 3001 milliseconds,none
ipophil.gov.ph,gov.ph,308,none
iqwd.gov.ph,gov.ph,200,none
ireport.sec.gov.ph,gov.ph,Operation timed out after 3001 milliseconds with 0 bytes received,none
irispb.bsp.gov.ph,gov.ph,Could not resolve host: irispb.bsp.gov.ph,none
irsis.bir.gov.ph,gov.ph,Resolving timed out after 3001 milliseconds,none
isvs.dole.gov.ph,gov.ph,Could not resolve host: isvs.dole.gov.ph,none
itogon.gov.ph,gov.ph,Operation timed out after 3001 milliseconds with 0 bytes received,none
itsweb1.bir.gov.ph,gov.ph,Resolving timed out after 3000 milliseconds,none
janiuay.gov.ph,gov.ph,403,none
janiuaywaterdistrict.gov.ph,gov.ph,Operation timed out after 3001 milliseconds with 0 bytes received,none
janiuaywaterdistrict.miagaowaterdistrict.gov.ph,gov.ph,Operation timed out after 3000 milliseconds with 0 bytes received,none
jasaan.gov.ph,gov.ph,Could not resolve host: jasaan.gov.ph,none
jenkins.asti.dost.gov.ph,gov.ph,Connection timed out after 3002 milliseconds,none
jenkins.i.gov.ph,gov.ph,Connection timed out after 3002 milliseconds,none
jo.payroll.bohol.gov.ph,gov.ph,Connection timed out after 3002 milliseconds,none
jobs.dswd.gov.ph,gov.ph,Resolving timed out after 3000 milliseconds,none
jordanwaterdistrict.gov.ph,gov.ph,Operation timed out after 3002 milliseconds with 0 bytes received,none
jordanwaterdistrict.miagaowaterdistrict.gov.ph,gov.ph,Operation timed out after 3002 milliseconds with 0 bytes received,none
kabacan.gov.ph,gov.ph,SSL certificate problem: certificate has expired,0 kabacan.gov.ph.
kabankalanwater.gov.ph,gov.ph,200,none
kalahi2.dswd.gov.ph,gov.ph,Resolving timed out after 3000 milliseconds,none
kalayaanpalawan.gov.ph,gov.ph,200,none
kawit.gov.ph,gov.ph,Could not resolve host: kawit.gov.ph,none
kbase.asti.dost.gov.ph,gov.ph,Failed to connect to kbase.asti.dost.gov.ph port 443 after 596 ms: Could not connect to server,none
kbase2.asti.dost.gov.ph,gov.ph,Connection timed out after 3001 milliseconds,none
kidapawancity.gov.ph,gov.ph,200,none
km.fo4b.dswd.gov.ph,gov.ph,Resolving timed out after 3000 milliseconds,none
kmportal.dswd.gov.ph,gov.ph,Resolving timed out after 3000 milliseconds,none
koreo.asti.dost.gov.ph,gov.ph,Could not resolve host: koreo.asti.dost.gov.ph,none
koronadal.gov.ph,gov.ph,200,none
lacarlotacitywaterdistrict.gov.ph,gov.ph,200,none
lagakan.osdl.asti.dost.gov.ph,gov.ph,Connection timed out after 3000 milliseconds,none
laguna.gov.ph,gov.ph,403,none
lakesebu.gov.ph,gov.ph,Could not resolve host: lakesebu.gov.ph,none
lanaodelsur.gov.ph,gov.ph,Could not resolve host: lanaodelsur.gov.ph,none
lanuza.gov.ph,gov.ph,Could not resolve host: lanuza.gov.ph,none
latrinidad.gov.ph,gov.ph,SSL certificate problem: certificate has expired,none
lbp.bwsc.dole.gov.ph,gov.ph,Could not resolve host: lbp.bwsc.dole.gov.ph,none
lemerybatangas.gov.ph,gov.ph,TLS connect error: error:0A000126:SSL routines::unexpected eof while reading,5 alt1.aspmx.l.google.com.; 5 alt2.aspmx.l.google.com.; 1 aspmx.l.google.com.; 10 alt4.aspmx.l.google.com.; 10 alt3.aspmx.l.google.com.
lezo.gov.ph,gov.ph,200,none
lga.gov.ph,gov.ph,200,none
lgames.lga.gov.ph,gov.ph,200,none
lgoo.lga.gov.ph,gov.ph,SSL certificate problem: unable to get local issuer certificate,none
lgrc.lga.gov.ph,gov.ph,SSL certificate problem: unable to get local issuer certificate,none
lgu-santol.gov.ph,gov.ph,SSL: no alternative certificate subject name matches target hostname 'lgu-santol.gov.ph',none
lgukapalong.gov.ph,gov.ph,Could not resolve host: lgukapalong.gov.ph,none
lgumail.iligan.gov.ph,gov.ph,Could not resolve host: lgumail.iligan.gov.ph,none
lgupambujan.gov.ph,gov.ph,SSL certificate problem: certificate has expired,none
lguparanas.gov.ph,gov.ph,Could not resolve host: lguparanas.gov.ph,none
lian.gov.ph,gov.ph,Could not resolve host: lian.gov.ph,none
libon.gov.ph,gov.ph,Connection timed out after 3000 milliseconds,none
libungan.gov.ph,gov.ph,301,none
liliwlaguna.gov.ph,gov.ph,Could not resolve host: liliwlaguna.gov.ph,none
lis.deped.gov.ph,gov.ph,Could not resolve host: lis.deped.gov.ph,none
livelihood.dswd.gov.ph,gov.ph,Resolving timed out after 3001 milliseconds,none
lobocbohol.gov.ph,gov.ph,200,none
login.liham.gov.ph,gov.ph,Could not resolve host: login.liham.gov.ph,none
loon.gov.ph,gov.ph,301,none
lubuagan.gov.ph,gov.ph,SSL certificate problem: certificate has expired,none
luisianalaguna.gov.ph,gov.ph,Could not resolve host: luisianalaguna.gov.ph,none
lumc.gov.ph,gov.ph,SSL: no alternative certificate subject name matches target hostname 'lumc.gov.ph',none
lunaapayao.gov.ph,gov.ph,200,5 mx1.hostinger.ph.; 10 mx2.hostinger.ph.
lupon.gov.ph,gov.ph,Could not resolve host: lupon.gov.ph,30 mx30.antispam.mailspamprotection.com.; 20 mx20.antispam.mailspamprotection.com.; 10 mx10.antispam.mailspamprotection.com.
lupon.osdl.asti.dost.gov.ph,gov.ph,Resolving timed out after 3001 milliseconds,none
luponwd.gov.ph,gov.ph,Operation timed out after 3001 milliseconds with 0 bytes received,none
lutayan.gov.ph,gov.ph,Could not resolve host: lutayan.gov.ph,none
lync1.doj.gov.ph,gov.ph,Could not resolve host: lync1.doj.gov.ph,none
lyncweb.doj.gov.ph,gov.ph,Could not resolve host: lyncweb.doj.gov.ph,none
mail.alegriacebu.gov.ph,gov.ph,Could not resolve host: mail.alegriacebu.gov.ph,none
mail.aleosan.gov.ph,gov.ph,SSL: no alternative certificate subject name matches target hostname 'mail.aleosan.gov.ph',none
mail.alimodianwd.gov.ph,gov.ph,Operation timed out after 3002 milliseconds with 0 bytes received,none
mail.alubijidmisor.gov.ph,gov.ph,Could not resolve host: mail.alubijidmisor.gov.ph,0 mail.alubijidmisor.gov.ph.
mail.antique.gov.ph,gov.ph,Could not resolve host: mail.antique.gov.ph,none
mail.aringay.gov.ph,gov.ph,Could not resolve host: mail.aringay.gov.ph,none
mail.asunciondavnor.gov.ph,gov.ph,Could not resolve host: mail.asunciondavnor.gov.ph,none
mail.bacnotan.gov.ph,gov.ph,SSL: no alternative certificate subject name matches target hostname 'mail.bacnotan.gov.ph',none
mail.baganga.gov.ph,gov.ph,Could not resolve host: mail.baganga.gov.ph,none
mail.baguio.gov.ph,gov.ph,SSL certificate problem: self-signed certificate,none
mail.baguiowaterdistrict.gov.ph,gov.ph,Could not resolve host: mail.baguiowaterdistrict.gov.ph,none
mail.balambancebu.gov.ph,gov.ph,SSL: no alternative certificate subject name matches target hostname 'mail.balambancebu.gov.ph',none
mail.balangawater.gov.ph,gov.ph,SSL: no alternative certificate subject name matches target hostname 'mail.balangawater.gov.ph',none
mail.balaoanwaterdistrict.gov.ph,gov.ph,Could not resolve host: mail.balaoanwaterdistrict.gov.ph,none
mail.balo-i.gov.ph,gov.ph,Connection timed out after 3002 milliseconds,none
mail.banaue.gov.ph,gov.ph,Resolving timed out after 3000 milliseconds,none
mail.batac.gov.ph,gov.ph,200,none
mail.benguet.gov.ph,gov.ph,Could not resolve host: mail.benguet.gov.ph,none
mail.bjmp.gov.ph,gov.ph,403,none
mail.blog.mlang.gov.ph,gov.ph,Could not resolve host: mail.blog.mlang.gov.ph,none
mail.bongaomunicipal.gov.ph,gov.ph,Could not resolve host: mail.bongaomunicipal.gov.ph,none
mail.braulioedujali.gov.ph,gov.ph,301,none
mail.bswm.da.gov.ph,gov.ph,Resolving timed out after 3000 milliseconds,none
mail.bugasongwd.gov.ph,gov.ph,Operation timed out after 3000 milliseconds with 0 bytes received,none
mail.bulusan.gov.ph,gov.ph,Could not resolve host: mail.bulusan.gov.ph,none
mail.cab.gov.ph,gov.ph,200,none
mail.cabatuan-isabela.gov.ph,gov.ph,Could not resolve host: mail.cabatuan-isabela.gov.ph,none
mail.cagayandeoro.gov.ph,gov.ph,Operation timed out after 3002 milliseconds with 0 bytes received,none
mail.cagwait.gov.ph,gov.ph,Could not resolve host: mail.cagwait.gov.ph,none
mail.calinogwaterdistrict.gov.ph,gov.ph,Operation timed out after 3000 milliseconds with 0 bytes received,0 calinogwaterdistrict.gov.ph.
mail.calumpit.gov.ph,gov.ph,Could not resolve host: mail.calumpit.gov.ph,none
mail.canaman.gov.ph,gov.ph,Could not resolve host: mail.canaman.gov.ph,none
mail.capiz.gov.ph,gov.ph,Could not resolve host: mail.capiz.gov.ph,none
mail.cardonarizal.gov.ph,gov.ph,301,none
mail.catbaloganwd.gov.ph,gov.ph,Could not resolve host: mail.catbaloganwd.gov.ph,none
mail.cawadi.gov.ph,gov.ph,Operation timed out after 3000 milliseconds with 0 bytes received,0 cawadi.gov.ph.
mail.ccwd.gov.ph,gov.ph,Could not resolve host: mail.ccwd.gov.ph,none
mail.cebucity.gov.ph,gov.ph,Could not resolve host: mail.cebucity.gov.ph,none
mail.cityofmeycauayanbulacan.gov.ph,gov.ph,Could not resolve host: mail.cityofmeycauayanbulacan.gov.ph,none
mail.culasiwd.gov.ph,gov.ph,Operation timed out after 3000 milliseconds with 0 bytes received,none
mail.cwc.gov.ph,gov.ph,Resolving timed out after 3001 milliseconds,none
mail.daet.gov.ph,gov.ph,Could not resolve host: mail.daet.gov.ph,none
mail.dalaguetewaterdistrict.gov.ph,gov.ph,Could not resolve host: mail.dalaguetewaterdistrict.gov.ph,none
mail.dfa.gov.ph,gov.ph,Could not resolve host: mail.dfa.gov.ph,none
mail.didp.gov.ph,gov.ph,Could not resolve host: mail.didp.gov.ph,none
mail.dinagat.gov.ph,gov.ph,Could not resolve host: mail.dinagat.gov.ph,none
mail.dinagatislands.gov.ph,gov.ph,Could not resolve host: mail.dinagatislands.gov.ph,none
mail.dinglepototanwd.gov.ph,gov.ph,Operation timed out after 3000 milliseconds with 0 bytes received,none
mail.doe.gov.ph,gov.ph,Could not resolve host: mail.doe.gov.ph,none
mail.dole.gov.ph,gov.ph,403,none
mail.doncarlos.gov.ph,gov.ph,Could not resolve host: mail.doncarlos.gov.ph,none
mail.donsalvadorbenedicto.gov.ph,gov.ph,Could not resolve host: mail.donsalvadorbenedicto.gov.ph,none
mail.dot.armm.gov.ph,gov.ph,Could not resolve host: mail.dot.armm.gov.ph,none
mail.dotcmrt3.gov.ph,gov.ph,Could not resolve host: mail.dotcmrt3.gov.ph,none
mail.drhtagum.gov.ph,gov.ph,Could not resolve host: mail.drhtagum.gov.ph,none
mail.duenaswaterdistrict.gov.ph,gov.ph,Could not resolve host: mail.duenaswaterdistrict.gov.ph,none
mail.dumalagwaterdistrict.gov.ph,gov.ph,Could not resolve host: mail.dumalagwaterdistrict.gov.ph,none
mail.dumanjug.gov.ph,gov.ph,200,0 dumanjug.gov.ph.
mail.ecenter.mlang.gov.ph,gov.ph,Could not resolve host: mail.ecenter.mlang.gov.ph,none
mail.eregulations.gov.ph,gov.ph,Could not resolve host: mail.eregulations.gov.ph,none
mail.farmersguidemap.gov.ph,gov.ph,Resolving timed out after 3000 milliseconds,none
mail.fda.gov.ph,gov.ph,Could not resolve host: mail.fda.gov.ph,none
mail.generalnakar.gov.ph,gov.ph,Could not resolve host: mail.generalnakar.gov.ph,none
mail.generaltrias.gov.ph,gov.ph,Operation timed out after 3001 milliseconds with 0 bytes received,none
mail.gingoog.gov.ph,gov.ph,Could not resolve host: mail.gingoog.gov.ph,none
mail.guimbawaterdistrict.gov.ph,gov.ph,Resolving timed out after 3000 milliseconds,none
mail.hdprc.gov.ph,gov.ph,Resolving timed out after 3000 milliseconds,none
mail.hinatuan.gov.ph,gov.ph,Could not resolve host: mail.hinatuan.gov.ph,none
mail.hinobaan.gov.ph,gov.ph,Could not resolve host: mail.hinobaan.gov.ph,none
mail.hrvclaimsboard.gov.ph,gov.ph,Could not resolve host: mail.hrvclaimsboard.gov.ph,none
mail.hungduan.gov.ph,gov.ph,Could not resolve host: mail.hungduan.gov.ph,none
mail.igbaraswaterdistrict.gov.ph,gov.ph,Operation timed out after 3002 milliseconds with 0 bytes received,none
mail.iligan.gov.ph,gov.ph,Could not resolve host: mail.iligan.gov.ph,none
mail.imus.gov.ph,gov.ph,Could not resolve host: mail.imus.gov.ph,none
mail.ipophil.gov.ph,gov.ph,Operation timed out after 3001 milliseconds with 0 bytes received,none
mail.iqwd.gov.ph,gov.ph,SSL: no alternative certificate subject name matches target hostname 'mail.iqwd.gov.ph',none
mail.itogon.gov.ph,gov.ph,Could not resolve host: mail.itogon.gov.ph,none
mail.janiuaywaterdistrict.gov.ph,gov.ph,Operation timed out after 3001 milliseconds with 0 bytes received,0 janiuaywaterdistrict.gov.ph.
mail.jasaan.gov.ph,gov.ph,Could not resolve host: mail.jasaan.gov.ph,none
mail.jordanwaterdistrict.gov.ph,gov.ph,Operation timed out after 3001 milliseconds with 0 bytes received,none
mail.kabacan.gov.ph,gov.ph,Could not resolve host: mail.kabacan.gov.ph,0 kabacan.gov.ph.
mail.kabankalanwater.gov.ph,gov.ph,200,none
mail.kalayaanpalawan.gov.ph,gov.ph,Failed to connect to mail.kalayaanpalawan.gov.ph port 443 after 222 ms: Could not connect to server,none
mail.kawit.gov.ph,gov.ph,Could not resolve host: mail.kawit.gov.ph,none
mail.kidapawancity.gov.ph,gov.ph,Connection timed out after 3002 milliseconds,none
mail.lacarlotacitywaterdistrict.gov.ph,gov.ph,Could not resolve host: mail.lacarlotacitywaterdistrict.gov.ph,0 lacarlotacitywaterdistrict.gov.ph.
mail.lakesebu.gov.ph,gov.ph,Could not resolve host: mail.lakesebu.gov.ph,none
mail.lanuza.gov.ph,gov.ph,Could not resolve host: mail.lanuza.gov.ph,none
mail.latrinidad.gov.ph,gov.ph,SSL certificate problem: certificate has expired,none
mail.lgu-santol.gov.ph,gov.ph,SSL: no alternative certificate subject name matches target hostname 'mail.lgu-santol.gov.ph',none
mail.lgukapalong.gov.ph,gov.ph,Could not resolve host: mail.lgukapalong.gov.ph,none
mail.lgupambujan.gov.ph,gov.ph,SSL certificate problem: certificate has expired,none
mail.lian.gov.ph,gov.ph,Could not resolve host: mail.lian.gov.ph,none
mail.libon.gov.ph,gov.ph,Connection timed out after 3001 milliseconds,none
mail.libungan.gov.ph,gov.ph,SSL: no alternative certificate subject name matches target hostname 'mail.libungan.gov.ph',none
mail.liliwlaguna.gov.ph,gov.ph,Could not resolve host: mail.liliwlaguna.gov.ph,none
mail.lobocbohol.gov.ph,gov.ph,200,none
mail.loon.gov.ph,gov.ph,403,none
mail.lubuagan.gov.ph,gov.ph,SSL certificate problem: certificate has expired,0 lubuagan.gov.ph.
mail.luisianalaguna.gov.ph,gov.ph,Could not resolve host: mail.luisianalaguna.gov.ph,none
mail.lumc.gov.ph,gov.ph,Could not resolve host: mail.lumc.gov.ph,none
mail.lunaapayao.gov.ph,gov.ph,Could not resolve host: mail.lunaapayao.gov.ph,none
mail.luponwd.gov.ph,gov.ph,Operation timed out after 3000 milliseconds with 0 bytes received,none
mail.lutayan.gov.ph,gov.ph,Could not resolve host: mail.lutayan.gov.ph,none
mail.malacanang.gov.ph,gov.ph,Could not resolve host: mail.malacanang.gov.ph,none
mail.marikina.gov.ph,gov.ph,200,none
mail.marinduque.gov.ph,gov.ph,Could not resolve host: mail.marinduque.gov.ph,none
mail.mati.gov.ph,gov.ph,301,none
mail.mcwd.gov.ph,gov.ph,302,none
mail.metrocarigarawd.gov.ph,gov.ph,Could not resolve host: mail.metrocarigarawd.gov.ph,none
mail.metrocotabatowd.gov.ph,gov.ph,Operation timed out after 3001 milliseconds with 0 bytes received,none
mail.metrolipawd.gov.ph,gov.ph,200,none
mail.metroviganwd.gov.ph,gov.ph,Could not resolve host: mail.metroviganwd.gov.ph,none
mail.miagao.gov.ph,gov.ph,Could not resolve host: mail.miagao.gov.ph,none
mail.miagaowaterdistrict.gov.ph,gov.ph,Operation timed out after 3001 milliseconds with 0 bytes received,none
mail.midsayap.gov.ph,gov.ph,Could not resolve host: mail.midsayap.gov.ph,none
mail.miwd.gov.ph,gov.ph,200,none
mail.mlang.gov.ph,gov.ph,SSL certificate problem: certificate has expired,none
mail.mmh.gov.ph,gov.ph,Could not resolve host: mail.mmh.gov.ph,none
mail.mnwd.gov.ph,gov.ph,200,none
mail.msfwd.gov.ph,gov.ph,SSL: no alternative certificate subject name matches target hostname 'mail.msfwd.gov.ph',none
mail.municipalityofbulakan.gov.ph,gov.ph,Could not resolve host: mail.municipalityofbulakan.gov.ph,none
mail.munozwaterdistrict.gov.ph,gov.ph,200,none
mail.nabunturan.gov.ph,gov.ph,200,none
mail.naguilianlu.gov.ph,gov.ph,Could not resolve host: mail.naguilianlu.gov.ph,none
mail.nbdb.gov.ph,gov.ph,Could not resolve host: mail.nbdb.gov.ph,none
mail.ncwd.gov.ph,gov.ph,Could not resolve host: mail.ncwd.gov.ph,none
mail.ndc.gov.ph,gov.ph,Could not resolve host: mail.ndc.gov.ph,none
mail.newcorella.gov.ph,gov.ph,Could not resolve host: mail.newcorella.gov.ph,none
mail.nml.gov.ph,gov.ph,SSL certificate problem: certificate has expired,none
mail.olongapocity.gov.ph,gov.ph,Could not resolve host: mail.olongapocity.gov.ph,none
mail.omb.gov.ph,gov.ph,Could not resolve host: mail.omb.gov.ph,none
mail.opolmisor.gov.ph,gov.ph,526,none
mail.palawan.gov.ph,gov.ph,Could not resolve host: mail.palawan.gov.ph,none
mail.palayancity.gov.ph,gov.ph,Could not resolve host: mail.palayancity.gov.ph,none
mail.pandan-antique.gov.ph,gov.ph,Could not resolve host: mail.pandan-antique.gov.ph,none
mail.pangasinan.gov.ph,gov.ph,Could not resolve host: mail.pangasinan.gov.ph,none
mail.paniqui.gov.ph,gov.ph,Could not resolve host: mail.paniqui.gov.ph,none
mail.patnanungan.gov.ph,gov.ph,Could not resolve host: mail.patnanungan.gov.ph,none
mail.patnongonwd.gov.ph,gov.ph,Operation timed out after 3000 milliseconds with 0 bytes received,none
mail.pcsd.gov.ph,gov.ph,Could not resolve host: mail.pcsd.gov.ph,none
mail.pcso.gov.ph,gov.ph,Connection timed out after 3001 milliseconds,none
mail.pdgcc.gov.ph,gov.ph,Could not resolve host: mail.pdgcc.gov.ph,none
mail.pdic.gov.ph,gov.ph,Resolving timed out after 3001 milliseconds,none
mail.philhealth.gov.ph,gov.ph,Resolving timed out after 3001 milliseconds,none
mail.philsucor.gov.ph,gov.ph,Connection timed out after 3002 milliseconds,none
mail.pia.gov.ph,gov.ph,TLS connect error: error:0A000126:SSL routines::unexpected eof while reading,none
mail.pids.gov.ph,gov.ph,Resolving timed out after 3001 milliseconds,none
mail.pikit.gov.ph,gov.ph,Could not resolve host: mail.pikit.gov.ph,none
mail.pinili.gov.ph,gov.ph,Could not resolve host: mail.pinili.gov.ph,none
mail.popcom.gov.ph,gov.ph,Could not resolve host: mail.popcom.gov.ph,none
mail.rizalkalinga.gov.ph,gov.ph,Could not resolve host: mail.rizalkalinga.gov.ph,none
mail.roxascity.gov.ph,gov.ph,Could not resolve host: mail.roxascity.gov.ph,none
mail.rtradn.gov.ph,gov.ph,Could not resolve host: mail.rtradn.gov.ph,none
mail.sanjoaquinwd.gov.ph,gov.ph,Operation timed out after 3002 milliseconds with 0 bytes received,none
mail.sanjoseantique.gov.ph,gov.ph,Could not resolve host: mail.sanjoseantique.gov.ph,none
mail.sanjosedi.gov.ph,gov.ph,Could not resolve host: mail.sanjosedi.gov.ph,none
mail.sanjuancity.gov.ph,gov.ph,Connection timed out after 3001 milliseconds,none
mail.sannicolasilocosnorte.gov.ph,gov.ph,Resolving timed out after 3000 milliseconds,none
mail.sanrafael.gov.ph,gov.ph,Could not resolve host: mail.sanrafael.gov.ph,none
mail.santarosacity.gov.ph,gov.ph,Could not resolve host: mail.santarosacity.gov.ph,none
mail.santotomas.gov.ph,gov.ph,Could not resolve host: mail.santotomas.gov.ph,none
mail.sibalomwd.gov.ph,gov.ph,Could not resolve host: mail.sibalomwd.gov.ph,none
mail.silang.gov.ph,gov.ph,Could not resolve host: mail.silang.gov.ph,none
mail.sogodwd.gov.ph,gov.ph,Could not resolve host: mail.sogodwd.gov.ph,none
mail.spda.gov.ph,gov.ph,301,0 spda.gov.ph.
mail.sra.gov.ph,gov.ph,301,none
mail.sss.gov.ph,gov.ph,Resolving timed out after 3001 milliseconds,none
mail.stacruz-is.gov.ph,gov.ph,Could not resolve host: mail.stacruz-is.gov.ph,none
mail.stacruz.gov.ph,gov.ph,301,none
mail.stotomas.gov.ph,gov.ph,Could not resolve host: mail.stotomas.gov.ph,none
mail.stotomaspangwd.gov.ph,gov.ph,Operation timed out after 3000 milliseconds with 0 bytes received,none
mail.tacurong.gov.ph,gov.ph,Could not resolve host: mail.tacurong.gov.ph,none
mail.talaingod.gov.ph,gov.ph,Could not resolve host: mail.talaingod.gov.ph,none
mail.talibon-bohol.gov.ph,gov.ph,Could not resolve host: mail.talibon-bohol.gov.ph,none
mail.talibonwd.gov.ph,gov.ph,Could not resolve host: mail.talibonwd.gov.ph,none
mail.tanaywaterdistrict.gov.ph,gov.ph,200,0 tanaywaterdistrict.gov.ph.
mail.taraka.gov.ph,gov.ph,Could not resolve host: mail.taraka.gov.ph,none
mail.teresarizal.gov.ph,gov.ph,Could not resolve host: mail.teresarizal.gov.ph,none
mail.tinambac.gov.ph,gov.ph,200,none
mail.torrijosmarinduque.gov.ph,gov.ph,Could not resolve host: mail.torrijosmarinduque.gov.ph,none
mail.tourism.mlang.gov.ph,gov.ph,Could not resolve host: mail.tourism.mlang.gov.ph,none
mail.tuba.gov.ph,gov.ph,301,none
mail.tublay.gov.ph,gov.ph,Could not resolve host: mail.tublay.gov.ph,none
mail.unesco.gov.ph,gov.ph,Could not resolve host: mail.unesco.gov.ph,0 unesco.gov.ph.
mail.valladolid.gov.ph,gov.ph,Could not resolve host: mail.valladolid.gov.ph,none
mail.villasis.gov.ph,gov.ph,SSL certificate problem: self-signed certificate,none
mail.zarragawaterdistrict.gov.ph,gov.ph,Could not resolve host: mail.zarragawaterdistrict.gov.ph,none
mailer.doj.gov.ph,gov.ph,Could not resolve host: mailer.doj.gov.ph,none
mailsvr03.doe.gov.ph,gov.ph,Could not resolve host: mailsvr03.doe.gov.ph,none
malacanang.gov.ph,gov.ph,Connection timed out after 3001 milliseconds,none
manay.gov.ph,gov.ph,Operation timed out after 3002 milliseconds with 0 bytes received,none
map.daet.gov.ph,gov.ph,Could not resolve host: map.daet.gov.ph,none
marikina.gov.ph,gov.ph,200,none
marinduque.gov.ph,gov.ph,403,none
marivelesbataan.gov.ph,gov.ph,200,none
mati.gov.ph,gov.ph,301,none
mayantoc.gov.ph,gov.ph,302,10 server-cpanel01.itx.ph.
mcwd.gov.ph,gov.ph,302,none
mempc.dotcmrt3.gov.ph,gov.ph,Could not resolve host: mempc.dotcmrt3.gov.ph,none
meteopilipinas.gov.ph,gov.ph,Resolving timed out after 3001 milliseconds,10 81d70ff624082e46cb96ec3dc50f33.pamx1.hotmail.com.
metrocarigarawd.gov.ph,gov.ph,403,none
metrocotabatowd.gov.ph,gov.ph,Operation timed out after 3000 milliseconds with 0 bytes received,none
metrolipawd.gov.ph,gov.ph,200,0 metrolipawd.gov.ph.
metroroxaswd.gov.ph,gov.ph,403,none
metroviganwd.gov.ph,gov.ph,Operation timed out after 3001 milliseconds with 0 bytes received,none
miagaowaterdistrict.gov.ph,gov.ph,Operation timed out after 3000 milliseconds with 0 bytes received,none
midsayap.gov.ph,gov.ph,301,none
minda.gov.ph,gov.ph,403,none
mingle.oneexpert.gov.ph,gov.ph,Could not resolve host: mingle.oneexpert.gov.ph,none
mis.dotcmrt3.gov.ph,gov.ph,Could not resolve host: mis.dotcmrt3.gov.ph,none
miwd.gov.ph,gov.ph,200,none
mlang.gov.ph,gov.ph,SSL certificate problem: certificate has expired,none
mmh.gov.ph,gov.ph,Could not resolve host: mmh.gov.ph,none
mnwd.gov.ph,gov.ph,301,none
mobile.mcwd.gov.ph,gov.ph,Could not resolve host: mobile.mcwd.gov.ph,none
monitor.lga.gov.ph,gov.ph,Could not resolve host: monitor.lga.gov.ph,none
mos.bsp.gov.ph,gov.ph,Could not resolve host: mos.bsp.gov.ph,none
mountainprovince.gov.ph,gov.ph,SSL certificate problem: self-signed certificate,0 mail.mountainprovince.gov.ph.
mric.gov.ph,gov.ph,Resolving timed out after 3001 milliseconds,none
mros.bir.gov.ph,gov.ph,Resolving timed out after 3001 milliseconds,none
msfwd.gov.ph,gov.ph,406,10 mail.msfwd.gov.ph.
municipalityofbulakan.gov.ph,gov.ph,Could not resolve host: municipalityofbulakan.gov.ph,none
munozwaterdistrict.gov.ph,gov.ph,200,none
mwss.gov.ph,gov.ph,Could not resolve host: mwss.gov.ph,none
my.bir.gov.ph,gov.ph,Resolving timed out after 3000 milliseconds,none
mymail.treasury.gov.ph,gov.ph,Could not resolve host: mymail.treasury.gov.ph,none
nabunturan.gov.ph,gov.ph,200,none
naguilianlu.gov.ph,gov.ph,200,none
napolcom.gov.ph,gov.ph,403,none
nationalmuseum.gov.ph,gov.ph,Connection timed out after 3002 milliseconds,none
naujan.gov.ph,gov.ph,Resolving timed out after 3000 milliseconds,none
nbdb.gov.ph,gov.ph,Could not resolve host: nbdb.gov.ph,none
nbi.gov.ph,gov.ph,TLS connect error: error:0A0000C6:SSL routines::packet length too long,none
ncc.gov.ph,gov.ph,Resolving timed out after 3000 milliseconds,none
ncmrs.dict.gov.ph,gov.ph,Could not resolve host: ncmrs.dict.gov.ph,none
ncwd.gov.ph,gov.ph,Could not resolve host: ncwd.gov.ph,none
ndc.gov.ph,gov.ph,301,none
ndcsvr.ndc.gov.ph,gov.ph,Could not resolve host: ndcsvr.ndc.gov.ph,none
negros-occ.gov.ph,gov.ph,301,none
neo.lga.gov.ph,gov.ph,SSL certificate problem: certificate has expired,10 mxb.mailgun.org.; 10 mxa.mailgun.org.
new.bohol.gov.ph,gov.ph,Connection timed out after 3002 milliseconds,none
newcorella.gov.ph,gov.ph,Could not resolve host: newcorella.gov.ph,10 mx2.hostinger.com.; 5 mx1.hostinger.com.
news.oneexpert.gov.ph,gov.ph,403,none
nica.gov.ph,gov.ph,403,none
nml.gov.ph,gov.ph,SSL certificate problem: certificate has expired,none
noah-wise.dost.gov.ph,gov.ph,Connection timed out after 3001 milliseconds,none
norwd.gov.ph,gov.ph,301,none
now.minda.gov.ph,gov.ph,403,none
npdc.gov.ph,gov.ph,Could not resolve host: npdc.gov.ph,none
nsw.gov.ph,gov.ph,SSL certificate problem: unable to get local issuer certificate,none
ntc.gov.ph,gov.ph,403,none
ocdms.lga.gov.ph,gov.ph,SSL certificate problem: certificate has expired,none
ofis.gov.ph,gov.ph,Connection timed out after 3000 milliseconds,none
old.naguilianlu.gov.ph,gov.ph,Could not resolve host: old.naguilianlu.gov.ph,none
olongapocity.gov.ph,gov.ph,200,0 olongapocity-gov-ph.mail.protection.outlook.com.
omb.gov.ph,gov.ph,Connection timed out after 3002 milliseconds,none
oneexpert.gov.ph,gov.ph,403,none
onemap.marikina.gov.ph,gov.ph,Could not resolve host: onemap.marikina.gov.ph,none
op-proper.gov.ph,gov.ph,403,none
openproject.apps.gov.ph,gov.ph,Could not resolve host: openproject.apps.gov.ph,none
openproject.asti.dost.gov.ph,gov.ph,Connection timed out after 3000 milliseconds,none
opolmisor.gov.ph,gov.ph,200,none
orbs.bsp.gov.ph,gov.ph,Connection timed out after 3002 milliseconds,none
osdl.asti.dost.gov.ph,gov.ph,Resolving timed out after 3000 milliseconds,none
outlook.doj.gov.ph,gov.ph,Could not resolve host: outlook.doj.gov.ph,none
owa.dfa.gov.ph,gov.ph,Could not resolve host: owa.dfa.gov.ph,none
owa.doe.gov.ph,gov.ph,Could not resolve host: owa.doe.gov.ph,none
owa.malacanang.gov.ph,gov.ph,Could not resolve host: owa.malacanang.gov.ph,none
owa.pcso.gov.ph,gov.ph,Could not resolve host: owa.pcso.gov.ph,none
owa.philhealth.gov.ph,gov.ph,Resolving timed out after 3000 milliseconds,none
owncloud.pcieerd.dost.gov.ph,gov.ph,Could not resolve host: owncloud.pcieerd.dost.gov.ph,none
paco.npdc.gov.ph,gov.ph,Could not resolve host: paco.npdc.gov.ph,none
paete.gov.ph,gov.ph,200,none
pagasa.dost.gov.ph,gov.ph,200,none
pagsanjan.gov.ph,gov.ph,Could not resolve host: pagsanjan.gov.ph,none
pakete.asti.dost.gov.ph,gov.ph,SSL: no alternative certificate subject name matches target hostname 'pakete.asti.dost.gov.ph',none
palawan.gov.ph,gov.ph,200,none
palayancity.gov.ph,gov.ph,Could not resolve host: palayancity.gov.ph,none
panabocity.gov.ph,gov.ph,405,10 mail.panabocity.gov.ph.
pandan-antique.gov.ph,gov.ph,403,none
pangasinan.gov.ph,gov.ph,301,none
paniqui.gov.ph,gov.ph,Could not resolve host: paniqui.gov.ph,none
parker.i.gov.ph,gov.ph,Connection timed out after 3001 milliseconds,none
pasigcity.gov.ph,gov.ph,Resolving timed out after 3000 milliseconds,none
passport.gov.ph,gov.ph,Could not resolve host: passport.gov.ph,none
pastmayors.daet.gov.ph,gov.ph,Could not resolve host: pastmayors.daet.gov.ph,none
patnanungan.gov.ph,gov.ph,Could not resolve host: patnanungan.gov.ph,none
patnongonwd.gov.ph,gov.ph,Operation timed out after 3002 milliseconds with 0 bytes received,none
patnongonwdnew.miagaowaterdistrict.gov.ph,gov.ph,Operation timed out after 3002 milliseconds with 0 bytes received,none
payment.cfo.gov.ph,gov.ph,Could not resolve host: payment.cfo.gov.ph,none
payment.loon.gov.ph,gov.ph,Could not resolve host: payment.loon.gov.ph,none
payroll.bohol.gov.ph,gov.ph,Connection timed out after 3002 milliseconds,none
pb.bsp.gov.ph,gov.ph,Could not resolve host: pb.bsp.gov.ph,none
pcdspo.gov.ph,gov.ph,Operation timed out after 3001 milliseconds with 0 bytes received,none
pco.gov.ph,gov.ph,403,none
pcsd.gov.ph,gov.ph,Could not resolve host: pcsd.gov.ph,none
pcso.gov.ph,gov.ph,403,none
pdgcc.gov.ph,gov.ph,200,none
pdmu.region9.dilg.gov.ph,gov.ph,Could not resolve host: pdmu.region9.dilg.gov.ph,none
pdts.philrice.gov.ph,gov.ph,404,none
peace.gov.ph,gov.ph,200,none
peza.gov.ph,gov.ph,Could not resolve host: peza.gov.ph,none
philgeps.gov.ph,gov.ph,Operation timed out after 3002 milliseconds with 0 bytes received,none
philhealth.gov.ph,gov.ph,Resolving timed out after 3001 milliseconds,none
philjobnet.gov.ph,gov.ph,Resolving timed out after 3001 milliseconds,none
philsucor.gov.ph,gov.ph,Connection timed out after 3002 milliseconds,0 philsucor.gov.ph.
phlpost.gov.ph,gov.ph,Could not resolve host: phlpost.gov.ph,none
pikit.gov.ph,gov.ph,200,none
pinili.gov.ph,gov.ph,Could not resolve host: pinili.gov.ph,none
pis.coa.gov.ph,gov.ph,Could not resolve host: pis.coa.gov.ph,none
pkp.pcsd.gov.ph,gov.ph,200,none
pmms.loon.gov.ph,gov.ph,Operation timed out after 3002 milliseconds with 0 bytes received,none
pnp.gov.ph,gov.ph,403,none
popcom.gov.ph,gov.ph,Could not resolve host: popcom.gov.ph,none
portal.gov.ph,gov.ph,503,none
portal.irsis.bir.gov.ph,gov.ph,Resolving timed out after 3000 milliseconds,none
portal.mwss.gov.ph,gov.ph,Could not resolve host: portal.mwss.gov.ph,none
portal.rruc.armm.gov.ph,gov.ph,Could not resolve host: portal.rruc.armm.gov.ph,none
ppp.gov.ph,gov.ph,Resolving timed out after 3000 milliseconds,none
president.gov.ph,gov.ph,403,none
preview.philgeps.gov.ph,gov.ph,Could not resolve host: preview.philgeps.gov.ph,none
previewlogin.philgeps.gov.ph,gov.ph,Could not resolve host: previewlogin.philgeps.gov.ph,none
privacy.gov.ph,gov.ph,403,none
prmf.lga.gov.ph,gov.ph,Could not resolve host: prmf.lga.gov.ph,none
pro3vps.pnp.gov.ph,gov.ph,Could not resolve host: pro3vps.pnp.gov.ph,none
pro4a.pnp.gov.ph,gov.ph,403,0 _dc-mx.20e8faf35bd3.pro4a.pnp.gov.ph.
projects.i.gov.ph,gov.ph,Could not resolve host: projects.i.gov.ph,none
psc.gov.ph,gov.ph,301,none
pulsesurvey.philrice.gov.ph,gov.ph,Could not resolve host: pulsesurvey.philrice.gov.ph,none
ray.dilg.gov.ph,gov.ph,Could not resolve host: ray.dilg.gov.ph,none
reasontoinvest.daet.gov.ph,gov.ph,Could not resolve host: reasontoinvest.daet.gov.ph,none
reconcile.bohol.gov.ph,gov.ph,Connection timed out after 3001 milliseconds,none
redmine.asti.dost.gov.ph,gov.ph,Connection timed out after 3002 milliseconds,none
redmine.icto.dost.gov.ph,gov.ph,Resolving timed out after 3000 milliseconds,dig error
redmine.noah.dost.gov.ph,gov.ph,Could not resolve host: redmine.noah.dost.gov.ph,none
redmine.nstw.dost.gov.ph,gov.ph,Could not resolve host: redmine.nstw.dost.gov.ph,none
reg.eserbisyo.gov.ph,gov.ph,Resolving timed out after 3000 milliseconds,dig error
region3.ntc.gov.ph,gov.ph,403,none
registry-sandbox.apps.gov.ph,gov.ph,Connection timed out after 3002 milliseconds,none
registry.apps.gov.ph,gov.ph,Could not resolve host: registry.apps.gov.ph,none
registry.jjwc.gov.ph,gov.ph,Resolving timed out after 3000 milliseconds,none
repo.asti.dost.gov.ph,gov.ph,Connection timed out after 3001 milliseconds,none
repo.asti.gov.ph,gov.ph,Connection timed out after 3000 milliseconds,none
resppec.dswd.gov.ph,gov.ph,Resolving timed out after 3000 milliseconds,none
rgims.dswd.gov.ph,gov.ph,Connection timed out after 3000 milliseconds,none
rizal.npdc.gov.ph,gov.ph,Connection timed out after 3001 milliseconds,none
rizalkalinga.gov.ph,gov.ph,Could not resolve host: rizalkalinga.gov.ph,none
ro1.csc.gov.ph,gov.ph,Could not resolve host: ro1.csc.gov.ph,none
roadsafety.gov.ph,gov.ph,Could not resolve host: roadsafety.gov.ph,none
roxascity.gov.ph,gov.ph,Could not resolve host: roxascity.gov.ph,none
rptonline.paranaque.gov.ph,gov.ph,Could not resolve host: rptonline.paranaque.gov.ph,none
rtradn.gov.ph,gov.ph,200,none
sablayanwaterdistrict.gov.ph,gov.ph,200,none
samalcity.gov.ph,gov.ph,200,none
sanandres.catanduanes.gov.ph,gov.ph,Could not resolve host: sanandres.catanduanes.gov.ph,none
sanjoaquinwd.gov.ph,gov.ph,Operation timed out after 3001 milliseconds with 0 bytes received,none
sanjoaquinwd.miagaowaterdistrict.gov.ph,gov.ph,Could not resolve host: sanjoaquinwd.miagaowaterdistrict.gov.ph,none
sanjoseantique.gov.ph,gov.ph,Could not resolve host: sanjoseantique.gov.ph,none
sanjosedi.gov.ph,gov.ph,403,none
sanjuancity.gov.ph,gov.ph,200,none
sanjuanwaterdistrict.gov.ph,gov.ph,403,none
sanmanuelwaterdistrict.gov.ph,gov.ph,200,0 sanmanuelwaterdistrict.gov.ph.
sannicolasilocosnorte.gov.ph,gov.ph,Resolving timed out after 3001 milliseconds,none
sanrafael.gov.ph,gov.ph,200,none
sanrafaelwaterdistrict.gov.ph,gov.ph,404,none
santafe.gov.ph,gov.ph,Could not resolve host: santafe.gov.ph,none
santarosacity.gov.ph,gov.ph,200,none
santotomas.gov.ph,gov.ph,Could not resolve host: santotomas.gov.ph,none
sarangani.gov.ph,gov.ph,403,none
sb.naguilianlu.gov.ph,gov.ph,Could not resolve host: sb.naguilianlu.gov.ph,none
scheduling.bohol.gov.ph,gov.ph,Connection timed out after 3001 milliseconds,none
scwdlaguna.gov.ph,gov.ph,Could not resolve host: scwdlaguna.gov.ph,none
sds.caraga.dilg.gov.ph,gov.ph,Could not resolve host: sds.caraga.dilg.gov.ph,none
secure.census.gov.ph,gov.ph,Resolving timed out after 3001 milliseconds,none
selyo.asti.dost.gov.ph,gov.ph,Failed to connect to selyo.asti.dost.gov.ph port 443 after 573 ms: Could not connect to server,none
senate.gov.ph,gov.ph,403,10 sword.senate.gov.ph.
serbis.asti.dost.gov.ph,gov.ph,Connection timed out after 3001 milliseconds,none
server.armm.gov.ph,gov.ph,Could not resolve host: server.armm.gov.ph,none
services.irsis.bir.gov.ph,gov.ph,Resolving timed out after 3000 milliseconds,none
sharepoint.doj.gov.ph,gov.ph,Could not resolve host: sharepoint.doj.gov.ph,none
sibalomwd.gov.ph,gov.ph,Operation timed out after 3001 milliseconds with 0 bytes received,none
sibalomwd.miagaowaterdistrict.gov.ph,gov.ph,Operation timed out after 3001 milliseconds with 0 bytes received,none
silang.gov.ph,gov.ph,403,none
sip.doj.gov.ph,gov.ph,Could not resolve host: sip.doj.gov.ph,none
sis.cfo.gov.ph,gov.ph,Could not resolve host: sis.cfo.gov.ph,none
slm.fda.gov.ph,gov.ph,Could not resolve host: slm.fda.gov.ph,none
slpis.dswd.gov.ph,gov.ph,Resolving timed out after 3000 milliseconds,none
smtp.mcwd.gov.ph,gov.ph,Could not resolve host: smtp.mcwd.gov.ph,none
soap2.dswd.gov.ph,gov.ph,Resolving timed out after 3000 milliseconds,none
sogodwd.gov.ph,gov.ph,Could not resolve host: sogodwd.gov.ph,none
spda.gov.ph,gov.ph,200,0 spda.gov.ph.
sra.gov.ph,gov.ph,301,none
sso.gov.ph,gov.ph,Connection timed out after 3002 milliseconds,none
sss.gov.ph,gov.ph,Resolving timed out after 3000 milliseconds,none
stacruz-is.gov.ph,gov.ph,Could not resolve host: stacruz-is.gov.ph,none
stacruz.gov.ph,gov.ph,200,0 stacruz.gov.ph.
stacruzmarinduque.gov.ph,gov.ph,Could not resolve host: stacruzmarinduque.gov.ph,none
staff.pcsd.gov.ph,gov.ph,Could not resolve host: staff.pcsd.gov.ph,none
staging.loon.gov.ph,gov.ph,525,none
stamagdalena.gov.ph,gov.ph,301,none
stcw.marina.gov.ph,gov.ph,200,none
stotomas.gov.ph,gov.ph,Could not resolve host: stotomas.gov.ph,none
stotomaspangwd.gov.ph,gov.ph,Operation timed out after 3000 milliseconds with 0 bytes received,none
support.irsis.bir.gov.ph,gov.ph,Resolving timed out after 3001 milliseconds,none
survey.philrice.gov.ph,gov.ph,Could not resolve host: survey.philrice.gov.ph,none
svps.immigration.gov.ph,gov.ph,Could not resolve host: svps.immigration.gov.ph,none
svrmail.pidsnt01.pids.gov.ph,gov.ph,Resolving timed out after 3000 milliseconds,none
swda-sp.dswd.gov.ph,gov.ph,Resolving timed out after 3000 milliseconds,none
sy.opolmisor.gov.ph,gov.ph,Could not resolve host: sy.opolmisor.gov.ph,none
sync.pids.gov.ph,gov.ph,Resolving timed out after 3000 milliseconds,none
sync.sulat.gov.ph,gov.ph,Could not resolve host: sync.sulat.gov.ph,none
tabango-leyte.gov.ph,gov.ph,301,none
tacurong.gov.ph,gov.ph,403,none
tadian.gov.ph,gov.ph,SSL certificate problem: self-signed certificate,none
tala.osdl.asti.dost.gov.ph,gov.ph,Resolving timed out after 3000 milliseconds,none
talaingod.gov.ph,gov.ph,Could not resolve host: talaingod.gov.ph,none
talentbank.ppp.gov.ph,gov.ph,Resolving timed out after 3001 milliseconds,none
talibon-bohol.gov.ph,gov.ph,Could not resolve host: talibon-bohol.gov.ph,none
talibonwd.gov.ph,gov.ph,Could not resolve host: talibonwd.gov.ph,none
tanaywaterdistrict.gov.ph,gov.ph,301,0 tanaywaterdistrict.gov.ph.
taraka.gov.ph,gov.ph,Could not resolve host: taraka.gov.ph,none
taytayrizal.gov.ph,gov.ph,Could not resolve host: taytayrizal.gov.ph,none
teresarizal.gov.ph,gov.ph,200,none
test.bohol.gov.ph,gov.ph,Could not resolve host: test.bohol.gov.ph,none
test.philrice.gov.ph,gov.ph,Resolving timed out after 3001 milliseconds,none
test2.bohol.gov.ph,gov.ph,Could not resolve host: test2.bohol.gov.ph,none
testweb.philrice.gov.ph,gov.ph,Could not resolve host: testweb.philrice.gov.ph,none
tiaongwaterdistrict.gov.ph,gov.ph,Connection timed out after 3002 milliseconds,none
tinambac.gov.ph,gov.ph,403,85 route2.mx.cloudflare.net.; 72 route3.mx.cloudflare.net.; 87 route1.mx.cloudflare.net.
torrijosmarinduque.gov.ph,gov.ph,Could not resolve host: torrijosmarinduque.gov.ph,none
tourism.mlang.gov.ph,gov.ph,Could not resolve host: tourism.mlang.gov.ph,none
tpb.gov.ph,gov.ph,200,none
trademarks.ipophil.gov.ph,gov.ph,Could not resolve host: trademarks.ipophil.gov.ph,none
training.philgeps.gov.ph,gov.ph,Could not resolve host: training.philgeps.gov.ph,none
training.portal.gov.ph,gov.ph,Could not resolve host: training.portal.gov.ph,none
transparency.dswd.gov.ph,gov.ph,Resolving timed out after 3000 milliseconds,none
trcms.bir.gov.ph,gov.ph,Resolving timed out after 3000 milliseconds,none
tuba.gov.ph,gov.ph,301,none
tublay.gov.ph,gov.ph,403,none
tuguegaraocity.gov.ph,gov.ph,Could not resolve host: tuguegaraocity.gov.ph,none
uat.irsis.bir.gov.ph,gov.ph,Resolving timed out after 3000 milliseconds,none
uminganwaterdistrict.gov.ph,gov.ph,429,30 mx30.mailspamprotection.com.; 20 mx20.mailspamprotection.com.; 10 mx10.mailspamprotection.com.
underconstruction.daet.gov.ph,gov.ph,Could not resolve host: underconstruction.daet.gov.ph,none
unesco.gov.ph,gov.ph,301,none
unicomm.osdl.asti.dost.gov.ph,gov.ph,Resolving timed out after 3000 milliseconds,dig error
upcomingevent.daet.gov.ph,gov.ph,Could not resolve host: upcomingevent.daet.gov.ph,none
usap.asti.dost.gov.ph,gov.ph,Connection timed out after 3000 milliseconds,none
usertest.portal.gov.ph,gov.ph,Could not resolve host: usertest.portal.gov.ph,none
v2.meteopilipinas.gov.ph,gov.ph,Resolving timed out after 3000 milliseconds,none
v2v.lga.gov.ph,gov.ph,200,none
valladolid.gov.ph,gov.ph,Could not resolve host: valladolid.gov.ph,none
vcwd.gov.ph,gov.ph,403,none
vdrtest.ppp.gov.ph,gov.ph,Resolving timed out after 3000 milliseconds,none
villasis.gov.ph,gov.ph,SSL certificate problem: self-signed certificate,0 villasis.gov.ph.
viracwaterdistrict.gov.ph,gov.ph,403,none
vision.mision.daet.gov.ph,gov.ph,Could not resolve host: vision.mision.daet.gov.ph,none
vision.mision.daet.gov.ph.daet.gov.ph,gov.ph,Could not resolve host: vision.mision.daet.gov.ph.daet.gov.ph,none
vua.immigration.gov.ph,gov.ph,Connection timed out after 3001 milliseconds,none
web35.mabini-pangasinan.gov.ph,gov.ph,SSL certificate problem: self-signed certificate,none
webconf.doj.gov.ph,gov.ph,Could not resolve host: webconf.doj.gov.ph,none
webdisk.alegriacebu.gov.ph,gov.ph,Could not resolve host: webdisk.alegriacebu.gov.ph,none
webdisk.aleosan.gov.ph,gov.ph,SSL: no alternative certificate subject name matches target hostname 'webdisk.aleosan.gov.ph',none
webdisk.alimodianwd.gov.ph,gov.ph,401,none
webdisk.antique.gov.ph,gov.ph,Could not resolve host: webdisk.antique.gov.ph,none
webdisk.aparriwaterdistrict.gov.ph,gov.ph,TLS connect error: error:0A000126:SSL routines::unexpected eof while reading,none
webdisk.apayao.gov.ph,gov.ph,Could not resolve host: webdisk.apayao.gov.ph,none
webdisk.aringay.gov.ph,gov.ph,Could not resolve host: webdisk.aringay.gov.ph,none
webdisk.asturiascebu.gov.ph,gov.ph,Could not resolve host: webdisk.asturiascebu.gov.ph,none
webdisk.asunciondavnor.gov.ph,gov.ph,Could not resolve host: webdisk.asunciondavnor.gov.ph,none
webdisk.bacarra.gov.ph,gov.ph,526,none
webdisk.bacnotan.gov.ph,gov.ph,Could not resolve host: webdisk.bacnotan.gov.ph,none
webdisk.baganga.gov.ph,gov.ph,Could not resolve host: webdisk.baganga.gov.ph,none
webdisk.balambancebu.gov.ph,gov.ph,Could not resolve host: webdisk.balambancebu.gov.ph,none
webdisk.balangawater.gov.ph,gov.ph,SSL: no alternative certificate subject name matches target hostname 'webdisk.balangawater.gov.ph',none
webdisk.balaoanwaterdistrict.gov.ph,gov.ph,Could not resolve host: webdisk.balaoanwaterdistrict.gov.ph,none
webdisk.balo-i.gov.ph,gov.ph,Could not resolve host: webdisk.balo-i.gov.ph,none
webdisk.batac.gov.ph,gov.ph,401,none
webdisk.blog.mlang.gov.ph,gov.ph,Could not resolve host: webdisk.blog.mlang.gov.ph,none
webdisk.bongaomunicipal.gov.ph,gov.ph,Could not resolve host: webdisk.bongaomunicipal.gov.ph,none
webdisk.braulioedujali.gov.ph,gov.ph,401,none
webdisk.bugasongwd.gov.ph,gov.ph,401,none
webdisk.cab.gov.ph,gov.ph,401,none
webdisk.cagwait.gov.ph,gov.ph,Could not resolve host: webdisk.cagwait.gov.ph,none
webdisk.calinogwaterdistrict.gov.ph,gov.ph,401,none
webdisk.calumpit.gov.ph,gov.ph,Could not resolve host: webdisk.calumpit.gov.ph,none
webdisk.canaman.gov.ph,gov.ph,Could not resolve host: webdisk.canaman.gov.ph,none
webdisk.cardonarizal.gov.ph,gov.ph,401,none
webdisk.catbaloganwd.gov.ph,gov.ph,Could not resolve host: webdisk.catbaloganwd.gov.ph,none
webdisk.cawadi.gov.ph,gov.ph,Could not resolve host: webdisk.cawadi.gov.ph,none
webdisk.ccwd.gov.ph,gov.ph,Could not resolve host: webdisk.ccwd.gov.ph,none
webdisk.cityofmeycauayanbulacan.gov.ph,gov.ph,Could not resolve host: webdisk.cityofmeycauayanbulacan.gov.ph,none
webdisk.ckwd.gov.ph,gov.ph,Could not resolve host: webdisk.ckwd.gov.ph,none
webdisk.cnwd.gov.ph,gov.ph,Could not resolve host: webdisk.cnwd.gov.ph,none
webdisk.culasiwd.gov.ph,gov.ph,401,none
webdisk.daet.gov.ph,gov.ph,Could not resolve host: webdisk.daet.gov.ph,none
webdisk.dilasag-aurora.gov.ph,gov.ph,Could not resolve host: webdisk.dilasag-aurora.gov.ph,none
webdisk.dinagat.gov.ph,gov.ph,Could not resolve host: webdisk.dinagat.gov.ph,none
webdisk.dinagatislands.gov.ph,gov.ph,Could not resolve host: webdisk.dinagatislands.gov.ph,none
webdisk.dinglepototanwd.gov.ph,gov.ph,401,none
webdisk.doncarlos.gov.ph,gov.ph,Could not resolve host: webdisk.doncarlos.gov.ph,none
webdisk.drhtagum.gov.ph,gov.ph,Could not resolve host: webdisk.drhtagum.gov.ph,none
webdisk.duenaswaterdistrict.gov.ph,gov.ph,Could not resolve host: webdisk.duenaswaterdistrict.gov.ph,none
webdisk.dumalagwaterdistrict.gov.ph,gov.ph,401,none
webdisk.dumanjug.gov.ph,gov.ph,Could not resolve host: webdisk.dumanjug.gov.ph,none
webdisk.ecenter.mlang.gov.ph,gov.ph,Could not resolve host: webdisk.ecenter.mlang.gov.ph,none
webdisk.eregulations.gov.ph,gov.ph,Could not resolve host: webdisk.eregulations.gov.ph,none
webdisk.generalnakar.gov.ph,gov.ph,Could not resolve host: webdisk.generalnakar.gov.ph,none
webdisk.generaltrias.gov.ph,gov.ph,Operation timed out after 3000 milliseconds with 0 bytes received,none
webdisk.guimbawaterdistrict.gov.ph,gov.ph,Could not resolve host: webdisk.guimbawaterdistrict.gov.ph,none
webdisk.hinatuan.gov.ph,gov.ph,Could not resolve host: webdisk.hinatuan.gov.ph,none
webdisk.hret.gov.ph,gov.ph,401,none
webdisk.hrvclaimsboard.gov.ph,gov.ph,Could not resolve host: webdisk.hrvclaimsboard.gov.ph,none
webdisk.igbaraswaterdistrict.gov.ph,gov.ph,401,none
webdisk.ilsdole.gov.ph,gov.ph,Could not resolve host: webdisk.ilsdole.gov.ph,none
webdisk.iqwd.gov.ph,gov.ph,Could not resolve host: webdisk.iqwd.gov.ph,none
webdisk.janiuaywaterdistrict.gov.ph,gov.ph,401,none
webdisk.jordanwaterdistrict.gov.ph,gov.ph,401,none
webdisk.kabacan.gov.ph,gov.ph,SSL: no alternative certificate subject name matches target hostname 'webdisk.kabacan.gov.ph',none
webdisk.kabankalanwater.gov.ph,gov.ph,Could not resolve host: webdisk.kabankalanwater.gov.ph,none
webdisk.kalayaanpalawan.gov.ph,gov.ph,200,none
webdisk.kawit.gov.ph,gov.ph,Could not resolve host: webdisk.kawit.gov.ph,none
webdisk.lacarlotacitywaterdistrict.gov.ph,gov.ph,Could not resolve host: webdisk.lacarlotacitywaterdistrict.gov.ph,none
webdisk.lakesebu.gov.ph,gov.ph,Could not resolve host: webdisk.lakesebu.gov.ph,none
webdisk.lgu-santol.gov.ph,gov.ph,Could not resolve host: webdisk.lgu-santol.gov.ph,none
webdisk.lgupambujan.gov.ph,gov.ph,Could not resolve host: webdisk.lgupambujan.gov.ph,none
webdisk.lguparanas.gov.ph,gov.ph,Could not resolve host: webdisk.lguparanas.gov.ph,none
webdisk.libon.gov.ph,gov.ph,Connection timed out after 3001 milliseconds,none
webdisk.liliwlaguna.gov.ph,gov.ph,Could not resolve host: webdisk.liliwlaguna.gov.ph,none
webdisk.loon.gov.ph,gov.ph,Operation timed out after 3000 milliseconds with 0 bytes received,none
webdisk.lubuagan.gov.ph,gov.ph,SSL certificate problem: certificate has expired,none
webdisk.lumc.gov.ph,gov.ph,Could not resolve host: webdisk.lumc.gov.ph,none
webdisk.lunaapayao.gov.ph,gov.ph,Could not resolve host: webdisk.lunaapayao.gov.ph,none
webdisk.luponwd.gov.ph,gov.ph,Could not resolve host: webdisk.luponwd.gov.ph,none
webdisk.marinduque.gov.ph,gov.ph,Could not resolve host: webdisk.marinduque.gov.ph,none
webdisk.mati.gov.ph,gov.ph,401,none
webdisk.metrocarigarawd.gov.ph,gov.ph,Could not resolve host: webdisk.metrocarigarawd.gov.ph,none
webdisk.metrocotabatowd.gov.ph,gov.ph,Could not resolve host: webdisk.metrocotabatowd.gov.ph,none
webdisk.metrolipawd.gov.ph,gov.ph,Could not resolve host: webdisk.metrolipawd.gov.ph,none
webdisk.metroviganwd.gov.ph,gov.ph,Could not resolve host: webdisk.metroviganwd.gov.ph,none
webdisk.miagaowaterdistrict.gov.ph,gov.ph,401,none
webdisk.mlang.gov.ph,gov.ph,Could not resolve host: webdisk.mlang.gov.ph,none
webdisk.mmh.gov.ph,gov.ph,Could not resolve host: webdisk.mmh.gov.ph,none
webdisk.mnwd.gov.ph,gov.ph,401,none
webdisk.msfwd.gov.ph,gov.ph,Could not resolve host: webdisk.msfwd.gov.ph,none
webdisk.municipalityofbulakan.gov.ph,gov.ph,Could not resolve host: webdisk.municipalityofbulakan.gov.ph,none
webdisk.munozwaterdistrict.gov.ph,gov.ph,Could not resolve host: webdisk.munozwaterdistrict.gov.ph,none
webdisk.nabunturan.gov.ph,gov.ph,401,none
webdisk.naguilianlu.gov.ph,gov.ph,Could not resolve host: webdisk.naguilianlu.gov.ph,none
webdisk.nationalmuseum.gov.ph,gov.ph,Could not resolve host: webdisk.nationalmuseum.gov.ph,none
webdisk.nbdb.gov.ph,gov.ph,Could not resolve host: webdisk.nbdb.gov.ph,none
webdisk.ncwd.gov.ph,gov.ph,Could not resolve host: webdisk.ncwd.gov.ph,none
webdisk.omb.gov.ph,gov.ph,Connection timed out after 3000 milliseconds,none
webdisk.opolmisor.gov.ph,gov.ph,Could not resolve host: webdisk.opolmisor.gov.ph,none
webdisk.pangasinan.gov.ph,gov.ph,Could not resolve host: webdisk.pangasinan.gov.ph,none
webdisk.paniqui.gov.ph,gov.ph,Could not resolve host: webdisk.paniqui.gov.ph,none
webdisk.patnanungan.gov.ph,gov.ph,Could not resolve host: webdisk.patnanungan.gov.ph,none
webdisk.patnongonwd.gov.ph,gov.ph,401,none
webdisk.pcsd.gov.ph,gov.ph,401,none
webdisk.philsucor.gov.ph,gov.ph,Connection timed out after 3000 milliseconds,none
webdisk.pikit.gov.ph,gov.ph,401,none
webdisk.pinili.gov.ph,gov.ph,Could not resolve host: webdisk.pinili.gov.ph,none
webdisk.rizalkalinga.gov.ph,gov.ph,Could not resolve host: webdisk.rizalkalinga.gov.ph,none
webdisk.rtradn.gov.ph,gov.ph,Could not resolve host: webdisk.rtradn.gov.ph,none
webdisk.sanjoaquinwd.gov.ph,gov.ph,401,none
webdisk.sanjosedi.gov.ph,gov.ph,Could not resolve host: webdisk.sanjosedi.gov.ph,none
webdisk.sanjuancity.gov.ph,gov.ph,Could not resolve host: webdisk.sanjuancity.gov.ph,none
webdisk.sannicolasilocosnorte.gov.ph,gov.ph,Resolving timed out after 3002 milliseconds,none
webdisk.sanrafael.gov.ph,gov.ph,401,none
webdisk.santarosacity.gov.ph,gov.ph,Could not resolve host: webdisk.santarosacity.gov.ph,none
webdisk.santotomas.gov.ph,gov.ph,Could not resolve host: webdisk.santotomas.gov.ph,none
webdisk.sibalomwd.gov.ph,gov.ph,401,none
webdisk.silang.gov.ph,gov.ph,Could not resolve host: webdisk.silang.gov.ph,none
webdisk.sogodwd.gov.ph,gov.ph,Could not resolve host: webdisk.sogodwd.gov.ph,none
webdisk.spda.gov.ph,gov.ph,401,none
webdisk.stacruz-is.gov.ph,gov.ph,Could not resolve host: webdisk.stacruz-is.gov.ph,none
webdisk.stacruz.gov.ph,gov.ph,401,none
webdisk.talaingod.gov.ph,gov.ph,Could not resolve host: webdisk.talaingod.gov.ph,none
webdisk.talibon-bohol.gov.ph,gov.ph,Could not resolve host: webdisk.talibon-bohol.gov.ph,none
webdisk.talibonwd.gov.ph,gov.ph,Could not resolve host: webdisk.talibonwd.gov.ph,none
webdisk.tanaywaterdistrict.gov.ph,gov.ph,Could not resolve host: webdisk.tanaywaterdistrict.gov.ph,none
webdisk.taraka.gov.ph,gov.ph,Could not resolve host: webdisk.taraka.gov.ph,none
webdisk.teresarizal.gov.ph,gov.ph,Could not resolve host: webdisk.teresarizal.gov.ph,none
webdisk.tourism.mlang.gov.ph,gov.ph,Could not resolve host: webdisk.tourism.mlang.gov.ph,none
webdisk.unesco.gov.ph,gov.ph,Could not resolve host: webdisk.unesco.gov.ph,none
webdisk.zarragawaterdistrict.gov.ph,gov.ph,Could not resolve host: webdisk.zarragawaterdistrict.gov.ph,none
webmail.alegriacebu.gov.ph,gov.ph,Could not resolve host: webmail.alegriacebu.gov.ph,none
webmail.aleosan.gov.ph,gov.ph,SSL: no alternative certificate subject name matches target hostname 'webmail.aleosan.gov.ph',none
webmail.alimodianwd.gov.ph,gov.ph,200,none
webmail.antique.gov.ph,gov.ph,Could not resolve host: webmail.antique.gov.ph,none
webmail.aringay.gov.ph,gov.ph,Could not resolve host: webmail.aringay.gov.ph,none
webmail.asturiascebu.gov.ph,gov.ph,Could not resolve host: webmail.asturiascebu.gov.ph,none
webmail.asunciondavnor.gov.ph,gov.ph,Could not resolve host: webmail.asunciondavnor.gov.ph,none
webmail.bacarra.gov.ph,gov.ph,526,none
webmail.bacnotan.gov.ph,gov.ph,406,none
webmail.baganga.gov.ph,gov.ph,Could not resolve host: webmail.baganga.gov.ph,none
webmail.balambancebu.gov.ph,gov.ph,Could not resolve host: webmail.balambancebu.gov.ph,none
webmail.balangawater.gov.ph,gov.ph,SSL: no alternative certificate subject name matches target hostname 'webmail.balangawater.gov.ph',none
webmail.balaoanwaterdistrict.gov.ph,gov.ph,SSL certificate problem: self-signed certificate,none
webmail.balo-i.gov.ph,gov.ph,Could not resolve host: webmail.balo-i.gov.ph,none
webmail.batac.gov.ph,gov.ph,200,none
webmail.blog.mlang.gov.ph,gov.ph,Could not resolve host: webmail.blog.mlang.gov.ph,none
webmail.bongaomunicipal.gov.ph,gov.ph,Could not resolve host: webmail.bongaomunicipal.gov.ph,none
webmail.braulioedujali.gov.ph,gov.ph,200,none
webmail.bugasongwd.gov.ph,gov.ph,Could not resolve host: webmail.bugasongwd.gov.ph,none
webmail.cab.gov.ph,gov.ph,200,none
webmail.cagwait.gov.ph,gov.ph,Could not resolve host: webmail.cagwait.gov.ph,none
webmail.calinogwaterdistrict.gov.ph,gov.ph,200,none
webmail.calumpit.gov.ph,gov.ph,Could not resolve host: webmail.calumpit.gov.ph,none
webmail.canaman.gov.ph,gov.ph,Could not resolve host: webmail.canaman.gov.ph,none
webmail.cardonarizal.gov.ph,gov.ph,200,none
webmail.cawadi.gov.ph,gov.ph,Could not resolve host: webmail.cawadi.gov.ph,none
webmail.cityofmeycauayanbulacan.gov.ph,gov.ph,Could not resolve host: webmail.cityofmeycauayanbulacan.gov.ph,none
webmail.ckwd.gov.ph,gov.ph,Could not resolve host: webmail.ckwd.gov.ph,none
webmail.culasiwd.gov.ph,gov.ph,200,none
webmail.cwc.gov.ph,gov.ph,Resolving timed out after 3001 milliseconds,none
webmail.daet.gov.ph,gov.ph,Could not resolve host: webmail.daet.gov.ph,none
webmail.dinagat.gov.ph,gov.ph,Could not resolve host: webmail.dinagat.gov.ph,none
webmail.dinagatislands.gov.ph,gov.ph,Could not resolve host: webmail.dinagatislands.gov.ph,none
webmail.dinglepototanwd.gov.ph,gov.ph,200,none
webmail.doncarlos.gov.ph,gov.ph,Could not resolve host: webmail.doncarlos.gov.ph,none
webmail.drhtagum.gov.ph,gov.ph,Could not resolve host: webmail.drhtagum.gov.ph,none
webmail.duenaswaterdistrict.gov.ph,gov.ph,200,none
webmail.dumalagwaterdistrict.gov.ph,gov.ph,200,none
webmail.dumanjug.gov.ph,gov.ph,Could not resolve host: webmail.dumanjug.gov.ph,none
webmail.ecenter.mlang.gov.ph,gov.ph,Could not resolve host: webmail.ecenter.mlang.gov.ph,none
webmail.eregulations.gov.ph,gov.ph,Could not resolve host: webmail.eregulations.gov.ph,none
webmail.generalnakar.gov.ph,gov.ph,Could not resolve host: webmail.generalnakar.gov.ph,none
webmail.generaltrias.gov.ph,gov.ph,Connection timed out after 3002 milliseconds,none
webmail.gsis.gov.ph,gov.ph,Could not resolve host: webmail.gsis.gov.ph,none
webmail.hinatuan.gov.ph,gov.ph,Could not resolve host: webmail.hinatuan.gov.ph,none
webmail.hret.gov.ph,gov.ph,200,none
webmail.hrvclaimsboard.gov.ph,gov.ph,Could not resolve host: webmail.hrvclaimsboard.gov.ph,none
webmail.igbaraswaterdistrict.gov.ph,gov.ph,200,none
webmail.iqwd.gov.ph,gov.ph,Could not resolve host: webmail.iqwd.gov.ph,none
webmail.janiuaywaterdistrict.gov.ph,gov.ph,200,none
webmail.jordanwaterdistrict.gov.ph,gov.ph,200,none
webmail.kabacan.gov.ph,gov.ph,SSL certificate problem: certificate has expired,none
webmail.kabankalanwater.gov.ph,gov.ph,Could not resolve host: webmail.kabankalanwater.gov.ph,none
webmail.kalayaanpalawan.gov.ph,gov.ph,200,none
webmail.kawit.gov.ph,gov.ph,Could not resolve host: webmail.kawit.gov.ph,none
webmail.lacarlotacitywaterdistrict.gov.ph,gov.ph,Could not resolve host: webmail.lacarlotacitywaterdistrict.gov.ph,none
webmail.lakesebu.gov.ph,gov.ph,Could not resolve host: webmail.lakesebu.gov.ph,none
webmail.lgu-santol.gov.ph,gov.ph,SSL certificate problem: self-signed certificate,none
webmail.lgupambujan.gov.ph,gov.ph,Could not resolve host: webmail.lgupambujan.gov.ph,none
webmail.lguparanas.gov.ph,gov.ph,Could not resolve host: webmail.lguparanas.gov.ph,none
webmail.libon.gov.ph,gov.ph,Connection timed out after 3001 milliseconds,none
webmail.liliwlaguna.gov.ph,gov.ph,Could not resolve host: webmail.liliwlaguna.gov.ph,none
webmail.loon.gov.ph,gov.ph,403,none
webmail.lubuagan.gov.ph,gov.ph,SSL certificate problem: certificate has expired,none
webmail.lumc.gov.ph,gov.ph,Could not resolve host: webmail.lumc.gov.ph,none
webmail.lunaapayao.gov.ph,gov.ph,Could not resolve host: webmail.lunaapayao.gov.ph,none
webmail.luponwd.gov.ph,gov.ph,Could not resolve host: webmail.luponwd.gov.ph,none
webmail.marinduque.gov.ph,gov.ph,Could not resolve host: webmail.marinduque.gov.ph,none
webmail.mati.gov.ph,gov.ph,Could not resolve host: webmail.mati.gov.ph,none
webmail.metrocarigarawd.gov.ph,gov.ph,Could not resolve host: webmail.metrocarigarawd.gov.ph,none
webmail.metrocotabatowd.gov.ph,gov.ph,Could not resolve host: webmail.metrocotabatowd.gov.ph,none
webmail.metrolipawd.gov.ph,gov.ph,Could not resolve host: webmail.metrolipawd.gov.ph,none
webmail.metroviganwd.gov.ph,gov.ph,Could not resolve host: webmail.metroviganwd.gov.ph,none
webmail.miagaowaterdistrict.gov.ph,gov.ph,200,none
webmail.mlang.gov.ph,gov.ph,Could not resolve host: webmail.mlang.gov.ph,none
webmail.mmh.gov.ph,gov.ph,Could not resolve host: webmail.mmh.gov.ph,none
webmail.mnwd.gov.ph,gov.ph,200,none
webmail.msfwd.gov.ph,gov.ph,406,none
webmail.municipalityofbulakan.gov.ph,gov.ph,Could not resolve host: webmail.municipalityofbulakan.gov.ph,none
webmail.munozwaterdistrict.gov.ph,gov.ph,Could not resolve host: webmail.munozwaterdistrict.gov.ph,none
webmail.nabunturan.gov.ph,gov.ph,200,none
webmail.naguilianlu.gov.ph,gov.ph,Could not resolve host: webmail.naguilianlu.gov.ph,none
webmail.nationalmuseum.gov.ph,gov.ph,Could not resolve host: webmail.nationalmuseum.gov.ph,none
webmail.ncwd.gov.ph,gov.ph,Could not resolve host: webmail.ncwd.gov.ph,none
webmail.omb.gov.ph,gov.ph,Connection timed out after 3001 milliseconds,none
webmail.opolmisor.gov.ph,gov.ph,Could not resolve host: webmail.opolmisor.gov.ph,none
webmail.pangasinan.gov.ph,gov.ph,Could not resolve host: webmail.pangasinan.gov.ph,none
webmail.patnanungan.gov.ph,gov.ph,Could not resolve host: webmail.patnanungan.gov.ph,none
webmail.patnongonwd.gov.ph,gov.ph,Could not resolve host: webmail.patnongonwd.gov.ph,none
webmail.pcsd.gov.ph,gov.ph,200,none
webmail.philsucor.gov.ph,gov.ph,Connection timed out after 3002 milliseconds,none
webmail.pikit.gov.ph,gov.ph,200,none
webmail.pinili.gov.ph,gov.ph,Could not resolve host: webmail.pinili.gov.ph,none
webmail.rizalkalinga.gov.ph,gov.ph,Could not resolve host: webmail.rizalkalinga.gov.ph,none
webmail.rtradn.gov.ph,gov.ph,Could not resolve host: webmail.rtradn.gov.ph,none
webmail.sanjoaquinwd.gov.ph,gov.ph,200,none
webmail.sanjosedi.gov.ph,gov.ph,Could not resolve host: webmail.sanjosedi.gov.ph,none
webmail.sanjuancity.gov.ph,gov.ph,Could not resolve host: webmail.sanjuancity.gov.ph,none
webmail.sannicolasilocosnorte.gov.ph,gov.ph,Resolving timed out after 3002 milliseconds,none
webmail.santarosacity.gov.ph,gov.ph,Could not resolve host: webmail.santarosacity.gov.ph,none
webmail.santotomas.gov.ph,gov.ph,Could not resolve host: webmail.santotomas.gov.ph,none
webmail.sibalomwd.gov.ph,gov.ph,200,none
webmail.silang.gov.ph,gov.ph,Could not resolve host: webmail.silang.gov.ph,none
webmail.spda.gov.ph,gov.ph,200,none
webmail.stacruz-is.gov.ph,gov.ph,Could not resolve host: webmail.stacruz-is.gov.ph,none
webmail.stacruz.gov.ph,gov.ph,200,none
webmail.talaingod.gov.ph,gov.ph,Could not resolve host: webmail.talaingod.gov.ph,none
webmail.talibon-bohol.gov.ph,gov.ph,Could not resolve host: webmail.talibon-bohol.gov.ph,none
webmail.talibonwd.gov.ph,gov.ph,Could not resolve host: webmail.talibonwd.gov.ph,none
webmail.tanaywaterdistrict.gov.ph,gov.ph,Could not resolve host: webmail.tanaywaterdistrict.gov.ph,none
webmail.taraka.gov.ph,gov.ph,Could not resolve host: webmail.taraka.gov.ph,none
webmail.teresarizal.gov.ph,gov.ph,Could not resolve host: webmail.teresarizal.gov.ph,none
webmail.tourism.mlang.gov.ph,gov.ph,Could not resolve host: webmail.tourism.mlang.gov.ph,none
webmail.unesco.gov.ph,gov.ph,Could not resolve host: webmail.unesco.gov.ph,none
webmail.zarragawaterdistrict.gov.ph,gov.ph,Could not resolve host: webmail.zarragawaterdistrict.gov.ph,none
wft.sss.gov.ph,gov.ph,Resolving timed out after 3001 milliseconds,none
whm.cab.gov.ph,gov.ph,SSL: no alternative certificate subject name matches target hostname 'whm.cab.gov.ph',none
ww1.sss.gov.ph,gov.ph,Resolving timed out after 3001 milliseconds,none
ww2.sss.gov.ph,gov.ph,Resolving timed out after 3001 milliseconds,none
ww3.sss.gov.ph,gov.ph,Resolving timed out after 3001 milliseconds,none
ww7.sss.gov.ph,gov.ph,Resolving timed out after 3001 milliseconds,none
wws.sss.gov.ph,gov.ph,Resolving timed out after 3000 milliseconds,none
www.8888.gov.ph,gov.ph,403,none
www.alegriacebu.gov.ph,gov.ph,Could not resolve host: www.alegriacebu.gov.ph,none
www.aleosan.gov.ph,gov.ph,200,50 mx3.zoho.com.; 20 mx2.zoho.com.; 10 mx.zoho.com.
www.alimodianwd.gov.ph,gov.ph,Operation timed out after 3001 milliseconds with 0 bytes received,none
www.alimodianwd.miagaowaterdistrict.gov.ph,gov.ph,Operation timed out after 3002 milliseconds with 0 bytes received,none
www.alubijidmisor.gov.ph,gov.ph,Could not resolve host: www.alubijidmisor.gov.ph,none
www.angelescitywd.gov.ph,gov.ph,200,none
www.antique.gov.ph,gov.ph,Could not resolve host: www.antique.gov.ph,1 aspmx.l.google.com.; 10 aspmx2.googlemail.com.; 5 alt1.aspmx.l.google.com.; 5 alt2.aspmx.l.google.com.; 10 aspmx3.googlemail.com.
www.aparriwaterdistrict.gov.ph,gov.ph,TLS connect error: error:0A000126:SSL routines::unexpected eof while reading,none
www.apayao.gov.ph,gov.ph,Could not resolve host: www.apayao.gov.ph,none
www.apps.dpwh.gov.ph,gov.ph,Could not resolve host: www.apps.dpwh.gov.ph,none
www.apps.ho.peza.gov.ph,gov.ph,Could not resolve host: www.apps.ho.peza.gov.ph,none
www.archives.daet.gov.ph,gov.ph,Could not resolve host: www.archives.daet.gov.ph,none
www.aringay.gov.ph,gov.ph,403,none
www.asunciondavnor.gov.ph,gov.ph,Could not resolve host: www.asunciondavnor.gov.ph,none
www.bacarra.gov.ph,gov.ph,526,none
www.bacnotan.gov.ph,gov.ph,406,none
www.baganga.gov.ph,gov.ph,Could not resolve host: www.baganga.gov.ph,none
www.baguiowaterdistrict.gov.ph,gov.ph,403,none
www.balambancebu.gov.ph,gov.ph,301,none
www.balangawater.gov.ph,gov.ph,Could not resolve host: www.balangawater.gov.ph,none
www.balaoanwaterdistrict.gov.ph,gov.ph,SSL: no alternative certificate subject name matches target hostname 'www.balaoanwaterdistrict.gov.ph',none
www.balo-i.gov.ph,gov.ph,Connection timed out after 3002 milliseconds,0 balo-i.gov.ph.
www.banaue.gov.ph,gov.ph,Resolving timed out after 3000 milliseconds,none
www.barasrizal.gov.ph,gov.ph,Connection timed out after 3002 milliseconds,none
www.basketball.pangasinan.gov.ph,gov.ph,Could not resolve host: www.basketball.pangasinan.gov.ph,none
www.bataan.gov.ph,gov.ph,Connection timed out after 3000 milliseconds,none
www.batac.gov.ph,gov.ph,301,none
www.baul.i.gov.ph,gov.ph,Could not resolve host: www.baul.i.gov.ph,none
www.bayambang.gov.ph,gov.ph,301,none
www.baybaycity.gov.ph,gov.ph,301,none
www.bch.armm.gov.ph,gov.ph,Could not resolve host: www.bch.armm.gov.ph,none
www.benguet.gov.ph,gov.ph,Could not resolve host: www.benguet.gov.ph,none
www.besao.gov.ph,gov.ph,SSL certificate problem: self-signed certificate,none
www.bienunido.gov.ph,gov.ph,Failed to connect to www.bienunido.gov.ph port 443 after 534 ms: Could not connect to server,none
www.billinquiry.baguiowaterdistrict.gov.ph,gov.ph,Could not resolve host: www.billinquiry.baguiowaterdistrict.gov.ph,none
www.binalonanwaterdistrict.gov.ph,gov.ph,Could not resolve host: www.binalonanwaterdistrict.gov.ph,none
www.binmaley.gov.ph,gov.ph,Could not resolve host: www.binmaley.gov.ph,none
www.bjmp.gov.ph,gov.ph,403,none
www.blog.mlang.gov.ph,gov.ph,Could not resolve host: www.blog.mlang.gov.ph,none
www.bme.armm.gov.ph,gov.ph,Could not resolve host: www.bme.armm.gov.ph,none
www.bnrs.dti.gov.ph,gov.ph,SSL: no alternative certificate subject name matches target hostname 'www.bnrs.dti.gov.ph',none
www.bohol.gov.ph,gov.ph,SSL: no alternative certificate subject name matches target hostname 'www.bohol.gov.ph',none
www.bongaomunicipal.gov.ph,gov.ph,Could not resolve host: www.bongaomunicipal.gov.ph,none
www.bontoc.gov.ph,gov.ph,Could not resolve host: www.bontoc.gov.ph,none
www.bpbilling.cagayandeoro.gov.ph,gov.ph,Could not resolve host: www.bpbilling.cagayandeoro.gov.ph,none
www.braulioedujali.gov.ph,gov.ph,301,none
www.bugasongwd.gov.ph,gov.ph,Operation timed out after 3001 milliseconds with 0 bytes received,none
www.bugasongwd.miagaowaterdistrict.gov.ph,gov.ph,Operation timed out after 3000 milliseconds with 0 bytes received,none
www.bulusan.gov.ph,gov.ph,Could not resolve host: www.bulusan.gov.ph,none
www.bureauofmadariseducation.armm.gov.ph,gov.ph,Could not resolve host: www.bureauofmadariseducation.armm.gov.ph,none
www.cab.gov.ph,gov.ph,200,none
www.cabanatuancity.gov.ph,gov.ph,Could not resolve host: www.cabanatuancity.gov.ph,none
www.cabatuan-isabela.gov.ph,gov.ph,301,none
www.cagayandeoro.gov.ph,gov.ph,Operation timed out after 3000 milliseconds with 0 bytes received,none
www.cagwait.gov.ph,gov.ph,403,none
www.calinogwaterdistrict.gov.ph,gov.ph,Operation timed out after 3000 milliseconds with 0 bytes received,none
www.calinogwaterdistrict.miagaowaterdistrict.gov.ph,gov.ph,Operation timed out after 3001 milliseconds with 0 bytes received,none
www.calumpit.gov.ph,gov.ph,301,none
www.canaman.gov.ph,gov.ph,403,none
www.capiz.gov.ph,gov.ph,Could not resolve host: www.capiz.gov.ph,none
www.cardonarizal.gov.ph,gov.ph,301,none
www.careers.immigration.gov.ph,gov.ph,SSL certificate problem: self-signed certificate,none
www.catbaloganwd.gov.ph,gov.ph,Could not resolve host: www.catbaloganwd.gov.ph,none
www.cawadi.gov.ph,gov.ph,Operation timed out after 3000 milliseconds with 0 bytes received,0 cawadi.gov.ph.
www.ccwd.gov.ph,gov.ph,Could not resolve host: www.ccwd.gov.ph,none
www.cebucity.gov.ph,gov.ph,Connection timed out after 3000 milliseconds,none
www.centraldatabase.mgb.gov.ph,gov.ph,Could not resolve host: www.centraldatabase.mgb.gov.ph,none
www.ceza.gov.ph,gov.ph,403,none
www.cfo.gov.ph,gov.ph,Operation timed out after 3001 milliseconds with 0 bytes received,none
www.cidgvps.pnp.gov.ph,gov.ph,Could not resolve host: www.cidgvps.pnp.gov.ph,none
www.ciiacfacadephilsinconline.miagaowaterdistrict.gov.ph,gov.ph,Could not resolve host: www.ciiacfacadephilsinconline.miagaowaterdistrict.gov.ph,none
www.cinemarehiyon9.nabunturan.gov.ph,gov.ph,200,none
www.citem.gov.ph,gov.ph,200,none
www.cityfinance.cagayandeoro.gov.ph,gov.ph,Could not resolve host: www.cityfinance.cagayandeoro.gov.ph,none
www.cityofmeycauayanbulacan.gov.ph,gov.ph,Could not resolve host: www.cityofmeycauayanbulacan.gov.ph,none
www.cityofsanpedrolaguna.gov.ph,gov.ph,302,none
www.ckwd.gov.ph,gov.ph,200,none
www.cnwd.gov.ph,gov.ph,403,none
www.coseram.caraga.dilg.gov.ph,gov.ph,SSL: no alternative certificate subject name matches target hostname 'www.coseram.caraga.dilg.gov.ph',0 coseram.caraga.dilg.gov.ph.
www.cp32.dswd.gov.ph,gov.ph,Resolving timed out after 3000 milliseconds,none
www.cpanel172.dswd.gov.ph,gov.ph,Resolving timed out after 3000 milliseconds,none
www.culasiwd.gov.ph,gov.ph,Operation timed out after 3001 milliseconds with 0 bytes received,0 culasiwd.gov.ph.
www.culasiwd.miagaowaterdistrict.gov.ph,gov.ph,Operation timed out after 3000 milliseconds with 0 bytes received,none
www.cwc.gov.ph,gov.ph,Resolving timed out after 3000 milliseconds,none
www.da.gov.ph,gov.ph,Connection timed out after 3002 milliseconds,5 alt2.aspmx.l.google.com.; 10 aspmx2.googlemail.com.; 5 alt1.aspmx.l.google.com.; 10 aspmx3.googlemail.com.; 1 aspmx.l.google.com.
www.daet.gov.ph,gov.ph,Could not resolve host: www.daet.gov.ph,none
www.dagupan.gov.ph,gov.ph,200,none
www.dalaguetewaterdistrict.gov.ph,gov.ph,Could not resolve host: www.dalaguetewaterdistrict.gov.ph,none
www.data.tabango-leyte.gov.ph,gov.ph,Could not resolve host: www.data.tabango-leyte.gov.ph,none
www.dev.armm.gov.ph,gov.ph,Could not resolve host: www.dev.armm.gov.ph,none
www.dev.dinagatislands.gov.ph,gov.ph,Could not resolve host: www.dev.dinagatislands.gov.ph,none
www.dict.gov.ph,gov.ph,403,none
www.didp.gov.ph,gov.ph,Could not resolve host: www.didp.gov.ph,none
www.dilasag-aurora.gov.ph,gov.ph,Could not resolve host: www.dilasag-aurora.gov.ph,none
www.dinagat.gov.ph,gov.ph,Could not resolve host: www.dinagat.gov.ph,none
www.dinagatislands.gov.ph,gov.ph,301,none
www.dinglepototanwd.gov.ph,gov.ph,Operation timed out after 3002 milliseconds with 0 bytes received,none
www.dinglepototanwd.miagaowaterdistrict.gov.ph,gov.ph,Operation timed out after 3002 milliseconds with 0 bytes received,none
www.dkis.dole.gov.ph,gov.ph,Could not resolve host: www.dkis.dole.gov.ph,none
www.dms.pcsd.gov.ph,gov.ph,Could not resolve host: www.dms.pcsd.gov.ph,none
www.doe.gov.ph,gov.ph,301,none
www.dole.gov.ph,gov.ph,403,none
www.doncarlos.gov.ph,gov.ph,Could not resolve host: www.doncarlos.gov.ph,none
www.donsalvadorbenedicto.gov.ph,gov.ph,Could not resolve host: www.donsalvadorbenedicto.gov.ph,none
www.dot.armm.gov.ph,gov.ph,Could not resolve host: www.dot.armm.gov.ph,none
www.dotcmrt3.gov.ph,gov.ph,Could not resolve host: www.dotcmrt3.gov.ph,none
www.drhtagum.gov.ph,gov.ph,Could not resolve host: www.drhtagum.gov.ph,none
www.dsportal.daet.gov.ph,gov.ph,Could not resolve host: www.dsportal.daet.gov.ph,none
www.dti.gov.ph,gov.ph,200,none
www.duenaswaterdistrict.gov.ph,gov.ph,Operation timed out after 3002 milliseconds with 0 bytes received,none
www.duenaswaterdistrict.miagaowaterdistrict.gov.ph,gov.ph,Operation timed out after 3002 milliseconds with 0 bytes received,none
www.dumalagwaterdistrict.gov.ph,gov.ph,Operation timed out after 3001 milliseconds with 0 bytes received,none
www.dumalagwaterdistrict.miagaowaterdistrict.gov.ph,gov.ph,Operation timed out after 3001 milliseconds with 0 bytes received,none
www.dumanjug.gov.ph,gov.ph,200,none
www.ebayad.gov.ph,gov.ph,Resolving timed out after 3000 milliseconds,none
www.ebirforms.bir.gov.ph,gov.ph,Resolving timed out after 3001 milliseconds,none
www.ecenter.mlang.gov.ph,gov.ph,Could not resolve host: www.ecenter.mlang.gov.ph,none
www.employees.metrocarigarawd.gov.ph,gov.ph,Could not resolve host: www.employees.metrocarigarawd.gov.ph,none
www.eregulations.gov.ph,gov.ph,Could not resolve host: www.eregulations.gov.ph,none
www.farmersguidemap.gov.ph,gov.ph,Resolving timed out after 3001 milliseconds,none
www.fastfact.daet.gov.ph,gov.ph,Could not resolve host: www.fastfact.daet.gov.ph,none
www.fda.gov.ph,gov.ph,403,none
www.financeservice.bjmp.gov.ph,gov.ph,Could not resolve host: www.financeservice.bjmp.gov.ph,none
www.financeservice1.bjmp.gov.ph,gov.ph,Could not resolve host: www.financeservice1.bjmp.gov.ph,none
www.fms824.dswd.gov.ph,gov.ph,Resolving timed out after 3000 milliseconds,none
www.foi.gov.ph,gov.ph,403,none
www.forums.opolmisor.gov.ph,gov.ph,Could not resolve host: www.forums.opolmisor.gov.ph,none
www.fw.iligan.gov.ph,gov.ph,Could not resolve host: www.fw.iligan.gov.ph,none
www.gad.pcsd.gov.ph,gov.ph,Could not resolve host: www.gad.pcsd.gov.ph,none
www.generalnakar.gov.ph,gov.ph,403,none
www.generaltrias.gov.ph,gov.ph,Operation timed out after 3000 milliseconds with 0 bytes received,none
www.gingoog.gov.ph,gov.ph,403,none
www.git.i.gov.ph,gov.ph,Could not resolve host: www.git.i.gov.ph,none
www.glan.gov.ph,gov.ph,Could not resolve host: www.glan.gov.ph,none
www.gov.ph,gov.ph,403,none
www.govgen.gov.ph,gov.ph,Could not resolve host: www.govgen.gov.ph,none
www.gppb.gov.ph,gov.ph,200,none
www.gsis.gov.ph,gov.ph,Failed to connect to www.gsis.gov.ph port 443 after 399 ms: Could not connect to server,none
www.guagua.gov.ph,gov.ph,403,none
www.guimbawaterdistrict.gov.ph,gov.ph,Could not resolve host: www.guimbawaterdistrict.gov.ph,none
www.gwhs-dev0.i.gov.ph,gov.ph,Could not resolve host: www.gwhs-dev0.i.gov.ph,none
www.gwhs-prod02.i.gov.ph,gov.ph,Could not resolve host: www.gwhs-prod02.i.gov.ph,none
www.gwhs-prod04.i.gov.ph,gov.ph,Could not resolve host: www.gwhs-prod04.i.gov.ph,none
www.gwhs-prod4.i.gov.ph,gov.ph,Could not resolve host: www.gwhs-prod4.i.gov.ph,none
www.gwhs.i.gov.ph,gov.ph,403,none
www.hdprc.gov.ph,gov.ph,Resolving timed out after 3000 milliseconds,none
www.health.marikina.gov.ph,gov.ph,Could not resolve host: www.health.marikina.gov.ph,none
www.hinatuan.gov.ph,gov.ph,Could not resolve host: www.hinatuan.gov.ph,none
www.hinobaan.gov.ph,gov.ph,200,none
www.history.daet.gov.ph,gov.ph,Could not resolve host: www.history.daet.gov.ph,none
www.home.popcom.gov.ph,gov.ph,Could not resolve host: www.home.popcom.gov.ph,none
www.host.peace.gov.ph,gov.ph,Could not resolve host: www.host.peace.gov.ph,none
www.hosting.negros-occ.gov.ph,gov.ph,TLS connect error: error:0A000410:SSL routines::ssl/tls alert handshake failure,none
www.hotel.marikina.gov.ph,gov.ph,Could not resolve host: www.hotel.marikina.gov.ph,none
www.hotline.daet.gov.ph,gov.ph,Could not resolve host: www.hotline.daet.gov.ph,none
www.hret.gov.ph,gov.ph,200,none
www.hris.bohol.gov.ph,gov.ph,Could not resolve host: www.hris.bohol.gov.ph,none
www.hrvclaimsboard.gov.ph,gov.ph,Could not resolve host: www.hrvclaimsboard.gov.ph,none
www.hungduan.gov.ph,gov.ph,403,none
www.icab.gov.ph,gov.ph,Resolving timed out after 3001 milliseconds,none
www.iecep-iligan.balo-i.gov.ph,gov.ph,Connection timed out after 3001 milliseconds,none
www.igbaraswaterdistrict.gov.ph,gov.ph,Could not resolve host: www.igbaraswaterdistrict.gov.ph,none
www.igbaraswaterdistrict.miagaowaterdistrict.gov.ph,gov.ph,Operation timed out after 3002 milliseconds with 0 bytes received,none
www.iligan.gov.ph,gov.ph,307,none
www.ilsdole.gov.ph,gov.ph,Could not resolve host: www.ilsdole.gov.ph,none
www.imus.gov.ph,gov.ph,Could not resolve host: www.imus.gov.ph,none
www.inabanga.gov.ph,gov.ph,Could not resolve host: www.inabanga.gov.ph,none
www.intranet.ppp.gov.ph,gov.ph,Resolving timed out after 3001 milliseconds,none
www.ipophil.gov.ph,gov.ph,Operation timed out after 3002 milliseconds with 0 bytes received,none
www.iqwd.gov.ph,gov.ph,301,none
www.irsis.bir.gov.ph,gov.ph,Resolving timed out after 3000 milliseconds,none
www.isvs.dole.gov.ph,gov.ph,Could not resolve host: www.isvs.dole.gov.ph,none
www.itogon.gov.ph,gov.ph,301,none
www.janiuay.gov.ph,gov.ph,Could not resolve host: www.janiuay.gov.ph,none
www.janiuaywaterdistrict.gov.ph,gov.ph,Operation timed out after 3002 milliseconds with 0 bytes received,none
www.janiuaywaterdistrict.miagaowaterdistrict.gov.ph,gov.ph,Operation timed out after 3001 milliseconds with 0 bytes received,none
www.jasaan.gov.ph,gov.ph,Could not resolve host: www.jasaan.gov.ph,none
www.jordanwaterdistrict.gov.ph,gov.ph,Could not resolve host: www.jordanwaterdistrict.gov.ph,none
www.jordanwaterdistrict.miagaowaterdistrict.gov.ph,gov.ph,Could not resolve host: www.jordanwaterdistrict.miagaowaterdistrict.gov.ph,none
www.kabacan.gov.ph,gov.ph,Could not resolve host: www.kabacan.gov.ph,0 kabacan.gov.ph.
www.kabankalanwater.gov.ph,gov.ph,Could not resolve host: www.kabankalanwater.gov.ph,none
www.kalayaanpalawan.gov.ph,gov.ph,200,none
www.kawit.gov.ph,gov.ph,Could not resolve host: www.kawit.gov.ph,none
www.kidapawancity.gov.ph,gov.ph,301,none
www.koronadal.gov.ph,gov.ph,Could not resolve host: www.koronadal.gov.ph,1 smtp.google.com.
www.lacarlotacitywaterdistrict.gov.ph,gov.ph,Could not resolve host: www.lacarlotacitywaterdistrict.gov.ph,none
www.lakesebu.gov.ph,gov.ph,Could not resolve host: www.lakesebu.gov.ph,none
www.lanaodelsur.gov.ph,gov.ph,403,none
www.lanuza.gov.ph,gov.ph,Could not resolve host: www.lanuza.gov.ph,none
www.latrinidad.gov.ph,gov.ph,SSL certificate problem: certificate has expired,none
www.lbp.bwsc.dole.gov.ph,gov.ph,Could not resolve host: www.lbp.bwsc.dole.gov.ph,none
www.lemerybatangas.gov.ph,gov.ph,200,none
www.lezo.gov.ph,gov.ph,301,none
www.lga.gov.ph,gov.ph,Could not resolve host: www.lga.gov.ph,none
www.lgoo.lga.gov.ph,gov.ph,Could not resolve host: www.lgoo.lga.gov.ph,none
www.lgrc.lga.gov.ph,gov.ph,Could not resolve host: www.lgrc.lga.gov.ph,none
www.lgu-santol.gov.ph,gov.ph,SSL: no alternative certificate subject name matches target hostname 'www.lgu-santol.gov.ph',none
www.lgukapalong.gov.ph,gov.ph,Could not resolve host: www.lgukapalong.gov.ph,none
www.lgumail.iligan.gov.ph,gov.ph,Could not resolve host: www.lgumail.iligan.gov.ph,none
www.lgupambujan.gov.ph,gov.ph,SSL certificate problem: certificate has expired,none
www.lguparanas.gov.ph,gov.ph,Could not resolve host: www.lguparanas.gov.ph,none
www.lian.gov.ph,gov.ph,Could not resolve host: www.lian.gov.ph,none
www.libon.gov.ph,gov.ph,Could not resolve host: www.libon.gov.ph,none
www.libungan.gov.ph,gov.ph,200,20 mx2.zoho.com.; 50 mx3.zoho.com.; 10 mx.zoho.com.
www.liliwlaguna.gov.ph,gov.ph,Could not resolve host: www.liliwlaguna.gov.ph,none
www.lis.deped.gov.ph,gov.ph,Resolving timed out after 3000 milliseconds,none
www.lobocbohol.gov.ph,gov.ph,200,none
www.loon.gov.ph,gov.ph,200,none
www.lubuagan.gov.ph,gov.ph,SSL certificate problem: certificate has expired,0 lubuagan.gov.ph.
www.luisianalaguna.gov.ph,gov.ph,Could not resolve host: www.luisianalaguna.gov.ph,none
www.lumc.gov.ph,gov.ph,Could not resolve host: www.lumc.gov.ph,none
www.lunaapayao.gov.ph,gov.ph,301,none
www.lupon.gov.ph,gov.ph,SSL certificate problem: self-signed certificate,none
www.luponwd.gov.ph,gov.ph,Operation timed out after 3000 milliseconds with 0 bytes received,none
www.lutayan.gov.ph,gov.ph,Could not resolve host: www.lutayan.gov.ph,none
www.mail.bswm.da.gov.ph,gov.ph,Resolving timed out after 3002 milliseconds,none
www.mail.cebucity.gov.ph,gov.ph,Resolving timed out after 3001 milliseconds,none
www.mail.mcwd.gov.ph,gov.ph,Could not resolve host: www.mail.mcwd.gov.ph,none
www.mail.pia.gov.ph,gov.ph,Could not resolve host: www.mail.pia.gov.ph,none
www.map.daet.gov.ph,gov.ph,Could not resolve host: www.map.daet.gov.ph,none
www.marikina.gov.ph,gov.ph,200,0 mail.marikina.gov.ph.
www.marinduque.gov.ph,gov.ph,Could not resolve host: www.marinduque.gov.ph,none
www.marivelesbataan.gov.ph,gov.ph,Could not resolve host: www.marivelesbataan.gov.ph,none
www.mati.gov.ph,gov.ph,301,none
www.mcwd.gov.ph,gov.ph,302,none
www.metrocarigarawd.gov.ph,gov.ph,Could not resolve host: www.metrocarigarawd.gov.ph,none
www.metrocotabatowd.gov.ph,gov.ph,Operation timed out after 3002 milliseconds with 0 bytes received,none
www.metrolipawd.gov.ph,gov.ph,Could not resolve host: www.metrolipawd.gov.ph,none
www.metroviganwd.gov.ph,gov.ph,Operation timed out after 3002 milliseconds with 0 bytes received,none
www.miagao.gov.ph,gov.ph,Operation timed out after 3001 milliseconds with 0 bytes received,none
www.miagaowaterdistrict.gov.ph,gov.ph,Operation timed out after 3002 milliseconds with 0 bytes received,none
www.midsayap.gov.ph,gov.ph,200,none
www.minda.gov.ph,gov.ph,403,5 alt2.aspmx.l.google.com.; 10 alt3.aspmx.l.google.com.; 5 alt1.aspmx.l.google.com.; 10 alt4.aspmx.l.google.com.; 1 aspmx.l.google.com.
www.miwd.gov.ph,gov.ph,301,0 miwd.gov.ph.
www.mlang.gov.ph,gov.ph,SSL certificate problem: certificate has expired,none
www.mmh.gov.ph,gov.ph,Could not resolve host: www.mmh.gov.ph,none
www.mnwd.gov.ph,gov.ph,200,none
www.monitor.lga.gov.ph,gov.ph,Could not resolve host: www.monitor.lga.gov.ph,none
www.mountainprovince.gov.ph,gov.ph,SSL certificate problem: self-signed certificate,none
www.mric.gov.ph,gov.ph,Resolving timed out after 3000 milliseconds,dig error
www.msfwd.gov.ph,gov.ph,406,none
www.municipalityofbulakan.gov.ph,gov.ph,Could not resolve host: www.municipalityofbulakan.gov.ph,none
www.munozwaterdistrict.gov.ph,gov.ph,Could not resolve host: www.munozwaterdistrict.gov.ph,none
www.mwss.gov.ph,gov.ph,Could not resolve host: www.mwss.gov.ph,none
www.nabunturan.gov.ph,gov.ph,200,none
www.naguilianlu.gov.ph,gov.ph,200,none
www.nationalmuseum.gov.ph,gov.ph,200,none
www.natonin.gov.ph,gov.ph,Could not resolve host: www.natonin.gov.ph,none
www.nbdb.gov.ph,gov.ph,Could not resolve host: www.nbdb.gov.ph,none
www.ncwd.gov.ph,gov.ph,Could not resolve host: www.ncwd.gov.ph,none
www.ndc.gov.ph,gov.ph,200,none
www.ndcsvr.ndc.gov.ph,gov.ph,Could not resolve host: www.ndcsvr.ndc.gov.ph,none
www.neo.lga.gov.ph,gov.ph,SSL certificate problem: certificate has expired,none
www.newcorella.gov.ph,gov.ph,Could not resolve host: www.newcorella.gov.ph,10 mx2.hostinger.com.; 5 mx1.hostinger.com.
www.nml.gov.ph,gov.ph,Could not resolve host: www.nml.gov.ph,none
www.norwd.gov.ph,gov.ph,200,none
www.nsw.gov.ph,gov.ph,SSL certificate problem: unable to get local issuer certificate,none
www.ntc.gov.ph,gov.ph,403,none
www.ocdms.lga.gov.ph,gov.ph,Could not resolve host: www.ocdms.lga.gov.ph,none
www.old.naguilianlu.gov.ph,gov.ph,Could not resolve host: www.old.naguilianlu.gov.ph,none
www.olongapocity.gov.ph,gov.ph,301,none
www.omb.gov.ph,gov.ph,Connection timed out after 3002 milliseconds,none
www.onemap.marikina.gov.ph,gov.ph,Could not resolve host: www.onemap.marikina.gov.ph,none
www.op-proper.gov.ph,gov.ph,403,none
www.opolmisor.gov.ph,gov.ph,301,none
www.osdl.asti.dost.gov.ph,gov.ph,Resolving timed out after 3000 milliseconds,none
www.palawan.gov.ph,gov.ph,301,none
www.palayancity.gov.ph,gov.ph,Could not resolve host: www.palayancity.gov.ph,none
www.panabocity.gov.ph,gov.ph,405,none
www.pandan-antique.gov.ph,gov.ph,Could not resolve host: www.pandan-antique.gov.ph,none
www.pangasinan.gov.ph,gov.ph,200,none
www.paniqui.gov.ph,gov.ph,Could not resolve host: www.paniqui.gov.ph,none
www.pastmayors.daet.gov.ph,gov.ph,Could not resolve host: www.pastmayors.daet.gov.ph,none
www.patnanungan.gov.ph,gov.ph,Could not resolve host: www.patnanungan.gov.ph,none
www.patnongonwd.gov.ph,gov.ph,Operation timed out after 3001 milliseconds with 0 bytes received,none
www.patnongonwdnew.miagaowaterdistrict.gov.ph,gov.ph,Operation timed out after 3001 milliseconds with 0 bytes received,none
www.payment.cfo.gov.ph,gov.ph,Could not resolve host: www.payment.cfo.gov.ph,none
www.pcsd.gov.ph,gov.ph,301,0 pcsd.gov.ph.
www.pdgcc.gov.ph,gov.ph,301,none
www.peace.gov.ph,gov.ph,301,none
www.peza.gov.ph,gov.ph,SSL certificate problem: unable to get local issuer certificate,none
www.philgeps.gov.ph,gov.ph,301,none
www.philhealth.gov.ph,gov.ph,200,none
www.philjobnet.gov.ph,gov.ph,Could not resolve host: www.philjobnet.gov.ph,none
www.philsucor.gov.ph,gov.ph,Connection timed out after 3000 milliseconds,none
www.pikit.gov.ph,gov.ph,200,10 pikit.gov.ph.
www.pinili.gov.ph,gov.ph,Could not resolve host: www.pinili.gov.ph,none
www.pkp.pcsd.gov.ph,gov.ph,301,none
www.portal.gov.ph,gov.ph,Could not resolve host: www.portal.gov.ph,none
www.privacy.gov.ph,gov.ph,403,none
www.prmf.lga.gov.ph,gov.ph,Could not resolve host: www.prmf.lga.gov.ph,none
www.pro3vps.pnp.gov.ph,gov.ph,Could not resolve host: www.pro3vps.pnp.gov.ph,none
www.reasontoinvest.daet.gov.ph,gov.ph,Could not resolve host: www.reasontoinvest.daet.gov.ph,none
www.rizalkalinga.gov.ph,gov.ph,Could not resolve host: www.rizalkalinga.gov.ph,none
www.roadsafety.gov.ph,gov.ph,Could not resolve host: www.roadsafety.gov.ph,none
www.roxascity.gov.ph,gov.ph,Could not resolve host: www.roxascity.gov.ph,none
www.rtradn.gov.ph,gov.ph,301,none
www.samalcity.gov.ph,gov.ph,200,none
www.sanandres.catanduanes.gov.ph,gov.ph,Could not resolve host: www.sanandres.catanduanes.gov.ph,none
www.sanjoaquinwd.gov.ph,gov.ph,Operation timed out after 3002 milliseconds with 0 bytes received,none
www.sanjoaquinwd.miagaowaterdistrict.gov.ph,gov.ph,Operation timed out after 3002 milliseconds with 0 bytes received,none
www.sanjoseantique.gov.ph,gov.ph,Could not resolve host: www.sanjoseantique.gov.ph,none
www.sanjosedi.gov.ph,gov.ph,Could not resolve host: www.sanjosedi.gov.ph,none
www.sanjuancity.gov.ph,gov.ph,200,none
www.sanmanuelwaterdistrict.gov.ph,gov.ph,301,0 sanmanuelwaterdistrict.gov.ph.
www.sannicolasilocosnorte.gov.ph,gov.ph,Resolving timed out after 3001 milliseconds,none
www.sanrafael.gov.ph,gov.ph,301,none
www.sanrafaelwaterdistrict.gov.ph,gov.ph,404,none
www.santarosacity.gov.ph,gov.ph,301,none
www.santotomas.gov.ph,gov.ph,Could not resolve host: www.santotomas.gov.ph,none
www.sarangani.gov.ph,gov.ph,403,none
www.sb.naguilianlu.gov.ph,gov.ph,Could not resolve host: www.sb.naguilianlu.gov.ph,none
www.scwdlaguna.gov.ph,gov.ph,403,none
www.server.armm.gov.ph,gov.ph,Could not resolve host: www.server.armm.gov.ph,none
www.sibalomwd.gov.ph,gov.ph,Operation timed out after 3001 milliseconds with 0 bytes received,none
www.sibalomwd.miagaowaterdistrict.gov.ph,gov.ph,Operation timed out after 3002 milliseconds with 0 bytes received,none
www.silang.gov.ph,gov.ph,Could not resolve host: www.silang.gov.ph,none
www.sis.cfo.gov.ph,gov.ph,Could not resolve host: www.sis.cfo.gov.ph,none
www.sogodwd.gov.ph,gov.ph,Could not resolve host: www.sogodwd.gov.ph,none
www.spda.gov.ph,gov.ph,Could not resolve host: www.spda.gov.ph,0 spda.gov.ph.
www.sra.gov.ph,gov.ph,Could not resolve host: www.sra.gov.ph,none
www.sss.gov.ph,gov.ph,Could not resolve host: www.sss.gov.ph,none
www.stacruz-is.gov.ph,gov.ph,Could not resolve host: www.stacruz-is.gov.ph,none
www.stacruz.gov.ph,gov.ph,Could not resolve host: www.stacruz.gov.ph,none
www.stacruzmarinduque.gov.ph,gov.ph,Could not resolve host: www.stacruzmarinduque.gov.ph,none
www.staff.pcsd.gov.ph,gov.ph,Could not resolve host: www.staff.pcsd.gov.ph,none
www.staging.loon.gov.ph,gov.ph,Could not resolve host: www.staging.loon.gov.ph,none
www.stamagdalena.gov.ph,gov.ph,200,none
www.stcw.marina.gov.ph,gov.ph,Could not resolve host: www.stcw.marina.gov.ph,none
www.stotomas.gov.ph,gov.ph,Could not resolve host: www.stotomas.gov.ph,none
www.stotomaspangwd.gov.ph,gov.ph,301,none
www.svps.immigration.gov.ph,gov.ph,Connection timed out after 3001 milliseconds,none
www.sy.opolmisor.gov.ph,gov.ph,Could not resolve host: www.sy.opolmisor.gov.ph,none
www.sync.pids.gov.ph,gov.ph,Resolving timed out after 3001 milliseconds,none
www.tabango-leyte.gov.ph,gov.ph,Could not resolve host: www.tabango-leyte.gov.ph,none
www.tacurong.gov.ph,gov.ph,403,none
www.tadian.gov.ph,gov.ph,SSL certificate problem: self-signed certificate,none
www.talaingod.gov.ph,gov.ph,Could not resolve host: www.talaingod.gov.ph,none
www.talentbank.ppp.gov.ph,gov.ph,Resolving timed out after 3000 milliseconds,none
www.talibon-bohol.gov.ph,gov.ph,Could not resolve host: www.talibon-bohol.gov.ph,none
www.talibonwd.gov.ph,gov.ph,Could not resolve host: www.talibonwd.gov.ph,none
www.tanaywaterdistrict.gov.ph,gov.ph,200,none
www.taraka.gov.ph,gov.ph,Could not resolve host: www.taraka.gov.ph,none
www.taytayrizal.gov.ph,gov.ph,200,none
www.teresarizal.gov.ph,gov.ph,200,none
www.tinambac.gov.ph,gov.ph,200,none
www.torrijosmarinduque.gov.ph,gov.ph,Could not resolve host: www.torrijosmarinduque.gov.ph,none
www.tourism.mlang.gov.ph,gov.ph,Could not resolve host: www.tourism.mlang.gov.ph,none
www.tpb.gov.ph,gov.ph,301,none
www.tuba.gov.ph,gov.ph,200,none
www.tublay.gov.ph,gov.ph,403,none
www.uminganwaterdistrict.gov.ph,gov.ph,429,none
www.underconstruction.daet.gov.ph,gov.ph,Could not resolve host: www.underconstruction.daet.gov.ph,none
www.unesco.gov.ph,gov.ph,200,none
www.upcomingevent.daet.gov.ph,gov.ph,Could not resolve host: www.upcomingevent.daet.gov.ph,none
www.v2v.lga.gov.ph,gov.ph,Could not resolve host: www.v2v.lga.gov.ph,none
www.valladolid.gov.ph,gov.ph,Could not resolve host: www.valladolid.gov.ph,none
www.vcwd.gov.ph,gov.ph,Could not resolve host: www.vcwd.gov.ph,1 aspmx.l.google.com.; 10 aspmx2.l.google.com.; 5 alt2.aspmx.l.google.com.; 10 aspmx3.l.google.com.; 5 alt1.aspmx.l.google.com.
www.vdrtest.ppp.gov.ph,gov.ph,Resolving timed out after 3000 milliseconds,none
www.villasis.gov.ph,gov.ph,SSL certificate problem: self-signed certificate,none
www.vision.mision.daet.gov.ph,gov.ph,Could not resolve host: www.vision.mision.daet.gov.ph,none
www.vision.mision.daet.gov.ph.daet.gov.ph,gov.ph,Could not resolve host: www.vision.mision.daet.gov.ph.daet.gov.ph,none
www.vua.immigration.gov.ph,gov.ph,Could not resolve host: www.vua.immigration.gov.ph,none
www.web35.mabini-pangasinan.gov.ph,gov.ph,Could not resolve host: www.web35.mabini-pangasinan.gov.ph,none
www.zarragawaterdistrict.gov.ph,gov.ph,Could not resolve host: www.zarragawaterdistrict.gov.ph,none
www.zarragawaterdistrict.miagaowaterdistrict.gov.ph,gov.ph,Operation timed out after 3001 milliseconds with 0 bytes received,none
www1.irsis.bir.gov.ph,gov.ph,Resolving timed out after 3001 milliseconds,none
www2.irsis.bir.gov.ph,gov.ph,Resolving timed out after 3000 milliseconds,none
zarragawaterdistrict.gov.ph,gov.ph,Could not resolve host: zarragawaterdistrict.gov.ph,none
zarragawaterdistrict.miagaowaterdistrict.gov.ph,gov.ph,Operation timed out after 3001 milliseconds with 0 bytes received,none
