subdomain,http_status,mx
5nations.pptc.gc.ca,ConnectException > NoRouteToHostException: Host is unreachable,
a.sra-ads.cic.gc.ca,HttpConnectTimeoutException > ConnectException: HTTP connect timed out,
ab-chercheur.guichetemplois.gc.ca,301,
ab-employer.jobbank.gc.ca,302,
ab-employeur.guichetemplois.gc.ca,302,
ab-seeker.jobbank.gc.ca,301,
abeona.drdc-rddc.gc.ca,SSLHandshakeException > CertificateException: No subject alternative DNS name matching abeona.drdc-rddc.gc.ca found.,
ac.osfi-bsif.gc.ca,ConnectException > UnresolvedAddressException,
access.parlissi.gc.ca,HttpConnectTimeoutException > ConnectException: HTTP connect timed out,
access.wd-deo.gc.ca,ConnectException > UnresolvedAddressException,
access3.parl.gc.ca,ConnectException > UnresolvedAddressException,
access4.parl.gc.ca,ConnectException > UnresolvedAddressException,
accesskey-cledacces.gc.ca,ConnectException > UnresolvedAddressException,
accesskey.gc.ca,ConnectException > UnresolvedAddressException,
accesstotravel.gc.ca,ConnectException > UnresolvedAddressException,
accounts.bwbc.gc.ca,ConnectException > UnresolvedAddressException,
accreditationcanada.gc.ca,200,
acct.forums.ps-sp.gc.ca,SSLHandshakeException > ValidatorException > CertPathValidatorException > CertificateExpiredException: NotAfter: Sat Apr 12 16:47:52 CEST 2025,
achatsendirect-e-purchasing.gc.ca,HttpConnectTimeoutException > ConnectException: HTTP connect timed out,
achatsetventes-buyandsell-stg.fjgc-gccf.gc.ca,HttpConnectTimeoutException > ConnectException: HTTP connect timed out,
achatsetventes-buyandsell.fjgc-gccf.gc.ca,HttpConnectTimeoutException > ConnectException: HTTP connect timed out,
achatsetventes-buyandsell.gc.ca,HttpConnectTimeoutException > ConnectException: HTTP connect timed out,
achatsetventes.gc.ca,ConnectException > UnresolvedAddressException,
acoa-exchg-cas.acoa-apeca.gc.ca,ConnectException > UnresolvedAddressException,
acp.oag-bvg.gc.ca,ConnectException > UnresolvedAddressException,
acs-saa.pwgsc-tpsgc.gc.ca,HttpConnectTimeoutException > ConnectException: HTTP connect timed out,
active.inspection.gc.ca,HttpConnectTimeoutException > ConnectException: HTTP connect timed out,
actualiser.oec.gc.ca,HttpConnectTimeoutException > ConnectException: HTTP connect timed out,
acwcx324.acdi-cida.gc.ca,ConnectException > UnresolvedAddressException,
admin.ncstest.gc.ca,HttpConnectTimeoutException > ConnectException: HTTP connect timed out,
admin.sakmsdev.gc.ca,HttpConnectTimeoutException > ConnectException: HTTP connect timed out,
admin.testpki.gc.ca,HttpConnectTimeoutException > ConnectException: HTTP connect timed out,
adpgc.tc.gc.ca,SSLHandshakeException > CertificateException: No subject alternative DNS name matching adpgc.tc.gc.ca found.,
adra.cta-otc.gc.ca,HttpConnectTimeoutException > ConnectException: HTTP connect timed out,
ads-sra.acdi-cida.gc.ca,HttpConnectTimeoutException > ConnectException: HTTP connect timed out,
ads-sra.preprod.acdi-cida.gc.ca,ConnectException > UnresolvedAddressException,
adum-guru.infrastructure.gc.ca,HttpConnectTimeoutException > ConnectException: HTTP connect timed out,
adum-guru.uat.infrastructure.gc.ca,HttpConnectTimeoutException > ConnectException: HTTP connect timed out,
aedi.ec.gc.ca,HttpConnectTimeoutException > ConnectException: HTTP connect timed out,
aero-oitc.phac-aspc.gc.ca,302,
afghanistan.gc.ca,HttpConnectTimeoutException > ConnectException: HTTP connect timed out,
agr.gc.ca,SSLHandshakeException > CertificateException: No subject alternative DNS name matching agr.gc.ca found.,
agriapps3.agr.gc.ca,HttpConnectTimeoutException > ConnectException: HTTP connect timed out,
agriforum-collaboration.agr.gc.ca,HttpConnectTimeoutException > ConnectException: HTTP connect timed out,
agriforum-rtc.agr.gc.ca,ConnectException > NoRouteToHostException: Host is unreachable,
aimfc.nrcan.gc.ca,ConnectException > UnresolvedAddressException,
aimfc.rncan.gc.ca,301,
aisqvpn01h.international.gc.ca,HttpConnectTimeoutException > ConnectException: HTTP connect timed out,
ak.excol-ceed.gc.ca,HttpConnectTimeoutException > ConnectException: HTTP connect timed out,
ak0t1zif900-cnsc-ccsn.fjgc-gccf.gc.ca,ConnectException > UnresolvedAddressException,
akot1zif900-cnsc-ccsn.fjgc-gccf.gc.ca,HttpConnectTimeoutException > ConnectException: HTTP connect timed out,
akot1zif900.cnsc-ccsn.gc.ca,SSLHandshakeException > ValidatorException > SunCertPathBuilderException: unable to find valid certification path to requested target,
akot1zif900.cnsc.gc.ca,HttpConnectTimeoutException > ConnectException: HTTP connect timed out,
akppaz1-neb-one.fjgc-gccf.gc.ca,HttpConnectTimeoutException > ConnectException: HTTP connect timed out,
akppaz1.neb-one.gc.ca,HttpConnectTimeoutException > ConnectException: HTTP connect timed out,
akppaz3.neb-one.gc.ca,SSLHandshakeException > SocketException: Connection reset,
aktpaz1.neb-one.gc.ca,200,
aktpaz3.neb-one.gc.ca,200,
akwww2.wd-deo.gc.ca,ConnectException > UnresolvedAddressException,
akwww2dev.wd-deo.gc.ca,ConnectException > UnresolvedAddressException,
alfresco.ahrc-pac.gc.ca,ConnectException > UnresolvedAddressException,
am.acdi-cida.gc.ca,HttpConnectTimeoutException > ConnectException: HTTP connect timed out,
ami.asc-csa.gc.ca,ConnectException > UnresolvedAddressException,
ams-sga-cra-arc.fjgc-gccf.gc.ca,HttpConnectTimeoutException > ConnectException: HTTP connect timed out,
ams-sga-ua-cra-arc.fjgc-gccf.gc.ca,HttpConnectTimeoutException > ConnectException: HTTP connect timed out,
ams-sga-ua.cra-arc.gc.ca,HttpConnectTimeoutException > ConnectException: HTTP connect timed out,
ams-sga.cra-arc.gc.ca,HttpConnectTimeoutException > ConnectException: HTTP connect timed out,
analyseur-analyzer.btb.gc.ca,HttpConnectTimeoutException > ConnectException: HTTP connect timed out,
apc-cap.ic.gc.ca,HttpConnectTimeoutException > ConnectException: HTTP connect timed out,
apex-ex01.apex.gc.ca,HttpConnectTimeoutException > ConnectException: HTTP connect timed out,
apex.gc.ca,HttpConnectTimeoutException > ConnectException: HTTP connect timed out,
api.geds-sage.gc.ca,200,
api.geds.gc.ca,301,
api.sage-geds.gc.ca,HttpConnectTimeoutException > ConnectException: HTTP connect timed out,
api.sage.gc.ca,SSLHandshakeException > ValidatorException > CertPathValidatorException > CertificateExpiredException: NotAfter: Fri Jul 23 16:29:08 CEST 2021,
apn.gc.ca,HttpConnectTimeoutException > ConnectException: HTTP connect timed out,
apollo.ic.gc.ca,HttpConnectTimeoutException > ConnectException: HTTP connect timed out,
app-ppa.agr.gc.ca,301,
app80.hc-sc.gc.ca,ConnectException > UnresolvedAddressException,
applc.dec-ced.gc.ca,ConnectException > UnresolvedAddressException,
application.cdc-ccl.gc.ca,SSLHandshakeException > CertificateException: No subject alternative DNS name matching application.cdc-ccl.gc.ca found.,
applications.cisti-icist.nrc-cnrc.gc.ca,ConnectException > UnresolvedAddressException,
applications.crtc.gc.ca,200,
appraisaleit.cmhc-schl.gc.ca,ConnectException > UnresolvedAddressException,
appraisaltest.cmhc-schl.gc.ca,HttpConnectTimeoutException > ConnectException: HTTP connect timed out,
apprentissage-learning.acdi-cida.gc.ca,HttpConnectTimeoutException > ConnectException: HTTP connect timed out,
apprentissage-learning.bst-tsb.gc.ca,HttpConnectTimeoutException > ConnectException: HTTP connect timed out,
approti.ssc-spc.gc.ca,ConnectException > UnresolvedAddressException,
apps-cbsa-asfc.fjgc-gccf.gc.ca,HttpConnectTimeoutException > ConnectException: HTTP connect timed out,
apps-ct.cra-arc.gc.ca,200,
apps-scf-cfs.nrcan.gc.ca,403,
apps-scf-cfs.rncan.gc.ca,HttpConnectTimeoutException > ConnectException: HTTP connect timed out,
apps-test.cbsa-asfc.gc.ca,SSLHandshakeException > ValidatorException > SunCertPathBuilderException: unable to find valid certification path to requested target,
apps-to1.cbsa-asfc.gc.ca,200,
apps-wo.cbsa-asfc.gc.ca,200,
apps.cbsa-asfc.gc.ca,302,
apps.citt-tcce.gc.ca,ConnectException > UnresolvedAddressException,
apps.international.gc.ca,ConnectException > NoRouteToHostException: Host is unreachable,
apps.neb-one.gc.ca,SSLHandshakeException > SocketException: Connection reset,
apps.oto-boc.gc.ca,302,
apps.ss.ec.gc.ca,403,
apps.ssqc.ec.gc.ca,403,
apps1.ams-sga-ua.cra-arc.gc.ca,HttpConnectTimeoutException > ConnectException: HTTP connect timed out,
apps1.ams-sga.cra-arc.gc.ca,HttpConnectTimeoutException > ConnectException: HTTP connect timed out,
apps1b.ams-sga.cra-arc.gc.ca,ConnectException > UnresolvedAddressException,
apps2.ams-sga-ua.cra-arc.gc.ca,ConnectException > UnresolvedAddressException,
apps2.ams-sga.cra-arc.gc.ca,200,
apps2b.ams-sga.cra-arc.gc.ca,ConnectException > UnresolvedAddressException,
apps3.ams-sga-ua.cra-arc.gc.ca,ConnectException > UnresolvedAddressException,
apps3.ams-sga.cra-arc.gc.ca,200,
apps3b.ams-sga.cra-arc.gc.ca,ConnectException > UnresolvedAddressException,
apps4.ams-sga-ua.cra-arc.gc.ca,HttpConnectTimeoutException > ConnectException: HTTP connect timed out,
apps4.ams-sga.cra-arc.gc.ca,200,
apps4b.ams-sga.cra-arc.gc.ca,HttpConnectTimeoutException > ConnectException: HTTP connect timed out,
apps5.ams-sga-ua.cra-arc.gc.ca,ConnectException > UnresolvedAddressException,
apps5.ams-sga.cra-arc.gc.ca,200,
apps5b.ams-sga.cra-arc.gc.ca,ConnectException > UnresolvedAddressException,
apps6.ams-sga.cra-arc.gc.ca,200,
apps7.ams-sga.cra-arc.gc.ca,HttpConnectTimeoutException > ConnectException: HTTP connect timed out,
apps8.ams-sga.cra-arc.gc.ca,200,
appsb.ams-sga.cra-arc.gc.ca,ConnectException > UnresolvedAddressException,
article.pubs.nrc-cnrc.gc.ca,ConnectException > UnresolvedAddressException,
as-sa.aadnc-aandc.gc.ca,ConnectException > UnresolvedAddressException,
asc-csa.gc.ca,SSLHandshakeException > SocketException: Connection reset,
async.catsa.gc.ca,HttpConnectTimeoutException > ConnectException: HTTP connect timed out,
athena.itsso.gc.ca,HttpConnectTimeoutException > ConnectException: HTTP connect timed out,
atip-aiprp.apps.gc.ca,SSLHandshakeException > ValidatorException > SunCertPathBuilderException: unable to find valid certification path to requested target,
atssc-scdata.gc.ca,ConnectException > UnresolvedAddressException,
auteur.achatsetventes.gc.ca,ConnectException > UnresolvedAddressException,
auteur.beta.achatsetventes.gc.ca,ConnectException > UnresolvedAddressException,
authenticate-authentifier.ncstest.gc.ca,ConnectException > UnresolvedAddressException,
authenticate-authentifier.sakmsdev.gc.ca,HttpConnectTimeoutException > ConnectException: HTTP connect timed out,
authenticate-authentifier.testpki.gc.ca,ConnectException > UnresolvedAddressException,
author.beta.buyandsell.gc.ca,ConnectException > UnresolvedAddressException,
author.buyandsell.gc.ca,ConnectException > UnresolvedAddressException,
autodiscover.acoa-apeca.gc.ca,HttpConnectTimeoutException > ConnectException: HTTP connect timed out,
autodiscover.apex.gc.ca,HttpConnectTimeoutException > ConnectException: HTTP connect timed out,
autodiscover.apl.gc.ca,HttpConnectTimeoutException > ConnectException: HTTP connect timed out,
autodiscover.cnrc-nrc.gc.ca,SSLHandshakeException > ValidatorException > SunCertPathBuilderException: unable to find valid certification path to requested target,
autodiscover.dec-ced.gc.ca,HttpConnectTimeoutException > ConnectException: HTTP connect timed out,
autodiscover.dfo-mpo.gc.ca,HttpConnectTimeoutException > ConnectException: HTTP connect timed out,
autodiscover.ecbc-secb.gc.ca,ConnectException > UnresolvedAddressException,
autodiscover.fja-cmf.gc.ca,HttpConnectTimeoutException > ConnectException: HTTP connect timed out,
autodiscover.horizons.gc.ca,HttpConnectTimeoutException > ConnectException: HTTP connect timed out,
autodiscover.lab.telefilm.gc.ca,ConnectException > UnresolvedAddressException,
autodiscover.mgerc-ceegm.gc.ca,ConnectException > ClosedChannelException,
autodiscover.neb-one.gc.ca,HttpConnectTimeoutException > ConnectException: HTTP connect timed out,
autodiscover.notes.cmhc-schl.gc.ca,HttpConnectTimeoutException > ConnectException: HTTP connect timed out,
autodiscover.nrc-cnrc.gc.ca,HttpConnectTimeoutException > ConnectException: HTTP connect timed out,
autodiscover.nrcan-rncan.gc.ca,HttpConnectTimeoutException > ConnectException: HTTP connect timed out,
autodiscover.nrcan.gc.ca,ConnectException > UnresolvedAddressException,
autodiscover.ocol-clo.gc.ca,ConnectException > ClosedChannelException,
autodiscover.parl.gc.ca,ConnectException > ClosedChannelException,
autodiscover.parlissi.gc.ca,ConnectException > UnresolvedAddressException,
autodiscover.pmprb-cepmb.gc.ca,SSLHandshakeException > ValidatorException > SunCertPathBuilderException: unable to find valid certification path to requested target,
autodiscover.ppa.gc.ca,ConnectException > ClosedChannelException,
autodiscover.pwgsc-tpsgc.gc.ca,HttpConnectTimeoutException > ConnectException: HTTP connect timed out,
autodiscover.pwgsc.gc.ca,ConnectException > UnresolvedAddressException,
autodiscover.rncan-nrcan.gc.ca,HttpConnectTimeoutException > ConnectException: HTTP connect timed out,
autodiscover.scics.gc.ca,HttpConnectTimeoutException > ConnectException: HTTP connect timed out,
autodiscover.sdeeds.parlissi.gc.ca,HttpConnectTimeoutException > ConnectException: HTTP connect timed out,
autodiscover.sen.parl.gc.ca,HttpConnectTimeoutException > ConnectException: HTTP connect timed out,
autodiscover.spc-ssc.gc.ca,HttpConnectTimeoutException > ConnectException: HTTP connect timed out,
autodiscover.spc.gc.ca,HttpConnectTimeoutException > ConnectException: HTTP connect timed out,
autodiscover.ssc-spc.gc.ca,HttpConnectTimeoutException > ConnectException: HTTP connect timed out,
autodiscover.ssc.gc.ca,HttpConnectTimeoutException > ConnectException: HTTP connect timed out,
autodiscover.telefilm.gc.ca,ConnectException > ClosedChannelException,
autodiscover.tpsgc-pwgsc.gc.ca,HttpConnectTimeoutException > ConnectException: HTTP connect timed out,
autodiscover.tpsgc.gc.ca,HttpConnectTimeoutException > ConnectException: HTTP connect timed out,
av.neb-one.gc.ca,ConnectException > UnresolvedAddressException,
awmdm.catsa.gc.ca,HttpConnectTimeoutException > ConnectException: HTTP connect timed out,
awr-cwa.tpsgc-pwgsc.gc.ca,HttpConnectTimeoutException > ConnectException: HTTP connect timed out,
azfs.tbs-sct.gc.ca,ConnectException > UnresolvedAddressException,
b.sra-ads.cic.gc.ca,ConnectException > UnresolvedAddressException,
b2bservices.cmhc-schl.gc.ca,HttpConnectTimeoutException > ConnectException: HTTP connect timed out,
b2bsvcs-dev.cmhc-schl.gc.ca,HttpConnectTimeoutException > ConnectException: HTTP connect timed out,
bac-lac.gc.ca,HttpConnectTimeoutException > ConnectException: HTTP connect timed out,
bb10uds.inspection.gc.ca,ConnectException > NoRouteToHostException: Host is unreachable,
bc-cb.rcmp-grc.gc.ca,HttpConnectTimeoutException > ConnectException: HTTP connect timed out,
bc-chercheur.guichetemplois.gc.ca,SSLHandshakeException > CertificateException: No subject alternative DNS name matching bc-chercheur.guichetemplois.gc.ca found.,
bc-employer.jobbank.gc.ca,302,
bc-employeur.guichetemplois.gc.ca,302,
bc-seeker.jobbank.gc.ca,301,
bc.rcmp-grc.gc.ca,301,
bcfcc-fccvc-2.infrastructure.gc.ca,HttpConnectTimeoutException > ConnectException: HTTP connect timed out,
bcfcc-fccvc.infrastructure.gc.ca,HttpConnectTimeoutException > ConnectException: HTTP connect timed out,
bcfcc-fccvc.uat.infrastructure.gc.ca,ConnectException > UnresolvedAddressException,
bcp.fcac-acfc.gc.ca,ConnectException > UnresolvedAddressException,
bdca-ccdb.acdi-cida.gc.ca,HttpConnectTimeoutException > ConnectException: HTTP connect timed out,
bejingvpn01r.international.gc.ca,HttpConnectTimeoutException > ConnectException: HTTP connect timed out,
bell-de1-spte2.egs-seg.gc.ca,HttpConnectTimeoutException > ConnectException: HTTP connect timed out,
bell-de1-spte3.egs-seg.gc.ca,HttpConnectTimeoutException > ConnectException: HTTP connect timed out,
bell-de1-stg.egs-seg.gc.ca,HttpConnectTimeoutException > ConnectException: HTTP connect timed out,
bell-de1.egs-seg.gc.ca,HttpConnectTimeoutException > ConnectException: HTTP connect timed out,
bell-de2-spte2.egs-seg.gc.ca,HttpConnectTimeoutException > ConnectException: HTTP connect timed out,
bell-de2-spte3.egs-seg.gc.ca,HttpConnectTimeoutException > ConnectException: HTTP connect timed out,
bell-de2-stg.egs-seg.gc.ca,HttpConnectTimeoutException > ConnectException: HTTP connect timed out,
bell-de2.egs-seg.gc.ca,HttpConnectTimeoutException > ConnectException: HTTP connect timed out,
besr02-dev.hc-sc.gc.ca,HttpConnectTimeoutException > ConnectException: HTTP connect timed out,
beta-pol.pwgsc.gc.ca,ConnectException > UnresolvedAddressException,
beta-pol.tpsgc.gc.ca,ConnectException > UnresolvedAddressException,
beta.achatsetventes.gc.ca,ConnectException > UnresolvedAddressException,
beta.buyandsell.gc.ca,HttpConnectTimeoutException > ConnectException: HTTP connect timed out,
beta.concierge.portal.gc.ca,ConnectException > UnresolvedAddressException,
bggp.gc.ca,301,
bhsol-pssd.vac-acc.gc.ca,HttpConnectTimeoutException > ConnectException: HTTP connect timed out,
bhsol-vac-acc.fjgc-gccf.gc.ca,HttpConnectTimeoutException > ConnectException: HTTP connect timed out,
bib.cfc.forces.gc.ca,302,
billet-eticket.voyage-travel.gc.ca,ConnectException > UnresolvedAddressException,
biosecurity-portal.hc-sc.gc.ca,302,
biportal-cert.pwgsc-tpsgc.gc.ca,HttpConnectTimeoutException > ConnectException: HTTP connect timed out,
blrscr3.egs-seg.gc.ca,HttpConnectTimeoutException > ConnectException: HTTP connect timed out,
blrscr3.spte.egs-seg.gc.ca,HttpConnectTimeoutException > ConnectException: HTTP connect timed out,
blrscr3.stg.egs-seg.gc.ca,HttpConnectTimeoutException > ConnectException: HTTP connect timed out,
blrscr3.stg2.egs-seg.gc.ca,HttpConnectTimeoutException > ConnectException: HTTP connect timed out,
blrscr4.spte.egs-seg.gc.ca,ConnectException > UnresolvedAddressException,
blrwsc1.egs-seg.gc.ca,HttpConnectTimeoutException > ConnectException: HTTP connect timed out,
blrwsc1.spte.egs-seg.gc.ca,HttpConnectTimeoutException > ConnectException: HTTP connect timed out,
blrwsc1s.stg.egs-seg.gc.ca,HttpConnectTimeoutException > ConnectException: HTTP connect timed out,
bod.ahrc-pac.gc.ca,ConnectException > UnresolvedAddressException,
bon-voyage.acdi-cida.gc.ca,ConnectException > UnresolvedAddressException,
bon-voyage.international.gc.ca,ConnectException > NoRouteToHostException: Host is unreachable,
boutique.parl.gc.ca,HttpConnectTimeoutException > ConnectException: HTTP connect timed out,
bpss.catsa.gc.ca,HttpConnectTimeoutException > ConnectException: HTTP connect timed out,
brassica.agr.gc.ca,HttpConnectTimeoutException > ConnectException: HTTP connect timed out,
btanalyseur-tbanalyser.parl.gc.ca,ConnectException > UnresolvedAddressException,
btanalyseur-tbanalyzer.parl.gc.ca,ConnectException > UnresolvedAddressException,
bten03.hc-sc.gc.ca,ConnectException > NoRouteToHostException: Host is unreachable,
bumblebee.itsso.gc.ca,ConnectException > UnresolvedAddressException,
bureauweb.hc-sc.gc.ca,302,
businessregistration-inscriptionentreprise.gc.ca,200,
buyandsell.gc.ca,ConnectException > UnresolvedAddressException,
bwbc-mail01.corp.bwbc.gc.ca,ConnectException > UnresolvedAddressException,
bwbc.gc.ca,HttpConnectTimeoutException > ConnectException: HTTP connect timed out,
cadc-ccda.hia-iha.nrc-cnrc.gc.ca,HttpConnectTimeoutException > ConnectException: HTTP connect timed out,
cag.infrastructure.gc.ca,ConnectException > UnresolvedAddressException,
cag01.cas-satj.gc.ca,ConnectException > UnresolvedAddressException,
campagne-e.oec.gc.ca,HttpConnectTimeoutException > ConnectException: HTTP connect timed out,
can-am.gc.ca,ConnectException > UnresolvedAddressException,
canadainternational.gc.ca,ConnectException > UnresolvedAddressException,
candid.drdc-rddc.gc.ca,HttpConnectTimeoutException > ConnectException: HTTP connect timed out,
candiz.drdc-rddc.gc.ca,ConnectException > UnresolvedAddressException,
cap-apc.ic.gc.ca,200,
card.pslrb-crtfp.gc.ca,ConnectException > UnresolvedAddressException,
careers-carrieres.cra-arc.gc.ca,200,
careers-carrieres.nrc-cnrc.gc.ca,ConnectException > UnresolvedAddressException,
cars-sarr.pslrb-crtfp.gc.ca,ConnectException > UnresolvedAddressException,
cars.pslrb-crtfp.gc.ca,ConnectException > UnresolvedAddressException,
cart-crac.gc.ca,HttpConnectTimeoutException > ConnectException: HTTP connect timed out,
cartes-staging.geogratis.gc.ca,ConnectException > UnresolvedAddressException,
cartes.geogratis.gc.ca,HttpConnectTimeoutException > ConnectException: HTTP connect timed out,
cas-ncr-nter03.cas-satj.gc.ca,HttpConnectTimeoutException > ConnectException: HTTP connect timed out,
cas.justice.gc.ca,HttpConnectTimeoutException > ConnectException: HTTP connect timed out,
cas.rcip-chin.gc.ca,ConnectException > UnresolvedAddressException,
cas1.itsso.gc.ca,HttpConnectTimeoutException > ConnectException: HTTP connect timed out,
cat-tr.fsl-bsf.scitech.gc.ca,502,
cat.cisti-icist.nrc-cnrc.gc.ca,ConnectException > UnresolvedAddressException,
cat.fsl-bsf.scitech.gc.ca,502,
catalogue.nrcan.gc.ca,HttpConnectTimeoutException > ConnectException: HTTP connect timed out,
catalogue.rncan.gc.ca,SSLHandshakeException > CertificateException: No subject alternative DNS name matching catalogue.rncan.gc.ca found.,
catalogue.servicecanada.gc.ca,200,
catsa.gc.ca,301,
catsaassist-ap.catsa.gc.ca,HttpConnectTimeoutException > ConnectException: HTTP connect timed out,
cb-bc.ges-ghg.ss.ec.gc.ca,200,
cb-bc.ges-ghg.ssqa.ec.gc.ca,503,
cb-bc.ges-ghg.ssqc.ec.gc.ca,200,
cb-cda.gc.ca,301,
cb-chercheur.guichetemplois.gc.ca,HttpConnectTimeoutException > ConnectException: HTTP connect timed out,
cb-employeur.guichetemplois.gc.ca,HttpConnectTimeoutException > ConnectException: HTTP connect timed out,
cb-sk-uat.fjgc-gccf.gc.ca,HttpConnectTimeoutException > ConnectException: HTTP connect timed out,
cb-sk.fjgc-gccf.gc.ca,200,
cb-uat-cbs-sk.fjgc-gccf.gc.ca,200,
cbrnonline.psepc.gc.ca,301,
cc.lnnte-dncl.gc.ca,HttpConnectTimeoutException > ConnectException: HTTP connect timed out,
cc.services.gc.ca,ConnectException > UnresolvedAddressException,
ccdp-chrc.gc.ca,301,
ccdp.gc.ca,ConnectException > UnresolvedAddressException,
ccdr-rmtc.phac-aspc.gc.ca,HttpConnectTimeoutException > ConnectException: HTTP connect timed out,
ccg-gcc.gc.ca,302,
ccgu.securitepublique.gc.ca,ConnectException > UnresolvedAddressException,
ccjsccsj.statcan.gc.ca,HttpConnectTimeoutException > ConnectException: HTTP connect timed out,
cdc-ccl.gc.ca,SSLHandshakeException > CertificateException: No subject alternative DNS name matching cdc-ccl.gc.ca found.,
cdev.gc.ca,200,
cdlsw-elfcw.forces.gc.ca,ConnectException > UnresolvedAddressException,
cdp-pdl.sdeeds.parlissi.gc.ca,HttpConnectTimeoutException > ConnectException: HTTP connect timed out,
cdr-rcc.cihr.gc.ca,HttpConnectTimeoutException > ConnectException: HTTP connect timed out,
cds-sdr.hre-ehr.gc.ca,401,
cds-sdr.preprod.hre-ehr.gc.ca,HttpConnectTimeoutException > ConnectException: HTTP connect timed out,
ceaa-acee.gc.ca,301,
cef-cce.gc.ca,SSLHandshakeException > CertificateException: No subject alternative DNS name matching cef-cce.gc.ca found.,
cemc.publicsafety.gc.ca,HttpConnectTimeoutException > ConnectException: HTTP connect timed out,
central.rdcb.cmhc-schl.gc.ca,ConnectException > UnresolvedAddressException,
central.rdweb.cmhc-schl.gc.ca,ConnectException > UnresolvedAddressException,
central.tsgateway.cmhc-schl.gc.ca,ConnectException > UnresolvedAddressException,
cepae2-lcpeue.ec.gc.ca,HttpConnectTimeoutException > ConnectException: HTTP connect timed out,
cfallotmentlisting.ssc-spc.gc.ca,ConnectException > ClosedChannelException,
cfgb-ex02.cfgb-cgfc.gc.ca,HttpConnectTimeoutException > ConnectException: HTTP connect timed out,
cfs.nrcan.gc.ca,301,
cfsqp-pcsqa.agr.gc.ca,HttpConnectTimeoutException > ConnectException: HTTP connect timed out,
cgp-pmc.pwgsc-tpsgc.gc.ca,HttpConnectTimeoutException > ConnectException: HTTP connect timed out,
cgp.pwgsc.gc.ca,ConnectException > UnresolvedAddressException,
chercheur.guichetemplois.gc.ca,301,
chercheurs.guichetemplois.gc.ca,HttpConnectTimeoutException > ConnectException: HTTP connect timed out,
chnintranetrcs.phac-aspc.gc.ca,ConnectException > UnresolvedAddressException,
chrc-ccdp.gc.ca,301,
chrc.gc.ca,ConnectException > UnresolvedAddressException,
chyms.nrc.gc.ca,401,
cibids-test.cic.gc.ca,HttpConnectTimeoutException > ConnectException: HTTP connect timed out,
cic.gc.ca,301,
cicoemnpe.apps.ci.gc.ca,HttpConnectTimeoutException > ConnectException: HTTP connect timed out,
cicoemprd.apps.ci.gc.ca,HttpConnectTimeoutException > ConnectException: HTTP connect timed out,
cidip.ec.gc.ca,SSLHandshakeException > SocketException: Connection reset,
cidip.qa.ncr.ec.gc.ca,HttpConnectTimeoutException > ConnectException: HTTP connect timed out,
cigateway.ps.gc.ca,HttpConnectTimeoutException > ConnectException: HTTP connect timed out,
cis.ec.gc.ca,ConnectException > UnresolvedAddressException,
cisaris-rcrsi.hre-ehr.gc.ca,401,
cisti-icist.nrc-cnrc.gc.ca,ConnectException > UnresolvedAddressException,
citrix.dfo-mpo.gc.ca,302,
citrixssc.dfo-mpo.gc.ca,HttpConnectTimeoutException > ConnectException: HTTP connect timed out,
citrixstorefront.tc.gc.ca,ConnectException > UnresolvedAddressException,
citt-tcce.gc.ca,301,
cjc-ccm.gc.ca,HttpConnectTimeoutException > ConnectException: HTTP connect timed out,
ckpnr-rncpk-init.ec.gc.ca,ConnectException > UnresolvedAddressException,
cledacces-accesskey.gc.ca,ConnectException > UnresolvedAddressException,
cledacces.gc.ca,ConnectException > UnresolvedAddressException,
clegc-gckey.fjgc-gccf.gc.ca,301,
clegc-gckey.gc.ca,301,
clegc.gc.ca,301,
clientvalidation.lab.hrsdc-rhdcc.gc.ca,HttpConnectTimeoutException > ConnectException: HTTP connect timed out,
cmhc-schl.gc.ca,301,
cmhc.gc.ca,HttpTimeoutException: request timed out,
cmhcb2b.cmhc-schl.gc.ca,HttpConnectTimeoutException > ConnectException: HTTP connect timed out,
cmrsw005.egs-seg.gc.ca,HttpConnectTimeoutException > ConnectException: HTTP connect timed out,
cmrsw005.spte.egs-seg.gc.ca,HttpConnectTimeoutException > ConnectException: HTTP connect timed out,
cmrsw005.stg2.egs-seg.gc.ca,HttpConnectTimeoutException > ConnectException: HTTP connect timed out,
cmrsw006.spte.egs-seg.gc.ca,HttpConnectTimeoutException > ConnectException: HTTP connect timed out,
cmrsw007.electronicservices-serviceselectroniques.gc.ca,ConnectException > UnresolvedAddressException,
cmrsw007.spte.electronicservices-serviceselectroniques.gc.ca,ConnectException > UnresolvedAddressException,
cmrsw007.stg.electronicservices-serviceselectroniques.gc.ca,HttpConnectTimeoutException > ConnectException: HTTP connect timed out,
cmrsw009.electronicservices-serviceselectroniques.gc.ca,ConnectException > UnresolvedAddressException,
cmrsw009.spte.electronicservices-serviceselectroniques.gc.ca,ConnectException > UnresolvedAddressException,
cms-sgj.cra-arc.gc.ca,200,
cmtemobl.parl.gc.ca,HttpConnectTimeoutException > ConnectException: HTTP connect timed out,
cnbravpn01h.international.gc.ca,HttpConnectTimeoutException > ConnectException: HTTP connect timed out,
cngnyvpn01h.international.gc.ca,HttpConnectTimeoutException > ConnectException: HTTP connect timed out,
cnsc-ccsn.gc.ca,301,
cnsc.gc.ca,301,
colds.asc-csa.gc.ca,HttpConnectTimeoutException > ConnectException: HTTP connect timed out,
collab-ext-uat.agr.gc.ca,HttpConnectTimeoutException > ConnectException: HTTP connect timed out,
collab-ext.agr.gc.ca,HttpConnectTimeoutException > ConnectException: HTTP connect timed out,
collab.dfo-mpo.gc.ca,200,
collab.international.gc.ca,ConnectException > ClosedChannelException,
collab.nrc-cnrc.gc.ca,ConnectException > UnresolvedAddressException,
collab.science.ssc-spc.gc.ca,HttpConnectTimeoutException > ConnectException: HTTP connect timed out,
collaboration-uat-tau.hc-sc.gc.ca,HttpConnectTimeoutException > ConnectException: HTTP connect timed out,
collaboration.acdi-cida.gc.ca,HttpConnectTimeoutException > ConnectException: HTTP connect timed out,
collaboration.ainc-inac.gc.ca,HttpConnectTimeoutException > ConnectException: HTTP connect timed out,
collaboration.ceaa-acee.gc.ca,ConnectException > UnresolvedAddressException,
collaboration.cnrc-nrc.gc.ca,HttpConnectTimeoutException > ConnectException: HTTP connect timed out,
collaboration.crc.gc.ca,ConnectException > UnresolvedAddressException,
collaboration.hc-sc.gc.ca,HttpConnectTimeoutException > ConnectException: HTTP connect timed out,
collaboration.nrc-cnrc.gc.ca,HttpConnectTimeoutException > ConnectException: HTTP connect timed out,
collaboration.ospti-itsso.gc.ca,ConnectException > UnresolvedAddressException,
collaboration.pco-bcp.gc.ca,HttpConnectTimeoutException > ConnectException: HTTP connect timed out,
collaboration.telefilm.gc.ca,ConnectException > UnresolvedAddressException,
collaboration.uat.pco-bcp.gc.ca,ConnectException > UnresolvedAddressException,
collectionscanada.gc.ca,200,
college.servicecanada.gc.ca,HttpConnectTimeoutException > ConnectException: HTTP connect timed out,
comm.exercise.ps-sp.gc.ca,ConnectException > UnresolvedAddressException,
comm.goccog.ps-sp.gc.ca,ConnectException > UnresolvedAddressException,
commande.bureaudelatraduction.gc.ca,HttpConnectTimeoutException > ConnectException: HTTP connect timed out,
commerce-irc.cnrc-nrc.gc.ca,ConnectException > UnresolvedAddressException,
commerce-irc.nrc-cnrc.gc.ca,ConnectException > UnresolvedAddressException,
communaute.horizons.gc.ca,HttpConnectTimeoutException > ConnectException: HTTP connect timed out,
community.horizons.gc.ca,HttpConnectTimeoutException > ConnectException: HTTP connect timed out,
complaint-plainte.priv.gc.ca,SSLHandshakeException: Remote host terminated the handshake,
comsecportal.cse-cst.gc.ca,403,
comsol.ast-ats.nrc-cnrc.gc.ca,ConnectException > UnresolvedAddressException,
concierge-guideexpert.portal.gc.ca,ConnectException > UnresolvedAddressException,
concierge.innovation.gc.ca,ConnectException > UnresolvedAddressException,
concierge.portal.gc.ca,ConnectException > UnresolvedAddressException,
conf.catsa.gc.ca,HttpConnectTimeoutException > ConnectException: HTTP connect timed out,
conference.aadnc-aandc.gc.ca,ConnectException > UnresolvedAddressException,
conference.ainc-inac.gc.ca,ConnectException > UnresolvedAddressException,
conference.dfo-mpo.gc.ca,HttpConnectTimeoutException > ConnectException: HTTP connect timed out,
conferencecqauth.aadnc-aandc.gc.ca,HttpConnectTimeoutException > ConnectException: HTTP connect timed out,
conferencecqpub.aadnc-aandc.gc.ca,ConnectException > UnresolvedAddressException,
conferencemd.aadnc-aandc.gc.ca,ConnectException > UnresolvedAddressException,
conferencemd.ainc-inac.gc.ca,ConnectException > UnresolvedAddressException,
conferences.parl.gc.ca,ConnectException > UnresolvedAddressException,
conferencesparl.parl.gc.ca,ConnectException > UnresolvedAddressException,
conferencevideo.aadnc-aandc.gc.ca,ConnectException > UnresolvedAddressException,
conferencevideo2.aadnc-aandc.gc.ca,ConnectException > UnresolvedAddressException,
confex.hc-sc.gc.ca,HttpConnectTimeoutException > ConnectException: HTTP connect timed out,
connexion.ic.gc.ca,302,
connexions.acdi-cida.gc.ca,HttpConnectTimeoutException > ConnectException: HTTP connect timed out,
connexions.catsa.gc.ca,HttpConnectTimeoutException > ConnectException: HTTP connect timed out,
connexions.portal.catsa.gc.ca,ConnectException > UnresolvedAddressException,
connexions.preportal.catsa.gc.ca,ConnectException > UnresolvedAddressException,
consultations.oic-ci.gc.ca,HttpConnectTimeoutException > ConnectException: HTTP connect timed out,
consultations.parl.gc.ca,HttpConnectTimeoutException > ConnectException: HTTP connect timed out,
consumerinformation.ic.gc.ca,ConnectException > UnresolvedAddressException,
contacts-urgence-portefeuille-sante.hc-sc.gc.ca,HttpConnectTimeoutException > ConnectException: HTTP connect timed out,
content-pol.pwgsc.gc.ca,ConnectException > UnresolvedAddressException,
content.buyandsell.gc.ca,ConnectException > UnresolvedAddressException,
contenu-pol.tpsgc.gc.ca,HttpConnectTimeoutException > ConnectException: HTTP connect timed out,
contenu.achatsetventes.gc.ca,HttpConnectTimeoutException > ConnectException: HTTP connect timed out,
core-svc-uuo.ssc-spc.gc.ca,HttpConnectTimeoutException > ConnectException: HTTP connect timed out,
core-svc-uuo.ssc.gc.ca,HttpConnectTimeoutException > ConnectException: HTTP connect timed out,
corporations.ic.gc.ca,302,
corporationscanada.ic.gc.ca,302,
cosmetic-cosmetique-service-training.hc-sc.gc.ca,302,
cosmetic-cosmetique-service.hc-sc.gc.ca,HttpConnectTimeoutException > ConnectException: HTTP connect timed out,
courriel.clo-ocol.gc.ca,ConnectException > UnresolvedAddressException,
courriel.meteo.gc.ca,ConnectException > UnresolvedAddressException,
courriel.ocol-clo.gc.ca,ConnectException > UnresolvedAddressException,
courriel.rncan.gc.ca,HttpConnectTimeoutException > ConnectException: HTTP connect timed out,
courriel.tpsgc-pwgsc.gc.ca,ConnectException > UnresolvedAddressException,
courriel.tpsgc.gc.ca,ConnectException > UnresolvedAddressException,
courrielweb.cisr-irb.gc.ca,HttpConnectTimeoutException > ConnectException: HTTP connect timed out,
courrier.cnrc-nrc.gc.ca,ConnectException > UnresolvedAddressException,
courrierweb.agr.gc.ca,HttpConnectTimeoutException > ConnectException: HTTP connect timed out,
cpanel.consultations.oic-ci.gc.ca,ConnectException > UnresolvedAddressException,
cpanel.ocsec-bccst.gc.ca,HttpConnectTimeoutException > ConnectException: HTTP connect timed out,
cpanel.video1.servicecanada.gc.ca,ConnectException > UnresolvedAddressException,
cpcextranet.parl.gc.ca,ConnectException > UnresolvedAddressException,
cphs-sspc.phac-aspc.gc.ca,ConnectException > UnresolvedAddressException,
cra-arc.gc.ca,SSLHandshakeException > CertificateException: No subject alternative DNS name matching cra-arc.gc.ca found.,
crc.gc.ca,ConnectException > UnresolvedAddressException,
crcc-ccetp.gc.ca,SSLHandshakeException > ValidatorException > SunCertPathBuilderException: unable to find valid certification path to requested target,
crcd-images.pwgsc.gc.ca,HttpConnectTimeoutException > ConnectException: HTTP connect timed out,
crdcb.cmhc-schl.gc.ca,ConnectException > UnresolvedAddressException,
creative.services.gc.ca,HttpConnectTimeoutException > ConnectException: HTTP connect timed out,
crorders-commandescss.vac-acc.gc.ca,403,
crownassets.pwgsc.gc.ca,HttpConnectTimeoutException > ConnectException: HTTP connect timed out,
csb.gc.ca,301,
csbonline.csb.gc.ca,HttpConnectTimeoutException > ConnectException: HTTP connect timed out,
cse-cst.gc.ca,301,
cse-egd.tpsgc-pwgsc.gc.ca,SSLHandshakeException > ValidatorException > SunCertPathBuilderException: unable to find valid certification path to requested target,
csg.cta-otc.gc.ca,ConnectException > UnresolvedAddressException,
csifbif-fcisfif.infrastructure.gc.ca,HttpConnectTimeoutException > ConnectException: HTTP connect timed out,
csifbif-fcisfif.uat.infrastructure.gc.ca,HttpConnectTimeoutException > ConnectException: HTTP connect timed out,
csims-sgici.hc-sc.gc.ca,HttpConnectTimeoutException > ConnectException: HTTP connect timed out,
csis-scrs.gc.ca,ConnectException > UnresolvedAddressException,
csis.gc.ca,ConnectException > UnresolvedAddressException,
cso-asc.itsso.gc.ca,SSLHandshakeException > ValidatorException > SunCertPathBuilderException: unable to find valid certification path to requested target,
csps-learn-apprendre-dev.itsso.gc.ca,ConnectException > UnresolvedAddressException,
csps-moodle-dev.itsso.gc.ca,ConnectException > UnresolvedAddressException,
csps-video-dev.itsso.gc.ca,ConnectException > UnresolvedAddressException,
css-top-pot.hre-ehr.gc.ca,HttpConnectTimeoutException > ConnectException: HTTP connect timed out,
css-top-pot.hre-her.gc.ca,ConnectException > UnresolvedAddressException,
csskp-cscsp.hre-ehr.gc.ca,401,
cssp.drdc-rddc.gc.ca,HttpConnectTimeoutException > ConnectException: HTTP connect timed out,
csts.tbs-sct.gc.ca,HttpConnectTimeoutException > ConnectException: HTTP connect timed out,
cto-bh.ospti-itsso.gc.ca,HttpConnectTimeoutException > ConnectException: HTTP connect timed out,
cts-ssc.infrastructure.gc.ca,HttpConnectTimeoutException > ConnectException: HTTP connect timed out,
ctx-dev.cmhc-schl.gc.ca,ConnectException > UnresolvedAddressException,
ctx-eit.cmhc-schl.gc.ca,ConnectException > UnresolvedAddressException,
ctxag.cmhc-schl.gc.ca,HttpConnectTimeoutException > ConnectException: HTTP connect timed out,
customer.bwbc.gc.ca,ConnectException > UnresolvedAddressException,
cyaneus.pubs.nrc-cnrc.gc.ca,HttpConnectTimeoutException > ConnectException: HTTP connect timed out,
da1.osfi-bsif.gc.ca,HttpConnectTimeoutException > ConnectException: HTTP connect timed out,
da2.osfi-bsif.gc.ca,HttpConnectTimeoutException > ConnectException: HTTP connect timed out,
dalasvpn01h.international.gc.ca,HttpConnectTimeoutException > ConnectException: HTTP connect timed out,
dap-pad.aadnc-aandc.gc.ca,ConnectException > UnresolvedAddressException,
dap-pad.inac.gc.ca,ConnectException > UnresolvedAddressException,
data-test.aadnc-aandc.gc.ca,HttpConnectTimeoutException > ConnectException: HTTP connect timed out,
data-test.aadnc.gc.ca,200,
data-test.aandc-aadnc.gc.ca,200,
data-test.aandc.gc.ca,200,
data.aadnc-aandc.gc.ca,200,
data.aadnc.gc.ca,200,
data.aandc-aadnc.gc.ca,HttpConnectTimeoutException > ConnectException: HTTP connect timed out,
data.aandc.gc.ca,200,
data.gc.ca,ConnectException > UnresolvedAddressException,
data.tc.gc.ca,HttpConnectTimeoutException > ConnectException: HTTP connect timed out,
dc01swe0105.ds.gc.ca,ConnectException > UnresolvedAddressException,
dc01swe0106.ds.gc.ca,HttpConnectTimeoutException > ConnectException: HTTP connect timed out,
dc01vpn001.ssc-spc.gc.ca,SSLHandshakeException > ValidatorException > SunCertPathBuilderException: unable to find valid certification path to requested target,
dc01vpn003.ssc-spc.gc.ca,404,
dc01wcp0001.gcwifi.gc.ca,HttpConnectTimeoutException > ConnectException: HTTP connect timed out,
dc01wcp0002.gcwifi.gc.ca,HttpConnectTimeoutException > ConnectException: HTTP connect timed out,
dc01zld0026.paz.nrc.gc.ca,HttpConnectTimeoutException > ConnectException: HTTP connect timed out,
dc01zvpn001.ssc.gc.ca,SSLHandshakeException > ValidatorException > CertPathValidatorException > CertificateExpiredException: NotAfter: Sat Jul 22 23:13:01 CEST 2023,
dc03swe0105.ds.gc.ca,ConnectException > UnresolvedAddressException,
dc03swe0106.ds.gc.ca,ConnectException > UnresolvedAddressException,
dc03vpn001.ssc-spc.gc.ca,HttpConnectTimeoutException > ConnectException: HTTP connect timed out,
dc04swe0105.ds.gc.ca,ConnectException > UnresolvedAddressException,
dc04swe0106.ds.gc.ca,ConnectException > UnresolvedAddressException,
dc04vpn0002.ssc-spc.gc.ca,404,
dc04vpn0003.ssc-spc.gc.ca,HttpConnectTimeoutException > ConnectException: HTTP connect timed out,
dc04vpn001.ssc-spc.gc.ca,HttpConnectTimeoutException > ConnectException: HTTP connect timed out,
dcc-cdc.gc.ca,301,
dec-ced.gc.ca,301,
decisia.jmc-cmj.forces.gc.ca,HttpConnectTimeoutException > ConnectException: HTTP connect timed out,
decision.tcc-cci.gc.ca,302,
decisions.cart-crac.gc.ca,302,
decisions.chrt-tcdp.gc.ca,302,
decisions.fca-caf.gc.ca,302,
decisions.fct-cf.gc.ca,302,
decisions.psdpt-tpfd.gc.ca,302,
deleguescommerciaux.gc.ca,SSLHandshakeException > ValidatorException > SunCertPathBuilderException: unable to find valid certification path to requested target,
delhivpn01h.international.gc.ca,HttpConnectTimeoutException > ConnectException: HTTP connect timed out,
depot.collectionscanada.gc.ca,ConnectException > UnresolvedAddressException,
dev-goa-oma.international.gc.ca,HttpConnectTimeoutException > ConnectException: HTTP connect timed out,
dev-marketplace.ssc-spc.gc.ca,302,
dev-sscp2pspc.ssc-spc.gc.ca,302,
dev.global.gc.ca,HttpConnectTimeoutException > ConnectException: HTTP connect timed out,
dev.gras.canadiensensante.gc.ca,HttpConnectTimeoutException > ConnectException: HTTP connect timed out,
dev.pub.rcmp-grc.gc.ca,ConnectException > UnresolvedAddressException,
dev.rsam.healthycanadians.gc.ca,HttpConnectTimeoutException > ConnectException: HTTP connect timed out,
dev.secure-securise.gc.ca,ConnectException > UnresolvedAddressException,
dev.securise-secure.gc.ca,ConnectException > UnresolvedAddressException,
dev2.bhsol-pssd.vac-acc.gc.ca,HttpConnectTimeoutException > ConnectException: HTTP connect timed out,
dev2.mva-mda.vac-acc.gc.ca,HttpConnectTimeoutException > ConnectException: HTTP connect timed out,
dev2bhsol-vac-acc.fjgc-gccf.gc.ca,HttpConnectTimeoutException > ConnectException: HTTP connect timed out,
dev2mva-vac-acc.fjgc-gccf.gc.ca,HttpConnectTimeoutException > ConnectException: HTTP connect timed out,
devawmdm.catsa.gc.ca,HttpConnectTimeoutException > ConnectException: HTTP connect timed out,
develang.international.gc.ca,HttpConnectTimeoutException > ConnectException: HTTP connect timed out,
devifmapp01.cmhc-schl.gc.ca,ConnectException > UnresolvedAddressException,
devs2.cmhc-schl.gc.ca,ConnectException > UnresolvedAddressException,
devswa.international.gc.ca,HttpConnectTimeoutException > ConnectException: HTTP connect timed out,
devw1.cmhc-schl.gc.ca,HttpConnectTimeoutException > ConnectException: HTTP connect timed out,
devws01.cmhc-schl.gc.ca,HttpConnectTimeoutException > ConnectException: HTTP connect timed out,
dexa-exad.phac-aspc.gc.ca,HttpConnectTimeoutException > ConnectException: HTTP connect timed out,
dfaitvpn01.international.gc.ca,HttpConnectTimeoutException > ConnectException: HTTP connect timed out,
dfo-mpo.gc.ca,HttpConnectTimeoutException > ConnectException: HTTP connect timed out,
dfocitrixpoc.ssc-spc.gc.ca,ConnectException > UnresolvedAddressException,
dfocitrixsecureweb.science.ssc-spc.gc.ca,ConnectException > UnresolvedAddressException,
dialin.catsa.gc.ca,HttpConnectTimeoutException > ConnectException: HTTP connect timed out,
dialin.parl.gc.ca,ConnectException > UnresolvedAddressException,
dialin.scics.gc.ca,HttpConnectTimeoutException > ConnectException: HTTP connect timed out,
dialogue.gc.ca,ConnectException > UnresolvedAddressException,
dif-sri.contratscanada-contractscanada.gc.ca,SSLHandshakeException > SocketException: Connection reset,
diffournisseur.contratscanada.gc.ca,HttpConnectTimeoutException > ConnectException: HTTP connect timed out,
diffournisseurrate.pwgsc.gc.ca,ConnectException > UnresolvedAddressException,
diffournisseurstst.tpsgc.gc.ca,SSLHandshakeException > ValidatorException > SunCertPathBuilderException: unable to find valid certification path to requested target,
diffournisseurtrng.tpsgc.gc.ca,ConnectException > UnresolvedAddressException,
direct-acoa-apeca.fjgc-gccf.gc.ca,403,
direct-aspte-acoa-apeca.fjgc-gccf.gc.ca,500,
direct-aspte.acoa-apeca.gc.ca,HttpConnectTimeoutException > ConnectException: HTTP connect timed out,
direct-ecbc-secb.fjgc-gccf.gc.ca,ConnectException > UnresolvedAddressException,
direct.acoa-apeca.gc.ca,200,
direct.ecbc-secb.gc.ca,ConnectException > UnresolvedAddressException,
directaccess.neb-one.gc.ca,ConnectException > NoRouteToHostException: Host is unreachable,
discoverreceiver.neb-one.gc.ca,ConnectException > UnresolvedAddressException,
discoverreceiver.tc.gc.ca,ConnectException > UnresolvedAddressException,
dli-idd-listserv.statcan.gc.ca,HttpConnectTimeoutException > ConnectException: HTTP connect timed out,
dln-rad.forces.gc.ca,IOException > EOFException: EOF reached while reading,
dmp-portal.cic.gc.ca,HttpConnectTimeoutException > ConnectException: HTTP connect timed out,
dmzisa1.dmz.pslrb-crtfp.gc.ca,HttpConnectTimeoutException > ConnectException: HTTP connect timed out,
dmzisa41.dmz.pslrb-crtfp.gc.ca,ConnectException > UnresolvedAddressException,
dncl.gc.ca,HttpConnectTimeoutException > ConnectException: HTTP connect timed out,
docs.neb-one.gc.ca,SSLHandshakeException > SocketException: Connection reset,
donnees.gc.ca,ConnectException > UnresolvedAddressException,
dr-ri.hre-ehr.gc.ca,HttpConnectTimeoutException > ConnectException: HTTP connect timed out,
dr-ri.preprod.hre-ehr.gc.ca,HttpConnectTimeoutException > ConnectException: HTTP connect timed out,
drss1.cmhc-schl.gc.ca,ConnectException > UnresolvedAddressException,
drss2.cmhc-schl.gc.ca,HttpConnectTimeoutException > ConnectException: HTTP connect timed out,
dstsia-sspdai.hc-sc.gc.ca,HttpConnectTimeoutException > ConnectException: HTTP connect timed out,
e-campaign.csb.gc.ca,HttpConnectTimeoutException > ConnectException: HTTP connect timed out,
e-filing-depot-e.ct-tc.gc.ca,200,
eajl-orca.sakmsdev.gc.ca,HttpConnectTimeoutException > ConnectException: HTTP connect timed out,
eajl-orca.testpki.gc.ca,ConnectException > UnresolvedAddressException,
eam-dev-international.fjgc-gccf.gc.ca,HttpConnectTimeoutException > ConnectException: HTTP connect timed out,
eam-dev.international.gc.ca,HttpConnectTimeoutException > ConnectException: HTTP connect timed out,
eamx-dev-international.fjgc-gccf.gc.ca,ConnectException > UnresolvedAddressException,
eamx-dev.international.gc.ca,HttpConnectTimeoutException > ConnectException: HTTP connect timed out,
east-rdcb.cmhc-schl.gc.ca,ConnectException > UnresolvedAddressException,
east.rdcb.cmhc-schl.gc.ca,ConnectException > UnresolvedAddressException,
east.rdweb.cmhc-schl.gc.ca,HttpConnectTimeoutException > ConnectException: HTTP connect timed out,
east.tsgateway.cmhc-schl.gc.ca,ConnectException > UnresolvedAddressException,
eau.ec.gc.ca,HttpConnectTimeoutException > ConnectException: HTTP connect timed out,
eawtest.international.gc.ca,HttpConnectTimeoutException > ConnectException: HTTP connect timed out,
eawtestprod.international.gc.ca,HttpConnectTimeoutException > ConnectException: HTTP connect timed out,
ebooking-reserve.c.travel-voyage.gc.ca,ConnectException > UnresolvedAddressException,
ebooking-reserve.travel-voyage.gc.ca,ConnectException > UnresolvedAddressException,
ec-node-noeud-ec.ec.gc.ca,ConnectException > UnresolvedAddressException,
ec-node-noeud-ec.qa.ncr.ec.gc.ca,ConnectException > UnresolvedAddressException,
ec.gc.ca,IOException > SocketException: Connection reset,
ec.ges-ghg.ss.ec.gc.ca,302,
ec.ges-ghg.ssqa.ec.gc.ca,HttpTimeoutException: request timed out,
ec.ges-ghg.ssqc.ec.gc.ca,302,
ec.ss.ec.gc.ca,HttpConnectTimeoutException > ConnectException: HTTP connect timed out,
ec.ssqa.ec.gc.ca,200,
ec.ssqc.ec.gc.ca,200,
ecalertezmoi.meteo.gc.ca,200,
ecalertme.weather.gc.ca,200,
ecn-rce.statcan.gc.ca,302,
ecoaction.gc.ca,ConnectException > UnresolvedAddressException,
ecollaboration.acdi-cida.gc.ca,HttpConnectTimeoutException > ConnectException: HTTP connect timed out,
ecollaboration1.acdi-cida.gc.ca,HttpConnectTimeoutException > ConnectException: HTTP connect timed out,
ecollaboration2.acdi-cida.gc.ca,HttpConnectTimeoutException > ConnectException: HTTP connect timed out,
efiling.ct-tc.gc.ca,HttpConnectTimeoutException > ConnectException: HTTP connect timed out,
efiling.fct-cf.gc.ca,200,
eforums.exercise.ps-sp.gc.ca,ConnectException > UnresolvedAddressException,
eforums.ps-sp.gc.ca,SSLHandshakeException > ValidatorException > CertPathValidatorException > CertificateExpiredException: NotAfter: Wed Apr 24 18:17:18 CEST 2024,
efse-sfee.aadnc-aandc.gc.ca,ConnectException > UnresolvedAddressException,
efse-sfee.ainc-inac.gc.ca,HttpConnectTimeoutException > ConnectException: HTTP connect timed out,
egdbooking.gc.ca,ConnectException > UnresolvedAddressException,
ehcons.itsso.gc.ca,HttpConnectTimeoutException > ConnectException: HTTP connect timed out,
eics-scei.gc.ca,HttpConnectTimeoutException > ConnectException: HTTP connect timed out,
eiti1.cmhc-schl.gc.ca,ConnectException > UnresolvedAddressException,
eitinfoshare.cmhc-schl.gc.ca,ConnectException > UnresolvedAddressException,
eitw1.cmhc-schl.gc.ca,HttpConnectTimeoutException > ConnectException: HTTP connect timed out,
eitws01.cmhc-schl.gc.ca,ConnectException > UnresolvedAddressException,
elang.international.gc.ca,SSLHandshakeException > ValidatorException > SunCertPathBuilderException: unable to find valid certification path to requested target,
email-courriel.citt-tcce.gc.ca,ConnectException > UnresolvedAddressException,
email.cnrc-nrc.gc.ca,HttpConnectTimeoutException > ConnectException: HTTP connect timed out,
email.cnrc.gc.ca,HttpConnectTimeoutException > ConnectException: HTTP connect timed out,
email.nrc-cnrc.gc.ca,HttpConnectTimeoutException > ConnectException: HTTP connect timed out,
email.nrc.gc.ca,HttpConnectTimeoutException > ConnectException: HTTP connect timed out,
email.nrcan.gc.ca,HttpConnectTimeoutException > ConnectException: HTTP connect timed out,
email.weather.gc.ca,ConnectException > UnresolvedAddressException,
emailtest.nrcan.gc.ca,ConnectException > UnresolvedAddressException,
emilitest.cmhc-schl.gc.ca,IOException > SocketException: Connection reset,
emm.parlissi.gc.ca,ConnectException > UnresolvedAddressException,
emm.ps-sp.gc.ca,ConnectException > UnresolvedAddressException,
emm2.ps-sp.gc.ca,ConnectException > UnresolvedAddressException,
emploisfp-psjobs.cfp-psc.gc.ca,302,
employer.csb.gc.ca,HttpConnectTimeoutException > ConnectException: HTTP connect timed out,
employer.jobbank.gc.ca,302,
employers.jobbank.gc.ca,ConnectException > UnresolvedAddressException,
employeur.guichetemplois.gc.ca,HttpConnectTimeoutException > ConnectException: HTTP connect timed out,
employeur.oec.gc.ca,HttpConnectTimeoutException > ConnectException: HTTP connect timed out,
employeurs.guichetemplois.gc.ca,HttpConnectTimeoutException > ConnectException: HTTP connect timed out,
enregistrer.chs-shc.gc.ca,HttpConnectTimeoutException > ConnectException: HTTP connect timed out,
enroll-inscrirel.ncstest.gc.ca,ConnectException > UnresolvedAddressException,
enterpriseenrollment.mgerc-ceegm.gc.ca,HttpConnectTimeoutException > ConnectException: HTTP connect timed out,
enterpriseregistration.parl.gc.ca,HttpConnectTimeoutException > ConnectException: HTTP connect timed out,
enterpriseregistration.sdeeds.parlissi.gc.ca,ConnectException > ClosedChannelException,
eosweb.pch.gc.ca,HttpConnectTimeoutException > ConnectException: HTTP connect timed out,
eoswebdev.pch.gc.ca,ConnectException > UnresolvedAddressException,
eoswebqa.pch.gc.ca,ConnectException > UnresolvedAddressException,
eprs-serp.hc-sc.gc.ca,302,
eprs-test-serp.hc-sc.gc.ca,HttpConnectTimeoutException > ConnectException: HTTP connect timed out,
epsc.csc-scc.gc.ca,HttpConnectTimeoutException > ConnectException: HTTP connect timed out,
epsc1-dr.csc-scc.gc.ca,HttpConnectTimeoutException > ConnectException: HTTP connect timed out,
epsc1.csc-scc.gc.ca,HttpConnectTimeoutException > ConnectException: HTTP connect timed out,
epscdr.csc-scc.gc.ca,404,
epscras.csc-scc.gc.ca,HttpConnectTimeoutException > ConnectException: HTTP connect timed out,
equite.edsc.gc.ca,404,
equity.esdc.gc.ca,404,
erci-iace.hc-sc.gc.ca,ConnectException > UnresolvedAddressException,
erdcb.cmhc-schl.gc.ca,ConnectException > UnresolvedAddressException,
erecruiting-tdc-dnd-mdn.fjgc-gccf.gc.ca,HttpConnectTimeoutException > ConnectException: HTTP connect timed out,
erris-sirre.ss.ec.gc.ca,302,
erris-sirre.ssqc.ec.gc.ca,HttpTimeoutException: request timed out,
ers-auth-ser-hc-sc.fjgc-gccf.gc.ca,200,
ers-auth-ser.hc-sc.gc.ca,200,
ers-ser.hc-sc.gc.ca,200,
ers-test-ser.hc-sc.gc.ca,200,
esb.staging.csps-efpc.gc.ca,ConnectException > UnresolvedAddressException,
eservices.cic.gc.ca,SSLHandshakeException > ValidatorException > SunCertPathBuilderException: unable to find valid certification path to requested target,
eservices.nserc-crsng.gc.ca,HttpConnectTimeoutException > ConnectException: HTTP connect timed out,
eservices1.ci.gc.ca,HttpConnectTimeoutException > ConnectException: HTTP connect timed out,
eservices2.ci.gc.ca,HttpConnectTimeoutException > ConnectException: HTTP connect timed out,
eservices3.ci.gc.ca,HttpConnectTimeoutException > ConnectException: HTTP connect timed out,
eservicesak.cic.gc.ca,HttpConnectTimeoutException > ConnectException: HTTP connect timed out,
esnh.nrcan.gc.ca,HttpConnectTimeoutException > ConnectException: HTTP connect timed out,
esubmission-soumissionenligne.cic.gc.ca,HttpConnectTimeoutException > ConnectException: HTTP connect timed out,
etelefilm-acceptance.telefilm.gc.ca,HttpConnectTimeoutException > ConnectException: HTTP connect timed out,
etelefilm-telefilm.fjgc-gccf.gc.ca,ConnectException > UnresolvedAddressException,
etelefilm.telefilm.gc.ca,ConnectException > UnresolvedAddressException,
etfcshare.telefilm.gc.ca,HttpConnectTimeoutException > ConnectException: HTTP connect timed out,
eti-itsc.ssc-spc.gc.ca,HttpConnectTimeoutException > ConnectException: HTTP connect timed out,
eticket-billet.travel-voyage.gc.ca,ConnectException > UnresolvedAddressException,
evaluation.statcan.gc.ca,HttpConnectTimeoutException > ConnectException: HTTP connect timed out,
events.osfi-bsif.gc.ca,HttpConnectTimeoutException > ConnectException: HTTP connect timed out,
evoswa.international.gc.ca,HttpConnectTimeoutException > ConnectException: HTTP connect timed out,
ex.acoa-apeca.gc.ca,ConnectException > UnresolvedAddressException,
ex.ecbc-secb.gc.ca,HttpConnectTimeoutException > ConnectException: HTTP connect timed out,
exch2007lab.lab.telefilm.gc.ca,ConnectException > UnresolvedAddressException,
exch2013lab.lab.telefilm.gc.ca,ConnectException > UnresolvedAddressException,
exchange.fja-cmf.gc.ca,302,
exchange.nss.gc.ca,HttpConnectTimeoutException > ConnectException: HTTP connect timed out,
exchange.pmprb-cepmb.gc.ca,SSLHandshakeException > ValidatorException > SunCertPathBuilderException: unable to find valid certification path to requested target,
exchange.ppa.gc.ca,HttpConnectTimeoutException > ConnectException: HTTP connect timed out,
excol-ceed.gc.ca,HttpConnectTimeoutException > ConnectException: HTTP connect timed out,
excol-dfait-maeci.fjgc-gccf.gc.ca,ConnectException > UnresolvedAddressException,
excoluat-dfait-maeci.fjgc-gccf.gc.ca,HttpConnectTimeoutException > ConnectException: HTTP connect timed out,
explorer.asc-csa.gc.ca,ConnectException > UnresolvedAddressException,
ext.acdi-cida.gc.ca,HttpConnectTimeoutException > ConnectException: HTTP connect timed out,
extern.ci.gc.ca,ConnectException > UnresolvedAddressException,
extern.cic.gc.ca,HttpConnectTimeoutException > ConnectException: HTTP connect timed out,
extra.neb-one.gc.ca,HttpConnectTimeoutException > ConnectException: HTTP connect timed out,
extranet-cnsc-ccsn.fjgc-gccf.gc.ca,302,
extranet.cfs.nrcan.gc.ca,HttpConnectTimeoutException > ConnectException: HTTP connect timed out,
extranet.cnsc-ccsn.gc.ca,302,
extranet3.irb-cisr.gc.ca,302,
extranet5.cfp-psc.gc.ca,HttpConnectTimeoutException > ConnectException: HTTP connect timed out,
extranet5.psc-cfp.gc.ca,HttpConnectTimeoutException > ConnectException: HTTP connect timed out,
extraparl.parl.gc.ca,HttpConnectTimeoutException > ConnectException: HTTP connect timed out,
extraparlprodtest.parl.gc.ca,ConnectException > UnresolvedAddressException,
extraparls.parl.gc.ca,ConnectException > UnresolvedAddressException,
exts1.cmhc-schl.gc.ca,HttpConnectTimeoutException > ConnectException: HTTP connect timed out,
exts2.cmhc-schl.gc.ca,HttpConnectTimeoutException > ConnectException: HTTP connect timed out,
f7stceftsfe.statcan.gc.ca,ConnectException > UnresolvedAddressException,
fax.cmhc-schl.gc.ca,HttpConnectTimeoutException > ConnectException: HTTP connect timed out,
fcac-ex10.fcac-acfc.gc.ca,ConnectException > UnresolvedAddressException,
fcs-scp-test.dfo-mpo.gc.ca,ConnectException > UnresolvedAddressException,
fcs-scp.dfo-mpo.gc.ca,302,
feed.buyandsell.gc.ca,ConnectException > UnresolvedAddressException,
fichierpartage.rncan.gc.ca,ConnectException > UnresolvedAddressException,
fil.achatsetventes.gc.ca,ConnectException > UnresolvedAddressException,
fileexchange.nrcan.gc.ca,ConnectException > UnresolvedAddressException,
fileservice.catsa.gc.ca,HttpConnectTimeoutException > ConnectException: HTTP connect timed out,
fin.gc.ca,HttpConnectTimeoutException > ConnectException: HTTP connect timed out,
financement.rhdcc.gc.ca,ConnectException > UnresolvedAddressException,
fir-irf.gc.ca,HttpConnectTimeoutException > ConnectException: HTTP connect timed out,
fireprince1.ad.privcom.gc.ca,HttpConnectTimeoutException > ConnectException: HTTP connect timed out,
fishing-peche.dfo-mpo.gc.ca,200,
fishing-pecheuat.dfo-mpo.gc.ca,HttpConnectTimeoutException > ConnectException: HTTP connect timed out,
fishing.dfo-mpo.gc.ca,404,
fja-prd-ex2k10.fja-cmf.gc.ca,ConnectException > UnresolvedAddressException,
fjgc-gccf.ic.gc.ca,ConnectException > UnresolvedAddressException,
fm-training.rhq.pac.dfo-mpo.gc.ca,200,
fnep.gc.ca,HttpConnectTimeoutException > ConnectException: HTTP connect timed out,
forml.dec-ced.gc.ca,HttpConnectTimeoutException > ConnectException: HTTP connect timed out,
forms.cta-otc.gc.ca,HttpConnectTimeoutException > ConnectException: HTTP connect timed out,
forms.oic-ci.gc.ca,ConnectException > UnresolvedAddressException,
forms.otc-cta.gc.ca,HttpConnectTimeoutException > ConnectException: HTTP connect timed out,
formulaires.ci-oic.gc.ca,HttpConnectTimeoutException > ConnectException: HTTP connect timed out,
forums.otc-cta.gc.ca,ConnectException > UnresolvedAddressException,
forums.ps-sp.gc.ca,SSLHandshakeException > ValidatorException > CertPathValidatorException > CertificateExpiredException: NotAfter: Mon Apr 21 20:54:11 CEST 2025,
fpcc-cpac.gc.ca,ConnectException > NoRouteToHostException: Host is unreachable,
fs-dev-international.fjgc-gccf.gc.ca,HttpConnectTimeoutException > ConnectException: HTTP connect timed out,
fs-dev.international.gc.ca,HttpConnectTimeoutException > ConnectException: HTTP connect timed out,
fs-international.fjgc-gccf.gc.ca,HttpConnectTimeoutException > ConnectException: HTTP connect timed out,
fs-qa-international.fjgc-gccf.gc.ca,ConnectException > UnresolvedAddressException,
fs-qa.international.fjgc-gccf.gc.ca,ConnectException > UnresolvedAddressException,
fs-qa.international.gc.ca,HttpConnectTimeoutException > ConnectException: HTTP connect timed out,
fs.international.gc.ca,HttpConnectTimeoutException > ConnectException: HTTP connect timed out,
fs.nserc-crsng.gc.ca,ConnectException > UnresolvedAddressException,
fsl-bsf.scitech.gc.ca,403,
ftp.ncr.ec.gc.ca,HttpConnectTimeoutException > ConnectException: HTTP connect timed out,
funding.hrsdc.gc.ca,ConnectException > UnresolvedAddressException,
fusion.scics.gc.ca,ConnectException > UnresolvedAddressException,
gaas.oag-bvg.gc.ca,ConnectException > UnresolvedAddressException,
ganzuvpn01h.international.gc.ca,ConnectException > UnresolvedAddressException,
gao-cag.pwgsc-tpsgc.gc.ca,ConnectException > UnresolvedAddressException,
gart-tc.fjgc-gccf.gc.ca,HttpConnectTimeoutException > ConnectException: HTTP connect timed out,
gart.tc.gc.ca,HttpConnectTimeoutException > ConnectException: HTTP connect timed out,
gartacc.tc.gc.ca,404,
gate-pri.osfi-bsif.gc.ca,HttpConnectTimeoutException > ConnectException: HTTP connect timed out,
gate-sec.osfi-bsif.gc.ca,HttpConnectTimeoutException > ConnectException: HTTP connect timed out,
gate.oic-ci.gc.ca,HttpConnectTimeoutException > ConnectException: HTTP connect timed out,
gateway.acdi-cida.gc.ca,HttpConnectTimeoutException > ConnectException: HTTP connect timed out,
gateway.preprod.acdi-cida.gc.ca,ConnectException > UnresolvedAddressException,
gc-srapsmtlg01.ps-sp.gc.ca,404,
gc-srapsottg01.ps-sp.gc.ca,HttpConnectTimeoutException > ConnectException: HTTP connect timed out,
gc-srapsottg02.ps-sp.gc.ca,HttpConnectTimeoutException > ConnectException: HTTP connect timed out,
gc.ca,ConnectException,0 gc-ca.mail.protection.outlook.com.
gccfwebsaml.pch.gc.ca,ConnectException > UnresolvedAddressException,
gccfwebsamldev-pch.fjgc-gccf.gc.ca,HttpConnectTimeoutException > ConnectException: HTTP connect timed out,
gccfwebsamldev.pch.gc.ca,HttpConnectTimeoutException > ConnectException: HTTP connect timed out,
gccfwebsamlqa-pch.fjgc-gccf.gc.ca,302,
gccfwebsamlqa.pch.gc.ca,HttpConnectTimeoutException > ConnectException: HTTP connect timed out,
gcconnex.gc.ca,HttpConnectTimeoutException > ConnectException: HTTP connect timed out,
gcdocs2-stg-svc.ci.gc.ca,HttpConnectTimeoutException > ConnectException: HTTP connect timed out,
gcdocs2-stg.ci.gc.ca,ConnectException > UnresolvedAddressException,
gcdocs2-svc.ci.gc.ca,ConnectException > UnresolvedAddressException,
gcdocs2.ci.gc.ca,ConnectException > UnresolvedAddressException,
gcdrive.vita.gc.ca,HttpConnectTimeoutException > ConnectException: HTTP connect timed out,
gcfile.vita.gc.ca,HttpConnectTimeoutException > ConnectException: HTTP connect timed out,
gcgeo.gc.ca,HttpConnectTimeoutException > ConnectException: HTTP connect timed out,
gckey-clegc.gc.ca,301,
gckey.gc.ca,HttpConnectTimeoutException > ConnectException: HTTP connect timed out,
gcmobile.vita.gc.ca,HttpConnectTimeoutException > ConnectException: HTTP connect timed out,
gcms-smgc.apps.ci.gc.ca,ConnectException > UnresolvedAddressException,
gcms-staging.apps.ci.gc.ca,ConnectException > UnresolvedAddressException,
gcms-training-smgc-formation.apps.ci.gc.ca,HttpConnectTimeoutException > ConnectException: HTTP connect timed out,
gcmsprd-landing-test.apps.ci.gc.ca,ConnectException > UnresolvedAddressException,
gcmssa.apps.ci.gc.ca,HttpConnectTimeoutException > ConnectException: HTTP connect timed out,
gcmsstg-landing-test.apps.ci.gc.ca,ConnectException > UnresolvedAddressException,
gcmstrn-landing-test.apps.ci.gc.ca,HttpConnectTimeoutException > ConnectException: HTTP connect timed out,
gcpens-call.tpsgc-pwgsc.gc.ca,ConnectException > UnresolvedAddressException,
gcpens-idm.tpsgc-pwgsc.gc.ca,HttpConnectTimeoutException > ConnectException: HTTP connect timed out,
gcpens-img.tpsgc-pwgsc.gc.ca,ConnectException > UnresolvedAddressException,
gcpens-penfax.tpsgc-pwgsc.gc.ca,ConnectException > UnresolvedAddressException,
gcs-ssc-dev.apps.ci.gc.ca,ConnectException > UnresolvedAddressException,
gcs-ssc-i.apps.ci.gc.ca,HttpConnectTimeoutException > ConnectException: HTTP connect timed out,
gcs-ssc-istg.apps.ci.gc.ca,ConnectException > UnresolvedAddressException,
gcs-ssc-isys.apps.ci.gc.ca,ConnectException > UnresolvedAddressException,
gcs-ssc-itrn.apps.ci.gc.ca,HttpConnectTimeoutException > ConnectException: HTTP connect timed out,
gcs-ssc-stg.apps.ci.gc.ca,ConnectException > UnresolvedAddressException,
gcs-ssc-stg.cic.gc.ca,HttpConnectTimeoutException > ConnectException: HTTP connect timed out,
gcs-ssc-sys.apps.ci.gc.ca,ConnectException > UnresolvedAddressException,
gcs-ssc-sys.cic.gc.ca,HttpConnectTimeoutException > ConnectException: HTTP connect timed out,
gcs-ssc.apps.ci.gc.ca,ConnectException > UnresolvedAddressException,
gcs-ssc.cic.gc.ca,HttpConnectTimeoutException > ConnectException: HTTP connect timed out,
gcsra-a.ic.gc.ca,404,
gcsra-a.ssc.gc.ca,404,
gcsra-b.ic.gc.ca,404,
gcsra-b.ssc.gc.ca,ConnectException > UnresolvedAddressException,
gcsra-hq-01.pco-bcp.gc.ca,HttpConnectTimeoutException > ConnectException: HTTP connect timed out,
gcsra-hq-02.pco-bcp.gc.ca,404,
gcsra-hq.pco-bcp.gc.ca,302,
gcsra-ott-01.fintrac.gc.ca,HttpConnectTimeoutException > ConnectException: HTTP connect timed out,
gcsra-ott-02.fintrac.gc.ca,HttpConnectTimeoutException > ConnectException: HTTP connect timed out,
gcsra-ott.fintrac.gc.ca,HttpConnectTimeoutException > ConnectException: HTTP connect timed out,
gcsra-usr.pwgsc.gc.ca,302,
gcsra-vpn.cfp-psc.gc.ca,302,
gcsra-vpn1.cfp-psc.gc.ca,404,
gcsra-vpn2.cfp-psc.gc.ca,404,
gcsra.csps-efpc.gc.ca,HttpConnectTimeoutException > ConnectException: HTTP connect timed out,
gcsra.ic.gc.ca,302,
gcsra.neb-one.gc.ca,404,
gcsra.tbs-sct.gc.ca,HttpConnectTimeoutException > ConnectException: HTTP connect timed out,
gcsra.tc.gc.ca,302,
gcsra1.tbs-sct.gc.ca,404,
gcsra2.tbs-sct.gc.ca,404,
gcws.ps-sp.gc.ca,ConnectException > UnresolvedAddressException,
gdc-as.acdi-cida.gc.ca,SSLHandshakeException > CertificateException: No subject alternative DNS name matching gdc-as.acdi-cida.gc.ca found.,
geds-sage.secure.gc.ca,HttpConnectTimeoutException > ConnectException: HTTP connect timed out,
geds20-sage20.itsso.gc.ca,HttpConnectTimeoutException > ConnectException: HTTP connect timed out,
geds20admin-sage20admin.itsso.gc.ca,HttpConnectTimeoutException > ConnectException: HTTP connect timed out,
geds20api-sage20api.itsso.gc.ca,SSLHandshakeException > ValidatorException > SunCertPathBuilderException: unable to find valid certification path to requested target,
geds20uapi-sage20uapi.itsso.gc.ca,HttpConnectTimeoutException > ConnectException: HTTP connect timed out,
geo-test.aadnc-aandc.gc.ca,200,
geo-test.aadnc.gc.ca,200,
geo-test.aandc-aadnc.gc.ca,HttpConnectTimeoutException > ConnectException: HTTP connect timed out,
geo-test.aandc.gc.ca,200,
geo.aadnc-aandc.gc.ca,200,
geo.aadnc.gc.ca,200,
geo.aandc-aadnc.gc.ca,200,
geo.aandc.gc.ca,200,
geo.ps-sp.gc.ca,404,
geo.statcan.gc.ca,200,
geoappext.nrcan.gc.ca,200,
geogratis.gc.ca,200,
geonosis.itsso.gc.ca,SSLHandshakeException > ValidatorException > SunCertPathBuilderException: unable to find valid certification path to requested target,
geoportal-geoportail.infrastructure.gc.ca,HttpConnectTimeoutException > ConnectException: HTTP connect timed out,
geoportal-geoportail.uat.infrastructure.gc.ca,HttpConnectTimeoutException > ConnectException: HTTP connect timed out,
geoprod.statcan.gc.ca,200,
gestion-visiteur.gcwifi.gc.ca,HttpConnectTimeoutException > ConnectException: HTTP connect timed out,
get-oeg.statcan.gc.ca,HttpConnectTimeoutException > ConnectException: HTTP connect timed out,
getcybersafe.gc.ca,301,
getprepared.gc.ca,HttpConnectTimeoutException > ConnectException: HTTP connect timed out,
gis-sig.hre-ehr.gc.ca,403,
gis-sig.preprod.hre-ehr.gc.ca,HttpConnectTimeoutException > ConnectException: HTTP connect timed out,
go.neb-one.gc.ca,ConnectException > UnresolvedAddressException,
goa-oma.international.gc.ca,HttpConnectTimeoutException > ConnectException: HTTP connect timed out,
goa.tradecommissioner.gc.ca,ConnectException > UnresolvedAddressException,
goccog-ps-sp.gc.ca,ConnectException > UnresolvedAddressException,
goccog.ps-sp.gc.ca,ConnectException > UnresolvedAddressException,
grainscanada.gc.ca,200,
graphics.strategis.ic.gc.ca,ConnectException > UnresolvedAddressException,
gras.canadiensensante.gc.ca,HttpConnectTimeoutException > ConnectException: HTTP connect timed out,
gtpt-tetc.infrastructure.gc.ca,HttpConnectTimeoutException > ConnectException: HTTP connect timed out,
gtpt-tetc.uat.infrastructure.gc.ca,HttpConnectTimeoutException > ConnectException: HTTP connect timed out,
gudne-owners.ss.ec.gc.ca,SSLHandshakeException > CertificateException: No subject alternative DNS name matching gudne-owners.ss.ec.gc.ca found.,
gudne-owners.ssqa.ec.gc.ca,HttpConnectTimeoutException > ConnectException: HTTP connect timed out,
gudne-owners2.ssqa.ec.gc.ca,HttpConnectTimeoutException > ConnectException: HTTP connect timed out,
guest-management.gcwifi.gc.ca,HttpConnectTimeoutException > ConnectException: HTTP connect timed out,
guest.gcwifi.gc.ca,HttpConnectTimeoutException > ConnectException: HTTP connect timed out,
guideexpert.portail.gc.ca,HttpConnectTimeoutException > ConnectException: HTTP connect timed out,
h2o.hc-sc.gc.ca,ConnectException > UnresolvedAddressException,
hc-sc.gc.ca,301,
hc4ecc6.hc-sc.gc.ca,ConnectException > UnresolvedAddressException,
hc5ecc6.hc-sc.gc.ca,ConnectException > UnresolvedAddressException,
hcfirm01.hc-sc.gc.ca,ConnectException > UnresolvedAddressException,
hcxs-trn.hc-sc.gc.ca,403,
hcxs.hc-sc.gc.ca,403,
health-portfolio-emergency-contacts.hc-sc.gc.ca,ConnectException > UnresolvedAddressException,
homelessness.esdc.gc.ca,ConnectException > UnresolvedAddressException,
hp-mobile.hc-sc.gc.ca,ConnectException > NoRouteToHostException: Host is unreachable,
hpfbportal.hc-sc.gc.ca,HttpConnectTimeoutException > ConnectException: HTTP connect timed out,
hql-pmkwc01.p.dfait-maeci.gc.ca,ConnectException > UnresolvedAddressException,
hql-pmkwc02.p.dfait-maeci.gc.ca,ConnectException > UnresolvedAddressException,
hqs-pmkwc02.p.dfait-maeci.gc.ca,ConnectException > UnresolvedAddressException,
hre-ehr.gc.ca,401,
hrms-access.pwgsc-tpsgc.gc.ca,HttpConnectTimeoutException > ConnectException: HTTP connect timed out,
http-sext-01.hc-sc.gc.ca,302,
http-sextrn-01.hc-sc.gc.ca,302,
i-contact.irap-pari.nrc-cnrc.gc.ca,ConnectException > UnresolvedAddressException,
iad12-prod.iad-demo2.gc.ca,HttpConnectTimeoutException > ConnectException: HTTP connect timed out,
ic.gc.ca,200,
icare-iedec-train.cic.gc.ca,SSLHandshakeException > ValidatorException > CertPathValidatorException > CertificateExpiredException: NotAfter: Wed Mar 11 05:00:00 CET 2026,
icare-iedec.cic.gc.ca,301,
ice-glaces.ec.gc.ca,200,
ice.ec.gc.ca,200,
iceweb1.cis.ec.gc.ca,200,
icn-rci.statcan.gc.ca,HttpConnectTimeoutException > ConnectException: HTTP connect timed out,
icoskb.statcan.gc.ca,302,
icosmos.gc.ca,ConnectException > NoRouteToHostException: Host is unreachable,
icp-pcdp.irap-pari.nrc-cnrc.gc.ca,HttpConnectTimeoutException > ConnectException: HTTP connect timed out,
icp-pic.infrastructure.gc.ca,HttpConnectTimeoutException > ConnectException: HTTP connect timed out,
icp-pic.uat.infrastructure.gc.ca,HttpConnectTimeoutException > ConnectException: HTTP connect timed out,
icws-swcp.irap-pari.nrc-cnrc.gc.ca,ConnectException > UnresolvedAddressException,
id-reo.tpsgc-pwgsc.gc.ca,HttpConnectTimeoutException > ConnectException: HTTP connect timed out,
idea.ec.gc.ca,200,
idp.csps-efpc.gc.ca,ConnectException > UnresolvedAddressException,
iec-eic.international.gc.ca,HttpConnectTimeoutException > ConnectException: HTTP connect timed out,
iec-mops.international.gc.ca,ConnectException > NoRouteToHostException: Host is unreachable,
ift-mva-vac-acc.fjgc-gccf.gc.ca,HttpConnectTimeoutException > ConnectException: HTTP connect timed out,
ift.bhsol-pssd.vac-acc.gc.ca,HttpConnectTimeoutException > ConnectException: HTTP connect timed out,
ift.mva-mda.vac-acc.gc.ca,HttpConnectTimeoutException > ConnectException: HTTP connect timed out,
iftbhsol-vac-acc.fjgc-gccf.gc.ca,HttpConnectTimeoutException > ConnectException: HTTP connect timed out,
iip-pip.nrc-cnrc.gc.ca,200,
iipt-pipt.nrc-cnrc.gc.ca,ConnectException > UnresolvedAddressException,
ilesidney.pc.gc.ca,200,
ilms-shga.staging.csps-efpc.gc.ca,ConnectException > UnresolvedAddressException,
im.acdi-cida.gc.ca,HttpConnectTimeoutException > ConnectException: HTTP connect timed out,
imap.crc.gc.ca,HttpConnectTimeoutException > ConnectException: HTTP connect timed out,
imap.nrcan.gc.ca,HttpConnectTimeoutException > ConnectException: HTTP connect timed out,
img-dco-i005165-dnd-mdn.fjgc-gccf.gc.ca,ConnectException > UnresolvedAddressException,
img-van-i36452.forces.gc.ca,HttpConnectTimeoutException > ConnectException: HTTP connect timed out,
imi.cnrc-nrc.gc.ca,ConnectException > UnresolvedAddressException,
immobiliers.edsc.gc.ca,ConnectException > UnresolvedAddressException,
inf-emploisfp-psjobs.cfp-psc.gc.ca,HttpConnectTimeoutException > ConnectException: HTTP connect timed out,
inf-oit.cfp-psc.gc.ca,HttpConnectTimeoutException > ConnectException: HTTP connect timed out,
inf-oit.psc-cfp.gc.ca,HttpConnectTimeoutException > ConnectException: HTTP connect timed out,
inf-psjobs-emploisfp.cfp-psc.gc.ca,ConnectException > UnresolvedAddressException,
inf-psjobs-emploisfp.psc-cfp.gc.ca,HttpConnectTimeoutException > ConnectException: HTTP connect timed out,
info06.hc-sc.gc.ca,HttpConnectTimeoutException > ConnectException: HTTP connect timed out,
infobase.phac-aspc.gc.ca,301,
infonet.portal.catsa.gc.ca,HttpConnectTimeoutException > ConnectException: HTTP connect timed out,
infonet.preportal.catsa.gc.ca,HttpConnectTimeoutException > ConnectException: HTTP connect timed out,
infonet.tsb.gc.ca,ConnectException > UnresolvedAddressException,
infopartage.cmhc-schl.gc.ca,ConnectException > UnresolvedAddressException,
infoshare.cmhc-schl.gc.ca,HttpConnectTimeoutException > ConnectException: HTTP connect timed out,
innav.gc.ca,301,
inotes.hc-sc.gc.ca,HttpConnectTimeoutException > ConnectException: HTTP connect timed out,
inrp-npri.ss.ec.gc.ca,HttpConnectTimeoutException > ConnectException: HTTP connect timed out,
inrp-npri.ssqc.ec.gc.ca,IOException > SocketException: Connection reset,
inspection.gc.ca,301,
inter-j01.dfo-mpo.gc.ca,HttpConnectTimeoutException > ConnectException: HTTP connect timed out,
inter-l01.dfo-mpo.gc.ca,301,
inter-w01-test.dfo-mpo.gc.ca,ConnectException > UnresolvedAddressException,
inter-w01.dfo-mpo.gc.ca,404,
inter.dfo-mpo.gc.ca,ConnectException > UnresolvedAddressException,
international.gc.ca,301,
internet.ocol-clo.gc.ca,ConnectException > UnresolvedAddressException,
internships-stages.phac-aspc.gc.ca,HttpConnectTimeoutException > ConnectException: HTTP connect timed out,
intra.ccg-gcc.gc.ca,HttpConnectTimeoutException > ConnectException: HTTP connect timed out,
ipnet.justice.gc.ca,ConnectException > UnresolvedAddressException,
irb-bri.cnrc-nrc.gc.ca,ConnectException > UnresolvedAddressException,
ircc-oem-npe.apps.ci.gc.ca,ConnectException > UnresolvedAddressException,
ironhide.itsso.gc.ca,HttpConnectTimeoutException > ConnectException: HTTP connect timed out,
isbadvpn01h.international.gc.ca,ConnectException > UnresolvedAddressException,
isf-fsi.infrastructure.gc.ca,HttpConnectTimeoutException > ConnectException: HTTP connect timed out,
isf-fsi.uat.infrastructure.gc.ca,HttpConnectTimeoutException > ConnectException: HTTP connect timed out,
ispc-psic.gc.ca,400,
ispc.gc.ca,ConnectException > UnresolvedAddressException,
istopdm.hc-sc.gc.ca,HttpConnectTimeoutException > ConnectException: HTTP connect timed out,
istopig.hc-sc.gc.ca,HttpConnectTimeoutException > ConnectException: HTTP connect timed out,
istopxrm.hc-sc.gc.ca,HttpConnectTimeoutException > ConnectException: HTTP connect timed out,
itinerance.edsc.gc.ca,ConnectException > UnresolvedAddressException,
itmgt.cmhc-schl.gc.ca,ConnectException > UnresolvedAddressException,
itools-ioutils.fcac-acfc.gc.ca,403,
itpro.ssc-spc.gc.ca,HttpConnectTimeoutException > ConnectException: HTTP connect timed out,
iwr.sbg-gbs.gc.ca,HttpConnectTimeoutException > ConnectException: HTTP connect timed out,
jabitha.ncr.pwgsc.gc.ca,ConnectException > UnresolvedAddressException,
jabitha.ssc-spc.gc.ca,SSLHandshakeException > ValidatorException > SunCertPathBuilderException: unable to find valid certification path to requested target,
janus.itsso.gc.ca,SSLHandshakeException > ValidatorException > SunCertPathBuilderException: unable to find valid certification path to requested target,
jarjar.pwgsc.gc.ca,HttpConnectTimeoutException > ConnectException: HTTP connect timed out,
jeunesse.edsc.gc.ca,404,
jobs-emplois.psea-lefp.publiservice.gc.ca,HttpConnectTimeoutException > ConnectException: HTTP connect timed out,
jobs-emplois.sen.parl.gc.ca,HttpConnectTimeoutException > ConnectException: HTTP connect timed out,
jobsetc.gc.ca,HttpConnectTimeoutException > ConnectException: HTTP connect timed out,
jointoilsandsmonitoring.qa.ncr.ec.gc.ca,ConnectException > UnresolvedAddressException,
ju1mdm01.justice.gc.ca,ConnectException > UnresolvedAddressException,
judicom.gc.ca,HttpConnectTimeoutException > ConnectException: HTTP connect timed out,
jus-ott1.justice.gc.ca,HttpConnectTimeoutException > ConnectException: HTTP connect timed out,
jus-ott2.justice.gc.ca,404,
jusaccess3.justice.gc.ca,ConnectException > UnresolvedAddressException,
justice.gc.ca,HttpConnectTimeoutException > ConnectException: HTTP connect timed out,
jusweb.justice.gc.ca,HttpConnectTimeoutException > ConnectException: HTTP connect timed out,
kanga.tc.gc.ca,ConnectException > UnresolvedAddressException,
kangawwwapps.tc.gc.ca,ConnectException > UnresolvedAddressException,
ked1proxy01.ncr.pwgsc.gc.ca,ConnectException > UnresolvedAddressException,
ked1proxy02.ncr.pwgsc.gc.ca,ConnectException > UnresolvedAddressException,
knikknak.itsso-ospti.gc.ca,HttpConnectTimeoutException > ConnectException: HTTP connect timed out,
kompass-2015-iec-eic.international.gc.ca,ConnectException > NoRouteToHostException: Host is unreachable,
kompass-iec-eic.international.gc.ca,HttpConnectTimeoutException > ConnectException: HTTP connect timed out,
krest-test.dfo-mpo.gc.ca,HttpConnectTimeoutException > ConnectException: HTTP connect timed out,
krest.dfo-mpo.gc.ca,403,
labprtl.pwgsc.gc.ca,HttpConnectTimeoutException > ConnectException: HTTP connect timed out,
labvpn001.ssc-spc.gc.ca,404,
lac-bac.gc.ca,200,
lad.cnrc-nrc.gc.ca,HttpConnectTimeoutException > ConnectException: HTTP connect timed out,
lad.cnrc.gc.ca,ConnectException > UnresolvedAddressException,
lad.nrc-cnrc.gc.ca,ConnectException > UnresolvedAddressException,
lad.nrc.gc.ca,HttpConnectTimeoutException > ConnectException: HTTP connect timed out,
laurier.fcac-acfc.gc.ca,HttpConnectTimeoutException > ConnectException: HTTP connect timed out,
lawmate-ot.cra-arc.gc.ca,ConnectException > UnresolvedAddressException,
lawqwest.ppsc.gc.ca,ConnectException > ClosedChannelException,
lbpvpn01dev.international.gc.ca,HttpConnectTimeoutException > ConnectException: HTTP connect timed out,
lbpvpn01h.international.gc.ca,HttpConnectTimeoutException > ConnectException: HTTP connect timed out,
ldnvpn01h.international.gc.ca,HttpConnectTimeoutException > ConnectException: HTTP connect timed out,
learn-apprendre.csps-efpc.gc.ca,ConnectException > UnresolvedAddressException,
legacy.courrierweb.agr.gc.ca,ConnectException > UnresolvedAddressException,
legacy.dfo-mpo.gc.ca,HttpConnectTimeoutException > ConnectException: HTTP connect timed out,
legacy.neb-one.gc.ca,ConnectException > UnresolvedAddressException,
legacy.webmail.agr.gc.ca,ConnectException > UnresolvedAddressException,
listserv.dfait-maeci.gc.ca,HttpConnectTimeoutException > ConnectException: HTTP connect timed out,
listserv.international.gc.ca,HttpConnectTimeoutException > ConnectException: HTTP connect timed out,
lms.campusdirect.gc.ca,ConnectException > UnresolvedAddressException,
lnglsvpn01h.international.gc.ca,HttpConnectTimeoutException > ConnectException: HTTP connect timed out,
lnnte-dncl.gc.ca,301,
lnnte.gc.ca,301,
lobbycanada.gc.ca,520,
logiciel.tpsgc.gc.ca,HttpConnectTimeoutException > ConnectException: HTTP connect timed out,
logiciels-software.tpsgc-pwgsc.gc.ca,HttpConnectTimeoutException > ConnectException: HTTP connect timed out,
lp-pa.forces.gc.ca,HttpConnectTimeoutException > ConnectException: HTTP connect timed out,
lpbpgeo.parl.gc.ca,HttpConnectTimeoutException > ConnectException: HTTP connect timed out,
lpbpgeodev.parl.gc.ca,ConnectException > UnresolvedAddressException,
lrm.csps-efpc.gc.ca,ConnectException > UnresolvedAddressException,
lsweb.parlissi.gc.ca,ConnectException > UnresolvedAddressException,
lyncdiscover.catsa.gc.ca,HttpConnectTimeoutException > ConnectException: HTTP connect timed out,
lyncdiscover.dfo-mpo.gc.ca,ConnectException > UnresolvedAddressException,
lyncdiscover.parl.gc.ca,ConnectException > UnresolvedAddressException,
lyncdiscover.scics.gc.ca,HttpConnectTimeoutException > ConnectException: HTTP connect timed out,
lyncedge01.dfo-mpo.gc.ca,HttpConnectTimeoutException > ConnectException: HTTP connect timed out,
lyncfewebcdc.dfo-mpo.gc.ca,ConnectException > NoRouteToHostException: Host is unreachable,
lyncweb.scics.gc.ca,HttpConnectTimeoutException > ConnectException: HTTP connect timed out,
lyncwebextcdc.dfo-mpo.gc.ca,ConnectException > NoRouteToHostException: Host is unreachable,
lyncxmppgw.dfo-mpo.gc.ca,HttpConnectTimeoutException > ConnectException: HTTP connect timed out,
m.travel.gc.ca,SSLHandshakeException > CertificateException: No subject alternative DNS name matching m.travel.gc.ca found.,
m.voyage.gc.ca,HttpConnectTimeoutException > ConnectException: HTTP connect timed out,
m1.acsta-catsa.gc.ca,HttpConnectTimeoutException > ConnectException: HTTP connect timed out,
m1.catsa-acsta.gc.ca,HttpConnectTimeoutException > ConnectException: HTTP connect timed out,
maf-crg.tbs-sct.gc.ca,HttpConnectTimeoutException > ConnectException: HTTP connect timed out,
mail.apex.gc.ca,HttpConnectTimeoutException > ConnectException: HTTP connect timed out,
mail.apl.gc.ca,HttpConnectTimeoutException > ConnectException: HTTP connect timed out,
mail.bwbc.gc.ca,HttpConnectTimeoutException > ConnectException: HTTP connect timed out,
mail.cjc-ccm.gc.ca,SSLHandshakeException > CertificateException: No subject alternative DNS name matching mail.cjc-ccm.gc.ca found.,
mail.consultations.oic-ci.gc.ca,ConnectException > UnresolvedAddressException,
mail.crc.gc.ca,ConnectException > UnresolvedAddressException,
mail.csc-scc.gc.ca,HttpConnectTimeoutException > ConnectException: HTTP connect timed out,
mail.csps-efpc.gc.ca,HttpConnectTimeoutException > ConnectException: HTTP connect timed out,
mail.dcc-cdc.gc.ca,HttpConnectTimeoutException > ConnectException: HTTP connect timed out,
mail.horizons.gc.ca,HttpConnectTimeoutException > ConnectException: HTTP connect timed out,
mail.lab.telefilm.gc.ca,ConnectException > UnresolvedAddressException,
mail.nrc-cnrc.gc.ca,SSLHandshakeException > ValidatorException > SunCertPathBuilderException: unable to find valid certification path to requested target,
mail.ocol-clo.gc.ca,HttpConnectTimeoutException > ConnectException: HTTP connect timed out,
mail.ocsec-bccst.gc.ca,HttpConnectTimeoutException > ConnectException: HTTP connect timed out,
mail.oic-ci.gc.ca,HttpConnectTimeoutException > ConnectException: HTTP connect timed out,
mail.ppa.gc.ca,"SSLHandshakeException: (protocol_version) The server selected protocol version TLS10 is not accepted by client preferences [TLS13, TLS12]",
mail.pwgsc-tpsgc.gc.ca,HttpConnectTimeoutException > ConnectException: HTTP connect timed out,
mail.pwgsc.gc.ca,HttpConnectTimeoutException > ConnectException: HTTP connect timed out,
mail.sopf-cidphn.gc.ca,HttpConnectTimeoutException > ConnectException: HTTP connect timed out,
mail.ssopf-cidphn.gc.ca,ConnectException > UnresolvedAddressException,
mail.telefilm.gc.ca,HttpConnectTimeoutException > ConnectException: HTTP connect timed out,
mail.video1.servicecanada.gc.ca,ConnectException > UnresolvedAddressException,
mail1.cic.gc.ca,HttpConnectTimeoutException > ConnectException: HTTP connect timed out,
mail110.cra-arc.gc.ca,HttpConnectTimeoutException > ConnectException: HTTP connect timed out,
mail111.cra-arc.gc.ca,HttpConnectTimeoutException > ConnectException: HTTP connect timed out,
mail113.cra-arc.gc.ca,HttpConnectTimeoutException > ConnectException: HTTP connect timed out,
mail114.cra-arc.gc.ca,HttpConnectTimeoutException > ConnectException: HTTP connect timed out,
mail2.cic.gc.ca,HttpConnectTimeoutException > ConnectException: HTTP connect timed out,
mail3.catsa.gc.ca,HttpConnectTimeoutException > ConnectException: HTTP connect timed out,
mail4.catsa.gc.ca,HttpConnectTimeoutException > ConnectException: HTTP connect timed out,
mail5.dev.international.gc.ca,ConnectException > UnresolvedAddressException,
mail5.international.gc.ca,HttpConnectTimeoutException > ConnectException: HTTP connect timed out,
mail6.international.gc.ca,HttpConnectTimeoutException > ConnectException: HTTP connect timed out,
mailgate.crc.gc.ca,ConnectException > UnresolvedAddressException,
mam.tc.gc.ca,HttpConnectTimeoutException > ConnectException: HTTP connect timed out,
mamd.sdeeds.parlissi.gc.ca,ConnectException > UnresolvedAddressException,
manuels-manuals.opic-cipo.gc.ca,302,
map-carte.tbs-sct.gc.ca,HttpConnectTimeoutException > ConnectException: HTTP connect timed out,
maps-cartes.ec.gc.ca,403,
maps-cartes.qa.ncr.ec.gc.ca,SSLHandshakeException > ValidatorException > SunCertPathBuilderException: unable to find valid certification path to requested target,
maps-staging.geogratis.gc.ca,ConnectException > UnresolvedAddressException,
maps.geogratis.gc.ca,HttpConnectTimeoutException > ConnectException: HTTP connect timed out,
marche.spc-ssc.gc.ca,302,
marketing.services.gc.ca,HttpConnectTimeoutException > ConnectException: HTTP connect timed out,
marketplace.ssc-spc.gc.ca,HttpConnectTimeoutException > ConnectException: HTTP connect timed out,
masge-myems-peoplesoft.service.gc.ca,ConnectException > UnresolvedAddressException,
mat1-pcp-webpca.ncr.pwgsc.gc.ca,ConnectException > UnresolvedAddressException,
maximizer.parl.gc.ca,ConnectException > UnresolvedAddressException,
mb-chercheur.guichetemplois.gc.ca,301,
mb-employer.jobbank.gc.ca,302,
mb-employeur.guichetemplois.gc.ca,HttpConnectTimeoutException > ConnectException: HTTP connect timed out,
mb-seeker.jobbank.gc.ca,301,
mcdc-vpn.hc-sc.gc.ca,404,
mdm-gpm.tc.gc.ca,HttpConnectTimeoutException > ConnectException: HTTP connect timed out,
mdm.catsa.gc.ca,HttpConnectTimeoutException > ConnectException: HTTP connect timed out,
mdm.cic.gc.ca,HttpConnectTimeoutException > ConnectException: HTTP connect timed out,
mdm.ec.gc.ca,ConnectException > UnresolvedAddressException,
mdm.neb-one.gc.ca,ConnectException > UnresolvedAddressException,
mdm.sen.parl.gc.ca,HttpConnectTimeoutException > ConnectException: HTTP connect timed out,
mdm.tc.gc.ca,ConnectException > UnresolvedAddressException,
mdmapp.ec.gc.ca,ConnectException > UnresolvedAddressException,
mdmdev.cic.gc.ca,HttpConnectTimeoutException > ConnectException: HTTP connect timed out,
mdmsentry.ec.gc.ca,ConnectException > UnresolvedAddressException,
media.meteo.gc.ca,ConnectException > UnresolvedAddressException,
media.weather.gc.ca,ConnectException > UnresolvedAddressException,
meet.catsa.gc.ca,HttpConnectTimeoutException > ConnectException: HTTP connect timed out,
meet.fcac-acfc.gc.ca,HttpConnectTimeoutException > ConnectException: HTTP connect timed out,
meet.parl.gc.ca,ConnectException > UnresolvedAddressException,
meet.scics.gc.ca,ConnectException > UnresolvedAddressException,
meeting.acdi-cida.gc.ca,ConnectException > UnresolvedAddressException,
mesobligations.gc.ca,HttpConnectTimeoutException > ConnectException: HTTP connect timed out,
message.parl.gc.ca,SSLHandshakeException > ValidatorException > SunCertPathBuilderException: unable to find valid certification path to requested target,
message.parlissi.gc.ca,HttpConnectTimeoutException > ConnectException: HTTP connect timed out,
message.sdeeds.parlissi.gc.ca,HttpConnectTimeoutException > ConnectException: HTTP connect timed out,
message.sen.parl.gc.ca,HttpConnectTimeoutException > ConnectException: HTTP connect timed out,
message2007.parlissi.gc.ca,ConnectException > UnresolvedAddressException,
messext.parl.gc.ca,ConnectException > UnresolvedAddressException,
met.forces.gc.ca,401,
meteo.gc.ca,HttpConnectTimeoutException > ConnectException: HTTP connect timed out,
mfcsg01.hc-sc.gc.ca,ConnectException > NoRouteToHostException: Host is unreachable,
mi-im.acdi-cida.gc.ca,HttpConnectTimeoutException > ConnectException: HTTP connect timed out,
mi.acdi-cida.gc.ca,HttpConnectTimeoutException > ConnectException: HTTP connect timed out,
mip-pmi.uat.infrastructure.gc.ca,HttpConnectTimeoutException > ConnectException: HTTP connect timed out,
miroir.achatsetventes.gc.ca,ConnectException > UnresolvedAddressException,
mirror.buyandsell.gc.ca,ConnectException > UnresolvedAddressException,
mmd.sdeeds.parlissi.gc.ca,ConnectException > UnresolvedAddressException,
mmsd.mms.nrcan.gc.ca,HttpConnectTimeoutException > ConnectException: HTTP connect timed out,
mmsd1.mms.nrcan.gc.ca,HttpConnectTimeoutException > ConnectException: HTTP connect timed out,
mmso.cms-sgj.cra-arc.gc.ca,HttpConnectTimeoutException > ConnectException: HTTP connect timed out,
mmwc-ucmm.nrc-cnrc.gc.ca,HttpConnectTimeoutException > ConnectException: HTTP connect timed out,
mmwc-ucmm.nrc.gc.ca,HttpConnectTimeoutException > ConnectException: HTTP connect timed out,
mmwc.nrc-cnrc.gc.ca,HttpConnectTimeoutException > ConnectException: HTTP connect timed out,
mmwc.nrc.gc.ca,HttpConnectTimeoutException > ConnectException: HTTP connect timed out,
mobile.cic.gc.ca,302,
mobile.crtc.gc.ca,ConnectException > UnresolvedAddressException,
mobile.ec.gc.ca,ConnectException > ClosedChannelException,
mobile.hc-sc.gc.ca,ConnectException > UnresolvedAddressException,
mobile.ocol-clo.gc.ca,ConnectException > UnresolvedAddressException,
mobile.parl.gc.ca,HttpConnectTimeoutException > ConnectException: HTTP connect timed out,
mobile.phac-aspc.gc.ca,HttpConnectTimeoutException > ConnectException: HTTP connect timed out,
mobile.priv.gc.ca,HttpConnectTimeoutException > ConnectException: HTTP connect timed out,
mobile.sen.parl.gc.ca,SSLHandshakeException > ValidatorException > SunCertPathBuilderException: unable to find valid certification path to requested target,
mobile2.crtc.gc.ca,ConnectException > UnresolvedAddressException,
mobile2.hc-sc.gc.ca,ConnectException > UnresolvedAddressException,
mobile2.nrcan.gc.ca,SSLHandshakeException > ValidatorException > SunCertPathBuilderException: unable to find valid certification path to requested target,
mobilite.cits.rncan.gc.ca,HttpConnectTimeoutException > ConnectException: HTTP connect timed out,
mobility.cits.nrcan.gc.ca,HttpConnectTimeoutException > ConnectException: HTTP connect timed out,
monbureau.tc.gc.ca,ConnectException > UnresolvedAddressException,
monbureaua.tc.gc.ca,HttpConnectTimeoutException > ConnectException: HTTP connect timed out,
monbureaud.tc.gc.ca,ConnectException > UnresolvedAddressException,
monbureaup.tc.gc.ca,ConnectException > UnresolvedAddressException,
moodle.csps-efpc.gc.ca,ConnectException > UnresolvedAddressException,
moveit.vac-acc.gc.ca,200,
mp.ssc-spc.gc.ca,HttpConnectTimeoutException > ConnectException: HTTP connect timed out,
mpan4.telefilm.gc.ca,ConnectException > UnresolvedAddressException,
mpan44.telefilm.gc.ca,ConnectException > UnresolvedAddressException,
mpmo.gc.ca,301,
mra.nserc-crsng.gc.ca,HttpConnectTimeoutException > ConnectException: HTTP connect timed out,
mrif-fimr-2.infrastructure.gc.ca,ConnectException > UnresolvedAddressException,
mrif-fimr.infrastructure.gc.ca,HttpConnectTimeoutException > ConnectException: HTTP connect timed out,
mrif-fimr.uat.infrastructure.gc.ca,HttpConnectTimeoutException > ConnectException: HTTP connect timed out,
ms.neb-one.gc.ca,HttpConnectTimeoutException > ConnectException: HTTP connect timed out,
msda.parl.gc.ca,HttpConnectTimeoutException > ConnectException: HTTP connect timed out,
msda.sdeeds.parlissi.gc.ca,HttpConnectTimeoutException > ConnectException: HTTP connect timed out,
mtrsv4-ro-sctrmv4-mcs.hc-sc.gc.ca,HttpConnectTimeoutException > ConnectException: HTTP connect timed out,
mva-mda.vac-acc.gc.ca,200,
mva-vac-acc.fjgc-gccf.gc.ca,HttpConnectTimeoutException > ConnectException: HTTP connect timed out,
mw-wm.acdi-cida.gc.ca,HttpConnectTimeoutException > ConnectException: HTTP connect timed out,
mwm.acdi-cida.gc.ca,HttpConnectTimeoutException > ConnectException: HTTP connect timed out,
mx1.ssc-spc.gc.ca,ConnectException > UnresolvedAddressException,
mx2.ssc-spc.gc.ca,HttpConnectTimeoutException > ConnectException: HTTP connect timed out,
mxicovpn01h.international.gc.ca,HttpConnectTimeoutException > ConnectException: HTTP connect timed out,
mxlaval.csc-scc.gc.ca,ConnectException > UnresolvedAddressException,
mybonds.gc.ca,HttpConnectTimeoutException > ConnectException: HTTP connect timed out,
mydesk.tc.gc.ca,ConnectException > UnresolvedAddressException,
mydeska.tc.gc.ca,HttpConnectTimeoutException > ConnectException: HTTP connect timed out,
mydeskd.tc.gc.ca,ConnectException > UnresolvedAddressException,
mydeskp.tc.gc.ca,ConnectException > UnresolvedAddressException,
myems-masge-rhvol.service.gc.ca,ConnectException > UnresolvedAddressException,
mysites.corp.bwbc.gc.ca,ConnectException > UnresolvedAddressException,
nafta-alena.gc.ca,ConnectException > UnresolvedAddressException,
natws01.cmhc-schl.gc.ca,ConnectException > UnresolvedAddressException,
natxfr.dfo-mpo.gc.ca,HttpConnectTimeoutException > ConnectException: HTTP connect timed out,
nb-chercheur.guichetemplois.gc.ca,HttpConnectTimeoutException > ConnectException: HTTP connect timed out,
nb-employer.jobbank.gc.ca,302,
nb-employeur.guichetemplois.gc.ca,HttpConnectTimeoutException > ConnectException: HTTP connect timed out,
nb-seeker.jobbank.gc.ca,301,
nce-rce.gc.ca,SSLHandshakeException > CertificateException: No subject alternative DNS name matching nce-rce.gc.ca found.,
ncecclea.rcmp-grc.gc.ca,HttpConnectTimeoutException > ConnectException: HTTP connect timed out,
ncrmxmb04.tc.gc.ca,ConnectException > UnresolvedAddressException,
nea-nae-dfo-mpo.fjgc-gccf.gc.ca,403,
nea-nae-stg-dfo-mpo.fjgc-gccf.gc.ca,403,
nea-nae-stg.dfo-mpo.gc.ca,403,
nea-nae.dfo-mpo.gc.ca,403,
neb-one.gc.ca,HttpConnectTimeoutException > ConnectException: HTTP connect timed out,
nems-sngu.hre-ehr.gc.ca,403,
nems-sngu.preprod.hre-ehr.gc.ca,HttpConnectTimeoutException > ConnectException: HTTP connect timed out,
neodf.nrcan.gc.ca,HttpConnectTimeoutException > ConnectException: HTTP connect timed out,
netstorage.cta-otc.gc.ca,ConnectException > UnresolvedAddressException,
nexus.drdc-rddc.gc.ca,401,
njc-cnm.gc.ca,301,
njes1s7541.apps.cic.gc.ca,ConnectException > UnresolvedAddressException,
njes1s7888.apps.ci.gc.ca,ConnectException > UnresolvedAddressException,
nl-chercheur.guichetemplois.gc.ca,301,
nl-employer.jobbank.gc.ca,302,
nl-employeur.guichetemplois.gc.ca,302,
nl-seeker.jobbank.gc.ca,HttpConnectTimeoutException > ConnectException: HTTP connect timed out,
nlink.ospti-itsso.gc.ca,ConnectException > UnresolvedAddressException,
nml-lnm.gc.ca,HttpConnectTimeoutException > ConnectException: HTTP connect timed out,
noslangues-ourlanguages.gc.ca,301,
noslangues.gc.ca,301,
notes.cmhc-schl.gc.ca,HttpConnectTimeoutException > ConnectException: HTTP connect timed out,
notices.dfo-mpo.gc.ca,302,
npa.gc.ca,301,
npmo-bgpn.cannor.gc.ca,ConnectException > UnresolvedAddressException,
nrc-cnrc.gc.ca,301,
nrcan-rncan.gc.ca,HttpConnectTimeoutException > ConnectException: HTTP connect timed out,
nrcan.gc.ca,301,
nrobivpn01h.international.gc.ca,HttpConnectTimeoutException > ConnectException: HTTP connect timed out,
ns-chercheur.guichetemplois.gc.ca,HttpConnectTimeoutException > ConnectException: HTTP connect timed out,
ns-employer.jobbank.gc.ca,302,
ns-employeur.guichetemplois.gc.ca,302,
ns-seeker.jobbank.gc.ca,301,
ns-teletest.nrcan.gc.ca,ConnectException > UnresolvedAddressException,
nsep1a5091.cic.gc.ca,HttpConnectTimeoutException > ConnectException: HTTP connect timed out,
nsep1a5092.cic.gc.ca,HttpConnectTimeoutException > ConnectException: HTTP connect timed out,
nsep1a9126.cic.gc.ca,HttpConnectTimeoutException > ConnectException: HTTP connect timed out,
nserc-crsng.gc.ca,SSLHandshakeException > CertificateException: No subject alternative DNS name matching nserc-crsng.gc.ca found.,
nsl-bsn.nrc-cnrc.gc.ca,301,
nsp.nss-snrs.gc.ca,HttpConnectTimeoutException > ConnectException: HTTP connect timed out,
nt-chercheur.guichetemplois.gc.ca,301,
nt-employer.jobbank.gc.ca,302,
nt-employeur.guichetemplois.gc.ca,HttpConnectTimeoutException > ConnectException: HTTP connect timed out,
nt-seeker.jobbank.gc.ca,HttpConnectTimeoutException > ConnectException: HTTP connect timed out,
nu-chercheur.guichetemplois.gc.ca,HttpConnectTimeoutException > ConnectException: HTTP connect timed out,
nu-employer.jobbank.gc.ca,302,
nu-employeur.guichetemplois.gc.ca,302,
nu-seeker.jobbank.gc.ca,301,
nucleus.ssc-spc.gc.ca,HttpConnectTimeoutException > ConnectException: HTTP connect timed out,
o365.cmhc-schl.gc.ca,ConnectException > UnresolvedAddressException,
oagpubsft.oag-bvg.gc.ca,200,
oas.neodf.nrcan.gc.ca,HttpConnectTimeoutException > ConnectException: HTTP connect timed out,
ocel-cool.ec.gc.ca,200,
ocip-pico.hre-ehr.gc.ca,403,
ocip-pico.preprod.hre-ehr.gc.ca,HttpConnectTimeoutException > ConnectException: HTTP connect timed out,
ocip-training.hre-ehr.gc.ca,HttpConnectTimeoutException > ConnectException: HTTP connect timed out,
ocl-cal.gc.ca,SSLHandshakeException > CertificateException: No subject alternative DNS name matching ocl-cal.gc.ca found.,
ocol-clo.gc.ca,SSLHandshakeException > ValidatorException > SunCertPathBuilderException: unable to find valid certification path to requested target,
ocs.dec-ced.gc.ca,ConnectException > UnresolvedAddressException,
ocsec-bccst.gc.ca,HttpConnectTimeoutException > ConnectException: HTTP connect timed out,
ocsprod.pwgsc.gc.ca,HttpConnectTimeoutException > ConnectException: HTTP connect timed out,
oec.gc.ca,301,
oecdirect.oec.gc.ca,HttpConnectTimeoutException > ConnectException: HTTP connect timed out,
oeeforms.nrcan.gc.ca,HttpConnectTimeoutException > ConnectException: HTTP connect timed out,
officewebapps.scics.gc.ca,ConnectException > UnresolvedAddressException,
ofss.tc.gc.ca,ConnectException > UnresolvedAddressException,
ogdp.securise-secure.gc.ca,HttpConnectTimeoutException > ConnectException: HTTP connect timed out,
oic-ci.gc.ca,400,
oit.cfp-psc.gc.ca,SSLHandshakeException > ValidatorException > CertPathValidatorException > CertificateExpiredException: NotAfter: Tue Mar 24 05:00:00 CET 2026,
oit.psc-cfp.gc.ca,HttpConnectTimeoutException > ConnectException: HTTP connect timed out,
oma.deleguescommerciaux.gc.ca,ConnectException > UnresolvedAddressException,
oma.ec.gc.ca,HttpConnectTimeoutException > ConnectException: HTTP connect timed out,
on-chercheur.guichetemplois.gc.ca,301,
on-employer.jobbank.gc.ca,HttpConnectTimeoutException > ConnectException: HTTP connect timed out,
on-employeur.guichetemplois.gc.ca,302,
on-seeker.jobbank.gc.ca,HttpConnectTimeoutException > ConnectException: HTTP connect timed out,
on.ec.gc.ca,ConnectException > UnresolvedAddressException,
on.ges-ghg.ss.ec.gc.ca,HttpConnectTimeoutException > ConnectException: HTTP connect timed out,
on.ges-ghg.ssqa.ec.gc.ca,302,
on.ges-ghg.ssqc.ec.gc.ca,IOException > SocketException: Connection reset,
onlabxbes-mf-comm.agr.gc.ca,ConnectException > NoRouteToHostException: Host is unreachable,
onlineservices-development2-cic.fjgc-gccf.gc.ca,ConnectException > UnresolvedAddressException,
onlineservices-development2.ci.gc.ca,HttpConnectTimeoutException > ConnectException: HTTP connect timed out,
onlineservices-servicesenligne-cic.fjgc-gccf.gc.ca,302,
onlineservices-servicesenligne.cic.gc.ca,HttpConnectTimeoutException > ConnectException: HTTP connect timed out,
onottaxbes-mf-c.agr.gc.ca,HttpConnectTimeoutException > ConnectException: HTTP connect timed out,
onottaxcasarray1.agr.gc.ca,ConnectException > UnresolvedAddressException,
ont-sat-ths.tpsgc-pwgsc.gc.ca,HttpConnectTimeoutException > ConnectException: HTTP connect timed out,
ont-sat.tpsgc.gc.ca,SSLHandshakeException > CertificateException: No subject alternative DNS name matching ont-sat.tpsgc.gc.ca found.,
ont-ths-sat.pwgsc-tpsgc.gc.ca,200,
ont-ths.pwgsc.gc.ca,HttpConnectTimeoutException > ConnectException: HTTP connect timed out,
ontario.pwgsc-tpsgc.gc.ca,HttpConnectTimeoutException > ConnectException: HTTP connect timed out,
ontario.pwgsc.gc.ca,SSLHandshakeException > CertificateException: No subject alternative DNS name matching ontario.pwgsc.gc.ca found.,
ontario.tpsgc-pwgsc.gc.ca,HttpConnectTimeoutException > ConnectException: HTTP connect timed out,
ontario.tpsgc.gc.ca,HttpConnectTimeoutException > ConnectException: HTTP connect timed out,
opentext.cmhc-schl.gc.ca,HttpConnectTimeoutException > ConnectException: HTTP connect timed out,
orca-eajl.ncstest.gc.ca,ConnectException > UnresolvedAddressException,
orca-eajl.testpki.gc.ca,ConnectException > UnresolvedAddressException,
order.translationbureau.gc.ca,HttpConnectTimeoutException > ConnectException: HTTP connect timed out,
orientation.parl.gc.ca,ConnectException > UnresolvedAddressException,
orld-reda-dev.hc-sc.gc.ca,HttpConnectTimeoutException > ConnectException: HTTP connect timed out,
orld-reda.hc-sc.gc.ca,302,
osprey.pubs.nrc-cnrc.gc.ca,ConnectException > UnresolvedAddressException,
ot1x0002.justice.gc.ca,ConnectException > UnresolvedAddressException,
otc-cta.gc.ca,200,
ourlanguages-noslangues.gc.ca,301,
ourlanguages.gc.ca,301,
outilspen-pentools.tpsgc-pwgsc.gc.ca,HttpConnectTimeoutException > ConnectException: HTTP connect timed out,
outlander.itsso.gc.ca,HttpConnectTimeoutException > ConnectException: HTTP connect timed out,
outlook.acoa-apeca.gc.ca,HttpConnectTimeoutException > ConnectException: HTTP connect timed out,
outlook.ecbc-secb.gc.ca,ConnectException > UnresolvedAddressException,
outlook.neb-one.gc.ca,HttpConnectTimeoutException > ConnectException: HTTP connect timed out,
owa.cas-satj.gc.ca,HttpConnectTimeoutException > ConnectException: HTTP connect timed out,
owa.cfgb-cgfc.gc.ca,ConnectException > UnresolvedAddressException,
owa.cnrc-nrc.gc.ca,SSLHandshakeException > ValidatorException > SunCertPathBuilderException: unable to find valid certification path to requested target,
owa.dec-ced.gc.ca,HttpConnectTimeoutException > ConnectException: HTTP connect timed out,
owa.ec.gc.ca,HttpConnectTimeoutException > ConnectException: HTTP connect timed out,
owa.fja-cmf.gc.ca,HttpConnectTimeoutException > ConnectException: HTTP connect timed out,
owa.justice.gc.ca,SSLHandshakeException > SocketException: Connection reset,
owa.mgerc-ceegm.gc.ca,HttpConnectTimeoutException > ConnectException: HTTP connect timed out,
owa.nrc-cnrc.gc.ca,SSLHandshakeException > ValidatorException > SunCertPathBuilderException: unable to find valid certification path to requested target,
owa.ppa.gc.ca,HttpConnectTimeoutException > ConnectException: HTTP connect timed out,
owa.pslrb-crtfp.gc.ca,HttpConnectTimeoutException > ConnectException: HTTP connect timed out,
owa.wd-deo.gc.ca,ConnectException > UnresolvedAddressException,
owabcp.pslrb-crtfp.gc.ca,HttpConnectTimeoutException > ConnectException: HTTP connect timed out,
pa-ap.aadnc-aandc.gc.ca,302,
pa-ap.inac.gc.ca,ConnectException > UnresolvedAddressException,
paa-pac.acdi-cida.gc.ca,SSLHandshakeException > CertificateException: No subject alternative DNS name matching paa-pac.acdi-cida.gc.ca found.,
pad-dsp-inet.pwgsc-tpsgc.gc.ca,SSLHandshakeException > ValidatorException > SunCertPathBuilderException: unable to find valid certification path to requested target,
padiwak.itsso-ospti.gc.ca,HttpConnectTimeoutException > ConnectException: HTTP connect timed out,
paf-spp.tpsgc-pwgsc.gc.ca,HttpConnectTimeoutException > ConnectException: HTTP connect timed out,
paf-spprate.tpsgc-pwgsc.gc.ca,SSLHandshakeException > CertificateException: No subject alternative DNS name matching paf-spprate.tpsgc-pwgsc.gc.ca found.,
pagedattributionfc.ssc-spc.gc.ca,HttpConnectTimeoutException > ConnectException: HTTP connect timed out,
papp.csps-efpc.gc.ca,HttpConnectTimeoutException > ConnectException: HTTP connect timed out,
parl.gc.ca,301,
parlissi.gc.ca,ConnectException > UnresolvedAddressException,
partners.drdc-rddc.gc.ca,HttpConnectTimeoutException > ConnectException: HTTP connect timed out,
partners1.drdc-rddc.gc.ca,HttpConnectTimeoutException > ConnectException: HTTP connect timed out,
pass.cisti-icist.nrc-cnrc.gc.ca,ConnectException > UnresolvedAddressException,
passerelleie.sp.gc.ca,IOException > SocketException: Connection reset,
pc3p.ps-sp.gc.ca,SSLHandshakeException > ValidatorException > CertPathValidatorException > CertificateExpiredException: NotAfter: Wed Mar 26 15:53:46 CET 2025,
pcag2.neb-one.gc.ca,HttpConnectTimeoutException > ConnectException: HTTP connect timed out,
pch.gc.ca,HttpConnectTimeoutException > ConnectException: HTTP connect timed out,
pchwb0019.pch.gc.ca,ConnectException > UnresolvedAddressException,
pchwb0024.pch.gc.ca,HttpConnectTimeoutException > ConnectException: HTTP connect timed out,
pdp-vpn.hc-sc.gc.ca,302,
pds-slp-dt.sdeeds.parlissi.gc.ca,HttpConnectTimeoutException > ConnectException: HTTP connect timed out,
pe-chercheur.guichetemplois.gc.ca,HttpConnectTimeoutException > ConnectException: HTTP connect timed out,
pe-employer.jobbank.gc.ca,302,
pe-employeur.guichetemplois.gc.ca,302,
pe-seeker.jobbank.gc.ca,301,
peche.dfo-mpo.gc.ca,HttpConnectTimeoutException > ConnectException: HTTP connect timed out,
pensezcybersecurite.gc.ca,301,
pension-sso.tpsgc-pwgsc.gc.ca,HttpConnectTimeoutException > ConnectException: HTTP connect timed out,
pension.tpsgc-pwgsc.gc.ca,HttpConnectTimeoutException > ConnectException: HTTP connect timed out,
peri-pilt.tpsgc-pwgsc.gc.ca,200,
permis-permits.ec.gc.ca,302,
petitions.parl.gc.ca,HttpConnectTimeoutException > ConnectException: HTTP connect timed out,
pgpc-cmp.ss.ec.gc.ca,ConnectException > UnresolvedAddressException,
pgpc-cmp.ssqc.ec.gc.ca,ConnectException > ClosedChannelException,
phenix-phoenix.tpsgc-pwgsc.gc.ca,HttpConnectTimeoutException > ConnectException: HTTP connect timed out,
phmg.phac-aspc.gc.ca,HttpConnectTimeoutException > ConnectException: HTTP connect timed out,
phoenix.cmf.gc.ca,ConnectException > UnresolvedAddressException,
phoenix.fja-cmf.gc.ca,ConnectException > UnresolvedAddressException,
phoenix.fja.gc.ca,ConnectException > UnresolvedAddressException,
php-psp.phac-aspc.gc.ca,SSLHandshakeException > ValidatorException > CertPathValidatorException > CertificateExpiredException: NotAfter: Fri Apr 02 17:57:56 CEST 2021,
pie-isep.asc-csa.gc.ca,200,
pie-isepqa.asc-csa.gc.ca,HttpTimeoutException: request timed out,
pilot.buyandsell.gc.ca,HttpConnectTimeoutException > ConnectException: HTTP connect timed out,
pilotagestlaurent.gc.ca,301,
pilotasa01.international.gc.ca,HttpConnectTimeoutException > ConnectException: HTTP connect timed out,
pilote.achatsetventes.gc.ca,ConnectException > UnresolvedAddressException,
piltrate.pilt.gc.ca,ConnectException > UnresolvedAddressException,
plainte-complaint.ci-oic.gc.ca,HttpConnectTimeoutException > ConnectException: HTTP connect timed out,
pls-ssp.cnrc-nrc.gc.ca,ConnectException > UnresolvedAddressException,
pm.gc.ca,302,
pmc-cgp.tpsgc-pwgsc.gc.ca,ConnectException > UnresolvedAddressException,
pmc.tpsgc.gc.ca,ConnectException > UnresolvedAddressException,
poc.aadnc-aandc.gc.ca,HttpConnectTimeoutException > ConnectException: HTTP connect timed out,
pol.pwgsc.gc.ca,HttpConnectTimeoutException > ConnectException: HTTP connect timed out,
pol.tpsgc.gc.ca,ConnectException > UnresolvedAddressException,
policyresearch.gc.ca,ConnectException > UnresolvedAddressException,
pop.nrcan.gc.ca,HttpConnectTimeoutException > ConnectException: HTTP connect timed out,
port.cmhc-schl.gc.ca,ConnectException > UnresolvedAddressException,
port.wd-deo.gc.ca,HttpConnectTimeoutException > ConnectException: HTTP connect timed out,
portail-biosurete.hc-sc.gc.ca,HttpConnectTimeoutException > ConnectException: HTTP connect timed out,
portail-est.pc.gc.ca,404,
portail-ouest.pc.gc.ca,HttpConnectTimeoutException > ConnectException: HTTP connect timed out,
portail-victime-portal-csc.fjgc-gccf.gc.ca,404,
portail.cadets.gc.ca,HttpConnectTimeoutException > ConnectException: HTTP connect timed out,
portailcomsec.cse-cst.gc.ca,403,
portaildgpsa.hc-sc.gc.ca,HttpConnectTimeoutException > ConnectException: HTTP connect timed out,
portal-east.pc.gc.ca,404,
portal-pds-slp-dt.sdeeds.parlissi.gc.ca,HttpConnectTimeoutException > ConnectException: HTTP connect timed out,
portal-portail-uat-tau.chairs-chaires.gc.ca,HttpConnectTimeoutException > ConnectException: HTTP connect timed out,
portal-portail.cadets.gc.ca,HttpConnectTimeoutException > ConnectException: HTTP connect timed out,
portal-portail.chairs-chaires.gc.ca,HttpConnectTimeoutException > ConnectException: HTTP connect timed out,
portal-portail.nserc-crsng.gc.ca,200,
portal-portail.sshrc-crsh.gc.ca,200,
portal-portail.tbs-sct.gc.ca,HttpConnectTimeoutException > ConnectException: HTTP connect timed out,
portal-west.pc.gc.ca,404,
portal.cadets.gc.ca,HttpConnectTimeoutException > ConnectException: HTTP connect timed out,
portal.catsa.gc.ca,ConnectException > UnresolvedAddressException,
portal.corp.bwbc.gc.ca,ConnectException > UnresolvedAddressException,
portal.dcc-cdc.gc.ca,HttpConnectTimeoutException > ConnectException: HTTP connect timed out,
portal.pc.gc.ca,HttpConnectTimeoutException > ConnectException: HTTP connect timed out,
portal.polarcom.gc.ca,HttpConnectTimeoutException > ConnectException: HTTP connect timed out,
portal.priv.gc.ca,HttpConnectTimeoutException > ConnectException: HTTP connect timed out,
portdev.wd-deo.gc.ca,HttpConnectTimeoutException > ConnectException: HTTP connect timed out,
porteit.cmhc-schl.gc.ca,HttpConnectTimeoutException > ConnectException: HTTP connect timed out,
portico.parl.gc.ca,ConnectException > UnresolvedAddressException,
pp-dlp.csps-efpc.gc.ca,ConnectException > UnresolvedAddressException,
pp-eschool.csps-efpc.gc.ca,ConnectException > UnresolvedAddressException,
pp-idp.csps-efpc.gc.ca,ConnectException > UnresolvedAddressException,
pp-vms.csps-efpc.gc.ca,ConnectException > UnresolvedAddressException,
ppa.gc.ca,301,
ppaexch2010.ppa.gc.ca,ConnectException > UnresolvedAddressException,
ppapp.csps-efpc.gc.ca,HttpConnectTimeoutException > ConnectException: HTTP connect timed out,
ppm.cmhc-schl.gc.ca,ConnectException > UnresolvedAddressException,
pptc.international.gc.ca,HttpConnectTimeoutException > ConnectException: HTTP connect timed out,
prdelink.cmhc-schl.gc.ca,ConnectException > UnresolvedAddressException,
prdtrmsapp01.cmhc-schl.gc.ca,ConnectException > UnresolvedAddressException,
pre-prod.eodms.services.global.gc.ca,ConnectException > UnresolvedAddressException,
pre-sd.ic.gc.ca,HttpConnectTimeoutException > ConnectException: HTTP connect timed out,
pre.pub.rcmp-grc.gc.ca,SSLHandshakeException > ValidatorException > CertPathValidatorException > CertificateExpiredException: NotAfter: Sun Jul 13 20:55:17 CEST 2025,
pre.registry.gc.ca,ConnectException > UnresolvedAddressException,
preparez-vous.gc.ca,302,
preportal.catsa.gc.ca,HttpConnectTimeoutException > ConnectException: HTTP connect timed out,
preportal2.catsa.gc.ca,HttpConnectTimeoutException > ConnectException: HTTP connect timed out,
preprod.hc-sc.gc.ca,ConnectException > UnresolvedAddressException,
preprod.hre-ehr.gc.ca,HttpConnectTimeoutException > ConnectException: HTTP connect timed out,
prismextra.parl.gc.ca,401,
prismextraprodtest.parl.gc.ca,HttpConnectTimeoutException > ConnectException: HTTP connect timed out,
prismpt.parl.gc.ca,HttpConnectTimeoutException > ConnectException: HTTP connect timed out,
priv.gc.ca,301,
prod.eics-scei.gc.ca,HttpConnectTimeoutException > ConnectException: HTTP connect timed out,
protege-secure.tpsgc-pwgsc.gc.ca,HttpConnectTimeoutException > ConnectException: HTTP connect timed out,
proxyinternet.nrcan.gc.ca,200,
pse-esd.ainc-inac.gc.ca,ConnectException > UnresolvedAddressException,
pse2-esd2.ainc-inac.gc.ca,ConnectException > UnresolvedAddressException,
pse4-esd4.ainc-inac.gc.ca,ConnectException > UnresolvedAddressException,
psf2.neb-one.gc.ca,HttpConnectTimeoutException > ConnectException: HTTP connect timed out,
psic-ispc.gc.ca,301,
psic.gc.ca,HttpConnectTimeoutException > ConnectException: HTTP connect timed out,
psjobs-emploisfp.cfp-psc.gc.ca,ConnectException > UnresolvedAddressException,
psjobs-emploisfp.psc-cfp.gc.ca,302,
pslrbex1.corp.pssrb-crtfp.gc.ca,ConnectException > UnresolvedAddressException,
pslrbex2.corp.pssrb-crtfp.gc.ca,HttpConnectTimeoutException > ConnectException: HTTP connect timed out,
pslrbex42.corp.pssrb-crtfp.gc.ca,ConnectException > UnresolvedAddressException,
pslrbexcas1.corp.pssrb-crtfp.gc.ca,ConnectException > UnresolvedAddressException,
pslrbexcas41.corp.pssrb-crtfp.gc.ca,ConnectException > UnresolvedAddressException,
psmgnlb.parl.gc.ca,ConnectException > UnresolvedAddressException,
psoft.agr.gc.ca,HttpConnectTimeoutException > ConnectException: HTTP connect timed out,
pspi-dev.agr.gc.ca,HttpConnectTimeoutException > ConnectException: HTTP connect timed out,
pspm-grfp.tbs-sct.gc.ca,HttpConnectTimeoutException > ConnectException: HTTP connect timed out,
pswbprd.service.gc.ca,HttpConnectTimeoutException > ConnectException: HTTP connect timed out,
pswbvol.service.gc.ca,ConnectException > UnresolvedAddressException,
psweb.cmc.ec.gc.ca,ConnectException > UnresolvedAddressException,
pswebops.cmc.ec.gc.ca,HttpConnectTimeoutException > ConnectException: HTTP connect timed out,
ptf-ftp.pch.gc.ca,ConnectException > UnresolvedAddressException,
pub.acoa-apeca.gc.ca,HttpConnectTimeoutException > ConnectException: HTTP connect timed out,
pub.beta.achatsetventes.gc.ca,ConnectException > UnresolvedAddressException,
pub.beta.buyandsell.gc.ca,ConnectException > UnresolvedAddressException,
publications.catsa-acsta.gc.ca,404,
publicsafety.gc.ca,301,
publiservice.pwgsc.gc.ca,HttpConnectTimeoutException > ConnectException: HTTP connect timed out,
publiservice.tbs-sct.gc.ca,HttpConnectTimeoutException > ConnectException: HTTP connect timed out,
pubs.nrc-cnrc.gc.ca,ConnectException > UnresolvedAddressException,
pubx.dfait-maeci.gc.ca,HttpConnectTimeoutException > ConnectException: HTTP connect timed out,
pvcs-e1.video.neb-one.gc.ca,HttpConnectTimeoutException > ConnectException: HTTP connect timed out,
pwqms-ssqep.pwgsc-tpsgc.gc.ca,302,
pwqms.pwgsc.gc.ca,302,
qa.lobbycanada.gc.ca,IOException > EOFException: EOF reached while reading,
qbcremote01.ngcc-ccgs.gc.ca,HttpConnectTimeoutException > ConnectException: HTTP connect timed out,
qc-chercheur.guichetemplois.gc.ca,301,
qc-employer.jobbank.gc.ca,302,
qc-employeur.guichetemplois.gc.ca,HttpConnectTimeoutException > ConnectException: HTTP connect timed out,
qc-seeker.jobbank.gc.ca,301,
qc.irap-pari.nrc-cnrc.gc.ca,HttpConnectTimeoutException > ConnectException: HTTP connect timed out,
qm.cmhc-schl.gc.ca,HttpConnectTimeoutException > ConnectException: HTTP connect timed out,
qmci.cmhc-schl.gc.ca,ConnectException > UnresolvedAddressException,
qmed.cmhc-schl.gc.ca,ConnectException > UnresolvedAddressException,
qmep.cmhc-schl.gc.ca,ConnectException > UnresolvedAddressException,
ra-ad-dev.ic.gc.ca,HttpConnectTimeoutException > ConnectException: HTTP connect timed out,
ra-ad-ppr.ic.gc.ca,302,
race.neb-one.gc.ca,ConnectException > UnresolvedAddressException,
rad.nserc-crsng.gc.ca,ConnectException > UnresolvedAddressException,
rad.sshrc-crsh.gc.ca,ConnectException > UnresolvedAddressException,
radar-upload-televersement-training.hc-sc.gc.ca,302,
rafarmen.cadets.forces.gc.ca,ConnectException > UnresolvedAddressException,
rafarmfr.cadets.forces.gc.ca,ConnectException > UnresolvedAddressException,
ras-extranet.ssc-spc.gc.ca,HttpConnectTimeoutException > ConnectException: HTTP connect timed out,
ras-sar.csps-efpc.gc.ca,ConnectException > UnresolvedAddressException,
ras-sar.staging.csps-efpc.gc.ca,ConnectException > UnresolvedAddressException,
ras.tsb.gc.ca,"SSLHandshakeException: (protocol_version) The server selected protocol version TLS10 is not accepted by client preferences [TLS13, TLS12]",
ras1.ps-sp.gc.ca,ConnectException > UnresolvedAddressException,
ravageursexotiques.gc.ca,HttpConnectTimeoutException > ConnectException: HTTP connect timed out,
rd.nserc-crsng.gc.ca,HttpConnectTimeoutException > ConnectException: HTTP connect timed out,
rd.sshrc-crsh.gc.ca,302,
rdcbpub-prdrdscb01.cmhc-schl.gc.ca,HttpConnectTimeoutException > ConnectException: HTTP connect timed out,
rdcbsso-prdrdscb01.cmhc-schl.gc.ca,HttpConnectTimeoutException > ConnectException: HTTP connect timed out,
rdg.cmhc-schl.gc.ca,HttpConnectTimeoutException > ConnectException: HTTP connect timed out,
rdwa.cmhc-schl.gc.ca,ConnectException > UnresolvedAddressException,
rdweb.cmhc-schl.gc.ca,ConnectException > UnresolvedAddressException,
realproperty.esdc.gc.ca,ConnectException > UnresolvedAddressException,
recapp.pwgsc.gc.ca,ConnectException > UnresolvedAddressException,
recapp.tpsgc.gc.ca,ConnectException > UnresolvedAddressException,
recherche-search.gc.ca,ConnectException > UnresolvedAddressException,
recherche-search.publiservice.gc.ca,ConnectException > UnresolvedAddressException,
recherche.gc.ca,HttpConnectTimeoutException > ConnectException: HTTP connect timed out,
recherche.oec.gc.ca,ConnectException > UnresolvedAddressException,
recherchebitexte-bitextsearch.parl.gc.ca,ConnectException > UnresolvedAddressException,
recherchepolitique.gc.ca,ConnectException > UnresolvedAddressException,
recruiting-recrutement.forces.gc.ca,ConnectException > UnresolvedAddressException,
recruiting-recrutement.tdc.forces.gc.ca,HttpConnectTimeoutException > ConnectException: HTTP connect timed out,
recueil.cmf-fja.gc.ca,302,
recueil.cmf.gc.ca,302,
recueil.fja-cmf.gc.ca,HttpConnectTimeoutException > ConnectException: HTTP connect timed out,
recueil.fja.gc.ca,302,
register-enregistrer.chs-shc.gc.ca,301,
register.chs-shc.gc.ca,301,
registre-registry.ec.gc.ca,ConnectException > UnresolvedAddressException,
registre-registry.gc.ca,HttpConnectTimeoutException > ConnectException: HTTP connect timed out,
registre-registry.qa.ec.gc.ca,ConnectException > UnresolvedAddressException,
registre.gc.ca,HttpConnectTimeoutException > ConnectException: HTTP connect timed out,
registrelep-sararegistry.gc.ca,HttpConnectTimeoutException > ConnectException: HTTP connect timed out,
registry-registre.gc.ca,HttpConnectTimeoutException > ConnectException: HTTP connect timed out,
registry.gc.ca,HttpConnectTimeoutException > ConnectException: HTTP connect timed out,
rem001.ccirc-ccric.gc.ca,ConnectException > UnresolvedAddressException,
rema.swc-cfc.gc.ca,HttpConnectTimeoutException > ConnectException: HTTP connect timed out,
remote.ccgs-ngcc.gc.ca,HttpConnectTimeoutException > ConnectException: HTTP connect timed out,
remote.cic.gc.ca,HttpConnectTimeoutException > ConnectException: HTTP connect timed out,
remote.citt-tcce.gc.ca,ConnectException > UnresolvedAddressException,
remote.cmhc-schl.gc.ca,SSLHandshakeException > ValidatorException > SunCertPathBuilderException: unable to find valid certification path to requested target,
remote.nrc-cnrc.gc.ca,HttpConnectTimeoutException > ConnectException: HTTP connect timed out,
remote.tsb.gc.ca,HttpConnectTimeoutException > ConnectException: HTTP connect timed out,
remote3.cmc.ec.gc.ca,ConnectException > UnresolvedAddressException,
remoteb.cmhc-schl.gc.ca,SSLHandshakeException > ValidatorException > SunCertPathBuilderException: unable to find valid certification path to requested target,
remotel.cmhc-schl.gc.ca,ConnectException > UnresolvedAddressException,
report-rapport.ps-sp.gc.ca,200,
reports-rapports-2.infrastructure.gc.ca,HttpConnectTimeoutException > ConnectException: HTTP connect timed out,
reports-rapports.infrastructure.gc.ca,HttpConnectTimeoutException > ConnectException: HTTP connect timed out,
reports-rapports.uat.infrastructure.gc.ca,ConnectException > UnresolvedAddressException,
reports.campusdirect.gc.ca,HttpConnectTimeoutException > ConnectException: HTTP connect timed out,
reports.cmf-fja.gc.ca,302,
reports.cmf.gc.ca,HttpConnectTimeoutException > ConnectException: HTTP connect timed out,
reports.csps-efpc.gc.ca,ConnectException > UnresolvedAddressException,
reports.fja-cmf.gc.ca,302,
reports.fja.gc.ca,302,
res.parl.gc.ca,HttpConnectTimeoutException > ConnectException: HTTP connect timed out,
reservation-pc.fjgc-gccf.gc.ca,403,
reservation.pc.gc.ca,403,
reservations.ncc-ccn.gc.ca,403,
reservations2.ccn-ncc.gc.ca,HttpConnectTimeoutException > ConnectException: HTTP connect timed out,
reservations2.ncc-ccn.gc.ca,HttpConnectTimeoutException > ConnectException: HTTP connect timed out,
reservationsyukon.tpsgc-pwgsc.gc.ca,HttpConnectTimeoutException > ConnectException: HTTP connect timed out,
reservationvimybh.vac-acc.gc.ca,ConnectException > UnresolvedAddressException,
reserve-ebooking.c.voyage-travel.gc.ca,ConnectException > UnresolvedAddressException,
retablissement-recovery.gc.ca,200,
reunion-meeting.acdi-cida.gc.ca,HttpConnectTimeoutException > ConnectException: HTTP connect timed out,
reunion.acdi-cida.gc.ca,ConnectException > UnresolvedAddressException,
rgbbdev-gos.pwgsc.gc.ca,ConnectException > UnresolvedAddressException,
rgbbdev.publications.gc.ca,HttpConnectTimeoutException > ConnectException: HTTP connect timed out,
rgbbprod.publications.gc.ca,ConnectException > UnresolvedAddressException,
ringtail.cb.ic.gc.ca,ConnectException > UnresolvedAddressException,
riss-sitdr.ec.gc.ca,403,
rms.neb-one.gc.ca,HttpConnectTimeoutException > ConnectException: HTTP connect timed out,
rncan-nrcan.gc.ca,301,
rncan.gc.ca,301,
rncpk-ckpnr-dev.ec.gc.ca,ConnectException > UnresolvedAddressException,
rncpk-ckpnr.ec.gc.ca,HttpConnectTimeoutException > ConnectException: HTTP connect timed out,
romevpn01h.international.gc.ca,HttpConnectTimeoutException > ConnectException: HTTP connect timed out,
rp01.fcac-acfc.gc.ca,ConnectException > UnresolvedAddressException,
rpsim1-ssc.fjgc-gccf.gc.ca,SSLHandshakeException > CertificateException: No subject alternative DNS name matching rpsim1-ssc.fjgc-gccf.gc.ca found.,
rpsim1.srv.gc.ca,HttpConnectTimeoutException > ConnectException: HTTP connect timed out,
rpsim2-ssc.fjgc-gccf.gc.ca,ConnectException > UnresolvedAddressException,
rpsim2.srv.gc.ca,HttpConnectTimeoutException > ConnectException: HTTP connect timed out,
rpsim3.srv.gc.ca,HttpConnectTimeoutException > ConnectException: HTTP connect timed out,
rpsim4.srv.gc.ca,HttpConnectTimeoutException > ConnectException: HTTP connect timed out,
rrevm-veerr.ss.ec.gc.ca,HttpTimeoutException: request timed out,
rrevm-veerr.ssqc.ec.gc.ca,HttpTimeoutException: request timed out,
rsam.healthycanadians.gc.ca,HttpConnectTimeoutException > ConnectException: HTTP connect timed out,
rsva-asdv.parl.gc.ca,HttpConnectTimeoutException > ConnectException: HTTP connect timed out,
rv5.scc-csc.gc.ca,ConnectException > UnresolvedAddressException,
rvds.parl.gc.ca,ConnectException > UnresolvedAddressException,
rvds.parlissi.gc.ca,ConnectException > UnresolvedAddressException,
rvp-vpn.bac-lac.gc.ca,HttpConnectTimeoutException > ConnectException: HTTP connect timed out,
rvp-vpn.pptc.gc.ca,HttpConnectTimeoutException > ConnectException: HTTP connect timed out,
rvp.clo-ocol.gc.ca,ConnectException > UnresolvedAddressException,
s.ss.ec.gc.ca,403,
s.ssqc.ec.gc.ca,403,
s0-bsc-uxwprd1.nrcan.gc.ca,HttpConnectTimeoutException > ConnectException: HTTP connect timed out,
sa-central-central-vs.dfo-mpo.gc.ca,SSLHandshakeException > ValidatorException > SunCertPathBuilderException: unable to find valid certification path to requested target,
sa-central-central-vs1.dfo-mpo.gc.ca,ConnectException > UnresolvedAddressException,
sa-central-central-vs2.dfo-mpo.gc.ca,ConnectException > UnresolvedAddressException,
sa-central-central4.dfo-mpo.gc.ca,HttpConnectTimeoutException > ConnectException: HTTP connect timed out,
sa-central-central5.dfo-mpo.gc.ca,ConnectException > NoRouteToHostException: Host is unreachable,
sa-east-est-vs.dfo-mpo.gc.ca,SSLHandshakeException > ValidatorException > SunCertPathBuilderException: unable to find valid certification path to requested target,
sa-east-est-vs1.dfo-mpo.gc.ca,SSLHandshakeException > ValidatorException > SunCertPathBuilderException: unable to find valid certification path to requested target,
sa-east-est-vs2.dfo-mpo.gc.ca,SSLHandshakeException > ValidatorException > SunCertPathBuilderException: unable to find valid certification path to requested target,
sa-west-ouest-vs.dfo-mpo.gc.ca,HttpConnectTimeoutException > ConnectException: HTTP connect timed out,
sa-west-ouest-vs1.dfo-mpo.gc.ca,HttpConnectTimeoutException > ConnectException: HTTP connect timed out,
sa-west-ouest-vs2.dfo-mpo.gc.ca,ConnectException > UnresolvedAddressException,
saa-acs.tpsgc-pwgsc.gc.ca,500,
sad-pt2-devap1.hc-sc.gc.ca,HttpConnectTimeoutException > ConnectException: HTTP connect timed out,
sad-pth-catap1.hc-sc.gc.ca,ConnectException > UnresolvedAddressException,
sad-pth-qaap1.hc-sc.gc.ca,HttpConnectTimeoutException > ConnectException: HTTP connect timed out,
sad-pth-ratap1.hc-sc.gc.ca,ConnectException > UnresolvedAddressException,
sad.dfo-mpo.gc.ca,ConnectException > NoRouteToHostException: Host is unreachable,
sage20-geds20.itsso.gc.ca,HttpConnectTimeoutException > ConnectException: HTTP connect timed out,
sage20admin-geds20admin.itsso.gc.ca,HttpConnectTimeoutException > ConnectException: HTTP connect timed out,
sage20api-geds20api.itsso.gc.ca,SSLHandshakeException > ValidatorException > SunCertPathBuilderException: unable to find valid certification path to requested target,
sage20uapi-geds20uapi.itsso.gc.ca,HttpConnectTimeoutException > ConnectException: HTTP connect timed out,
sap-cms.hc-sc.gc.ca,ConnectException > UnresolvedAddressException,
sap-portal.hc-sc.gc.ca,ConnectException > UnresolvedAddressException,
sarkms-rssgc.hre-ehr.gc.ca,HttpConnectTimeoutException > ConnectException: HTTP connect timed out,
sarkms-rssgc.preprod.hre-ehr.gc.ca,HttpConnectTimeoutException > ConnectException: HTTP connect timed out,
sarr-cars.crtfp-pslrb.gc.ca,HttpConnectTimeoutException > ConnectException: HTTP connect timed out,
sarr.crtfp-pslrb.gc.ca,ConnectException > UnresolvedAddressException,
sarr.crtfp.gc.ca,ConnectException > UnresolvedAddressException,
sat-ths.tpsgc-pwgsc.gc.ca,HttpConnectTimeoutException > ConnectException: HTTP connect timed out,
sc-gc-pch.fjgc-gccf.gc.ca,HttpConnectTimeoutException > ConnectException: HTTP connect timed out,
sc-gc.pch.gc.ca,302,
sc-gc.qa.pch.gc.ca,ConnectException > UnresolvedAddressException,
scf.rncan.gc.ca,HttpConnectTimeoutException > ConnectException: HTTP connect timed out,
schl.gc.ca,HttpConnectTimeoutException > ConnectException: HTTP connect timed out,
scholarships-bourses.gc.ca,302,
scp.osfi-bsif.gc.ca,HttpConnectTimeoutException > ConnectException: HTTP connect timed out,
scrs-csis.gc.ca,HttpConnectTimeoutException > ConnectException: HTTP connect timed out,
scrs.gc.ca,ConnectException > UnresolvedAddressException,
sd.ic.gc.ca,302,
sdc-cii.tc.gc.ca,HttpConnectTimeoutException > ConnectException: HTTP connect timed out,
sdc.cihr-irsc.gc.ca,ConnectException > UnresolvedAddressException,
sdc.international.gc.ca,403,
sdcvpn01dev.international.gc.ca,HttpConnectTimeoutException > ConnectException: HTTP connect timed out,
sdcvpn01h.international.gc.ca,ConnectException > UnresolvedAddressException,
sdercr-rfrers.ss.ec.gc.ca,200,
sdercr-rfrers.ssqc.ec.gc.ca,200,
sditrain.inac.gc.ca,HttpConnectTimeoutException > ConnectException: HTTP connect timed out,
sditrain2.aadnc-aandc.gc.ca,ConnectException > UnresolvedAddressException,
sditrain2.inac.gc.ca,HttpConnectTimeoutException > ConnectException: HTTP connect timed out,
sdx-edp.hc-sc.gc.ca,HttpConnectTimeoutException > ConnectException: HTTP connect timed out,
search-recherche.gc.ca,ConnectException > UnresolvedAddressException,
search.csb.gc.ca,ConnectException > UnresolvedAddressException,
search.gc.ca,HttpConnectTimeoutException > ConnectException: HTTP connect timed out,
sec.ras-sad.hc-sc.gc.ca,HttpConnectTimeoutException > ConnectException: HTTP connect timed out,
sec2.hc-sc.gc.ca,ConnectException > UnresolvedAddressException,
seccol.acoa-apeca.gc.ca,ConnectException > UnresolvedAddressException,
secmoss.acoa-apeca.gc.ca,ConnectException > UnresolvedAddressException,
secure-securise.gc.ca,HttpConnectTimeoutException > ConnectException: HTTP connect timed out,
secure-west.agr.gc.ca,HttpConnectTimeoutException > ConnectException: HTTP connect timed out,
secure.agr.gc.ca,ConnectException > UnresolvedAddressException,
secure.boa-opo.gc.ca,SSLHandshakeException > CertificateException: No subject alternative DNS name matching secure.boa-opo.gc.ca found.,
secure.cfc-cafc.gc.ca,HttpConnectTimeoutException > ConnectException: HTTP connect timed out,
secure.cic.gc.ca,200,
secure.cirrus.ssc-spc.gc.ca,HttpConnectTimeoutException > ConnectException: HTTP connect timed out,
secure.dgbs-spmd.gc.ca,ConnectException > UnresolvedAddressException,
secure.dgbs.gc.ca,ConnectException > UnresolvedAddressException,
secure.fcac-acfc.gc.ca,ConnectException > UnresolvedAddressException,
secure.infc.gc.ca,SSLHandshakeException > ValidatorException > SunCertPathBuilderException: unable to find valid certification path to requested target,
secure.infrastructure.gc.ca,HttpConnectTimeoutException > ConnectException: HTTP connect timed out,
secure.inspection.gc.ca,ConnectException > UnresolvedAddressException,
secure.nrc-cnrc.gc.ca,ConnectException > UnresolvedAddressException,
secure.ombudsman-veterans.gc.ca,403,
secure.opo-boa.gc.ca,200,
secure.pc.gc.ca,HttpConnectTimeoutException > ConnectException: HTTP connect timed out,
secure.ppa.gc.ca,HttpConnectTimeoutException > ConnectException: HTTP connect timed out,
secure.rcip-chin.gc.ca,HttpConnectTimeoutException > ConnectException: HTTP connect timed out,
secure.rcmp-grc.gc.ca,HttpConnectTimeoutException > ConnectException: HTTP connect timed out,
secure.spmd-dgbs.gc.ca,ConnectException > UnresolvedAddressException,
secure.spmd.gc.ca,ConnectException > UnresolvedAddressException,
securepa.cfc-cafc.gc.ca,ConnectException > UnresolvedAddressException,
securetrans.cfc-cafc.gc.ca,ConnectException > UnresolvedAddressException,
securise-secure.gc.ca,HttpConnectTimeoutException > ConnectException: HTTP connect timed out,
securitepublique.gc.ca,301,
secwww.nrcan.gc.ca,HttpConnectTimeoutException > ConnectException: HTTP connect timed out,
sedn.parl.gc.ca,ConnectException > UnresolvedAddressException,
sedsi-oliss.tpsgc-pwgsc.gc.ca,200,
seeker.jobbank.gc.ca,301,
seekers.jobbank.gc.ca,ConnectException > UnresolvedAddressException,
select.pwgsc-tpsgc.gc.ca,ConnectException > UnresolvedAddressException,
select.pwgsc.gc.ca,ConnectException > UnresolvedAddressException,
select.tpsgc-pwgsc.gc.ca,ConnectException > UnresolvedAddressException,
selectrate.pwgsc-tpsgc.gc.ca,HttpConnectTimeoutException > ConnectException: HTTP connect timed out,
selectstst.pwgsc-tpsgc.gc.ca,ConnectException > UnresolvedAddressException,
sen.parl.gc.ca,SSLHandshakeException > SocketException: Connection reset,
send-bdsis.phac-aspc.gc.ca,HttpConnectTimeoutException > ConnectException: HTTP connect timed out,
senraad.sen.parl.gc.ca,ConnectException > UnresolvedAddressException,
seoulvpn01h.international.gc.ca,HttpConnectTimeoutException > ConnectException: HTTP connect timed out,
services-crtc.fjgc-gccf.gc.ca,200,
services-rcmp-grc-acr.fjgc-gccf.gc.ca,200,
services-test.aadnc-aandc.gc.ca,503,
services-test.aadnc.gc.ca,200,
services-test.aandc-aadnc.gc.ca,200,
services-test.aandc.gc.ca,200,
services-uat-crtc.fjgc-gccf.gc.ca,HttpConnectTimeoutException > ConnectException: HTTP connect timed out,
services-uat.crtc.gc.ca,SSLHandshakeException > ValidatorException > SunCertPathBuilderException: unable to find valid certification path to requested target,
services.aadnc-aandc.gc.ca,200,
services.aadnc.gc.ca,200,
services.aandc-aadnc.gc.ca,200,
services.aandc.gc.ca,200,
services.achatsetventes-buyandsell.gc.ca,HttpConnectTimeoutException > ConnectException: HTTP connect timed out,
services.cic.gc.ca,HttpConnectTimeoutException > ConnectException: HTTP connect timed out,
services.crtc.gc.ca,HttpConnectTimeoutException > ConnectException: HTTP connect timed out,
services.inspection.gc.ca,SSLHandshakeException > ValidatorException > SunCertPathBuilderException: unable to find valid certification path to requested target,
services.justice.gc.ca,ConnectException > UnresolvedAddressException,
services.otc-cta.gc.ca,ConnectException > UnresolvedAddressException,
services.ss.ec.gc.ca,302,
services.ssqc.ec.gc.ca,HttpConnectTimeoutException > ConnectException: HTTP connect timed out,
services3.cic.gc.ca,SSLHandshakeException > ValidatorException > SunCertPathBuilderException: unable to find valid certification path to requested target,
session.ncstest.gc.ca,ConnectException > UnresolvedAddressException,
session.testpki.gc.ca,ConnectException > UnresolvedAddressException,
sfbwebext.parl.gc.ca,ConnectException > UnresolvedAddressException,
sfbwebext1.parl.gc.ca,ConnectException > UnresolvedAddressException,
sfbwebext2.parl.gc.ca,ConnectException > UnresolvedAddressException,
sft-tfs.pslrb-crtfp.gc.ca,ConnectException > UnresolvedAddressException,
sft.pslrb.gc.ca,ConnectException > UnresolvedAddressException,
sfta-tfsa.tc.gc.ca,200,
sftp.oic-ci.gc.ca,ConnectException > UnresolvedAddressException,
sfts-stfs.nrc-cnrc.gc.ca,HttpConnectTimeoutException > ConnectException: HTTP connect timed out,
sftsrv.tsb.gc.ca,200,
sftweb.pwgsc.gc.ca,SSLHandshakeException > ValidatorException > SunCertPathBuilderException: unable to find valid certification path to requested target,
sg.tc.gc.ca,ConnectException > UnresolvedAddressException,
sga.tc.gc.ca,ConnectException > UnresolvedAddressException,
sgd.tc.gc.ca,ConnectException > UnresolvedAddressException,
sgofss.tc.gc.ca,ConnectException > UnresolvedAddressException,
sgp.tc.gc.ca,HttpConnectTimeoutException > ConnectException: HTTP connect timed out,
sgrh-acces.tpsgc-pwgsc.gc.ca,ConnectException > UnresolvedAddressException,
shark.mar.dfo-mpo.gc.ca,ConnectException > UnresolvedAddressException,
shngivpn01h.international.gc.ca,HttpConnectTimeoutException > ConnectException: HTTP connect timed out,
shop-magasin.nrc-cnrc.gc.ca,307,
sia-eis.telefilm.gc.ca,HttpConnectTimeoutException > ConnectException: HTTP connect timed out,
sidneyisland.pc.gc.ca,SSLHandshakeException > CertificateException: No subject alternative DNS name matching sidneyisland.pc.gc.ca found.,
signetdevemm.international.gc.ca,HttpConnectTimeoutException > ConnectException: HTTP connect timed out,
signetdevmdm.international.gc.ca,ConnectException > UnresolvedAddressException,
signetemm.international.gc.ca,HttpConnectTimeoutException > ConnectException: HTTP connect timed out,
signetmdm.international.gc.ca,ConnectException > UnresolvedAddressException,
signetqaemm.international.gc.ca,ConnectException > UnresolvedAddressException,
signetqamdm.international.gc.ca,HttpConnectTimeoutException > ConnectException: HTTP connect timed out,
signetweb.international.gc.ca,ConnectException > NoRouteToHostException: Host is unreachable,
simcenvpn01.international.gc.ca,HttpConnectTimeoutException > ConnectException: HTTP connect timed out,
simcenvpn01h.international.gc.ca,HttpConnectTimeoutException > ConnectException: HTTP connect timed out,
sip.dfo-mpo.gc.ca,ConnectException > UnresolvedAddressException,
sip.fcac-acfc.gc.ca,HttpConnectTimeoutException > ConnectException: HTTP connect timed out,
sip.goccog.ps-sp.gc.ca,ConnectException > UnresolvedAddressException,
sip.neb-one.gc.ca,ConnectException > UnresolvedAddressException,
sip.parl.gc.ca,HttpConnectTimeoutException > ConnectException: HTTP connect timed out,
sip.scics.gc.ca,ConnectException > UnresolvedAddressException,
sites.drdc-rddc.gc.ca,HttpConnectTimeoutException > ConnectException: HTTP connect timed out,
sk-chercheur.guichetemplois.gc.ca,HttpConnectTimeoutException > ConnectException: HTTP connect timed out,
sk-employer.jobbank.gc.ca,302,
sk-employeur.guichetemplois.gc.ca,HttpConnectTimeoutException > ConnectException: HTTP connect timed out,
sk-seeker.jobbank.gc.ca,HttpConnectTimeoutException > ConnectException: HTTP connect timed out,
skills.phac-aspc.gc.ca,HttpConnectTimeoutException > ConnectException: HTTP connect timed out,
skregixcasarray1.agr.gc.ca,HttpConnectTimeoutException > ConnectException: HTTP connect timed out,
sl.deleguescommerciaux.gc.ca,ConnectException > UnresolvedAddressException,
sl.tradecommissioner.gc.ca,SSLHandshakeException > CertificateException: No subject alternative DNS name matching sl.tradecommissioner.gc.ca found.,
slgoa-oma.international.gc.ca,ConnectException > UnresolvedAddressException,
sm.pwgsc.gc.ca,HttpConnectTimeoutException > ConnectException: HTTP connect timed out,
smdm.sen.parl.gc.ca,ConnectException > UnresolvedAddressException,
smms.forces.gc.ca,HttpConnectTimeoutException > ConnectException: HTTP connect timed out,
smt.acdi-cida.gc.ca,ConnectException > UnresolvedAddressException,
smtp.crc.gc.ca,ConnectException > UnresolvedAddressException,
software.pwgsc.gc.ca,ConnectException > UnresolvedAddressException,
sondage-survey.tpsgc-pwgsc.gc.ca,HttpConnectTimeoutException > ConnectException: HTTP connect timed out,
sondages-surveys.cfp-psc.gc.ca,SSLHandshakeException > CertificateException: No subject alternative DNS name matching sondages-surveys.cfp-psc.gc.ca found.,
sows01ext.parl.gc.ca,ConnectException > UnresolvedAddressException,
sp-dev-international.fjgc-gccf.gc.ca,HttpConnectTimeoutException > ConnectException: HTTP connect timed out,
sp-dev.international.gc.ca,HttpConnectTimeoutException > ConnectException: HTTP connect timed out,
sp-international.fjgc-gccf.gc.ca,HttpConnectTimeoutException > ConnectException: HTTP connect timed out,
sp-qa-international.fjgc-gccf.gc.ca,HttpConnectTimeoutException > ConnectException: HTTP connect timed out,
sp-qa.international.fjgc-gccf.gc.ca,ConnectException > UnresolvedAddressException,
sp-qa.international.gc.ca,HttpConnectTimeoutException > ConnectException: HTTP connect timed out,
sp-staging.cihr-irsc.gc.ca,ConnectException > UnresolvedAddressException,
sp-test.cihr-irsc.gc.ca,ConnectException > UnresolvedAddressException,
sp.atssc-scdata.gc.ca,ConnectException > UnresolvedAddressException,
sp.cihr-irsc.gc.ca,ConnectException > UnresolvedAddressException,
sp.international.gc.ca,HttpConnectTimeoutException > ConnectException: HTTP connect timed out,
sp.tribunal.gc.ca,ConnectException > UnresolvedAddressException,
spectre-en-direct.ic.gc.ca,302,
spectrumdirect.ic.gc.ca,HttpConnectTimeoutException > ConnectException: HTTP connect timed out,
spenligne-psonline.tpsgc-pwgsc.gc.ca,ConnectException > UnresolvedAddressException,
sporevpn01h.international.gc.ca,HttpConnectTimeoutException > ConnectException: HTTP connect timed out,
spra-adsp.parl.gc.ca,ConnectException > UnresolvedAddressException,
spra-adsp.parlissi.gc.ca,HttpConnectTimeoutException > ConnectException: HTTP connect timed out,
spte2.accesskey-cledacces.gc.ca,ConnectException > UnresolvedAddressException,
spte2.accesskey.gc.ca,HttpConnectTimeoutException > ConnectException: HTTP connect timed out,
spte2.cledacces-accesskey.gc.ca,ConnectException > UnresolvedAddressException,
spte2.cledacces.gc.ca,ConnectException > UnresolvedAddressException,
spte3.accesskey-cledacces.gc.ca,ConnectException > UnresolvedAddressException,
spte3.accesskey.gc.ca,ConnectException > UnresolvedAddressException,
spte3.cledacces-accesskey.gc.ca,ConnectException > UnresolvedAddressException,
spte3.cledacces.gc.ca,ConnectException > UnresolvedAddressException,
spupprxweb1.hc-sc.gc.ca,SSLHandshakeException > ValidatorException > SunCertPathBuilderException: unable to find valid certification path to requested target,
sra-adp.oic-ci.gc.ca,HttpConnectTimeoutException > ConnectException: HTTP connect timed out,
sra-ads.cic.gc.ca,ConnectException > UnresolvedAddressException,
sra.acoa-apeca.gc.ca,302,
sra.cadets.forces.gc.ca,HttpConnectTimeoutException > ConnectException: HTTP connect timed out,
sra.etg.gc.ca,HttpConnectTimeoutException > ConnectException: HTTP connect timed out,
sra.wd-deo.gc.ca,302,
sra02.vac-acc.gc.ca,HttpConnectTimeoutException > ConnectException: HTTP connect timed out,
sra1.acoa-apeca.gc.ca,HttpConnectTimeoutException > ConnectException: HTTP connect timed out,
sra2.acoa-apeca.gc.ca,404,
srads.pch.gc.ca,302,
srads2.pch.gc.ca,ConnectException > UnresolvedAddressException,
sradscag.pch.gc.ca,ConnectException > UnresolvedAddressException,
srbpc-pcbrs.ec.gc.ca,HttpConnectTimeoutException > ConnectException: HTTP connect timed out,
sri-dif.contractscanada-contratscanada.gc.ca,SSLHandshakeException > CertificateException: No subject alternative DNS name matching sri-dif.contractscanada-contratscanada.gc.ca found.,
srirequestsecuredata.contractscanada.gc.ca,403,
srirequestsecuredatarate.pwgsc.gc.ca,ConnectException > UnresolvedAddressException,
srirequestsecuredatastst.pwgsc.gc.ca,SSLHandshakeException > ValidatorException > SunCertPathBuilderException: unable to find valid certification path to requested target,
srisupplier.contractscanada.gc.ca,200,
srisupplierrate.pwgsc.gc.ca,ConnectException > UnresolvedAddressException,
srisupplierstst.pwgsc.gc.ca,HttpConnectTimeoutException > ConnectException: HTTP connect timed out,
srisuppliertrng.pwgsc.gc.ca,HttpConnectTimeoutException > ConnectException: HTTP connect timed out,
srv040.lab.hrdc-drhc.gc.ca,HttpConnectTimeoutException > ConnectException: HTTP connect timed out,
srv047.lab.hrdc-drhc.gc.ca,HttpConnectTimeoutException > ConnectException: HTTP connect timed out,
srv070.lab.hrdc-drhc.gc.ca,HttpConnectTimeoutException > ConnectException: HTTP connect timed out,
srv072.lab.hrdc-drhc.gc.ca,HttpConnectTimeoutException > ConnectException: HTTP connect timed out,
srv077.lab.hrdc-drhc.gc.ca,ConnectException > NoRouteToHostException: Host is unreachable,
srv078.lab.hrdc-drhc.gc.ca,HttpConnectTimeoutException > ConnectException: HTTP connect timed out,
srv079.lab.hrdc-drhc.gc.ca,ConnectException > NoRouteToHostException: Host is unreachable,
srv100.services.gc.ca,HttpConnectTimeoutException > ConnectException: HTTP connect timed out,
srv1001.lab.hrdc-drhc.gc.ca,HttpConnectTimeoutException > ConnectException: HTTP connect timed out,
srv1001.services.gc.ca,HttpConnectTimeoutException > ConnectException: HTTP connect timed out,
srv103-client.services.gc.ca,ConnectException > UnresolvedAddressException,
srv103.services.gc.ca,HttpConnectTimeoutException > ConnectException: HTTP connect timed out,
srv105.services.gc.ca,SSLHandshakeException > SocketException: Connection reset,
srv111.services.gc.ca,403,
srv113-i.lab.hrdc-drhc.gc.ca,HttpConnectTimeoutException > ConnectException: HTTP connect timed out,
srv113-s.lab.hrdc-drhc.gc.ca,HttpConnectTimeoutException > ConnectException: HTTP connect timed out,
srv114.services.gc.ca,HttpConnectTimeoutException > ConnectException: HTTP connect timed out,
srv115.services.gc.ca,200,
srv121.services.gc.ca,ConnectException > NoRouteToHostException: Host is unreachable,
srv122.services.gc.ca,ConnectException > UnresolvedAddressException,
srv127.lab.hrdc-drhc.gc.ca,ConnectException > UnresolvedAddressException,
srv127.services.gc.ca,HttpConnectTimeoutException > ConnectException: HTTP connect timed out,
srv130.lab.hrdc-drhc.gc.ca,HttpConnectTimeoutException > ConnectException: HTTP connect timed out,
srv131.lab.hrdc-drhc.gc.ca,HttpConnectTimeoutException > ConnectException: HTTP connect timed out,
srv132.services.gc.ca,302,
srv133.services.gc.ca,ConnectException > UnresolvedAddressException,
srv135.services.gc.ca,ConnectException > UnresolvedAddressException,
srv136.services.gc.ca,HttpConnectTimeoutException > ConnectException: HTTP connect timed out,
srv137.services.gc.ca,302,
srv138.services.gc.ca,403,
srv144.services.gc.ca,HttpConnectTimeoutException > ConnectException: HTTP connect timed out,
srv146.services.gc.ca,HttpConnectTimeoutException > ConnectException: HTTP connect timed out,
srv205.services.gc.ca,HttpConnectTimeoutException > ConnectException: HTTP connect timed out,
srv212.services.gc.ca,HttpConnectTimeoutException > ConnectException: HTTP connect timed out,
srv2253-p-hrsdc-rhdcc.fjgc-gccf.gc.ca,HttpConnectTimeoutException > ConnectException: HTTP connect timed out,
srv251.services.gc.ca,ConnectException > UnresolvedAddressException,
srv252.hrdc-drhc.gc.ca,HttpConnectTimeoutException > ConnectException: HTTP connect timed out,
srv252.services.gc.ca,HttpConnectTimeoutException > ConnectException: HTTP connect timed out,
srv253-hrsdc-rhdcc.fjgc-gccf.gc.ca,302,
srv253-i-hrsdc-rhdcc.fjgc-gccf.gc.ca,HttpConnectTimeoutException > ConnectException: HTTP connect timed out,
srv253-p-hrsdc-rhdcc.fjgc-gccf.gc.ca,HttpConnectTimeoutException > ConnectException: HTTP connect timed out,
srv253-qa-hrsdc-rhdcc.fjgc-gccf.gc.ca,ConnectException > UnresolvedAddressException,
srv253-s-hrsdc-rhdcc.fjgc-gccf.gc.ca,HttpConnectTimeoutException > ConnectException: HTTP connect timed out,
srv253-u-hrsdc-rhdcc.fjgc-gccf.gc.ca,HttpConnectTimeoutException > ConnectException: HTTP connect timed out,
srv253.services.gc.ca,HttpConnectTimeoutException > ConnectException: HTTP connect timed out,
srv254.services.gc.ca,ConnectException > UnresolvedAddressException,
srv263.hrdc-drhc.gc.ca,HttpConnectTimeoutException > ConnectException: HTTP connect timed out,
srv263.services.gc.ca,HttpConnectTimeoutException > ConnectException: HTTP connect timed out,
srv265.hrdc-drhc.gc.ca,403,
srv265.services.gc.ca,ConnectException > UnresolvedAddressException,
srv270.hrdc-drhc.gc.ca,403,
srv270.services.gc.ca,ConnectException > UnresolvedAddressException,
srv305.services.gc.ca,HttpConnectTimeoutException > ConnectException: HTTP connect timed out,
srv341.services.gc.ca,ConnectException > UnresolvedAddressException,
srv342.services.gc.ca,ConnectException > UnresolvedAddressException,
srv343.services.gc.ca,HttpConnectTimeoutException > ConnectException: HTTP connect timed out,
srv344.services.gc.ca,HttpConnectTimeoutException > ConnectException: HTTP connect timed out,
srv345.services.gc.ca,HttpConnectTimeoutException > ConnectException: HTTP connect timed out,
srv346.services.gc.ca,HttpConnectTimeoutException > ConnectException: HTTP connect timed out,
srv361.services.gc.ca,ConnectException > UnresolvedAddressException,
srv362.services.gc.ca,ConnectException > UnresolvedAddressException,
srv363.services.gc.ca,HttpConnectTimeoutException > ConnectException: HTTP connect timed out,
srv364.services.gc.ca,HttpConnectTimeoutException > ConnectException: HTTP connect timed out,
srv365.services.gc.ca,HttpConnectTimeoutException > ConnectException: HTTP connect timed out,
srv366.services.gc.ca,HttpConnectTimeoutException > ConnectException: HTTP connect timed out,
srv381.services.gc.ca,HttpConnectTimeoutException > ConnectException: HTTP connect timed out,
srv382.services.gc.ca,SSLHandshakeException > SocketException: Connection reset,
srv383.services.gc.ca,HttpConnectTimeoutException > ConnectException: HTTP connect timed out,
srv384.services.gc.ca,HttpConnectTimeoutException > ConnectException: HTTP connect timed out,
srv385.services.gc.ca,HttpConnectTimeoutException > ConnectException: HTTP connect timed out,
srv386.services.gc.ca,HttpConnectTimeoutException > ConnectException: HTTP connect timed out,
srv404.services.gc.ca,HttpConnectTimeoutException > ConnectException: HTTP connect timed out,
srv404s.services.gc.ca,200,
srv501.services.gc.ca,HttpConnectTimeoutException > ConnectException: HTTP connect timed out,
srv502.services.gc.ca,HttpConnectTimeoutException > ConnectException: HTTP connect timed out,
srv503.services.gc.ca,HttpConnectTimeoutException > ConnectException: HTTP connect timed out,
srv504.services.gc.ca,HttpConnectTimeoutException > ConnectException: HTTP connect timed out,
srv505.services.gc.ca,ConnectException > NoRouteToHostException: Host is unreachable,
srv506.services.gc.ca,HttpConnectTimeoutException > ConnectException: HTTP connect timed out,
srv531.services.gc.ca,HttpConnectTimeoutException > ConnectException: HTTP connect timed out,
srv532.services.gc.ca,HttpConnectTimeoutException > ConnectException: HTTP connect timed out,
srv533.services.gc.ca,HttpConnectTimeoutException > ConnectException: HTTP connect timed out,
srv534.services.gc.ca,HttpConnectTimeoutException > ConnectException: HTTP connect timed out,
srv535.services.gc.ca,HttpConnectTimeoutException > ConnectException: HTTP connect timed out,
srv536.services.gc.ca,HttpConnectTimeoutException > ConnectException: HTTP connect timed out,
srv541.services.gc.ca,SSLHandshakeException > SocketException: Connection reset,
srv543.services.gc.ca,SSLHandshakeException > SocketException: Connection reset,
srv544.services.gc.ca,HttpConnectTimeoutException > ConnectException: HTTP connect timed out,
srv551.services.gc.ca,HttpConnectTimeoutException > ConnectException: HTTP connect timed out,
srv552.services.gc.ca,HttpConnectTimeoutException > ConnectException: HTTP connect timed out,
srv553.services.gc.ca,HttpConnectTimeoutException > ConnectException: HTTP connect timed out,
srv554.services.gc.ca,ConnectException > UnresolvedAddressException,
srv555.services.gc.ca,ConnectException > NoRouteToHostException: Host is unreachable,
srv556.services.gc.ca,HttpConnectTimeoutException > ConnectException: HTTP connect timed out,
srv660.hrdc-drhc.gc.ca,HttpConnectTimeoutException > ConnectException: HTTP connect timed out,
srv745.services.gc.ca,302,
srv900.services.gc.ca,HttpConnectTimeoutException > ConnectException: HTTP connect timed out,
ss-ec.fjgc-gccf.gc.ca,404,
ssc-spc.gc.ca,ConnectException > UnresolvedAddressException,
sscp-spcp.hc-sc.gc.ca,HttpConnectTimeoutException > ConnectException: HTTP connect timed out,
sscp2pspc.ssc-spc.gc.ca,302,
sscquery-stage.ssc-spc.gc.ca,HttpConnectTimeoutException > ConnectException: HTTP connect timed out,
sscquery.ssc-spc.gc.ca,200,
sscra01.vac-acc.gc.ca,HttpConnectTimeoutException > ConnectException: HTTP connect timed out,
ssctivoli.science.ssc-spc.gc.ca,ConnectException > UnresolvedAddressException,
sshrc-crsh.gc.ca,SSLHandshakeException > CertificateException: No subject alternative DNS name matching sshrc-crsh.gc.ca found.,
ssl-templates.services.gc.ca,HttpConnectTimeoutException > ConnectException: HTTP connect timed out,
ssl.cadets.forces.gc.ca,HttpConnectTimeoutException > ConnectException: HTTP connect timed out,
ssltesting.vac-acc.gc.ca,ConnectException > UnresolvedAddressException,
sslvpn.agr.gc.ca,HttpConnectTimeoutException > ConnectException: HTTP connect timed out,
ssm-mls.ds.gc.ca,HttpConnectTimeoutException > ConnectException: HTTP connect timed out,
ssm-mls.ssc-spc.gc.ca,HttpConnectTimeoutException > ConnectException: HTTP connect timed out,
sso-iu-agr.fjgc-gccf.gc.ca,403,
sso-iu.agr.gc.ca,403,
sso-iu.cdc-ccl.gc.ca,403,
sso-iu.cfia-acia.inspection.gc.ca,HttpConnectTimeoutException > ConnectException: HTTP connect timed out,
sso-iu.inspection.gc.ca,SSLHandshakeException > ValidatorException > SunCertPathBuilderException: unable to find valid certification path to requested target,
sso-iu.publiservice.gc.ca,ConnectException > UnresolvedAddressException,
ssp-pls.nrc-cnrc.gc.ca,ConnectException > UnresolvedAddressException,
ssp.corp.bwbc.gc.ca,HttpConnectTimeoutException > ConnectException: HTTP connect timed out,
sspc-fournisseur-cpss-supplier.tpsgc-pwgsc.gc.ca,200,
sspc-fournisseur-cpss-supplierrate.tpsgc-pwgsc.gc.ca,HttpConnectTimeoutException > ConnectException: HTTP connect timed out,
ssqa.ec.gc.ca,ConnectException > UnresolvedAddressException,
ssqc-ec.fjgc-gccf.gc.ca,HttpConnectTimeoutException > ConnectException: HTTP connect timed out,
ssqep-pwqms.tpsgc-pwgsc.gc.ca,502,
ssqep.tpsgc.gc.ca,302,
stag.securise-secure.gc.ca,HttpConnectTimeoutException > ConnectException: HTTP connect timed out,
stage-erecruiting-dnd-mdn.fjgc-gccf.gc.ca,HttpConnectTimeoutException > ConnectException: HTTP connect timed out,
stage-recruiting-recrutement.forces.gc.ca,ConnectException > UnresolvedAddressException,
stage-staging.achatsetventes-buyandsell.gc.ca,HttpConnectTimeoutException > ConnectException: HTTP connect timed out,
stage.achatsetventes.gc.ca,ConnectException > UnresolvedAddressException,
staging-cag.pwgsc.gc.ca,ConnectException > UnresolvedAddressException,
staging.buyandsell.gc.ca,ConnectException > UnresolvedAddressException,
staging.collab-ext.agr.gc.ca,HttpConnectTimeoutException > ConnectException: HTTP connect timed out,
staging.collaboration.hc-sc.gc.ca,ConnectException > UnresolvedAddressException,
staging.dndlearn.forces.gc.ca,HttpConnectTimeoutException > ConnectException: HTTP connect timed out,
staging.eics-scei.gc.ca,HttpConnectTimeoutException > ConnectException: HTTP connect timed out,
staging.ppa.gc.ca,200,
statcan.gc.ca,302,
stats-int.tpsgc-pwgsc.gc.ca,HttpConnectTimeoutException > ConnectException: HTTP connect timed out,
stats.csis-scrs.gc.ca,HttpConnectTimeoutException > ConnectException: HTTP connect timed out,
stats.tc.gc.ca,200,
stats.tpsgc-pwgsc.gc.ca,HttpConnectTimeoutException > ConnectException: HTTP connect timed out,
stcc.drdc-rddc.gc.ca,HttpConnectTimeoutException > ConnectException: HTTP connect timed out,
stcemcab01.statcan.gc.ca,ConnectException > UnresolvedAddressException,
stcemcab02.statcan.gc.ca,ConnectException > UnresolvedAddressException,
stcgcsra.statcan.gc.ca,HttpConnectTimeoutException > ConnectException: HTTP connect timed out,
stcowa.statcan.gc.ca,ConnectException > UnresolvedAddressException,
stfs-sfts.cnrc-nrc.gc.ca,HttpConnectTimeoutException > ConnectException: HTTP connect timed out,
stg.accesskey-cledacces.gc.ca,ConnectException > UnresolvedAddressException,
stg.accesskey.gc.ca,ConnectException > UnresolvedAddressException,
stg.cledacces-accesskey.gc.ca,ConnectException > UnresolvedAddressException,
stg.cledacces.gc.ca,ConnectException > UnresolvedAddressException,
stratdemo-ic.fjgc-gccf.gc.ca,HttpConnectTimeoutException > ConnectException: HTTP connect timed out,
stratdemo.fjgc-gccf.ic.gc.ca,HttpConnectTimeoutException > ConnectException: HTTP connect timed out,
stratdemo.ic.gc.ca,403,
strategis.gc.ca,SSLHandshakeException > CertificateException: No subject alternative DNS name matching strategis.gc.ca found.,
strategis.ic.gc.ca,302,
sts-tav.gc.ca,ConnectException > UnresolvedAddressException,
sts.parl.gc.ca,HttpConnectTimeoutException > ConnectException: HTTP connect timed out,
sts.sdeeds.parlissi.gc.ca,ConnectException > ClosedChannelException,
submissions.pmprb-cepmb.gc.ca,HttpConnectTimeoutException > ConnectException: HTTP connect timed out,
subscription.parl.gc.ca,HttpConnectTimeoutException > ConnectException: HTTP connect timed out,
support-mva-vac-acc.fjgc-gccf.gc.ca,HttpConnectTimeoutException > ConnectException: HTTP connect timed out,
support.bhsol-pssd.vac-acc.gc.ca,HttpConnectTimeoutException > ConnectException: HTTP connect timed out,
support.mva-mda.vac-acc.gc.ca,HttpConnectTimeoutException > ConnectException: HTTP connect timed out,
supportbhsol-vac-acc.fjgc-gccf.gc.ca,HttpConnectTimeoutException > ConnectException: HTTP connect timed out,
survey-sondage-hoc.parl.gc.ca,HttpConnectTimeoutException > ConnectException: HTTP connect timed out,
survey-sondage.nserc-crsng.gc.ca,SSLHandshakeException > ValidatorException > CertPathValidatorException > CertificateExpiredException: NotAfter: Tue Feb 04 15:33:00 CET 2025,
survey-sondage.pslrb-crtfp.gc.ca,ConnectException > UnresolvedAddressException,
survey-sondage.sshrc-crsh.gc.ca,SSLHandshakeException > ValidatorException > CertPathValidatorException > CertificateExpiredException: NotAfter: Tue Feb 04 15:30:33 CET 2025,
surveys-sondages.cfp-psc.gc.ca,ConnectException > UnresolvedAddressException,
surveys-sondages.hc-sc.gc.ca,SSLHandshakeException: (handshake_failure) Received fatal alert: handshake_failure,
surveys-sondages.psc-cfp.gc.ca,503,
svp-tav.gc.ca,ConnectException > UnresolvedAddressException,
swi-igu.nrcan-rncan.gc.ca,HttpConnectTimeoutException > ConnectException: HTTP connect timed out,
swi-pts.dfo-mpo.gc.ca,ConnectException > NoRouteToHostException: Host is unreachable,
swi.dfo-mpo.gc.ca,404,
sync.international.gc.ca,HttpConnectTimeoutException > ConnectException: HTTP connect timed out,
sysifmapp01.cmhc-schl.gc.ca,HttpConnectTimeoutException > ConnectException: HTTP connect timed out,
sysinfoshare.cmhc-schl.gc.ca,HttpConnectTimeoutException > ConnectException: HTTP connect timed out,
systest2.eics-scei.gc.ca,HttpConnectTimeoutException > ConnectException: HTTP connect timed out,
sysws01.cmhc-schl.gc.ca,ConnectException > UnresolvedAddressException,
t1.voyage3.gc.ca,ConnectException > UnresolvedAddressException,
t2-net.ccra-adrc.gc.ca,SSLHandshakeException > SocketException: Connection reset,
t2.voyage3.gc.ca,ConnectException > UnresolvedAddressException,
talent.tbs-sct.gc.ca,HttpConnectTimeoutException > ConnectException: HTTP connect timed out,
tc.gc.ca,HttpConnectTimeoutException > ConnectException: HTTP connect timed out,
tcaccess.tc.gc.ca,302,
tcaccessa.tc.gc.ca,HttpConnectTimeoutException > ConnectException: HTTP connect timed out,
tcaccessd.tc.gc.ca,ConnectException > UnresolvedAddressException,
tcaccessp.tc.gc.ca,ConnectException > UnresolvedAddressException,
tcc-metaframe.tcc-cci.gc.ca,HttpConnectTimeoutException > ConnectException: HTTP connect timed out,
tcmobile.tc.gc.ca,HttpConnectTimeoutException > ConnectException: HTTP connect timed out,
tcmonbureau.tc.gc.ca,ConnectException > UnresolvedAddressException,
tcmydesk.tc.gc.ca,ConnectException > UnresolvedAddressException,
tcoffice2007.tc.gc.ca,ConnectException > UnresolvedAddressException,
tcwebmail.tc.gc.ca,HttpConnectTimeoutException > ConnectException: HTTP connect timed out,
te-clegc-gckey.fjgc-gccf.gc.ca,403,
te.clegc-gckey.gc.ca,403,
te.clegc.gc.ca,502,
te.gckey-clegc.gc.ca,502,
te.gckey.gc.ca,502,
telefilm.gc.ca,HttpConnectTimeoutException > ConnectException: HTTP connect timed out,
telephone.dfo-mpo.gc.ca,HttpConnectTimeoutException > ConnectException: HTTP connect timed out,
teletest.nrcan.gc.ca,HttpConnectTimeoutException > ConnectException: HTTP connect timed out,
teletravail.rncan.gc.ca,302,
telework-teletravail.cfp-psc.gc.ca,ConnectException > UnresolvedAddressException,
telework-teletravail.psc-cfp.gc.ca,HttpConnectTimeoutException > ConnectException: HTTP connect timed out,
telework.nrcan.gc.ca,302,
terminal.ct-tc.gc.ca,ConnectException > UnresolvedAddressException,
termium-uat.tpsgc-pwgsc.gc.ca,ConnectException > UnresolvedAddressException,
termium.tpsgc-pwgsc.gc.ca,HttpConnectTimeoutException > ConnectException: HTTP connect timed out,
test-notices.dfo-mpo.gc.ca,HttpConnectTimeoutException > ConnectException: HTTP connect timed out,
test-reservation-pc.fjgc-gccf.gc.ca,ConnectException > UnresolvedAddressException,
test.businessregistration-inscriptionentreprise.gc.ca,ConnectException > UnresolvedAddressException,
test.reservation.pc.gc.ca,HttpConnectTimeoutException > ConnectException: HTTP connect timed out,
test.securise-secure.gc.ca,ConnectException > UnresolvedAddressException,
test.travel.gc.ca,HttpConnectTimeoutException > ConnectException: HTTP connect timed out,
test.voyage.gc.ca,HttpConnectTimeoutException > ConnectException: HTTP connect timed out,
tfs-sft.crtfp-pslrb.gc.ca,ConnectException > UnresolvedAddressException,
tfs-sft.otc-cta.gc.ca,HttpConnectTimeoutException > ConnectException: HTTP connect timed out,
tfs.crtfp.gc.ca,ConnectException > UnresolvedAddressException,
tfsa-sfta.tc.gc.ca,HttpConnectTimeoutException > ConnectException: HTTP connect timed out,
theedge.drdc-rddc.gc.ca,ConnectException > UnresolvedAddressException,
themoneybelt.gc.ca,HttpConnectTimeoutException > ConnectException: HTTP connect timed out,
thingate.cic.gc.ca,HttpConnectTimeoutException > ConnectException: HTTP connect timed out,
tidcf.nrcan.gc.ca,301,
tidcf.rncan.gc.ca,ConnectException > UnresolvedAddressException,
tme-ecp.itsso-ospti.gc.ca,ConnectException > UnresolvedAddressException,
tokyovpn01h.international.gc.ca,HttpConnectTimeoutException > ConnectException: HTTP connect timed out,
tpcsg.justice.gc.ca,HttpConnectTimeoutException > ConnectException: HTTP connect timed out,
tpcsg2.justice.gc.ca,HttpConnectTimeoutException > ConnectException: HTTP connect timed out,
tradecommissioner.gc.ca,SSLHandshakeException > ValidatorException > SunCertPathBuilderException: unable to find valid certification path to requested target,
train-mva-vac-acc.fjgc-gccf.gc.ca,HttpConnectTimeoutException > ConnectException: HTTP connect timed out,
train.bhsol-pssd.vac-acc.gc.ca,403,
train.mva-mda.vac-acc.gc.ca,HttpConnectTimeoutException > ConnectException: HTTP connect timed out,
trainbhsol-vac-acc.fjgc-gccf.gc.ca,403,
training-formation.phac-aspc.gc.ca,HttpConnectTimeoutException > ConnectException: HTTP connect timed out,
training.mtrs-sctrm.hc-sc.gc.ca,ConnectException > UnresolvedAddressException,
training.portal.catsa.gc.ca,HttpConnectTimeoutException > ConnectException: HTTP connect timed out,
training.preportal.catsa.gc.ca,HttpConnectTimeoutException > ConnectException: HTTP connect timed out,
transact.tc.gc.ca,ConnectException > UnresolvedAddressException,
transactions.ccbn-nbc.gc.ca,404,
transfer.fcac-acfc.gc.ca,ConnectException > UnresolvedAddressException,
transflow.ec.gc.ca,HttpConnectTimeoutException > ConnectException: HTTP connect timed out,
transmit.csb.gc.ca,HttpConnectTimeoutException > ConnectException: HTTP connect timed out,
travel-smart.acdi-cida.gc.ca,ConnectException > UnresolvedAddressException,
travel-smart.international.gc.ca,HttpConnectTimeoutException > ConnectException: HTTP connect timed out,
travel-voyage.gc.ca,ConnectException > UnresolvedAddressException,
travel.gc.ca,200,
treesource.nrcan.gc.ca,HttpConnectTimeoutException > ConnectException: HTTP connect timed out,
treesource.rncan.gc.ca,302,
trg-emploisfp-psjobs.cfp-psc.gc.ca,302,
trg-oit.cfp-psc.gc.ca,SSLHandshakeException > ValidatorException > CertPathValidatorException > CertificateExpiredException: NotAfter: Mon Feb 03 15:00:44 CET 2025,
trg-oit.psc-cfp.gc.ca,SSLHandshakeException > ValidatorException > CertPathValidatorException > CertificateExpiredException: NotAfter: Mon Feb 03 15:00:44 CET 2025,
trg-psjobs-emploisfp.cfp-psc.gc.ca,HttpConnectTimeoutException > ConnectException: HTTP connect timed out,
trg-psjobs-emploisfp.psc-cfp.gc.ca,302,
trinational.tc.gc.ca,ConnectException > UnresolvedAddressException,
trinatmx.tc.gc.ca,HttpConnectTimeoutException > ConnectException: HTTP connect timed out,
ts02.cas-satj.gc.ca,HttpConnectTimeoutException > ConnectException: HTTP connect timed out,
tsgateway.cmhc-schl.gc.ca,HttpConnectTimeoutException > ConnectException: HTTP connect timed out,
tstcatsaassist-ap.catsa.gc.ca,HttpConnectTimeoutException > ConnectException: HTTP connect timed out,
tstconnexions.catsa.gc.ca,HttpConnectTimeoutException > ConnectException: HTTP connect timed out,
ttcp2.drdc-rddc.gc.ca,HttpConnectTimeoutException > ConnectException: HTTP connect timed out,
ttiss-ssit.phac-aspc.gc.ca,ConnectException > ClosedChannelException,
tv-tele.cmhc-schl.gc.ca,ConnectException > UnresolvedAddressException,
ua-mva-vac-acc.fjgc-gccf.gc.ca,HttpConnectTimeoutException > ConnectException: HTTP connect timed out,
ua.bhsol-pssd.vac-acc.gc.ca,HttpConnectTimeoutException > ConnectException: HTTP connect timed out,
ua.mva-mda.vac-acc.gc.ca,HttpConnectTimeoutException > ConnectException: HTTP connect timed out,
uabhsol-vac-acc.fjgc-gccf.gc.ca,HttpConnectTimeoutException > ConnectException: HTTP connect timed out,
uat-marketplace.ssc-spc.gc.ca,SSLHandshakeException > ValidatorException > SunCertPathBuilderException: unable to find valid certification path to requested target,
uat-sedsi-oliss.tpsgc-pwgsc.gc.ca,ConnectException > UnresolvedAddressException,
uat-sscp2pspc.ssc-spc.gc.ca,SSLHandshakeException > ValidatorException > SunCertPathBuilderException: unable to find valid certification path to requested target,
uat.excol-ceed.gc.ca,HttpConnectTimeoutException > ConnectException: HTTP connect timed out,
uatak.excol-ceed.gc.ca,HttpConnectTimeoutException > ConnectException: HTTP connect timed out,
uatapp.excol-ceed.gc.ca,HttpConnectTimeoutException > ConnectException: HTTP connect timed out,
ucmm-mmwc.cnrc-nrc.gc.ca,HttpConnectTimeoutException > ConnectException: HTTP connect timed out,
ucmm-mmwc.cnrc.gc.ca,HttpConnectTimeoutException > ConnectException: HTTP connect timed out,
ucmm.cnrc-nrc.gc.ca,HttpConnectTimeoutException > ConnectException: HTTP connect timed out,
ucmm.cnrc.gc.ca,HttpConnectTimeoutException > ConnectException: HTTP connect timed out,
univ.fin.gc.ca,ConnectException > UnresolvedAddressException,
update.csb.gc.ca,HttpConnectTimeoutException > ConnectException: HTTP connect timed out,
urgent.ic.gc.ca,ConnectException > UnresolvedAddressException,
ut-srv.hc-sc.gc.ca,HttpConnectTimeoutException > ConnectException: HTTP connect timed out,
utils-test.hc-sc.gc.ca,200,
vac-acc.gc.ca,ConnectException > UnresolvedAddressException,
vaultserver1.parl.gc.ca,ConnectException > UnresolvedAddressException,
vcallisto.cis.ec.gc.ca,200,
vdi.cfgb-cgfc.gc.ca,ConnectException > UnresolvedAddressException,
vdi.crcc-ccetp.gc.ca,HttpConnectTimeoutException > ConnectException: HTTP connect timed out,
vdi.mgerc-ceegm.gc.ca,HttpConnectTimeoutException > ConnectException: HTTP connect timed out,
veterans.gc.ca,HttpConnectTimeoutException > ConnectException: HTTP connect timed out,
viasafej.pwgsc.gc.ca,ConnectException > UnresolvedAddressException,
victimsportal-portailvictimes.csc-scc.gc.ca,404,
video.csps-efpc.gc.ca,ConnectException > UnresolvedAddressException,
video1.servicecanada.gc.ca,HttpConnectTimeoutException > ConnectException: HTTP connect timed out,
vids-siv.phac-aspc.gc.ca,HttpConnectTimeoutException > ConnectException: HTTP connect timed out,
view-pub-001.crcc-ccetp.gc.ca,HttpConnectTimeoutException > ConnectException: HTTP connect timed out,
view.scc-csc.gc.ca,ConnectException > UnresolvedAddressException,
visa.beijing.gc.ca,ConnectException > UnresolvedAddressException,
visiteur.gcwifi.gc.ca,HttpConnectTimeoutException > ConnectException: HTTP connect timed out,
vita.gc.ca,HttpConnectTimeoutException > ConnectException: HTTP connect timed out,
vitalevents.services.gc.ca,ConnectException > UnresolvedAddressException,
vitalevents.services.lab.hrsdc-rhdcc.gc.ca,ConnectException > UnresolvedAddressException,
vkew-socket.pwgsc.gc.ca,HttpConnectTimeoutException > ConnectException: HTTP connect timed out,
vmview.smnet.ssc-spc.gc.ca,ConnectException > UnresolvedAddressException,
voyage.gc.ca,200,
voyage2.gc.ca,HttpConnectTimeoutException > ConnectException: HTTP connect timed out,
voyage3.gc.ca,ConnectException > UnresolvedAddressException,
vpn-hq.swc-cfc.gc.ca,302,
vpn-laval.csc-scc.gc.ca,HttpConnectTimeoutException > ConnectException: HTTP connect timed out,
vpn-nrc.ssc.gc.ca,302,
vpn-ottawa.csc-scc.gc.ca,302,
vpn.chrt-tcdp.gc.ca,ConnectException > UnresolvedAddressException,
vpn.cnrc-nrc.gc.ca,HttpConnectTimeoutException > ConnectException: HTTP connect timed out,
vpn.crtc.gc.ca,302,
vpn.fcac.gc.ca,HttpConnectTimeoutException > ConnectException: HTTP connect timed out,
vpn.infc.gc.ca,HttpConnectTimeoutException > ConnectException: HTTP connect timed out,
vpn.lac-bac.gc.ca,HttpConnectTimeoutException > ConnectException: HTTP connect timed out,
vpn.mpcc-cppm.gc.ca,404,
vpn.nrc-cnrc.gc.ca,HttpConnectTimeoutException > ConnectException: HTTP connect timed out,
vpn.ocol-clo.gc.ca,ConnectException > UnresolvedAddressException,
vpn.pch.gc.ca,HttpConnectTimeoutException > ConnectException: HTTP connect timed out,
vpn.pmprb-cepmb.gc.ca,HttpConnectTimeoutException > ConnectException: HTTP connect timed out,
vpn.scc-csc.gc.ca,404,
vpn.ssc.gc.ca,302,
vpn.wd-deo.gc.ca,302,
vpn01.vac-acc.gc.ca,404,
vpn02.vac-acc.gc.ca,404,
vpn1.nrcan.gc.ca,HttpConnectTimeoutException > ConnectException: HTTP connect timed out,
vpn2.lac-bac.gc.ca,HttpConnectTimeoutException > ConnectException: HTTP connect timed out,
vpndec.dec-ced.gc.ca,HttpConnectTimeoutException > ConnectException: HTTP connect timed out,
vpndec1.dec-ced.gc.ca,404,
vpndec2.dec-ced.gc.ca,404,
vpneast.ec.gc.ca,HttpConnectTimeoutException > ConnectException: HTTP connect timed out,
vpnwest.ec.gc.ca,HttpConnectTimeoutException > ConnectException: HTTP connect timed out,
w01.international.gc.ca,ConnectException > NoRouteToHostException: Host is unreachable,
w01.scholarships-bourses.gc.ca,ConnectException > NoRouteToHostException: Host is unreachable,
w03.international.gc.ca,HttpConnectTimeoutException > ConnectException: HTTP connect timed out,
w06.international.gc.ca,HttpConnectTimeoutException > ConnectException: HTTP connect timed out,
was7-sext-ihs.hc-sc.gc.ca,SSLHandshakeException: (handshake_failure) Received fatal alert: handshake_failure,
wasext-prd-1.hc-sc.gc.ca,ConnectException > UnresolvedAddressException,
wateroffice.ec.gc.ca,405,
waves-vagues.dfo-mpo.gc.ca,HttpConnectTimeoutException > ConnectException: HTTP connect timed out,
wc.fcac-acfc.gc.ca,ConnectException > UnresolvedAddressException,
wc.goccog.ps-sp.gc.ca,ConnectException > UnresolvedAddressException,
wc.international.gc.ca,HttpConnectTimeoutException > ConnectException: HTTP connect timed out,
wcdev.international.gc.ca,HttpConnectTimeoutException > ConnectException: HTTP connect timed out,
wcms.pub.rcmp-grc.gc.ca,HttpConnectTimeoutException > ConnectException: HTTP connect timed out,
weather.gc.ca,200,
web.fcac-acfc.gc.ca,ConnectException > UnresolvedAddressException,
webaccess.pptc.gc.ca,HttpConnectTimeoutException > ConnectException: HTTP connect timed out,
webcon.neb-one.gc.ca,ConnectException > UnresolvedAddressException,
webdiffusion-webcasting.ircan.gc.ca,ConnectException > UnresolvedAddressException,
webdisk.consultations.oic-ci.gc.ca,ConnectException > UnresolvedAddressException,
webdisk.ocsec-bccst.gc.ca,HttpConnectTimeoutException > ConnectException: HTTP connect timed out,
webdisk.video1.servicecanada.gc.ca,HttpConnectTimeoutException > ConnectException: HTTP connect timed out,
webmail.agr.gc.ca,ConnectException > UnresolvedAddressException,
webmail.apex.gc.ca,HttpConnectTimeoutException > ConnectException: HTTP connect timed out,
webmail.ccgs-ngcc.gc.ca,HttpConnectTimeoutException > ConnectException: HTTP connect timed out,
webmail.ccri-cirb.gc.ca,HttpConnectTimeoutException > ConnectException: HTTP connect timed out,
webmail.cfp-psc.gc.ca,HttpConnectTimeoutException > ConnectException: HTTP connect timed out,
webmail.cic.gc.ca,HttpConnectTimeoutException > ConnectException: HTTP connect timed out,
webmail.cirb-ccri.gc.ca,ConnectException > UnresolvedAddressException,
webmail.consultations.oic-ci.gc.ca,ConnectException > UnresolvedAddressException,
webmail.cta-otc.gc.ca,HttpConnectTimeoutException > ConnectException: HTTP connect timed out,
webmail.dfo-mpo.gc.ca,HttpConnectTimeoutException > ConnectException: HTTP connect timed out,
webmail.fcac-acfc.gc.ca,HttpConnectTimeoutException > ConnectException: HTTP connect timed out,
webmail.horizons.gc.ca,HttpConnectTimeoutException > ConnectException: HTTP connect timed out,
webmail.ic.gc.ca,HttpConnectTimeoutException > ConnectException: HTTP connect timed out,
webmail.irb-cisr.gc.ca,ConnectException > UnresolvedAddressException,
webmail.justice.gc.ca,HttpConnectTimeoutException > ConnectException: HTTP connect timed out,
webmail.lab.telefilm.gc.ca,ConnectException > UnresolvedAddressException,
webmail.mar.dfo-mpo.gc.ca,ConnectException > UnresolvedAddressException,
webmail.nserc-crsng.gc.ca,HttpConnectTimeoutException > ConnectException: HTTP connect timed out,
webmail.ocsec-bccst.gc.ca,HttpConnectTimeoutException > ConnectException: HTTP connect timed out,
webmail.pac.dfo-mpo.gc.ca,ConnectException > UnresolvedAddressException,
webmail.pmprb-cepmb.gc.ca,HttpConnectTimeoutException > ConnectException: HTTP connect timed out,
webmail.polarcom.gc.ca,HttpConnectTimeoutException > ConnectException: HTTP connect timed out,
webmail.psc-cfp.gc.ca,ConnectException > NoRouteToHostException: Host is unreachable,
webmail.regina.agr.gc.ca,HttpConnectTimeoutException > ConnectException: HTTP connect timed out,
webmail.scics.gc.ca,HttpConnectTimeoutException > ConnectException: HTTP connect timed out,
webmail.sshrc-crsh.gc.ca,HttpConnectTimeoutException > ConnectException: HTTP connect timed out,
webmail.tc.gc.ca,HttpConnectTimeoutException > ConnectException: HTTP connect timed out,
webmail.telefilm.gc.ca,HttpConnectTimeoutException > ConnectException: HTTP connect timed out,
webmail.tsb.gc.ca,HttpConnectTimeoutException > ConnectException: HTTP connect timed out,
webmail.video1.servicecanada.gc.ca,ConnectException > UnresolvedAddressException,
webmail15.lab.telefilm.gc.ca,HttpConnectTimeoutException > ConnectException: HTTP connect timed out,
webmail15.telefilm.gc.ca,HttpConnectTimeoutException > ConnectException: HTTP connect timed out,
webmail2.ic.gc.ca,ConnectException > NoRouteToHostException: Host is unreachable,
weboffice.hc-sc.gc.ca,HttpConnectTimeoutException > ConnectException: HTTP connect timed out,
webprod4.hc-sc.gc.ca,ConnectException > UnresolvedAddressException,
webstats.dfo-mpo.gc.ca,IOException > SocketException: Connection reset,
webview.cnsc-ccsn.gc.ca,HttpConnectTimeoutException > ConnectException: HTTP connect timed out,
webvpn.asc-csa.gc.ca,200,
webvpn.neb-one.gc.ca,HttpConnectTimeoutException > ConnectException: HTTP connect timed out,
webvpn.scics.gc.ca,SSLHandshakeException > ValidatorException > SunCertPathBuilderException: unable to find valid certification path to requested target,
webvu.cnsc-ccsn.gc.ca,HttpConnectTimeoutException > ConnectException: HTTP connect timed out,
wifi-pilot.international.gc.ca,ConnectException > UnresolvedAddressException,
wifi.nuclearsafety.gc.ca,ConnectException > UnresolvedAddressException,
wiki.cmc.ec.gc.ca,ConnectException > UnresolvedAddressException,
wm-cw.lac-bac.gc.ca,ConnectException > UnresolvedAddressException,
wm-mw.acdi-cida.gc.ca,HttpConnectTimeoutException > ConnectException: HTTP connect timed out,
wmsmir.cits.rncan.gc.ca,ConnectException > UnresolvedAddressException,
wmsmir.ctis.nrcan.gc.ca,ConnectException > UnresolvedAddressException,
worxgateway.tc.gc.ca,HttpConnectTimeoutException > ConnectException: HTTP connect timed out,
ws-instructional.eics-scei.gc.ca,HttpConnectTimeoutException > ConnectException: HTTP connect timed out,
ws-shc.qc.dfo-mpo.gc.ca,HttpConnectTimeoutException > ConnectException: HTTP connect timed out,
ws-staging.eics-scei.gc.ca,HttpConnectTimeoutException > ConnectException: HTTP connect timed out,
ws-systest2.eics-scei.gc.ca,HttpConnectTimeoutException > ConnectException: HTTP connect timed out,
ws.eics-scei.gc.ca,ConnectException > UnresolvedAddressException,
ws.innav.gc.ca,HttpConnectTimeoutException > ConnectException: HTTP connect timed out,
wshdcvpn01h.international.gc.ca,HttpConnectTimeoutException > ConnectException: HTTP connect timed out,
ww2.canadainternational.gc.ca,ConnectException > UnresolvedAddressException,
www-app.tpsgc-pwgsc.gc.ca,ConnectException > UnresolvedAddressException,
www-dev-ic.fjgc-gccf.gc.ca,ConnectException > UnresolvedAddressException,
www-dev.cmhc-schl.gc.ca,ConnectException > UnresolvedAddressException,
www-ic.fjgc-gccf.gc.ca,HttpConnectTimeoutException > ConnectException: HTTP connect timed out,
www-ops2.pac.dfo-mpo.gc.ca,200,
www-pre-ic.fjgc-gccf.gc.ca,ConnectException > UnresolvedAddressException,
www-pre-prod.eodms.services.global.gc.ca,HttpConnectTimeoutException > ConnectException: HTTP connect timed out,
www-qa-ic.fjgc-gccf.gc.ca,HttpConnectTimeoutException > ConnectException: HTTP connect timed out,
www-uat-ic.fjgc-gccf.gc.ca,ConnectException > UnresolvedAddressException,
www.aadnc-aandc.gc.ca,HttpConnectTimeoutException > ConnectException: HTTP connect timed out,
www.ac.osfi-bsif.gc.ca,HttpConnectTimeoutException > ConnectException: HTTP connect timed out,
www.accesskey-cledacces.gc.ca,ConnectException > UnresolvedAddressException,
www.accesskey.gc.ca,HttpConnectTimeoutException > ConnectException: HTTP connect timed out,
www.accesstotravel.gc.ca,ConnectException > UnresolvedAddressException,
www.accreditationcanada.gc.ca,200,
www.achatsetventes-buyandsell.gc.ca,ConnectException > UnresolvedAddressException,
www.achatsetventes.gc.ca,ConnectException > UnresolvedAddressException,
www.acsta-catsa.gc.ca,HttpConnectTimeoutException > ConnectException: HTTP connect timed out,
www.acsta.gc.ca,HttpConnectTimeoutException > ConnectException: HTTP connect timed out,
www.actualiser.oec.gc.ca,HttpConnectTimeoutException > ConnectException: HTTP connect timed out,
www.afghanistan.gc.ca,ConnectException > UnresolvedAddressException,
www.agr.gc.ca,HttpConnectTimeoutException > ConnectException: HTTP connect timed out,
www.apex.gc.ca,301,
www.api-ipv.ccra-adrc.gc.ca,HttpConnectTimeoutException > ConnectException: HTTP connect timed out,
www.apn.gc.ca,HttpConnectTimeoutException > ConnectException: HTTP connect timed out,
www.app.allies.forces.gc.ca,200,
www.appointments-nominations.gc.ca,HttpConnectTimeoutException > ConnectException: HTTP connect timed out,
www.apprentissage-learning.bst-tsb.gc.ca,ConnectException > UnresolvedAddressException,
www.apps-ct.cra-arc.gc.ca,ConnectException > UnresolvedAddressException,
www.apps.ss.ec.gc.ca,ConnectException > UnresolvedAddressException,
www.apps.ssqc.ec.gc.ca,ConnectException > UnresolvedAddressException,
www.azfs.tbs-sct.gc.ca,ConnectException > UnresolvedAddressException,
www.beta.concierge.portal.gc.ca,ConnectException > UnresolvedAddressException,
www.bggp.gc.ca,ConnectException > UnresolvedAddressException,
www.biosecurity-portal.hc-sc.gc.ca,ConnectException > UnresolvedAddressException,
www.borderactionplan-plandactionfrontalier.gc.ca,HttpConnectTimeoutException > ConnectException: HTTP connect timed out,
www.bpss.catsa.gc.ca,ConnectException > UnresolvedAddressException,
www.budget.gc.ca,ConnectException > UnresolvedAddressException,
www.businessregistration-inscriptionentreprise.gc.ca,HttpConnectTimeoutException > ConnectException: HTTP connect timed out,
www.buyandsell.gc.ca,ConnectException > UnresolvedAddressException,
www.campagne-e-it.oec.gc.ca,HttpConnectTimeoutException > ConnectException: HTTP connect timed out,
www.campagne-e.oec.gc.ca,HttpConnectTimeoutException > ConnectException: HTTP connect timed out,
www.can-am.gc.ca,ConnectException > UnresolvedAddressException,
www.canadainternational.gc.ca,ConnectException > UnresolvedAddressException,
www.catsa-acsta.gc.ca,HttpConnectTimeoutException > ConnectException: HTTP connect timed out,
www.catsa.gc.ca,HttpConnectTimeoutException > ConnectException: HTTP connect timed out,
www.cb-bc.ges-ghg.ss.ec.gc.ca,ConnectException > UnresolvedAddressException,
www.cb-bc.ges-ghg.ssqc.ec.gc.ca,HttpConnectTimeoutException > ConnectException: HTTP connect timed out,
www.cb-cda.gc.ca,HttpConnectTimeoutException > ConnectException: HTTP connect timed out,
www.ccdp-chrc.gc.ca,200,
www.ccdp.gc.ca,ConnectException > UnresolvedAddressException,
www.cce-cef.gc.ca,HttpConnectTimeoutException > ConnectException: HTTP connect timed out,
www.ccg-gcc.gc.ca,301,
www.cci-icc.gc.ca,ConnectException > UnresolvedAddressException,
www.ccirc-ccric.gc.ca,ConnectException > UnresolvedAddressException,
www.ccp.gc.ca,308,
www.cdc-dcc.gc.ca,HttpConnectTimeoutException > ConnectException: HTTP connect timed out,
www.cdlsw-elfcw.forces.gc.ca,ConnectException > ClosedChannelException,
www.ceaa-acee.gc.ca,HttpConnectTimeoutException > ConnectException: HTTP connect timed out,
www.cef-cce.gc.ca,HttpConnectTimeoutException > ConnectException: HTTP connect timed out,
www.cepae2-lcpeue.ec.gc.ca,HttpConnectTimeoutException > ConnectException: HTTP connect timed out,
www.cfc.forces.gc.ca,302,
www.chrc-ccdp.gc.ca,200,
www.chrc.gc.ca,ConnectException > UnresolvedAddressException,
www.cic.gc.ca,HttpConnectTimeoutException > ConnectException: HTTP connect timed out,
www.cidip.ec.gc.ca,ConnectException > UnresolvedAddressException,
www.cidip.qa.ncr.ec.gc.ca,HttpConnectTimeoutException > ConnectException: HTTP connect timed out,
www.citt-tcce.gc.ca,301,
www.cjc-ccm.gc.ca,HttpConnectTimeoutException > ConnectException: HTTP connect timed out,
www.cledacces-accesskey.gc.ca,ConnectException > UnresolvedAddressException,
www.cledacces.gc.ca,ConnectException > UnresolvedAddressException,
www.clegc-gckey.gc.ca,301,
www.clegc.gc.ca,HttpConnectTimeoutException > ConnectException: HTTP connect timed out,
www.clo-ocol.gc.ca,SSLHandshakeException > ValidatorException > SunCertPathBuilderException: unable to find valid certification path to requested target,
www.cmhc-schl.gc.ca,HttpConnectTimeoutException > ConnectException: HTTP connect timed out,
www.codesnationaux.cnrc.gc.ca,HttpConnectTimeoutException > ConnectException: HTTP connect timed out,
www.collaboration.ceaa-acee.gc.ca,ConnectException > UnresolvedAddressException,
www.collectionscanada.gc.ca,200,
www.consultations.oic-ci.gc.ca,ConnectException > UnresolvedAddressException,
www.cpc-ccp.gc.ca,HttpConnectTimeoutException > ConnectException: HTTP connect timed out,
www.cpc-cpp.gc.ca,ConnectException > UnresolvedAddressException,
www.cpc.gc.ca,HttpConnectTimeoutException > ConnectException: HTTP connect timed out,
www.crc.gc.ca,SSLHandshakeException > CertificateException: No subject alternative DNS name matching www.crc.gc.ca found.,
www.crcc-ccetp.gc.ca,SSLHandshakeException > ValidatorException > SunCertPathBuilderException: unable to find valid certification path to requested target,
www.csb.gc.ca,301,
www.csbdirect-it.csb.gc.ca,HttpConnectTimeoutException > ConnectException: HTTP connect timed out,
www.csbonline.csb.gc.ca,HttpConnectTimeoutException > ConnectException: HTTP connect timed out,
www.cse-cst.gc.ca,200,
www.cse-egd.tpsgc-pwgsc.gc.ca,ConnectException > UnresolvedAddressException,
www.csis-scrs.gc.ca,ConnectException > UnresolvedAddressException,
www.csis.gc.ca,ConnectException > UnresolvedAddressException,
www.csps-efpc.gc.ca,HttpConnectTimeoutException > ConnectException: HTTP connect timed out,
www.cypc-ccjc.phac-aspc.gc.ca,302,
www.dap-pad.aadnc-aandc.gc.ca,ConnectException > UnresolvedAddressException,
www.dcc-cdc.gc.ca,200,
www.dec-ced.gc.ca,SSLHandshakeException > CertificateException: No subject alternative DNS name matching www.dec-ced.gc.ca found.,
www.deleguescommerciaux.gc.ca,403,
www.dev-api-ipv.ccra-adrc.gc.ca,SSLHandshakeException > ValidatorException > SunCertPathBuilderException: unable to find valid certification path to requested target,
www.develang.international.gc.ca,HttpConnectTimeoutException > ConnectException: HTTP connect timed out,
www.dfait-maeci.gc.ca,302,
www.dfo-mpo.gc.ca,200,
www.dialogue.gc.ca,ConnectException > UnresolvedAddressException,
www.dncl.gc.ca,SSLHandshakeException > CertificateException: No subject alternative DNS name matching www.dncl.gc.ca found.,
www.dndcompetition-mdnconcours.forces.gc.ca,HttpConnectTimeoutException > ConnectException: HTTP connect timed out,
www.dndlearn.forces.gc.ca,ConnectException > UnresolvedAddressException,
www.e-campaign-it.csb.gc.ca,HttpConnectTimeoutException > ConnectException: HTTP connect timed out,
www.e-campaign.csb.gc.ca,HttpConnectTimeoutException > ConnectException: HTTP connect timed out,
www.ec-node-noeud-ec.ec.gc.ca,HttpConnectTimeoutException > ConnectException: HTTP connect timed out,
www.ec-node-noeud-ec.qa.ncr.ec.gc.ca,ConnectException > UnresolvedAddressException,
www.ec.gc.ca,301,
www.ec.ges-ghg.ss.ec.gc.ca,ConnectException > UnresolvedAddressException,
www.ec.ges-ghg.ssqc.ec.gc.ca,ConnectException > UnresolvedAddressException,
www.ec.ss.ec.gc.ca,HttpConnectTimeoutException > ConnectException: HTTP connect timed out,
www.ec.ssqc.ec.gc.ca,ConnectException > UnresolvedAddressException,
www.ecalertme.weather.gc.ca,SSLHandshakeException > CertificateException: No subject alternative DNS name matching www.ecalertme.weather.gc.ca found.,
www.ecoaction.gc.ca,301,
www.efiling.fct-cf.gc.ca,HttpConnectTimeoutException > ConnectException: HTTP connect timed out,
www.egdbooking.gc.ca,ConnectException > UnresolvedAddressException,
www.eics-scei.gc.ca,302,
www.eis-sie.forces.gc.ca,ConnectException > UnresolvedAddressException,
www.eis.forces.gc.ca,ConnectException > UnresolvedAddressException,
www.elang.international.gc.ca,ConnectException > UnresolvedAddressException,
www.electronicservices-serviceselectroniques.gc.ca,HttpConnectTimeoutException > ConnectException: HTTP connect timed out,
www.emm.parlissi.gc.ca,ConnectException > UnresolvedAddressException,
www.emploisetc.gc.ca,301,
www.employer-st.csb.gc.ca,HttpConnectTimeoutException > ConnectException: HTTP connect timed out,
www.employer.csb.gc.ca,HttpConnectTimeoutException > ConnectException: HTTP connect timed out,
www.employersinformationsystem-systemeinformationemployeurs.forces.gc.ca,ConnectException > UnresolvedAddressException,
www.employersinformationsystem.forces.gc.ca,ConnectException > UnresolvedAddressException,
www.employeur-st.oec.gc.ca,HttpConnectTimeoutException > ConnectException: HTTP connect timed out,
www.employeur.oec.gc.ca,HttpConnectTimeoutException > ConnectException: HTTP connect timed out,
www.erris-sirre.ss.ec.gc.ca,ConnectException > UnresolvedAddressException,
www.erris-sirre.ssqc.ec.gc.ca,ConnectException > UnresolvedAddressException,
www.esb.csps-efpc.gc.ca,ConnectException > UnresolvedAddressException,
www.eti-itsc.ssc-spc.gc.ca,ConnectException > UnresolvedAddressException,
www.excol-ceed.gc.ca,ConnectException > UnresolvedAddressException,
www.exoticpests.gc.ca,200,
www.fcac-acfc.gc.ca,302,
www.fin.gc.ca,ConnectException > UnresolvedAddressException,
www.fir-irf.gc.ca,ConnectException > UnresolvedAddressException,
www.fishing-peche.dfo-mpo.gc.ca,404,
www.fnep.gc.ca,HttpConnectTimeoutException > ConnectException: HTTP connect timed out,
www.forml.dec-ced.gc.ca,ConnectException > UnresolvedAddressException,
www.forms.oic-ci.gc.ca,ConnectException > UnresolvedAddressException,
www.formulaires.ci-oic.gc.ca,ConnectException > UnresolvedAddressException,
www.fortress.cadets.forces.gc.ca,HttpConnectTimeoutException > ConnectException: HTTP connect timed out,
www.fptc-cfpt.hc-sc.gc.ca,ConnectException > UnresolvedAddressException,
www.fptgn-gnfpt.hc-sc.gc.ca,HttpConnectTimeoutException > ConnectException: HTTP connect timed out,
www.gate.oic-ci.gc.ca,HttpConnectTimeoutException > ConnectException: HTTP connect timed out,
www.gckey-clegc.gc.ca,HttpConnectTimeoutException > ConnectException: HTTP connect timed out,
www.gckey.gc.ca,301,
www.geogratis.gc.ca,200,
www.getcybersafe.gc.ca,200,
www.getprepared.gc.ca,302,
www.glf.dfo-mpo.gc.ca,HttpTimeoutException: request timed out,
www.grainscanada.gc.ca,SSLHandshakeException > SocketException: Connection reset,
www.hia-iha.nrc-cnrc.gc.ca,HttpConnectTimeoutException > ConnectException: HTTP connect timed out,
www.ic.gc.ca,200,
www.icosmos.gc.ca,ConnectException > NoRouteToHostException: Host is unreachable,
www.iec-mops.international.gc.ca,ConnectException > UnresolvedAddressException,
www.iip-pip.nrc-cnrc.gc.ca,ConnectException > UnresolvedAddressException,
www.iipt-pipt.nrc-cnrc.gc.ca,HttpConnectTimeoutException > ConnectException: HTTP connect timed out,
www.ilesidney.pc.gc.ca,HttpConnectTimeoutException > ConnectException: HTTP connect timed out,
www.ilms-shga.csps-efpc.gc.ca,ConnectException > UnresolvedAddressException,
www.inrp-npri.ss.ec.gc.ca,ConnectException > UnresolvedAddressException,
www.inrp-npri.ssqc.ec.gc.ca,HttpConnectTimeoutException > ConnectException: HTTP connect timed out,
www.inter.dfo-mpo.gc.ca,200,
www.international.gc.ca,200,
www.irapclientwebsite.nrc.gc.ca,ConnectException > UnresolvedAddressException,
www.ispc-psic.gc.ca,400,
www.ispc.gc.ca,ConnectException > UnresolvedAddressException,
www.itools-ioutils.fcac-acfc.gc.ca,ConnectException > UnresolvedAddressException,
www.jobsetc.gc.ca,HttpConnectTimeoutException > ConnectException: HTTP connect timed out,
www.jointoilsandsmonitoring.qa.ncr.ec.gc.ca,ConnectException > UnresolvedAddressException,
www.kompass-2015-iec-eic.international.gc.ca,HttpConnectTimeoutException > ConnectException: HTTP connect timed out,
www.laclikeconomik.gc.ca,ConnectException > UnresolvedAddressException,
www.languesofficielles.gc.ca,HttpConnectTimeoutException > ConnectException: HTTP connect timed out,
www.listserv.dfait-maeci.gc.ca,ConnectException > UnresolvedAddressException,
www.listserv.international.gc.ca,HttpConnectTimeoutException > ConnectException: HTTP connect timed out,
www.listservdev.dfait-maeci.gc.ca,ConnectException > UnresolvedAddressException,
www.listservdev.international.gc.ca,HttpConnectTimeoutException > ConnectException: HTTP connect timed out,
www.lnnte-dncl.gc.ca,200,
www.lnnte.gc.ca,SSLHandshakeException > CertificateException: No subject alternative DNS name matching www.lnnte.gc.ca found.,
www.m.travel.gc.ca,ConnectException > UnresolvedAddressException,
www.m.voyage.gc.ca,ConnectException > UnresolvedAddressException,
www.mail.bwbc.gc.ca,ConnectException > UnresolvedAddressException,
www.mail.cjc-ccm.gc.ca,HttpConnectTimeoutException > ConnectException: HTTP connect timed out,
www.mail.oic-ci.gc.ca,ConnectException > UnresolvedAddressException,
www.maps-cartes.ec.gc.ca,ConnectException > UnresolvedAddressException,
www.maps-cartes.qa.ncr.ec.gc.ca,ConnectException > UnresolvedAddressException,
www.marineservices.gc.ca,HttpConnectTimeoutException > ConnectException: HTTP connect timed out,
www.media.weather.gc.ca,ConnectException > UnresolvedAddressException,
www.meet.fcac-acfc.gc.ca,HttpConnectTimeoutException > ConnectException: HTTP connect timed out,
www.mesobligations.gc.ca,HttpConnectTimeoutException > ConnectException: HTTP connect timed out,
www.mpmo.gc.ca,ConnectException > UnresolvedAddressException,
www.mtrs-sctrm.hc-sc.gc.ca,HttpConnectTimeoutException > ConnectException: HTTP connect timed out,
www.mybonds.gc.ca,HttpConnectTimeoutException > ConnectException: HTTP connect timed out,
www.nafta-alena.gc.ca,ConnectException > UnresolvedAddressException,
www.nationalcodes.nrc.gc.ca,HttpConnectTimeoutException > ConnectException: HTTP connect timed out,
www.neb-one.gc.ca,HttpConnectTimeoutException > ConnectException: HTTP connect timed out,
www.neb.gc.ca,ConnectException > UnresolvedAddressException,
www.nhpd-dpsn.ircan-rican.gc.ca,HttpConnectTimeoutException > ConnectException: HTTP connect timed out,
www.njc-cnm.gc.ca,HttpConnectTimeoutException > ConnectException: HTTP connect timed out,
www.nml-lnm.gc.ca,ConnectException > UnresolvedAddressException,
www.noslangues-ourlanguages.gc.ca,301,
www.noslangues.gc.ca,HttpConnectTimeoutException > ConnectException: HTTP connect timed out,
www.notmar.gc.ca,HttpConnectTimeoutException > ConnectException: HTTP connect timed out,
www.npa.gc.ca,200,
www.nrcan.gc.ca,301,
www.nss.gc.ca,HttpConnectTimeoutException > ConnectException: HTTP connect timed out,
www.oagpubsft.oag-bvg.gc.ca,ConnectException > UnresolvedAddressException,
www.ocel-cool.ec.gc.ca,200,
www.ochro-bdprh.tbs-sct.gc.ca,HttpConnectTimeoutException > ConnectException: HTTP connect timed out,
www.ocol-clo.gc.ca,HttpConnectTimeoutException > ConnectException: HTTP connect timed out,
www.ocsec-bccst.gc.ca,HttpConnectTimeoutException > ConnectException: HTTP connect timed out,
www.oec.gc.ca,301,
www.oecdirect-it.oec.gc.ca,HttpConnectTimeoutException > ConnectException: HTTP connect timed out,
www.oecdirect.oec.gc.ca,HttpConnectTimeoutException > ConnectException: HTTP connect timed out,
www.officiallanguages.gc.ca,SSLHandshakeException > ValidatorException > SunCertPathBuilderException: unable to find valid certification path to requested target,
www.on.ec.gc.ca,ConnectException > UnresolvedAddressException,
www.on.ges-ghg.ss.ec.gc.ca,ConnectException > UnresolvedAddressException,
www.on.ges-ghg.ssqc.ec.gc.ca,ConnectException > UnresolvedAddressException,
www.one-neb.gc.ca,ConnectException > UnresolvedAddressException,
www.one.gc.ca,ConnectException > UnresolvedAddressException,
www.otc-cta.gc.ca,SSLHandshakeException > SocketException: Connection reset,
www.ourlanguages-noslangues.gc.ca,301,
www.ourlanguages.gc.ca,HttpConnectTimeoutException > ConnectException: HTTP connect timed out,
www.pac.dfo-mpo.gc.ca,200,
www.pbo-dpb.gc.ca,301,
www.pch.gc.ca,HttpConnectTimeoutException > ConnectException: HTTP connect timed out,
www.pdcas-scadp.phac-aspc.gc.ca,HttpConnectTimeoutException > ConnectException: HTTP connect timed out,
www.pensezcybersecurite.gc.ca,200,
www.permis-permits.ec.gc.ca,HttpConnectTimeoutException > ConnectException: HTTP connect timed out,
www.pgpc-cmp.ss.ec.gc.ca,ConnectException > UnresolvedAddressException,
www.pgpc-cmp.ssqc.ec.gc.ca,HttpConnectTimeoutException > ConnectException: HTTP connect timed out,
www.phoenix.fja.gc.ca,ConnectException > UnresolvedAddressException,
www.pilotagestlaurent.gc.ca,200,
www.plainte-complaint.ci-oic.gc.ca,ConnectException > UnresolvedAddressException,
www.poc.aadnc-aandc.gc.ca,ConnectException > UnresolvedAddressException,
www.port-trop.forces.gc.ca,HttpConnectTimeoutException > ConnectException: HTTP connect timed out,
www.portail-biosurete.hc-sc.gc.ca,ConnectException > UnresolvedAddressException,
www.portal-portail.cadets.gc.ca,ConnectException > UnresolvedAddressException,
www.portal.corp.bwbc.gc.ca,ConnectException > UnresolvedAddressException,
www.ppa.gc.ca,200,
www.pptc.gc.ca,HttpConnectTimeoutException > ConnectException: HTTP connect timed out,
www.preparez-vous.gc.ca,302,
www.priv.gc.ca,200,
www.proxyinternet.nrcan.gc.ca,HttpConnectTimeoutException > ConnectException: HTTP connect timed out,
www.psic-ispc.gc.ca,301,
www.psic.gc.ca,HttpConnectTimeoutException > ConnectException: HTTP connect timed out,
www.publicsafety.gc.ca,200,
www.qbcremote01.ngcc-ccgs.gc.ca,ConnectException > UnresolvedAddressException,
www.ravageursexotiques.gc.ca,200,
www.recherche-search.gc.ca,HttpConnectTimeoutException > ConnectException: HTTP connect timed out,
www.recherche.gc.ca,ConnectException > UnresolvedAddressException,
www.recruiting-recrutement.forces.gc.ca,ConnectException > UnresolvedAddressException,
www.recruiting-recrutement.tdc.forces.gc.ca,SSLHandshakeException > SocketException: Connection reset,
www.recruiting.forces.gc.ca,ConnectException > UnresolvedAddressException,
www.recrutement.forces.gc.ca,ConnectException > UnresolvedAddressException,
www.registre-registry.ec.gc.ca,ConnectException > UnresolvedAddressException,
www.registre-registry.qa.ec.gc.ca,HttpConnectTimeoutException > ConnectException: HTTP connect timed out,
www.registrelep-sararegistry.gc.ca,IOException > SocketException: Connection reset,
www.remote.ccgs-ngcc.gc.ca,HttpConnectTimeoutException > ConnectException: HTTP connect timed out,
www.remote3.cmc.ec.gc.ca,HttpConnectTimeoutException > ConnectException: HTTP connect timed out,
www.reservations.ncc-ccn.gc.ca,ConnectException > UnresolvedAddressException,
www.reservationsyukon.tpsgc-pwgsc.gc.ca,HttpConnectTimeoutException > ConnectException: HTTP connect timed out,
www.retablissement-recovery.gc.ca,HttpConnectTimeoutException > ConnectException: HTTP connect timed out,
www.riss-sitdr.ec.gc.ca,403,
www.rncan.gc.ca,301,
www.rrevm-veerr.ss.ec.gc.ca,ConnectException > UnresolvedAddressException,
www.rrevm-veerr.ssqc.ec.gc.ca,ConnectException > UnresolvedAddressException,
www.rv5.scc-csc.gc.ca,HttpConnectTimeoutException > ConnectException: HTTP connect timed out,
www.s.ss.ec.gc.ca,ConnectException > UnresolvedAddressException,
www.s.ssqc.ec.gc.ca,ConnectException > UnresolvedAddressException,
www.scholarships-bourses.gc.ca,302,
www.scics.gc.ca,HttpConnectTimeoutException > ConnectException: HTTP connect timed out,
www.scp.osfi-bsif.gc.ca,HttpConnectTimeoutException > ConnectException: HTTP connect timed out,
www.scrs-csis.gc.ca,ConnectException > UnresolvedAddressException,
www.scrs.gc.ca,ConnectException > UnresolvedAddressException,
www.sdercr-rfrers.ss.ec.gc.ca,ConnectException > UnresolvedAddressException,
www.sdercr-rfrers.ssqc.ec.gc.ca,ConnectException > UnresolvedAddressException,
www.search-recherche.gc.ca,ConnectException > UnresolvedAddressException,
www.search.gc.ca,ConnectException > UnresolvedAddressException,
www.securitepublique.gc.ca,200,
www.services-test.aadnc-aandc.gc.ca,ConnectException > UnresolvedAddressException,
www.services.inspection.gc.ca,HttpConnectTimeoutException > ConnectException: HTTP connect timed out,
www.services.rcmp-grc.gc.ca,200,
www.services.ss.ec.gc.ca,ConnectException > UnresolvedAddressException,
www.services.ssqc.ec.gc.ca,ConnectException > UnresolvedAddressException,
www.sfts-stfs.nrc-cnrc.gc.ca,HttpConnectTimeoutException > ConnectException: HTTP connect timed out,
www.shga-ilms.efpc-csps.gc.ca,ConnectException > UnresolvedAddressException,
www.sidneyisland.pc.gc.ca,HttpConnectTimeoutException > ConnectException: HTTP connect timed out,
www.sie.forces.gc.ca,ConnectException > UnresolvedAddressException,
www.signetqamdm.international.gc.ca,ConnectException > UnresolvedAddressException,
www.siis.gc.ca,ConnectException > UnresolvedAddressException,
www.sitewebclientspari.cnrc.gc.ca,ConnectException > UnresolvedAddressException,
www.sl.deleguescommerciaux.gc.ca,ConnectException > UnresolvedAddressException,
www.sl.tradecommissioner.gc.ca,ConnectException > UnresolvedAddressException,
www.spte.electronicservices-serviceselectroniques.gc.ca,ConnectException > UnresolvedAddressException,
www.spte2.accesskey-cledacces.gc.ca,HttpConnectTimeoutException > ConnectException: HTTP connect timed out,
www.spte2.accesskey.gc.ca,ConnectException > UnresolvedAddressException,
www.spte2.cledacces-accesskey.gc.ca,ConnectException > UnresolvedAddressException,
www.spte2.cledacces.gc.ca,ConnectException > UnresolvedAddressException,
www.spte3.accesskey-cledacces.gc.ca,ConnectException > UnresolvedAddressException,
www.spte3.accesskey.gc.ca,ConnectException > UnresolvedAddressException,
www.spte3.cledacces-accesskey.gc.ca,ConnectException > UnresolvedAddressException,
www.spte3.cledacces.gc.ca,ConnectException > UnresolvedAddressException,
www.sra-adp.oic-ci.gc.ca,HttpConnectTimeoutException > ConnectException: HTTP connect timed out,
www.sra.cadets.forces.gc.ca,ConnectException > UnresolvedAddressException,
www.srbpc-pcbrs.ec.gc.ca,ConnectException > UnresolvedAddressException,
www.sso-iu.inspection.gc.ca,HttpConnectTimeoutException > ConnectException: HTTP connect timed out,
www.stage-recruiting-recrutement.forces.gc.ca,SSLHandshakeException > SocketException: Connection reset,
www.statcan.gc.ca,200,
www.stg.accesskey-cledacces.gc.ca,ConnectException > UnresolvedAddressException,
www.stg.accesskey.gc.ca,ConnectException > UnresolvedAddressException,
www.stg.cledacces-accesskey.gc.ca,HttpConnectTimeoutException > ConnectException: HTTP connect timed out,
www.stg.cledacces.gc.ca,ConnectException > UnresolvedAddressException,
www.stg.electronicservices-serviceselectroniques.gc.ca,ConnectException > UnresolvedAddressException,
www.systemeinformationemployeurs-employersinformationsystem.forces.gc.ca,HttpConnectTimeoutException > ConnectException: HTTP connect timed out,
www.t1.voyage3.gc.ca,HttpConnectTimeoutException > ConnectException: HTTP connect timed out,
www.t2-net.ccra-adrc.gc.ca,ConnectException > UnresolvedAddressException,
www.t2.voyage3.gc.ca,ConnectException > UnresolvedAddressException,
www.tbs-sct.gc.ca,301,
www.tc.gc.ca,302,
www.te.clegc-gckey.gc.ca,404,
www.te.clegc.gc.ca,404,
www.te.gckey-clegc.gc.ca,HttpConnectTimeoutException > ConnectException: HTTP connect timed out,
www.te.gckey.gc.ca,404,
www.telefilm.gc.ca,HttpConnectTimeoutException > ConnectException: HTTP connect timed out,
www.terminal.ct-tc.gc.ca,HttpConnectTimeoutException > ConnectException: HTTP connect timed out,
www.test.businessregistration-inscriptionentreprise.gc.ca,200,
www.themoneybelt.gc.ca,ConnectException > UnresolvedAddressException,
www.tradecommissioner.gc.ca,403,
www.transmettre-it.oec.gc.ca,HttpConnectTimeoutException > ConnectException: HTTP connect timed out,
www.transmettre-st.oec.gc.ca,HttpConnectTimeoutException > ConnectException: HTTP connect timed out,
www.transmettre.oec.gc.ca,HttpConnectTimeoutException > ConnectException: HTTP connect timed out,
www.transmit-it.csb.gc.ca,HttpConnectTimeoutException > ConnectException: HTTP connect timed out,
www.transmit-st.csb.gc.ca,HttpConnectTimeoutException > ConnectException: HTTP connect timed out,
www.transmit.csb.gc.ca,HttpConnectTimeoutException > ConnectException: HTTP connect timed out,
www.travel.gc.ca,301,
www.ttcp.drdc-rddc.gc.ca,HttpConnectTimeoutException > ConnectException: HTTP connect timed out,
www.update.csb.gc.ca,HttpConnectTimeoutException > ConnectException: HTTP connect timed out,
www.vac-acc.gc.ca,HttpConnectTimeoutException > ConnectException: HTTP connect timed out,
www.vdi.cfgb-cgfc.gc.ca,ConnectException > UnresolvedAddressException,
www.vdi.crcc-ccetp.gc.ca,ConnectException > UnresolvedAddressException,
www.veterans.gc.ca,HttpConnectTimeoutException > ConnectException: HTTP connect timed out,
www.video1.servicecanada.gc.ca,HttpConnectTimeoutException > ConnectException: HTTP connect timed out,
www.view.scc-csc.gc.ca,HttpConnectTimeoutException > ConnectException: HTTP connect timed out,
www.voyage.gc.ca,301,
www.voyage2.gc.ca,HttpConnectTimeoutException > ConnectException: HTTP connect timed out,
www.voyage3.gc.ca,ConnectException > UnresolvedAddressException,
www.vpn.scc-csc.gc.ca,ConnectException > UnresolvedAddressException,
www.wateroffice.ec.gc.ca,SSLHandshakeException > CertificateException: No subject alternative DNS name matching www.wateroffice.ec.gc.ca found.,
www.wcms.pub.rcmp-grc.gc.ca,ConnectException > UnresolvedAddressException,
www.wd-deo.gc.ca,200,
www.weather.gc.ca,200,
www.webdiffusion-webcasting.ircan.gc.ca,HttpConnectTimeoutException > ConnectException: HTTP connect timed out,
www.webmail.ccgs-ngcc.gc.ca,ConnectException > UnresolvedAddressException,
www.webmail.horizons.gc.ca,HttpConnectTimeoutException > ConnectException: HTTP connect timed out,
www.webmail.pmprb-cepmb.gc.ca,HttpConnectTimeoutException > ConnectException: HTTP connect timed out,
www.webmail.polarcom.gc.ca,ConnectException > UnresolvedAddressException,
www.wifi.nuclearsafety.gc.ca,ConnectException > UnresolvedAddressException,
www.www2.telefilm.gc.ca,ConnectException > UnresolvedAddressException,
www.www6.asc-csa.gc.ca,ConnectException > UnresolvedAddressException,
www.wxod-stage.cmc.ec.gc.ca,ConnectException > UnresolvedAddressException,
www.zeus.itsso.gc.ca,ConnectException > UnresolvedAddressException,
www03.cmhc-schl.gc.ca,HttpConnectTimeoutException > ConnectException: HTTP connect timed out,
www04.cmhc-schl.gc.ca,HttpConnectTimeoutException > ConnectException: HTTP connect timed out,
www1.acsta-catsa.gc.ca,ConnectException > UnresolvedAddressException,
www1.catsa-acsta.gc.ca,HttpConnectTimeoutException > ConnectException: HTTP connect timed out,
www1.services.rcmp-grc.gc.ca,200,
www102.statcan.gc.ca,ConnectException > UnresolvedAddressException,
www11.cfp-psc.gc.ca,SSLHandshakeException > ValidatorException > CertPathValidatorException > CertificateExpiredException: NotAfter: Fri Mar 13 05:00:00 CET 2026,
www11.psc-cfp.gc.ca,SSLHandshakeException > ValidatorException > CertPathValidatorException > CertificateExpiredException: NotAfter: Fri Mar 13 05:00:00 CET 2026,
www111.cmp-pgc.statcan.gc.ca,SSLHandshakeException > ValidatorException > SunCertPathBuilderException: unable to find valid certification path to requested target,
www111.statcan.gc.ca,HttpConnectTimeoutException > ConnectException: HTTP connect timed out,
www12.statcan.gc.ca,302,
www121.statcan.gc.ca,ConnectException > UnresolvedAddressException,
www12test.statcan.gc.ca,HttpConnectTimeoutException > ConnectException: HTTP connect timed out,
www13.hrsdc-rhdcc.gc.ca,ConnectException > UnresolvedAddressException,
www13.hrsdc.gc.ca,HttpConnectTimeoutException > ConnectException: HTTP connect timed out,
www13.rhdcc-hrsdc.gc.ca,HttpConnectTimeoutException > ConnectException: HTTP connect timed out,
www13.rhdcc.gc.ca,HttpConnectTimeoutException > ConnectException: HTTP connect timed out,
www133.statcan.gc.ca,ConnectException > UnresolvedAddressException,
www136.cmp-pgc.statcan.gc.ca,SSLHandshakeException > ValidatorException > SunCertPathBuilderException: unable to find valid certification path to requested target,
www137.cmp-pgc.statcan.gc.ca,HttpConnectTimeoutException > ConnectException: HTTP connect timed out,
www138.cmp-pgc.statcan.gc.ca,HttpConnectTimeoutException > ConnectException: HTTP connect timed out,
www139.statcan.gc.ca,HttpConnectTimeoutException > ConnectException: HTTP connect timed out,
www140.statcan.gc.ca,HttpConnectTimeoutException > ConnectException: HTTP connect timed out,
www144.statcan.gc.ca,HttpConnectTimeoutException > ConnectException: HTTP connect timed out,
www15.cmhc-schl.gc.ca,ConnectException > UnresolvedAddressException,
www15.fintrac-canafe.gc.ca,ConnectException > UnresolvedAddressException,
www18.statcan.gc.ca,HttpConnectTimeoutException > ConnectException: HTTP connect timed out,
www19.rhdcc-hrsdc.gc.ca,HttpConnectTimeoutException > ConnectException: HTTP connect timed out,
www2-wd-deo.fjgc-gccf.gc.ca,HttpConnectTimeoutException > ConnectException: HTTP connect timed out,
www2.agr.gc.ca,ConnectException > NoRouteToHostException: Host is unreachable,
www2.canada.gc.ca,HttpConnectTimeoutException > ConnectException: HTTP connect timed out,
www2.fintrac.gc.ca,HttpConnectTimeoutException > ConnectException: HTTP connect timed out,
www2.glf.dfo-mpo.gc.ca,HttpConnectTimeoutException > ConnectException: HTTP connect timed out,
www2.grainscanada.gc.ca,ConnectException > UnresolvedAddressException,
www2.mpmo-bggp.gc.ca,ConnectException > UnresolvedAddressException,
www2.nrcan-rncan.gc.ca,302,
www2.nrcan.gc.ca,HttpConnectTimeoutException > ConnectException: HTTP connect timed out,
www2.ocol-clo.gc.ca,ConnectException > UnresolvedAddressException,
www2.rncan-nrcan.gc.ca,HttpConnectTimeoutException > ConnectException: HTTP connect timed out,
www2.rncan.gc.ca,SSLHandshakeException > CertificateException: No subject alternative DNS name matching www2.rncan.gc.ca found.,
www2.services.rcmp-grc.gc.ca,200,
www2.statcan.gc.ca,HttpConnectTimeoutException > ConnectException: HTTP connect timed out,
www2.telefilm.gc.ca,HttpConnectTimeoutException > ConnectException: HTTP connect timed out,
www2.wd-deo.gc.ca,HttpConnectTimeoutException > ConnectException: HTTP connect timed out,
www20.fintrac-canafe.gc.ca,HttpConnectTimeoutException > ConnectException: HTTP connect timed out,
www21.fintrac-canafe.gc.ca,HttpConnectTimeoutException > ConnectException: HTTP connect timed out,
www22.fintrac-canafe.gc.ca,ConnectException > UnresolvedAddressException,
www28.rhdcc-hrsdc.gc.ca,ConnectException > UnresolvedAddressException,
www28.statcan.gc.ca,HttpConnectTimeoutException > ConnectException: HTTP connect timed out,
www2dev-wd-deo.fjgc-gccf.gc.ca,ConnectException > UnresolvedAddressException,
www2dev.wd-deo.gc.ca,ConnectException > UnresolvedAddressException,
www3.agr.gc.ca,301,
www3.asc-csa.gc.ca,HttpConnectTimeoutException > ConnectException: HTTP connect timed out,
www3.cmhc-schl.gc.ca,IOException > SocketException: Connection reset,
www3.ombudsman.forces.gc.ca,HttpConnectTimeoutException > ConnectException: HTTP connect timed out,
www3.services.rcmp-grc.gc.ca,HttpConnectTimeoutException > ConnectException: HTTP connect timed out,
www3.statcan.gc.ca,HttpConnectTimeoutException > ConnectException: HTTP connect timed out,
www30.fintrac-canafe.gc.ca,HttpConnectTimeoutException > ConnectException: HTTP connect timed out,
www31.statcan.gc.ca,ConnectException > UnresolvedAddressException,
www33.statcan.gc.ca,HttpConnectTimeoutException > ConnectException: HTTP connect timed out,
www4.asc-csa.gc.ca,403,
www4.cmhc-schl.gc.ca,IOException > SocketException: Connection reset,
www44.statcan.gc.ca,302,
www45.statcan.gc.ca,403,
www46.statcan.gc.ca,HttpConnectTimeoutException > ConnectException: HTTP connect timed out,
www47.statcan.gc.ca,ConnectException > UnresolvedAddressException,
www5.asc-csa.gc.ca,ConnectException > UnresolvedAddressException,
www5.cfp-psc.gc.ca,200,
www5.psc-cfp.gc.ca,HttpConnectTimeoutException > ConnectException: HTTP connect timed out,
www59.statcan.gc.ca,HttpConnectTimeoutException > ConnectException: HTTP connect timed out,
www6-psc-cfp.fjgc-gccf.gc.ca,200,
www6.asc-csa.gc.ca,HttpConnectTimeoutException > ConnectException: HTTP connect timed out,
www6.cfp-psc.gc.ca,HttpConnectTimeoutException > ConnectException: HTTP connect timed out,
www6.cmhc-schl.gc.ca,HttpConnectTimeoutException > ConnectException: HTTP connect timed out,
www6.fintrac-canafe.gc.ca,ConnectException > UnresolvedAddressException,
www6.hc-sc.gc.ca,HttpConnectTimeoutException > ConnectException: HTTP connect timed out,
www6.psc-cfp.gc.ca,200,
www60.statcan.gc.ca,HttpConnectTimeoutException > ConnectException: HTTP connect timed out,
www63.statcan.gc.ca,ConnectException > UnresolvedAddressException,
www65.statcan.gc.ca,200,
www66.statcan.gc.ca,302,
www67.statcan.gc.ca,HttpConnectTimeoutException > ConnectException: HTTP connect timed out,
www68.statcan.gc.ca,500,
www69.statcan.gc.ca,HttpConnectTimeoutException > ConnectException: HTTP connect timed out,
www70.statcan.gc.ca,500,
www73.statcan.gc.ca,ConnectException > UnresolvedAddressException,
www75.statcan.gc.ca,ConnectException > UnresolvedAddressException,
www8.hrsdc.gc.ca,302,
www8.rhdcc.gc.ca,302,
www80.statcan.gc.ca,HttpConnectTimeoutException > ConnectException: HTTP connect timed out,
www9.fintrac-canafe.gc.ca,ConnectException > UnresolvedAddressException,
www90.statcan.gc.ca,401,
www96.statcan.gc.ca,HttpConnectTimeoutException > ConnectException: HTTP connect timed out,
www97.statcan.gc.ca,HttpConnectTimeoutException > ConnectException: HTTP connect timed out,
wwwapps.tc.gc.ca,200,
wwwapps2.tc.gc.ca,HttpConnectTimeoutException > ConnectException: HTTP connect timed out,
wwwdev.cmhc-schl.gc.ca,ConnectException > UnresolvedAddressException,
wxod-stage-e.cmc.ec.gc.ca,ConnectException > UnresolvedAddressException,
wxod-stage-f.cmc.ec.gc.ca,HttpConnectTimeoutException > ConnectException: HTTP connect timed out,
wxod-stage.cmc.ec.gc.ca,ConnectException > UnresolvedAddressException,
xpwap05.telefilm.gc.ca,ConnectException > UnresolvedAddressException,
y41asa01.lac-bac.gc.ca,ConnectException > UnresolvedAddressException,
yesidcs.gc.ca,301,
youth.edsc.gc.ca,ConnectException > UnresolvedAddressException,
youth.esdc.gc.ca,404,
yt-chercheur.guichetemplois.gc.ca,HttpConnectTimeoutException > ConnectException: HTTP connect timed out,
yt-employer.jobbank.gc.ca,302,
yt-employeur.guichetemplois.gc.ca,302,
yt-seeker.jobbank.gc.ca,301,
zen.crc.gc.ca,ConnectException > UnresolvedAddressException,
zeus.itsso.gc.ca,HttpConnectTimeoutException > ConnectException: HTTP connect timed out,
