subdomain,http_status,mx
accesspoint.vpcp.gov.vn,Could not resolve host: accesspoint.vpcp.gov.vn,none
adminfia.mpi.gov.vn,Connection timed out after 3000 milliseconds,none
alert.isconline.gov.vn,Could not resolve host: alert.isconline.gov.vn,none
ami.gov.vn,503,0 ami.gov.vn.
antoanthucphamlamdong.gov.vn,Recv failure: Connexion ré-initialisée par le correspondant,10 ssl.emailserver.vn.
antv.gov.vn,Connection timed out after 3002 milliseconds,1 smtp.google.com.
api.cam.longbien.gov.vn,Connection timed out after 3001 milliseconds,none
as.ocs.mof.gov.vn,Could not resolve host: as.ocs.mof.gov.vn,none
atgt.dongthap.gov.vn,200,none
atlas.dongnai.gov.vn,200,none
auth.mot.gov.vn,Could not resolve host: auth.mot.gov.vn,none
authen.dvc.luutru.gov.vn,Could not resolve host: authen.dvc.luutru.gov.vn,dig error
authendvc.luutru.gov.vn,Connection timed out after 3002 milliseconds,none
autodiscover.antv.gov.vn,Could not resolve host: autodiscover.antv.gov.vn,none
autodiscover.bhxhbugiamap.gov.vn,Could not resolve host: autodiscover.bhxhbugiamap.gov.vn,none
autodiscover.binhduong.gov.vn,Could not resolve host: autodiscover.binhduong.gov.vn,none
autodiscover.binhphuoc.gov.vn,SSL certificate problem: certificate has expired,none
autodiscover.caa.gov.vn,Could not resolve host: autodiscover.caa.gov.vn,none
autodiscover.cema.gov.vn,SSL: no alternative certificate subject name matches target hostname 'autodiscover.cema.gov.vn',none
autodiscover.customs.gov.vn,Could not resolve host: autodiscover.customs.gov.vn,none
autodiscover.dautunuocngoai.gov.vn,Could not resolve host: autodiscover.dautunuocngoai.gov.vn,none
autodiscover.dongnai.gov.vn,302,none
autodiscover.gdsr.gov.vn,302,none
autodiscover.gdt.gov.vn,302,none
autodiscover.gialai.gov.vn,Could not resolve host: autodiscover.gialai.gov.vn,none
autodiscover.gso.gov.vn,Connection timed out after 3001 milliseconds,none
autodiscover.haiphong.gov.vn,302,none
autodiscover.keypay.gov.vn,Could not resolve host: autodiscover.keypay.gov.vn,none
autodiscover.lanhsuvietnam.gov.vn,Could not resolve host: autodiscover.lanhsuvietnam.gov.vn,none
autodiscover.longphuoc.gov.vn,Could not resolve host: autodiscover.longphuoc.gov.vn,none
autodiscover.mangkinhdoanh.gov.vn,Could not resolve host: autodiscover.mangkinhdoanh.gov.vn,none
autodiscover.mard.gov.vn,Could not resolve host: autodiscover.mard.gov.vn,none
autodiscover.mic.gov.vn,SSL certificate problem: unable to get local issuer certificate,none
autodiscover.moet.gov.vn,Could not resolve host: autodiscover.moet.gov.vn,none
autodiscover.mof.gov.vn,SSL certificate problem: unable to get local issuer certificate,none
autodiscover.mofa.gov.vn,Could not resolve host: autodiscover.mofa.gov.vn,none
autodiscover.moha.gov.vn,Connection timed out after 3000 milliseconds,none
autodiscover.moit.gov.vn,302,none
autodiscover.moj.gov.vn,Could not resolve host: autodiscover.moj.gov.vn,none
autodiscover.molisa.gov.vn,SSL certificate problem: certificate has expired,none
autodiscover.monre.gov.vn,Connection timed out after 3000 milliseconds,none
autodiscover.most.gov.vn,Connection timed out after 3001 milliseconds,none
autodiscover.mot.gov.vn,Could not resolve host: autodiscover.mot.gov.vn,none
autodiscover.mpi.gov.vn,Connection timed out after 3002 milliseconds,none
autodiscover.mt.gov.vn,Could not resolve host: autodiscover.mt.gov.vn,none
autodiscover.nghean.gov.vn,Could not resolve host: autodiscover.nghean.gov.vn,none
autodiscover.ngoquyen.gov.vn,Could not resolve host: autodiscover.ngoquyen.gov.vn,none
autodiscover.quangninh.gov.vn,TLS connect error: error:0A00018A:SSL routines::dh key too small,none
autodiscover.sbv.gov.vn,Connection timed out after 3002 milliseconds,none
autodiscover.thanhhoa.gov.vn,301,none
autodiscover.thudo.gov.vn,Could not resolve host: autodiscover.thudo.gov.vn,none
autodiscover.toaan.gov.vn,302,none
autodiscover.tongcucthuysan.gov.vn,Connection timed out after 3001 milliseconds,none
autodiscover.tphcm.gov.vn,302,none
autodiscover.ttptntthanhhoa.gov.vn,Could not resolve host: autodiscover.ttptntthanhhoa.gov.vn,none
autodiscover.vass.gov.vn,Could not resolve host: autodiscover.vass.gov.vn,none
autodiscover.vast.gov.vn,Could not resolve host: autodiscover.vast.gov.vn,none
autodiscover.vea.gov.vn,Could not resolve host: autodiscover.vea.gov.vn,none
autodiscover.vnsw.gov.vn,Could not resolve host: autodiscover.vnsw.gov.vn,none
autodiscover.vnta.gov.vn,302,none
autodiscover.vov.gov.vn,Recv failure: Connexion ré-initialisée par le correspondant,none
autodiscover.vttc.gov.vn,Could not resolve host: autodiscover.vttc.gov.vn,none
autodiscover.xuatnhapcanh.gov.vn,Could not resolve host: autodiscover.xuatnhapcanh.gov.vn,none
bacgiang-iza.gov.vn,Could not resolve host: bacgiang-iza.gov.vn,none
bacgiang.gov.vn,Connection timed out after 3000 milliseconds,1 mail.bacgiang.gov.vn.
bacgiangdpi.gov.vn,Could not resolve host: bacgiangdpi.gov.vn,none
bachmai.gov.vn,200,10 mail.bachmai.gov.vn.
banodaphuly.gov.vn,Could not resolve host: banodaphuly.gov.vn,none
banvstbpnhatinh.gov.vn,Could not resolve host: banvstbpnhatinh.gov.vn,none
bcth.monre.gov.vn,Connection timed out after 3001 milliseconds,none
bctk.sbv.gov.vn,Could not resolve host: bctk.sbv.gov.vn,none
bdt.bacgiang.gov.vn,Could not resolve host: bdt.bacgiang.gov.vn,none
benhviendakrlap.daknong.gov.vn,Could not resolve host: benhviendakrlap.daknong.gov.vn,none
benhvientinh.caobang.gov.vn,Could not resolve host: benhvientinh.caobang.gov.vn,none
benluc.longan.gov.vn,Could not resolve host: benluc.longan.gov.vn,none
beta.congankontum.gov.vn,Could not resolve host: beta.congankontum.gov.vn,none
bg.gov.vn,Could not resolve host: bg.gov.vn,none
bhxhangiang.gov.vn,Could not resolve host: bhxhangiang.gov.vn,none
bhxhbinhdinh.gov.vn,Could not resolve host: bhxhbinhdinh.gov.vn,none
bhxhbrvt.gov.vn,Could not resolve host: bhxhbrvt.gov.vn,none
bhxhbugiamap.gov.vn,Could not resolve host: bhxhbugiamap.gov.vn,none
bhxhdaklak.gov.vn,Connection timed out after 3001 milliseconds,none
bhxhhoabinh.gov.vn,Could not resolve host: bhxhhoabinh.gov.vn,none
bhxhninhbinh.gov.vn,Could not resolve host: bhxhninhbinh.gov.vn,none
bhxhthanhhoa.gov.vn,Could not resolve host: bhxhthanhhoa.gov.vn,none
bhxhtravinh.gov.vn,Could not resolve host: bhxhtravinh.gov.vn,none
bhxhvinhphuc.gov.vn,Could not resolve host: bhxhvinhphuc.gov.vn,none
binhduong.gov.vn,Could not resolve host: binhduong.gov.vn,none
bocaodientu.dkkd.gov.vn,SSL certificate problem: unable to get local issuer certificate,none
book.haiquandongthap.gov.vn,Could not resolve host: book.haiquandongthap.gov.vn,none
bqldannptntbinhduong.gov.vn,Could not resolve host: bqldannptntbinhduong.gov.vn,none
bqlkkt.longan.gov.vn,Connection timed out after 3001 milliseconds,none
bqlkkt.phuyen.gov.vn,Could not resolve host: bqlkkt.phuyen.gov.vn,none
bqlrphbinhduong.gov.vn,Could not resolve host: bqlrphbinhduong.gov.vn,none
bttc.gov.vn,Could not resolve host: bttc.gov.vn,none
bvquandanyvinhlong.vinhlong.gov.vn,Resolving timed out after 3001 milliseconds,none
bvtvhcm.gov.vn,Could not resolve host: bvtvhcm.gov.vn,none
c13ts.bhxhangiang.gov.vn,Could not resolve host: c13ts.bhxhangiang.gov.vn,none
caa.gov.vn,200,none
camau.gov.vn,Connection timed out after 3001 milliseconds,10 mail.camau.gov.vn.
camnang.hongphong.gov.vn,Could not resolve host: camnang.hongphong.gov.vn,none
camxuyen.hatinh.gov.vn,200,none
canduoc.longan.gov.vn,Could not resolve host: canduoc.longan.gov.vn,none
cangiuoc.longan.gov.vn,Could not resolve host: cangiuoc.longan.gov.vn,none
canhan.gdt.gov.vn,Connection timed out after 3001 milliseconds,none
caobang.gov.vn,Connection timed out after 3001 milliseconds,10 secureidcmb.vnptdata.vn.
cas.baria-vungtau.gov.vn,200,none
cas.binhdinh.gov.vn,200,15 mail.cas.binhdinh.gov.vn.; 5 mx01.cas.binhdinh.gov.vn.; 10 mx01.cas.binhdinh.gov.vn.
cas.binhthuan.gov.vn,503,none
cas.daklak.gov.vn,200,none
cas.quangnam.gov.vn,Could not resolve host: cas.quangnam.gov.vn,none
cas.travinh.gov.vn,Could not resolve host: cas.travinh.gov.vn,none
catlaiq2.gov.vn,Could not resolve host: catlaiq2.gov.vn,none
catphatinh.gov.vn,SSL certificate problem: certificate has expired,none
ccis.cpt.gov.vn,Could not resolve host: ccis.cpt.gov.vn,none
ccklbacgiang.gov.vn,Could not resolve host: ccklbacgiang.gov.vn,none
ccklbinhduong.gov.vn,Could not resolve host: ccklbinhduong.gov.vn,none
cctlbinhduong.gov.vn,Could not resolve host: cctlbinhduong.gov.vn,none
cctshcm.gov.vn,405,none
ccttbvtvbinhduong.gov.vn,Could not resolve host: ccttbvtvbinhduong.gov.vn,none
cctybinhduong.gov.vn,Could not resolve host: cctybinhduong.gov.vn,none
cdn.khuetrung.gov.vn,Could not resolve host: cdn.khuetrung.gov.vn,none
cema.gov.vn,Connection timed out after 3002 milliseconds,none
cemhcm.gov.vn,Could not resolve host: cemhcm.gov.vn,none
cert.isconline.gov.vn,Could not resolve host: cert.isconline.gov.vn,none
cetac.gov.vn,Could not resolve host: cetac.gov.vn,none
cewaco.gov.vn,Could not resolve host: cewaco.gov.vn,none
chat.qh.gov.vn,Could not resolve host: chat.qh.gov.vn,none
chatthairan.stnmt.dongnai.gov.vn,302,none
chauthanh.longan.gov.vn,Could not resolve host: chauthanh.longan.gov.vn,none
chegtech.phuongquoctugiam.gov.vn,Could not resolve host: chegtech.phuongquoctugiam.gov.vn,none
chicucthuetpvinh.gov.vn,Connection timed out after 3002 milliseconds,none
chicucthuyloiyenbai.gov.vn,200,none
chidoanstttt.ictc-binhphuoc.gov.vn,Could not resolve host: chidoanstttt.ictc-binhphuoc.gov.vn,none
chisocchc.dongthap.gov.vn,Operation timed out after 3000 milliseconds with 0 bytes received,none
chukyso.ict-backan.gov.vn,Could not resolve host: chukyso.ict-backan.gov.vn,none
circuit-vietnam.vttc.gov.vn,Could not resolve host: circuit-vietnam.vttc.gov.vn,none
cird.gov.vn,Could not resolve host: cird.gov.vn,none
cird.quanhelaodong.gov.vn,Could not resolve host: cird.quanhelaodong.gov.vn,none
cms.cantho.gov.vn,Resolving timed out after 3001 milliseconds,none
congan.ninhbinh.gov.vn,200,none
congankontum.gov.vn,Could not resolve host: congankontum.gov.vn,none
conganlongan.gov.vn,Could not resolve host: conganlongan.gov.vn,none
conganmytu.gov.vn,Could not resolve host: conganmytu.gov.vn,none
conganquangbinh.gov.vn,Could not resolve host: conganquangbinh.gov.vn,none
conganquangninh.gov.vn,Connection timed out after 3001 milliseconds,none
conganthachha.hatinh.gov.vn,Could not resolve host: conganthachha.hatinh.gov.vn,none
conganxakimno.gov.vn,Could not resolve host: conganxakimno.gov.vn,none
congbobanan.toaan.gov.vn,TLS connect error: error:0A000126:SSL routines::unexpected eof while reading,none
congchung.gov.vn,200,5 ALT1.ASPMX.L.GOOGLE.COM.; 15 hmb2nb5egjpsonxa2wjqiku2mznr6n2qaivccfrzlaqoafkrb3ra.mx-verification.GOOGLE.COM.; 5 ALT2.ASPMX.L.GOOGLE.COM.; 10 ALT3.ASPMX.L.GOOGLE.COM.; 10 ALT4.ASPMX.L.GOOGLE.COM.; 1 ASPMX.L.GOOGLE.COM.
congthongtin.dkkd.gov.vn,Could not resolve host: congthongtin.dkkd.gov.vn,none
congthongtin.vkstuyenquang.gov.vn,Could not resolve host: congthongtin.vkstuyenquang.gov.vn,none
congthuongbackan.gov.vn,Could not resolve host: congthuongbackan.gov.vn,none
congvan.drvn.gov.vn,Connection timed out after 3001 milliseconds,none
connect.csid.gov.vn,SSL certificate problem: unable to get local issuer certificate,none
cosocainghien.soldtbxh.baria-vungtau.gov.vn,Could not resolve host: cosocainghien.soldtbxh.baria-vungtau.gov.vn,none
cpanel.antoanthucphamlamdong.gov.vn,Could not resolve host: cpanel.antoanthucphamlamdong.gov.vn,none
cpanel.bacgiang-iza.gov.vn,Could not resolve host: cpanel.bacgiang-iza.gov.vn,none
cpanel.bg.gov.vn,Could not resolve host: cpanel.bg.gov.vn,none
cpanel.bhxhangiang.gov.vn,Could not resolve host: cpanel.bhxhangiang.gov.vn,none
cpanel.bhxhbinhdinh.gov.vn,Could not resolve host: cpanel.bhxhbinhdinh.gov.vn,none
cpanel.bhxhbugiamap.gov.vn,Could not resolve host: cpanel.bhxhbugiamap.gov.vn,none
cpanel.danangtourism.gov.vn,Could not resolve host: cpanel.danangtourism.gov.vn,none
cpanel.danangwtocenter.gov.vn,Could not resolve host: cpanel.danangwtocenter.gov.vn,none
cpanel.dofabrvt.gov.vn,Could not resolve host: cpanel.dofabrvt.gov.vn,none
cpanel.dongphu.gov.vn,Could not resolve host: cpanel.dongphu.gov.vn,none
cpanel.foodsafety.gov.vn,Could not resolve host: cpanel.foodsafety.gov.vn,dig error
cpanel.haiquancamau.gov.vn,Could not resolve host: cpanel.haiquancamau.gov.vn,none
cpanel.hdndbudang.gov.vn,Could not resolve host: cpanel.hdndbudang.gov.vn,none
cpanel.ictc-binhphuoc.gov.vn,Could not resolve host: cpanel.ictc-binhphuoc.gov.vn,none
cpanel.ictninhbinh.gov.vn,Could not resolve host: cpanel.ictninhbinh.gov.vn,none
cpanel.locan.gov.vn,Could not resolve host: cpanel.locan.gov.vn,none
cpanel.longphuoc.gov.vn,Could not resolve host: cpanel.longphuoc.gov.vn,none
cpanel.pctnxhbrvt.gov.vn,Could not resolve host: cpanel.pctnxhbrvt.gov.vn,none
cpanel.quanhelaodong.gov.vn,Could not resolve host: cpanel.quanhelaodong.gov.vn,none
cpanel.smedec.gov.vn,Could not resolve host: cpanel.smedec.gov.vn,none
cpanel.tccbbyt.gov.vn,Could not resolve host: cpanel.tccbbyt.gov.vn,none
cpanel.thuvientphcm.gov.vn,Could not resolve host: cpanel.thuvientphcm.gov.vn,none
cpanel.ttptntthanhhoa.gov.vn,Could not resolve host: cpanel.ttptntthanhhoa.gov.vn,none
cpanel.ubndp14q3.gov.vn,Could not resolve host: cpanel.ubndp14q3.gov.vn,none
cpanel.vienkiemsathungyen.gov.vn,Could not resolve host: cpanel.vienkiemsathungyen.gov.vn,none
cpanel.vienkiemsatyenbai.gov.vn,Could not resolve host: cpanel.vienkiemsatyenbai.gov.vn,none
cpanel.vinhdien.gov.vn,Could not resolve host: cpanel.vinhdien.gov.vn,none
cpanel.vksbinhphuoc.gov.vn,Could not resolve host: cpanel.vksbinhphuoc.gov.vn,none
cpanel.vttc.gov.vn,Could not resolve host: cpanel.vttc.gov.vn,none
cpt.gov.vn,Could not resolve host: cpt.gov.vn,none
cqdt.mongcai.gov.vn,Could not resolve host: cqdt.mongcai.gov.vn,none
csdl.tayninh.gov.vn,Could not resolve host: csdl.tayninh.gov.vn,none
csdlmoitruong.ceid.gov.vn,Could not resolve host: csdlmoitruong.ceid.gov.vn,none
csed.gov.vn,SSL certificate problem: unable to get local issuer certificate,10 mx9066.maychuemail.net.; 5 mail9066.maychuemail.com.
csid.gov.vn,Could not resolve host: csid.gov.vn,10 mail.csid.gov.vn.
cti.gov.vn,Could not resolve host: cti.gov.vn,none
customs.gov.vn,301,15 mail2.customs.gov.vn.; 15 mail1.customs.gov.vn.; 5 mail.customs.gov.vn.
dafo.danang.gov.vn,Could not resolve host: dafo.danang.gov.vn,none
daiptththachha.hatinh.gov.vn,Could not resolve host: daiptththachha.hatinh.gov.vn,none
daitruyenthanhcujut.daknong.gov.vn,SSL certificate problem: self-signed certificate,none
daittthcamxuyen.hatinh.gov.vn,Could not resolve host: daittthcamxuyen.hatinh.gov.vn,none
daklak.gov.vn,Connection timed out after 3002 milliseconds,none
daln.gov.vn,200,none
danang.gov.vn,Operation timed out after 3002 milliseconds with 0 bytes received,5 mx01.danang.gov.vn.
danangtourism.gov.vn,302,10 mail.danangtourism.gov.vn.
danangwtocenter.gov.vn,Could not resolve host: danangwtocenter.gov.vn,none
dangky.vista.gov.vn,SSL certificate problem: unable to get local issuer certificate,none
dangkykinhdoanh.gov.vn,Could not resolve host: dangkykinhdoanh.gov.vn,none
dangkyquamang.dkkd.gov.vn,SSL certificate problem: unable to get local issuer certificate,none
dangnhap.bacninh.gov.vn,Connection timed out after 3000 milliseconds,none
dangnhap.danang.gov.vn,404,none
dangnhap.dichvucong.mt.gov.vn,Could not resolve host: dangnhap.dichvucong.mt.gov.vn,none
dangnhap.dvctt.camau.gov.vn,Could not resolve host: dangnhap.dvctt.camau.gov.vn,none
dangnhap.hanoi.gov.vn,Resolving timed out after 3000 milliseconds,none
dangnhap.mt.gov.vn,SSL certificate problem: certificate has expired,none
dangnhap.ngoquyen.gov.vn,Could not resolve host: dangnhap.ngoquyen.gov.vn,none
daotao.isconline.gov.vn,Could not resolve host: daotao.isconline.gov.vn,none
data.moet.gov.vn,Could not resolve host: data.moet.gov.vn,none
datdai.stnmt.dongnai.gov.vn,Could not resolve host: datdai.stnmt.dongnai.gov.vn,none
daugia.hatinh.gov.vn,200,none
dautucong.mpi.gov.vn,Could not resolve host: dautucong.mpi.gov.vn,none
dautunuocngoai.gov.vn,Could not resolve host: dautunuocngoai.gov.vn,none
dawapi.gov.vn,Failed to connect to dawapi.gov.vn port 443 after 1979 ms: Could not connect to server,5 ALT2.ASPMX.L.GOOGLE.COM.; 1 ASPMX.L.GOOGLE.COM.; 5 ALT1.ASPMX.L.GOOGLE.COM.; 10 ALT3.ASPMX.L.GOOGLE.COM.; 10 ALT4.ASPMX.L.GOOGLE.COM.
dbnd.hagiang.gov.vn,SSL certificate problem: certificate has expired,none
dbnd.longan.gov.vn,Connection timed out after 3001 milliseconds,none
dbonline.cesti.gov.vn,Connection timed out after 3001 milliseconds,none
dccq.bacgiang.gov.vn,Could not resolve host: dccq.bacgiang.gov.vn,none
demo.khuyencongbinhphuoc.gov.vn,Could not resolve host: demo.khuyencongbinhphuoc.gov.vn,none
dev.csid.gov.vn,SSL certificate problem: unable to get local issuer certificate,none
dhtnapi.ais.gov.vn,Could not resolve host: dhtnapi.ais.gov.vn,none
dhtnauthen.ais.gov.vn,Could not resolve host: dhtnauthen.ais.gov.vn,none
dichvucong.longan.gov.vn,SSL certificate problem: self-signed certificate,none
dichvucong.moj.gov.vn,302,none
dichvucong.mt.gov.vn,Could not resolve host: dichvucong.mt.gov.vn,none
dichvucong.nghean.gov.vn,302,none
dichvucong.stnmt.dongnai.gov.vn,405,none
dichvuhoadon.gdt.gov.vn,Could not resolve host: dichvuhoadon.gdt.gov.vn,none
dichvuthongtin.dkkd.gov.vn,SSL certificate problem: unable to get local issuer certificate,none
dienbien.gov.vn,Connection timed out after 3001 milliseconds,10 secureidcmb.vnptdata.vn.
dinhgiacongnghe.gov.vn,Could not resolve host: dinhgiacongnghe.gov.vn,none
dkkd.gov.vn,Could not resolve host: dkkd.gov.vn,none
dknsd.customs.gov.vn,302,none
dmptc.gov.vn,200,none
dms.luutru.gov.vn,200,none
doankhoicaccoquancaobang.gov.vn,Could not resolve host: doankhoicaccoquancaobang.gov.vn,none
dodacbando.gov.vn,200,65535 123.30.185.46.
dofabrvt.gov.vn,Could not resolve host: dofabrvt.gov.vn,none
dohquangtri.gov.vn,SSL certificate problem: certificate has expired,none
doithoaidn.hochiminhcity.gov.vn,Connection timed out after 3002 milliseconds,none
dongnai.gov.vn,200,10 smtp.dongnai.gov.vn.
dongphu.gov.vn,Could not resolve host: dongphu.gov.vn,none
dongthap.gov.vn,Connection timed out after 3001 milliseconds,none
dost-dongnai.gov.vn,Connection timed out after 3001 milliseconds,none
download.ocs.mof.gov.vn,Could not resolve host: download.ocs.mof.gov.vn,none
dpi-bentre.gov.vn,Could not resolve host: dpi-bentre.gov.vn,none
dpi.ninhbinh.gov.vn,SSL: no alternative certificate subject name matches target hostname 'dpi.ninhbinh.gov.vn',none
dpibinhthuan.gov.vn,Could not resolve host: dpibinhthuan.gov.vn,none
drive.cpt.gov.vn,Could not resolve host: drive.cpt.gov.vn,none
dskhhgdhanoi.gov.vn,Connection timed out after 3001 milliseconds,none
dt.gov.vn,Connection timed out after 3002 milliseconds,none
duchoa.longan.gov.vn,Could not resolve host: duchoa.longan.gov.vn,none
duchue.longan.gov.vn,Could not resolve host: duchue.longan.gov.vn,none
duhoclienvietthanh.vttc.gov.vn,Could not resolve host: duhoclienvietthanh.vttc.gov.vn,none
dulich.mongcai.gov.vn,SSL certificate problem: unable to get local issuer certificate,none
dulich.sadec.dongthap.gov.vn,Connection timed out after 3002 milliseconds,none
dulich.tuangiao.gov.vn,Could not resolve host: dulich.tuangiao.gov.vn,none
dulichbien.hongphong.gov.vn,Could not resolve host: dulichbien.hongphong.gov.vn,none
dulichhe.hongphong.gov.vn,Could not resolve host: dulichhe.hongphong.gov.vn,none
dulichnuocngoai.hongphong.gov.vn,Could not resolve host: dulichnuocngoai.hongphong.gov.vn,none
dulichtet.hongphong.gov.vn,Could not resolve host: dulichtet.hongphong.gov.vn,none
dulichtrongnuoc.hongphong.gov.vn,Could not resolve host: dulichtrongnuoc.hongphong.gov.vn,none
dulichvinhphuc.gov.vn,Could not resolve host: dulichvinhphuc.gov.vn,none
dvc.luutru.gov.vn,Could not resolve host: dvc.luutru.gov.vn,none
dvc.monre.gov.vn,401,none
dvctt.monre.gov.vn,Connection timed out after 3002 milliseconds,none
e-ict.gov.vn,SSL certificate problem: self-signed certificate,none
e-pas.qh.gov.vn,SSL certificate problem: certificate has expired,none
e-pas01.qh.gov.vn,SSL certificate problem: certificate has expired,none
e-pas02.qh.gov.vn,SSL certificate problem: certificate has expired,none
e-pas03.qh.gov.vn,SSL certificate problem: certificate has expired,none
eac.gov.vn,Could not resolve host: eac.gov.vn,none
ecas1.thanhhoa.gov.vn,Could not resolve host: ecas1.thanhhoa.gov.vn,none
ecc-hcm.gov.vn,Could not resolve host: ecc-hcm.gov.vn,none
eccbacgiang.gov.vn,Could not resolve host: eccbacgiang.gov.vn,none
eccbacninh.gov.vn,Could not resolve host: eccbacninh.gov.vn,none
ecccantho.gov.vn,Could not resolve host: ecccantho.gov.vn,none
egov.monre.gov.vn,Connection timed out after 3001 milliseconds,none
emoh.moh.gov.vn,200,none
en.bg.gov.vn,Could not resolve host: en.bg.gov.vn,none
eng.binhduong.gov.vn,Could not resolve host: eng.binhduong.gov.vn,none
english.luutru.gov.vn,Could not resolve host: english.luutru.gov.vn,none
esb.gdt.gov.vn,Connection timed out after 3002 milliseconds,none
esb.haiphong.gov.vn,Failed to connect to esb.haiphong.gov.vn port 443 after 1566 ms: Could not connect to server,none
esi.gov.vn,Could not resolve host: esi.gov.vn,none
evisa.immigration.gov.vn,200,none
ex-srv.haiphong.gov.vn,Connection timed out after 3002 milliseconds,none
eza-binhphuoc.gov.vn,Could not resolve host: eza-binhphuoc.gov.vn,none
facebook.isconline.gov.vn,Could not resolve host: facebook.isconline.gov.vn,none
fdi.dkkd.gov.vn,Could not resolve host: fdi.dkkd.gov.vn,none
files.dongthap.gov.vn,Could not resolve host: files.dongthap.gov.vn,none
financepublishinghouse.gov.vn,Could not resolve host: financepublishinghouse.gov.vn,none
fiss-terminal01.ntsc.gov.vn,Could not resolve host: fiss-terminal01.ntsc.gov.vn,none
foodsafety.gov.vn,Could not resolve host: foodsafety.gov.vn,none
fph.gov.vn,200,none
gdsr.gov.vn,Recv failure: Connexion ré-initialisée par le correspondant,none
gdt.gov.vn,Could not resolve host: gdt.gov.vn,none
gef.monre.gov.vn,SSL certificate problem: certificate has expired,none
geophysics.gov.vn,301,10 mail.geophysics.gov.vn.
gialai.gov.vn,SSL certificate problem: unable to get local issuer certificate,none
gialaikontumcustoms.gov.vn,Could not resolve host: gialaikontumcustoms.gov.vn,none
gis.thuathienhue.gov.vn,Could not resolve host: gis.thuathienhue.gov.vn,none
gisc.gov.vn,Could not resolve host: gisc.gov.vn,none
gisdulich.binhthuan.gov.vn,Connection timed out after 3001 milliseconds,none
gisportal.thuathienhue.gov.vn,Could not resolve host: gisportal.thuathienhue.gov.vn,none
go.thieungoc.gov.vn,Could not resolve host: go.thieungoc.gov.vn,none
goldenhotelvip.vatlydiachat.gov.vn,SSL certificate problem: self-signed certificate,10 mail.vatlydiachat.gov.vn.
gov.vn,ConnectException,none
gso.gov.vn,Could not resolve host: gso.gov.vn,none
haibac.gov.vn,Could not resolve host: haibac.gov.vn,none
hailong.gov.vn,Could not resolve host: hailong.gov.vn,none
haiphong.gov.vn,Connection timed out after 3002 milliseconds,none
haiphongdpi.gov.vn,Could not resolve host: haiphongdpi.gov.vn,none
haiquanangiang.gov.vn,Could not resolve host: haiquanangiang.gov.vn,none
haiquancamau.gov.vn,Could not resolve host: haiquancamau.gov.vn,none
haiquancantho.gov.vn,Connection timed out after 3001 milliseconds,none
haiquandongthap.gov.vn,Could not resolve host: haiquandongthap.gov.vn,none
haiquanquangbinh.gov.vn,Could not resolve host: haiquanquangbinh.gov.vn,none
haiquantayninh.gov.vn,Connection timed out after 3002 milliseconds,none
haiquanvungtau.gov.vn,Could not resolve host: haiquanvungtau.gov.vn,none
haison.gov.vn,Could not resolve host: haison.gov.vn,none
haitan.gov.vn,Could not resolve host: haitan.gov.vn,none
haitrieu.gov.vn,Could not resolve host: haitrieu.gov.vn,none
hanoi.gov.vn,Resolving timed out after 3001 milliseconds,none
hanoinewtown.gov.vn,Could not resolve host: hanoinewtown.gov.vn,none
hatinh.gov.vn,200,10 mail.hatinh.gov.vn.
hatinhcity.gov.vn,SSL certificate problem: certificate has expired,none
hdnd.ninhbinh.gov.vn,200,none
hdndbudang.gov.vn,Could not resolve host: hdndbudang.gov.vn,none
hdndthanhhoa.gov.vn,TLS connect error: error:0A000458:SSL routines::tlsv1 unrecognized name,none
hdnt.tinhdoanyenbai.gov.vn,SSL certificate problem: unable to get local issuer certificate,none
hepa.gov.vn,Resolving timed out after 3000 milliseconds,none
heza.gov.vn,200,10 mail.heza.gov.vn.
hiephoa.bacgiang.gov.vn,Could not resolve host: hiephoa.bacgiang.gov.vn,none
hieudinh.dangkykinhdoanh.gov.vn,Could not resolve host: hieudinh.dangkykinhdoanh.gov.vn,none
hlhpn.bacgiang.gov.vn,Connection timed out after 3001 milliseconds,none
hoabinh.gov.vn,Resolving timed out after 3000 milliseconds,dig error
hoahuongtamky.gov.vn,Could not resolve host: hoahuongtamky.gov.vn,none
hoaxuan.danang.gov.vn,200,none
hochiminhcity.gov.vn,Could not resolve host: hochiminhcity.gov.vn,none
hoinongdan.caobang.gov.vn,200,none
hoinongdan.daklak.gov.vn,200,5 mx1.daklak.gov.vn.
hoithitructuyen.tnxp.gov.vn,200,none
hophong.gov.vn,Could not resolve host: hophong.gov.vn,none
hopkhonggiay.tayninh.gov.vn,Connection timed out after 3000 milliseconds,none
hopphaphoa.lanhsuvietnam.gov.vn,SSL certificate problem: unable to get local issuer certificate,none
hosodientu.stnmt.dongnai.gov.vn,200,none
hosodientu.thuathienhue.gov.vn,Resolving timed out after 3000 milliseconds,none
hotich.moj.gov.vn,Could not resolve host: hotich.moj.gov.vn,none
hpcustoms.gov.vn,Could not resolve host: hpcustoms.gov.vn,none
hppc.gov.vn,Could not resolve host: hppc.gov.vn,none
hqmc.mard.gov.vn,Connection timed out after 3000 milliseconds,none
hscv.govaphcm.gov.vn,Could not resolve host: hscv.govaphcm.gov.vn,none
hscv.monre.gov.vn,200,none
hscv1.monre.gov.vn,Connection timed out after 3000 milliseconds,none
hscv2.monre.gov.vn,Connection timed out after 3000 milliseconds,none
hscv3.monre.gov.vn,TLS connect error: error:0A000126:SSL routines::unexpected eof while reading,none
huanluyenantoan.gov.vn,200,none
huecity.gov.vn,Could not resolve host: huecity.gov.vn,none
hungyen.gov.vn,Connection timed out after 3002 milliseconds,none
huongkhe.gov.vn,Could not resolve host: huongkhe.gov.vn,none
huongkhe.hatinh.gov.vn,200,none
iaos2014.gso.gov.vn,Could not resolve host: iaos2014.gso.gov.vn,none
icc.gov.vn,Could not resolve host: icc.gov.vn,none
icdlamdong.gov.vn,Could not resolve host: icdlamdong.gov.vn,none
ict-backan.gov.vn,Could not resolve host: ict-backan.gov.vn,none
ict-hcm.gov.vn,Could not resolve host: ict-hcm.gov.vn,none
ictc-binhphuoc.gov.vn,Could not resolve host: ictc-binhphuoc.gov.vn,none
ictninhbinh.gov.vn,Could not resolve host: ictninhbinh.gov.vn,none
im.mof.gov.vn,Could not resolve host: im.mof.gov.vn,none
immigration.gov.vn,200,none
intranet.ais.gov.vn,Could not resolve host: intranet.ais.gov.vn,none
iop.vast.gov.vn,Could not resolve host: iop.vast.gov.vn,none
isponre.gov.vn,Connection timed out after 3000 milliseconds,none
it.mt.gov.vn,Could not resolve host: it.mt.gov.vn,none
itrre.gov.vn,200,none
iwem.gov.vn,Could not resolve host: iwem.gov.vn,10 mail.aceo.vn.
kbnn.cantho.gov.vn,Resolving timed out after 3000 milliseconds,none
kcn.binhduong.gov.vn,Could not resolve host: kcn.binhduong.gov.vn,none
kdxdhatinh.gov.vn,Could not resolve host: kdxdhatinh.gov.vn,none
keypay.gov.vn,200,none
kgcustoms.gov.vn,Could not resolve host: kgcustoms.gov.vn,none
khaibaohoso.vnsw.gov.vn,302,none
khaisinhdientu.moj.gov.vn,200,none
khanhthanh.gov.vn,Could not resolve host: khanhthanh.gov.vn,none
khoangsan.stnmt.dongnai.gov.vn,200,none
khobac.cantho.gov.vn,Resolving timed out after 3000 milliseconds,none
khoso.stnmt.dongnai.gov.vn,Could not resolve host: khoso.stnmt.dongnai.gov.vn,none
khuetrung.gov.vn,Could not resolve host: khuetrung.gov.vn,none
khuyencong.baria-vungtau.gov.vn,Could not resolve host: khuyencong.baria-vungtau.gov.vn,none
khuyencongbinhphuoc.gov.vn,Could not resolve host: khuyencongbinhphuoc.gov.vn,none
khuyenconghanoi.gov.vn,Recv failure: Connexion ré-initialisée par le correspondant,none
khuyencongtayninh.gov.vn,SSL: no alternative certificate subject name matches target hostname 'khuyencongtayninh.gov.vn',10 mail.khuyencongtayninh.gov.vn.
khuyenhoc.yenbai.gov.vn,Could not resolve host: khuyenhoc.yenbai.gov.vn,none
khuyennong-khcntamky.gov.vn,Could not resolve host: khuyennong-khcntamky.gov.vn,none
kiemlamangiang.gov.vn,Operation timed out after 3000 milliseconds with 0 bytes received,none
kiemlamkiengiang.gov.vn,Could not resolve host: kiemlamkiengiang.gov.vn,none
kiemlamquangngai.gov.vn,Could not resolve host: kiemlamquangngai.gov.vn,none
kiengiangportal.gov.vn,Connection timed out after 3000 milliseconds,none
kientuong.longan.gov.vn,Could not resolve host: kientuong.longan.gov.vn,none
kinhnghiem.hongphong.gov.vn,Could not resolve host: kinhnghiem.hongphong.gov.vn,none
kktcaobang.gov.vn,Could not resolve host: kktcaobang.gov.vn,none
ktshn.gov.vn,Could not resolve host: ktshn.gov.vn,none
kttv.ninhbinh.gov.vn,200,none
kttv.ninhbinh.gov.vn.ccbninhbinh.vn,Could not resolve host: kttv.ninhbinh.gov.vn.ccbninhbinh.vn,none
langgiang.bacgiang.gov.vn,Could not resolve host: langgiang.bacgiang.gov.vn,none
langgiang.gov.vn,Could not resolve host: langgiang.gov.vn,none
langson.gov.vn,200,10 mail.langson.gov.vn.
lanhsuvietnam.gov.vn,SSL certificate problem: unable to get local issuer certificate,none
laocai.gov.vn,Connection timed out after 3002 milliseconds,none
laphoadon.gdt.gov.vn,Connection timed out after 3001 milliseconds,none
ldld.caobang.gov.vn,200,none
ldldbinhlong.eza-binhphuoc.gov.vn,Could not resolve host: ldldbinhlong.eza-binhphuoc.gov.vn,none
ldldln.ictc-binhphuoc.gov.vn,Could not resolve host: ldldln.ictc-binhphuoc.gov.vn,none
legacy.haiphong.gov.vn,Connection timed out after 3002 milliseconds,none
lietsiphongdien.thuathienhue.gov.vn,Could not resolve host: lietsiphongdien.thuathienhue.gov.vn,none
linshare.mot.gov.vn,Could not resolve host: linshare.mot.gov.vn,none
live.gdt.gov.vn,Could not resolve host: live.gdt.gov.vn,none
lltptructuyen.moj.gov.vn,Could not resolve host: lltptructuyen.moj.gov.vn,none
locan.gov.vn,Could not resolve host: locan.gov.vn,none
longan.gov.vn,Connection timed out after 3002 milliseconds,none
longbien.gov.vn,Connection timed out after 3002 milliseconds,none
longphuoc.gov.vn,Could not resolve host: longphuoc.gov.vn,none
lucnam.bacgiang.gov.vn,Could not resolve host: lucnam.bacgiang.gov.vn,none
lucngan.bacgiang.gov.vn,Could not resolve host: lucngan.bacgiang.gov.vn,none
luutru.dongthap.gov.vn,Could not resolve host: luutru.dongthap.gov.vn,none
luutru.mpi.gov.vn,Could not resolve host: luutru.mpi.gov.vn,none
luutru.vov.gov.vn,SSL certificate problem: unable to get local issuer certificate,none
luyenthi.isos.gov.vn,Could not resolve host: luyenthi.isos.gov.vn,none
lyluanchinhtri.bacgiang.gov.vn,Connection timed out after 3001 milliseconds,none
m.vbdh.gdt.gov.vn,Could not resolve host: m.vbdh.gdt.gov.vn,none
maihuong.gov.vn,200,none
mail.ami.gov.vn,SSL: no alternative certificate subject name matches target hostname 'mail.ami.gov.vn',0 ami.gov.vn.
mail.angiang.gov.vn,302,none
mail.antv.gov.vn,Could not resolve host: mail.antv.gov.vn,none
mail.bacbinh.binhthuan.gov.vn,TLS connect error: error:0A000126:SSL routines::unexpected eof while reading,none
mail.bacgiang-iza.gov.vn,Could not resolve host: mail.bacgiang-iza.gov.vn,none
mail.bandanvan.daklak.gov.vn,Resolving timed out after 3000 milliseconds,none
mail.banvstbpnhatinh.gov.vn,Could not resolve host: mail.banvstbpnhatinh.gov.vn,none
mail.bao.daklak.gov.vn,Resolving timed out after 3000 milliseconds,dig error
mail.batgt.binhthuan.gov.vn,SSL: no alternative certificate subject name matches target hostname 'mail.batgt.binhthuan.gov.vn',none
mail.bbt.binhthuan.gov.vn,TLS connect error: error:0A000126:SSL routines::unexpected eof while reading,none
mail.bbvcsskcb.binhthuan.gov.vn,TLS connect error: error:0A000126:SSL routines::unexpected eof while reading,none
mail.bcdtaynguyen.daklak.gov.vn,Resolving timed out after 3000 milliseconds,dig error
mail.bcec.daklak.gov.vn,Resolving timed out after 3000 milliseconds,none
mail.bchbdbp.binhthuan.gov.vn,SSL: no alternative certificate subject name matches target hostname 'mail.bchbdbp.binhthuan.gov.vn',none
mail.bchqs.binhthuan.gov.vn,TLS connect error: error:0A000126:SSL routines::unexpected eof while reading,none
mail.bchqs.daklak.gov.vn,Resolving timed out after 3000 milliseconds,none
mail.bdbp.daklak.gov.vn,Resolving timed out after 3000 milliseconds,none
mail.bdt.binhthuan.gov.vn,SSL: no alternative certificate subject name matches target hostname 'mail.bdt.binhthuan.gov.vn',none
mail.bdvtu.binhthuan.gov.vn,SSL: no alternative certificate subject name matches target hostname 'mail.bdvtu.binhthuan.gov.vn',none
mail.bentre.gov.vn,SSL certificate problem: certificate has expired,none
mail.bg.gov.vn,Could not resolve host: mail.bg.gov.vn,none
mail.bhxh.daklak.gov.vn,Resolving timed out after 3000 milliseconds,none
mail.bhxhangiang.gov.vn,Could not resolve host: mail.bhxhangiang.gov.vn,none
mail.bhxhbinhdinh.gov.vn,Could not resolve host: mail.bhxhbinhdinh.gov.vn,none
mail.bhxhbrvt.gov.vn,Could not resolve host: mail.bhxhbrvt.gov.vn,none
mail.bhxhbugiamap.gov.vn,Could not resolve host: mail.bhxhbugiamap.gov.vn,none
mail.bhxhdaklak.gov.vn,Could not resolve host: mail.bhxhdaklak.gov.vn,none
mail.bhxhvinhphuc.gov.vn,Could not resolve host: mail.bhxhvinhphuc.gov.vn,none
mail.binhduong.gov.vn,Could not resolve host: mail.binhduong.gov.vn,none
mail.binhphuoc.gov.vn,Failed to connect to mail.binhphuoc.gov.vn port 443 after 574 ms: Could not connect to server,none
mail.binhthuan.gov.vn,TLS connect error: error:0A000126:SSL routines::unexpected eof while reading,none
mail.bmt.daklak.gov.vn,Resolving timed out after 3000 milliseconds,dig error
mail.bnctu.binhthuan.gov.vn,SSL: no alternative certificate subject name matches target hostname 'mail.bnctu.binhthuan.gov.vn',none
mail.bqldadtxd.binhthuan.gov.vn,SSL: no alternative certificate subject name matches target hostname 'mail.bqldadtxd.binhthuan.gov.vn',none
mail.bqlkcn.binhthuan.gov.vn,SSL: no alternative certificate subject name matches target hostname 'mail.bqlkcn.binhthuan.gov.vn',none
mail.bqlkcn.daklak.gov.vn,Resolving timed out after 3001 milliseconds,dig error
mail.btctu.binhthuan.gov.vn,SSL: no alternative certificate subject name matches target hostname 'mail.btctu.binhthuan.gov.vn',none
mail.btg.daklak.gov.vn,Resolving timed out after 3000 milliseconds,none
mail.btgtu.binhthuan.gov.vn,TLS connect error: error:0A000126:SSL routines::unexpected eof while reading,none
mail.buondon.daklak.gov.vn,Resolving timed out after 3000 milliseconds,none
mail.buonho.daklak.gov.vn,Resolving timed out after 3001 milliseconds,none
mail.bvhttdl.gov.vn,SSL certificate problem: unable to get local issuer certificate,none
mail.bvtvhcm.gov.vn,Could not resolve host: mail.bvtvhcm.gov.vn,none
mail.ca.binhthuan.gov.vn,SSL: no alternative certificate subject name matches target hostname 'mail.ca.binhthuan.gov.vn',none
mail.caa.gov.vn,200,none
mail.camau.gov.vn,Connection timed out after 3002 milliseconds,none
mail.cantho.gov.vn,Resolving timed out after 3001 milliseconds,none
mail.caobang.gov.vn,200,none
mail.cctybinhduong.gov.vn,Could not resolve host: mail.cctybinhduong.gov.vn,none
mail.cdntn.daklak.gov.vn,Resolving timed out after 3001 milliseconds,none
mail.cdtntn.daklak.gov.vn,Resolving timed out after 3001 milliseconds,none
mail.cdvc.daklak.gov.vn,Resolving timed out after 3001 milliseconds,none
mail.cema.gov.vn,SSL: no alternative certificate subject name matches target hostname 'mail.cema.gov.vn',none
mail.cewaco.gov.vn,Could not resolve host: mail.cewaco.gov.vn,none
mail.chuthapdo.daklak.gov.vn,Resolving timed out after 3000 milliseconds,none
mail.cinet.gov.vn,Could not resolve host: mail.cinet.gov.vn,none
mail.cntt.gov.vn,SSL certificate problem: unable to get local issuer certificate,none
mail.congan.daklak.gov.vn,Resolving timed out after 3000 milliseconds,dig error
mail.conganmytu.gov.vn,Could not resolve host: mail.conganmytu.gov.vn,none
mail.congthuong.daklak.gov.vn,Resolving timed out after 3000 milliseconds,dig error
mail.cpt.gov.vn,Could not resolve host: mail.cpt.gov.vn,none
mail.ctk.binhthuan.gov.vn,SSL: no alternative certificate subject name matches target hostname 'mail.ctk.binhthuan.gov.vn',none
mail.cukuin.daklak.gov.vn,Resolving timed out after 3000 milliseconds,none
mail.cumgar.daklak.gov.vn,Resolving timed out after 3000 milliseconds,none
mail.customs.gov.vn,302,none
mail.cuuchienbinh.daklak.gov.vn,Resolving timed out after 3000 milliseconds,dig error
mail.daklak.gov.vn,SSL certificate problem: unable to get local issuer certificate,none
mail.daknong.gov.vn,Could not resolve host: mail.daknong.gov.vn,none
mail.danang.gov.vn,Connection timed out after 3002 milliseconds,none
mail.danangtourism.gov.vn,Could not resolve host: mail.danangtourism.gov.vn,none
mail.danangwtocenter.gov.vn,Could not resolve host: mail.danangwtocenter.gov.vn,none
mail.dantoc.daklak.gov.vn,Resolving timed out after 3000 milliseconds,dig error
mail.dautunuocngoai.gov.vn,Could not resolve host: mail.dautunuocngoai.gov.vn,none
mail.dbqh.daklak.gov.vn,Resolving timed out after 3000 milliseconds,dig error
mail.dfr.gov.vn,Could not resolve host: mail.dfr.gov.vn,none
mail.dofabrvt.gov.vn,Could not resolve host: mail.dofabrvt.gov.vn,none
mail.dongnai.gov.vn,302,none
mail.dongphu.gov.vn,Could not resolve host: mail.dongphu.gov.vn,none
mail.dost-dongnai.gov.vn,Could not resolve host: mail.dost-dongnai.gov.vn,none
mail.dpi-bentre.gov.vn,Could not resolve host: mail.dpi-bentre.gov.vn,none
mail.dpibinhthuan.gov.vn,Could not resolve host: mail.dpibinhthuan.gov.vn,none
mail.dptth.binhthuan.gov.vn,SSL: no alternative certificate subject name matches target hostname 'mail.dptth.binhthuan.gov.vn',none
mail.duclinh.binhthuan.gov.vn,SSL: no alternative certificate subject name matches target hostname 'mail.duclinh.binhthuan.gov.vn',none
mail.dukcq.binhthuan.gov.vn,SSL: no alternative certificate subject name matches target hostname 'mail.dukcq.binhthuan.gov.vn',none
mail.dukcqdcd.daklak.gov.vn,Resolving timed out after 3000 milliseconds,none
mail.dukdn.binhthuan.gov.vn,SSL: no alternative certificate subject name matches target hostname 'mail.dukdn.binhthuan.gov.vn',none
mail.dulichvinhphuc.gov.vn,Could not resolve host: mail.dulichvinhphuc.gov.vn,none
mail.eac.gov.vn,Could not resolve host: mail.eac.gov.vn,none
mail.eahleo.daklak.gov.vn,Resolving timed out after 3000 milliseconds,none
mail.eakar.daklak.gov.vn,Resolving timed out after 3000 milliseconds,none
mail.easup.daklak.gov.vn,Resolving timed out after 3000 milliseconds,dig error
mail.eccbacgiang.gov.vn,Could not resolve host: mail.eccbacgiang.gov.vn,none
mail.eza-binhphuoc.gov.vn,Could not resolve host: mail.eza-binhphuoc.gov.vn,none
mail.foodsafety.gov.vn,301,none
mail.gddt.daklak.gov.vn,Resolving timed out after 3000 milliseconds,none
mail.gdsr.gov.vn,302,none
mail.gdt.gov.vn,302,none
mail.geophysics.gov.vn,301,none
mail.gialai.gov.vn,200,none
mail.gso.gov.vn,Connection timed out after 3002 milliseconds,none
mail.gtvt.daklak.gov.vn,Resolving timed out after 3002 milliseconds,none
mail.haiphong.gov.vn,302,none
mail.haiquan.daklak.gov.vn,Resolving timed out after 3001 milliseconds,dig error
mail.haiquanangiang.gov.vn,Could not resolve host: mail.haiquanangiang.gov.vn,none
mail.haiquancamau.gov.vn,Could not resolve host: mail.haiquancamau.gov.vn,none
mail.haiquandongthap.gov.vn,Could not resolve host: mail.haiquandongthap.gov.vn,none
mail.haison.gov.vn,Could not resolve host: mail.haison.gov.vn,none
mail.haitan.gov.vn,Could not resolve host: mail.haitan.gov.vn,none
mail.hamtan.binhthuan.gov.vn,SSL: no alternative certificate subject name matches target hostname 'mail.hamtan.binhthuan.gov.vn',none
mail.hamthuanbac.binhthuan.gov.vn,SSL: no alternative certificate subject name matches target hostname 'mail.hamthuanbac.binhthuan.gov.vn',none
mail.hamthuannam.binhthuan.gov.vn,SSL: no alternative certificate subject name matches target hostname 'mail.hamthuannam.binhthuan.gov.vn',none
mail.hanoinewtown.gov.vn,Could not resolve host: mail.hanoinewtown.gov.vn,none
mail.hatinh.gov.vn,200,none
mail.hccb.binhthuan.gov.vn,Could not resolve host: mail.hccb.binhthuan.gov.vn,none
mail.hdnd.binhthuan.gov.vn,SSL: no alternative certificate subject name matches target hostname 'mail.hdnd.binhthuan.gov.vn',none
mail.hdnd.daklak.gov.vn,Resolving timed out after 3000 milliseconds,none
mail.hdndbudang.gov.vn,Could not resolve host: mail.hdndbudang.gov.vn,none
mail.hdy.binhthuan.gov.vn,TLS connect error: error:0A000126:SSL routines::unexpected eof while reading,none
mail.hepa.gov.vn,302,none
mail.hhtp.gov.vn,200,none
mail.hkh.binhthuan.gov.vn,SSL: no alternative certificate subject name matches target hostname 'mail.hkh.binhthuan.gov.vn',none
mail.hlhpn.binhthuan.gov.vn,Could not resolve host: mail.hlhpn.binhthuan.gov.vn,none
mail.hlhpn.daklak.gov.vn,Resolving timed out after 3000 milliseconds,dig error
mail.hnd.binhthuan.gov.vn,Could not resolve host: mail.hnd.binhthuan.gov.vn,none
mail.hoabinh.gov.vn,Resolving timed out after 3000 milliseconds,none
mail.hoinhabao.daklak.gov.vn,Resolving timed out after 3000 milliseconds,none
mail.hoinongdan.daklak.gov.vn,Resolving timed out after 3000 milliseconds,none
mail.hubacbinh.binhthuan.gov.vn,TLS connect error: error:0A000126:SSL routines::unexpected eof while reading,none
mail.huduclinh.binhthuan.gov.vn,TLS connect error: error:0A000126:SSL routines::unexpected eof while reading,none
mail.huhamtan.binhthuan.gov.vn,SSL: no alternative certificate subject name matches target hostname 'mail.huhamtan.binhthuan.gov.vn',none
mail.huhtb.binhthuan.gov.vn,SSL: no alternative certificate subject name matches target hostname 'mail.huhtb.binhthuan.gov.vn',none
mail.huhtn.binhthuan.gov.vn,SSL: no alternative certificate subject name matches target hostname 'mail.huhtn.binhthuan.gov.vn',none
mail.huphuquy.binhthuan.gov.vn,TLS connect error: error:0A000126:SSL routines::unexpected eof while reading,none
mail.hutanhlinh.binhthuan.gov.vn,TLS connect error: error:0A000126:SSL routines::unexpected eof while reading,none
mail.hutuyphong.binhthuan.gov.vn,SSL: no alternative certificate subject name matches target hostname 'mail.hutuyphong.binhthuan.gov.vn',none
mail.ictc-binhphuoc.gov.vn,Could not resolve host: mail.ictc-binhphuoc.gov.vn,none
mail.ictninhbinh.gov.vn,Could not resolve host: mail.ictninhbinh.gov.vn,none
mail.immigration.gov.vn,200,none
mail.itc.binhthuan.gov.vn,TLS connect error: error:0A000126:SSL routines::unexpected eof while reading,none
mail.kbnn.daklak.gov.vn,Resolving timed out after 3000 milliseconds,dig error
mail.kdxdhatinh.gov.vn,Could not resolve host: mail.kdxdhatinh.gov.vn,none
mail.keypay.gov.vn,SSL: no alternative certificate subject name matches target hostname 'mail.keypay.gov.vn',none
mail.khanhthanh.gov.vn,SSL: no alternative certificate subject name matches target hostname 'mail.khanhthanh.gov.vn',none
mail.khcn.daklak.gov.vn,Resolving timed out after 3000 milliseconds,none
mail.khdt.daklak.gov.vn,Resolving timed out after 3000 milliseconds,dig error
mail.khuyencongbinhphuoc.gov.vn,Could not resolve host: mail.khuyencongbinhphuoc.gov.vn,none
mail.khuyencongtayninh.gov.vn,SSL: no alternative certificate subject name matches target hostname 'mail.khuyencongtayninh.gov.vn',none
mail.khuyennong-khcntamky.gov.vn,Could not resolve host: mail.khuyennong-khcntamky.gov.vn,none
mail.kiemlamquangngai.gov.vn,Could not resolve host: mail.kiemlamquangngai.gov.vn,none
mail.kiengiangportal.gov.vn,Could not resolve host: mail.kiengiangportal.gov.vn,none
mail.krongana.daklak.gov.vn,Resolving timed out after 3000 milliseconds,none
mail.krongbong.daklak.gov.vn,Resolving timed out after 3000 milliseconds,dig error
mail.krongbuk.daklak.gov.vn,Resolving timed out after 3000 milliseconds,dig error
mail.krongnang.daklak.gov.vn,Resolving timed out after 3000 milliseconds,dig error
mail.krongpak.daklak.gov.vn,Resolving timed out after 3002 milliseconds,dig error
mail.lagi.binhthuan.gov.vn,SSL: no alternative certificate subject name matches target hostname 'mail.lagi.binhthuan.gov.vn',none
mail.lak.daklak.gov.vn,Resolving timed out after 3002 milliseconds,dig error
mail.lamdong.gov.vn,TLS connect error: error:0A000126:SSL routines::unexpected eof while reading,none
mail.langgiang.gov.vn,Could not resolve host: mail.langgiang.gov.vn,none
mail.lanhsuvietnam.gov.vn,Could not resolve host: mail.lanhsuvietnam.gov.vn,none
mail.ldld.binhthuan.gov.vn,TLS connect error: error:0A000126:SSL routines::unexpected eof while reading,none
mail.ldld.daklak.gov.vn,Resolving timed out after 3001 milliseconds,dig error
mail.ldtbxh.daklak.gov.vn,Resolving timed out after 3002 milliseconds,none
mail.lhhkhkt.binhthuan.gov.vn,TLS connect error: error:0A000126:SSL routines::unexpected eof while reading,none
mail.lhkhkt.daklak.gov.vn,Resolving timed out after 3001 milliseconds,dig error
mail.lmhtx.binhthuan.gov.vn,TLS connect error: error:0A000126:SSL routines::unexpected eof while reading,none
mail.lmhtx.daklak.gov.vn,Resolving timed out after 3001 milliseconds,dig error
mail.locan.gov.vn,Could not resolve host: mail.locan.gov.vn,none
mail.longan.gov.vn,Connection timed out after 3002 milliseconds,none
mail.longphuoc.gov.vn,Could not resolve host: mail.longphuoc.gov.vn,none
mail.madrak.daklak.gov.vn,Resolving timed out after 3000 milliseconds,dig error
mail.mangkinhdoanh.gov.vn,Could not resolve host: mail.mangkinhdoanh.gov.vn,none
mail.mard.gov.vn,302,none
mail.mic.gov.vn,SSL certificate problem: unable to get local issuer certificate,none
mail.mocst.gov.vn,Connection timed out after 3002 milliseconds,none
mail.mod.gov.vn,200,none
mail.moet.gov.vn,200,none
mail.mof.gov.vn,SSL certificate problem: unable to get local issuer certificate,none
mail.mofa.gov.vn,301,none
mail.moha.gov.vn,Connection timed out after 3002 milliseconds,none
mail.moit.gov.vn,302,none
mail.moj.gov.vn,302,none
mail.molisa.gov.vn,SSL certificate problem: certificate has expired,none
mail.monre.gov.vn,Connection timed out after 3002 milliseconds,none
mail.most.gov.vn,Connection timed out after 3001 milliseconds,none
mail.mot.gov.vn,Could not resolve host: mail.mot.gov.vn,none
mail.mpi.gov.vn,Connection timed out after 3001 milliseconds,none
mail.mt.gov.vn,Could not resolve host: mail.mt.gov.vn,none
mail.nghean.gov.vn,302,none
mail.ngoaivu.daklak.gov.vn,Resolving timed out after 3001 milliseconds,none
mail.ngoaivubrvt.gov.vn,Could not resolve host: mail.ngoaivubrvt.gov.vn,none
mail.ngoquyen.gov.vn,Could not resolve host: mail.ngoquyen.gov.vn,none
mail.nhnn.daklak.gov.vn,Resolving timed out after 3000 milliseconds,none
mail.nnptnt.daklak.gov.vn,Resolving timed out after 3000 milliseconds,none
mail.noivu.daklak.gov.vn,Resolving timed out after 3000 milliseconds,dig error
mail.pctnxhbrvt.gov.vn,Could not resolve host: mail.pctnxhbrvt.gov.vn,none
mail.phanthiet.binhthuan.gov.vn,SSL: no alternative certificate subject name matches target hostname 'mail.phanthiet.binhthuan.gov.vn',none
mail.phobiengdplttn-binhphuoc.gov.vn,Could not resolve host: mail.phobiengdplttn-binhphuoc.gov.vn,none
mail.phongchonglutbaotphcm.gov.vn,200,none
mail.phuochoi.gov.vn,Could not resolve host: mail.phuochoi.gov.vn,none
mail.phuongquoctugiam.gov.vn,Could not resolve host: mail.phuongquoctugiam.gov.vn,none
mail.phuquy.binhthuan.gov.vn,SSL: no alternative certificate subject name matches target hostname 'mail.phuquy.binhthuan.gov.vn',none
mail.ptqd.daklak.gov.vn,Resolving timed out after 3000 milliseconds,dig error
mail.ptth.daklak.gov.vn,Resolving timed out after 3000 milliseconds,dig error
mail.quandoan5.gov.vn,Could not resolve host: mail.quandoan5.gov.vn,none
mail.quangngai.gov.vn,200,none
mail.quangninh.gov.vn,TLS connect error: error:0A00018A:SSL routines::dh key too small,none
mail.quanhelaodong.gov.vn,Could not resolve host: mail.quanhelaodong.gov.vn,none
mail.quanlydothitamky.gov.vn,Could not resolve host: mail.quanlydothitamky.gov.vn,none
mail.sbv.gov.vn,Connection timed out after 3002 milliseconds,none
mail.sct.binhthuan.gov.vn,SSL: no alternative certificate subject name matches target hostname 'mail.sct.binhthuan.gov.vn',none
mail.sgddt.binhthuan.gov.vn,SSL: no alternative certificate subject name matches target hostname 'mail.sgddt.binhthuan.gov.vn',none
mail.sgtvt.binhthuan.gov.vn,SSL: no alternative certificate subject name matches target hostname 'mail.sgtvt.binhthuan.gov.vn',none
mail.skhcn.binhthuan.gov.vn,SSL: no alternative certificate subject name matches target hostname 'mail.skhcn.binhthuan.gov.vn',none
mail.skhdt.binhthuan.gov.vn,SSL: no alternative certificate subject name matches target hostname 'mail.skhdt.binhthuan.gov.vn',none
mail.sldtbxh.binhthuan.gov.vn,SSL: no alternative certificate subject name matches target hostname 'mail.sldtbxh.binhthuan.gov.vn',none
mail.smedec.gov.vn,Could not resolve host: mail.smedec.gov.vn,none
mail.snnptnt.binhthuan.gov.vn,SSL: no alternative certificate subject name matches target hostname 'mail.snnptnt.binhthuan.gov.vn',none
mail.snv.binhthuan.gov.vn,SSL: no alternative certificate subject name matches target hostname 'mail.snv.binhthuan.gov.vn',none
mail.sotaichinhbackan.gov.vn,Could not resolve host: mail.sotaichinhbackan.gov.vn,none
mail.stas.gov.vn,Connection timed out after 3001 milliseconds,none
mail.stc.binhthuan.gov.vn,SSL: no alternative certificate subject name matches target hostname 'mail.stc.binhthuan.gov.vn',none
mail.stnmt.binhthuan.gov.vn,SSL: no alternative certificate subject name matches target hostname 'mail.stnmt.binhthuan.gov.vn',none
mail.stp.binhthuan.gov.vn,SSL: no alternative certificate subject name matches target hostname 'mail.stp.binhthuan.gov.vn',none
mail.stttt.binhthuan.gov.vn,SSL: no alternative certificate subject name matches target hostname 'mail.stttt.binhthuan.gov.vn',none
mail.svhttdl.binhthuan.gov.vn,SSL: no alternative certificate subject name matches target hostname 'mail.svhttdl.binhthuan.gov.vn',none
mail.sxd.binhthuan.gov.vn,SSL: no alternative certificate subject name matches target hostname 'mail.sxd.binhthuan.gov.vn',none
mail.syt.binhthuan.gov.vn,SSL: no alternative certificate subject name matches target hostname 'mail.syt.binhthuan.gov.vn',none
mail.taichinh.daklak.gov.vn,Resolving timed out after 3001 milliseconds,none
mail.tanchinh.gov.vn,Could not resolve host: mail.tanchinh.gov.vn,none
mail.tand.binhthuan.gov.vn,SSL: no alternative certificate subject name matches target hostname 'mail.tand.binhthuan.gov.vn',none
mail.tand.daklak.gov.vn,Resolving timed out after 3000 milliseconds,dig error
mail.tanhlinh.binhthuan.gov.vn,SSL: no alternative certificate subject name matches target hostname 'mail.tanhlinh.binhthuan.gov.vn',none
mail.tayninh.gov.vn,Connection timed out after 3002 milliseconds,none
mail.tccbbyt.gov.vn,Could not resolve host: mail.tccbbyt.gov.vn,none
mail.tcdcd.binhthuan.gov.vn,Could not resolve host: mail.tcdcd.binhthuan.gov.vn,none
mail.tcdyt.binhthuan.gov.vn,Could not resolve host: mail.tcdyt.binhthuan.gov.vn,none
mail.tct.binhthuan.gov.vn,SSL: no alternative certificate subject name matches target hostname 'mail.tct.binhthuan.gov.vn',none
mail.tdkt.daklak.gov.vn,Resolving timed out after 3000 milliseconds,none
mail.tdtn.binhthuan.gov.vn,Could not resolve host: mail.tdtn.binhthuan.gov.vn,none
mail.thacgian.gov.vn,Could not resolve host: mail.thacgian.gov.vn,none
mail.thaibinh.gov.vn,Connection timed out after 3002 milliseconds,none
mail.thainguyen.gov.vn,Connection timed out after 3001 milliseconds,none
mail.thanhhoa.gov.vn,301,none
mail.thanhtra.daklak.gov.vn,Resolving timed out after 3000 milliseconds,none
mail.thanhtratamky.gov.vn,Could not resolve host: mail.thanhtratamky.gov.vn,none
mail.thongke.daklak.gov.vn,Resolving timed out after 3000 milliseconds,dig error
mail.thongkegialai.gov.vn,SSL: no alternative certificate subject name matches target hostname 'mail.thongkegialai.gov.vn',none
mail.thuathienhue.gov.vn,SSL certificate problem: unable to get local issuer certificate,none
mail.thudo.gov.vn,Could not resolve host: mail.thudo.gov.vn,none
mail.thue.daklak.gov.vn,Resolving timed out after 3000 milliseconds,dig error
mail.thunghiem.daklak.gov.vn,Resolving timed out after 3000 milliseconds,dig error
mail.tiengiang.gov.vn,Connection timed out after 3001 milliseconds,none
mail.tinhdoan.daklak.gov.vn,Resolving timed out after 3000 milliseconds,none
mail.tmdt.daklak.gov.vn,Resolving timed out after 3000 milliseconds,none
mail.tnmt.daklak.gov.vn,Resolving timed out after 3000 milliseconds,dig error
mail.toaan.gov.vn,302,none
mail.tongcucthuysan.gov.vn,TLS connect error: error:0A000126:SSL routines::unexpected eof while reading,none
mail.toquoc.gov.vn,SSL certificate problem: unable to get local issuer certificate,none
mail.tphcm.gov.vn,302,none
mail.truongchinhtriquangnam.gov.vn,Could not resolve host: mail.truongchinhtriquangnam.gov.vn,none
mail.tt.binhthuan.gov.vn,Could not resolve host: mail.tt.binhthuan.gov.vn,none
mail.ttcsvndnguoitamthan.gov.vn,SSL: no alternative certificate subject name matches target hostname 'mail.ttcsvndnguoitamthan.gov.vn',none
mail.ttdtvdvtdtthp.gov.vn,Could not resolve host: mail.ttdtvdvtdtthp.gov.vn,none
mail.ttptntthanhhoa.gov.vn,Could not resolve host: mail.ttptntthanhhoa.gov.vn,none
mail.ttptqd.binhthuan.gov.vn,SSL: no alternative certificate subject name matches target hostname 'mail.ttptqd.binhthuan.gov.vn',none
mail.tttt.daklak.gov.vn,Resolving timed out after 3000 milliseconds,dig error
mail.ttyendinh.gov.vn,Could not resolve host: mail.ttyendinh.gov.vn,none
mail.ttyttrangbom.gov.vn,Could not resolve host: mail.ttyttrangbom.gov.vn,none
mail.tulagi.binhthuan.gov.vn,SSL: no alternative certificate subject name matches target hostname 'mail.tulagi.binhthuan.gov.vn',none
mail.tuphanthiet.binhthuan.gov.vn,SSL: no alternative certificate subject name matches target hostname 'mail.tuphanthiet.binhthuan.gov.vn',none
mail.tuphap.daklak.gov.vn,Resolving timed out after 3000 milliseconds,none
mail.tuvancongnghiepdongnai.gov.vn,Could not resolve host: mail.tuvancongnghiepdongnai.gov.vn,none
mail.tuyphong.binhthuan.gov.vn,SSL: no alternative certificate subject name matches target hostname 'mail.tuyphong.binhthuan.gov.vn',none
mail.ubkttu.binhthuan.gov.vn,SSL: no alternative certificate subject name matches target hostname 'mail.ubkttu.binhthuan.gov.vn',none
mail.ubmttqvn.binhthuan.gov.vn,TLS connect error: error:0A000126:SSL routines::unexpected eof while reading,none
mail.ubnd.binhthuan.gov.vn,SSL: no alternative certificate subject name matches target hostname 'mail.ubnd.binhthuan.gov.vn',none
mail.ubndp14q3.gov.vn,Could not resolve host: mail.ubndp14q3.gov.vn,none
mail.vass.gov.vn,302,none
mail.vast.gov.vn,SSL: no alternative certificate subject name matches target hostname 'mail.vast.gov.vn',none
mail.vatlydiachat.gov.vn,301,none
mail.vea.gov.vn,Could not resolve host: mail.vea.gov.vn,none
mail.vhttdl.daklak.gov.vn,Resolving timed out after 3002 milliseconds,dig error
mail.vienkiemsathungyen.gov.vn,Could not resolve host: mail.vienkiemsathungyen.gov.vn,none
mail.vienkiemsatyenbai.gov.vn,Could not resolve host: mail.vienkiemsatyenbai.gov.vn,none
mail.vinhdien.gov.vn,Could not resolve host: mail.vinhdien.gov.vn,none
mail.vinhphuc.gov.vn,SSL certificate problem: certificate has expired,none
mail.viwa-n.gov.vn,Operation timed out after 3001 milliseconds with 0 bytes received,none
mail.vkscapcaohcm.gov.vn,Connection timed out after 3002 milliseconds,none
mail.vksnd.daklak.gov.vn,Resolving timed out after 3001 milliseconds,dig error
mail.vksndthainguyen.gov.vn,Could not resolve host: mail.vksndthainguyen.gov.vn,none
mail.vncert.gov.vn,Connection timed out after 3002 milliseconds,none
mail.vnsw.gov.vn,Could not resolve host: mail.vnsw.gov.vn,none
mail.vnta.gov.vn,302,none
mail.vov.gov.vn,Connection timed out after 3002 milliseconds,none
mail.vpbchpclb.binhthuan.gov.vn,TLS connect error: error:0A000126:SSL routines::unexpected eof while reading,none
mail.vpdbqh.daklak.gov.vn,Resolving timed out after 3000 milliseconds,dig error
mail.vpddbqh.daklak.gov.vn,Resolving timed out after 3000 milliseconds,dig error
mail.vphdnd.daklak.gov.vn,Resolving timed out after 3001 milliseconds,none
mail.vptinhuy.daklak.gov.vn,Resolving timed out after 3000 milliseconds,none
mail.vptu.binhthuan.gov.vn,SSL: no alternative certificate subject name matches target hostname 'mail.vptu.binhthuan.gov.vn',none
mail.vpubnd.daklak.gov.vn,Resolving timed out after 3000 milliseconds,none
mail.vttc.gov.vn,Could not resolve host: mail.vttc.gov.vn,none
mail.wadi.gov.vn,Could not resolve host: mail.wadi.gov.vn,none
mail.xabombo.gov.vn,Could not resolve host: mail.xabombo.gov.vn,none
mail.xaydung.daklak.gov.vn,Resolving timed out after 3000 milliseconds,dig error
mail.xuatnhapcanh.gov.vn,Failed to connect to mail.xuatnhapcanh.gov.vn port 443 after 469 ms: Could not connect to server,none
mail.yenbai.gov.vn,SSL certificate problem: certificate has expired,none
mail.yte.daklak.gov.vn,Resolving timed out after 3000 milliseconds,none
mail2013.thainguyen.gov.vn,Connection timed out after 3002 milliseconds,none
maila.moit.gov.vn,Connection timed out after 3000 milliseconds,none
mangkinhdoanh.gov.vn,Could not resolve host: mangkinhdoanh.gov.vn,none
maps.hpe.gov.vn,Operation timed out after 3000 milliseconds with 0 bytes received,none
mard.gov.vn,Connection timed out after 3002 milliseconds,5 smtp.mard.gov.vn.; 10 smtp.mard.gov.vn.
maydohuyetaptot.vttc.gov.vn,Could not resolve host: maydohuyetaptot.vttc.gov.vn,none
mcsite.keypay.gov.vn,Connection timed out after 3001 milliseconds,none
mdm.monre.gov.vn,Connection timed out after 3001 milliseconds,none
mic.gov.vn,Could not resolve host: mic.gov.vn,none
minhanhoian.gov.vn,Could not resolve host: minhanhoian.gov.vn,none
mlkttv.gov.vn,Could not resolve host: mlkttv.gov.vn,none
mochoa.longan.gov.vn,Could not resolve host: mochoa.longan.gov.vn,none
moet.gov.vn,200,10 mail.moet.gov.vn.
mofa.gov.vn,200,none
moha.gov.vn,200,50 mx1.moha.gov.vn.; 5 mx4.moha.gov.vn.
moit.gov.vn,200,none
moitruong.stnmt.dongnai.gov.vn,302,none
moj.gov.vn,302,none
molisa.gov.vn,Connection timed out after 3000 milliseconds,1 hub.molisa.gov.vn.
mongcai.gov.vn,200,none
monitoring.stnmt.dongnai.gov.vn,302,none
monre.gov.vn,SSL: no alternative certificate subject name matches target hostname 'monre.gov.vn',none
most.gov.vn,Connection timed out after 3001 milliseconds,5 smtp2.most.gov.vn.; 10 smtp1.most.gov.vn.
motcua.longan.gov.vn,Connection timed out after 3002 milliseconds,none
motcua.tayninh.gov.vn,Connection timed out after 3001 milliseconds,none
motcua.thuathienhue.gov.vn,Resolving timed out after 3001 milliseconds,none
mpi.gov.vn,SSL certificate problem: unable to get local issuer certificate,10 smtp.mpi.gov.vn.
namdinh.gov.vn,SSL certificate problem: unable to get local issuer certificate,none
narime.gov.vn,200,1 esg04.fptdata.com.; 5 mailstream-eu1.mxrecord.io.; 10 esg03.fptdata.com.; 10 mail.narime.gov.vn.; 1 mailstream-bom.mxrecord.mx.
nbdif.ninhbinh.gov.vn,SSL certificate problem: certificate has expired,none
nbds.vea.gov.vn,Could not resolve host: nbds.vea.gov.vn,none
ncerwass.mard.gov.vn,Connection timed out after 3001 milliseconds,none
ngabay.haugiang.gov.vn,Could not resolve host: ngabay.haugiang.gov.vn,none
nghean.gov.vn,Operation timed out after 3004 milliseconds with 0 bytes received,10 secureidcmb.vnptdata.vn.
ngoaivubrvt.gov.vn,Could not resolve host: ngoaivubrvt.gov.vn,none
ngoquyen.gov.vn,Could not resolve host: ngoquyen.gov.vn,none
nhantokhai.gdt.gov.vn,Connection timed out after 3002 milliseconds,none
nhathieunhi.caobang.gov.vn,Could not resolve host: nhathieunhi.caobang.gov.vn,none
nhaxuatbanbotaichinh.gov.vn,Could not resolve host: nhaxuatbanbotaichinh.gov.vn,none
nhaxuatbantaichinh.gov.vn,Could not resolve host: nhaxuatbantaichinh.gov.vn,none
nhonmy.annhon.binhdinh.gov.vn,Connection timed out after 3001 milliseconds,none
nhtm.gov.vn,Could not resolve host: nhtm.gov.vn,none
nimh.gov.vn,Resolving timed out after 3001 milliseconds,none
ninhthuan.gov.vn,Connection timed out after 3001 milliseconds,none
ninhtien.ninhbinh.gov.vn,SSL certificate problem: self-signed certificate,none
ninhtien.ninhbinh.gov.vn.ccbninhbinh.vn,Could not resolve host: ninhtien.ninhbinh.gov.vn.ccbninhbinh.vn,none
niptex.gov.vn,403,none
noibo.vass.gov.vn,Failed to connect to noibo.vass.gov.vn port 443 after 524 ms: Could not connect to server,none
nongnghiep.caobang.gov.vn,200,none
nongthonmoi.hagiang.gov.vn,Connection timed out after 3002 milliseconds,none
nopphibvmt.stnmt.dongnai.gov.vn,405,none
nopthue.gdt.gov.vn,Connection timed out after 3001 milliseconds,none
ns.mard.gov.vn,Connection timed out after 3000 milliseconds,none
nstc.gov.vn,Could not resolve host: nstc.gov.vn,none
nuoc.stnmt.dongnai.gov.vn,Operation timed out after 3002 milliseconds with 0 bytes received,none
nxbtc.gov.vn,Could not resolve host: nxbtc.gov.vn,none
nxbtcbotaichinh.gov.vn,Could not resolve host: nxbtcbotaichinh.gov.vn,none
ocs.mof.gov.vn,Failed to connect to ocs.mof.gov.vn port 443 after 463 ms: Could not connect to server,none
office.moet.gov.vn,Could not resolve host: office.moet.gov.vn,none
olt-exam.mof.gov.vn,200,none
olt.mof.gov.vn,200,none
online.cemhcm.gov.vn,Could not resolve host: online.cemhcm.gov.vn,none
online.keypay.gov.vn,Could not resolve host: online.keypay.gov.vn,none
owa.binhduong.gov.vn,Could not resolve host: owa.binhduong.gov.vn,none
owa.binhphuoc.gov.vn,SSL certificate problem: certificate has expired,none
owa.caa.gov.vn,Could not resolve host: owa.caa.gov.vn,none
owa.cema.gov.vn,Could not resolve host: owa.cema.gov.vn,none
owa.customs.gov.vn,Could not resolve host: owa.customs.gov.vn,none
owa.dautunuocngoai.gov.vn,Could not resolve host: owa.dautunuocngoai.gov.vn,none
owa.dongnai.gov.vn,Failed to connect to owa.dongnai.gov.vn port 443 after 395 ms: Could not connect to server,none
owa.gdsr.gov.vn,302,none
owa.gdt.gov.vn,302,none
owa.gialai.gov.vn,Could not resolve host: owa.gialai.gov.vn,none
owa.gso.gov.vn,Recv failure: Connexion ré-initialisée par le correspondant,none
owa.keypay.gov.vn,Could not resolve host: owa.keypay.gov.vn,none
owa.lanhsuvietnam.gov.vn,Could not resolve host: owa.lanhsuvietnam.gov.vn,none
owa.mangkinhdoanh.gov.vn,Could not resolve host: owa.mangkinhdoanh.gov.vn,none
owa.mard.gov.vn,Could not resolve host: owa.mard.gov.vn,none
owa.mic.gov.vn,Could not resolve host: owa.mic.gov.vn,none
owa.moet.gov.vn,Could not resolve host: owa.moet.gov.vn,none
owa.mofa.gov.vn,Could not resolve host: owa.mofa.gov.vn,none
owa.moha.gov.vn,Could not resolve host: owa.moha.gov.vn,none
owa.moj.gov.vn,502,none
owa.molisa.gov.vn,Could not resolve host: owa.molisa.gov.vn,none
owa.most.gov.vn,Could not resolve host: owa.most.gov.vn,none
owa.mot.gov.vn,Could not resolve host: owa.mot.gov.vn,none
owa.mpi.gov.vn,SSL certificate problem: unable to get local issuer certificate,none
owa.mt.gov.vn,Could not resolve host: owa.mt.gov.vn,none
owa.nghean.gov.vn,Could not resolve host: owa.nghean.gov.vn,none
owa.ngoquyen.gov.vn,Could not resolve host: owa.ngoquyen.gov.vn,none
owa.quangninh.gov.vn,Could not resolve host: owa.quangninh.gov.vn,none
owa.sbv.gov.vn,Could not resolve host: owa.sbv.gov.vn,none
owa.thudo.gov.vn,Could not resolve host: owa.thudo.gov.vn,none
owa.toaan.gov.vn,Could not resolve host: owa.toaan.gov.vn,none
owa.tongcucthuysan.gov.vn,Connection timed out after 3000 milliseconds,none
owa.vass.gov.vn,404,none
owa.vast.gov.vn,Could not resolve host: owa.vast.gov.vn,none
owa.vea.gov.vn,Could not resolve host: owa.vea.gov.vn,none
owa.vnsw.gov.vn,Could not resolve host: owa.vnsw.gov.vn,none
owa.vov.gov.vn,Recv failure: Connexion ré-initialisée par le correspondant,none
owa.xuatnhapcanh.gov.vn,Could not resolve host: owa.xuatnhapcanh.gov.vn,none
pctnxhbrvt.gov.vn,Could not resolve host: pctnxhbrvt.gov.vn,none
phanmem.ecc-hcm.gov.vn,Could not resolve host: phanmem.ecc-hcm.gov.vn,none
phapydanang.gov.vn,Could not resolve host: phapydanang.gov.vn,none
phobiengdplttn-binhphuoc.gov.vn,Could not resolve host: phobiengdplttn-binhphuoc.gov.vn,none
phongchonglutbaotphcm.gov.vn,200,none
phongtraoantq.gov.vn,Could not resolve host: phongtraoantq.gov.vn,none
phuloc.thuathienhue.gov.vn,Could not resolve host: phuloc.thuathienhue.gov.vn,none
phunu.caobang.gov.vn,200,none
phuochoi.gov.vn,Could not resolve host: phuochoi.gov.vn,none
phuoclong.gov.vn,Could not resolve host: phuoclong.gov.vn,none
phuong6tanbinh.gov.vn,200,none
phuonganlac.cantho.gov.vn,Resolving timed out after 3000 milliseconds,dig error
phuongnguyenthaibinh.gov.vn,Could not resolve host: phuongnguyenthaibinh.gov.vn,none
phuongquoctugiam.gov.vn,Could not resolve host: phuongquoctugiam.gov.vn,none
phuyen.gov.vn,Could not resolve host: phuyen.gov.vn,none
pmqlda.ecc-hcm.gov.vn,Could not resolve host: pmqlda.ecc-hcm.gov.vn,none
pnvchauthanh.gov.vn,Could not resolve host: pnvchauthanh.gov.vn,none
pop.binhduong.gov.vn,Could not resolve host: pop.binhduong.gov.vn,none
pop.longan.gov.vn,Could not resolve host: pop.longan.gov.vn,none
portal.mpi.gov.vn,Could not resolve host: portal.mpi.gov.vn,none
portaldb.stnmt.dongnai.gov.vn,Connection timed out after 3002 milliseconds,none
project.csed.gov.vn,Could not resolve host: project.csed.gov.vn,none
proxy.cantho.gov.vn,Resolving timed out after 3000 milliseconds,dig error
pyttkvtphcm.gov.vn,SSL: no alternative certificate subject name matches target hostname 'pyttkvtphcm.gov.vn',none
pyttmientrung.moh.gov.vn,200,none
qh.gov.vn,Failed to connect to qh.gov.vn port 443 after 558 ms: Could not connect to server,none
qhkdquangngai.gov.vn,Could not resolve host: qhkdquangngai.gov.vn,none
qhkthn.gov.vn,SSL certificate problem: certificate has expired,none
qhqcnt-dongnai.gov.vn,Could not resolve host: qhqcnt-dongnai.gov.vn,none
qlclbinhduong.gov.vn,Could not resolve host: qlclbinhduong.gov.vn,none
qldl.baotangcm.gov.vn,Could not resolve host: qldl.baotangcm.gov.vn,none
qlhanhnghekcb.gov.vn,200,10 mail.qlhanhnghekcb.gov.vn.
qlns.monre.gov.vn,SSL certificate problem: unable to get local issuer certificate,none
qlts.sbv.gov.vn,Could not resolve host: qlts.sbv.gov.vn,none
qltsc.gialai.gov.vn,Could not resolve host: qltsc.gialai.gov.vn,none
qltthatinh.gov.vn,Could not resolve host: qltthatinh.gov.vn,none
qlvb.bandanvan.daklak.gov.vn,Resolving timed out after 3001 milliseconds,none
qlvb.bannoichinh.daklak.gov.vn,Resolving timed out after 3000 milliseconds,none
qlvb.bao.daklak.gov.vn,Resolving timed out after 3000 milliseconds,none
qlvb.bcdtaynguyen.daklak.gov.vn,Resolving timed out after 3001 milliseconds,none
qlvb.bcec.daklak.gov.vn,Resolving timed out after 3000 milliseconds,none
qlvb.bchqs.daklak.gov.vn,Resolving timed out after 3000 milliseconds,none
qlvb.bdbp.daklak.gov.vn,Resolving timed out after 3000 milliseconds,none
qlvb.bhxh.daklak.gov.vn,Resolving timed out after 3000 milliseconds,none
qlvb.bmt.daklak.gov.vn,Resolving timed out after 3000 milliseconds,none
qlvb.bqlkcn.daklak.gov.vn,Resolving timed out after 3000 milliseconds,none
qlvb.btg.daklak.gov.vn,Resolving timed out after 3000 milliseconds,dig error
qlvb.buondon.daklak.gov.vn,Resolving timed out after 3000 milliseconds,none
qlvb.buonho.daklak.gov.vn,Resolving timed out after 3000 milliseconds,none
qlvb.cdntn.daklak.gov.vn,Resolving timed out after 3000 milliseconds,none
qlvb.cdtntn.daklak.gov.vn,Resolving timed out after 3001 milliseconds,dig error
qlvb.cdvc.daklak.gov.vn,Resolving timed out after 3000 milliseconds,dig error
qlvb.chuthapdo.daklak.gov.vn,Resolving timed out after 3000 milliseconds,none
qlvb.congan.daklak.gov.vn,Resolving timed out after 3000 milliseconds,none
qlvb.congthuong.daklak.gov.vn,Resolving timed out after 3001 milliseconds,none
qlvb.cukuin.daklak.gov.vn,Resolving timed out after 3000 milliseconds,none
qlvb.cumgar.daklak.gov.vn,Resolving timed out after 3001 milliseconds,dig error
qlvb.cuuchienbinh.daklak.gov.vn,Resolving timed out after 3000 milliseconds,none
qlvb.daklak.gov.vn,200,none
qlvb.dantoc.daklak.gov.vn,Resolving timed out after 3001 milliseconds,dig error
qlvb.dbqh.daklak.gov.vn,Resolving timed out after 3002 milliseconds,none
qlvb.dukcqdcd.daklak.gov.vn,Resolving timed out after 3002 milliseconds,dig error
qlvb.eahleo.daklak.gov.vn,Resolving timed out after 3001 milliseconds,none
qlvb.eakar.daklak.gov.vn,Could not resolve host: qlvb.eakar.daklak.gov.vn,dig error
qlvb.easup.daklak.gov.vn,Could not resolve host: qlvb.easup.daklak.gov.vn,none
qlvb.gddt.daklak.gov.vn,Resolving timed out after 3001 milliseconds,none
qlvb.gtvt.daklak.gov.vn,Resolving timed out after 3001 milliseconds,dig error
qlvb.haiquan.daklak.gov.vn,Could not resolve host: qlvb.haiquan.daklak.gov.vn,none
qlvb.hdnd.daklak.gov.vn,Could not resolve host: qlvb.hdnd.daklak.gov.vn,none
qlvb.hlhpn.daklak.gov.vn,Could not resolve host: qlvb.hlhpn.daklak.gov.vn,dig error
qlvb.hoinhabao.daklak.gov.vn,Could not resolve host: qlvb.hoinhabao.daklak.gov.vn,none
qlvb.hoinongdan.daklak.gov.vn,Resolving timed out after 3001 milliseconds,dig error
qlvb.kbnn.daklak.gov.vn,Resolving timed out after 3000 milliseconds,none
qlvb.khcn.daklak.gov.vn,Could not resolve host: qlvb.khcn.daklak.gov.vn,dig error
qlvb.khdt.daklak.gov.vn,Could not resolve host: qlvb.khdt.daklak.gov.vn,none
qlvb.krongana.daklak.gov.vn,Resolving timed out after 3000 milliseconds,none
qlvb.krongbong.daklak.gov.vn,Could not resolve host: qlvb.krongbong.daklak.gov.vn,none
qlvb.krongbuk.daklak.gov.vn,Could not resolve host: qlvb.krongbuk.daklak.gov.vn,none
qlvb.krongnang.daklak.gov.vn,Could not resolve host: qlvb.krongnang.daklak.gov.vn,none
qlvb.krongpak.daklak.gov.vn,Could not resolve host: qlvb.krongpak.daklak.gov.vn,dig error
qlvb.lak.daklak.gov.vn,Could not resolve host: qlvb.lak.daklak.gov.vn,none
qlvb.ldld.daklak.gov.vn,Could not resolve host: qlvb.ldld.daklak.gov.vn,none
qlvb.ldtbxh.daklak.gov.vn,Could not resolve host: qlvb.ldtbxh.daklak.gov.vn,none
qlvb.lhctchn.daklak.gov.vn,Could not resolve host: qlvb.lhctchn.daklak.gov.vn,none
qlvb.lhkhkt.daklak.gov.vn,Resolving timed out after 3000 milliseconds,none
qlvb.lmhtx.daklak.gov.vn,Could not resolve host: qlvb.lmhtx.daklak.gov.vn,none
qlvb.madrak.daklak.gov.vn,Could not resolve host: qlvb.madrak.daklak.gov.vn,none
qlvb.moha.gov.vn,Connection timed out after 3002 milliseconds,none
qlvb.ngoaivu.daklak.gov.vn,Could not resolve host: qlvb.ngoaivu.daklak.gov.vn,dig error
qlvb.nhnn.daklak.gov.vn,Could not resolve host: qlvb.nhnn.daklak.gov.vn,none
qlvb.nnptnt.daklak.gov.vn,Could not resolve host: qlvb.nnptnt.daklak.gov.vn,none
qlvb.noivu.daklak.gov.vn,Could not resolve host: qlvb.noivu.daklak.gov.vn,none
qlvb.ptqd.daklak.gov.vn,Could not resolve host: qlvb.ptqd.daklak.gov.vn,dig error
qlvb.ptth.daklak.gov.vn,Could not resolve host: qlvb.ptth.daklak.gov.vn,none
qlvb.taichinh.daklak.gov.vn,Could not resolve host: qlvb.taichinh.daklak.gov.vn,none
qlvb.tand.daklak.gov.vn,Could not resolve host: qlvb.tand.daklak.gov.vn,none
qlvb.tdkt.daklak.gov.vn,Could not resolve host: qlvb.tdkt.daklak.gov.vn,none
qlvb.thanhtra.daklak.gov.vn,Could not resolve host: qlvb.thanhtra.daklak.gov.vn,dig error
qlvb.thongke.daklak.gov.vn,Could not resolve host: qlvb.thongke.daklak.gov.vn,none
qlvb.thue.daklak.gov.vn,Could not resolve host: qlvb.thue.daklak.gov.vn,none
qlvb.thunghiem.daklak.gov.vn,Could not resolve host: qlvb.thunghiem.daklak.gov.vn,none
qlvb.tinhdoan.daklak.gov.vn,Could not resolve host: qlvb.tinhdoan.daklak.gov.vn,none
qlvb.tmdt.daklak.gov.vn,Could not resolve host: qlvb.tmdt.daklak.gov.vn,none
qlvb.tnmt.daklak.gov.vn,Could not resolve host: qlvb.tnmt.daklak.gov.vn,none
qlvb.tttt.daklak.gov.vn,Could not resolve host: qlvb.tttt.daklak.gov.vn,none
qlvb.tuphap.daklak.gov.vn,Could not resolve host: qlvb.tuphap.daklak.gov.vn,none
qlvb.ubbc.daklak.gov.vn,Could not resolve host: qlvb.ubbc.daklak.gov.vn,none
qlvb.vhttdl.daklak.gov.vn,Could not resolve host: qlvb.vhttdl.daklak.gov.vn,dig error
qlvb.vksbinhphuoc.gov.vn,Could not resolve host: qlvb.vksbinhphuoc.gov.vn,none
qlvb.vksnd.daklak.gov.vn,Could not resolve host: qlvb.vksnd.daklak.gov.vn,none
qlvb.vpdbqh.daklak.gov.vn,Could not resolve host: qlvb.vpdbqh.daklak.gov.vn,none
qlvb.vpddbqh.daklak.gov.vn,Could not resolve host: qlvb.vpddbqh.daklak.gov.vn,none
qlvb.vphdnd.daklak.gov.vn,Could not resolve host: qlvb.vphdnd.daklak.gov.vn,none
qlvb.vptinhuy.daklak.gov.vn,Could not resolve host: qlvb.vptinhuy.daklak.gov.vn,none
qlvb.vpubnd.daklak.gov.vn,Could not resolve host: qlvb.vpubnd.daklak.gov.vn,dig error
qlvb.xaydung.daklak.gov.vn,Could not resolve host: qlvb.xaydung.daklak.gov.vn,none
qlvb.yte.daklak.gov.vn,Could not resolve host: qlvb.yte.daklak.gov.vn,none
qtc.gov.vn,Could not resolve host: qtc.gov.vn,10 pro14.emailserver.vn.
qtdnd.sbv.gov.vn,Could not resolve host: qtdnd.sbv.gov.vn,none
quan1hcm.gov.vn,Could not resolve host: quan1hcm.gov.vn,none
quandoan5.gov.vn,Could not resolve host: quandoan5.gov.vn,none
quangbinh.gov.vn,Could not resolve host: quangbinh.gov.vn,20 smtp.quangbinh.gov.vn.
quangninh.gov.vn,Could not resolve host: quangninh.gov.vn,none
quangtri.gov.vn,Could not resolve host: quangtri.gov.vn,none
quanhelaodong.gov.vn,Could not resolve host: quanhelaodong.gov.vn,none
quanlydothitamky.gov.vn,Could not resolve host: quanlydothitamky.gov.vn,none
quanlyluutru.lamdong.gov.vn,Could not resolve host: quanlyluutru.lamdong.gov.vn,none
quantracmoitruong.dongnai.gov.vn,Could not resolve host: quantracmoitruong.dongnai.gov.vn,none
quatest4.gov.vn,Could not resolve host: quatest4.gov.vn,none
quydautuphattrien.ninhbinh.gov.vn,Could not resolve host: quydautuphattrien.ninhbinh.gov.vn,none
quyhop.gov.vn,Could not resolve host: quyhop.gov.vn,none
rdg.gdt.gov.vn,Could not resolve host: rdg.gdt.gov.vn,none
report.keypay.gov.vn,Could not resolve host: report.keypay.gov.vn,none
reserved.tayninh.gov.vn,Could not resolve host: reserved.tayninh.gov.vn,none
rudec.gov.vn,Could not resolve host: rudec.gov.vn,none
sachnxbtc.gov.vn,Could not resolve host: sachnxbtc.gov.vn,none
sav.gov.vn,Could not resolve host: sav.gov.vn,none
sbv.gov.vn,Could not resolve host: sbv.gov.vn,10 smtp1.sbv.gov.vn.
sct.lamdong.gov.vn,Could not resolve host: sct.lamdong.gov.vn,none
sct.longan.gov.vn,Could not resolve host: sct.longan.gov.vn,none
server.tuangiao.gov.vn,Could not resolve host: server.tuangiao.gov.vn,none
sgddt.longan.gov.vn,Could not resolve host: sgddt.longan.gov.vn,none
sgtvt.longan.gov.vn,Could not resolve host: sgtvt.longan.gov.vn,none
share.mot.gov.vn,Could not resolve host: share.mot.gov.vn,none
singapore.hongphong.gov.vn,Could not resolve host: singapore.hongphong.gov.vn,none
sip.mof.gov.vn,Could not resolve host: sip.mof.gov.vn,none
sipexternal.mof.gov.vn,Could not resolve host: sipexternal.mof.gov.vn,none
skhcn.longan.gov.vn,Could not resolve host: skhcn.longan.gov.vn,none
skhdt.bacgiang.gov.vn,Could not resolve host: skhdt.bacgiang.gov.vn,none
skhdt.longan.gov.vn,Connection timed out after 3002 milliseconds,none
sldtbxh.bacgiang.gov.vn,Could not resolve host: sldtbxh.bacgiang.gov.vn,none
sldtbxh.longan.gov.vn,Could not resolve host: sldtbxh.longan.gov.vn,none
sldtbxh.ninhbinh.gov.vn,Could not resolve host: sldtbxh.ninhbinh.gov.vn,none
smartcity.phuquoc.gov.vn,Could not resolve host: smartcity.phuquoc.gov.vn,none
smedec.gov.vn,Could not resolve host: smedec.gov.vn,none
smtp.bandanvan.daklak.gov.vn,Could not resolve host: smtp.bandanvan.daklak.gov.vn,dig error
smtp.bao.daklak.gov.vn,Could not resolve host: smtp.bao.daklak.gov.vn,none
smtp.bcdtaynguyen.daklak.gov.vn,Could not resolve host: smtp.bcdtaynguyen.daklak.gov.vn,none
smtp.bcec.daklak.gov.vn,Could not resolve host: smtp.bcec.daklak.gov.vn,none
smtp.bchqs.daklak.gov.vn,Could not resolve host: smtp.bchqs.daklak.gov.vn,none
smtp.bdbp.daklak.gov.vn,Could not resolve host: smtp.bdbp.daklak.gov.vn,none
smtp.bhxh.daklak.gov.vn,Could not resolve host: smtp.bhxh.daklak.gov.vn,none
smtp.binhduong.gov.vn,Could not resolve host: smtp.binhduong.gov.vn,none
smtp.bmt.daklak.gov.vn,Could not resolve host: smtp.bmt.daklak.gov.vn,dig error
smtp.bqlkcn.daklak.gov.vn,Could not resolve host: smtp.bqlkcn.daklak.gov.vn,none
smtp.btg.daklak.gov.vn,Could not resolve host: smtp.btg.daklak.gov.vn,dig error
smtp.buondon.daklak.gov.vn,Could not resolve host: smtp.buondon.daklak.gov.vn,dig error
smtp.buonho.daklak.gov.vn,Could not resolve host: smtp.buonho.daklak.gov.vn,none
smtp.cdntn.daklak.gov.vn,Could not resolve host: smtp.cdntn.daklak.gov.vn,none
smtp.cdtntn.daklak.gov.vn,Could not resolve host: smtp.cdtntn.daklak.gov.vn,none
smtp.cdvc.daklak.gov.vn,Could not resolve host: smtp.cdvc.daklak.gov.vn,none
smtp.chuthapdo.daklak.gov.vn,Could not resolve host: smtp.chuthapdo.daklak.gov.vn,none
smtp.congan.daklak.gov.vn,Could not resolve host: smtp.congan.daklak.gov.vn,dig error
smtp.congthuong.daklak.gov.vn,Could not resolve host: smtp.congthuong.daklak.gov.vn,none
smtp.cukuin.daklak.gov.vn,Resolving timed out after 3000 milliseconds,none
smtp.cumgar.daklak.gov.vn,Could not resolve host: smtp.cumgar.daklak.gov.vn,none
smtp.cuuchienbinh.daklak.gov.vn,Could not resolve host: smtp.cuuchienbinh.daklak.gov.vn,dig error
smtp.daklak.gov.vn,Could not resolve host: smtp.daklak.gov.vn,none
smtp.dantoc.daklak.gov.vn,Could not resolve host: smtp.dantoc.daklak.gov.vn,dig error
smtp.dbqh.daklak.gov.vn,Could not resolve host: smtp.dbqh.daklak.gov.vn,dig error
smtp.dukcqdcd.daklak.gov.vn,Could not resolve host: smtp.dukcqdcd.daklak.gov.vn,dig error
smtp.eahleo.daklak.gov.vn,Could not resolve host: smtp.eahleo.daklak.gov.vn,dig error
smtp.eakar.daklak.gov.vn,Could not resolve host: smtp.eakar.daklak.gov.vn,dig error
smtp.easup.daklak.gov.vn,Could not resolve host: smtp.easup.daklak.gov.vn,dig error
smtp.gddt.daklak.gov.vn,Could not resolve host: smtp.gddt.daklak.gov.vn,dig error
smtp.gtvt.daklak.gov.vn,Could not resolve host: smtp.gtvt.daklak.gov.vn,dig error
smtp.haiquan.daklak.gov.vn,Could not resolve host: smtp.haiquan.daklak.gov.vn,dig error
smtp.hdnd.daklak.gov.vn,Could not resolve host: smtp.hdnd.daklak.gov.vn,dig error
smtp.hlhpn.daklak.gov.vn,Could not resolve host: smtp.hlhpn.daklak.gov.vn,dig error
smtp.hoinhabao.daklak.gov.vn,Could not resolve host: smtp.hoinhabao.daklak.gov.vn,dig error
smtp.hoinongdan.daklak.gov.vn,Resolving timed out after 3001 milliseconds,dig error
smtp.kbnn.daklak.gov.vn,Could not resolve host: smtp.kbnn.daklak.gov.vn,dig error
smtp.khcn.daklak.gov.vn,Could not resolve host: smtp.khcn.daklak.gov.vn,dig error
smtp.khdt.daklak.gov.vn,Could not resolve host: smtp.khdt.daklak.gov.vn,dig error
smtp.krongana.daklak.gov.vn,Could not resolve host: smtp.krongana.daklak.gov.vn,dig error
smtp.krongbong.daklak.gov.vn,Could not resolve host: smtp.krongbong.daklak.gov.vn,dig error
smtp.krongbuk.daklak.gov.vn,Could not resolve host: smtp.krongbuk.daklak.gov.vn,dig error
smtp.krongnang.daklak.gov.vn,Could not resolve host: smtp.krongnang.daklak.gov.vn,dig error
smtp.krongpak.daklak.gov.vn,Could not resolve host: smtp.krongpak.daklak.gov.vn,dig error
smtp.lak.daklak.gov.vn,Could not resolve host: smtp.lak.daklak.gov.vn,dig error
smtp.ldld.daklak.gov.vn,Could not resolve host: smtp.ldld.daklak.gov.vn,dig error
smtp.ldtbxh.daklak.gov.vn,Could not resolve host: smtp.ldtbxh.daklak.gov.vn,dig error
smtp.lhkhkt.daklak.gov.vn,Resolving timed out after 3001 milliseconds,dig error
smtp.lmhtx.daklak.gov.vn,Could not resolve host: smtp.lmhtx.daklak.gov.vn,dig error
smtp.longan.gov.vn,Could not resolve host: smtp.longan.gov.vn,none
smtp.madrak.daklak.gov.vn,Resolving timed out after 3000 milliseconds,dig error
smtp.ngoaivu.daklak.gov.vn,Could not resolve host: smtp.ngoaivu.daklak.gov.vn,dig error
smtp.nhnn.daklak.gov.vn,Could not resolve host: smtp.nhnn.daklak.gov.vn,dig error
smtp.nnptnt.daklak.gov.vn,Could not resolve host: smtp.nnptnt.daklak.gov.vn,dig error
smtp.noivu.daklak.gov.vn,Resolving timed out after 3000 milliseconds,dig error
smtp.ptqd.daklak.gov.vn,Resolving timed out after 3000 milliseconds,dig error
smtp.ptth.daklak.gov.vn,Could not resolve host: smtp.ptth.daklak.gov.vn,dig error
smtp.taichinh.daklak.gov.vn,Could not resolve host: smtp.taichinh.daklak.gov.vn,dig error
smtp.tand.daklak.gov.vn,Could not resolve host: smtp.tand.daklak.gov.vn,dig error
smtp.tdkt.daklak.gov.vn,Could not resolve host: smtp.tdkt.daklak.gov.vn,dig error
smtp.thanhtra.daklak.gov.vn,Could not resolve host: smtp.thanhtra.daklak.gov.vn,dig error
smtp.thongke.daklak.gov.vn,Could not resolve host: smtp.thongke.daklak.gov.vn,dig error
smtp.thue.daklak.gov.vn,Could not resolve host: smtp.thue.daklak.gov.vn,dig error
smtp.thunghiem.daklak.gov.vn,Could not resolve host: smtp.thunghiem.daklak.gov.vn,dig error
smtp.tinhdoan.daklak.gov.vn,Could not resolve host: smtp.tinhdoan.daklak.gov.vn,dig error
smtp.tmdt.daklak.gov.vn,Could not resolve host: smtp.tmdt.daklak.gov.vn,dig error
smtp.tnmt.daklak.gov.vn,Could not resolve host: smtp.tnmt.daklak.gov.vn,dig error
smtp.tttt.daklak.gov.vn,Could not resolve host: smtp.tttt.daklak.gov.vn,dig error
smtp.tuphap.daklak.gov.vn,Could not resolve host: smtp.tuphap.daklak.gov.vn,dig error
smtp.vhttdl.daklak.gov.vn,Could not resolve host: smtp.vhttdl.daklak.gov.vn,dig error
smtp.vksnd.daklak.gov.vn,Could not resolve host: smtp.vksnd.daklak.gov.vn,dig error
smtp.vpdbqh.daklak.gov.vn,Could not resolve host: smtp.vpdbqh.daklak.gov.vn,dig error
smtp.vpddbqh.daklak.gov.vn,Could not resolve host: smtp.vpddbqh.daklak.gov.vn,dig error
smtp.vphdnd.daklak.gov.vn,Could not resolve host: smtp.vphdnd.daklak.gov.vn,dig error
smtp.vptinhuy.daklak.gov.vn,Could not resolve host: smtp.vptinhuy.daklak.gov.vn,dig error
smtp.vpubnd.daklak.gov.vn,Could not resolve host: smtp.vpubnd.daklak.gov.vn,dig error
smtp.xaydung.daklak.gov.vn,Could not resolve host: smtp.xaydung.daklak.gov.vn,dig error
smtp.yte.daklak.gov.vn,Could not resolve host: smtp.yte.daklak.gov.vn,dig error
smtp1.haiphong.gov.vn,Could not resolve host: smtp1.haiphong.gov.vn,none
sngv.longan.gov.vn,Could not resolve host: sngv.longan.gov.vn,none
snnptnt.longan.gov.vn,Could not resolve host: snnptnt.longan.gov.vn,none
snv.longan.gov.vn,Could not resolve host: snv.longan.gov.vn,none
socongthuong.bacgiang.gov.vn,Could not resolve host: socongthuong.bacgiang.gov.vn,none
socongthuong.hatinh.gov.vn,Could not resolve host: socongthuong.hatinh.gov.vn,none
soctrang.gov.vn,Could not resolve host: soctrang.gov.vn,10 antispam.soctrang.gov.vn.
sogtvt.baria-vungtau.gov.vn,Could not resolve host: sogtvt.baria-vungtau.gov.vn,10 mx2.baria-vungtau.gov.vn.; 5 mx1.baria-vungtau.gov.vn.
sondong.bacgiang.gov.vn,Could not resolve host: sondong.bacgiang.gov.vn,none
songoaivu.bacgiang.gov.vn,Could not resolve host: songoaivu.bacgiang.gov.vn,none
songoaivu.baria-vungtau.gov.vn,Could not resolve host: songoaivu.baria-vungtau.gov.vn,10 mx2.baria-vungtau.gov.vn.; 5 mx1.baria-vungtau.gov.vn.
sonla.gov.vn,Could not resolve host: sonla.gov.vn,1 SMTP.GOOGLE.COM.
sonoivu.bacgiang.gov.vn,Could not resolve host: sonoivu.bacgiang.gov.vn,none
sotaichinh.backan.gov.vn,Could not resolve host: sotaichinh.backan.gov.vn,dig error
sotaichinh.binhduong.gov.vn,Could not resolve host: sotaichinh.binhduong.gov.vn,none
sotaichinh.hanoi.gov.vn,Could not resolve host: sotaichinh.hanoi.gov.vn,dig error
sotaichinh.ninhbinh.gov.vn,Could not resolve host: sotaichinh.ninhbinh.gov.vn,none
sotaichinhbackan.gov.vn,Could not resolve host: sotaichinhbackan.gov.vn,none
sotnmt.ninhbinh.gov.vn,301,none
sovhttdl.kiengiang.gov.vn,Could not resolve host: sovhttdl.kiengiang.gov.vn,none
sso.monre.gov.vn,Could not resolve host: sso.monre.gov.vn,none
sso.thuathienhue.gov.vn,Could not resolve host: sso.thuathienhue.gov.vn,none
sso.vnforest.gov.vn,Could not resolve host: sso.vnforest.gov.vn,none
sso1.monre.gov.vn,Could not resolve host: sso1.monre.gov.vn,none
stas.gov.vn,Could not resolve host: stas.gov.vn,10 mail.stas.gov.vn.
stc.bacgiang.gov.vn,Could not resolve host: stc.bacgiang.gov.vn,none
stc.longan.gov.vn,Could not resolve host: stc.longan.gov.vn,none
stnmt.dongnai.gov.vn,Could not resolve host: stnmt.dongnai.gov.vn,none
stnmt.longan.gov.vn,Could not resolve host: stnmt.longan.gov.vn,none
stp.bacgiang.gov.vn,Could not resolve host: stp.bacgiang.gov.vn,none
stp.binhduong.gov.vn,Could not resolve host: stp.binhduong.gov.vn,none
stp.longan.gov.vn,Could not resolve host: stp.longan.gov.vn,none
stp.vpdt.haiphong.gov.vn,Could not resolve host: stp.vpdt.haiphong.gov.vn,none
stream1.cam.longbien.gov.vn,Could not resolve host: stream1.cam.longbien.gov.vn,none
stream2.cam.longbien.gov.vn,Could not resolve host: stream2.cam.longbien.gov.vn,none
stream3.cam.longbien.gov.vn,Could not resolve host: stream3.cam.longbien.gov.vn,none
stream4.cam.longbien.gov.vn,Could not resolve host: stream4.cam.longbien.gov.vn,none
stream5.cam.longbien.gov.vn,Could not resolve host: stream5.cam.longbien.gov.vn,none
stttt.longan.gov.vn,Could not resolve host: stttt.longan.gov.vn,none
stttt.thuathienhue.gov.vn,Could not resolve host: stttt.thuathienhue.gov.vn,none
stttt.tphcm.gov.vn,Could not resolve host: stttt.tphcm.gov.vn,none
suckhoemoitruongdongnai.gov.vn,Could not resolve host: suckhoemoitruongdongnai.gov.vn,none
support.csed.gov.vn,Could not resolve host: support.csed.gov.vn,none
svhttdl.bacgiang.gov.vn,Could not resolve host: svhttdl.bacgiang.gov.vn,none
svhttdl.longan.gov.vn,Could not resolve host: svhttdl.longan.gov.vn,none
sxd.longan.gov.vn,Could not resolve host: sxd.longan.gov.vn,none
syt.longan.gov.vn,Could not resolve host: syt.longan.gov.vn,none
taikhoan.mpi.gov.vn,Could not resolve host: taikhoan.mpi.gov.vn,none
taisancong.gialai.gov.vn,Could not resolve host: taisancong.gialai.gov.vn,none
tanan.longan.gov.vn,Could not resolve host: tanan.longan.gov.vn,none
tanchinh.gov.vn,Could not resolve host: tanchinh.gov.vn,none
tand.angiang.gov.vn,Could not resolve host: tand.angiang.gov.vn,none
tanhung.longan.gov.vn,Could not resolve host: tanhung.longan.gov.vn,none
tanthanh.longan.gov.vn,Could not resolve host: tanthanh.longan.gov.vn,none
tantru.longan.gov.vn,Could not resolve host: tantru.longan.gov.vn,none
tapchigiaoduc.e-ict.gov.vn,Could not resolve host: tapchigiaoduc.e-ict.gov.vn,none
taxoffice.gdt.gov.vn,Could not resolve host: taxoffice.gdt.gov.vn,none
tayninh.gov.vn,Could not resolve host: tayninh.gov.vn,10 mail.tayninh.gov.vn.
tccbbyt.gov.vn,Could not resolve host: tccbbyt.gov.vn,none
tctk-exch02.gso.gov.vn,Could not resolve host: tctk-exch02.gso.gov.vn,none
thacgian.gov.vn,Could not resolve host: thacgian.gov.vn,none
thachha.gov.vn,Could not resolve host: thachha.gov.vn,none
thachha.hatinh.gov.vn,Could not resolve host: thachha.hatinh.gov.vn,none
thainguyen.gov.vn,Could not resolve host: thainguyen.gov.vn,10 antispam.thainguyen.gov.vn.
thangtravel.vttc.gov.vn,Could not resolve host: thangtravel.vttc.gov.vn,none
thanhdoanbaclieu.gov.vn,Could not resolve host: thanhdoanbaclieu.gov.vn,none
thanhdoanhanoi.gov.vn,Could not resolve host: thanhdoanhanoi.gov.vn,none
thanhhoa.gov.vn,Could not resolve host: thanhhoa.gov.vn,10 secureidcmb.vnptdata.vn.
thanhhoa.longan.gov.vn,Could not resolve host: thanhhoa.longan.gov.vn,none
thanhphovinh.gov.vn,Could not resolve host: thanhphovinh.gov.vn,none
thanhtoanquamang.dkkd.gov.vn,Could not resolve host: thanhtoanquamang.dkkd.gov.vn,none
thanhtra.bacgiang.gov.vn,Could not resolve host: thanhtra.bacgiang.gov.vn,none
thanhtra.longan.gov.vn,Could not resolve host: thanhtra.longan.gov.vn,none
thanhtra.stnmt.dongnai.gov.vn,Could not resolve host: thanhtra.stnmt.dongnai.gov.vn,none
thanhtratamky.gov.vn,Could not resolve host: thanhtratamky.gov.vn,none
thanhuy.bacninh.gov.vn,Could not resolve host: thanhuy.bacninh.gov.vn,none
thaodien.gov.vn,Could not resolve host: thaodien.gov.vn,none
thitrancon.gov.vn,Could not resolve host: thitrancon.gov.vn,none
thoitiet.kiemlamangiang.gov.vn,Could not resolve host: thoitiet.kiemlamangiang.gov.vn,none
thongkegialai.gov.vn,Could not resolve host: thongkegialai.gov.vn,10 mail.thongkegialai.gov.vn.
thongkethaibinh.gov.vn,Could not resolve host: thongkethaibinh.gov.vn,10 mr.dotvndns.vn.
thongtinkhcn.binhthuan.gov.vn,Could not resolve host: thongtinkhcn.binhthuan.gov.vn,none
thp.phobiengdplttn-binhphuoc.gov.vn,Could not resolve host: thp.phobiengdplttn-binhphuoc.gov.vn,none
thuathienhue.gov.vn,Connection timed out after 3002 milliseconds,10 smtp.thuathienhue.gov.vn.
thudientu.danang.gov.vn,Could not resolve host: thudientu.danang.gov.vn,none
thudo.gov.vn,Could not resolve host: thudo.gov.vn,none
thuedientu.gdt.gov.vn,Could not resolve host: thuedientu.gdt.gov.vn,none
thuthua.longan.gov.vn,Could not resolve host: thuthua.longan.gov.vn,none
thuvientphcm.gov.vn,Could not resolve host: thuvientphcm.gov.vn,none
tieng-anh.eac.gov.vn,Could not resolve host: tieng-anh.eac.gov.vn,none
tieng-han.eac.gov.vn,Could not resolve host: tieng-han.eac.gov.vn,none
tieng-nhat.eac.gov.vn,Could not resolve host: tieng-nhat.eac.gov.vn,none
tieng-trung.eac.gov.vn,Could not resolve host: tieng-trung.eac.gov.vn,none
tienich.bg.gov.vn,Could not resolve host: tienich.bg.gov.vn,none
timkiemthongtinlietsi.caobang.gov.vn,Could not resolve host: timkiemthongtinlietsi.caobang.gov.vn,none
tinhdoan.caobang.gov.vn,Could not resolve host: tinhdoan.caobang.gov.vn,none
tinhdoan.hagiang.gov.vn,Could not resolve host: tinhdoan.hagiang.gov.vn,none
tinhdoanninhbinh.gov.vn,Could not resolve host: tinhdoanninhbinh.gov.vn,none
tinhdoanyenbai.gov.vn,SSL certificate problem: unable to get local issuer certificate,none
tinmoitruong.gov.vn,Could not resolve host: tinmoitruong.gov.vn,none
tncs.haiquanvungtau.gov.vn,Could not resolve host: tncs.haiquanvungtau.gov.vn,none
toaan.gov.vn,Could not resolve host: toaan.gov.vn,30 pop3.toaan.gov.vn.; 10 smtp.toaan.gov.vn.
toaanvinhthanh.gov.vn,Could not resolve host: toaanvinhthanh.gov.vn,none
tongcuclamnghiep.gov.vn,Could not resolve host: tongcuclamnghiep.gov.vn,none
tongcucthuysan.gov.vn,Could not resolve host: tongcucthuysan.gov.vn,30 aspmx3.googlemail.com.; 30 aspmx4.googlemail.com.; 30 aspmx5.googlemail.com.; 20 alt2.aspmx.l.google.com.; 10 aspmx.l.google.com.; 30 aspmx2.googlemail.com.; 20 alt1.aspmx.l.google.com.
topvietnamtravel.vttc.gov.vn,Could not resolve host: topvietnamtravel.vttc.gov.vn,none
tphcm.gov.vn,Could not resolve host: tphcm.gov.vn,60 gateway5.tphcm.gov.vn.; 80 gateway6.tphcm.gov.vn.; 10 gateway3.tphcm.gov.vn.; 20 gateway1.tphcm.gov.vn.; 50 gateway7.tphcm.gov.vn.; 30 gateway4.tphcm.gov.vn.; 40 gateway2.tphcm.gov.vn.; 70 gateway8.tphcm.gov.vn.
tracuu.dangkykinhdoanh.gov.vn,Could not resolve host: tracuu.dangkykinhdoanh.gov.vn,none
trangtinphapluat.quanlydothitamky.gov.vn,Could not resolve host: trangtinphapluat.quanlydothitamky.gov.vn,none
trangtinphapluat.thanhtratamky.gov.vn,Could not resolve host: trangtinphapluat.thanhtratamky.gov.vn,none
trangtinphapluatcom.quanlydothitamky.gov.vn,Could not resolve host: trangtinphapluatcom.quanlydothitamky.gov.vn,none
trithuc.gov.vn,Could not resolve host: trithuc.gov.vn,none
trungtamcndvtamky.gov.vn,Could not resolve host: trungtamcndvtamky.gov.vn,none
trungtamcsnguoitamthan.hanoi.gov.vn,Could not resolve host: trungtamcsnguoitamthan.hanoi.gov.vn,dig error
trungtamhanhchinhcong.camau.gov.vn,Could not resolve host: trungtamhanhchinhcong.camau.gov.vn,none
truongchinhtri.caobang.gov.vn,Could not resolve host: truongchinhtri.caobang.gov.vn,none
truongchinhtribg.gov.vn,Could not resolve host: truongchinhtribg.gov.vn,none
truongchinhtrihatinh.gov.vn,Could not resolve host: truongchinhtrihatinh.gov.vn,10 mail.truongchinhtrihatinh.gov.vn.
truongchinhtriquangnam.gov.vn,Could not resolve host: truongchinhtriquangnam.gov.vn,none
truongchinhtriyenbai.gov.vn,SSL certificate problem: unable to get local issuer certificate,none
truyenthong.stnmt.dongnai.gov.vn,Could not resolve host: truyenthong.stnmt.dongnai.gov.vn,none
ttbtctxh.ninhbinh.gov.vn,Could not resolve host: ttbtctxh.ninhbinh.gov.vn,none
ttcntt.stnmt.dongnai.gov.vn,Could not resolve host: ttcntt.stnmt.dongnai.gov.vn,none
ttcsvndnguoitamthan.gov.vn,Could not resolve host: ttcsvndnguoitamthan.gov.vn,10 mail.ttcsvndnguoitamthan.gov.vn.
ttdtvdvtdtthp.gov.vn,Could not resolve host: ttdtvdvtdtthp.gov.vn,none
tthdttn.tinhdoanyenbai.gov.vn,Could not resolve host: tthdttn.tinhdoanyenbai.gov.vn,none
tthngd.moet.gov.vn,Could not resolve host: tthngd.moet.gov.vn,none
ttknbaclieu.gov.vn,Could not resolve host: ttknbaclieu.gov.vn,none
ttknbinhduong.gov.vn,Could not resolve host: ttknbinhduong.gov.vn,none
ttktdcnd.dongnai.gov.vn,Could not resolve host: ttktdcnd.dongnai.gov.vn,none
ttlltpqg.gov.vn,Could not resolve host: ttlltpqg.gov.vn,none
ttpcdn.gov.vn,Could not resolve host: ttpcdn.gov.vn,none
ttptntthanhhoa.gov.vn,Could not resolve host: ttptntthanhhoa.gov.vn,none
ttptquydat.stnmt.dongnai.gov.vn,Could not resolve host: ttptquydat.stnmt.dongnai.gov.vn,none
ttqh-thuduc.tphcm.gov.vn,Could not resolve host: ttqh-thuduc.tphcm.gov.vn,none
ttyendinh.gov.vn,Could not resolve host: ttyendinh.gov.vn,none
ttytbinhminh.vinhlong.gov.vn,Could not resolve host: ttytbinhminh.vinhlong.gov.vn,none
ttytdpdt.gov.vn,Could not resolve host: ttytdpdt.gov.vn,none
ttyttrangbom.gov.vn,Could not resolve host: ttyttrangbom.gov.vn,none
tuoitre.bacgiang.gov.vn,Could not resolve host: tuoitre.bacgiang.gov.vn,none
tuoitre.baria-vungtau.gov.vn,Could not resolve host: tuoitre.baria-vungtau.gov.vn,none
tuoitretamdai.thanhtratamky.gov.vn,Could not resolve host: tuoitretamdai.thanhtratamky.gov.vn,none
tuvancongnghiepdongnai.gov.vn,Could not resolve host: tuvancongnghiepdongnai.gov.vn,none
tuyentruyen.dongthap.gov.vn,Could not resolve host: tuyentruyen.dongthap.gov.vn,none
tvvistec.gov.vn,Could not resolve host: tvvistec.gov.vn,none
ubmttq.kontum.gov.vn,Could not resolve host: ubmttq.kontum.gov.vn,none
ubmttqvn.kontum.gov.vn,Could not resolve host: ubmttqvn.kontum.gov.vn,none
ubndnhonmy.gov.vn,Could not resolve host: ubndnhonmy.gov.vn,none
ubndp14q3.gov.vn,Could not resolve host: ubndp14q3.gov.vn,none
ubox.csed.gov.vn,Could not resolve host: ubox.csed.gov.vn,none
ubox.csid.gov.vn,SSL certificate problem: unable to get local issuer certificate,none
uchat.csed.gov.vn,Could not resolve host: uchat.csed.gov.vn,none
umail-account.csid.gov.vn,SSL certificate problem: unable to get local issuer certificate,none
umail.csid.gov.vn,Could not resolve host: umail.csid.gov.vn,none
uman.csed.gov.vn,Could not resolve host: uman.csed.gov.vn,none
ungdung.stnmt.dongnai.gov.vn,Could not resolve host: ungdung.stnmt.dongnai.gov.vn,none
uybannhandanxaansinh.gov.vn,Could not resolve host: uybannhandanxaansinh.gov.vn,none
vanban.quandoan6.gov.vn,Could not resolve host: vanban.quandoan6.gov.vn,none
vanphongdientu.haiphong.gov.vn,Could not resolve host: vanphongdientu.haiphong.gov.vn,none
vanthuhqdt.haiquandongthap.gov.vn,Could not resolve host: vanthuhqdt.haiquandongthap.gov.vn,none
vass.gov.vn,Could not resolve host: vass.gov.vn,5 b.mx.hostvn.email.; 1 a.mx.hostvn.email.
vast.gov.vn,Could not resolve host: vast.gov.vn,10 mail.vast.vn.
vatlydiachat.gov.vn,200,10 mail.vatlydiachat.gov.vn.
vb.skhdt.quangtri.gov.vn,Could not resolve host: vb.skhdt.quangtri.gov.vn,none
vb.snv.quangtri.gov.vn,Could not resolve host: vb.snv.quangtri.gov.vn,none
vb.vksbacgiang.gov.vn,Could not resolve host: vb.vksbacgiang.gov.vn,none
vbdh.hoabinh.gov.vn,Could not resolve host: vbdh.hoabinh.gov.vn,dig error
vci.gov.vn,Could not resolve host: vci.gov.vn,10 ALT4.ASPMX.L.GOOGLE.COM.; 1 ASPMX.L.GOOGLE.COM.; 5 ALT1.ASPMX.L.GOOGLE.COM.; 5 ALT2.ASPMX.L.GOOGLE.COM.; 10 ALT3.ASPMX.L.GOOGLE.COM.
vea.gov.vn,Could not resolve host: vea.gov.vn,none
vhtt.ninhbinh.gov.vn,Could not resolve host: vhtt.ninhbinh.gov.vn,none
vhttdlkv3.gov.vn,Could not resolve host: vhttdlkv3.gov.vn,none
vieclamquangbinh.gov.vn,Could not resolve host: vieclamquangbinh.gov.vn,10 mx.viettelidc.com.vn.
vienkiemsathaiphong.gov.vn,Could not resolve host: vienkiemsathaiphong.gov.vn,none
vienkiemsathanam.gov.vn,Could not resolve host: vienkiemsathanam.gov.vn,none
vienkiemsathungyen.gov.vn,Could not resolve host: vienkiemsathungyen.gov.vn,none
vienkiemsatlangson.gov.vn,Could not resolve host: vienkiemsatlangson.gov.vn,none
vienkiemsattv.gov.vn,Could not resolve host: vienkiemsattv.gov.vn,none
vienkiemsatyenbai.gov.vn,Could not resolve host: vienkiemsatyenbai.gov.vn,none
vietgap.gov.vn,Could not resolve host: vietgap.gov.vn,none
vietnamvisa.gov.vn,Could not resolve host: vietnamvisa.gov.vn,none
vietyen.bacgiang.gov.vn,Could not resolve host: vietyen.bacgiang.gov.vn,none
vinhdien.gov.vn,Could not resolve host: vinhdien.gov.vn,none
vinhhung.longan.gov.vn,Could not resolve host: vinhhung.longan.gov.vn,none
vinhphuc.gov.vn,Could not resolve host: vinhphuc.gov.vn,10 mxb-0030f601.gslb.pphosted.com.; 10 mxa-0030f601.gslb.pphosted.com.
visa.mofa.gov.vn,SSL certificate problem: unable to get local issuer certificate,none
visatovietnam.gov.vn,Could not resolve host: visatovietnam.gov.vn,none
visavietnam.gov.vn,Could not resolve host: visavietnam.gov.vn,none
vistec.gov.vn,Could not resolve host: vistec.gov.vn,none
viwa-n.gov.vn,Could not resolve host: viwa-n.gov.vn,none
vksbacgiang.gov.vn,SSL certificate problem: certificate has expired,none
vksbaclieu.gov.vn,Could not resolve host: vksbaclieu.gov.vn,none
vksbinhphuoc.gov.vn,Could not resolve host: vksbinhphuoc.gov.vn,none
vkscapcaohcm.gov.vn,Could not resolve host: vkscapcaohcm.gov.vn,10 mail.vkscapcaohcm.gov.vn.
vksndthainguyen.gov.vn,Could not resolve host: vksndthainguyen.gov.vn,none
vkstuyenquang.gov.vn,Could not resolve host: vkstuyenquang.gov.vn,10 mail.vkstuyenquang.gov.vn.
vncert.gov.vn,Could not resolve host: vncert.gov.vn,10 mail.vncert.gov.vn.
vnciem.gov.vn,Could not resolve host: vnciem.gov.vn,none
vndma.gov.vn,Could not resolve host: vndma.gov.vn,none
vnewprotech.ecc-hcm.gov.vn,Could not resolve host: vnewprotech.ecc-hcm.gov.vn,none
vnsw.gov.vn,Could not resolve host: vnsw.gov.vn,none
vov.gov.vn,Could not resolve host: vov.gov.vn,10 118.70.137.119.
vpcongchungtamky.thanhtratamky.gov.vn,Could not resolve host: vpcongchungtamky.thanhtratamky.gov.vn,none
vpdpbinhduong.gov.vn,Could not resolve host: vpdpbinhduong.gov.vn,none
vpub.binhduong.gov.vn,Could not resolve host: vpub.binhduong.gov.vn,none
vttc.gov.vn,Could not resolve host: vttc.gov.vn,none
wadi.gov.vn,Could not resolve host: wadi.gov.vn,none
webdisk.antoanthucphamlamdong.gov.vn,Could not resolve host: webdisk.antoanthucphamlamdong.gov.vn,none
webdisk.bacgiang-iza.gov.vn,Could not resolve host: webdisk.bacgiang-iza.gov.vn,none
webdisk.bg.gov.vn,Could not resolve host: webdisk.bg.gov.vn,none
webdisk.bhxhangiang.gov.vn,Could not resolve host: webdisk.bhxhangiang.gov.vn,none
webdisk.bhxhbinhdinh.gov.vn,Could not resolve host: webdisk.bhxhbinhdinh.gov.vn,none
webdisk.bhxhbugiamap.gov.vn,Could not resolve host: webdisk.bhxhbugiamap.gov.vn,none
webdisk.danangtourism.gov.vn,Could not resolve host: webdisk.danangtourism.gov.vn,none
webdisk.danangwtocenter.gov.vn,Could not resolve host: webdisk.danangwtocenter.gov.vn,none
webdisk.dofabrvt.gov.vn,Could not resolve host: webdisk.dofabrvt.gov.vn,none
webdisk.dongphu.gov.vn,Could not resolve host: webdisk.dongphu.gov.vn,none
webdisk.foodsafety.gov.vn,Could not resolve host: webdisk.foodsafety.gov.vn,none
webdisk.haiquancamau.gov.vn,Could not resolve host: webdisk.haiquancamau.gov.vn,none
webdisk.hdndbudang.gov.vn,Could not resolve host: webdisk.hdndbudang.gov.vn,none
webdisk.ictc-binhphuoc.gov.vn,Could not resolve host: webdisk.ictc-binhphuoc.gov.vn,none
webdisk.ictninhbinh.gov.vn,Could not resolve host: webdisk.ictninhbinh.gov.vn,none
webdisk.locan.gov.vn,Could not resolve host: webdisk.locan.gov.vn,none
webdisk.longphuoc.gov.vn,Could not resolve host: webdisk.longphuoc.gov.vn,none
webdisk.pctnxhbrvt.gov.vn,Could not resolve host: webdisk.pctnxhbrvt.gov.vn,none
webdisk.quanhelaodong.gov.vn,Could not resolve host: webdisk.quanhelaodong.gov.vn,none
webdisk.smedec.gov.vn,Could not resolve host: webdisk.smedec.gov.vn,none
webdisk.tccbbyt.gov.vn,Could not resolve host: webdisk.tccbbyt.gov.vn,none
webdisk.thuvientphcm.gov.vn,Could not resolve host: webdisk.thuvientphcm.gov.vn,none
webdisk.ttptntthanhhoa.gov.vn,Could not resolve host: webdisk.ttptntthanhhoa.gov.vn,none
webdisk.ubndp14q3.gov.vn,Could not resolve host: webdisk.ubndp14q3.gov.vn,none
webdisk.vienkiemsathungyen.gov.vn,Could not resolve host: webdisk.vienkiemsathungyen.gov.vn,none
webdisk.vienkiemsatyenbai.gov.vn,Could not resolve host: webdisk.vienkiemsatyenbai.gov.vn,none
webdisk.vinhdien.gov.vn,Could not resolve host: webdisk.vinhdien.gov.vn,none
webdisk.vksbinhphuoc.gov.vn,Could not resolve host: webdisk.vksbinhphuoc.gov.vn,none
webdisk.vttc.gov.vn,Could not resolve host: webdisk.vttc.gov.vn,none
webmail.antoanthucphamlamdong.gov.vn,Could not resolve host: webmail.antoanthucphamlamdong.gov.vn,none
webmail.bacgiang-iza.gov.vn,Could not resolve host: webmail.bacgiang-iza.gov.vn,none
webmail.bg.gov.vn,Could not resolve host: webmail.bg.gov.vn,none
webmail.bhxhangiang.gov.vn,Could not resolve host: webmail.bhxhangiang.gov.vn,none
webmail.bhxhbinhdinh.gov.vn,Could not resolve host: webmail.bhxhbinhdinh.gov.vn,none
webmail.bhxhbugiamap.gov.vn,Could not resolve host: webmail.bhxhbugiamap.gov.vn,none
webmail.cantho.gov.vn,Resolving timed out after 3000 milliseconds,none
webmail.danangtourism.gov.vn,Could not resolve host: webmail.danangtourism.gov.vn,none
webmail.danangwtocenter.gov.vn,Could not resolve host: webmail.danangwtocenter.gov.vn,none
webmail.dofabrvt.gov.vn,Could not resolve host: webmail.dofabrvt.gov.vn,none
webmail.dskhhgdhanoi.gov.vn,Could not resolve host: webmail.dskhhgdhanoi.gov.vn,none
webmail.foodsafety.gov.vn,Could not resolve host: webmail.foodsafety.gov.vn,none
webmail.gso.gov.vn,Could not resolve host: webmail.gso.gov.vn,none
webmail.haiquancamau.gov.vn,Could not resolve host: webmail.haiquancamau.gov.vn,none
webmail.hdndbudang.gov.vn,Could not resolve host: webmail.hdndbudang.gov.vn,none
webmail.ictc-binhphuoc.gov.vn,Could not resolve host: webmail.ictc-binhphuoc.gov.vn,none
webmail.ictninhbinh.gov.vn,Could not resolve host: webmail.ictninhbinh.gov.vn,none
webmail.locan.gov.vn,Could not resolve host: webmail.locan.gov.vn,none
webmail.longphuoc.gov.vn,Could not resolve host: webmail.longphuoc.gov.vn,none
webmail.pctnxhbrvt.gov.vn,Could not resolve host: webmail.pctnxhbrvt.gov.vn,none
webmail.quanhelaodong.gov.vn,Could not resolve host: webmail.quanhelaodong.gov.vn,none
webmail.smedec.gov.vn,Could not resolve host: webmail.smedec.gov.vn,none
webmail.tccbbyt.gov.vn,Could not resolve host: webmail.tccbbyt.gov.vn,none
webmail.thuvientphcm.gov.vn,Could not resolve host: webmail.thuvientphcm.gov.vn,none
webmail.ttptntthanhhoa.gov.vn,Could not resolve host: webmail.ttptntthanhhoa.gov.vn,none
webmail.ubndp14q3.gov.vn,Could not resolve host: webmail.ubndp14q3.gov.vn,none
webmail.vienkiemsathungyen.gov.vn,Could not resolve host: webmail.vienkiemsathungyen.gov.vn,none
webmail.vienkiemsatyenbai.gov.vn,Could not resolve host: webmail.vienkiemsatyenbai.gov.vn,none
webmail.vinhdien.gov.vn,Could not resolve host: webmail.vinhdien.gov.vn,none
webmail.vttc.gov.vn,Could not resolve host: webmail.vttc.gov.vn,none
websihub.ecc-hcm.gov.vn,Could not resolve host: websihub.ecc-hcm.gov.vn,none
www.accesspoint.vpcp.gov.vn,Could not resolve host: www.accesspoint.vpcp.gov.vn,none
www.ami.gov.vn,Could not resolve host: www.ami.gov.vn,0 ami.gov.vn.
www.antoanthucphamlamdong.gov.vn,Could not resolve host: www.antoanthucphamlamdong.gov.vn,none
www.atgt.dongthap.gov.vn,Could not resolve host: www.atgt.dongthap.gov.vn,none
www.autodiscover.thanhhoa.gov.vn,Could not resolve host: www.autodiscover.thanhhoa.gov.vn,none
www.bacgiang-iza.gov.vn,Could not resolve host: www.bacgiang-iza.gov.vn,none
www.bacgiangdpi.gov.vn,Could not resolve host: www.bacgiangdpi.gov.vn,none
www.bachmai.gov.vn,Could not resolve host: www.bachmai.gov.vn,10 mail.bachmai.gov.vn.
www.banodaphuly.gov.vn,Could not resolve host: www.banodaphuly.gov.vn,none
www.banvstbpnhatinh.gov.vn,Could not resolve host: www.banvstbpnhatinh.gov.vn,none
www.benhviendakrlap.daknong.gov.vn,Could not resolve host: www.benhviendakrlap.daknong.gov.vn,none
www.bg.gov.vn,Could not resolve host: www.bg.gov.vn,none
www.bhxhangiang.gov.vn,Could not resolve host: www.bhxhangiang.gov.vn,none
www.bhxhbinhdinh.gov.vn,Could not resolve host: www.bhxhbinhdinh.gov.vn,none
www.bhxhbrvt.gov.vn,Could not resolve host: www.bhxhbrvt.gov.vn,none
www.bhxhbugiamap.gov.vn,Could not resolve host: www.bhxhbugiamap.gov.vn,none
www.bhxhdaklak.gov.vn,Could not resolve host: www.bhxhdaklak.gov.vn,none
www.bhxhninhbinh.gov.vn,Could not resolve host: www.bhxhninhbinh.gov.vn,none
www.bhxhthanhhoa.gov.vn,Could not resolve host: www.bhxhthanhhoa.gov.vn,none
www.bhxhvinhphuc.gov.vn,Could not resolve host: www.bhxhvinhphuc.gov.vn,none
www.binhduong.gov.vn,Could not resolve host: www.binhduong.gov.vn,none
www.book.haiquandongthap.gov.vn,Could not resolve host: www.book.haiquandongthap.gov.vn,none
www.bttc.gov.vn,Could not resolve host: www.bttc.gov.vn,none
www.bvtvhcm.gov.vn,Could not resolve host: www.bvtvhcm.gov.vn,none
www.c13ts.bhxhangiang.gov.vn,Could not resolve host: www.c13ts.bhxhangiang.gov.vn,none
www.caa.gov.vn,Connection timed out after 3001 milliseconds,none
www.cantho.gov.vn,200,none
www.cas.baria-vungtau.gov.vn,Could not resolve host: www.cas.baria-vungtau.gov.vn,none
www.cas.binhdinh.gov.vn,Connection timed out after 3001 milliseconds,none
www.cas.daklak.gov.vn,Could not resolve host: www.cas.daklak.gov.vn,dig error
www.cas.quangnam.gov.vn,Could not resolve host: www.cas.quangnam.gov.vn,none
www.cas.travinh.gov.vn,Could not resolve host: www.cas.travinh.gov.vn,none
www.catlaiq2.gov.vn,Could not resolve host: www.catlaiq2.gov.vn,none
www.catphatinh.gov.vn,Could not resolve host: www.catphatinh.gov.vn,none
www.ccklbacgiang.gov.vn,Could not resolve host: www.ccklbacgiang.gov.vn,none
www.cctshcm.gov.vn,Could not resolve host: www.cctshcm.gov.vn,none
www.cctybinhduong.gov.vn,Could not resolve host: www.cctybinhduong.gov.vn,none
www.cema.gov.vn,Could not resolve host: www.cema.gov.vn,none
www.cetac.gov.vn,Could not resolve host: www.cetac.gov.vn,none
www.cewaco.gov.vn,Could not resolve host: www.cewaco.gov.vn,none
www.chegtech.phuongquoctugiam.gov.vn,Could not resolve host: www.chegtech.phuongquoctugiam.gov.vn,none
www.chicucthuyloiyenbai.gov.vn,Could not resolve host: www.chicucthuyloiyenbai.gov.vn,none
www.chidoanstttt.ictc-binhphuoc.gov.vn,Could not resolve host: www.chidoanstttt.ictc-binhphuoc.gov.vn,none
www.chisocchc.dongthap.gov.vn,Could not resolve host: www.chisocchc.dongthap.gov.vn,dig error
www.circuit-vietnam.vttc.gov.vn,Could not resolve host: www.circuit-vietnam.vttc.gov.vn,none
www.cird.gov.vn,Could not resolve host: www.cird.gov.vn,none
www.cird.quanhelaodong.gov.vn,Could not resolve host: www.cird.quanhelaodong.gov.vn,none
www.congan.ninhbinh.gov.vn,Could not resolve host: www.congan.ninhbinh.gov.vn,none
www.conganlongan.gov.vn,Could not resolve host: www.conganlongan.gov.vn,none
www.conganmytu.gov.vn,Could not resolve host: www.conganmytu.gov.vn,none
www.conganquangninh.gov.vn,Could not resolve host: www.conganquangninh.gov.vn,none
www.conganxakimno.gov.vn,Could not resolve host: www.conganxakimno.gov.vn,none
www.congchung.gov.vn,Could not resolve host: www.congchung.gov.vn,1 ASPMX.L.GOOGLE.COM.; 5 ALT1.ASPMX.L.GOOGLE.COM.; 10 ALT3.ASPMX.L.GOOGLE.COM.; 5 ALT2.ASPMX.L.GOOGLE.COM.; 15 hmb2nb5egjpsonxa2wjqiku2mznr6n2qaivccfrzlaqoafkrb3ra.mx-verification.GOOGLE.COM.; 10 ALT4.ASPMX.L.GOOGLE.COM.
www.congthuongbackan.gov.vn,Could not resolve host: www.congthuongbackan.gov.vn,none
www.csdlmoitruong.ceid.gov.vn,Could not resolve host: www.csdlmoitruong.ceid.gov.vn,none
www.cti.gov.vn,Could not resolve host: www.cti.gov.vn,none
www.cucctpn-bvhttdl.gov.vn,Could not resolve host: www.cucctpn-bvhttdl.gov.vn,none
www.customs.gov.vn,Could not resolve host: www.customs.gov.vn,none
www.dafo.danang.gov.vn,Could not resolve host: www.dafo.danang.gov.vn,none
www.daitruyenthanhcujut.daknong.gov.vn,Could not resolve host: www.daitruyenthanhcujut.daknong.gov.vn,none
www.danangtourism.gov.vn,Could not resolve host: www.danangtourism.gov.vn,10 mail.danangtourism.gov.vn.
www.danangwtocenter.gov.vn,Could not resolve host: www.danangwtocenter.gov.vn,none
www.dangnhap.hanoi.gov.vn,Could not resolve host: www.dangnhap.hanoi.gov.vn,dig error
www.demo.khuyencongbinhphuoc.gov.vn,Could not resolve host: www.demo.khuyencongbinhphuoc.gov.vn,none
www.dichvucong.mt.gov.vn,Could not resolve host: www.dichvucong.mt.gov.vn,none
www.dkkd.gov.vn,Could not resolve host: www.dkkd.gov.vn,none
www.dmptc.gov.vn,Could not resolve host: www.dmptc.gov.vn,10 mr.pavietnam.vn.
www.dms.luutru.gov.vn,Could not resolve host: www.dms.luutru.gov.vn,none
www.doankhoicaccoquancaobang.gov.vn,Could not resolve host: www.doankhoicaccoquancaobang.gov.vn,none
www.dodacbando.gov.vn,Could not resolve host: www.dodacbando.gov.vn,65535 123.30.185.46.
www.dofabrvt.gov.vn,Could not resolve host: www.dofabrvt.gov.vn,none
www.doithoaidn.hochiminhcity.gov.vn,Could not resolve host: www.doithoaidn.hochiminhcity.gov.vn,none
www.dongphu.gov.vn,Could not resolve host: www.dongphu.gov.vn,none
www.dpi-bentre.gov.vn,Could not resolve host: www.dpi-bentre.gov.vn,none
www.dpi.ninhbinh.gov.vn,Could not resolve host: www.dpi.ninhbinh.gov.vn,none
www.dpibinhthuan.gov.vn,Could not resolve host: www.dpibinhthuan.gov.vn,none
www.dskhhgdhanoi.gov.vn,Could not resolve host: www.dskhhgdhanoi.gov.vn,none
www.duhoclienvietthanh.vttc.gov.vn,Could not resolve host: www.duhoclienvietthanh.vttc.gov.vn,none
www.dulich.mongcai.gov.vn,Could not resolve host: www.dulich.mongcai.gov.vn,none
www.dulichvinhphuc.gov.vn,Could not resolve host: www.dulichvinhphuc.gov.vn,none
www.dvc.luutru.gov.vn,Could not resolve host: www.dvc.luutru.gov.vn,none
www.e-ict.gov.vn,Could not resolve host: www.e-ict.gov.vn,none
www.eac.gov.vn,Could not resolve host: www.eac.gov.vn,none
www.ecc-hcm.gov.vn,Could not resolve host: www.ecc-hcm.gov.vn,none
www.eccbacgiang.gov.vn,Could not resolve host: www.eccbacgiang.gov.vn,none
www.eccbacninh.gov.vn,Could not resolve host: www.eccbacninh.gov.vn,none
www.en.bg.gov.vn,Could not resolve host: www.en.bg.gov.vn,none
www.english.luutru.gov.vn,Could not resolve host: www.english.luutru.gov.vn,none
www.esb.haiphong.gov.vn,Could not resolve host: www.esb.haiphong.gov.vn,none
www.esi.gov.vn,Could not resolve host: www.esi.gov.vn,none
www.ex-srv.haiphong.gov.vn,Could not resolve host: www.ex-srv.haiphong.gov.vn,none
www.eza-binhphuoc.gov.vn,Could not resolve host: www.eza-binhphuoc.gov.vn,none
www.files.dongthap.gov.vn,Could not resolve host: www.files.dongthap.gov.vn,none
www.fistenet.gov.vn,Could not resolve host: www.fistenet.gov.vn,none
www.foodsafety.gov.vn,Operation timed out after 3000 milliseconds with 0 bytes received,dig error
www.gdsr.gov.vn,Could not resolve host: www.gdsr.gov.vn,none
www.gdt.gov.vn,Could not resolve host: www.gdt.gov.vn,none
www.gef.monre.gov.vn,Could not resolve host: www.gef.monre.gov.vn,none
www.geophysics.gov.vn,Could not resolve host: www.geophysics.gov.vn,none
www.gialai.gov.vn,Could not resolve host: www.gialai.gov.vn,5 mail.gialai.gov.vn.
www.gialaikontumcustoms.gov.vn,Could not resolve host: www.gialaikontumcustoms.gov.vn,none
www.gisportal.thuathienhue.gov.vn,Could not resolve host: www.gisportal.thuathienhue.gov.vn,none
www.goldenhotelvip.vatlydiachat.gov.vn,Could not resolve host: www.goldenhotelvip.vatlydiachat.gov.vn,10 mail.vatlydiachat.gov.vn.
www.gso.gov.vn,Could not resolve host: www.gso.gov.vn,none
www.haibac.gov.vn,Could not resolve host: www.haibac.gov.vn,none
www.hailong.gov.vn,Could not resolve host: www.hailong.gov.vn,none
www.haiphong.gov.vn,Could not resolve host: www.haiphong.gov.vn,10 mail.haiphong.gov.vn.
www.haiphongdpi.gov.vn,Could not resolve host: www.haiphongdpi.gov.vn,none
www.haiquanangiang.gov.vn,Could not resolve host: www.haiquanangiang.gov.vn,none
www.haiquancamau.gov.vn,Could not resolve host: www.haiquancamau.gov.vn,none
www.haiquancantho.gov.vn,Could not resolve host: www.haiquancantho.gov.vn,none
www.haiquandongthap.gov.vn,Could not resolve host: www.haiquandongthap.gov.vn,none
www.haiquanquangbinh.gov.vn,Could not resolve host: www.haiquanquangbinh.gov.vn,none
www.haiquantayninh.gov.vn,Could not resolve host: www.haiquantayninh.gov.vn,none
www.haiquanvungtau.gov.vn,Could not resolve host: www.haiquanvungtau.gov.vn,none
www.haison.gov.vn,Could not resolve host: www.haison.gov.vn,none
www.haitan.gov.vn,Could not resolve host: www.haitan.gov.vn,none
www.haitrieu.gov.vn,Could not resolve host: www.haitrieu.gov.vn,none
www.hanoinewtown.gov.vn,Could not resolve host: www.hanoinewtown.gov.vn,none
www.hdnd.ninhbinh.gov.vn,Could not resolve host: www.hdnd.ninhbinh.gov.vn,none
www.hdndbudang.gov.vn,Could not resolve host: www.hdndbudang.gov.vn,none
www.hdnt.tinhdoanyenbai.gov.vn,Could not resolve host: www.hdnt.tinhdoanyenbai.gov.vn,none
www.hepa.gov.vn,Could not resolve host: www.hepa.gov.vn,dig error
www.heza.gov.vn,Could not resolve host: www.heza.gov.vn,10 mail.heza.gov.vn.
www.hoaxuan.danang.gov.vn,Could not resolve host: www.hoaxuan.danang.gov.vn,none
www.hoinongdan.daklak.gov.vn,Could not resolve host: www.hoinongdan.daklak.gov.vn,dig error
www.hophong.gov.vn,Could not resolve host: www.hophong.gov.vn,none
www.hotich.sotuphap.camau.gov.vn,Could not resolve host: www.hotich.sotuphap.camau.gov.vn,none
www.hpcustoms.gov.vn,Could not resolve host: www.hpcustoms.gov.vn,none
www.hppc.gov.vn,Could not resolve host: www.hppc.gov.vn,none
www.huecity.gov.vn,Could not resolve host: www.huecity.gov.vn,none
www.huongkhe.gov.vn,Could not resolve host: www.huongkhe.gov.vn,none
www.icc.gov.vn,Could not resolve host: www.icc.gov.vn,none
www.icdlamdong.gov.vn,Could not resolve host: www.icdlamdong.gov.vn,none
www.ict-backan.gov.vn,Could not resolve host: www.ict-backan.gov.vn,none
www.ictc-binhphuoc.gov.vn,Could not resolve host: www.ictc-binhphuoc.gov.vn,none
www.ictninhbinh.gov.vn,Could not resolve host: www.ictninhbinh.gov.vn,none
www.iop.vast.gov.vn,Could not resolve host: www.iop.vast.gov.vn,none
www.isponre.gov.vn,Connection timed out after 3002 milliseconds,none
www.itrre.gov.vn,Could not resolve host: www.itrre.gov.vn,none
www.iwem.gov.vn,Could not resolve host: www.iwem.gov.vn,none
www.kbnn.cantho.gov.vn,Could not resolve host: www.kbnn.cantho.gov.vn,dig error
www.kdxdhatinh.gov.vn,Could not resolve host: www.kdxdhatinh.gov.vn,none
www.keypay.gov.vn,Could not resolve host: www.keypay.gov.vn,none
www.kgcustoms.gov.vn,Could not resolve host: www.kgcustoms.gov.vn,none
www.khanhthanh.gov.vn,Could not resolve host: www.khanhthanh.gov.vn,none
www.khuetrung.gov.vn,Could not resolve host: www.khuetrung.gov.vn,none
www.khuyencongbinhphuoc.gov.vn,Could not resolve host: www.khuyencongbinhphuoc.gov.vn,none
www.khuyenconghanoi.gov.vn,Could not resolve host: www.khuyenconghanoi.gov.vn,10 webmail.khuyenconghanoi.gov.vn.
www.khuyencongtayninh.gov.vn,Could not resolve host: www.khuyencongtayninh.gov.vn,10 mail.khuyencongtayninh.gov.vn.
www.khuyenhoc.yenbai.gov.vn,Could not resolve host: www.khuyenhoc.yenbai.gov.vn,none
www.khuyennong-khcntamky.gov.vn,Could not resolve host: www.khuyennong-khcntamky.gov.vn,none
www.kiemlamangiang.gov.vn,Could not resolve host: www.kiemlamangiang.gov.vn,none
www.kiemlamkiengiang.gov.vn,Could not resolve host: www.kiemlamkiengiang.gov.vn,none
www.kiemlamquangngai.gov.vn,Could not resolve host: www.kiemlamquangngai.gov.vn,none
www.kktcaobang.gov.vn,Could not resolve host: www.kktcaobang.gov.vn,none
www.ktshn.gov.vn,Could not resolve host: www.ktshn.gov.vn,none
www.kttv.ninhbinh.gov.vn.ccbninhbinh.vn,Could not resolve host: www.kttv.ninhbinh.gov.vn.ccbninhbinh.vn,none
www.langgiang.gov.vn,Could not resolve host: www.langgiang.gov.vn,none
www.lanhsuvietnam.gov.vn,Could not resolve host: www.lanhsuvietnam.gov.vn,none
www.ldldln.ictc-binhphuoc.gov.vn,Could not resolve host: www.ldldln.ictc-binhphuoc.gov.vn,none
www.lietsiphongdien.thuathienhue.gov.vn,Could not resolve host: www.lietsiphongdien.thuathienhue.gov.vn,none
www.locan.gov.vn,Could not resolve host: www.locan.gov.vn,none
www.longan.gov.vn,Could not resolve host: www.longan.gov.vn,none
www.longphuoc.gov.vn,Could not resolve host: www.longphuoc.gov.vn,none
www.luutru.dongthap.gov.vn,Could not resolve host: www.luutru.dongthap.gov.vn,dig error
www.maihuong.gov.vn,Could not resolve host: www.maihuong.gov.vn,none
www.mail.bentre.gov.vn,Could not resolve host: www.mail.bentre.gov.vn,none
www.mail.cantho.gov.vn,Could not resolve host: www.mail.cantho.gov.vn,dig error
www.mail.cpt.gov.vn,Could not resolve host: www.mail.cpt.gov.vn,none
www.mail.daknong.gov.vn,Could not resolve host: www.mail.daknong.gov.vn,none
www.mail.danang.gov.vn,Could not resolve host: www.mail.danang.gov.vn,none
www.mail.dfr.gov.vn,Could not resolve host: www.mail.dfr.gov.vn,none
www.mail.mod.gov.vn,Could not resolve host: www.mail.mod.gov.vn,none
www.mail.quangngai.gov.vn,Could not resolve host: www.mail.quangngai.gov.vn,none
www.mail.thainguyen.gov.vn,Could not resolve host: www.mail.thainguyen.gov.vn,none
www.mail.thanhhoa.gov.vn,Could not resolve host: www.mail.thanhhoa.gov.vn,none
www.mail.tiengiang.gov.vn,Could not resolve host: www.mail.tiengiang.gov.vn,none
www.mail.vinhphuc.gov.vn,Could not resolve host: www.mail.vinhphuc.gov.vn,none
www.mail.yenbai.gov.vn,Could not resolve host: www.mail.yenbai.gov.vn,none
www.mard.gov.vn,Could not resolve host: www.mard.gov.vn,none
www.maydohuyetaptot.vttc.gov.vn,Could not resolve host: www.maydohuyetaptot.vttc.gov.vn,none
www.mic.gov.vn,Could not resolve host: www.mic.gov.vn,none
www.minhanhoian.gov.vn,Could not resolve host: www.minhanhoian.gov.vn,none
www.moet.gov.vn,Could not resolve host: www.moet.gov.vn,none
www.mofa.gov.vn,Could not resolve host: www.mofa.gov.vn,none
www.moha.gov.vn,Could not resolve host: www.moha.gov.vn,none
www.moit.gov.vn,Could not resolve host: www.moit.gov.vn,10 hub.moit.gov.vn.
www.moj.gov.vn,Could not resolve host: www.moj.gov.vn,none
www.molisa.gov.vn,Could not resolve host: www.molisa.gov.vn,1 hub.molisa.gov.vn.
www.mongcai.gov.vn,Could not resolve host: www.mongcai.gov.vn,none
www.monre.gov.vn,Could not resolve host: www.monre.gov.vn,none
www.most.gov.vn,Could not resolve host: www.most.gov.vn,none
www.narime.gov.vn,Could not resolve host: www.narime.gov.vn,none
www.nbds.vea.gov.vn,Could not resolve host: www.nbds.vea.gov.vn,none
www.nghean.gov.vn,Could not resolve host: www.nghean.gov.vn,10 secureidcmb.vnptdata.vn.
www.ngoaivubrvt.gov.vn,Could not resolve host: www.ngoaivubrvt.gov.vn,none
www.ngoquyen.gov.vn,Could not resolve host: www.ngoquyen.gov.vn,none
www.nhtm.gov.vn,Could not resolve host: www.nhtm.gov.vn,none
www.nimh.gov.vn,Could not resolve host: www.nimh.gov.vn,none
www.ninhtien.ninhbinh.gov.vn.ccbninhbinh.vn,Could not resolve host: www.ninhtien.ninhbinh.gov.vn.ccbninhbinh.vn,none
www.niptex.gov.vn,Could not resolve host: www.niptex.gov.vn,none
www.nisci.gov.vn,Could not resolve host: www.nisci.gov.vn,none
www.noip.gov.vn,Could not resolve host: www.noip.gov.vn,none
www.nongthonmoi.hagiang.gov.vn,Could not resolve host: www.nongthonmoi.hagiang.gov.vn,none
www.nstc.gov.vn,Could not resolve host: www.nstc.gov.vn,none
www.pctnxhbrvt.gov.vn,Could not resolve host: www.pctnxhbrvt.gov.vn,none
www.phapydanang.gov.vn,Could not resolve host: www.phapydanang.gov.vn,none
www.phobiengdplttn-binhphuoc.gov.vn,Could not resolve host: www.phobiengdplttn-binhphuoc.gov.vn,none
www.phongchonglutbaotphcm.gov.vn,Could not resolve host: www.phongchonglutbaotphcm.gov.vn,none
www.phuoclong.gov.vn,Could not resolve host: www.phuoclong.gov.vn,none
www.phuong6tanbinh.gov.vn,Could not resolve host: www.phuong6tanbinh.gov.vn,none
www.phuongnguyenthaibinh.gov.vn,Could not resolve host: www.phuongnguyenthaibinh.gov.vn,none
www.phuongquoctugiam.gov.vn,Could not resolve host: www.phuongquoctugiam.gov.vn,none
www.pnvchauthanh.gov.vn,Could not resolve host: www.pnvchauthanh.gov.vn,none
www.pyttkvtphcm.gov.vn,Could not resolve host: www.pyttkvtphcm.gov.vn,none
www.qhkthn.gov.vn,Could not resolve host: www.qhkthn.gov.vn,none
www.qhqcnt-dongnai.gov.vn,Could not resolve host: www.qhqcnt-dongnai.gov.vn,none
www.qltthatinh.gov.vn,Could not resolve host: www.qltthatinh.gov.vn,none
www.qlvb.vksbinhphuoc.gov.vn,Could not resolve host: www.qlvb.vksbinhphuoc.gov.vn,none
www.qtc.gov.vn,Could not resolve host: www.qtc.gov.vn,none
www.quandoan5.gov.vn,Could not resolve host: www.quandoan5.gov.vn,none
www.quangninh.gov.vn,Could not resolve host: www.quangninh.gov.vn,none
www.quanhelaodong.gov.vn,Could not resolve host: www.quanhelaodong.gov.vn,none
www.quanlydothitamky.gov.vn,Could not resolve host: www.quanlydothitamky.gov.vn,none
www.quanlyluutru.lamdong.gov.vn,Could not resolve host: www.quanlyluutru.lamdong.gov.vn,none
www.quatest4.gov.vn,Could not resolve host: www.quatest4.gov.vn,none
www.rudec.gov.vn,Could not resolve host: www.rudec.gov.vn,20 mx2.zoho.com.; 10 mx.zoho.com.
www.sbv.gov.vn,Could not resolve host: www.sbv.gov.vn,none
www.smedec.gov.vn,Could not resolve host: www.smedec.gov.vn,none
www.songoaivu.baria-vungtau.gov.vn,Could not resolve host: www.songoaivu.baria-vungtau.gov.vn,none
www.sotaichinh.ninhbinh.gov.vn,Could not resolve host: www.sotaichinh.ninhbinh.gov.vn,none
www.sotaichinhbackan.gov.vn,Could not resolve host: www.sotaichinhbackan.gov.vn,none
www.sso.vnforest.gov.vn,Could not resolve host: www.sso.vnforest.gov.vn,none
www.stas.gov.vn,Could not resolve host: www.stas.gov.vn,none
www.stp.vpdt.haiphong.gov.vn,Could not resolve host: www.stp.vpdt.haiphong.gov.vn,none
www.suckhoemoitruongdongnai.gov.vn,Could not resolve host: www.suckhoemoitruongdongnai.gov.vn,none
www.tanchinh.gov.vn,Could not resolve host: www.tanchinh.gov.vn,none
www.taxoffice.gdt.gov.vn,Could not resolve host: www.taxoffice.gdt.gov.vn,none
www.tayninh.gov.vn,Could not resolve host: www.tayninh.gov.vn,none
www.tccbbyt.gov.vn,Could not resolve host: www.tccbbyt.gov.vn,none
www.thacgian.gov.vn,Could not resolve host: www.thacgian.gov.vn,none
www.thangtravel.vttc.gov.vn,Could not resolve host: www.thangtravel.vttc.gov.vn,none
www.thanhdoanhanoi.gov.vn,Could not resolve host: www.thanhdoanhanoi.gov.vn,none
www.thanhtratamky.gov.vn,Could not resolve host: www.thanhtratamky.gov.vn,none
www.thaodien.gov.vn,Could not resolve host: www.thaodien.gov.vn,none
www.thitrancon.gov.vn,Could not resolve host: www.thitrancon.gov.vn,none
www.thongkethaibinh.gov.vn,Could not resolve host: www.thongkethaibinh.gov.vn,none
www.thongtinkhcn.binhthuan.gov.vn,SSL certificate problem: self-signed certificate,none
www.thp.phobiengdplttn-binhphuoc.gov.vn,Could not resolve host: www.thp.phobiengdplttn-binhphuoc.gov.vn,none
www.thuathienhue.gov.vn,Could not resolve host: www.thuathienhue.gov.vn,none
www.thudo.gov.vn,Could not resolve host: www.thudo.gov.vn,none
www.thuvientphcm.gov.vn,Operation timed out after 3002 milliseconds with 0 bytes received,0 pro48.emailserver.vn.
www.tienich.bg.gov.vn,Could not resolve host: www.tienich.bg.gov.vn,none
www.tinhdoanninhbinh.gov.vn,Could not resolve host: www.tinhdoanninhbinh.gov.vn,none
www.tinmoitruong.gov.vn,Could not resolve host: www.tinmoitruong.gov.vn,none
www.tncs.haiquanvungtau.gov.vn,Could not resolve host: www.tncs.haiquanvungtau.gov.vn,none
www.toaan.gov.vn,Could not resolve host: www.toaan.gov.vn,none
www.toaanvinhthanh.gov.vn,Could not resolve host: www.toaanvinhthanh.gov.vn,none
www.tongcucthuysan.gov.vn,Could not resolve host: www.tongcucthuysan.gov.vn,none
www.topvietnamtravel.vttc.gov.vn,Could not resolve host: www.topvietnamtravel.vttc.gov.vn,none
www.tphcm.gov.vn,Could not resolve host: www.tphcm.gov.vn,none
www.trangtinphapluat.quanlydothitamky.gov.vn,Could not resolve host: www.trangtinphapluat.quanlydothitamky.gov.vn,none
www.trangtinphapluat.thanhtratamky.gov.vn,Could not resolve host: www.trangtinphapluat.thanhtratamky.gov.vn,none
www.trangtinphapluatcom.quanlydothitamky.gov.vn,Could not resolve host: www.trangtinphapluatcom.quanlydothitamky.gov.vn,none
www.trithuc.gov.vn,Could not resolve host: www.trithuc.gov.vn,none
www.trungtamcndvtamky.gov.vn,Could not resolve host: www.trungtamcndvtamky.gov.vn,none
www.truongchinhtribg.gov.vn,SSL certificate problem: certificate has expired,none
www.truongchinhtrihatinh.gov.vn,Could not resolve host: www.truongchinhtrihatinh.gov.vn,10 mail.truongchinhtrihatinh.gov.vn.
www.truongchinhtriquangnam.gov.vn,Could not resolve host: www.truongchinhtriquangnam.gov.vn,none
www.truongchinhtriyenbai.gov.vn,Could not resolve host: www.truongchinhtriyenbai.gov.vn,none
www.ttbtctxh.ninhbinh.gov.vn,Could not resolve host: www.ttbtctxh.ninhbinh.gov.vn,none
www.ttcsvndnguoitamthan.gov.vn,Could not resolve host: www.ttcsvndnguoitamthan.gov.vn,10 mail.ttcsvndnguoitamthan.gov.vn.
www.ttdtvdvtdtthp.gov.vn,Could not resolve host: www.ttdtvdvtdtthp.gov.vn,none
www.tthdttn.tinhdoanyenbai.gov.vn,Could not resolve host: www.tthdttn.tinhdoanyenbai.gov.vn,none
www.ttknbaclieu.gov.vn,301,none
www.ttktdcnd.dongnai.gov.vn,Could not resolve host: www.ttktdcnd.dongnai.gov.vn,none
www.ttpcdn.gov.vn,Could not resolve host: www.ttpcdn.gov.vn,none
www.ttptntthanhhoa.gov.vn,Could not resolve host: www.ttptntthanhhoa.gov.vn,none
www.ttyendinh.gov.vn,Could not resolve host: www.ttyendinh.gov.vn,none
www.ttytbinhminh.vinhlong.gov.vn,Could not resolve host: www.ttytbinhminh.vinhlong.gov.vn,none
www.ttytdpdt.gov.vn,Could not resolve host: www.ttytdpdt.gov.vn,none
www.ttyttrangbom.gov.vn,Could not resolve host: www.ttyttrangbom.gov.vn,none
www.tuoitretamdai.thanhtratamky.gov.vn,Could not resolve host: www.tuoitretamdai.thanhtratamky.gov.vn,none
www.tuvancongnghiepdongnai.gov.vn,Could not resolve host: www.tuvancongnghiepdongnai.gov.vn,none
www.tuyentruyen.dongthap.gov.vn,Could not resolve host: www.tuyentruyen.dongthap.gov.vn,none
www.tvvistec.gov.vn,Could not resolve host: www.tvvistec.gov.vn,none
www.ubndnhonmy.gov.vn,Could not resolve host: www.ubndnhonmy.gov.vn,none
www.ubndp14q3.gov.vn,Could not resolve host: www.ubndp14q3.gov.vn,none
www.uybannhandanxaansinh.gov.vn,Could not resolve host: www.uybannhandanxaansinh.gov.vn,none
www.vanban.quandoan6.gov.vn,Could not resolve host: www.vanban.quandoan6.gov.vn,none
www.vanphongdientu.haiphong.gov.vn,Could not resolve host: www.vanphongdientu.haiphong.gov.vn,none
www.vanthuhqdt.haiquandongthap.gov.vn,Could not resolve host: www.vanthuhqdt.haiquandongthap.gov.vn,none
www.vast.gov.vn,Could not resolve host: www.vast.gov.vn,none
www.vatlydiachat.gov.vn,Could not resolve host: www.vatlydiachat.gov.vn,none
www.vb.vksbacgiang.gov.vn,Could not resolve host: www.vb.vksbacgiang.gov.vn,none
www.vci.gov.vn,Connection timed out after 3002 milliseconds,5 ALT2.ASPMX.L.GOOGLE.COM.; 5 ALT1.ASPMX.L.GOOGLE.COM.; 10 ALT4.ASPMX.L.GOOGLE.COM.; 10 ALT3.ASPMX.L.GOOGLE.COM.; 1 ASPMX.L.GOOGLE.COM.
www.vea.gov.vn,Could not resolve host: www.vea.gov.vn,none
www.vhttdlkv3.gov.vn,Could not resolve host: www.vhttdlkv3.gov.vn,none
www.vienkiemsathaiphong.gov.vn,Could not resolve host: www.vienkiemsathaiphong.gov.vn,none
www.vienkiemsathanam.gov.vn,Could not resolve host: www.vienkiemsathanam.gov.vn,none
www.vienkiemsathungyen.gov.vn,Could not resolve host: www.vienkiemsathungyen.gov.vn,none
www.vienkiemsatlangson.gov.vn,Could not resolve host: www.vienkiemsatlangson.gov.vn,none
www.vienkiemsattv.gov.vn,Could not resolve host: www.vienkiemsattv.gov.vn,none
www.vienkiemsatyenbai.gov.vn,Could not resolve host: www.vienkiemsatyenbai.gov.vn,none
www.vietnamvisa.gov.vn,Could not resolve host: www.vietnamvisa.gov.vn,none
www.vinhdien.gov.vn,Could not resolve host: www.vinhdien.gov.vn,none
www.visatovietnam.gov.vn,Could not resolve host: www.visatovietnam.gov.vn,none
www.visavietnam.gov.vn,Could not resolve host: www.visavietnam.gov.vn,none
www.vistec.gov.vn,Could not resolve host: www.vistec.gov.vn,none
www.viwa-n.gov.vn,Could not resolve host: www.viwa-n.gov.vn,none
www.vksbacgiang.gov.vn,Could not resolve host: www.vksbacgiang.gov.vn,none
www.vksbaclieu.gov.vn,Could not resolve host: www.vksbaclieu.gov.vn,none
www.vksbinhphuoc.gov.vn,Could not resolve host: www.vksbinhphuoc.gov.vn,none
www.vksndthainguyen.gov.vn,Could not resolve host: www.vksndthainguyen.gov.vn,none
www.vkstuyenquang.gov.vn,Could not resolve host: www.vkstuyenquang.gov.vn,10 mail.vkstuyenquang.gov.vn.
www.vnciem.gov.vn,Could not resolve host: www.vnciem.gov.vn,none
www.vnsw.gov.vn,Could not resolve host: www.vnsw.gov.vn,none
www.vov.gov.vn,404,none
www.vpcongchungtamky.thanhtratamky.gov.vn,Could not resolve host: www.vpcongchungtamky.thanhtratamky.gov.vn,none
www.vttc.gov.vn,Could not resolve host: www.vttc.gov.vn,none
www.wadi.gov.vn,Could not resolve host: www.wadi.gov.vn,none
www.xabombo.gov.vn,Could not resolve host: www.xabombo.gov.vn,none
www.xuatnhapcanh.gov.vn,200,10 mail.xuatnhapcanh.gov.vn.
www.ytegiadinh365.vttc.gov.vn,Could not resolve host: www.ytegiadinh365.vttc.gov.vn,none
www1.vietnamtradeportal.gov.vn,Could not resolve host: www1.vietnamtradeportal.gov.vn,none
xabombo.gov.vn,Could not resolve host: xabombo.gov.vn,none
xabudang.eza-binhphuoc.gov.vn,Could not resolve host: xabudang.eza-binhphuoc.gov.vn,none
xaducyen.hatinh.gov.vn,Could not resolve host: xaducyen.hatinh.gov.vn,none
xaphuloc.hatinh.gov.vn,Could not resolve host: xaphuloc.hatinh.gov.vn,none
xathachchau.hatinh.gov.vn,Could not resolve host: xathachchau.hatinh.gov.vn,none
xathachtri.hatinh.gov.vn,Could not resolve host: xathachtri.hatinh.gov.vn,none
xbtaichinh.gov.vn,Could not resolve host: xbtaichinh.gov.vn,none
xbtc.gov.vn,Could not resolve host: xbtc.gov.vn,none
xedien.ccklbacgiang.gov.vn,Could not resolve host: xedien.ccklbacgiang.gov.vn,none
xoso.hatinh.gov.vn,Could not resolve host: xoso.hatinh.gov.vn,none
xuandan.hatinh.gov.vn,Could not resolve host: xuandan.hatinh.gov.vn,none
xuatbantaichinh.gov.vn,Could not resolve host: xuatbantaichinh.gov.vn,none
xuatbantc.gov.vn,Could not resolve host: xuatbantc.gov.vn,none
xuatnhapcanh.cantho.gov.vn,Resolving timed out after 3000 milliseconds,none
xuatnhapcanh.gov.vn,Could not resolve host: xuatnhapcanh.gov.vn,10 mail.xuatnhapcanh.gov.vn.
yenbai.gov.vn,SSL certificate problem: certificate has expired,10 mail.yenbai.gov.vn.
yendung.bacgiang.gov.vn,Could not resolve host: yendung.bacgiang.gov.vn,none
yenthe.bacgiang.gov.vn,Could not resolve host: yenthe.bacgiang.gov.vn,none
ytdp.caobang.gov.vn,Could not resolve host: ytdp.caobang.gov.vn,none
ytegiadinh365.vttc.gov.vn,Could not resolve host: ytegiadinh365.vttc.gov.vn,none
