subdomain,http_status,mx
2159.go.jp,Could not resolve host: 2159.go.jp,none
27jsf.smrj.go.jp,Could not resolve host: 27jsf.smrj.go.jp,none
27jss.smrj.go.jp,Could not resolve host: 27jss.smrj.go.jp,none
50th-jocv.jica.go.jp,Connection timed out after 3002 milliseconds,none
9910.mlit.go.jp,Could not resolve host: 9910.mlit.go.jp,none
a-manage.kosen-k.go.jp,Could not resolve host: a-manage.kosen-k.go.jp,none
a.aist.go.jp,Could not resolve host: a.aist.go.jp,none
acc.ebid.mhlw.go.jp,Could not resolve host: acc.ebid.mhlw.go.jp,none
acc.maff-ebic.go.jp,200,none
acc.mod-eboc.go.jp,Could not resolve host: acc.mod-eboc.go.jp,none
acp.cals.epco.mod.go.jp,Could not resolve host: acp.cals.epco.mod.go.jp,none
acpt.cals.epco.mod.go.jp,Could not resolve host: acpt.cals.epco.mod.go.jp,none
active.go.jp,Could not resolve host: active.go.jp,none
aegiscom.tokai-sc.jaea.go.jp,Could not resolve host: aegiscom.tokai-sc.jaea.go.jp,dig error
ag.ide.go.jp,Could not resolve host: ag.ide.go.jp,none
agis-oap02.jaffic.go.jp,Could not resolve host: agis-oap02.jaffic.go.jp,none
agris.nn-net.go.jp,Could not resolve host: agris.nn-net.go.jp,none
aids.nih.go.jp,Could not resolve host: aids.nih.go.jp,none
aipn.ipdl.inpit.go.jp,Could not resolve host: aipn.ipdl.inpit.go.jp,none
airport.cab.mlit.go.jp,401,none
aisjapan.mlit.go.jp,Could not resolve host: aisjapan.mlit.go.jp,none
aist.go.jp,Connection timed out after 3002 milliseconds,none
alagin-wordlist.nict.go.jp,Connection timed out after 3002 milliseconds,none
alaginrc.nict.go.jp,200,none
alic.go.jp,200,10 alic-go-jp.mail.protection.outlook.com.
alic.lin.go.jp,Could not resolve host: alic.lin.go.jp,none
amds2012.nims.go.jp,Could not resolve host: amds2012.nims.go.jp,none
an-kokai.jaea.go.jp,Could not resolve host: an-kokai.jaea.go.jp,none
animal.nibio.go.jp,Could not resolve host: animal.nibio.go.jp,none
ankeeto.thr.mlit.go.jp,403,none
anpi-ssl.soumu.go.jp,Could not resolve host: anpi-ssl.soumu.go.jp,none
antispam1.jaea.go.jp,Could not resolve host: antispam1.jaea.go.jp,none
antispam2.jaea.go.jp,Could not resolve host: antispam2.jaea.go.jp,none
ap.ncc.go.jp,Could not resolve host: ap.ncc.go.jp,none
apasd-niaes.dc.affrc.go.jp,Could not resolve host: apasd-niaes.dc.affrc.go.jp,none
api.hellowork.go.jp,Could not resolve host: api.hellowork.go.jp,none
api.jglobal.jst.go.jp,404,none
apis.intra-bs.aist.go.jp,Could not resolve host: apis.intra-bs.aist.go.jp,none
app.sys.affrc.go.jp,403,none
app3.infoc.nedo.go.jp,Could not resolve host: app3.infoc.nedo.go.jp,none
app5.infoc.nedo.go.jp,Could not resolve host: app5.infoc.nedo.go.jp,none
approval.sys.affrc.go.jp,Could not resolve host: approval.sys.affrc.go.jp,none
apwl.intra-bs.aist.go.jp,Could not resolve host: apwl.intra-bs.aist.go.jp,none
arubalogin.nies.go.jp,Could not resolve host: arubalogin.nies.go.jp,none
asa.tobunken.go.jp,Could not resolve host: asa.tobunken.go.jp,none
at-nied.bosai.go.jp,Recv failure: Connexion ré-initialisée par le correspondant,none
atomin.go.jp,Could not resolve host: atomin.go.jp,none
attached.jpkanbou.go.jp,Could not resolve host: attached.jpkanbou.go.jp,none
auth.atm.mlit.go.jp,Could not resolve host: auth.atm.mlit.go.jp,none
auth.jglobal.jst.go.jp,Could not resolve host: auth.jglobal.jst.go.jp,none
autodiscover.mlit.go.jp,Failed to connect to autodiscover.mlit.go.jp port 443 after 217 ms: Could not connect to server,none
av.extinfo.jst.go.jp,Could not resolve host: av.extinfo.jst.go.jp,none
azuma.nims.go.jp,200,none
azumino.go.jp,Could not resolve host: azumino.go.jp,none
barley.hokkaido-ies.go.jp,Could not resolve host: barley.hokkaido-ies.go.jp,none
bbq.hitachikaihin.go.jp,Could not resolve host: bbq.hitachikaihin.go.jp,none
bcp-exweb.jica.go.jp,Connection timed out after 3002 milliseconds,none
bigfile.affrc.go.jp,Could not resolve host: bigfile.affrc.go.jp,none
bird.cab.mlit.go.jp,200,none
bk.jd.jra.go.jp,Operation timed out after 3001 milliseconds with 0 bytes received,none
bk.nvinq.jra.go.jp,302,none
bk.sp.jra.go.jp,Operation timed out after 3001 milliseconds with 0 bytes received,none
bks.mod-eboc.go.jp,Could not resolve host: bks.mod-eboc.go.jp,none
blog.ur-net.go.jp,301,none
bo3.nexi.go.jp,Connection timed out after 3002 milliseconds,none
boekimap.maff.go.jp,Connection timed out after 3002 milliseconds,none
bookmark.japan.go.jp,Could not resolve host: bookmark.japan.go.jp,none
books.jetro.go.jp,Could not resolve host: books.jetro.go.jp,none
bop.go.jp,Could not resolve host: bop.go.jp,none
bosai.go.jp,Could not resolve host: bosai.go.jp,none
bosai.jmainfo.go.jp,200,none
brainprogram.mext.go.jp,Could not resolve host: brainprogram.mext.go.jp,none
bsis.fsa.go.jp,Could not resolve host: bsis.fsa.go.jp,none
bufferdb.jaea.go.jp,Operation timed out after 3001 milliseconds with 0 bytes received,none
business.ur-net.go.jp,Could not resolve host: business.ur-net.go.jp,none
businessnavi.ur-net.go.jp,Could not resolve host: businessnavi.ur-net.go.jp,none
cabns1.cab.mlit.go.jp,Connection timed out after 3001 milliseconds,none
cabns2.cab.mlit.go.jp,Connection timed out after 3002 milliseconds,none
caldb.nims.go.jp,Could not resolve host: caldb.nims.go.jp,none
cals.skr.mlit.go.jp,Could not resolve host: cals.skr.mlit.go.jp,none
cals.stk.ktr.mlit.go.jp,Could not resolve host: cals.stk.ktr.mlit.go.jp,none
cals.takayama-nh.go.jp,Could not resolve host: cals.takayama-nh.go.jp,none
capricornus.inpit.go.jp,Could not resolve host: capricornus.inpit.go.jp,none
carinf.mlit.go.jp,Could not resolve host: carinf.mlit.go.jp,none
cas.digital-pmo.go.jp,SSL: no alternative certificate subject name matches target hostname 'cas.digital-pmo.go.jp',none
cb.takayama-nh.go.jp,Could not resolve host: cb.takayama-nh.go.jp,none
cbec.go.jp,Could not resolve host: cbec.go.jp,none
cbt-kankeisya-x.jitec.ipa.go.jp,Could not resolve host: cbt-kankeisya-x.jitec.ipa.go.jp,none
cbt-kankeisya.jitec.ipa.go.jp,Connection timed out after 3001 milliseconds,none
cbt-sslvpn-x.jitec.ipa.go.jp,Could not resolve host: cbt-sslvpn-x.jitec.ipa.go.jp,none
cbt-sslvpn.jitec.ipa.go.jp,Could not resolve host: cbt-sslvpn.jitec.ipa.go.jp,none
cc.jglobal.jst.go.jp,Could not resolve host: cc.jglobal.jst.go.jp,none
ccj.kokusen.go.jp,Could not resolve host: ccj.kokusen.go.jp,none
ccore-proc.jamstec.go.jp,Could not resolve host: ccore-proc.jamstec.go.jp,none
ccreg.ncvc.go.jp,Could not resolve host: ccreg.ncvc.go.jp,none
ccrs.ncchd.go.jp,Could not resolve host: ccrs.ncchd.go.jp,none
ccsslvpn.nilim.go.jp,Could not resolve host: ccsslvpn.nilim.go.jp,none
cellbank.nibio.go.jp,Could not resolve host: cellbank.nibio.go.jp,none
cerise.jaea.go.jp,Could not resolve host: cerise.jaea.go.jp,none
cert.e-rad.go.jp,Could not resolve host: cert.e-rad.go.jp,none
cgi.hrr.mlit.go.jp,200,none
cgi.ur-net.go.jp,Could not resolve host: cgi.ur-net.go.jp,none
cgr.mlit.go.jp,Could not resolve host: cgr.mlit.go.jp,none
ch.biodic.go.jp,Could not resolve host: ch.biodic.go.jp,none
challenge25.go.jp,Could not resolve host: challenge25.go.jp,none
chidori.nims.go.jp,Could not resolve host: chidori.nims.go.jp,none
chiiki.inpit.go.jp,Could not resolve host: chiiki.inpit.go.jp,none
chizai-jinzai-db.go.jp,Could not resolve host: chizai-jinzai-db.go.jp,none
chktst.suggestion.nta.go.jp,Could not resolve host: chktst.suggestion.nta.go.jp,none
chosa.ndl.go.jp,Could not resolve host: chosa.ndl.go.jp,none
chosa2-x.ndl.go.jp,Could not resolve host: chosa2-x.ndl.go.jp,none
chosa2.ndl.go.jp,Could not resolve host: chosa2.ndl.go.jp,none
chotatsu.kosen-k.go.jp,Could not resolve host: chotatsu.kosen-k.go.jp,none
choutatsu.jst.go.jp,200,none
chubu-chizai.go.jp,Could not resolve host: chubu-chizai.go.jp,none
cinet-labowiki.nict.go.jp,Could not resolve host: cinet-labowiki.nict.go.jp,none
cio.go.jp,Could not resolve host: cio.go.jp,none
cir.ncc.go.jp,Could not resolve host: cir.ncc.go.jp,none
city.river.go.jp,302,none
clb.go.jp,301,none
clhouse.thr.mlit.go.jp,Could not resolve host: clhouse.thr.mlit.go.jp,none
clientweb.e-tax.nta.go.jp,403,none
clintrials.ncc.go.jp,200,none
cloud.niph.go.jp,Could not resolve host: cloud.niph.go.jp,none
club.miraikan.jst.go.jp,Could not resolve host: club.miraikan.jst.go.jp,none
cmc.iwakuni-nh.go.jp,Could not resolve host: cmc.iwakuni-nh.go.jp,none
cms-eng.jnto.go.jp,Could not resolve host: cms-eng.jnto.go.jp,none
cms.chiikinogennki.soumu.go.jp,Could not resolve host: cms.chiikinogennki.soumu.go.jp,none
cms.pmda.go.jp,Failed to connect to cms.pmda.go.jp port 443 after 354 ms: Could not connect to server,none
coala.jst.go.jp,Could not resolve host: coala.jst.go.jp,none
cogauth.nict.go.jp,Could not resolve host: cogauth.nict.go.jp,none
col.mlit.go.jp,Could not resolve host: col.mlit.go.jp,none
collab.sys.affrc.go.jp,200,none
comment.jpo.go.jp,Could not resolve host: comment.jpo.go.jp,none
commons.jst.go.jp,Could not resolve host: commons.jst.go.jp,none
community.resas.go.jp,Could not resolve host: community.resas.go.jp,none
composite.nims.go.jp,Could not resolve host: composite.nims.go.jp,none
conf-reg.nims.go.jp,Could not resolve host: conf-reg.nims.go.jp,none
config.gakusei.go.jp,Could not resolve host: config.gakusei.go.jp,none
conpos.jica.go.jp,Could not resolve host: conpos.jica.go.jp,none
corot.nise.go.jp,Could not resolve host: corot.nise.go.jp,none
courses.niph.go.jp,Could not resolve host: courses.niph.go.jp,none
cp-evaluation.nict.go.jp,Could not resolve host: cp-evaluation.nict.go.jp,none
cpout.dl.ndl.go.jp,Could not resolve host: cpout.dl.ndl.go.jp,none
crca1.moj.go.jp,200,none
crd-test.ndl.go.jp,Could not resolve host: crd-test.ndl.go.jp,none
crd.ndl.go.jp,Could not resolve host: crd.ndl.go.jp,none
crds.jst.go.jp,200,none
crdsrp.tokyo.jst.go.jp,Could not resolve host: crdsrp.tokyo.jst.go.jp,none
crows.naro.affrc.go.jp,Connection timed out after 3001 milliseconds,none
cryptrec.go.jp,Could not resolve host: cryptrec.go.jp,none
crystdb.nims.go.jp,200,none
ctdms.ncchd.go.jp,Could not resolve host: ctdms.ncchd.go.jp,none
cvs.jpki.go.jp,Could not resolve host: cvs.jpki.go.jp,none
d-arch.ide.go.jp,200,none
d-reis.mhlw.go.jp,Could not resolve host: d-reis.mhlw.go.jp,none
d-terdis.jogmec.go.jp,Could not resolve host: d-terdis.jogmec.go.jp,none
daitoshi.mlit.go.jp,Could not resolve host: daitoshi.mlit.go.jp,none
daiyouryou.qsr.mlit.go.jp,Could not resolve host: daiyouryou.qsr.mlit.go.jp,none
data.gosat.nies.go.jp,Could not resolve host: data.gosat.nies.go.jp,none
data.smiles.nict.go.jp,403,none
database.mich.go.jp,Could not resolve host: database.mich.go.jp,none
db-in.nies.go.jp,Could not resolve host: db-in.nies.go.jp,none
db-out.nies.go.jp,Connection timed out after 3001 milliseconds,none
db.cger.nies.go.jp,301,none
db.jil.go.jp,Could not resolve host: db.jil.go.jp,none
dbg.sp.jra.go.jp,Could not resolve host: dbg.sp.jra.go.jp,none
dbms.kokken.go.jp,Could not resolve host: dbms.kokken.go.jp,none
dbs01.nies.go.jp,Could not resolve host: dbs01.nies.go.jp,none
dc-fw.jsps.go.jp,Could not resolve host: dc-fw.jsps.go.jp,none
dd.ndf.go.jp,Could not resolve host: dd.ndf.go.jp,none
dev.nvinq.jra.go.jp,520,none
dh.aist.go.jp,Could not resolve host: dh.aist.go.jp,none
dialin.extinfo.jst.go.jp,Could not resolve host: dialin.extinfo.jst.go.jp,none
dialin.mlit.go.jp,Could not resolve host: dialin.mlit.go.jp,none
dic.go.jp,Could not resolve host: dic.go.jp,none
disclosure-sorry.edinet-fsa.go.jp,Could not resolve host: disclosure-sorry.edinet-fsa.go.jp,none
disclosure.edinet-fsa.go.jp,301,none
dl-sv1.pcinfo.jpo.go.jp,200,none
dl.ccc.go.jp,Could not resolve host: dl.ccc.go.jp,none
dl.e-tax.nta.go.jp,200,none
dl.maff-ebic.go.jp,Could not resolve host: dl.maff-ebic.go.jp,none
dmd.nihs.go.jp,Could not resolve host: dmd.nihs.go.jp,none
donet-data.jamstec.go.jp,Could not resolve host: donet-data.jamstec.go.jp,none
donet-web.jamstec.go.jp,Could not resolve host: donet-web.jamstec.go.jp,none
doro-senyo.go.jp,Could not resolve host: doro-senyo.go.jp,none
download.e-bisc.go.jp,502,none
download.jpki.go.jp,Could not resolve host: download.jpki.go.jp,none
dox.hkd.mlit.go.jp,Could not resolve host: dox.hkd.mlit.go.jp,none
dox.jetro.go.jp,Could not resolve host: dox.jetro.go.jp,none
dox.ktr.mlit.go.jp,Could not resolve host: dox.ktr.mlit.go.jp,5 smtp.ktr.mlit.go.jp.; 10 dns.ktr.mlit.go.jp.
dox.momak.go.jp,Could not resolve host: dox.momak.go.jp,none
dox.momat.go.jp,Could not resolve host: dox.momat.go.jp,none
dox2.hrr.mlit.go.jp,Could not resolve host: dox2.hrr.mlit.go.jp,none
dpr.nistep.go.jp,Could not resolve host: dpr.nistep.go.jp,none
dps.nistep.go.jp,Could not resolve host: dps.nistep.go.jp,none
ds.data.jma.go.jp,Could not resolve host: ds.data.jma.go.jp,none
dsrc-moni.nilim.go.jp,Could not resolve host: dsrc-moni.nilim.go.jp,none
dterdis.jogmec.go.jp,Connection timed out after 3000 milliseconds,none
dvl.n.ipat.jra.go.jp,Could not resolve host: dvl.n.ipat.jra.go.jp,none
dwasteinfo.nies.go.jp,Could not resolve host: dwasteinfo.nies.go.jp,none
e-bid.ur-net.go.jp,Could not resolve host: e-bid.ur-net.go.jp,none
e-census-syougyo.stat.go.jp,Could not resolve host: e-census-syougyo.stat.go.jp,none
e-census.stat.go.jp,Could not resolve host: e-census.stat.go.jp,none
e-fiber.go.jp,Could not resolve host: e-fiber.go.jp,none
e-jisc.go.jp,Could not resolve host: e-jisc.go.jp,none
e-keizai.stat.go.jp,Could not resolve host: e-keizai.stat.go.jp,none
e-kokusei.go.jp,Could not resolve host: e-kokusei.go.jp,none
e-learning.stat.go.jp,Could not resolve host: e-learning.stat.go.jp,none
e-mail-gateway.kbn.mlit.go.jp,Could not resolve host: e-mail-gateway.kbn.mlit.go.jp,none
e-stat.go.jp,SSL: no alternative certificate subject name matches target hostname 'e-stat.go.jp',none
e-support.ehdo.go.jp,Could not resolve host: e-support.ehdo.go.jp,none
e-survey.go.jp,301,none
e-tax.nta.go.jp,Could not resolve host: e-tax.nta.go.jp,none
e-trialfies.go.jp,Could not resolve host: e-trialfies.go.jp,none
e2acc01.e-bisc.go.jp,Could not resolve host: e2acc01.e-bisc.go.jp,none
e2odw.e-bisc.go.jp,502,none
eapp.pps.go.jp,Could not resolve host: eapp.pps.go.jp,none
ebcrpa.jamstec.go.jp,Could not resolve host: ebcrpa.jamstec.go.jp,none
ebid-websv01.hrr.mlit.go.jp,Could not resolve host: ebid-websv01.hrr.mlit.go.jp,none
ebid.moj.go.jp,Could not resolve host: ebid.moj.go.jp,none
ebidtest.moj.go.jp,Could not resolve host: ebidtest.moj.go.jp,none
ec-kiso.stat.go.jp,Could not resolve host: ec-kiso.stat.go.jp,none
ec-kouzou.stat.go.jp,Could not resolve host: ec-kouzou.stat.go.jp,none
ec.smrj.go.jp,200,none
eco-biofuel.go.jp,Could not resolve host: eco-biofuel.go.jp,none
eco-family.go.jp,Could not resolve host: eco-family.go.jp,none
ecochil.go.jp,403,none
ecoclub.go.jp,Could not resolve host: ecoclub.go.jp,none
ecojin.env.go.jp,Could not resolve host: ecojin.env.go.jp,none
edogawa.go.jp,Could not resolve host: edogawa.go.jp,none
edu.env.go.jp,403,none
eeel.go.jp,Could not resolve host: eeel.go.jp,none
ehealth.niph.go.jp,Could not resolve host: ehealth.niph.go.jp,none
ejim.ncgg.go.jp,Could not resolve host: ejim.ncgg.go.jp,none
elearning.nenkin.go.jp,Could not resolve host: elearning.nenkin.go.jp,none
elfts01.mlit.go.jp,Could not resolve host: elfts01.mlit.go.jp,none
elfts02.mlit.go.jp,Could not resolve host: elfts02.mlit.go.jp,none
elfts03.mlit.go.jp,Could not resolve host: elfts03.mlit.go.jp,none
employ-info.hellowork.go.jp,Could not resolve host: employ-info.hellowork.go.jp,none
energy.go.jp,Could not resolve host: energy.go.jp,none
enquete-ganjoho.ncc.go.jp,Could not resolve host: enquete-ganjoho.ncc.go.jp,none
env.go.jp,Could not resolve host: env.go.jp,none
envgis.nies.go.jp,Could not resolve host: envgis.nies.go.jp,none
envgis2.nies.go.jp,Could not resolve host: envgis2.nies.go.jp,none
envreport.go.jp,Could not resolve host: envreport.go.jp,none
epi.ncc.go.jp,200,none
es-tutorial.jamstec.go.jp,Could not resolve host: es-tutorial.jamstec.go.jp,none
esg.pmda.go.jp,403,none
eshinse.nict.go.jp,Connection timed out after 3001 milliseconds,none
esm-web.jhf.go.jp,Could not resolve host: esm-web.jhf.go.jp,none
estrigw.pmda.go.jp,Could not resolve host: estrigw.pmda.go.jp,none
ets.registry.go.jp,Could not resolve host: ets.registry.go.jp,none
evalcom.aist.go.jp,Could not resolve host: evalcom.aist.go.jp,none
ex-databases2.ndl.go.jp,Could not resolve host: ex-databases2.ndl.go.jp,none
ex-gwweb.jica.go.jp,Could not resolve host: ex-gwweb.jica.go.jp,none
exp.e-jisc.go.jp,Could not resolve host: exp.e-jisc.go.jp,none
extinfo.jst.go.jp,Could not resolve host: extinfo.jst.go.jp,none
famic.go.jp,Could not resolve host: famic.go.jp,10 d359467a.ess.barracudanetworks.com.; 20 d359467b.ess.barracudanetworks.com.
faxocr.niph.go.jp,Could not resolve host: faxocr.niph.go.jp,none
fbox.jamstec.go.jp,Could not resolve host: fbox.jamstec.go.jp,none
fcdb.dc.affrc.go.jp,Could not resolve host: fcdb.dc.affrc.go.jp,none
fcsi.nihs.go.jp,Could not resolve host: fcsi.nihs.go.jp,none
fd-lthc-sys.mhlw.go.jp,Could not resolve host: fd-lthc-sys.mhlw.go.jp,none
file.ide.go.jp,Could not resolve host: file.ide.go.jp,none
file.thr.mlit.go.jp,Could not resolve host: file.thr.mlit.go.jp,none
fileexchange.mod.go.jp,Could not resolve host: fileexchange.mod.go.jp,none
filesend.meti.go.jp,Could not resolve host: filesend.meti.go.jp,none
fileserver.jnto.go.jp,Could not resolve host: fileserver.jnto.go.jp,none
fit.go.jp,Could not resolve host: fit.go.jp,none
fmsj.ac.affrc.go.jp,Could not resolve host: fmsj.ac.affrc.go.jp,none
fnca.mext.go.jp,Could not resolve host: fnca.mext.go.jp,none
fooddb.mext.go.jp,Could not resolve host: fooddb.mext.go.jp,none
foresight.jst.go.jp,Could not resolve host: foresight.jst.go.jp,none
form.affrc.go.jp,Could not resolve host: form.affrc.go.jp,none
form.caa.go.jp,Could not resolve host: form.caa.go.jp,none
form.cao.go.jp,200,none
form.hatomimi.go.jp,Could not resolve host: form.hatomimi.go.jp,none
form.inpit.go.jp,Could not resolve host: form.inpit.go.jp,none
form.jinji-mail.go.jp,Could not resolve host: form.jinji-mail.go.jp,none
form1.jinji-mail.go.jp,Could not resolve host: form1.jinji-mail.go.jp,none
form1.kmail.kantei.go.jp,Could not resolve host: form1.kmail.kantei.go.jp,none
forum.nise.go.jp,SSL certificate problem: unable to get local issuer certificate,none
fos.jst.go.jp,Could not resolve host: fos.jst.go.jp,none
fp-nied.bosai.go.jp,Could not resolve host: fp-nied.bosai.go.jp,none
framework.nilim.go.jp,Could not resolve host: framework.nilim.go.jp,none
ft1.iws.mofa.go.jp,Could not resolve host: ft1.iws.mofa.go.jp,none
ftex.smrj.go.jp,Could not resolve host: ftex.smrj.go.jp,none
ftrans.jamstec.go.jp,Could not resolve host: ftrans.jamstec.go.jp,none
fts.miraikan.jst.go.jp,Could not resolve host: fts.miraikan.jst.go.jp,none
fukuoka-plb.go.jp,Could not resolve host: fukuoka-plb.go.jp,none
fukuyama-hosp.go.jp,Could not resolve host: fukuyama-hosp.go.jp,none
funtoshare.env.go.jp,TLS connect error: error:0A000410:SSL routines::ssl/tls alert handshake failure,none
furikomedata.dic.go.jp,200,none
fxi.nies.go.jp,Could not resolve host: fxi.nies.go.jp,none
fxp.nies.go.jp,Connection timed out after 3002 milliseconds,none
fxs.nies.go.jp,Could not resolve host: fxs.nies.go.jp,none
gaikokujin.hellowork.go.jp,Could not resolve host: gaikokujin.hellowork.go.jp,none
galaxy.dna.affrc.go.jp,Could not resolve host: galaxy.dna.affrc.go.jp,none
gankenshin50.go.jp,Could not resolve host: gankenshin50.go.jp,none
gate.nsr.go.jp,Could not resolve host: gate.nsr.go.jp,none
gaw.kishou.go.jp,Could not resolve host: gaw.kishou.go.jp,none
geijutuin.go.jp,301,none
gemdbj.ncc.go.jp,Could not resolve host: gemdbj.ncc.go.jp,none
gemdbj.nibio.go.jp,Could not resolve host: gemdbj.nibio.go.jp,none
gene.affrc.go.jp,Could not resolve host: gene.affrc.go.jp,none
genome.niid.go.jp,Could not resolve host: genome.niid.go.jp,none
geo-iso.jaea.go.jp,Operation timed out after 3000 milliseconds with 0 bytes received,dig error
gigacc-asp.nedo.go.jp,Could not resolve host: gigacc-asp.nedo.go.jp,none
gio.nies.go.jp,Could not resolve host: gio.nies.go.jp,none
gio2.nies.go.jp,Could not resolve host: gio2.nies.go.jp,none
gis.city.river.go.jp,Could not resolve host: gis.city.river.go.jp,none
gis.realtime.bosai.go.jp,302,none
gis.statdb.nstac.go.jp,Could not resolve host: gis.statdb.nstac.go.jp,none
gl2015.smrj.go.jp,Could not resolve host: gl2015.smrj.go.jp,none
glb.rad.ncchd.go.jp,Could not resolve host: glb.rad.ncchd.go.jp,none
glbbs.gex.hq.admix.go.jp,Could not resolve host: glbbs.gex.hq.admix.go.jp,none
go.jp,ConnectException,none
goko.go.jp,301,20 alt2.aspmx.l.google.com.; 10 aspmx.l.google.com.; 20 alt1.aspmx.l.google.com.; 30 aspmx5.googlemail.com.; 30 aspmx4.googlemail.com.; 30 aspmx3.googlemail.com.; 30 aspmx2.googlemail.com.
gpif.go.jp,301,none
gpis.mof.go.jp,Could not resolve host: gpis.mof.go.jp,none
gpw.naro.affrc.go.jp,Connection timed out after 3001 milliseconds,none
groundwater.jaea.go.jp,Could not resolve host: groundwater.jaea.go.jp,none
groutdb.jaea.go.jp,Operation timed out after 3000 milliseconds with 0 bytes received,none
grpware.nims.go.jp,Could not resolve host: grpware.nims.go.jp,none
gsi.go.jp,Could not resolve host: gsi.go.jp,none
h-crisis.niph.go.jp,Could not resolve host: h-crisis.niph.go.jp,none
haisinkanri.mhlw.go.jp,Connection timed out after 3002 milliseconds,none
hakarukun.go.jp,Could not resolve host: hakarukun.go.jp,none
haken.jica.go.jp,Could not resolve host: haken.jica.go.jp,none
hasseidoko.mhlw.go.jp,Could not resolve host: hasseidoko.mhlw.go.jp,none
hcms.aist.go.jp,Could not resolve host: hcms.aist.go.jp,none
hellowork-y.go.jp,Could not resolve host: hellowork-y.go.jp,none
hellowork.go.jp,Could not resolve host: hellowork.go.jp,none
helpdesk.bid.mext.go.jp,Resolving timed out after 3000 milliseconds,none
helpdesk.bid.mof.go.jp,Could not resolve host: helpdesk.bid.mof.go.jp,none
hepjapandb-v2.nih.go.jp,200,none
hfnet.nih.go.jp,Could not resolve host: hfnet.nih.go.jp,none
hijyokyo.go.jp,Could not resolve host: hijyokyo.go.jp,none
hikitsugi-zs2015.smrj.go.jp,Could not resolve host: hikitsugi-zs2015.smrj.go.jp,none
hinet-info.bosai.go.jp,Could not resolve host: hinet-info.bosai.go.jp,none
hinetwww11.bosai.go.jp,403,none
hitachikaihin.go.jp,Could not resolve host: hitachikaihin.go.jp,none
hizumifs.bosai.go.jp,Could not resolve host: hizumifs.bosai.go.jp,none
hkd.mlit.go.jp,Connection timed out after 3001 milliseconds,none
hoken.hellowork.go.jp,Could not resolve host: hoken.hellowork.go.jp,none
hokkaidos.johas.go.jp,SSL certificate problem: unable to get local issuer certificate,none
hokoukukan.go.jp,403,none
hoppoutaisaku.go.jp,Could not resolve host: hoppoutaisaku.go.jp,none
hoshu.mhlw.go.jp,Could not resolve host: hoshu.mhlw.go.jp,none
hosp.go.jp,Could not resolve host: hosp.go.jp,none
hospfm.ncc.go.jp,Could not resolve host: hospfm.ncc.go.jp,none
houjinc.ur-net.go.jp,Connection timed out after 3002 milliseconds,none
houjind.ur-net.go.jp,Connection timed out after 3002 milliseconds,none
houmukyoku.moj.go.jp,403,none
housing.ur-net.go.jp,Could not resolve host: housing.ur-net.go.jp,none
hp.wam.go.jp,Could not resolve host: hp.wam.go.jp,none
hpci-idp.jamstec.go.jp,Could not resolve host: hpci-idp.jamstec.go.jp,none
hpki.mhlw.go.jp,Failed to connect to hpki.mhlw.go.jp port 443 after 281 ms: Could not connect to server,none
hr.nistep.go.jp,Could not resolve host: hr.nistep.go.jp,10 hr.nistep.go.jp.
hr2.nistep.go.jp,Connection timed out after 3002 milliseconds,none
hrr.mlit.go.jp,Could not resolve host: hrr.mlit.go.jp,none
htr2012.jaea.go.jp,Could not resolve host: htr2012.jaea.go.jp,none
i-crisis.niph.go.jp,Could not resolve host: i-crisis.niph.go.jp,none
i-nesid.mhlw.go.jp,Could not resolve host: i-nesid.mhlw.go.jp,none
i-nesid.niph.go.jp,Could not resolve host: i-nesid.niph.go.jp,none
iajapan-member.nite.go.jp,Could not resolve host: iajapan-member.nite.go.jp,none
iap01r.narokaikei.affrc.go.jp,Connection timed out after 3002 milliseconds,none
icanps.go.jp,Could not resolve host: icanps.go.jp,none
icdsys.ipa.go.jp,Could not resolve host: icdsys.ipa.go.jp,none
icedd.nise.go.jp,SSL: no alternative certificate subject name matches target hostname 'icedd.nise.go.jp',none
ictp.niph.go.jp,Connection timed out after 3001 milliseconds,none
ide.go.jp,Could not resolve host: ide.go.jp,0 mx.securemx.jp.
ideabox-syskanri.setsuden.go.jp,Could not resolve host: ideabox-syskanri.setsuden.go.jp,none
ideabox.setsuden.go.jp,Could not resolve host: ideabox.setsuden.go.jp,none
idmmbau1.soumu.go.jp,Could not resolve host: idmmbau1.soumu.go.jp,none
idmmbvp1.soumu.go.jp,Could not resolve host: idmmbvp1.soumu.go.jp,none
idp.ndl.go.jp,Could not resolve host: idp.ndl.go.jp,none
idp.nirs.go.jp,Could not resolve host: idp.nirs.go.jp,none
idp.sys.affrc.go.jp,404,none
idpt.sys.affrc.go.jp,Connection timed out after 3002 milliseconds,none
ikashigen.go.jp,Could not resolve host: ikashigen.go.jp,none
ikilog.biodic.go.jp,500,none
ikw.info.pmda.go.jp,Could not resolve host: ikw.info.pmda.go.jp,none
imf-wb.2012tokyo.mof.go.jp,Could not resolve host: imf-wb.2012tokyo.mof.go.jp,none
inaba.nims.go.jp,Could not resolve host: inaba.nims.go.jp,none
inf.jogmec.go.jp,301,none
info.city.river.go.jp,Could not resolve host: info.city.river.go.jp,none
info.edinet-fsa.go.jp,SSL: no alternative certificate subject name matches target hostname 'info.edinet-fsa.go.jp',none
info.ipat.jra.go.jp,Could not resolve host: info.ipat.jra.go.jp,none
infonet.jnto.go.jp,Could not resolve host: infonet.jnto.go.jp,none
innove.jst.go.jp,Could not resolve host: innove.jst.go.jp,none
inpit.go.jp,Could not resolve host: inpit.go.jp,none
inquiry.bunka.go.jp,Could not resolve host: inquiry.bunka.go.jp,none
inst.smrj.go.jp,302,none
intvpn.fsa.go.jp,Could not resolve host: intvpn.fsa.go.jp,none
ip-bunseki.go.jp,Could not resolve host: ip-bunseki.go.jp,none
ip.roho-chosyu.mhlw.go.jp,Could not resolve host: ip.roho-chosyu.mhlw.go.jp,none
ipa-fz.ipa.go.jp,Could not resolve host: ipa-fz.ipa.go.jp,none
ipa-mn-web.ipa.go.jp,Connection timed out after 3002 milliseconds,none
ipa-rcpt.ipa.go.jp,Could not resolve host: ipa-rcpt.ipa.go.jp,none
ipa-webmail.ipa.go.jp,Connection timed out after 3001 milliseconds,none
ipa-wmail.ipa.go.jp,SSL certificate problem: self-signed certificate,none
ipa.go.jp,Could not resolve host: ipa.go.jp,none
ipcc-report.challenge25.go.jp,Could not resolve host: ipcc-report.challenge25.go.jp,none
ipe.inpit.go.jp,Could not resolve host: ipe.inpit.go.jp,none
iprsupport-jpo.go.jp,Could not resolve host: iprsupport-jpo.go.jp,none
ir.ide.go.jp,Could not resolve host: ir.ide.go.jp,none
iris-aff.dc.affrc.go.jp,Could not resolve host: iris-aff.dc.affrc.go.jp,none
iryou-kinmukankyou.mhlw.go.jp,200,none
is2010.nict.go.jp,Could not resolve host: is2010.nict.go.jp,none
isc.dc.affrc.go.jp,Connection timed out after 3000 milliseconds,none
isec-dic.ipa.go.jp,Could not resolve host: isec-dic.ipa.go.jp,none
isec-portal.ipa.go.jp,Could not resolve host: isec-portal.ipa.go.jp,none
isec-rss.ipa.go.jp,Could not resolve host: isec-rss.ipa.go.jp,none
isec-sras.ipa.go.jp,Could not resolve host: isec-sras.ipa.go.jp,none
isec.ipa.go.jp,Could not resolve host: isec.ipa.go.jp,none
iseclab.ipa.go.jp,Could not resolve host: iseclab.ipa.go.jp,none
ispolicy.soumu.go.jp,Could not resolve host: ispolicy.soumu.go.jp,none
iss.ndl.go.jp,Could not resolve host: iss.ndl.go.jp,none
itaku.nict.go.jp,Could not resolve host: itaku.nict.go.jp,none
itoffice.nims.go.jp,Could not resolve host: itoffice.nims.go.jp,none
itv.ncchd.go.jp,Could not resolve host: itv.ncchd.go.jp,none
j-lis.go.jp,Could not resolve host: j-lis.go.jp,none
j-rehab.ncvc.go.jp,Could not resolve host: j-rehab.ncvc.go.jp,none
j-support.kosen-k.go.jp,Could not resolve host: j-support.kosen-k.go.jp,none
j-ver.registry.go.jp,Resolving timed out after 3000 milliseconds,none
jacar.go.jp,Could not resolve host: jacar.go.jp,none
jaea.go.jp,Resolving timed out after 3000 milliseconds,none
japan-magazine.jnto.go.jp,Could not resolve host: japan-magazine.jnto.go.jp,none
japan-photo.jnto.go.jp,Could not resolve host: japan-photo.jnto.go.jp,none
japan-tours.jnto.go.jp,Could not resolve host: japan-tours.jnto.go.jp,none
japancenter.jica.go.jp,SSL: no alternative certificate subject name matches target hostname 'japancenter.jica.go.jp',none
japancredit.go.jp,403,none
japancredit.registry.go.jp,Could not resolve host: japancredit.registry.go.jp,none
japanfreewifi.jnto.go.jp,301,none
jcho.go.jp,Could not resolve host: jcho.go.jp,none
jcm.go.jp,Could not resolve host: jcm.go.jp,10 mail.jcm.go.jp.
jcs.go.jp,Could not resolve host: jcs.go.jp,none
jdownload.dc.ogb.go.jp,Could not resolve host: jdownload.dc.ogb.go.jp,none
jdownload.qsr.mlit.go.jp,Could not resolve host: jdownload.qsr.mlit.go.jp,none
jdream2.jst.go.jp,Could not resolve host: jdream2.jst.go.jp,none
jehdra.go.jp,Could not resolve host: jehdra.go.jp,0 jehdra-go-jp.mail.protection.outlook.com.
jetro.go.jp,Could not resolve host: jetro.go.jp,10 mx.securemx.jp.
jglobal.jst.go.jp,200,none
jgn.jica.go.jp,Could not resolve host: jgn.jica.go.jp,none
jgtvm.smrj.go.jp,Could not resolve host: jgtvm.smrj.go.jp,none
jhs2015.smrj.go.jp,Could not resolve host: jhs2015.smrj.go.jp,none
jica-net-library.jica.go.jp,SSL: no alternative certificate subject name matches target hostname 'jica-net-library.jica.go.jp',none
jica-ri.jica.go.jp,Connection timed out after 3002 milliseconds,none
jieikanbosyu-mod.go.jp,Could not resolve host: jieikanbosyu-mod.go.jp,10 mail.jieikanbosyu-mod.go.jp.
jigyo.setsuden.go.jp,Could not resolve host: jigyo.setsuden.go.jp,none
jigyoshokei2010.smrj.go.jp,Could not resolve host: jigyoshokei2010.smrj.go.jp,none
jigyou.zam.go.jp,Could not resolve host: jigyou.zam.go.jp,none
jigyoushoukei2009.smrj.go.jp,Could not resolve host: jigyoushoukei2009.smrj.go.jp,none
jinzai-sougou.go.jp,Could not resolve host: jinzai-sougou.go.jp,none
jinzai.aichi-rodo.go.jp,Could not resolve host: jinzai.aichi-rodo.go.jp,none
jinzaiipedia.ipa.go.jp,Could not resolve host: jinzaiipedia.ipa.go.jp,none
jinzaiipedia2.ipa.go.jp,Could not resolve host: jinzaiipedia2.ipa.go.jp,none
jisc.go.jp,Could not resolve host: jisc.go.jp,none
jli-opac.jpf.go.jp,Could not resolve host: jli-opac.jpf.go.jp,none
jlik-opac.jpf.go.jp,Could not resolve host: jlik-opac.jpf.go.jp,none
jlpp.go.jp,Could not resolve host: jlpp.go.jp,none
jma-net.go.jp,Could not resolve host: jma-net.go.jp,none
jniosh.go.jp,Could not resolve host: jniosh.go.jp,none
jnto-cms01.jnto.go.jp,Could not resolve host: jnto-cms01.jnto.go.jp,none
jnto.go.jp,Could not resolve host: jnto.go.jp,none
job.gakusei.go.jp,Could not resolve host: job.gakusei.go.jp,none
job.gakusei.hellowork.go.jp,Could not resolve host: job.gakusei.hellowork.go.jp,none
job.koukou.gakusei.go.jp,Could not resolve host: job.koukou.gakusei.go.jp,none
jogmec.go.jp,Could not resolve host: jogmec.go.jp,5 mx.securemx.jp.
jognet.jogmec.go.jp,Could not resolve host: jognet.jogmec.go.jp,none
johac.rofuku.go.jp,Could not resolve host: johac.rofuku.go.jp,none
join2.jst.go.jp,Could not resolve host: join2.jst.go.jp,none
jois.jst.go.jp,Could not resolve host: jois.jst.go.jp,none
joseikin.hellowork.go.jp,Could not resolve host: joseikin.hellowork.go.jp,none
josen.env.go.jp,200,none
jpf.go.jp,Could not resolve host: jpf.go.jp,none
jpki.go.jp,Could not resolve host: jpki.go.jp,none
jpnsport.go.jp,Could not resolve host: jpnsport.go.jp,none
jpo-research.go.jp,Could not resolve host: jpo-research.go.jp,none
jpo-shiken.jpo.go.jp,Could not resolve host: jpo-shiken.jpo.go.jp,10 mail.shiken-navi.net.
jpulsenet.nih.go.jp,Could not resolve host: jpulsenet.nih.go.jp,none
jrecin.jst.go.jp,301,none
jroad.ncvc.go.jp,Could not resolve host: jroad.ncvc.go.jp,none
jrr3ring.jaea.go.jp,Could not resolve host: jrr3ring.jaea.go.jp,none
jsgw.jamstec.go.jp,Could not resolve host: jsgw.jamstec.go.jp,none
jsite.mhlw.go.jp,302,none
jsra.jamstec.go.jp,Could not resolve host: jsra.jamstec.go.jp,none
jst.go.jp,Could not resolve host: jst.go.jp,none
jstatmap.e-stat.go.jp,302,none
jstore.jst.go.jp,Could not resolve host: jstore.jst.go.jp,none
jswa.go.jp,Connection timed out after 3002 milliseconds,none
jukugi.mext.go.jp,Could not resolve host: jukugi.mext.go.jp,none
jutaku.jfc.go.jp,Could not resolve host: jutaku.jfc.go.jp,none
jvets.go.jp,Could not resolve host: jvets.go.jp,none
k.nasva.go.jp,Could not resolve host: k.nasva.go.jp,none
kagaku.nims.go.jp,500,none
kagakushiensystem.jst.go.jp,Could not resolve host: kagakushiensystem.jst.go.jp,none
kagakushinsei.jst.go.jp,Could not resolve host: kagakushinsei.jst.go.jp,none
kahaku.go.jp,Could not resolve host: kahaku.go.jp,none
kaigaishienform.smrj.go.jp,Could not resolve host: kaigaishienform.smrj.go.jp,none
kaigonet.mhlw.go.jp,Could not resolve host: kaigonet.mhlw.go.jp,none
kaishi.e-tax.nta.go.jp,403,none
kakehashi.mext.go.jp,Could not resolve host: kakehashi.mext.go.jp,none
kakibyo.dc.affrc.go.jp,Could not resolve host: kakibyo.dc.affrc.go.jp,none
kakushin.jst.go.jp,Could not resolve host: kakushin.jst.go.jp,none
kamasu.jpf.go.jp,Could not resolve host: kamasu.jpf.go.jp,none
kanagawa-iri.go.jp,Could not resolve host: kanagawa-iri.go.jp,none
kankyo.hokkaido-ies.go.jp,Could not resolve host: kankyo.hokkaido-ies.go.jp,none
kanpou.npb.go.jp,301,none
kanri.icanps.go.jp,Could not resolve host: kanri.icanps.go.jp,none
kantei.go.jp,403,none
karatama.nims.go.jp,Could not resolve host: karatama.nims.go.jp,none
kasamatsu-prison.go.jp,Could not resolve host: kasamatsu-prison.go.jp,none
kasenseitai.nilim.go.jp,Could not resolve host: kasenseitai.nilim.go.jp,none
kashikin.fsa.go.jp,404,none
kate.nies.go.jp,200,none
keiei-db.zam.go.jp,Could not resolve host: keiei-db.zam.go.jp,none
kenkyu-hyouka.niph.go.jp,SSL: no alternative certificate subject name matches target hostname 'kenkyu-hyouka.niph.go.jp',none
kenri.jst.go.jp,SSL certificate problem: self-signed certificate,none
kensajoho.mid.mlit.go.jp,Could not resolve host: kensajoho.mid.mlit.go.jp,none
kensajoho.mlit.go.jp,Could not resolve host: kensajoho.mlit.go.jp,none
kenshin-db.niph.go.jp,Could not resolve host: kenshin-db.niph.go.jp,none
kensyou-internet.fsa.go.jp,Could not resolve host: kensyou-internet.fsa.go.jp,none
kexc91.com.ncchd.go.jp,Could not resolve host: kexc91.com.ncchd.go.jp,none
kfile.nilim.go.jp,Could not resolve host: kfile.nilim.go.jp,none
kgyssl.jbaudit.go.jp,Could not resolve host: kgyssl.jbaudit.go.jp,none
kgyutm.jbaudit.go.jp,Could not resolve host: kgyutm.jbaudit.go.jp,none
kidp.kosen-k.go.jp,Could not resolve host: kidp.kosen-k.go.jp,none
kikaku.nias.affrc.go.jp,Connection timed out after 3001 milliseconds,none
kikyou.jetro.go.jp,Could not resolve host: kikyou.jetro.go.jp,none
kinkyu.nisa.go.jp,Could not resolve host: kinkyu.nisa.go.jp,none
kinkyu.nsc.go.jp,Could not resolve host: kinkyu.nsc.go.jp,none
kinkyu.nsr.go.jp,Could not resolve host: kinkyu.nsr.go.jp,none
kintai-ap.nict.go.jp,Could not resolve host: kintai-ap.nict.go.jp,none
kisei.qsr.mlit.go.jp,200,none
kiseisystem.ktr.mlit.go.jp,Could not resolve host: kiseisystem.ktr.mlit.go.jp,none
kj88.ncvc.go.jp,Could not resolve host: kj88.ncvc.go.jp,none
kjss.mod-eboc.go.jp,Could not resolve host: kjss.mod-eboc.go.jp,none
kkr.mlit.go.jp,Could not resolve host: kkr.mlit.go.jp,20 mxwest.mlit.go.jp.; 10 mxeast.mlit.go.jp.
kmt-iri.go.jp,SSL certificate problem: self-signed certificate in certificate chain,none
koala.kosen-k.go.jp,Could not resolve host: koala.kosen-k.go.jp,none
koala2.kosen-k.go.jp,Could not resolve host: koala2.kosen-k.go.jp,none
kobune.nims.go.jp,Could not resolve host: kobune.nims.go.jp,none
kodomo.go.jp,Could not resolve host: kodomo.go.jp,none
kohkun.go.jp,Could not resolve host: kohkun.go.jp,none
koho.jst.go.jp,Could not resolve host: koho.jst.go.jp,none
kojinbango-card.go.jp,Could not resolve host: kojinbango-card.go.jp,0 kojinbangocard-go-jp02e.mail.protection.outlook.com.
kokaityosa.da.ndl.go.jp,Could not resolve host: kokaityosa.da.ndl.go.jp,none
kokaityosa.ndl.go.jp,Connection timed out after 3000 milliseconds,none
kokoro.mhlw.go.jp,Could not resolve host: kokoro.mhlw.go.jp,none
kokoro.ncchd.go.jp,200,none
komongyou.mlit.go.jp,Could not resolve host: komongyou.mlit.go.jp,none
komyoen.go.jp,Could not resolve host: komyoen.go.jp,none
koubai.nta.go.jp,Could not resolve host: koubai.nta.go.jp,none
koukai-hogo-db.soumu.go.jp,403,none
koukan-dlow.hkd.mlit.go.jp,Could not resolve host: koukan-dlow.hkd.mlit.go.jp,none
kouseikyoku.mhlw.go.jp,200,none
kpass.nilim.go.jp,Could not resolve host: kpass.nilim.go.jp,none
kure-nh.go.jp,Resolving timed out after 3000 milliseconds,none
kuzuha.nims.go.jp,Could not resolve host: kuzuha.nims.go.jp,none
kv.kmoni.bosai.go.jp,Failed to connect to kv.kmoni.bosai.go.jp port 443 after 1056 ms: Could not connect to server,none
kyohaku.go.jp,Could not resolve host: kyohaku.go.jp,0 .
kyokyu.alic.go.jp,Could not resolve host: kyokyu.alic.go.jp,none
kyotei.nilim.go.jp,Could not resolve host: kyotei.nilim.go.jp,none
kyoten-ganjoho.ncc.go.jp,Could not resolve host: kyoten-ganjoho.ncc.go.jp,none
kyoudou.soumu.go.jp,302,none
kyushuh.rofuku.go.jp,Could not resolve host: kyushuh.rofuku.go.jp,none
kyuujin.hellowork.go.jp,Could not resolve host: kyuujin.hellowork.go.jp,none
kyuusuidb.mhlw.go.jp,Could not resolve host: kyuusuidb.mhlw.go.jp,none
lab.ndl.go.jp,200,none
lapse-immi.moj.go.jp,403,none
largedrive.meti.go.jp,Could not resolve host: largedrive.meti.go.jp,none
lets-online.go.jp,Could not resolve host: lets-online.go.jp,none
lfb.mof.go.jp,200,none
lffw.gsi.go.jp,Could not resolve host: lffw.gsi.go.jp,none
lg47web.tokusya.ktr.mlit.go.jp,Connection timed out after 3000 milliseconds,none
lglc.agropedia.affrc.go.jp,Could not resolve host: lglc.agropedia.affrc.go.jp,none
lib-opac.jpf.go.jp,200,none
libportal.jica.go.jp,200,none
library-documents.jaea.go.jp,Could not resolve host: library-documents.jaea.go.jp,none
library.affrc.go.jp,403,none
library.nims.go.jp,Could not resolve host: library.nims.go.jp,none
libserv1.riken.go.jp,Could not resolve host: libserv1.riken.go.jp,none
libsvr5.kokken.go.jp,Could not resolve host: libsvr5.kokken.go.jp,none
licenseif.mhlw.go.jp,403,none
lmo.go.jp,Could not resolve host: lmo.go.jp,0 lmo-go-jp.mail.protection.outlook.com.
lms.e-college.fdma.go.jp,Could not resolve host: lms.e-college.fdma.go.jp,none
login-matnavi.nims.go.jp,Could not resolve host: login-matnavi.nims.go.jp,none
login.e-survey.go.jp,Could not resolve host: login.e-survey.go.jp,none
login.openlab.ipa.go.jp,Could not resolve host: login.openlab.ipa.go.jp,none
logins.e-survey.go.jp,Could not resolve host: logins.e-survey.go.jp,none
logodl.setsuden.go.jp,Could not resolve host: logodl.setsuden.go.jp,none
lpgpro.go.jp,Could not resolve host: lpgpro.go.jp,none
lync.extinfo.jst.go.jp,Could not resolve host: lync.extinfo.jst.go.jp,none
lyncdiscover.extinfo.jst.go.jp,Could not resolve host: lyncdiscover.extinfo.jst.go.jp,none
lyncdiscover.mlit.go.jp,Could not resolve host: lyncdiscover.mlit.go.jp,none
lyncdiscoverinternal.mlit.go.jp,Could not resolve host: lyncdiscoverinternal.mlit.go.jp,none
m-josen.env.go.jp,Could not resolve host: m-josen.env.go.jp,none
m-kinkyu.nisa.go.jp,Could not resolve host: m-kinkyu.nisa.go.jp,none
m-kinkyu.nsr.go.jp,Could not resolve host: m-kinkyu.nsr.go.jp,none
m.a-pat.jra.go.jp,Could not resolve host: m.a-pat.jra.go.jp,none
m.dva-pat.jra.go.jp,Could not resolve host: m.dva-pat.jra.go.jp,none
m.jikojoho.go.jp,Could not resolve host: m.jikojoho.go.jp,none
m.mikke.go.jp,Could not resolve host: m.mikke.go.jp,none
machigenki.go.jp,Could not resolve host: machigenki.go.jp,none
magazine.jnto.go.jp,Could not resolve host: magazine.jnto.go.jp,none
mail-archive.sys.affrc.go.jp,Connection timed out after 3001 milliseconds,none
mail.bosai.go.jp,Could not resolve host: mail.bosai.go.jp,none
mail.hokkaidos.johas.go.jp,403,none
mail.jpkanbou.go.jp,Could not resolve host: mail.jpkanbou.go.jp,none
mail.kbn.mlit.go.jp,Could not resolve host: mail.kbn.mlit.go.jp,none
mail.setsuden.go.jp,Could not resolve host: mail.setsuden.go.jp,none
mail.skr.mlit.go.jp,Could not resolve host: mail.skr.mlit.go.jp,none
mail.tanjikan.mhlw.go.jp,Could not resolve host: mail.tanjikan.mhlw.go.jp,none
mail01.keneki.go.jp,Could not resolve host: mail01.keneki.go.jp,none
mail01.ncc.go.jp,Could not resolve host: mail01.ncc.go.jp,none
mail02.ncc.go.jp,Could not resolve host: mail02.ncc.go.jp,none
mail03.ncc.go.jp,Could not resolve host: mail03.ncc.go.jp,none
mailgate.amed.go.jp,Could not resolve host: mailgate.amed.go.jp,none
mailgw.affrc.go.jp,Could not resolve host: mailgw.affrc.go.jp,none
mailgw.ncc.go.jp,Could not resolve host: mailgw.ncc.go.jp,none
mailmag.maff.go.jp,403,none
mailmagazine.mext.go.jp,Could not resolve host: mailmagazine.mext.go.jp,none
manage.lmo.go.jp,Could not resolve host: manage.lmo.go.jp,none
mannoukouen.go.jp,Could not resolve host: mannoukouen.go.jp,none
manual.kbn.mlit.go.jp,Could not resolve host: manual.kbn.mlit.go.jp,none
manufacturing-tech.go.jp,Could not resolve host: manufacturing-tech.go.jp,none
mapdb.jaea.go.jp,Could not resolve host: mapdb.jaea.go.jp,none
marine.kishou.go.jp,Could not resolve host: marine.kishou.go.jp,none
mastarpj.nict.go.jp,Could not resolve host: mastarpj.nict.go.jp,none
match.jfc.go.jp,200,none
match.k.jfc.go.jp,Could not resolve host: match.k.jfc.go.jp,none
mayakuzaikokanri.mhlw.go.jp,Could not resolve host: mayakuzaikokanri.mhlw.go.jp,none
medproc.tokyo.jst.go.jp,Could not resolve host: medproc.tokyo.jst.go.jp,none
meet.extinfo.jst.go.jp,Could not resolve host: meet.extinfo.jst.go.jp,none
meet.mlit.go.jp,Could not resolve host: meet.mlit.go.jp,none
megante.dna.affrc.go.jp,Could not resolve host: megante.dna.affrc.go.jp,none
melmaga.mext.go.jp,Could not resolve host: melmaga.mext.go.jp,10 melmaga.mext.go.jp.
melmaga.soumu.go.jp,Could not resolve host: melmaga.soumu.go.jp,none
mem.nvinq.jra.go.jp,520,none
member.sumai.ur-net.go.jp,Could not resolve host: member.sumai.ur-net.go.jp,none
menkyo.jst.go.jp,Could not resolve host: menkyo.jst.go.jp,none
mental-rosai.rofuku.go.jp,Could not resolve host: mental-rosai.rofuku.go.jp,none
mepic.nih.go.jp,Connection timed out after 3001 milliseconds,none
meridian2014.go.jp,Could not resolve host: meridian2014.go.jp,none
merumaga.nta.go.jp,Could not resolve host: merumaga.nta.go.jp,none
meti-nadeshiko.go.jp,Could not resolve host: meti-nadeshiko.go.jp,none
meti.e-jisc.go.jp,Could not resolve host: meti.e-jisc.go.jp,none
mfe.kkr.mlit.go.jp,Connection timed out after 3001 milliseconds,none
mfilter.nies.go.jp,Could not resolve host: mfilter.nies.go.jp,none
mgweb.ncc.go.jp,Could not resolve host: mgweb.ncc.go.jp,none
mhlw-grants.niph.go.jp,200,none
mice.jnto.go.jp,200,none
migrationdb.jaea.go.jp,200,none
min.e-jisc.go.jp,Could not resolve host: min.e-jisc.go.jp,none
mindeji.lab.ndl.go.jp,Could not resolve host: mindeji.lab.ndl.go.jp,none
mint.go.jp,Could not resolve host: mint.go.jp,none
mirror.plidb.inpit.go.jp,Could not resolve host: mirror.plidb.inpit.go.jp,none
mits-reg.nims.go.jp,Could not resolve host: mits-reg.nims.go.jp,none
mits.nims.go.jp,200,none
mizu.nies.go.jp,Could not resolve host: mizu.nies.go.jp,none
mizukokus.nilim.go.jp,Could not resolve host: mizukokus.nilim.go.jp,none
ml-archive.sys.affrc.go.jp,Could not resolve host: ml-archive.sys.affrc.go.jp,none
ml-share.affrc.go.jp,Connection timed out after 3000 milliseconds,none
ml-share.sys.affrc.go.jp,200,none
ml-wiki.sys.affrc.go.jp,200,none
ml.jnto.go.jp,Could not resolve host: ml.jnto.go.jp,none
mlsec.nedo.go.jp,Could not resolve host: mlsec.nedo.go.jp,none
mm-enquete.meti.go.jp,Could not resolve host: mm-enquete.meti.go.jp,none
mms.ur-net.go.jp,Could not resolve host: mms.ur-net.go.jp,none
mmz.caa.go.jp,Could not resolve host: mmz.caa.go.jp,none
mn.dva-pat.jra.go.jp,Could not resolve host: mn.dva-pat.jra.go.jp,none
mn.jra.go.jp,Could not resolve host: mn.jra.go.jp,none
mnrassv002.mof.go.jp,Connection timed out after 3000 milliseconds,none
mnrassv003.mof.go.jp,Could not resolve host: mnrassv003.mof.go.jp,10 ns1.mof.go.jp.
mnvpcsv001.mof.go.jp,Could not resolve host: mnvpcsv001.mof.go.jp,none
mnvspsv001.mof.go.jp,Could not resolve host: mnvspsv001.mof.go.jp,none
mob.mext.go.jp,Could not resolve host: mob.mext.go.jp,none
mob.nsr.go.jp,Could not resolve host: mob.nsr.go.jp,none
mobile.kkr.mlit.go.jp,Connection timed out after 3000 milliseconds,none
mobile.ur-net.go.jp,Could not resolve host: mobile.ur-net.go.jp,none
mobile.yoyaku.navi.go.jp,Could not resolve host: mobile.yoyaku.navi.go.jp,none
mobile2.kkr.mlit.go.jp,Connection timed out after 3001 milliseconds,none
mobility.go.jp,Could not resolve host: mobility.go.jp,none
mof.go.jp,Could not resolve host: mof.go.jp,none
mofa.go.jp,Could not resolve host: mofa.go.jp,none
momiji.jpf.go.jp,Could not resolve host: momiji.jpf.go.jp,none
momo.jpf.go.jp,Could not resolve host: momo.jpf.go.jp,none
mon.ipat.jra.go.jp,SSL: no alternative certificate subject name matches target hostname 'mon.ipat.jra.go.jp',none
mon.sp.jra.go.jp,Operation timed out after 3000 milliseconds with 0 bytes received,none
monitor.cloud.niph.go.jp,Could not resolve host: monitor.cloud.niph.go.jp,none
monitor.gov-online.go.jp,Could not resolve host: monitor.gov-online.go.jp,none
monitor.uchieco.go.jp,Could not resolve host: monitor.uchieco.go.jp,none
mosidab1.sidab.agropedia.affrc.go.jp,Could not resolve host: mosidab1.sidab.agropedia.affrc.go.jp,none
mqm.niph.go.jp,Could not resolve host: mqm.niph.go.jp,none
mr2.rofuku.go.jp,Could not resolve host: mr2.rofuku.go.jp,none
mri-2.mri-jma.go.jp,Could not resolve host: mri-2.mri-jma.go.jp,none
mri-5.mri-jma.go.jp,Could not resolve host: mri-5.mri-jma.go.jp,none
ms.jaea.go.jp,Connection timed out after 3002 milliseconds,none
mscweb.kishou.go.jp,Could not resolve host: mscweb.kishou.go.jp,none
mt.ncnp.go.jp,Could not resolve host: mt.ncnp.go.jp,none
mtb-amss.nict.go.jp,Could not resolve host: mtb-amss.nict.go.jp,none
mtb-ems.nict.go.jp,Could not resolve host: mtb-ems.nict.go.jp,none
mtb-lss.nict.go.jp,Could not resolve host: mtb-lss.nict.go.jp,none
museum-dir.jst.go.jp,Could not resolve host: museum-dir.jst.go.jp,none
myknm.kyohaku.go.jp,Could not resolve host: myknm.kyohaku.go.jp,none
mypage.ikusys.jasso.go.jp,Could not resolve host: mypage.ikusys.jasso.go.jp,none
n-e-procurement.soumu.go.jp,Could not resolve host: n-e-procurement.soumu.go.jp,none
n.ipat.jra.go.jp,200,none
naash.go.jp,Could not resolve host: naash.go.jp,none
nabunken.go.jp,Could not resolve host: nabunken.go.jp,none
nacp.dc.affrc.go.jp,Could not resolve host: nacp.dc.affrc.go.jp,none
nagano-hosp.go.jp,Connection timed out after 3001 milliseconds,none
nakagawa-mlit.go.jp,SSL: no alternative certificate subject name matches target hostname 'nakagawa-mlit.go.jp',none
nama.bunka.go.jp,200,none
nanbyo.niph.go.jp,Could not resolve host: nanbyo.niph.go.jp,none
nanonet.go.jp,Could not resolve host: nanonet.go.jp,none
nanonet.nims.go.jp,Could not resolve host: nanonet.nims.go.jp,none
nasva.go.jp,Could not resolve host: nasva.go.jp,none
navi.go.jp,Could not resolve host: navi.go.jp,none
nc07eac.nims.go.jp,Could not resolve host: nc07eac.nims.go.jp,none
nc07ewc.nims.go.jp,Could not resolve host: nc07ewc.nims.go.jp,none
nccri.ncc.go.jp,Could not resolve host: nccri.ncc.go.jp,none
ncext07.nims.go.jp,Could not resolve host: ncext07.nims.go.jp,none
ncnp-gcpap.ncnp.go.jp,403,none
ncvc.go.jp,Could not resolve host: ncvc.go.jp,none
ndb.sys.affrc.go.jp,Could not resolve host: ndb.sys.affrc.go.jp,none
ndlopac.ndl.go.jp,303,none
ndrecovery.niph.go.jp,302,none
necsas.skr.mlit.go.jp,Could not resolve host: necsas.skr.mlit.go.jp,none
necsas1.skr.mlit.go.jp,Could not resolve host: necsas1.skr.mlit.go.jp,none
nedoraw.nedo.go.jp,Could not resolve host: nedoraw.nedo.go.jp,none
nenkin.shigaku.go.jp,Could not resolve host: nenkin.shigaku.go.jp,none
nesid3g.mhlw.go.jp,Could not resolve host: nesid3g.mhlw.go.jp,none
net.kojinbango-card.go.jp,302,none
netaction.openlabs.go.jp,Could not resolve host: netaction.openlabs.go.jp,none
new-jmtr-ussj.jaea.go.jp,Could not resolve host: new-jmtr-ussj.jaea.go.jp,none
news.jetro.go.jp,Could not resolve host: news.jetro.go.jp,none
newsletter.gov-online.go.jp,Could not resolve host: newsletter.gov-online.go.jp,none
nibio.go.jp,Could not resolve host: nibio.go.jp,none
nibiohn.go.jp,Could not resolve host: nibiohn.go.jp,0 mgy.cybermail.jp.
nicer.go.jp,Could not resolve host: nicer.go.jp,none
nictinfo.nict.go.jp,Could not resolve host: nictinfo.nict.go.jp,none
niedmail.bosai.go.jp,Could not resolve host: niedmail.bosai.go.jp,none
nier.go.jp,Could not resolve host: nier.go.jp,none
nierdbs2.nier.go.jp,Could not resolve host: nierdbs2.nier.go.jp,none
nierdlfs.nier.go.jp,Could not resolve host: nierdlfs.nier.go.jp,dig error
nieropac.nier.go.jp,302,none
nierssl.nier.go.jp,Resolving timed out after 3001 milliseconds,none
nilim.go.jp,Could not resolve host: nilim.go.jp,none
ninja.nims.go.jp,Could not resolve host: ninja.nims.go.jp,none
ninsho.jfc.go.jp,Could not resolve host: ninsho.jfc.go.jp,none
ninsho.jst.go.jp,Could not resolve host: ninsho.jst.go.jp,none
nirs.go.jp,Could not resolve host: nirs.go.jp,none
nirsdose.nirs.go.jp,Could not resolve host: nirsdose.nirs.go.jp,none
nise.go.jp,Could not resolve host: nise.go.jp,none
nishiodai.env.go.jp,Could not resolve host: nishiodai.env.go.jp,none
niso.kankakuki.go.jp,Resolving timed out after 3000 milliseconds,none
nite.go.jp,Could not resolve host: nite.go.jp,10 nmail006.nite.go.jp.; 10 nmail005.nite.go.jp.
nmg.cao.go.jp,200,10 b159.repica.jp.
nmri.go.jp,Could not resolve host: nmri.go.jp,none
no-pawahara.mhlw.go.jp,Could not resolve host: no-pawahara.mhlw.go.jp,none
np-dev.nims.go.jp,Could not resolve host: np-dev.nims.go.jp,none
np-transparency.jaea.go.jp,Could not resolve host: np-transparency.jaea.go.jp,none
np2.nims.go.jp,Could not resolve host: np2.nims.go.jp,none
npa.go.jp,Could not resolve host: npa.go.jp,none
npf.nict.go.jp,Could not resolve host: npf.nict.go.jp,none
npsc.go.jp,Could not resolve host: npsc.go.jp,none
npu.go.jp,Could not resolve host: npu.go.jp,none
nrb-www.mlit.go.jp,Could not resolve host: nrb-www.mlit.go.jp,none
nrib.go.jp,TLS connect error: error:0A000458:SSL routines::tlsv1 unrecognized name,dig error
nricpt.tobunken.go.jp,Connection timed out after 3001 milliseconds,none
nrips.go.jp,Could not resolve host: nrips.go.jp,none
ns.shikoku-cc.go.jp,Could not resolve host: ns.shikoku-cc.go.jp,none
nsed.jaea.go.jp,Operation timed out after 3001 milliseconds with 0 bytes received,none
nsp.chotatujoho.go.jp,Could not resolve host: nsp.chotatujoho.go.jp,none
nss.sys.affrc.go.jp,302,none
nta.go.jp,Could not resolve host: nta.go.jp,10 mx.smart-mail-security.jp.
ntj.jac.go.jp,Could not resolve host: ntj.jac.go.jp,none
ntp-a1.nict.go.jp,200,none
ntp-b1.nict.go.jp,200,none
ntsel.go.jp,Could not resolve host: ntsel.go.jp,10 ntsel-go-jp.mail.protection.outlook.com.
nval.go.jp,Could not resolve host: nval.go.jp,none
nyc.niye.go.jp,Could not resolve host: nyc.niye.go.jp,none
nyusatsu-dl.cbr.mlit.go.jp,Connection timed out after 3000 milliseconds,none
nyusatsu-dl.cgr.mlit.go.jp,Connection timed out after 3002 milliseconds,none
nyusatsu-dl.kkr.mlit.go.jp,Connection timed out after 3000 milliseconds,none
nyusatsu-www1.thr.mlit.go.jp,Could not resolve host: nyusatsu-www1.thr.mlit.go.jp,none
odc.mod-eboc.go.jp,Could not resolve host: odc.mod-eboc.go.jp,none
odr.mod-eboc.go.jp,Could not resolve host: odr.mod-eboc.go.jp,none
odw.e-bisc.go.jp,Could not resolve host: odw.e-bisc.go.jp,none
odw.mod-eboc.go.jp,Could not resolve host: odw.mod-eboc.go.jp,none
ofex.nict.go.jp,Could not resolve host: ofex.nict.go.jp,none
oilgas-info.jogmec.go.jp,301,none
oita-ri.go.jp,Could not resolve host: oita-ri.go.jp,none
olap.mntsousyoku.maff.go.jp,Connection timed out after 3002 milliseconds,none
olap.sousyoku.maff.go.jp,Connection timed out after 3002 milliseconds,none
old.ml-share.affrc.go.jp,Could not resolve host: old.ml-share.affrc.go.jp,none
old.user-share.affrc.go.jp,Could not resolve host: old.user-share.affrc.go.jp,none
onestop.gsi.go.jp,Could not resolve host: onestop.gsi.go.jp,none
online.jpki.go.jp,Could not resolve host: online.jpki.go.jp,none
opac.ide.go.jp,200,none
opac.ndl.go.jp,303,none
opac.nier.go.jp,Could not resolve host: opac.nier.go.jp,none
opac.sys.affrc.go.jp,SSL: no alternative certificate subject name matches target hostname 'opac.sys.affrc.go.jp',none
opdb.jaea.go.jp,Operation timed out after 3002 milliseconds with 0 bytes received,none
open-meti.go.jp,Could not resolve host: open-meti.go.jp,none
open.fdma.go.jp,Could not resolve host: open.fdma.go.jp,none
open.water.go.jp,Could not resolve host: open.water.go.jp,none
opengov.openlabs.go.jp,Could not resolve host: opengov.openlabs.go.jp,none
openinq.dl.ndl.go.jp,301,none
openlabs.go.jp,Could not resolve host: openlabs.go.jp,none
order.bid.mext.go.jp,Could not resolve host: order.bid.mext.go.jp,none
order.bid.mof.go.jp,Could not resolve host: order.bid.mof.go.jp,10 ns1.mof.go.jp.
oubo.lmo.go.jp,403,none
owa.extinfo.jst.go.jp,Could not resolve host: owa.extinfo.jst.go.jp,none
owa.nedo.go.jp,Could not resolve host: owa.nedo.go.jp,none
p-esd.go.jp,Could not resolve host: p-esd.go.jp,none
pa.nies.go.jp,Connection timed out after 3000 milliseconds,none
paki09ni.rukehahaa751.go.jp,Could not resolve host: paki09ni.rukehahaa751.go.jp,none
part-tanjikan.mhlw.go.jp,200,20 mailsv2.part-tanjikan.mhlw.go.jp.; 10 mailsv1.part-tanjikan.mhlw.go.jp.
partner.jica.go.jp,404,none
pasia.gsi.go.jp,Could not resolve host: pasia.gsi.go.jp,none
passcode.aist.go.jp,Could not resolve host: passcode.aist.go.jp,none
pctn.ncchd.go.jp,Could not resolve host: pctn.ncchd.go.jp,none
peco.ncnp.go.jp,Could not resolve host: peco.ncnp.go.jp,none
photo.jica.go.jp,Connection timed out after 3002 milliseconds,none
pi-sar.nict.go.jp,200,none
pirv0.infoc.nedo.go.jp,Could not resolve host: pirv0.infoc.nedo.go.jp,none
plaza.bunka.go.jp,Could not resolve host: plaza.bunka.go.jp,none
plidb.inpit.go.jp,200,none
plugin.antispam.go.jp,SSL: no alternative certificate subject name matches target hostname 'plugin.antispam.go.jp',none
po.fsa.go.jp,Could not resolve host: po.fsa.go.jp,none
po1.fsa.go.jp,Could not resolve host: po1.fsa.go.jp,none
po2.fsa.go.jp,Could not resolve host: po2.fsa.go.jp,none
po3.nexi.go.jp,Connection timed out after 3002 milliseconds,none
polymer.nims.go.jp,200,none
pop.hokkaidos.johas.go.jp,Could not resolve host: pop.hokkaidos.johas.go.jp,none
pop.nies.go.jp,Could not resolve host: pop.nies.go.jp,none
port.nict.go.jp,Could not resolve host: port.nict.go.jp,none
porta.ndl.go.jp,Could not resolve host: porta.ndl.go.jp,none
portal-order.bid.mext.go.jp,Resolving timed out after 3001 milliseconds,none
portal-pki.nedo.go.jp,Could not resolve host: portal-pki.nedo.go.jp,none
portal.artmuseums.go.jp,Connection timed out after 3002 milliseconds,none
portal.bid.mext.go.jp,Resolving timed out after 3001 milliseconds,none
portal.inet.msdf.mod.go.jp,Connection timed out after 3002 milliseconds,none
portal.intra-bs.aist.go.jp,Could not resolve host: portal.intra-bs.aist.go.jp,none
portal.kbn.mlit.go.jp,Could not resolve host: portal.kbn.mlit.go.jp,none
portal.nedo.go.jp,Could not resolve host: portal.nedo.go.jp,none
post.jra.go.jp,200,none
ppi.cbr.mlit.go.jp,Could not resolve host: ppi.cbr.mlit.go.jp,none
ppi.hkd.mlit.go.jp,Could not resolve host: ppi.hkd.mlit.go.jp,none
ppi.ur-net.go.jp,Could not resolve host: ppi.ur-net.go.jp,none
pr.jst.go.jp,Could not resolve host: pr.jst.go.jp,none
practice-support.ncc.go.jp,200,none
preview-ganjoho.ncc.go.jp,Could not resolve host: preview-ganjoho.ncc.go.jp,none
preview.e-jisc.go.jp,401,none
preview.pmda.go.jp,Could not resolve host: preview.pmda.go.jp,none
pro-jinzai.go.jp,Could not resolve host: pro-jinzai.go.jp,none
project.nies.go.jp,Could not resolve host: project.nies.go.jp,none
projects.itri.aist.go.jp,Could not resolve host: projects.itri.aist.go.jp,none
puf.jst.go.jp,Could not resolve host: puf.jst.go.jp,none
pursue.dc.affrc.go.jp,Could not resolve host: pursue.dc.affrc.go.jp,none
push.info.pmda.go.jp,200,none
pvmxml.nims.go.jp,Could not resolve host: pvmxml.nims.go.jp,none
pwfiletr.pwri.go.jp,200,none
pwri.go.jp,Could not resolve host: pwri.go.jp,none
qasys.nedo.go.jp,200,10 i.msgs.jp.
qqsv.tokyo-eiken.go.jp,200,none
qsr.mlit.go.jp,Could not resolve host: qsr.mlit.go.jp,none
quiz-s.ikashigen.go.jp,Could not resolve host: quiz-s.ikashigen.go.jp,none
qzss.go.jp,200,none
r-assistance.go.jp,Could not resolve host: r-assistance.go.jp,none
radioinput.mext.go.jp,Could not resolve host: radioinput.mext.go.jp,none
radioinput.nsr.go.jp,SSL: no alternative certificate subject name matches target hostname 'radioinput.nsr.go.jp',none
raim-japan.mlit.go.jp,Could not resolve host: raim-japan.mlit.go.jp,none
ras03.meti.go.jp,Could not resolve host: ras03.meti.go.jp,none
ras04.meti.go.jp,Could not resolve host: ras04.meti.go.jp,none
ras1.ncnp.go.jp,Could not resolve host: ras1.ncnp.go.jp,none
ras2.ncnp.go.jp,Connection timed out after 3002 milliseconds,none
rc.center.e-gov.go.jp,Could not resolve host: rc.center.e-gov.go.jp,none
rcss.jsps.go.jp,Could not resolve host: rcss.jsps.go.jp,none
read2.jst.go.jp,Could not resolve host: read2.jst.go.jp,none
recruit.jnto.go.jp,Could not resolve host: recruit.jnto.go.jp,none
recruiting.jbic.go.jp,Resolving timed out after 3000 milliseconds,none
redcap-nv.ncvc.go.jp,Could not resolve host: redcap-nv.ncvc.go.jp,none
redcap.ncvc.go.jp,Could not resolve host: redcap.ncvc.go.jp,none
reg-www.qsr.mlit.go.jp,Connection timed out after 3000 milliseconds,none
reg-www2.qsr.mlit.go.jp,Connection timed out after 3002 milliseconds,none
registry.go.jp,Resolving timed out after 3000 milliseconds,none
reis.mhlw.go.jp,Could not resolve host: reis.mhlw.go.jp,none
relex.nict.go.jp,Connection timed out after 3001 milliseconds,none
remat.nirs.go.jp,Could not resolve host: remat.nirs.go.jp,none
reqform.kantei.go.jp,Could not resolve host: reqform.kantei.go.jp,none
resas.go.jp,Could not resolve host: resas.go.jp,none
research.kosen-k.go.jp,200,none
resnoteproxy.a01.aist.go.jp,Could not resolve host: resnoteproxy.a01.aist.go.jp,none
rfss.nedo.go.jp,Could not resolve host: rfss.nedo.go.jp,none
riekisouhan.kosen-k.go.jp,Could not resolve host: riekisouhan.kosen-k.go.jp,none
rightsmng.jogmec.go.jp,Could not resolve host: rightsmng.jogmec.go.jp,none
rikai.jst.go.jp,Could not resolve host: rikai.jst.go.jp,none
rikasuki.tokyo.jst.go.jp,Could not resolve host: rikasuki.tokyo.jst.go.jp,none
rikasuki2.tokyo.jst.go.jp,Could not resolve host: rikasuki2.tokyo.jst.go.jp,none
rincrossing.smrj.go.jp,Could not resolve host: rincrossing.smrj.go.jp,none
rmac.mofa.go.jp,Could not resolve host: rmac.mofa.go.jp,none
rmbcs0904.ogb.go.jp,403,none
rminfo.nite.go.jp,Could not resolve host: rminfo.nite.go.jp,none
rms.extinfo.jst.go.jp,Could not resolve host: rms.extinfo.jst.go.jp,none
rms1.agsearch.agropedia.affrc.go.jp,Could not resolve host: rms1.agsearch.agropedia.affrc.go.jp,none
rnavi.ndl.go.jp,303,none
rofuku.go.jp,Could not resolve host: rofuku.go.jp,none
room-reserve.dc.affrc.go.jp,Could not resolve host: room-reserve.dc.affrc.go.jp,none
roudou.go.jp,Could not resolve host: roudou.go.jp,none
rps.go.jp,Could not resolve host: rps.go.jp,none
rrms.nedo.go.jp,Could not resolve host: rrms.nedo.go.jp,none
rrsys.jaea.go.jp,Operation timed out after 3002 milliseconds with 0 bytes received,none
rrsys.tokai-sc.jaea.go.jp,Could not resolve host: rrsys.tokai-sc.jaea.go.jp,none
rsms.naro.affrc.go.jp,Connection timed out after 3000 milliseconds,none
rtqa-ganjoho.ncc.go.jp,Could not resolve host: rtqa-ganjoho.ncc.go.jp,none
rx02.nies.go.jp,Could not resolve host: rx02.nies.go.jp,none
ryohi.kosen-k.go.jp,Connection timed out after 3001 milliseconds,none
ryohisv.narokaikei.affrc.go.jp,Connection timed out after 3001 milliseconds,none
safe.nite.go.jp,Could not resolve host: safe.nite.go.jp,none
saigai-mob.ktr.mlit.go.jp,Connection timed out after 3002 milliseconds,none
saigai-photo.mlit.go.jp,Could not resolve host: saigai-photo.mlit.go.jp,none
sairyunokawa.go.jp,Could not resolve host: sairyunokawa.go.jp,none
saisei-secure.smrj.go.jp,Could not resolve host: saisei-secure.smrj.go.jp,none
saisei.smrj.go.jp,Could not resolve host: saisei.smrj.go.jp,none
sankan.kunaicho.go.jp,302,none
sankanyoyaku.sangiin.go.jp,Could not resolve host: sankanyoyaku.sangiin.go.jp,none
sannyuukoubo.jaea.go.jp,Operation timed out after 3001 milliseconds with 0 bytes received,none
sappiki.hokkaido-labor.go.jp,Could not resolve host: sappiki.hokkaido-labor.go.jp,none
sas.hrr.mlit.go.jp,200,none
sbir.smrj.go.jp,200,none
sc-gate.nims.go.jp,Could not resolve host: sc-gate.nims.go.jp,none
sc-smn.jst.go.jp,Could not resolve host: sc-smn.jst.go.jp,none
scdownload.e-bisc.go.jp,Could not resolve host: scdownload.e-bisc.go.jp,none
scholar-ps.sas.jasso.go.jp,302,none
sciencecommunication.jst.go.jp,Could not resolve host: sciencecommunication.jst.go.jp,none
scinfo.nies.go.jp,Failed to connect to scinfo.nies.go.jp port 443 after 526 ms: Could not connect to server,none
search.e-gov.go.jp,302,none
search.gakusei.go.jp,Could not resolve host: search.gakusei.go.jp,none
search.jetro.go.jp,Could not resolve host: search.jetro.go.jp,none
search.kn.e-gov.go.jp,Could not resolve host: search.kn.e-gov.go.jp,none
search.npb.go.jp,301,none
search.trc.jogmec.go.jp,Could not resolve host: search.trc.jogmec.go.jp,none
sec.ipa.go.jp,Could not resolve host: sec.ipa.go.jp,none
sec.jra.go.jp,Connection timed out after 3002 milliseconds,none
sec.keirin.go.jp,Could not resolve host: sec.keirin.go.jp,none
sec.lin.go.jp,Could not resolve host: sec.lin.go.jp,none
sec.mod.go.jp,403,none
sec.nict.go.jp,Could not resolve host: sec.nict.go.jp,none
secgw-m.jaea.go.jp,Could not resolve host: secgw-m.jaea.go.jp,none
secgw-w.jaea.go.jp,Could not resolve host: secgw-w.jaea.go.jp,none
secgw.jaea.go.jp,Could not resolve host: secgw.jaea.go.jp,none
secure.ara.go.jp,Could not resolve host: secure.ara.go.jp,none
secure.jnes.go.jp,Could not resolve host: secure.jnes.go.jp,none
secure.jobcard.go.jp,Could not resolve host: secure.jobcard.go.jp,none
secure.rieti.go.jp,Could not resolve host: secure.rieti.go.jp,none
securekisoken.jst.go.jp,Could not resolve host: securekisoken.jst.go.jp,none
seg-web.nict.go.jp,Could not resolve host: seg-web.nict.go.jp,none
seidokanri.go.jp,Could not resolve host: seidokanri.go.jp,none
seihinjyoho.go.jp,200,none
seikatsu.setsuden.go.jp,Could not resolve host: seikatsu.setsuden.go.jp,none
seisakucontest.kantei.go.jp,Could not resolve host: seisakucontest.kantei.go.jp,none
sengen.mext.go.jp,Could not resolve host: sengen.mext.go.jp,none
sengen.nsr.go.jp,Could not resolve host: sengen.nsr.go.jp,none
senryaku.tokyo.jst.go.jp,Could not resolve host: senryaku.tokyo.jst.go.jp,none
serv02.hellowork.go.jp,Could not resolve host: serv02.hellowork.go.jp,none
service-2.sts.nict.go.jp,200,none
service-4.sts.nict.go.jp,200,none
service-5.sts.nict.go.jp,200,none
setsuden-diary.hemsmoni.go.jp,Could not resolve host: setsuden-diary.hemsmoni.go.jp,none
shienkanri.jst.go.jp,Could not resolve host: shienkanri.jst.go.jp,none
shienkanri.tokyo.jst.go.jp,Could not resolve host: shienkanri.tokyo.jst.go.jp,none
shienkubun.mhlw.go.jp,Could not resolve host: shienkubun.mhlw.go.jp,none
shihyo.maff.go.jp,Connection timed out after 3002 milliseconds,none
shiken.jnto.go.jp,200,none
shikoku-cc.go.jp,Could not resolve host: shikoku-cc.go.jp,none
shimatching.mlit.go.jp,Could not resolve host: shimatching.mlit.go.jp,none
shimatching2016.mlit.go.jp,Could not resolve host: shimatching2016.mlit.go.jp,none
shingenekidb.smrj.go.jp,Could not resolve host: shingenekidb.smrj.go.jp,none
shinko-www.mext.go.jp,Could not resolve host: shinko-www.mext.go.jp,none
shinkoku.erca.go.jp,302,none
shinkoku.go.jp,Could not resolve host: shinkoku.go.jp,none
shinrinhoken.maff.go.jp,Could not resolve host: shinrinhoken.maff.go.jp,none
shinriyou.niye.go.jp,200,none
shinsei.e-gov.go.jp,403,none
shinsei.fsa.go.jp,Could not resolve host: shinsei.fsa.go.jp,none
shinsei.jemic.go.jp,Connection timed out after 3002 milliseconds,none
shinsei.jfm.go.jp,SSL certificate problem: unable to get local issuer certificate,none
shinsei.kn.e-gov.go.jp,401,none
shinsei.kunaicho.go.jp,Could not resolve host: shinsei.kunaicho.go.jp,none
shinsei.maff-aqs.go.jp,Could not resolve host: shinsei.maff-aqs.go.jp,none
shinsei.mhlw.go.jp,Could not resolve host: shinsei.mhlw.go.jp,none
shinsei.ncc.go.jp,Could not resolve host: shinsei.ncc.go.jp,none
shinsei1.fsa.go.jp,Could not resolve host: shinsei1.fsa.go.jp,none
shinsei1.moj.go.jp,Could not resolve host: shinsei1.moj.go.jp,none
shinsei2.fsa.go.jp,Could not resolve host: shinsei2.fsa.go.jp,none
shinsei2.kn.e-gov.go.jp,Could not resolve host: shinsei2.kn.e-gov.go.jp,none
shinsei2.moj.go.jp,Could not resolve host: shinsei2.moj.go.jp,none
shiteihaiki.env.go.jp,200,none
shizuoka-prison.go.jp,Could not resolve host: shizuoka-prison.go.jp,none
shokeidb.smrj.go.jp,Could not resolve host: shokeidb.smrj.go.jp,none
shorttrips.jnto.go.jp,Could not resolve host: shorttrips.jnto.go.jp,none
shosoin.kunaicho.go.jp,200,none
shouhizei.smrj.go.jp,Could not resolve host: shouhizei.smrj.go.jp,none
shoushi.go.jp,Could not resolve host: shoushi.go.jp,none
sincho2.tokyo.jst.go.jp,Could not resolve host: sincho2.tokyo.jst.go.jp,none
sio7-asp.jamstec.go.jp,Could not resolve host: sio7-asp.jamstec.go.jp,none
sip.extinfo.jst.go.jp,Could not resolve host: sip.extinfo.jst.go.jp,none
sip.mlit.go.jp,Could not resolve host: sip.mlit.go.jp,none
sipaccess.extinfo.jst.go.jp,Could not resolve host: sipaccess.extinfo.jst.go.jp,none
sisetuweb3.mext.go.jp,403,none
sisetuweb4.mext.go.jp,Could not resolve host: sisetuweb4.mext.go.jp,none
sitelog.nta.go.jp,403,none
skcao.go.jp,Could not resolve host: skcao.go.jp,none
skr.mlit.go.jp,Could not resolve host: skr.mlit.go.jp,none
skw.info.pmda.go.jp,Could not resolve host: skw.info.pmda.go.jp,none
skymdm.tohokuh.rofuku.go.jp,Could not resolve host: skymdm.tohokuh.rofuku.go.jp,none
slc-sdk.nict.go.jp,Could not resolve host: slc-sdk.nict.go.jp,none
slp01.nict.go.jp,Could not resolve host: slp01.nict.go.jp,none
smartlife.go.jp,SSL: no alternative certificate subject name matches target hostname 'smartlife.go.jp',none
smiles-p6.nict.go.jp,Could not resolve host: smiles-p6.nict.go.jp,none
smiletouch.ur-net.go.jp,Could not resolve host: smiletouch.ur-net.go.jp,none
smrj.go.jp,Could not resolve host: smrj.go.jp,none
smtp.hokkaidos.johas.go.jp,Could not resolve host: smtp.hokkaidos.johas.go.jp,none
smtp.nies.go.jp,Could not resolve host: smtp.nies.go.jp,none
smx.nies.go.jp,Could not resolve host: smx.nies.go.jp,none
smxgsb.jamstec.go.jp,Connection timed out after 3000 milliseconds,none
snh.go.jp,Could not resolve host: snh.go.jp,dig error
snp.jst.go.jp,Could not resolve host: snp.jst.go.jp,none
sns.chiikinogennki.soumu.go.jp,Could not resolve host: sns.chiikinogennki.soumu.go.jp,none
sntd.jftc.go.jp,Could not resolve host: sntd.jftc.go.jp,none
soba.jpf.go.jp,Could not resolve host: soba.jpf.go.jp,none
sogo.dna.affrc.go.jp,200,none
sokuseikagis1.gsi.go.jp,Could not resolve host: sokuseikagis1.gsi.go.jp,none
somoku.ndl.go.jp,303,none
soneto.fsa.go.jp,Could not resolve host: soneto.fsa.go.jp,none
soramame.taiki.go.jp,Connection timed out after 3000 milliseconds,none
sougouten.smrj.go.jp,Could not resolve host: sougouten.smrj.go.jp,none
soukaimen.jst.go.jp,Could not resolve host: soukaimen.jst.go.jp,none
spt-reis.mhlw.go.jp,Could not resolve host: spt-reis.mhlw.go.jp,none
square.kahaku.go.jp,Could not resolve host: square.kahaku.go.jp,none
sra.jamstec.go.jp,Could not resolve host: sra.jamstec.go.jp,none
ss.pmda.go.jp,500,none
ss4lime.nirs.go.jp,Could not resolve host: ss4lime.nirs.go.jp,none
ssh.jst.go.jp,Could not resolve host: ssh.jst.go.jp,none
sskoufukin.alic.go.jp,Could not resolve host: sskoufukin.alic.go.jp,none
ssl-vpn.alic.go.jp,Connection timed out after 3000 milliseconds,none
ssl-vpn.niph.go.jp,403,none
ssl.jinji.go.jp,403,none
ssl.jstage.jst.go.jp,Could not resolve host: ssl.jstage.jst.go.jp,none
ssl.kyoinnet-nagano.jica.go.jp,Could not resolve host: ssl.kyoinnet-nagano.jica.go.jp,none
ssl.vpn.affrc.go.jp,Connection timed out after 3000 milliseconds,none
ssl.yamagata-rodo.go.jp,Could not resolve host: ssl.yamagata-rodo.go.jp,none
sslvpn.aist.go.jp,Connection timed out after 3002 milliseconds,none
sslvpn.ncc.go.jp,Could not resolve host: sslvpn.ncc.go.jp,none
ssmoushikomi.alic.go.jp,Could not resolve host: ssmoushikomi.alic.go.jp,none
sso-login.nict.go.jp,Connection timed out after 3002 milliseconds,none
sso-rp.nict.go.jp,Connection timed out after 3001 milliseconds,none
sso.intra-bs.aist.go.jp,Could not resolve host: sso.intra-bs.aist.go.jp,none
sso.lin.go.jp,Could not resolve host: sso.lin.go.jp,none
ssov.lin.go.jp,Could not resolve host: ssov.lin.go.jp,none
staff.aist.go.jp,200,none
statdb.nstac.go.jp,Could not resolve host: statdb.nstac.go.jp,none
stay.nctd.go.jp,Could not resolve host: stay.nctd.go.jp,none
stfc.nistep.go.jp,Connection timed out after 3001 milliseconds,none
stirdf.jglobal.jst.go.jp,Could not resolve host: stirdf.jglobal.jst.go.jp,none
stml-4.nict.go.jp,Could not resolve host: stml-4.nict.go.jp,none
stml-5.nict.go.jp,Connection timed out after 3001 milliseconds,none
stml-6.nict.go.jp,Connection timed out after 3002 milliseconds,none
stml-7.nict.go.jp,Could not resolve host: stml-7.nict.go.jp,none
sto.affrc.go.jp,Could not resolve host: sto.affrc.go.jp,none
storage.jsps.go.jp,Connection timed out after 3001 milliseconds,none
stream.jica-net-library.jica.go.jp,Could not resolve host: stream.jica-net-library.jica.go.jp,none
stw.mext.go.jp,Could not resolve host: stw.mext.go.jp,none
submit-sorry.edinet-fsa.go.jp,Could not resolve host: submit-sorry.edinet-fsa.go.jp,none
submit.edinet-fsa.go.jp,301,none
suggestion.nta.go.jp,Could not resolve host: suggestion.nta.go.jp,none
sumai.ur-net.go.jp,Could not resolve host: sumai.ur-net.go.jp,none
survey.mext.go.jp,Could not resolve host: survey.mext.go.jp,none
survivor.ncc.go.jp,Could not resolve host: survivor.ncc.go.jp,none
sv1-isp-1.ipigs.jpo.go.jp,Could not resolve host: sv1-isp-1.ipigs.jpo.go.jp,none
sv1-isp-1.ipigs.support.jpo.go.jp,Could not resolve host: sv1-isp-1.ipigs.support.jpo.go.jp,none
sv1-isp-2.ipigs.jpo.go.jp,Could not resolve host: sv1-isp-2.ipigs.jpo.go.jp,none
sv1-isp-2.ipigs.support.jpo.go.jp,Could not resolve host: sv1-isp-2.ipigs.support.jpo.go.jp,none
sv1-isp-a.ipigs.jpo.go.jp,Could not resolve host: sv1-isp-a.ipigs.jpo.go.jp,none
sv1-isp-a.ipigs.support.jpo.go.jp,Could not resolve host: sv1-isp-a.ipigs.support.jpo.go.jp,none
sv1-isp-b.ipigs.jpo.go.jp,Could not resolve host: sv1-isp-b.ipigs.jpo.go.jp,none
sv1-isp-b.ipigs.support.jpo.go.jp,Could not resolve host: sv1-isp-b.ipigs.support.jpo.go.jp,none
sv2-isp-1.ipigs.jpo.go.jp,Could not resolve host: sv2-isp-1.ipigs.jpo.go.jp,none
sv2-isp-1.ipigs.support.jpo.go.jp,Could not resolve host: sv2-isp-1.ipigs.support.jpo.go.jp,none
sv2-isp-2.ipigs.jpo.go.jp,Could not resolve host: sv2-isp-2.ipigs.jpo.go.jp,none
sv2-isp-2.ipigs.support.jpo.go.jp,Could not resolve host: sv2-isp-2.ipigs.support.jpo.go.jp,none
sv2-isp-a.ipigs.jpo.go.jp,Could not resolve host: sv2-isp-a.ipigs.jpo.go.jp,none
sv2-isp-a.ipigs.support.jpo.go.jp,Could not resolve host: sv2-isp-a.ipigs.support.jpo.go.jp,none
sv2-isp-b.ipigs.jpo.go.jp,Could not resolve host: sv2-isp-b.ipigs.jpo.go.jp,none
sv2-isp-b.ipigs.support.jpo.go.jp,Could not resolve host: sv2-isp-b.ipigs.support.jpo.go.jp,none
sv3-isp-1.ipigs.jpo.go.jp,Could not resolve host: sv3-isp-1.ipigs.jpo.go.jp,none
sv3-isp-1.ipigs.support.jpo.go.jp,Could not resolve host: sv3-isp-1.ipigs.support.jpo.go.jp,none
sv3-isp-2.ipigs.jpo.go.jp,Could not resolve host: sv3-isp-2.ipigs.jpo.go.jp,none
sv3-isp-2.ipigs.support.jpo.go.jp,Could not resolve host: sv3-isp-2.ipigs.support.jpo.go.jp,none
sv3-isp-a.ipigs.jpo.go.jp,Could not resolve host: sv3-isp-a.ipigs.jpo.go.jp,none
sv3-isp-a.ipigs.support.jpo.go.jp,Could not resolve host: sv3-isp-a.ipigs.support.jpo.go.jp,none
sv3-isp-b.ipigs.jpo.go.jp,Could not resolve host: sv3-isp-b.ipigs.jpo.go.jp,none
sv3-isp-b.ipigs.support.jpo.go.jp,Could not resolve host: sv3-isp-b.ipigs.support.jpo.go.jp,none
sv4-isp-1.ipigs.jpo.go.jp,Could not resolve host: sv4-isp-1.ipigs.jpo.go.jp,none
sv4-isp-1.ipigs.support.jpo.go.jp,Could not resolve host: sv4-isp-1.ipigs.support.jpo.go.jp,none
sv4-isp-2.ipigs.jpo.go.jp,Could not resolve host: sv4-isp-2.ipigs.jpo.go.jp,none
sv4-isp-2.ipigs.support.jpo.go.jp,Could not resolve host: sv4-isp-2.ipigs.support.jpo.go.jp,none
sv4-isp-a.ipigs.jpo.go.jp,Could not resolve host: sv4-isp-a.ipigs.jpo.go.jp,none
sv4-isp-a.ipigs.support.jpo.go.jp,Could not resolve host: sv4-isp-a.ipigs.support.jpo.go.jp,none
sv4-isp-b.ipigs.jpo.go.jp,Could not resolve host: sv4-isp-b.ipigs.jpo.go.jp,none
sv4-isp-b.ipigs.support.jpo.go.jp,Could not resolve host: sv4-isp-b.ipigs.support.jpo.go.jp,none
sv5-isp-1.ipigs.jpo.go.jp,Could not resolve host: sv5-isp-1.ipigs.jpo.go.jp,none
sv5-isp-1.ipigs.support.jpo.go.jp,Could not resolve host: sv5-isp-1.ipigs.support.jpo.go.jp,none
sv5-isp-2.ipigs.jpo.go.jp,Could not resolve host: sv5-isp-2.ipigs.jpo.go.jp,none
sv5-isp-2.ipigs.support.jpo.go.jp,Could not resolve host: sv5-isp-2.ipigs.support.jpo.go.jp,none
sv5-isp-a.ipigs.jpo.go.jp,Could not resolve host: sv5-isp-a.ipigs.jpo.go.jp,none
sv5-isp-a.ipigs.support.jpo.go.jp,Could not resolve host: sv5-isp-a.ipigs.support.jpo.go.jp,none
sv5-isp-b.ipigs.jpo.go.jp,Could not resolve host: sv5-isp-b.ipigs.jpo.go.jp,none
sv5-isp-b.ipigs.support.jpo.go.jp,Could not resolve host: sv5-isp-b.ipigs.support.jpo.go.jp,none
svpn.pmda.go.jp,Could not resolve host: svpn.pmda.go.jp,none
swc.nict.go.jp,200,none
syllabus.kosen-k.go.jp,Could not resolve host: syllabus.kosen-k.go.jp,none
syskjweb.gsi.go.jp,Could not resolve host: syskjweb.gsi.go.jp,none
syssso.gsi.go.jp,Could not resolve host: syssso.gsi.go.jp,none
system.nctd.go.jp,Could not resolve host: system.nctd.go.jp,none
t-k-download.moj.go.jp,Could not resolve host: t-k-download.moj.go.jp,none
ta05zunn.haimumaka761.go.jp,Could not resolve host: ta05zunn.haimumaka761.go.jp,none
taikenban.moj.go.jp,Could not resolve host: taikenban.moj.go.jp,none
taisaku.active.go.jp,Could not resolve host: taisaku.active.go.jp,none
taisaku.ccc.go.jp,Could not resolve host: taisaku.ccc.go.jp,none
taisaku2.ccc.go.jp,Could not resolve host: taisaku2.ccc.go.jp,none
taisyokukin.go.jp,Could not resolve host: taisyokukin.go.jp,none
takinssys.jaea.go.jp,Could not resolve host: takinssys.jaea.go.jp,none
takuchi.ur-net.go.jp,Could not resolve host: takuchi.ur-net.go.jp,none
tamakazu2.nims.go.jp,Could not resolve host: tamakazu2.nims.go.jp,none
tanimachi01.jetro.go.jp,Could not resolve host: tanimachi01.jetro.go.jp,none
tanimachi02.jetro.go.jp,Could not resolve host: tanimachi02.jetro.go.jp,none
tanjikan.mhlw.go.jp,Could not resolve host: tanjikan.mhlw.go.jp,none
tax-freeshop-wifi.jnto.go.jp,Could not resolve host: tax-freeshop-wifi.jnto.go.jp,none
tax-freeshop.jnto.go.jp,302,none
tbeic.go.jp,Could not resolve host: tbeic.go.jp,none
tdb.smrj.go.jp,Could not resolve host: tdb.smrj.go.jp,none
tekigou.jhf.go.jp,200,none
tenbou.nies.go.jp,Recv failure: Connexion ré-initialisée par le correspondant,none
tenkasoudan.go.jp,Could not resolve host: tenkasoudan.go.jp,none
tenken.qsr.mlit.go.jp,Could not resolve host: tenken.qsr.mlit.go.jp,none
test-201508.kodomohinkon.go.jp,Could not resolve host: test-201508.kodomohinkon.go.jp,none
test-shinriyou.niye.go.jp,Could not resolve host: test-shinriyou.niye.go.jp,none
test.c.river.go.jp,Could not resolve host: test.c.river.go.jp,none
test.city.river.go.jp,Could not resolve host: test.city.river.go.jp,none
test.s.river.go.jp,Could not resolve host: test.s.river.go.jp,none
test.sub.idc.river.go.jp,Could not resolve host: test.sub.idc.river.go.jp,none
test.www7.river.go.jp,Could not resolve host: test.www7.river.go.jp,none
test1.ipat.jra.go.jp,Recv failure: Connexion ré-initialisée par le correspondant,none
testjdream.tokyo.jst.go.jp,Could not resolve host: testjdream.tokyo.jst.go.jp,none
tetras.uitec.ehdo.go.jp,Could not resolve host: tetras.uitec.ehdo.go.jp,none
tic.jnto.go.jp,Could not resolve host: tic.jnto.go.jp,none
ticket.ntj.jac.go.jp,200,none
ticket1.ntj.jac.go.jp,Could not resolve host: ticket1.ntj.jac.go.jp,none
timm.go.jp,Could not resolve host: timm.go.jp,none
tlms-p.ndl.go.jp,Could not resolve host: tlms-p.ndl.go.jp,none
tobitate-community.jasso.go.jp,Could not resolve host: tobitate-community.jasso.go.jp,none
tobitate.jasso.go.jp,Could not resolve host: tobitate.jasso.go.jp,none
tochi.mlit.go.jp,Could not resolve host: tochi.mlit.go.jp,none
tochi2.mlit.go.jp,Could not resolve host: tochi2.mlit.go.jp,none
tohokukankyoweb.pa.thr.mlit.go.jp,Could not resolve host: tohokukankyoweb.pa.thr.mlit.go.jp,none
tokusyoho.caa.go.jp,Could not resolve host: tokusyoho.caa.go.jp,none
tokyo-eiken.go.jp,Connection timed out after 3001 milliseconds,none
tokyo.jst.go.jp,Could not resolve host: tokyo.jst.go.jp,10 tokyo-jst-go-jp.mail.protection.outlook.com.
tokyoh.rofuku.go.jp,Could not resolve host: tokyoh.rofuku.go.jp,none
tombo.dc.affrc.go.jp,Could not resolve host: tombo.dc.affrc.go.jp,none
tools-ganjoho.ncc.go.jp,Could not resolve host: tools-ganjoho.ncc.go.jp,none
topline2014.smrj.go.jp,Could not resolve host: topline2014.smrj.go.jp,none
torupa.qsr.mlit.go.jp,Could not resolve host: torupa.qsr.mlit.go.jp,none
tos.nias.affrc.go.jp,Connection timed out after 3001 milliseconds,none
touki-gw.moj.go.jp,Could not resolve host: touki-gw.moj.go.jp,none
touki-kyoutaku-support.moj.go.jp,302,none
touki-shinsei.moj.go.jp,Could not resolve host: touki-shinsei.moj.go.jp,none
touroku.nctd.go.jp,Could not resolve host: touroku.nctd.go.jp,none
training-jpo.go.jp,Could not resolve host: training-jpo.go.jp,none
training.ndl.go.jp,Could not resolve host: training.ndl.go.jp,none
translation-db.pmda.go.jp,Could not resolve host: translation-db.pmda.go.jp,none
trc-training.jogmec.go.jp,Could not resolve host: trc-training.jogmec.go.jp,none
trial.jinzai-sougou.go.jp,Could not resolve host: trial.jinzai-sougou.go.jp,none
try.bid.mext.go.jp,Resolving timed out after 3000 milliseconds,none
try.bid.mof.go.jp,Could not resolve host: try.bid.mof.go.jp,none
tsuge.nims.go.jp,Could not resolve host: tsuge.nims.go.jp,none
tsutagra.go.jp,Could not resolve host: tsutagra.go.jp,none
ttt.ikusys.jasso.go.jp,Could not resolve host: ttt.ikusys.jasso.go.jp,none
ttt.sas.jasso.go.jp,Could not resolve host: ttt.sas.jasso.go.jp,none
tynwp-web.kishou.go.jp,401,none
typhoon.jaea.go.jp,Could not resolve host: typhoon.jaea.go.jp,none
u10sme.go.jp,Could not resolve host: u10sme.go.jp,none
uam.kbn.mlit.go.jp,Could not resolve host: uam.kbn.mlit.go.jp,none
ubp.nctd.go.jp,Could not resolve host: ubp.nctd.go.jp,none
uchieco-shindan.go.jp,Could not resolve host: uchieco-shindan.go.jp,none
uegnt023.hoken.pnet.yusei.go.jp,Could not resolve host: uegnt023.hoken.pnet.yusei.go.jp,none
uketsuke.e-tax-v3.nta.go.jp,Could not resolve host: uketsuke.e-tax-v3.nta.go.jp,none
uketsuke.e-tax.nta.go.jp,403,none
un.jd.jra.go.jp,200,none
un.sp.jra.go.jp,520,none
undiag.niph.go.jp,Could not resolve host: undiag.niph.go.jp,none
unica.ndl.go.jp,TLS connect error: error:0A000410:SSL routines::ssl/tls alert handshake failure,none
unit.aist.go.jp,Could not resolve host: unit.aist.go.jp,none
unkoukanri.thr.mlit.go.jp,Could not resolve host: unkoukanri.thr.mlit.go.jp,none
update.chizai-jinzai-db.go.jp,Could not resolve host: update.chizai-jinzai-db.go.jp,none
ur-net.go.jp,Could not resolve host: ur-net.go.jp,none
user-share.affrc.go.jp,Could not resolve host: user-share.affrc.go.jp,none
user-share.sys.affrc.go.jp,Connection timed out after 3001 milliseconds,none
user-wiki.sys.affrc.go.jp,Connection timed out after 3001 milliseconds,none
userst.ur-net.go.jp,Could not resolve host: userst.ur-net.go.jp,none
ustar01.nict.go.jp,Could not resolve host: ustar01.nict.go.jp,none
v-portal.jica.go.jp,Could not resolve host: v-portal.jica.go.jp,none
v01.tgnw.mhlw.go.jp,Could not resolve host: v01.tgnw.mhlw.go.jp,none
vdb.smrj.go.jp,Could not resolve host: vdb.smrj.go.jp,none
vegetan.alic.go.jp,Could not resolve host: vegetan.alic.go.jp,none
vermeer.nise.go.jp,Could not resolve host: vermeer.nise.go.jp,none
vet.registry.go.jp,Could not resolve host: vet.registry.go.jp,none
vetmedae.nval.go.jp,Could not resolve host: vetmedae.nval.go.jp,none
vgai.dc.affrc.go.jp,Could not resolve host: vgai.dc.affrc.go.jp,none
video.ncc.go.jp,Could not resolve host: video.ncc.go.jp,none
vidp.sys.affrc.go.jp,Could not resolve host: vidp.sys.affrc.go.jp,none
view.pmda.go.jp,Failed to connect to view.pmda.go.jp port 443 after 583 ms: Could not connect to server,none
voicedonate.nict.go.jp,Could not resolve host: voicedonate.nict.go.jp,none
vpiapp-c.hinsyu.maff.go.jp,Connection timed out after 3002 milliseconds,none
vpiwww.hinsyu.maff.go.jp,Connection timed out after 3002 milliseconds,none
vpn-www.reconstruction.go.jp,Could not resolve host: vpn-www.reconstruction.go.jp,none
vpn.miraikan.jst.go.jp,Could not resolve host: vpn.miraikan.jst.go.jp,none
vpn.nicer.go.jp,Could not resolve host: vpn.nicer.go.jp,none
vpn.nies.go.jp,Connection timed out after 3001 milliseconds,none
vpn.nise.go.jp,Connection timed out after 3002 milliseconds,none
vpngw.jamstec.go.jp,Could not resolve host: vpngw.jamstec.go.jp,none
vport.nict.go.jp,Could not resolve host: vport.nict.go.jp,none
w-mail-gateway.kbn.mlit.go.jp,Could not resolve host: w-mail-gateway.kbn.mlit.go.jp,none
wakagi.nims.go.jp,Could not resolve host: wakagi.nims.go.jp,none
wakamono-saiyou-ikusei.go.jp,Could not resolve host: wakamono-saiyou-ikusei.go.jp,none
warp2.da.ndl.go.jp,Could not resolve host: warp2.da.ndl.go.jp,none
warps.ndl.go.jp,Could not resolve host: warps.ndl.go.jp,none
wave-windnet.kure-nh.go.jp,Resolving timed out after 3000 milliseconds,none
wcmlc01.kbn.mlit.go.jp,Could not resolve host: wcmlc01.kbn.mlit.go.jp,none
web-survey.ri.jica.go.jp,Connection timed out after 3002 milliseconds,none
web.extinfo.jst.go.jp,Could not resolve host: web.extinfo.jst.go.jp,none
web.fd-shinsei.go.jp,Could not resolve host: web.fd-shinsei.go.jp,none
web.intra-bs.aist.go.jp,Could not resolve host: web.intra-bs.aist.go.jp,none
web10.jitec.ipa.go.jp,Could not resolve host: web10.jitec.ipa.go.jp,none
web20.jitec.ipa.go.jp,Could not resolve host: web20.jitec.ipa.go.jp,none
webcon.extinfo.jst.go.jp,Could not resolve host: webcon.extinfo.jst.go.jp,none
webfile.nilim.go.jp,Could not resolve host: webfile.nilim.go.jp,none
weblearningplaza.jst.go.jp,Could not resolve host: weblearningplaza.jst.go.jp,none
weblog-analytics.jnto.go.jp,Could not resolve host: weblog-analytics.jnto.go.jp,none
webmail.c.jfc.go.jp,Could not resolve host: webmail.c.jfc.go.jp,none
webmail.mc-jma.go.jp,Could not resolve host: webmail.mc-jma.go.jp,none
webmail.meti.go.jp,Could not resolve host: webmail.meti.go.jp,none
webmail.nies.go.jp,Could not resolve host: webmail.nies.go.jp,none
webmail.nih.go.jp,Could not resolve host: webmail.nih.go.jp,none
webmail.nims.go.jp,Could not resolve host: webmail.nims.go.jp,none
webmail.niph.go.jp,Could not resolve host: webmail.niph.go.jp,none
webmail.sys.affrc.go.jp,Connection timed out after 3001 milliseconds,none
webmail.ur-net.go.jp,Could not resolve host: webmail.ur-net.go.jp,none
webmail2.meti.go.jp,Could not resolve host: webmail2.meti.go.jp,none
webmail2.nims.go.jp,Could not resolve host: webmail2.nims.go.jp,none
webmeisai.kosen-k.go.jp,Connection timed out after 3002 milliseconds,none
webnews.nies.go.jp,SSL certificate problem: self-signed certificate in certificate chain,none
webopac.niph.go.jp,200,none
webopac.sdi.jetro.go.jp,Could not resolve host: webopac.sdi.jetro.go.jp,none
webservice.ndl.go.jp,Could not resolve host: webservice.ndl.go.jp,none
wesidab1.wesidab.agropedia.affrc.go.jp,Could not resolve host: wesidab1.wesidab.agropedia.affrc.go.jp,none
wisepoint.ncchd.go.jp,Could not resolve host: wisepoint.ncchd.go.jp,none
wlfts01.mlit.go.jp,Could not resolve host: wlfts01.mlit.go.jp,none
wlfts02.mlit.go.jp,Could not resolve host: wlfts02.mlit.go.jp,none
wlfts03.mlit.go.jp,Could not resolve host: wlfts03.mlit.go.jp,none
wm.ide.go.jp,Could not resolve host: wm.ide.go.jp,none
wm.kosen-k.go.jp,Could not resolve host: wm.kosen-k.go.jp,none
wm2.kosen-k.go.jp,Could not resolve host: wm2.kosen-k.go.jp,none
wmail.nrips.go.jp,Operation timed out after 3001 milliseconds with 0 bytes received,none
ws-isp1.pctelw.jpo.go.jp,Could not resolve host: ws-isp1.pctelw.jpo.go.jp,none
ws-isp1.pctelw.support.jpo.go.jp,Could not resolve host: ws-isp1.pctelw.support.jpo.go.jp,none
ws-isp1.pctweb.jpo.go.jp,Could not resolve host: ws-isp1.pctweb.jpo.go.jp,none
ws-isp1.pctweb.support.jpo.go.jp,Could not resolve host: ws-isp1.pctweb.support.jpo.go.jp,none
ws-isp2.pctelw.jpo.go.jp,Could not resolve host: ws-isp2.pctelw.jpo.go.jp,none
ws-isp2.pctelw.support.jpo.go.jp,Could not resolve host: ws-isp2.pctelw.support.jpo.go.jp,none
ws-isp2.pctweb.jpo.go.jp,Could not resolve host: ws-isp2.pctweb.jpo.go.jp,none
ws-isp2.pctweb.support.jpo.go.jp,Could not resolve host: ws-isp2.pctweb.support.jpo.go.jp,none
www-bird.jst.go.jp,Could not resolve host: www-bird.jst.go.jp,none
www-gio.nies.go.jp,Could not resolve host: www-gio.nies.go.jp,none
www-gis2.nies.go.jp,Could not resolve host: www-gis2.nies.go.jp,none
www-gpo1.mext.go.jp,Could not resolve host: www-gpo1.mext.go.jp,none
www-gpo2.mext.go.jp,Could not resolve host: www-gpo2.mext.go.jp,none
www-jarcnet.jsps.go.jp,Could not resolve host: www-jarcnet.jsps.go.jp,none
www-jsps-net.jsps.go.jp,200,none
www-jt60.naka.jaea.go.jp,Could not resolve host: www-jt60.naka.jaea.go.jp,none
www-kaken.jsps.go.jp,404,none
www-kofu.jsps.go.jp,Could not resolve host: www-kofu.jsps.go.jp,none
www-kokusai.jsps.go.jp,404,none
www-overseas-news.jsps.go.jp,Could not resolve host: www-overseas-news.jsps.go.jp,none
www-riken.riken.go.jp,Could not resolve host: www-riken.riken.go.jp,none
www-secure.mhlw.go.jp,Could not resolve host: www-secure.mhlw.go.jp,none
www-shiken.courts.go.jp,200,none
www-shinsaiin.jsps.go.jp,Could not resolve host: www-shinsaiin.jsps.go.jp,none
www-shozoku.jsps.go.jp,404,none
www-skaken-login.jsps.go.jp,404,none
www-skaken.jsps.go.jp,404,none
www-skofu-login.jsps.go.jp,404,none
www-skofu.jsps.go.jp,404,none
www-syousei.jsps.go.jp,Could not resolve host: www-syousei.jsps.go.jp,none
www-yousei.jsps.go.jp,Could not resolve host: www-yousei.jsps.go.jp,none
www.2159.go.jp,Could not resolve host: www.2159.go.jp,none
www.2yaku-support.go.jp,403,none
www.a-pat.jra.go.jp,Could not resolve host: www.a-pat.jra.go.jp,none
www.acis.famic.go.jp,200,none
www.active.go.jp,Could not resolve host: www.active.go.jp,none
www.afc.go.jp,Could not resolve host: www.afc.go.jp,none
www.afc.jfc.go.jp,Could not resolve host: www.afc.jfc.go.jp,none
www.aff-job.go.jp,Could not resolve host: www.aff-job.go.jp,none
www.aist.go.jp,200,none
www.akita-rodokyoku.go.jp,Could not resolve host: www.akita-rodokyoku.go.jp,none
www.alic.go.jp,200,none
www.anpi.ktr.mlit.go.jp,200,none
www.anpi.mofa.go.jp,Could not resolve host: www.anpi.mofa.go.jp,none
www.anzen.mofa.go.jp,Could not resolve host: www.anzen.mofa.go.jp,none
www.aps.maff.go.jp,SSL: no alternative certificate subject name matches target hostname 'www.aps.maff.go.jp',none
www.asims.mlit.go.jp,200,none
www.atmc-cns.go.jp,Could not resolve host: www.atmc-cns.go.jp,none
www.atomin.go.jp,Could not resolve host: www.atomin.go.jp,none
www.azumino.go.jp,Could not resolve host: www.azumino.go.jp,none
www.bid.mext.go.jp,Resolving timed out after 3001 milliseconds,none
www.bid.mof.go.jp,Could not resolve host: www.bid.mof.go.jp,none
www.bidding.mlit.go.jp,Connection timed out after 3001 milliseconds,none
www.bio.nite.go.jp,Failed to connect to www.bio.nite.go.jp port 443 after 788 ms: Could not connect to server,none
www.bo3.nexi.go.jp,Could not resolve host: www.bo3.nexi.go.jp,none
www.bop.go.jp,Could not resolve host: www.bop.go.jp,none
www.bousai-jouhou-nw.maff.go.jp,403,none
www.brainbank.ncnp.go.jp,Could not resolve host: www.brainbank.ncnp.go.jp,none
www.bunkaryoku.bunka.go.jp,Could not resolve host: www.bunkaryoku.bunka.go.jp,none
www.c.jfc.go.jp,Could not resolve host: www.c.jfc.go.jp,none
www.cab.mlit.go.jp,302,none
www.cals-ed.go.jp,200,none
www.cbec.go.jp,Could not resolve host: www.cbec.go.jp,none
www.cbr.mlit.go.jp,Connection timed out after 3001 milliseconds,none
www.ccc.go.jp,Could not resolve host: www.ccc.go.jp,none
www.center.e-gov.go.jp,Could not resolve host: www.center.e-gov.go.jp,none
www.cgr.mlit.go.jp,200,none
www.challenge25.go.jp,Could not resolve host: www.challenge25.go.jp,none
www.chibakoku-mail.go.jp,Could not resolve host: www.chibakoku-mail.go.jp,none
www.chiiki.inpit.go.jp,Could not resolve host: www.chiiki.inpit.go.jp,none
www.chiikinogennki.soumu.go.jp,Could not resolve host: www.chiikinogennki.soumu.go.jp,none
www.chizai-jinzai-db.go.jp,Could not resolve host: www.chizai-jinzai-db.go.jp,none
www.chotatujoho.go.jp,Could not resolve host: www.chotatujoho.go.jp,none
www.chubu-chizai.go.jp,Could not resolve host: www.chubu-chizai.go.jp,none
www.chubu.npa.go.jp,200,none
www.chugoku.npa.go.jp,301,none
www.cics.ncnp.go.jp,Could not resolve host: www.cics.ncnp.go.jp,none
www.cio.go.jp,Could not resolve host: www.cio.go.jp,none
www.ckgs.jpo.go.jp,Could not resolve host: www.ckgs.jpo.go.jp,none
www.clb.go.jp,200,none
www.club.miraikan.jst.go.jp,Could not resolve host: www.club.miraikan.jst.go.jp,5 miraikan-jst-go-jp.mail.protection.outlook.com.
www.col.mlit.go.jp,Could not resolve host: www.col.mlit.go.jp,none
www.comment.jpo.go.jp,Could not resolve host: www.comment.jpo.go.jp,none
www.comment.support.jpo.go.jp,Could not resolve host: www.comment.support.jpo.go.jp,none
www.conets.nier.go.jp,Could not resolve host: www.conets.nier.go.jp,none
www.contact.maff.go.jp,Could not resolve host: www.contact.maff.go.jp,none
www.contet.nier.go.jp,Connection timed out after 3002 milliseconds,none
www.cop10.go.jp,Could not resolve host: www.cop10.go.jp,none
www.cps.immi-moj.go.jp,Could not resolve host: www.cps.immi-moj.go.jp,none
www.cryptrec.go.jp,Could not resolve host: www.cryptrec.go.jp,none
www.customs.go.jp,200,none
www.cyberpolice.go.jp,Could not resolve host: www.cyberpolice.go.jp,none
www.dantaisoken.go.jp,Could not resolve host: www.dantaisoken.go.jp,none
www.data.go.jp,301,none
www.dataservice.tokyo-chokin.go.jp,Could not resolve host: www.dataservice.tokyo-chokin.go.jp,none
www.dd.ndf.go.jp,200,none
www.deliver.mofa.go.jp,Could not resolve host: www.deliver.mofa.go.jp,none
www.denpa.soumu.go.jp,403,none
www.dh.aist.go.jp,Could not resolve host: www.dh.aist.go.jp,none
www.dic.go.jp,403,none
www.digital.archives.go.jp,200,none
www.direct.jra.go.jp,200,none
www.dl.ndl.go.jp,301,none
www.dmat.emis.go.jp,Could not resolve host: www.dmat.emis.go.jp,none
www.doro-senyo.go.jp,404,none
www.douro87.cgr.mlit.go.jp,Connection timed out after 3000 milliseconds,none
www.dwap.pmda.go.jp,Could not resolve host: www.dwap.pmda.go.jp,none
www.e-fiber.go.jp,Could not resolve host: www.e-fiber.go.jp,none
www.e-gov.go.jp,403,none
www.e-healthnet.mhlw.go.jp,Could not resolve host: www.e-healthnet.mhlw.go.jp,none
www.e-keizai.stat.go.jp,Could not resolve host: www.e-keizai.stat.go.jp,none
www.e-kokusei.go.jp,Could not resolve host: www.e-kokusei.go.jp,none
www.e-procurement.cao.go.jp,Could not resolve host: www.e-procurement.cao.go.jp,none
www.e-procurement.env.go.jp,Could not resolve host: www.e-procurement.env.go.jp,none
www.e-procurement.meti.go.jp,Could not resolve host: www.e-procurement.meti.go.jp,none
www.e-procurement.mofa.go.jp,Resolving timed out after 3000 milliseconds,none
www.e-procurement.soumu.go.jp,Could not resolve host: www.e-procurement.soumu.go.jp,none
www.e-rad.go.jp,Could not resolve host: www.e-rad.go.jp,none
www.e-stat.go.jp,200,none
www.e-survey.go.jp,200,none
www.e-tax.nta.go.jp,Could not resolve host: www.e-tax.nta.go.jp,none
www.e-trialfies.go.jp,Could not resolve host: www.e-trialfies.go.jp,none
www.ebid.mhlw.go.jp,Could not resolve host: www.ebid.mhlw.go.jp,none
www.eco-biofuel.go.jp,Could not resolve host: www.eco-biofuel.go.jp,none
www.eco-csrjapan.go.jp,Could not resolve host: www.eco-csrjapan.go.jp,none
www.eco-family.go.jp,Could not resolve host: www.eco-family.go.jp,none
www.ecoclub.go.jp,Could not resolve host: www.ecoclub.go.jp,none
www.ecodo.ncnp.go.jp,Could not resolve host: www.ecodo.ncnp.go.jp,none
www.edinet-fsa.go.jp,Could not resolve host: www.edinet-fsa.go.jp,none
www.edogawa.go.jp,Could not resolve host: www.edogawa.go.jp,none
www.eeel.go.jp,Could not resolve host: www.eeel.go.jp,none
www.ejim.ncgg.go.jp,Could not resolve host: www.ejim.ncgg.go.jp,none
www.elnet.go.jp,Could not resolve host: www.elnet.go.jp,none
www.ems.registry.go.jp,Resolving timed out after 3001 milliseconds,none
www.energy.go.jp,Could not resolve host: www.energy.go.jp,none
www.ens-immi.moj.go.jp,Could not resolve host: www.ens-immi.moj.go.jp,none
www.enshu.nisc.go.jp,Could not resolve host: www.enshu.nisc.go.jp,none
www.env.go.jp,200,none
www.envreport.go.jp,Could not resolve host: www.envreport.go.jp,none
www.epco.mod.go.jp,Could not resolve host: www.epco.mod.go.jp,none
www.erca.go.jp,Could not resolve host: www.erca.go.jp,none
www.eropa2013.soumu.go.jp,Could not resolve host: www.eropa2013.soumu.go.jp,none
www.exdisk.nite.go.jp,Failed to connect to www.exdisk.nite.go.jp port 443 after 841 ms: Could not connect to server,none
www.ezairyu.mofa.go.jp,200,none
www.fabnet1.mof.go.jp,Could not resolve host: www.fabnet1.mof.go.jp,none
www.famic.go.jp,200,none
www.fd.ogb.go.jp,Could not resolve host: www.fd.ogb.go.jp,none
www.ffpri.affrc.go.jp,Connection timed out after 3000 milliseconds,none
www.fil-online.mof.go.jp,Could not resolve host: www.fil-online.mof.go.jp,none
www.fil-online3.mof.go.jp,Could not resolve host: www.fil-online3.mof.go.jp,none
www.fit.go.jp,Could not resolve host: www.fit.go.jp,none
www.fnca.mext.go.jp,200,none
www.foreignsearch.jpo.go.jp,Could not resolve host: www.foreignsearch.jpo.go.jp,none
www.form.jasso.go.jp,Could not resolve host: www.form.jasso.go.jp,none
www.forth.go.jp,301,none
www.fra.affrc.go.jp,Connection timed out after 3000 milliseconds,none
www.franomo.mlit.go.jp,Could not resolve host: www.franomo.mlit.go.jp,none
www.fri.go.jp,Could not resolve host: www.fri.go.jp,none
www.fsa.go.jp,200,none
www.fsc.go.jp,200,none
www.fukui-hellowork.go.jp,Could not resolve host: www.fukui-hellowork.go.jp,none
www.fukuoka-plb.go.jp,Could not resolve host: www.fukuoka-plb.go.jp,none
www.fukuyama-hosp.go.jp,Could not resolve host: www.fukuyama-hosp.go.jp,none
www.g-plat.go.jp,Could not resolve host: www.g-plat.go.jp,none
www.g-shiendb.jasso.go.jp,Could not resolve host: www.g-shiendb.jasso.go.jp,none
www.g-studyinjapan.jasso.go.jp,Could not resolve host: www.g-studyinjapan.jasso.go.jp,none
www.gakuchou.mext.go.jp,Could not resolve host: www.gakuchou.mext.go.jp,none
www.gakuchouchu.mext.go.jp,403,none
www.gankenshin50.go.jp,Could not resolve host: www.gankenshin50.go.jp,none
www.gappei-archive.soumu.go.jp,503,none
www.geijutuin.go.jp,200,none
www.gene.affrc.go.jp,302,none
www.geps.go.jp,200,none
www.globalipdb.jpo.go.jp,Could not resolve host: www.globalipdb.jpo.go.jp,none
www.goa.mlit.go.jp,Could not resolve host: www.goa.mlit.go.jp,none
www.godac.jamstec.go.jp,Could not resolve host: www.godac.jamstec.go.jp,none
www.goko.go.jp,200,none
www.gov-online.go.jp,403,none
www.gpif.go.jp,200,none
www.gpki.go.jp,Operation timed out after 3001 milliseconds with 0 bytes received,none
www.greenwave.go.jp,Could not resolve host: www.greenwave.go.jp,none
www.h-guide.niph.go.jp,Could not resolve host: www.h-guide.niph.go.jp,none
www.hakarukun.go.jp,Could not resolve host: www.hakarukun.go.jp,none
www.harima-rpc-menkai.go.jp,Could not resolve host: www.harima-rpc-menkai.go.jp,none
www.heiwa.go.jp,Could not resolve host: www.heiwa.go.jp,none
www.hellowork-y.go.jp,Could not resolve host: www.hellowork-y.go.jp,none
www.hellowork.go.jp,Could not resolve host: www.hellowork.go.jp,none
www.hemsmoni.go.jp,Could not resolve host: www.hemsmoni.go.jp,none
www.hijyokyo.go.jp,Could not resolve host: www.hijyokyo.go.jp,none
www.hitachikaihin.go.jp,Could not resolve host: www.hitachikaihin.go.jp,none
www.hokkaidos.johas.go.jp,SSL certificate problem: unable to get local issuer certificate,none
www.hokoukukan.go.jp,Could not resolve host: www.hokoukukan.go.jp,none
www.hokurikubt.soumu.go.jp,Could not resolve host: www.hokurikubt.soumu.go.jp,none
www.hoppoutaisaku.go.jp,Could not resolve host: www.hoppoutaisaku.go.jp,none
www.hosp.go.jp,Could not resolve host: www.hosp.go.jp,none
www.houit.emb-japan.go.jp,Could not resolve host: www.houit.emb-japan.go.jp,none
www.house25.go.jp,Could not resolve host: www.house25.go.jp,none
www.hrr.mlit.go.jp,Could not resolve host: www.hrr.mlit.go.jp,none
www.hyogo-kg.go.jp,Could not resolve host: www.hyogo-kg.go.jp,none
www.iajapan-member.nite.go.jp,Could not resolve host: www.iajapan-member.nite.go.jp,none
www.ibase.aist.go.jp,Connection timed out after 3002 milliseconds,none
www.ibiss.ncnp.go.jp,Connection timed out after 3001 milliseconds,none
www.id.nlbc.go.jp,200,none
www.ide.go.jp,Could not resolve host: www.ide.go.jp,none
www.idp.e-rad.go.jp,Could not resolve host: www.idp.e-rad.go.jp,none
www.idp.trial.e-rad.go.jp,Could not resolve host: www.idp.trial.e-rad.go.jp,none
www.ikashigen.go.jp,Could not resolve host: www.ikashigen.go.jp,none
www.ikenbako.mext.go.jp,Could not resolve host: www.ikenbako.mext.go.jp,none
www.ikusys.jasso.go.jp,Could not resolve host: www.ikusys.jasso.go.jp,none
www.imf-wb.2012tokyo.mof.go.jp,Connection timed out after 3002 milliseconds,none
www.immi-moj.go.jp,403,none
www.inagawa.kkr.mlit.go.jp,Could not resolve host: www.inagawa.kkr.mlit.go.jp,none
www.inpit.go.jp,200,none
www.inq.jra.go.jp,Could not resolve host: www.inq.jra.go.jp,none
www.inquiry.mext.go.jp,Could not resolve host: www.inquiry.mext.go.jp,none
www.int.wam.go.jp,200,none
www.ip-bunseki.go.jp,Could not resolve host: www.ip-bunseki.go.jp,none
www.ipa.go.jp,200,none
www.ipat.jra.go.jp,Could not resolve host: www.ipat.jra.go.jp,none
www.iprsupport-jpo.go.jp,Could not resolve host: www.iprsupport-jpo.go.jp,none
www.ips-network.mext.go.jp,Could not resolve host: www.ips-network.mext.go.jp,none
www.isewan-db.go.jp,200,none
www.iss.ndl.go.jp,Could not resolve host: www.iss.ndl.go.jp,none
www.j-lis.go.jp,403,none
www.jacar.go.jp,200,none
www.jafic.npa.go.jp,Could not resolve host: www.jafic.npa.go.jp,none
www.jamstec.go.jp,200,none
www.japan-photo.jnto.go.jp,Could not resolve host: www.japan-photo.jnto.go.jp,none
www.japancredit.go.jp,Could not resolve host: www.japancredit.go.jp,none
www.japaneselawtranslation.go.jp,200,none
www.jasme.go.jp,Could not resolve host: www.jasme.go.jp,none
www.jasso.go.jp,Could not resolve host: www.jasso.go.jp,none
www.jbaudit.go.jp,200,none
www.jbic.go.jp,200,none
www.jcm.go.jp,200,none
www.jcs.go.jp,Could not resolve host: www.jcs.go.jp,none
www.jehdra.go.jp,Could not resolve host: www.jehdra.go.jp,10 bh0.iij.ad.jp.
www.jetro.go.jp,200,none
www.jfc.go.jp,200,none
www.jftc.go.jp,403,none
www.jgn.nict.go.jp,Failed to connect to www.jgn.nict.go.jp port 443 after 908 ms: Could not connect to server,none
www.jhf.go.jp,200,none
www.jieikanbosyu-mod.go.jp,200,none
www.jikojoho.go.jp,Could not resolve host: www.jikojoho.go.jp,none
www.jil.go.jp,200,none
www.jinji-keiken.go.jp,Could not resolve host: www.jinji-keiken.go.jp,none
www.jinji.go.jp,200,none
www.jinken.go.jp,200,none
www.jinzai-sougou.go.jp,Could not resolve host: www.jinzai-sougou.go.jp,none
www.jircas.affrc.go.jp,Connection timed out after 3000 milliseconds,none
www.jisc.go.jp,200,none
www.jitec.ipa.go.jp,Could not resolve host: www.jitec.ipa.go.jp,none
www.jldb.bunka.go.jp,301,none
www.jlpp.go.jp,200,none
www.jnes.go.jp,Could not resolve host: www.jnes.go.jp,none
www.jniosh.go.jp,Could not resolve host: www.jniosh.go.jp,none
www.jnto.go.jp,200,none
www.jocv-info.jica.go.jp,200,none
www.jogmec.go.jp,301,none
www.johac.rofuku.go.jp,Could not resolve host: www.johac.rofuku.go.jp,none
www.joseishugyo.go.jp,Could not resolve host: www.joseishugyo.go.jp,none
www.jotsu-invest.soumu.go.jp,Could not resolve host: www.jotsu-invest.soumu.go.jp,none
www.jpf.go.jp,Could not resolve host: www.jpf.go.jp,none
www.jpki.go.jp,200,none
www.jpnsport.go.jp,200,none
www.jpo-shiken.jpo.go.jp,Could not resolve host: www.jpo-shiken.jpo.go.jp,none
www.jpo.go.jp,Operation timed out after 3002 milliseconds with 0 bytes received,none
www.jsps.go.jp,200,none
www.jstage.jst.go.jp,200,none
www.jswa.go.jp,200,none
www.juran.denpa.soumu.go.jp,403,none
www.jvets.go.jp,Could not resolve host: www.jvets.go.jp,none
www.k.jfc.go.jp,Could not resolve host: www.k.jfc.go.jp,none
www.kagoshima.plb.go.jp,Could not resolve host: www.kagoshima.plb.go.jp,none
www.kahaku.go.jp,Could not resolve host: www.kahaku.go.jp,none
www.kanagawa-iri.go.jp,Could not resolve host: www.kanagawa-iri.go.jp,none
www.kanazawa.go.jp,Could not resolve host: www.kanazawa.go.jp,none
www.kantei.go.jp,404,none
www.kanto.npa.go.jp,200,none
www.kantoh.rofuku.go.jp,Could not resolve host: www.kantoh.rofuku.go.jp,none
www.kasamatsu-prison.go.jp,Could not resolve host: www.kasamatsu-prison.go.jp,none
www.kashinrenraku.nite.go.jp,Could not resolve host: www.kashinrenraku.nite.go.jp,none
www.kasumigaura.go.jp,Could not resolve host: www.kasumigaura.go.jp,none
www.kbjinprog07.mlit.go.jp,Could not resolve host: www.kbjinprog07.mlit.go.jp,none
www.keisan.nta.go.jp,302,none
www.keizai-shimon.go.jp,Could not resolve host: www.keizai-shimon.go.jp,none
www.kensatsu.go.jp,403,none
www.kifu.jica.go.jp,Could not resolve host: www.kifu.jica.go.jp,none
www.kigyoanzen.mofa.go.jp,Failed to connect to www.kigyoanzen.mofa.go.jp port 443 after 271 ms: Could not connect to server,none
www.kinki.npa.go.jp,200,none
www.kiseisystem.ktr.mlit.go.jp,200,none
www.kitsuregawa-center.go.jp,Could not resolve host: www.kitsuregawa-center.go.jp,none
www.kkr.mlit.go.jp,200,none
www.kmoni.bosai.go.jp,Connection timed out after 3002 milliseconds,none
www.kmt-iri.go.jp,Connection timed out after 3002 milliseconds,none
www.kn.e-gov.go.jp,401,none
www.kobeh.rofuku.go.jp,Could not resolve host: www.kobeh.rofuku.go.jp,none
www.kodomo.go.jp,200,none
www.kodomodokusyo.go.jp,200,none
www.koeki-info.go.jp,200,none
www.kojinbango-card.go.jp,200,none
www.kokken.go.jp,Could not resolve host: www.kokken.go.jp,none
www.kokukin.go.jp,Could not resolve host: www.kokukin.go.jp,none
www.kokusen.go.jp,Could not resolve host: www.kokusen.go.jp,none
www.komyoen.go.jp,Could not resolve host: www.komyoen.go.jp,none
www.kosen-k.go.jp,200,none
www.kosenforum.kosen-k.go.jp,Could not resolve host: www.kosenforum.kosen-k.go.jp,none
www.koubai.nta.go.jp,302,none
www.koujunkan-fu.go.jp,Could not resolve host: www.koujunkan-fu.go.jp,none
www.kouritu.go.jp,Could not resolve host: www.kouritu.go.jp,none
www.ktr.mlit.go.jp,200,none
www.kure-nh.go.jp,Resolving timed out after 3000 milliseconds,none
www.kyohaku.go.jp,301,none
www.kyoto-roudou.plb.go.jp,Could not resolve host: www.kyoto-roudou.plb.go.jp,none
www.kyoto.kkr.mlit.go.jp,Could not resolve host: www.kyoto.kkr.mlit.go.jp,none
www.kyufu.mhlw.go.jp,403,none
www.kyushu.npa.go.jp,200,none
www.kyushuh.rofuku.go.jp,Could not resolve host: www.kyushuh.rofuku.go.jp,none
www.lmo.go.jp,200,none
www.lpgpro.go.jp,Could not resolve host: www.lpgpro.go.jp,none
www.m-news.stat.go.jp,Could not resolve host: www.m-news.stat.go.jp,none
www.machigenki.go.jp,Could not resolve host: www.machigenki.go.jp,none
www.maff-ebic.go.jp,200,none
www.mail-enc.jnes.go.jp,Could not resolve host: www.mail-enc.jnes.go.jp,none
www.mailmz.emb-japan.go.jp,Could not resolve host: www.mailmz.emb-japan.go.jp,none
www.mailnews.jra.go.jp,Could not resolve host: www.mailnews.jra.go.jp,none
www.mannoukouen.go.jp,Could not resolve host: www.mannoukouen.go.jp,none
www.manufacturing-tech.go.jp,Could not resolve host: www.manufacturing-tech.go.jp,none
www.matts.emis.go.jp,Could not resolve host: www.matts.emis.go.jp,none
www.mikke.go.jp,Could not resolve host: www.mikke.go.jp,none
www.mine-center.go.jp,200,none
www.minkan-touki-kyoutaku.moj.go.jp,Could not resolve host: www.minkan-touki-kyoutaku.moj.go.jp,none
www.mint.go.jp,200,none
www.miraikan.go.jp,Could not resolve host: www.miraikan.go.jp,none
www.miraikan.jst.go.jp,Could not resolve host: www.miraikan.jst.go.jp,none
www.mlit.go.jp,200,none
www.mmwtojapan.mofa.go.jp,Could not resolve host: www.mmwtojapan.mofa.go.jp,none
www.mmz.kantei.go.jp,Could not resolve host: www.mmz.kantei.go.jp,none
www.mntsousyoku.maff.go.jp,Connection timed out after 3002 milliseconds,none
www.mobility.go.jp,Could not resolve host: www.mobility.go.jp,none
www.mof-ac.go.jp,Could not resolve host: www.mof-ac.go.jp,none
www.mof-kantou.go.jp,Could not resolve host: www.mof-kantou.go.jp,none
www.mof.go.jp,200,none
www.mofa-irc.go.jp,403,none
www.moj.go.jp,403,none
www.mokutatsu-system.go.jp,Could not resolve host: www.mokutatsu-system.go.jp,none
www.moni1000.biodic.go.jp,Could not resolve host: www.moni1000.biodic.go.jp,none
www.monitor.mlit.go.jp,200,none
www.mtb-amss.nict.go.jp,Could not resolve host: www.mtb-amss.nict.go.jp,none
www.mtb-ems.nict.go.jp,Could not resolve host: www.mtb-ems.nict.go.jp,none
www.mtb-lss.nict.go.jp,Could not resolve host: www.mtb-lss.nict.go.jp,none
www.nakagawa-mlit.go.jp,200,none
www.nanonet.go.jp,200,10 mail.nanonet.go.jp.
www.naro.affrc.go.jp,Connection timed out after 3001 milliseconds,none
www.nasva.go.jp,200,none
www.navi.go.jp,Could not resolve host: www.navi.go.jp,none
www.ncchd.go.jp,200,none
www.ncvc.go.jp,200,none
www.ndl.go.jp,Could not resolve host: www.ndl.go.jp,none
www.nenkin.go.jp,200,none
www.nexi.go.jp,200,none
www.niaes.affrc.go.jp,Could not resolve host: www.niaes.affrc.go.jp,none
www.nias.affrc.go.jp,Could not resolve host: www.nias.affrc.go.jp,none
www.nicer.go.jp,Could not resolve host: www.nicer.go.jp,none
www.nier.go.jp,200,none
www.nies.go.jp,200,none
www.nilim.go.jp,Could not resolve host: www.nilim.go.jp,none
www.niph.go.jp,200,none
www.nirs.go.jp,Could not resolve host: www.nirs.go.jp,none
www.nise.go.jp,200,none
www.nite.go.jp,Could not resolve host: www.nite.go.jp,none
www.niye.go.jp,403,none
www.nmri.go.jp,Could not resolve host: www.nmri.go.jp,none
www.nntt.jac.go.jp,200,none
www.no-pawahara.mhlw.go.jp,Could not resolve host: www.no-pawahara.mhlw.go.jp,none
www.nounen.go.jp,200,none
www.npa.go.jp,200,none
www.npb.go.jp,200,none
www.npo-homepage.go.jp,200,none
www.npsc.go.jp,200,none
www.npu.go.jp,Could not resolve host: www.npu.go.jp,none
www.nrib.go.jp,Resolving timed out after 3001 milliseconds,none
www.nrips.go.jp,Could not resolve host: www.nrips.go.jp,none
www.nsr.go.jp,403,none
www.nta.go.jp,200,none
www.ntj.jac.go.jp,200,none
www.ntsel.go.jp,200,none
www.nval.go.jp,Could not resolve host: www.nval.go.jp,none
www.nvinq.jra.go.jp,403,none
www.nyusatsu.geps.go.jp,302,none
www.nyusatsu.npa.go.jp,Could not resolve host: www.nyusatsu.npa.go.jp,none
www.ogb.go.jp,200,none
www.oita-ri.go.jp,Could not resolve host: www.oita-ri.go.jp,none
www.omotenashi-keiei.go.jp,Could not resolve host: www.omotenashi-keiei.go.jp,none
www.openlab.ipa.go.jp,Could not resolve host: www.openlab.ipa.go.jp,none
www.osaka-fsc.mlit.go.jp,Could not resolve host: www.osaka-fsc.mlit.go.jp,none
www.oss.mlit.go.jp,302,none
www.p-esd.go.jp,Could not resolve host: www.p-esd.go.jp,none
www.pa.cgr.mlit.go.jp,200,none
www.pas.ysk.nilim.go.jp,200,none
www.pctro-inet.jpo.go.jp,Could not resolve host: www.pctro-inet.jpo.go.jp,none
www.pegasus.pmda.go.jp,Could not resolve host: www.pegasus.pmda.go.jp,none
www.pmda.go.jp,Could not resolve host: www.pmda.go.jp,none
www.po3.nexi.go.jp,Could not resolve host: www.po3.nexi.go.jp,none
www.pps.go.jp,Could not resolve host: www.pps.go.jp,none
www.pqr.mlit.go.jp,Could not resolve host: www.pqr.mlit.go.jp,none
www.pqrc.mlit.go.jp,Could not resolve host: www.pqrc.mlit.go.jp,none
www.pro-jinzai.go.jp,200,none
www.prtr.nite.go.jp,302,dig error
www.publication.jpo.go.jp,Could not resolve host: www.publication.jpo.go.jp,none
www.pwri.go.jp,200,none
www.qsr.mlit.go.jp,200,none
www.rcis.aist.go.jp,200,none
www.re-style.env.go.jp,200,none
www.realtime.bosai.go.jp,302,none
www.recesta.mhlw.go.jp,Could not resolve host: www.recesta.mhlw.go.jp,none
www.reconstruction.go.jp,200,none
www.registry.go.jp,Could not resolve host: www.registry.go.jp,none
www.rehab.go.jp,200,none
www.renkei.jst.go.jp,Could not resolve host: www.renkei.jst.go.jp,none
www.rikanet.jst.go.jp,Could not resolve host: www.rikanet.jst.go.jp,none
www.risec.aist.go.jp,200,none
www.rminfo.nite.go.jp,Could not resolve host: www.rminfo.nite.go.jp,none
www.road.bridge.mlit.go.jp,Could not resolve host: www.road.bridge.mlit.go.jp,none
www.rofuku.go.jp,Could not resolve host: www.rofuku.go.jp,none
www.roudou.go.jp,Could not resolve host: www.roudou.go.jp,none
www.rps.go.jp,Could not resolve host: www.rps.go.jp,none
www.ryutu.inpit.go.jp,Could not resolve host: www.ryutu.inpit.go.jp,none
www.s.affrc.go.jp,Could not resolve host: www.s.affrc.go.jp,none
www.sabo.nilim.go.jp,Could not resolve host: www.sabo.nilim.go.jp,none
www.safe.nite.go.jp,Resolving timed out after 3000 milliseconds,none
www.saga-itc.go.jp,Could not resolve host: www.saga-itc.go.jp,none
www.saga.koureiki.plb.go.jp,Could not resolve host: www.saga.koureiki.plb.go.jp,none
www.sagaroudoukyoku.go.jp,Could not resolve host: www.sagaroudoukyoku.go.jp,none
www.sairyunokawa.go.jp,Could not resolve host: www.sairyunokawa.go.jp,none
www.saiyo.maff.go.jp,Connection timed out after 3002 milliseconds,none
www.sansyu.go.jp,Could not resolve host: www.sansyu.go.jp,none
www.sas.jasso.go.jp,302,none
www.sc-smn.jst.go.jp,Could not resolve host: www.sc-smn.jst.go.jp,none
www.sdst-onsp.go.jp,Could not resolve host: www.sdst-onsp.go.jp,none
www.securecrest.jst.go.jp,Could not resolve host: www.securecrest.jst.go.jp,none
www.securekisoken.jst.go.jp,Could not resolve host: www.securekisoken.jst.go.jp,none
www.securityseminar.mext.go.jp,Could not resolve host: www.securityseminar.mext.go.jp,none
www.seidokanri.go.jp,Could not resolve host: www.seidokanri.go.jp,none
www.seisen-kensyo.maff.go.jp,403,none
www.seisen.maff.go.jp,403,none
www.sentan-hyouka.jst.go.jp,Could not resolve host: www.sentan-hyouka.jst.go.jp,none
www.shigotokan.ehdo.go.jp,Could not resolve host: www.shigotokan.ehdo.go.jp,none
www.shikoku-cc.go.jp,Could not resolve host: www.shikoku-cc.go.jp,none
www.shikoku.npa.go.jp,301,none
www.shimaneasahi-rpc.go.jp,200,none
www.shinkoku.go.jp,Could not resolve host: www.shinkoku.go.jp,none
www.shinrinhoken.maff.go.jp,Could not resolve host: www.shinrinhoken.maff.go.jp,none
www.shinsei.courts.go.jp,Could not resolve host: www.shinsei.courts.go.jp,none
www.shizuoka-prison.go.jp,Could not resolve host: www.shizuoka-prison.go.jp,none
www.shizuokarodokyoku.go.jp,Could not resolve host: www.shizuokarodokyoku.go.jp,none
www.shokochukin.go.jp,Could not resolve host: www.shokochukin.go.jp,none
www.shoukai.jhf.go.jp,Could not resolve host: www.shoukai.jhf.go.jp,none
www.shoushi.go.jp,Could not resolve host: www.shoushi.go.jp,none
www.siis.mext.go.jp,Could not resolve host: www.siis.mext.go.jp,none
www.simulation.jhf.go.jp,403,none
www.site.shokochukin.go.jp,Could not resolve host: www.site.shokochukin.go.jp,none
www.sizenken.biodic.go.jp,200,none
www.skr.mlit.go.jp,Connection timed out after 3000 milliseconds,none
www.skt.mlit.go.jp,Could not resolve host: www.skt.mlit.go.jp,none
www.smartlife.go.jp,403,none
www.smrj.go.jp,Could not resolve host: www.smrj.go.jp,none
www.snh.go.jp,Resolving timed out after 3000 milliseconds,none
www.sougouten.smrj.go.jp,Could not resolve host: www.sougouten.smrj.go.jp,none
www.soumu.go.jp,200,none
www.sousyoku.maff.go.jp,Connection timed out after 3002 milliseconds,none
www.spac.mof.go.jp,Could not resolve host: www.spac.mof.go.jp,none
www.spac2.mof.go.jp,Could not resolve host: www.spac2.mof.go.jp,10 ns1.mof.go.jp.
www.sport4tomorrow-db.jpnsport.go.jp,200,none
www.stemcellproject.mext.go.jp,Could not resolve host: www.stemcellproject.mext.go.jp,none
www.su-mynote.jhf.go.jp,302,none
www.suggestion.nta.go.jp,Could not resolve host: www.suggestion.nta.go.jp,none
www.t3.jstage.jst.go.jp,Connection timed out after 3002 milliseconds,none
www.taisyokukin.go.jp,200,none
www.takken.mlit.go.jp,Could not resolve host: www.takken.mlit.go.jp,none
www.tatemonojikoyobo.nilim.go.jp,Could not resolve host: www.tatemonojikoyobo.nilim.go.jp,none
www.tbeic.go.jp,200,none
www.tddls.ktr.mlit.go.jp,Could not resolve host: www.tddls.ktr.mlit.go.jp,none
www.techno-hellowork.go.jp,Could not resolve host: www.techno-hellowork.go.jp,none
www.tele.soumu.go.jp,403,none
www.tenkasoudan.go.jp,Could not resolve host: www.tenkasoudan.go.jp,none
www.test-201508.kodomohinkon.go.jp,Could not resolve host: www.test-201508.kodomohinkon.go.jp,none
www.test-tokuon.courts.go.jp,Could not resolve host: www.test-tokuon.courts.go.jp,none
www.test.kkr.mlit.go.jp,403,none
www.tetras.uitec.ehdo.go.jp,Could not resolve host: www.tetras.uitec.ehdo.go.jp,none
www.timm.go.jp,Could not resolve host: www.timm.go.jp,none
www.tis.mlit.go.jp,Could not resolve host: www.tis.mlit.go.jp,none
www.tohoku.npa.go.jp,200,none
www.tokuon.courts.go.jp,Could not resolve host: www.tokuon.courts.go.jp,none
www.tokusya.ktr.mlit.go.jp,Connection timed out after 3000 milliseconds,none
www.tokyo-eiken.go.jp,SSL: no alternative certificate subject name matches target hostname 'www.tokyo-eiken.go.jp',none
www.tokyo-fsc.mlit.go.jp,Could not resolve host: www.tokyo-fsc.mlit.go.jp,none
www.tokyoh.rofuku.go.jp,Could not resolve host: www.tokyoh.rofuku.go.jp,none
www.touki-kyoutaku-net.moj.go.jp,Could not resolve host: www.touki-kyoutaku-net.moj.go.jp,none
www.touki-uketukedaikou.moj.go.jp,Could not resolve host: www.touki-uketukedaikou.moj.go.jp,none
www.toyohashi.cbr.mlit.go.jp,Could not resolve host: www.toyohashi.cbr.mlit.go.jp,none
www.training-jpo.go.jp,Could not resolve host: www.training-jpo.go.jp,none
www.training.ndl.go.jp,Could not resolve host: www.training.ndl.go.jp,none
www.trbsousyoku.maff.go.jp,Connection timed out after 3002 milliseconds,none
www.trial.e-rad.go.jp,SSL: no alternative certificate subject name matches target hostname 'www.trial.e-rad.go.jp',none
www.trip.jst.go.jp,Could not resolve host: www.trip.jst.go.jp,none
www.tsj.mlit.go.jp,302,none
www.tsutagra.go.jp,Could not resolve host: www.tsutagra.go.jp,none
www.uchieco-shindan.go.jp,Could not resolve host: www.uchieco-shindan.go.jp,none
www.uni.international.mext.go.jp,Connection timed out after 3002 milliseconds,none
www.ur-net.go.jp,Could not resolve host: www.ur-net.go.jp,none
www.venture.nict.go.jp,Failed to connect to www.venture.nict.go.jp port 443 after 836 ms: Could not connect to server,none
www.wakamono-saiyou-ikusei.go.jp,Could not resolve host: www.wakamono-saiyou-ikusei.go.jp,none
www.wakayamah.rofuku.go.jp,Could not resolve host: www.wakayamah.rofuku.go.jp,none
www.waw.mofa.go.jp,Connection timed out after 3002 milliseconds,none
www.wbgt.env.go.jp,Could not resolve host: www.wbgt.env.go.jp,none
www.wds.emis.go.jp,Could not resolve host: www.wds.emis.go.jp,none
www.wis-jma.go.jp,301,none
www.yodogawa.kkr.mlit.go.jp,Connection timed out after 3000 milliseconds,none
www.yodoiko.go.jp,Could not resolve host: www.yodoiko.go.jp,none
www.yokohamah.rofuku.go.jp,Could not resolve host: www.yokohamah.rofuku.go.jp,none
www.yoyaku.jra.go.jp,Could not resolve host: www.yoyaku.jra.go.jp,none
www.yoyaku.navi.go.jp,Could not resolve host: www.yoyaku.navi.go.jp,none
www.zeikancode.go.jp,Could not resolve host: www.zeikancode.go.jp,none
www04.affrc.go.jp,Could not resolve host: www04.affrc.go.jp,none
www1.affrc.go.jp,200,none
www1.andis-t.gsdf.mod.go.jp,Could not resolve host: www1.andis-t.gsdf.mod.go.jp,none
www1.anpi.mofa.go.jp,Could not resolve host: www1.anpi.mofa.go.jp,none
www1.e-rad.go.jp,Could not resolve host: www1.e-rad.go.jp,none
www1.edinet-fsa.go.jp,Could not resolve host: www1.edinet-fsa.go.jp,none
www1.juran.denpa.soumu.go.jp,Could not resolve host: www1.juran.denpa.soumu.go.jp,none
www1.kaiho.mlit.go.jp,200,none
www1.mlit.go.jp,301,none
www1.nexi.go.jp,Connection timed out after 3002 milliseconds,none
www1.tokusya.ktr.mlit.go.jp,Connection timed out after 3001 milliseconds,none
www1p.nexi.go.jp,Could not resolve host: www1p.nexi.go.jp,none
www2.afc.go.jp,Could not resolve host: www2.afc.go.jp,none
www2.afc.jfc.go.jp,Could not resolve host: www2.afc.jfc.go.jp,none
www2.affrc.go.jp,403,none
www2.aichi-rodo.go.jp,Could not resolve host: www2.aichi-rodo.go.jp,none
www2.bosai.go.jp,Could not resolve host: www2.bosai.go.jp,none
www2.cbr.mlit.go.jp,Could not resolve host: www2.cbr.mlit.go.jp,none
www2.denpa.soumu.go.jp,Could not resolve host: www2.denpa.soumu.go.jp,none
www2.e-rad.go.jp,Could not resolve host: www2.e-rad.go.jp,none
www2.edinet-fsa.go.jp,Could not resolve host: www2.edinet-fsa.go.jp,none
www2.ehdo.go.jp,Could not resolve host: www2.ehdo.go.jp,none
www2.env.go.jp,Could not resolve host: www2.env.go.jp,none
www2.gpki.go.jp,Resolving timed out after 3001 milliseconds,none
www2.hellowork.go.jp,Could not resolve host: www2.hellowork.go.jp,none
www2.iss.ndl.go.jp,Connection timed out after 3001 milliseconds,none
www2.j-lis.go.jp,Could not resolve host: www2.j-lis.go.jp,none
www2.jica.go.jp,Could not resolve host: www2.jica.go.jp,none
www2.jinji-shiken.go.jp,Could not resolve host: www2.jinji-shiken.go.jp,none
www2.jitec.ipa.go.jp,Could not resolve host: www2.jitec.ipa.go.jp,none
www2.kashinrenraku.nite.go.jp,Could not resolve host: www2.kashinrenraku.nite.go.jp,none
www2.kkr.mlit.go.jp,Connection timed out after 3002 milliseconds,none
www2.kokken.go.jp,Could not resolve host: www2.kokken.go.jp,none
www2.kosen-k.go.jp,Could not resolve host: www2.kosen-k.go.jp,none
www2.ktr.mlit.go.jp,Could not resolve host: www2.ktr.mlit.go.jp,none
www2.kyohaku.go.jp,Could not resolve host: www2.kyohaku.go.jp,none
www2.mls.go.jp,Could not resolve host: www2.mls.go.jp,none
www2.mof.go.jp,Could not resolve host: www2.mof.go.jp,none
www2.mofa-irc.go.jp,Could not resolve host: www2.mofa-irc.go.jp,none
www2.ncvc.go.jp,Could not resolve host: www2.ncvc.go.jp,none
www2.nenkin.go.jp,200,none
www2.nict.go.jp,200,none
www2.nisc.go.jp,Could not resolve host: www2.nisc.go.jp,none
www2.nmri.go.jp,Could not resolve host: www2.nmri.go.jp,20 dmz2.nmri.go.jp.; 10 dmz1.nmri.go.jp.
www2.nounen.go.jp,Connection timed out after 3001 milliseconds,none
www2.prtr.nite.go.jp,Connection timed out after 3000 milliseconds,none
www2.rehab.go.jp,Could not resolve host: www2.rehab.go.jp,none
www2.studyjapan.go.jp,Could not resolve host: www2.studyjapan.go.jp,none
www2.tokusya.ktr.mlit.go.jp,Connection timed out after 3002 milliseconds,none
www2.trial.e-rad.go.jp,Could not resolve host: www2.trial.e-rad.go.jp,none
www2.venture.nict.go.jp,Failed to connect to www2.venture.nict.go.jp port 443 after 809 ms: Could not connect to server,none
www3-x.jitec.ipa.go.jp,Could not resolve host: www3-x.jitec.ipa.go.jp,none
www3.anzen.mofa.go.jp,200,none
www3.idpass-net.nenkin.go.jp,Could not resolve host: www3.idpass-net.nenkin.go.jp,none
www3.idpass-net.sia.go.jp,Could not resolve host: www3.idpass-net.sia.go.jp,none
www3.jetro.go.jp,Could not resolve host: www3.jetro.go.jp,none
www3.jitec.ipa.go.jp,Could not resolve host: www3.jitec.ipa.go.jp,none
www3.jrtt.go.jp,Could not resolve host: www3.jrtt.go.jp,none
www3.ktr.mlit.go.jp,Operation timed out after 3000 milliseconds with 0 bytes received,none
www3.mint.go.jp,Resolving timed out after 3000 milliseconds,none
www3.mofa.go.jp,403,none
www3.oita-ri.go.jp,Could not resolve host: www3.oita-ri.go.jp,none
www3.river.go.jp,Could not resolve host: www3.river.go.jp,none
www5.e-rad.go.jp,Could not resolve host: www5.e-rad.go.jp,none
www5.river.go.jp,Could not resolve host: www5.river.go.jp,none
www7.kaiho.mlit.go.jp,403,none
www7.kyohaku.go.jp,Could not resolve host: www7.kyohaku.go.jp,none
wwwc.e-procurement.mofa.go.jp,Resolving timed out after 3000 milliseconds,none
wwwca.nounen.go.jp,Could not resolve host: wwwca.nounen.go.jp,none
wwwdt.yoyaku.jra.go.jp,Could not resolve host: wwwdt.yoyaku.jra.go.jp,none
wwwhaisin.mhlw.go.jp,Could not resolve host: wwwhaisin.mhlw.go.jp,none
wwwiea1.mhlw.go.jp,Could not resolve host: wwwiea1.mhlw.go.jp,none
wwws.meti.go.jp,Operation timed out after 3000 milliseconds with 0 bytes received,none
wwwtb.mlit.go.jp,Could not resolve host: wwwtb.mlit.go.jp,none
wwwtest.yoyaku.jra.go.jp,Could not resolve host: wwwtest.yoyaku.jra.go.jp,none
wwwtgp.nibio.go.jp,Could not resolve host: wwwtgp.nibio.go.jp,none
wwwut.yoyaku.jra.go.jp,Could not resolve host: wwwut.yoyaku.jra.go.jp,none
x.dl.e-tax.nta.go.jp,403,none
x.koubai.nta.go.jp,Could not resolve host: x.koubai.nta.go.jp,none
x.nta.go.jp,Could not resolve host: x.nta.go.jp,none
xmail.nirs.go.jp,Could not resolve host: xmail.nirs.go.jp,none
xmltool.jstage.jst.go.jp,301,none
yobounet.mhlw.go.jp,Could not resolve host: yobounet.mhlw.go.jp,none
yodoiko.go.jp,Could not resolve host: yodoiko.go.jp,none
youseijo.mhlw.go.jp,200,none
yoyaku.navi.go.jp,Could not resolve host: yoyaku.navi.go.jp,none
yoyaku.zam.go.jp,Could not resolve host: yoyaku.zam.go.jp,none
yp-dev.nims.go.jp,Could not resolve host: yp-dev.nims.go.jp,none
yp2.nims.go.jp,Could not resolve host: yp2.nims.go.jp,none
yukibousai.bosai.go.jp,Could not resolve host: yukibousai.bosai.go.jp,none
yukige.nims.go.jp,Connection timed out after 3001 milliseconds,none
yume.niye.go.jp,Could not resolve host: yume.niye.go.jp,none
yushikaku.ogb.go.jp,Could not resolve host: yushikaku.ogb.go.jp,none
zunou.jsps.go.jp,Could not resolve host: zunou.jsps.go.jp,none
