subdomain,parent_domain,http_status,mx
2fa.hpb.gov.sg,gov.sg,Could not resolve host: 2fa.hpb.gov.sg,none
access.ida.gov.sg,gov.sg,Could not resolve host: access.ida.gov.sg,none
access.medinet.gov.sg,gov.sg,Could not resolve host: access.medinet.gov.sg,none
accessmsf.ida.gov.sg,gov.sg,Could not resolve host: accessmsf.ida.gov.sg,none
account.cube.gov.sg,gov.sg,Could not resolve host: account.cube.gov.sg,none
aceonline.mom.gov.sg,gov.sg,Could not resolve host: aceonline.mom.gov.sg,none
aceqbj.ace.gov.sg,gov.sg,Could not resolve host: aceqbj.ace.gov.sg,none
aceqportal.ace.gov.sg,gov.sg,Could not resolve host: aceqportal.ace.gov.sg,none
acra.gov.sg,gov.sg,301,60 mx3.sgict.gov.sg.; 20 mx1.sgict.gov.sg.; 50 mx4.sgict.gov.sg.; 10 mx2.sgict.gov.sg.
adfs.mccy.gov.sg,gov.sg,Could not resolve host: adfs.mccy.gov.sg,none
adfs.msf.gov.sg,gov.sg,Could not resolve host: adfs.msf.gov.sg,none
admin.am4u.gov.sg,gov.sg,Could not resolve host: admin.am4u.gov.sg,none
admin.cube.gov.sg,gov.sg,Could not resolve host: admin.cube.gov.sg,none
admin.pmo.gov.sg,gov.sg,Could not resolve host: admin.pmo.gov.sg,none
admin.sites.cube.gov.sg,gov.sg,Could not resolve host: admin.sites.cube.gov.sg,none
admin.sps.gov.sg,gov.sg,Could not resolve host: admin.sps.gov.sg,none
admin.stb.gov.sg,gov.sg,Could not resolve host: admin.stb.gov.sg,none
aduser.apadmin.gov.sg,gov.sg,Could not resolve host: aduser.apadmin.gov.sg,none
aduser.uat-apadmin.gov.sg,gov.sg,Could not resolve host: aduser.uat-apadmin.gov.sg,none
aem.moe.gov.sg,gov.sg,Could not resolve host: aem.moe.gov.sg,none
aep.nac.gov.sg,gov.sg,Could not resolve host: aep.nac.gov.sg,none
afm-hcl-portal.sgnet.gov.sg,gov.sg,Could not resolve host: afm-hcl-portal.sgnet.gov.sg,none
afm-ncs-itsm.sgnet.gov.sg,gov.sg,Could not resolve host: afm-ncs-itsm.sgnet.gov.sg,none
afm-ncs-portal.sgnet.gov.sg,gov.sg,Could not resolve host: afm-ncs-portal.sgnet.gov.sg,none
afm-nec-itsm.sgnet.gov.sg,gov.sg,Could not resolve host: afm-nec-itsm.sgnet.gov.sg,none
afm-nec-portal.sgnet.gov.sg,gov.sg,Could not resolve host: afm-nec-portal.sgnet.gov.sg,none
afm-nec-rdss.sgnet.gov.sg,gov.sg,Could not resolve host: afm-nec-rdss.sgnet.gov.sg,none
agc.gov.sg,gov.sg,301,60 mx4.sgict.gov.sg.; 50 mx3.sgict.gov.sg.; 20 mx2.sgict.gov.sg.; 10 mx1.sgict.gov.sg.
agcvldb.agc.gov.sg,gov.sg,Could not resolve host: agcvldb.agc.gov.sg,none
agd.gov.sg,gov.sg,Could not resolve host: agd.gov.sg,60 mx3.sgict.gov.sg.; 20 mx1.sgict.gov.sg.; 10 mx2.sgict.gov.sg.; 50 mx4.sgict.gov.sg.
ago.gov.sg,gov.sg,Could not resolve host: ago.gov.sg,10 mx1.sgict.gov.sg.; 60 mx4.sgict.gov.sg.; 50 mx3.sgict.gov.sg.; 20 mx2.sgict.gov.sg.
ahprs.moh.gov.sg,gov.sg,Could not resolve host: ahprs.moh.gov.sg,none
alternate-stg.ica.gov.sg,gov.sg,Could not resolve host: alternate-stg.ica.gov.sg,none
alternate.ica.gov.sg,gov.sg,Could not resolve host: alternate.ica.gov.sg,none
alumni.scp.gov.sg,gov.sg,Connection timed out after 3001 milliseconds,none
am4u.gov.sg,gov.sg,Could not resolve host: am4u.gov.sg,none
ams-stg.mfa.gov.sg,gov.sg,Could not resolve host: ams-stg.mfa.gov.sg,none
ams.mfa.gov.sg,gov.sg,Could not resolve host: ams.mfa.gov.sg,none
ams.sgmfa.gov.sg,gov.sg,Could not resolve host: ams.sgmfa.gov.sg,none
analytics.mci.gov.sg,gov.sg,Could not resolve host: analytics.mci.gov.sg,none
analytics.sport.gov.sg,gov.sg,Could not resolve host: analytics.sport.gov.sg,none
antispam.csit.gov.sg,gov.sg,Could not resolve host: antispam.csit.gov.sg,none
apadmin.gov.sg,gov.sg,Could not resolve host: apadmin.gov.sg,none
api.gov.sg,gov.sg,Could not resolve host: api.gov.sg,none
api.moe.gov.sg,gov.sg,Could not resolve host: api.moe.gov.sg,none
api.nea.gov.sg,gov.sg,Could not resolve host: api.nea.gov.sg,none
apisandbox.iras.gov.sg,gov.sg,301,none
apiservices.iras.gov.sg,gov.sg,301,none
app-pac.mci.gov.sg,gov.sg,Could not resolve host: app-pac.mci.gov.sg,none
app-pac.mica.gov.sg,gov.sg,Could not resolve host: app-pac.mica.gov.sg,none
app-stg.agc2.agc.gov.sg,gov.sg,Could not resolve host: app-stg.agc2.agc.gov.sg,none
app-stg.asc.gov.sg,gov.sg,Connection timed out after 3002 milliseconds,none
app-stg.cei.mom.gov.sg,gov.sg,Connection timed out after 3000 milliseconds,none
app-stg.customscms.gov.sg,gov.sg,Could not resolve host: app-stg.customscms.gov.sg,none
app-stg.e2singapore.gov.sg,gov.sg,Could not resolve host: app-stg.e2singapore.gov.sg,none
app-stg.eems.nea.gov.sg,gov.sg,Connection timed out after 3002 milliseconds,none
app-stg.efog.nea.gov.sg,gov.sg,Connection timed out after 3002 milliseconds,none
app-stg.elobby.ica.gov.sg,gov.sg,Could not resolve host: app-stg.elobby.ica.gov.sg,none
app-stg.genap.mom.gov.sg,gov.sg,Could not resolve host: app-stg.genap.mom.gov.sg,none
app-stg.haze.gov.sg,gov.sg,Connection timed out after 3002 milliseconds,none
app-stg.hms.nea.gov.sg,gov.sg,Connection timed out after 3001 milliseconds,none
app-stg.ifast.ava.gov.sg,gov.sg,Could not resolve host: app-stg.ifast.ava.gov.sg,none
app-stg.lta.gov.sg,gov.sg,Could not resolve host: app-stg.lta.gov.sg,none
app-stg.m.mci.gov.sg,gov.sg,Could not resolve host: app-stg.m.mci.gov.sg,none
app-stg.m.mica.gov.sg,gov.sg,Could not resolve host: app-stg.m.mica.gov.sg,none
app-stg.mavis.ica.gov.sg,gov.sg,Could not resolve host: app-stg.mavis.ica.gov.sg,none
app-stg.mels.nea.gov.sg,gov.sg,Connection timed out after 3000 milliseconds,none
app-stg.mks.singstat.gov.sg,gov.sg,Connection timed out after 3002 milliseconds,none
app-stg.mof.gov.sg,gov.sg,Connection timed out after 3001 milliseconds,none
app-stg.mot.gov.sg,gov.sg,Could not resolve host: app-stg.mot.gov.sg,none
app-stg.msf.gov.sg,gov.sg,Connection timed out after 3002 milliseconds,none
app-stg.nra.mfa.gov.sg,gov.sg,Could not resolve host: app-stg.nra.mfa.gov.sg,none
app-stg.orc.gov.sg,gov.sg,Could not resolve host: app-stg.orc.gov.sg,none
app-stg.pep.mom.gov.sg,gov.sg,Connection timed out after 3002 milliseconds,none
app-stg.police.gov.sg,gov.sg,Could not resolve host: app-stg.police.gov.sg,none
app-stg.psc-cms.gov.sg,gov.sg,Could not resolve host: app-stg.psc-cms.gov.sg,none
app-stg.rom.gov.sg,gov.sg,Could not resolve host: app-stg.rom.gov.sg,none
app-stg.ros.gov.sg,gov.sg,Could not resolve host: app-stg.ros.gov.sg,none
app-stg.scdffiresafety.gov.sg,gov.sg,Could not resolve host: app-stg.scdffiresafety.gov.sg,none
app-stg.search.gov.sg,gov.sg,Could not resolve host: app-stg.search.gov.sg,none
app-stg.sgdi.gov.sg,gov.sg,Could not resolve host: app-stg.sgdi.gov.sg,none
app-stg.sims.gov.sg,gov.sg,Could not resolve host: app-stg.sims.gov.sg,none
app-stg.singaporebudget.gov.sg,gov.sg,Connection timed out after 3002 milliseconds,none
app-stg.snapcms.mom.gov.sg,gov.sg,Connection timed out after 3002 milliseconds,none
app-stg.ssks.customs.gov.sg,gov.sg,Could not resolve host: app-stg.ssks.customs.gov.sg,none
app-stg.syariahcourt.gov.sg,gov.sg,Could not resolve host: app-stg.syariahcourt.gov.sg,none
app-stg.vitaline.vital.gov.sg,gov.sg,Connection timed out after 3002 milliseconds,none
app-stg.vog.gov.sg,gov.sg,Could not resolve host: app-stg.vog.gov.sg,none
app-stg1.nea.gov.sg,gov.sg,Could not resolve host: app-stg1.nea.gov.sg,none
app-stg2.mewr.gov.sg,gov.sg,Could not resolve host: app-stg2.mewr.gov.sg,none
app-stg2.mgov.gov.sg,gov.sg,Could not resolve host: app-stg2.mgov.gov.sg,none
app-stg2.mnd.gov.sg,gov.sg,Connection timed out after 3003 milliseconds,none
app-stg2.score.gov.sg,gov.sg,Could not resolve host: app-stg2.score.gov.sg,none
app-stg2.sgdi.gov.sg,gov.sg,Could not resolve host: app-stg2.sgdi.gov.sg,none
app-stg2.singstat.gov.sg,gov.sg,Connection timed out after 3001 milliseconds,none
app-stg2.subcourts.gov.sg,gov.sg,Could not resolve host: app-stg2.subcourts.gov.sg,none
app-stg5.nea.gov.sg,gov.sg,Connection timed out after 3002 milliseconds,none
app-stg9.nscs.gov.sg,gov.sg,Connection timed out after 3001 milliseconds,none
app-uat.dos.gov.sg,gov.sg,Could not resolve host: app-uat.dos.gov.sg,none
app.adoption.gov.sg,gov.sg,Could not resolve host: app.adoption.gov.sg,none
app.agc.gov.sg,gov.sg,Could not resolve host: app.agc.gov.sg,none
app.agd.gov.sg,gov.sg,Connection timed out after 3003 milliseconds,none
app.asc.gov.sg,gov.sg,Could not resolve host: app.asc.gov.sg,none
app.cad.gov.sg,gov.sg,Could not resolve host: app.cad.gov.sg,none
app.cdn.gov.sg,gov.sg,Could not resolve host: app.cdn.gov.sg,none
app.cei.mom.gov.sg,gov.sg,Connection timed out after 3005 milliseconds,none
app.cpib.gov.sg,gov.sg,Could not resolve host: app.cpib.gov.sg,none
app.cra.gov.sg,gov.sg,Could not resolve host: app.cra.gov.sg,none
app.customs.gov.sg,gov.sg,Could not resolve host: app.customs.gov.sg,none
app.customscms.gov.sg,gov.sg,Could not resolve host: app.customscms.gov.sg,none
app.dos.gov.sg,gov.sg,Could not resolve host: app.dos.gov.sg,none
app.e2singapore.gov.sg,gov.sg,Could not resolve host: app.e2singapore.gov.sg,none
app.eems.nea.gov.sg,gov.sg,Could not resolve host: app.eems.nea.gov.sg,none
app.elobby.ica.gov.sg,gov.sg,Could not resolve host: app.elobby.ica.gov.sg,none
app.ems.ava.gov.sg,gov.sg,Could not resolve host: app.ems.ava.gov.sg,none
app.enotifywpe.mom.gov.sg,gov.sg,Could not resolve host: app.enotifywpe.mom.gov.sg,none
app.epscapp.mom.gov.sg,gov.sg,Could not resolve host: app.epscapp.mom.gov.sg,none
app.eservice.eld.gov.sg,gov.sg,301,none
app.feedback.gov.sg,gov.sg,SSL: no alternative certificate subject name matches target hostname 'app.feedback.gov.sg',none
app.genap.mom.gov.sg,gov.sg,Connection timed out after 3000 milliseconds,none
app.gov.sg,gov.sg,Could not resolve host: app.gov.sg,none
app.haze.gov.sg,gov.sg,Connection timed out after 3000 milliseconds,none
app.helpdesk.agd.gov.sg,gov.sg,403,none
app.hlb.gov.sg,gov.sg,Connection timed out after 3000 milliseconds,none
app.hms.nea.gov.sg,gov.sg,Connection timed out after 3002 milliseconds,none
app.hsc.gov.sg,gov.sg,Could not resolve host: app.hsc.gov.sg,none
app.ifast.ava.gov.sg,gov.sg,Could not resolve host: app.ifast.ava.gov.sg,none
app.intranet.ros.gov.sg,gov.sg,Could not resolve host: app.intranet.ros.gov.sg,none
app.ipd.gov.sg,gov.sg,Could not resolve host: app.ipd.gov.sg,none
app.irms.eld.gov.sg,gov.sg,Could not resolve host: app.irms.eld.gov.sg,none
app.lta.gov.sg,gov.sg,Could not resolve host: app.lta.gov.sg,none
app.ltgallery.lta.gov.sg,gov.sg,Could not resolve host: app.ltgallery.lta.gov.sg,none
app.m.mci.gov.sg,gov.sg,Could not resolve host: app.m.mci.gov.sg,none
app.m.mica.gov.sg,gov.sg,Could not resolve host: app.m.mica.gov.sg,none
app.maintenanceofparents.gov.sg,gov.sg,Could not resolve host: app.maintenanceofparents.gov.sg,none
app.mavis.ica.gov.sg,gov.sg,Could not resolve host: app.mavis.ica.gov.sg,none
app.mbs.gov.sg,gov.sg,Could not resolve host: app.mbs.gov.sg,none
app.mcds.gov.sg,gov.sg,Could not resolve host: app.mcds.gov.sg,none
app.mcys-volunteers.gov.sg,gov.sg,Could not resolve host: app.mcys-volunteers.gov.sg,none
app.mcys.gov.sg,gov.sg,Could not resolve host: app.mcys.gov.sg,none
app.mels.nea.gov.sg,gov.sg,Connection timed out after 3001 milliseconds,none
app.mewr.gov.sg,gov.sg,Could not resolve host: app.mewr.gov.sg,none
app.mgov.gov.sg,gov.sg,Could not resolve host: app.mgov.gov.sg,none
app.mks.singstat.gov.sg,gov.sg,Connection timed out after 3002 milliseconds,none
app.mnd.gov.sg,gov.sg,Could not resolve host: app.mnd.gov.sg,none
app.moc.lta.gov.sg,gov.sg,Could not resolve host: app.moc.lta.gov.sg,none
app.mof.gov.sg,gov.sg,Could not resolve host: app.mof.gov.sg,none
app.mot.gov.sg,gov.sg,Could not resolve host: app.mot.gov.sg,none
app.msf.gov.sg,gov.sg,Could not resolve host: app.msf.gov.sg,none
app.mti.gov.sg,gov.sg,Connection timed out after 3000 milliseconds,none
app.nccs.gov.sg,gov.sg,Could not resolve host: app.nccs.gov.sg,none
app.nea.gov.sg,gov.sg,Could not resolve host: app.nea.gov.sg,none
app.nra.mfa.gov.sg,gov.sg,Could not resolve host: app.nra.mfa.gov.sg,none
app.nscs.gov.sg,gov.sg,Could not resolve host: app.nscs.gov.sg,none
app.orc.gov.sg,gov.sg,Could not resolve host: app.orc.gov.sg,none
app.osawic.mom.gov.sg,gov.sg,Connection timed out after 3002 milliseconds,none
app.peb.gov.sg,gov.sg,Could not resolve host: app.peb.gov.sg,none
app.pep.mom.gov.sg,gov.sg,Connection timed out after 3002 milliseconds,none
app.picos.mfa.gov.sg,gov.sg,Could not resolve host: app.picos.mfa.gov.sg,none
app.pmoevents.gov.sg,gov.sg,Could not resolve host: app.pmoevents.gov.sg,none
app.poevents.gov.sg,gov.sg,Could not resolve host: app.poevents.gov.sg,none
app.police.gov.sg,gov.sg,Could not resolve host: app.police.gov.sg,none
app.policychallenge.gov.sg,gov.sg,Could not resolve host: app.policychallenge.gov.sg,none
app.psc-cms.gov.sg,gov.sg,Could not resolve host: app.psc-cms.gov.sg,none
app.ptc.gov.sg,gov.sg,TLS connect error: error:0A000410:SSL routines::ssl/tls alert handshake failure,none
app.pub.gov.sg,gov.sg,Could not resolve host: app.pub.gov.sg,none
app.publicguardian.gov.sg,gov.sg,Could not resolve host: app.publicguardian.gov.sg,none
app.quotacal.mom.gov.sg,gov.sg,Connection timed out after 3001 milliseconds,none
app.rahs.gov.sg,gov.sg,Could not resolve host: app.rahs.gov.sg,none
app.reach.gov.sg,gov.sg,Could not resolve host: app.reach.gov.sg,none
app.reqsys.agd.gov.sg,gov.sg,Could not resolve host: app.reqsys.agd.gov.sg,none
app.rfrs.gov.sg,gov.sg,Could not resolve host: app.rfrs.gov.sg,none
app.rom.gov.sg,gov.sg,Could not resolve host: app.rom.gov.sg,none
app.romm.gov.sg,gov.sg,Could not resolve host: app.romm.gov.sg,none
app.ros.gov.sg,gov.sg,Could not resolve host: app.ros.gov.sg,none
app.safejourney.lta.gov.sg,gov.sg,Connection timed out after 3002 milliseconds,none
app.scdffiresafety.gov.sg,gov.sg,Could not resolve host: app.scdffiresafety.gov.sg,none
app.score.gov.sg,gov.sg,Could not resolve host: app.score.gov.sg,none
app.scp.gov.sg,gov.sg,Could not resolve host: app.scp.gov.sg,none
app.sdusds.gov.sg,gov.sg,Could not resolve host: app.sdusds.gov.sg,none
app.search.gov.sg,gov.sg,Could not resolve host: app.search.gov.sg,none
app.sgdi.gov.sg,gov.sg,Could not resolve host: app.sgdi.gov.sg,none
app.sgjourney.gov.sg,gov.sg,Failed to connect to app.sgjourney.gov.sg port 443 after 163 ms: Could not connect to server,none
app.sims.gov.sg,gov.sg,Could not resolve host: app.sims.gov.sg,none
app.singaporebudget.gov.sg,gov.sg,Could not resolve host: app.singaporebudget.gov.sg,none
app.singaporeday.gov.sg,gov.sg,Could not resolve host: app.singaporeday.gov.sg,none
app.singaporeedu.gov.sg,gov.sg,Could not resolve host: app.singaporeedu.gov.sg,none
app.singstat.gov.sg,gov.sg,Could not resolve host: app.singstat.gov.sg,none
app.sird.spf.gov.sg,gov.sg,Connection timed out after 3002 milliseconds,none
app.sla.gov.sg,gov.sg,404,none
app.snapcms.mom.gov.sg,gov.sg,Could not resolve host: app.snapcms.mom.gov.sg,none
app.spf.gov.sg,gov.sg,Could not resolve host: app.spf.gov.sg,none
app.spms.mcys.gov.sg,gov.sg,Could not resolve host: app.spms.mcys.gov.sg,none
app.sportsingapore.gov.sg,gov.sg,Could not resolve host: app.sportsingapore.gov.sg,none
app.ssks.customs.gov.sg,gov.sg,Could not resolve host: app.ssks.customs.gov.sg,none
app.statecourts.gov.sg,gov.sg,Could not resolve host: app.statecourts.gov.sg,none
app.stb.gov.sg,gov.sg,Connection timed out after 3003 milliseconds,none
app.sts.singstat.gov.sg,gov.sg,Could not resolve host: app.sts.singstat.gov.sg,none
app.subcourts.gov.sg,gov.sg,Could not resolve host: app.subcourts.gov.sg,none
app.supremecourt.gov.sg,gov.sg,SSL: no alternative certificate subject name matches target hostname 'app.supremecourt.gov.sg',none
app.syariahcourt.gov.sg,gov.sg,Could not resolve host: app.syariahcourt.gov.sg,none
app.vendors.gov.sg,gov.sg,Could not resolve host: app.vendors.gov.sg,none
app.vitaline.vital.gov.sg,gov.sg,Could not resolve host: app.vitaline.vital.gov.sg,none
app.vog.gov.sg,gov.sg,Could not resolve host: app.vog.gov.sg,none
app.wdajobbank.gov.sg,gov.sg,Could not resolve host: app.wdajobbank.gov.sg,none
app.www.gov.sg,gov.sg,Could not resolve host: app.www.gov.sg,none
app1-pac.mci.gov.sg,gov.sg,Could not resolve host: app1-pac.mci.gov.sg,none
app1-stg.sgdi.gov.sg,gov.sg,Could not resolve host: app1-stg.sgdi.gov.sg,none
app1.mfa.gov.sg,gov.sg,Could not resolve host: app1.mfa.gov.sg,none
app1.singaporecitizenshipjourney.gov.sg,gov.sg,Could not resolve host: app1.singaporecitizenshipjourney.gov.sg,none
app2.nea.gov.sg,gov.sg,Could not resolve host: app2.nea.gov.sg,none
app5.nea.gov.sg,gov.sg,Connection timed out after 3001 milliseconds,none
app7-stg.eservice.eld.gov.sg,gov.sg,Could not resolve host: app7-stg.eservice.eld.gov.sg,none
appcloud.mewr.gov.sg,gov.sg,Could not resolve host: appcloud.mewr.gov.sg,none
appcode.apadmin.gov.sg,gov.sg,Could not resolve host: appcode.apadmin.gov.sg,none
appcode.uat-apadmin.gov.sg,gov.sg,Could not resolve host: appcode.uat-apadmin.gov.sg,none
appealsboard.gov.sg,gov.sg,Could not resolve host: appealsboard.gov.sg,none
appian-bgp.gov.sg,gov.sg,Could not resolve host: appian-bgp.gov.sg,none
appintra.istanacalendar.gov.sg,gov.sg,Could not resolve host: appintra.istanacalendar.gov.sg,none
appiqs.acra.gov.sg,gov.sg,Connection timed out after 3002 milliseconds,none
apples-stg.ica.gov.sg,gov.sg,Could not resolve host: apples-stg.ica.gov.sg,none
apples.ica.gov.sg,gov.sg,Could not resolve host: apples.ica.gov.sg,none
application-stg.sgip.gov.sg,gov.sg,403,none
application.sgip.gov.sg,gov.sg,Could not resolve host: application.sgip.gov.sg,none
appm4.internet.gov.sg,gov.sg,Could not resolve host: appm4.internet.gov.sg,none
appointment-app.intranet.mom.gov.sg,gov.sg,Could not resolve host: appointment-app.intranet.mom.gov.sg,none
appointment.mom.gov.sg,gov.sg,301,none
apps.enable.gov.sg,gov.sg,Could not resolve host: apps.enable.gov.sg,none
apps.myhealthportal.hpb.gov.sg,gov.sg,Could not resolve host: apps.myhealthportal.hpb.gov.sg,none
appsb.dsta.gov.sg,gov.sg,Could not resolve host: appsb.dsta.gov.sg,none
appserver1.caas.gov.sg,gov.sg,Could not resolve host: appserver1.caas.gov.sg,none
appuat.jobsbank.gov.sg,gov.sg,Could not resolve host: appuat.jobsbank.gov.sg,none
arms.ava.gov.sg,gov.sg,Could not resolve host: arms.ava.gov.sg,none
ask.iras.gov.sg,gov.sg,Could not resolve host: ask.iras.gov.sg,none
asktraisi-vportal.vital.gov.sg,gov.sg,Connection timed out after 3002 milliseconds,none
asset.gov.sg,gov.sg,Could not resolve host: asset.gov.sg,none
athletes.sportsingapore.gov.sg,gov.sg,Could not resolve host: athletes.sportsingapore.gov.sg,none
atl.moe.gov.sg,gov.sg,403,none
atoms.subcourts.gov.sg,gov.sg,Could not resolve host: atoms.subcourts.gov.sg,none
authgateway.gov.sg,gov.sg,Could not resolve host: authgateway.gov.sg,none
author.lta.gov.sg,gov.sg,Could not resolve host: author.lta.gov.sg,none
author.mlaw.gov.sg,gov.sg,Connection timed out after 3002 milliseconds,none
authoring.mccy.gov.sg,gov.sg,Could not resolve host: authoring.mccy.gov.sg,none
authoring.mot.gov.sg,gov.sg,Connection timed out after 3002 milliseconds,none
authoring.nparks.gov.sg,gov.sg,Could not resolve host: authoring.nparks.gov.sg,none
autodiscover.ncss.gov.sg,gov.sg,Could not resolve host: autodiscover.ncss.gov.sg,none
autodiscover.schools.gov.sg,gov.sg,Connection timed out after 3001 milliseconds,none
autodiscover.slf.gov.sg,gov.sg,Could not resolve host: autodiscover.slf.gov.sg,none
awa.nac.gov.sg,gov.sg,Could not resolve host: awa.nac.gov.sg,none
axs.ura.gov.sg,gov.sg,Could not resolve host: axs.ura.gov.sg,none
axsuat.ura.gov.sg,gov.sg,Could not resolve host: axsuat.ura.gov.sg,none
babybonus.gov.sg,gov.sg,Could not resolve host: babybonus.gov.sg,none
babybonus.msf.gov.sg,gov.sg,302,none
bacs.jurongisland.gov.sg,gov.sg,Connection timed out after 3002 milliseconds,none
baz-customer.g-cloud.gov.sg,gov.sg,Could not resolve host: baz-customer.g-cloud.gov.sg,none
bca.gov.sg,gov.sg,Could not resolve host: bca.gov.sg,none
bgp-uat.iesingapore.gov.sg,gov.sg,Could not resolve host: bgp-uat.iesingapore.gov.sg,none
bi.gebiz.gov.sg,gov.sg,Could not resolve host: bi.gebiz.gov.sg,none
bia.cra.gov.sg,gov.sg,Could not resolve host: bia.cra.gov.sg,none
biinfra.gebiz.gov.sg,gov.sg,Could not resolve host: biinfra.gebiz.gov.sg,none
biome-intra.nparks.gov.sg,gov.sg,Could not resolve host: biome-intra.nparks.gov.sg,none
biome.nparks.gov.sg,gov.sg,403,none
bizfile-intranet.bizfile.gov.sg,gov.sg,Could not resolve host: bizfile-intranet.bizfile.gov.sg,none
bizfile-soabpm.acra-ngb-tis.bizfile.gov.sg,gov.sg,Could not resolve host: bizfile-soabpm.acra-ngb-tis.bizfile.gov.sg,none
bizfile-soabpm.acra-ngb.bizfile.gov.sg,gov.sg,Could not resolve host: bizfile-soabpm.acra-ngb.bizfile.gov.sg,none
bizfile.gov.sg,gov.sg,301,none
bizfinx.gov.sg,gov.sg,Operation timed out after 3001 milliseconds with 0 bytes received,none
blog.data.gov.sg,gov.sg,Could not resolve host: blog.data.gov.sg,none
bloodapproval.hsa.gov.sg,gov.sg,Could not resolve host: bloodapproval.hsa.gov.sg,none
box.nhb.gov.sg,gov.sg,Connection timed out after 3002 milliseconds,none
box.stb.gov.sg,gov.sg,Could not resolve host: box.stb.gov.sg,none
bpu-uat.pub.gov.sg,gov.sg,Could not resolve host: bpu-uat.pub.gov.sg,none
bpu.pub.gov.sg,gov.sg,Could not resolve host: bpu.pub.gov.sg,none
buglogger.iesingapore.gov.sg,gov.sg,Could not resolve host: buglogger.iesingapore.gov.sg,none
bugtracker.iesingapore.gov.sg,gov.sg,Could not resolve host: bugtracker.iesingapore.gov.sg,none
buick.jtc.gov.sg,gov.sg,Could not resolve host: buick.jtc.gov.sg,none
businessgrants.gov.sg,gov.sg,Could not resolve host: businessgrants.gov.sg,none
caas.gov.sg,gov.sg,301,none
cad.gov.sg,gov.sg,Could not resolve host: cad.gov.sg,none
cagescan.ida.gov.sg,gov.sg,Could not resolve host: cagescan.ida.gov.sg,none
caliberlink.gov.sg,gov.sg,Could not resolve host: caliberlink.gov.sg,none
cambelmers.gov.sg,gov.sg,Could not resolve host: cambelmers.gov.sg,none
canteenstalls.moe.gov.sg,gov.sg,Could not resolve host: canteenstalls.moe.gov.sg,none
caps-services.msf.gov.sg,gov.sg,Could not resolve host: caps-services.msf.gov.sg,none
career.ssc.gov.sg,gov.sg,Could not resolve host: career.ssc.gov.sg,none
cas.ura.gov.sg,gov.sg,Could not resolve host: cas.ura.gov.sg,none
casuat.ura.gov.sg,gov.sg,Could not resolve host: casuat.ura.gov.sg,none
casy-stg.cra.gov.sg,gov.sg,Could not resolve host: casy-stg.cra.gov.sg,none
ccos-stg.intranet.prisons.gov.sg,gov.sg,Could not resolve host: ccos-stg.intranet.prisons.gov.sg,none
ccos.intranet.prisons.gov.sg,gov.sg,Could not resolve host: ccos.intranet.prisons.gov.sg,none
ccrs.weather.gov.sg,gov.sg,200,none
ccs.gov.sg,gov.sg,301,none
ccsfeedback.pub.gov.sg,gov.sg,Could not resolve host: ccsfeedback.pub.gov.sg,none
ccsvoip.pub.gov.sg,gov.sg,Could not resolve host: ccsvoip.pub.gov.sg,none
ccswebchat.pub.gov.sg,gov.sg,Could not resolve host: ccswebchat.pub.gov.sg,none
cdlens.moh.gov.sg,gov.sg,Could not resolve host: cdlens.moh.gov.sg,none
cea.gov.sg,gov.sg,301,none
ces.gov.sg,gov.sg,Could not resolve host: ces.gov.sg,none
chaichee.hdb.gov.sg,gov.sg,Could not resolve host: chaichee.hdb.gov.sg,none
challenge.gov.sg,gov.sg,Could not resolve host: challenge.gov.sg,none
chat.infofusioncentre.gov.sg,gov.sg,Could not resolve host: chat.infofusioncentre.gov.sg,none
childcarelink.gov.sg,gov.sg,Could not resolve host: childcarelink.gov.sg,none
childconsent.hpb.gov.sg,gov.sg,Could not resolve host: childconsent.hpb.gov.sg,none
cis.nac.gov.sg,gov.sg,Could not resolve host: cis.nac.gov.sg,none
citrix.ideapolis.nlb.gov.sg,gov.sg,Could not resolve host: citrix.ideapolis.nlb.gov.sg,none
clouds.mci.gov.sg,gov.sg,Could not resolve host: clouds.mci.gov.sg,none
clouds.mica.gov.sg,gov.sg,Could not resolve host: clouds.mica.gov.sg,none
cmc.gov.sg,gov.sg,301,none
cmpb.gov.sg,gov.sg,301,none
cms.hrms.gov.sg,gov.sg,Could not resolve host: cms.hrms.gov.sg,none
cms.mha.gov.sg,gov.sg,Could not resolve host: cms.mha.gov.sg,none
cms.nea.gov.sg,gov.sg,Could not resolve host: cms.nea.gov.sg,none
cnb-iems-admin.gov.sg,gov.sg,Connection timed out after 3002 milliseconds,none
cnb-iems.gov.sg,gov.sg,Connection timed out after 3004 milliseconds,none
cnb.gov.sg,gov.sg,301,none
coaches.sportsingapore.gov.sg,gov.sg,Could not resolve host: coaches.sportsingapore.gov.sg,none
comcaredb.gov.sg,gov.sg,Could not resolve host: comcaredb.gov.sg,none
connect.hpb.gov.sg,gov.sg,Could not resolve host: connect.hpb.gov.sg,none
connect.jtc.gov.sg,gov.sg,Could not resolve host: connect.jtc.gov.sg,none
connect.ras.gov.sg,gov.sg,Resolving timed out after 3000 milliseconds,dig error
connect.wda.gov.sg,gov.sg,Connection timed out after 3003 milliseconds,none
corenet.gov.sg,gov.sg,301,none
corppass.gov.sg,gov.sg,Could not resolve host: corppass.gov.sg,5 smtp.google.com.
cpe.gov.sg,gov.sg,Could not resolve host: cpe.gov.sg,none
cpf.gov.sg,gov.sg,301,none
cpib.gov.sg,gov.sg,301,none
cpibgov.sg,gov.sg,Could not resolve host: cpibgov.sg,none
cprms.hpb.gov.sg,gov.sg,Could not resolve host: cprms.hpb.gov.sg,none
cprmsadfs.hpb.gov.sg,gov.sg,Could not resolve host: cprmsadfs.hpb.gov.sg,none
cprmsauth.hpb.gov.sg,gov.sg,Could not resolve host: cprmsauth.hpb.gov.sg,none
cprmsdisc.hpb.gov.sg,gov.sg,Could not resolve host: cprmsdisc.hpb.gov.sg,none
cptrs.seab.gov.sg,gov.sg,Could not resolve host: cptrs.seab.gov.sg,none
cra.gov.sg,gov.sg,Could not resolve host: cra.gov.sg,none
createportal.gov.sg,gov.sg,Could not resolve host: createportal.gov.sg,none
crew.ica.gov.sg,gov.sg,Could not resolve host: crew.ica.gov.sg,none
crf.moh.gov.sg,gov.sg,Could not resolve host: crf.moh.gov.sg,none
crispmobile.mica.gov.sg,gov.sg,Could not resolve host: crispmobile.mica.gov.sg,none
crm.apadmin.gov.sg,gov.sg,Could not resolve host: crm.apadmin.gov.sg,none
crm.dc.gov.sg,gov.sg,Could not resolve host: crm.dc.gov.sg,none
crm.hsa.gov.sg,gov.sg,Could not resolve host: crm.hsa.gov.sg,none
crm.intranet.mccy.gov.sg,gov.sg,Could not resolve host: crm.intranet.mccy.gov.sg,none
crm.intranet.msf.gov.sg,gov.sg,Could not resolve host: crm.intranet.msf.gov.sg,none
crm.ipos.gov.sg,gov.sg,Connection timed out after 3002 milliseconds,none
crm.mccy.gov.sg,gov.sg,Connection timed out after 3002 milliseconds,none
crm.uat-apadmin.gov.sg,gov.sg,Could not resolve host: crm.uat-apadmin.gov.sg,none
crmadfs.apadmin.gov.sg,gov.sg,Could not resolve host: crmadfs.apadmin.gov.sg,none
crmadfs.uat-apadmin.gov.sg,gov.sg,Could not resolve host: crmadfs.uat-apadmin.gov.sg,none
crms.moh.gov.sg,gov.sg,Could not resolve host: crms.moh.gov.sg,none
csa.gov.sg,gov.sg,301,none
cscollege.gov.sg,gov.sg,301,none
csconcourse.cscollege.gov.sg,gov.sg,Could not resolve host: csconcourse.cscollege.gov.sg,none
cse.iesingapore.gov.sg,gov.sg,Could not resolve host: cse.iesingapore.gov.sg,none
csit.gov.sg,gov.sg,301,none
csms.dc.gov.sg,gov.sg,Could not resolve host: csms.dc.gov.sg,none
csp.jtc.gov.sg,gov.sg,302,none
cspdev.jtc.gov.sg,gov.sg,Could not resolve host: cspdev.jtc.gov.sg,none
cspqa.jtc.gov.sg,gov.sg,Could not resolve host: cspqa.jtc.gov.sg,none
csptst.jtc.gov.sg,gov.sg,Could not resolve host: csptst.jtc.gov.sg,none
csvchpbpin.hpb.gov.sg,gov.sg,Could not resolve host: csvchpbpin.hpb.gov.sg,none
csvcsingpass.hpb.gov.sg,gov.sg,Could not resolve host: csvcsingpass.hpb.gov.sg,none
cube.gov.sg,gov.sg,Could not resolve host: cube.gov.sg,none
customer.g-cloud.gov.sg,gov.sg,Could not resolve host: customer.g-cloud.gov.sg,none
customs.gov.sg,gov.sg,301,none
customsacademy.gov.sg,gov.sg,Could not resolve host: customsacademy.gov.sg,none
cwapps.jtc.gov.sg,gov.sg,Could not resolve host: cwapps.jtc.gov.sg,none
data.gov.sg,gov.sg,200,10 alt3.aspmx.l.google.com.; 10 alt4.aspmx.l.google.com.; 1 aspmx.l.google.com.; 5 alt2.aspmx.l.google.com.; 5 alt1.aspmx.l.google.com.
datahubsubmit.moh.gov.sg,gov.sg,Could not resolve host: datahubsubmit.moh.gov.sg,none
declare.customs.gov.sg,gov.sg,301,none
defence.gov.sg,gov.sg,SSL certificate problem: certificate has expired,none
dev.intranet.psi.gov.sg,gov.sg,Could not resolve host: dev.intranet.psi.gov.sg,none
dipnet.mfa.gov.sg,gov.sg,403,none
dmzeims.mindef.gov.sg,gov.sg,Could not resolve host: dmzeims.mindef.gov.sg,none
dmzeimspwm.mindef.gov.sg,gov.sg,Could not resolve host: dmzeimspwm.mindef.gov.sg,none
dnc.gov.sg,gov.sg,301,none
dncr.gov.sg,gov.sg,Could not resolve host: dncr.gov.sg,none
dnewsroom.gov.sg,gov.sg,Could not resolve host: dnewsroom.gov.sg,none
donorcare.hsa.gov.sg,gov.sg,TLS connect error: error:0A000410:SSL routines::ssl/tls alert handshake failure,none
donotcall.gov.sg,gov.sg,Could not resolve host: donotcall.gov.sg,none
donotcallregistry.gov.sg,gov.sg,Could not resolve host: donotcallregistry.gov.sg,none
download.hsa.gov.sg,gov.sg,Could not resolve host: download.hsa.gov.sg,none
drcse.iesingapore.gov.sg,gov.sg,Could not resolve host: drcse.iesingapore.gov.sg,none
dsta.gov.sg,gov.sg,301,none
dtd.iesingapore.gov.sg,gov.sg,Could not resolve host: dtd.iesingapore.gov.sg,none
dvapp.visualising.gov.sg,gov.sg,Could not resolve host: dvapp.visualising.gov.sg,none
e-cert.ssg.gov.sg,gov.sg,Could not resolve host: e-cert.ssg.gov.sg,none
e-cert.wda.gov.sg,gov.sg,Connection timed out after 3002 milliseconds,none
e-services-stg.nea.gov.sg,gov.sg,Could not resolve host: e-services-stg.nea.gov.sg,none
e-services.nea.gov.sg,gov.sg,Could not resolve host: e-services.nea.gov.sg,none
e101.gov.sg,gov.sg,Could not resolve host: e101.gov.sg,none
e2singapore.gov.sg,gov.sg,Could not resolve host: e2singapore.gov.sg,none
e728-stg.police.gov.sg,gov.sg,Could not resolve host: e728-stg.police.gov.sg,none
e728.police.gov.sg,gov.sg,Could not resolve host: e728.police.gov.sg,none
eabtc.ica.gov.sg,gov.sg,Could not resolve host: eabtc.ica.gov.sg,none
eacrs-stg.police.gov.sg,gov.sg,Could not resolve host: eacrs-stg.police.gov.sg,none
eacrs.police.gov.sg,gov.sg,Could not resolve host: eacrs.police.gov.sg,none
eappointment-stg.ica.gov.sg,gov.sg,Could not resolve host: eappointment-stg.ica.gov.sg,none
eappointment.ica.gov.sg,gov.sg,Could not resolve host: eappointment.ica.gov.sg,none
eauthoring.uat.seab.gov.sg,gov.sg,Could not resolve host: eauthoring.uat.seab.gov.sg,none
ecards.caas.gov.sg,gov.sg,Could not resolve host: ecards.caas.gov.sg,none
ecda.gov.sg,gov.sg,301,none
ecitizen.gov.sg,gov.sg,Could not resolve host: ecitizen.gov.sg,none
eclips.ava.gov.sg,gov.sg,Could not resolve host: eclips.ava.gov.sg,none
ecms.pdpc.gov.sg,gov.sg,Could not resolve host: ecms.pdpc.gov.sg,none
ecoc.police.gov.sg,gov.sg,Could not resolve host: ecoc.police.gov.sg,none
ecomms.ipos.gov.sg,gov.sg,Connection timed out after 3002 milliseconds,none
ecweb1.customs.gov.sg,gov.sg,Could not resolve host: ecweb1.customs.gov.sg,none
edanet.ura.gov.sg,gov.sg,Could not resolve host: edanet.ura.gov.sg,none
edanet2.ura.gov.sg,gov.sg,Could not resolve host: edanet2.ura.gov.sg,none
edb.gov.sg,gov.sg,301,none
eddies-stg.police.gov.sg,gov.sg,Could not resolve host: eddies-stg.police.gov.sg,none
eddies.police.gov.sg,gov.sg,Could not resolve host: eddies.police.gov.sg,none
edelivery.uat.seab.gov.sg,gov.sg,Could not resolve host: edelivery.uat.seab.gov.sg,none
edma.gov.sg,gov.sg,Could not resolve host: edma.gov.sg,none
eems-gwsx.intra-apps-stg.nea.gov.sg,gov.sg,Could not resolve host: eems-gwsx.intra-apps-stg.nea.gov.sg,none
eems-gwsx.intra-apps.nea.gov.sg,gov.sg,Could not resolve host: eems-gwsx.intra-apps.nea.gov.sg,none
eems.nea.gov.sg,gov.sg,Connection timed out after 3000 milliseconds,none
eexam.moe.gov.sg,gov.sg,Could not resolve host: eexam.moe.gov.sg,none
eexam.uat.seab.gov.sg,gov.sg,Could not resolve host: eexam.uat.seab.gov.sg,none
ef-stg.easys.gov.sg,gov.sg,Could not resolve host: ef-stg.easys.gov.sg,none
ef.easys.gov.sg,gov.sg,Could not resolve host: ef.easys.gov.sg,none
efocus-stg.police.gov.sg,gov.sg,Could not resolve host: efocus-stg.police.gov.sg,none
efocus.police.gov.sg,gov.sg,Could not resolve host: efocus.police.gov.sg,none
efog.nea.gov.sg,gov.sg,Connection timed out after 3002 milliseconds,none
eform.app-stg2.nea.gov.sg,gov.sg,Connection timed out after 3002 milliseconds,none
eform.app2.nea.gov.sg,gov.sg,Could not resolve host: eform.app2.nea.gov.sg,none
egain.iras.gov.sg,gov.sg,Connection timed out after 3001 milliseconds,none
egov.gov.sg,gov.sg,Could not resolve host: egov.gov.sg,none
ehtweb.ura.gov.sg,gov.sg,Could not resolve host: ehtweb.ura.gov.sg,none
eias.pmo.gov.sg,gov.sg,Could not resolve host: eias.pmo.gov.sg,none
eimp.ema.gov.sg,gov.sg,Could not resolve host: eimp.ema.gov.sg,none
eld.gov.sg,gov.sg,302,none
elearn.eld.gov.sg,gov.sg,200,none
elearn.iras.gov.sg,gov.sg,Could not resolve host: elearn.iras.gov.sg,none
elearn.mfa.gov.sg,gov.sg,Could not resolve host: elearn.mfa.gov.sg,none
elearning.prisons.gov.sg,gov.sg,Connection timed out after 3002 milliseconds,none
elearning.seab.gov.sg,gov.sg,Could not resolve host: elearning.seab.gov.sg,none
eletters.gov.sg,gov.sg,Could not resolve host: eletters.gov.sg,none
elis.moh.gov.sg,gov.sg,301,none
elise.ema.gov.sg,gov.sg,200,none
elobby.ica.gov.sg,gov.sg,Could not resolve host: elobby.ica.gov.sg,none
emaintenance.iesingapore.gov.sg,gov.sg,Could not resolve host: emaintenance.iesingapore.gov.sg,none
emarking.uat.seab.gov.sg,gov.sg,Could not resolve host: emarking.uat.seab.gov.sg,none
emic.jtc.gov.sg,gov.sg,Could not resolve host: emic.jtc.gov.sg,none
emma.nccs.gov.sg,gov.sg,Could not resolve host: emma.nccs.gov.sg,none
ems.ava.gov.sg,gov.sg,Could not resolve host: ems.ava.gov.sg,none
enable.gov.sg,gov.sg,Could not resolve host: enable.gov.sg,none
enotifuat.cnb.gov.sg,gov.sg,Could not resolve host: enotifuat.cnb.gov.sg,none
enterpriseone.gov.sg,gov.sg,Could not resolve host: enterpriseone.gov.sg,none
eort.iras.gov.sg,gov.sg,Could not resolve host: eort.iras.gov.sg,none
eows.eld.gov.sg,gov.sg,200,none
epay.nea.gov.sg,gov.sg,Could not resolve host: epay.nea.gov.sg,none
epayment.mfa.gov.sg,gov.sg,Could not resolve host: epayment.mfa.gov.sg,none
epaymentssit1.cpf.gov.sg,gov.sg,Could not resolve host: epaymentssit1.cpf.gov.sg,none
epaymentssit2.cpf.gov.sg,gov.sg,Could not resolve host: epaymentssit2.cpf.gov.sg,none
epaymenttest.muis.gov.sg,gov.sg,Could not resolve host: epaymenttest.muis.gov.sg,none
epec.mom.gov.sg,gov.sg,Could not resolve host: epec.mom.gov.sg,none
eponline.mom.gov.sg,gov.sg,Could not resolve host: eponline.mom.gov.sg,none
epr-stg.ica.gov.sg,gov.sg,Could not resolve host: epr-stg.ica.gov.sg,none
epr.ica.gov.sg,gov.sg,Could not resolve host: epr.ica.gov.sg,none
epris-stg.prisons.gov.sg,gov.sg,Connection timed out after 3002 milliseconds,none
epris.gov.sg,gov.sg,TLS connect error: error:0A000410:SSL routines::ssl/tls alert handshake failure,none
epscepashub.lta.gov.sg,gov.sg,Could not resolve host: epscepashub.lta.gov.sg,none
erbd.ica.gov.sg,gov.sg,Could not resolve host: erbd.ica.gov.sg,none
eregister.mfa.gov.sg,gov.sg,302,none
erep.ica.gov.sg,gov.sg,Could not resolve host: erep.ica.gov.sg,none
esapp.nhb.gov.sg,gov.sg,Could not resolve host: esapp.nhb.gov.sg,none
esc-stg.ica.gov.sg,gov.sg,Could not resolve host: esc-stg.ica.gov.sg,none
esc.ica.gov.sg,gov.sg,Could not resolve host: esc.ica.gov.sg,none
eservice-stg.ida.gov.sg,gov.sg,Could not resolve host: eservice-stg.ida.gov.sg,none
eservice.eld.gov.sg,gov.sg,Connection timed out after 3002 milliseconds,none
eservice.enable.gov.sg,gov.sg,Could not resolve host: eservice.enable.gov.sg,none
eservice.hsa.gov.sg,gov.sg,463,none
eservice.ida.gov.sg,gov.sg,Could not resolve host: eservice.ida.gov.sg,none
eservice.msf.gov.sg,gov.sg,Could not resolve host: eservice.msf.gov.sg,none
eservice.pdpc.gov.sg,gov.sg,200,none
eservice.seab.gov.sg,gov.sg,Could not resolve host: eservice.seab.gov.sg,none
eservices-stg.nea.gov.sg,gov.sg,Could not resolve host: eservices-stg.nea.gov.sg,none
eservices.customs.gov.sg,gov.sg,Operation timed out after 3001 milliseconds with 0 bytes received,none
eservices.mas.gov.sg,gov.sg,200,none
eservices.moh.gov.sg,gov.sg,Could not resolve host: eservices.moh.gov.sg,none
eservices.muis.gov.sg,gov.sg,503,none
eservices.nea.gov.sg,gov.sg,Could not resolve host: eservices.nea.gov.sg,none
eservices.pub.gov.sg,gov.sg,403,none
eservices.scdf.gov.sg,gov.sg,302,none
ess.nea.gov.sg,gov.sg,Connection timed out after 3002 milliseconds,none
esso.mcdsnet.gov.sg,gov.sg,Could not resolve host: esso.mcdsnet.gov.sg,none
estamping.iras.gov.sg,gov.sg,Could not resolve host: estamping.iras.gov.sg,none
esub.mom.gov.sg,gov.sg,Could not resolve host: esub.mom.gov.sg,none
esurvey.mom.gov.sg,gov.sg,Could not resolve host: esurvey.mom.gov.sg,none
esurvey.singstat.gov.sg,gov.sg,Could not resolve host: esurvey.singstat.gov.sg,none
esvcweb.nea.gov.sg,gov.sg,Could not resolve host: esvcweb.nea.gov.sg,none
ethnic-stg.ica.gov.sg,gov.sg,Could not resolve host: ethnic-stg.ica.gov.sg,none
ethnic.ica.gov.sg,gov.sg,Could not resolve host: ethnic.ica.gov.sg,none
etmsweb-stg.wda.gov.sg,gov.sg,Could not resolve host: etmsweb-stg.wda.gov.sg,none
etrs.iras.gov.sg,gov.sg,Could not resolve host: etrs.iras.gov.sg,none
eve.nparks.gov.sg,gov.sg,Could not resolve host: eve.nparks.gov.sg,none
events.gms.gov.sg,gov.sg,Could not resolve host: events.gms.gov.sg,none
evp.nlb.gov.sg,gov.sg,Could not resolve host: evp.nlb.gov.sg,none
evpaa-stg.ica.gov.sg,gov.sg,Could not resolve host: evpaa-stg.ica.gov.sg,none
evpaa.ica.gov.sg,gov.sg,Could not resolve host: evpaa.ica.gov.sg,none
evpdmm.nlb.gov.sg,gov.sg,Could not resolve host: evpdmm.nlb.gov.sg,none
ex1.schools.gov.sg,gov.sg,Could not resolve host: ex1.schools.gov.sg,none
ex2.schools.gov.sg,gov.sg,Could not resolve host: ex2.schools.gov.sg,none
extend-stg.ica.gov.sg,gov.sg,Could not resolve host: extend-stg.ica.gov.sg,none
extend.ica.gov.sg,gov.sg,Could not resolve host: extend.ica.gov.sg,none
extracts.ica.gov.sg,gov.sg,Could not resolve host: extracts.ica.gov.sg,none
extranet.dsta.gov.sg,gov.sg,Could not resolve host: extranet.dsta.gov.sg,none
extranet.hsa.gov.sg,gov.sg,Could not resolve host: extranet.hsa.gov.sg,none
extranet.meanstesting-uat.moh.gov.sg,gov.sg,Could not resolve host: extranet.meanstesting-uat.moh.gov.sg,none
extranet.meanstesting.moh.gov.sg,gov.sg,Could not resolve host: extranet.meanstesting.moh.gov.sg,none
extranet.mts-uat.moh.gov.sg,gov.sg,Could not resolve host: extranet.mts-uat.moh.gov.sg,none
extranet.mts.moh.gov.sg,gov.sg,Could not resolve host: extranet.mts.moh.gov.sg,none
extranet.pub.gov.sg,gov.sg,Could not resolve host: extranet.pub.gov.sg,none
extranet.ura.gov.sg,gov.sg,Could not resolve host: extranet.ura.gov.sg,none
extranet2.ura.gov.sg,gov.sg,Could not resolve host: extranet2.ura.gov.sg,none
familyjusticecourts.gov.sg,gov.sg,301,none
fedservice.ip2.ipos.gov.sg,gov.sg,Could not resolve host: fedservice.ip2.ipos.gov.sg,none
fedservice.rps.ipos.gov.sg,gov.sg,Connection timed out after 3002 milliseconds,none
feedback.sportsingapore.gov.sg,gov.sg,Could not resolve host: feedback.sportsingapore.gov.sg,none
fileshare.iesingapore.gov.sg,gov.sg,Could not resolve host: fileshare.iesingapore.gov.sg,none
fisops.scdf.gov.sg,gov.sg,Could not resolve host: fisops.scdf.gov.sg,none
fitnesstracker.hpb.gov.sg,gov.sg,Could not resolve host: fitnesstracker.hpb.gov.sg,none
fjcourts.gov.sg,gov.sg,301,20 mx2.sgict.gov.sg.; 10 mx1.sgict.gov.sg.; 60 mx4.sgict.gov.sg.; 50 mx3.sgict.gov.sg.
flexatwork.gov.sg,gov.sg,Could not resolve host: flexatwork.gov.sg,none
florafaunaweb.nparks.gov.sg,gov.sg,Could not resolve host: florafaunaweb.nparks.gov.sg,none
focos.hpb.gov.sg,gov.sg,Could not resolve host: focos.hpb.gov.sg,none
fpl-1.caasaim.gov.sg,gov.sg,Could not resolve host: fpl-1.caasaim.gov.sg,none
fpl-2.caasaim.gov.sg,gov.sg,Could not resolve host: fpl-2.caasaim.gov.sg,none
fsm.scdf.gov.sg,gov.sg,Could not resolve host: fsm.scdf.gov.sg,none
ftp.cpf.gov.sg,gov.sg,Could not resolve host: ftp.cpf.gov.sg,none
games-stg.cra.gov.sg,gov.sg,Could not resolve host: games-stg.cra.gov.sg,none
games.cra.gov.sg,gov.sg,Could not resolve host: games.cra.gov.sg,none
gateway.nlb.gov.sg,gov.sg,Could not resolve host: gateway.nlb.gov.sg,none
gateway.sgmfa.gov.sg,gov.sg,Could not resolve host: gateway.sgmfa.gov.sg,none
gebiz.gov.sg,gov.sg,Could not resolve host: gebiz.gov.sg,none
geospace.gov.sg,gov.sg,Could not resolve host: geospace.gov.sg,none
ghs05.esm.singstat.gov.sg,gov.sg,Connection timed out after 3002 milliseconds,none
globalnet.lta.gov.sg,gov.sg,Could not resolve host: globalnet.lta.gov.sg,none
gms.gov.sg,gov.sg,Could not resolve host: gms.gov.sg,none
gms.mica.gov.sg,gov.sg,Could not resolve host: gms.mica.gov.sg,none
gold.jtc.gov.sg,gov.sg,Could not resolve host: gold.jtc.gov.sg,none
gomax.gov.sg,gov.sg,Could not resolve host: gomax.gov.sg,none
gov.sg,gov.sg,,none
gpl.apadmin.gov.sg,gov.sg,Could not resolve host: gpl.apadmin.gov.sg,none
gpl.uat-ap.gov.sg,gov.sg,Could not resolve host: gpl.uat-ap.gov.sg,none
gpl.uat-apadmin.gov.sg,gov.sg,Could not resolve host: gpl.uat-apadmin.gov.sg,none
gpp.apadmin.gov.sg,gov.sg,Could not resolve host: gpp.apadmin.gov.sg,none
gpp.uat-ap.gov.sg,gov.sg,Could not resolve host: gpp.uat-ap.gov.sg,none
gpp.uat-apadmin.gov.sg,gov.sg,Could not resolve host: gpp.uat-apadmin.gov.sg,none
graduationsurvey.moe.gov.sg,gov.sg,Could not resolve host: graduationsurvey.moe.gov.sg,none
grantportal.spring.gov.sg,gov.sg,Could not resolve host: grantportal.spring.gov.sg,none
gstelearning.iras.gov.sg,gov.sg,Connection timed out after 3002 milliseconds,none
gstvoucher.gov.sg,gov.sg,Could not resolve host: gstvoucher.gov.sg,none
gwsx.appian-bgp.gov.sg,gov.sg,Could not resolve host: gwsx.appian-bgp.gov.sg,none
gwsx.gov.sg,gov.sg,Could not resolve host: gwsx.gov.sg,none
gwsx.ros.mha.gov.sg,gov.sg,Could not resolve host: gwsx.ros.mha.gov.sg,none
han.hpb.gov.sg,gov.sg,Could not resolve host: han.hpb.gov.sg,none
hapy1.starnet.gov.sg,gov.sg,Could not resolve host: hapy1.starnet.gov.sg,none
hapy2.starnet.gov.sg,gov.sg,Could not resolve host: hapy2.starnet.gov.sg,none
hapy3.starnet.gov.sg,gov.sg,Could not resolve host: hapy3.starnet.gov.sg,none
hapy4.starnet.gov.sg,gov.sg,Could not resolve host: hapy4.starnet.gov.sg,none
hapy5.starnet.gov.sg,gov.sg,Could not resolve host: hapy5.starnet.gov.sg,none
hapy6.starnet.gov.sg,gov.sg,Could not resolve host: hapy6.starnet.gov.sg,none
hapy7.starnet.gov.sg,gov.sg,Could not resolve host: hapy7.starnet.gov.sg,none
hapy8.starnet.gov.sg,gov.sg,Could not resolve host: hapy8.starnet.gov.sg,none
haze.gov.sg,gov.sg,301,none
hdb.gov.sg,gov.sg,405,50 mx4.sgict.gov.sg.; 20 mx1.sgict.gov.sg.; 60 mx3.sgict.gov.sg.; 10 mx2.sgict.gov.sg.
hdbva.hdb.gov.sg,gov.sg,Could not resolve host: hdbva.hdb.gov.sg,none
he.ecitizen.gov.sg,gov.sg,Could not resolve host: he.ecitizen.gov.sg,none
healthcheck.moh.gov.sg,gov.sg,Could not resolve host: healthcheck.moh.gov.sg,none
heb.gov.sg,gov.sg,Could not resolve host: heb.gov.sg,none
helm.hpb.gov.sg,gov.sg,Could not resolve host: helm.hpb.gov.sg,none
helpdesk.cpf.gov.sg,gov.sg,Could not resolve host: helpdesk.cpf.gov.sg,none
helpdesk.vital.gov.sg,gov.sg,Connection timed out after 3002 milliseconds,none
hesweb.singstat.gov.sg,gov.sg,Could not resolve host: hesweb.singstat.gov.sg,none
hic.hpb.gov.sg,gov.sg,Could not resolve host: hic.hpb.gov.sg,none
hitscms.dc.gov.sg,gov.sg,Could not resolve host: hitscms.dc.gov.sg,none
hitscms.internet.gov.sg,gov.sg,Could not resolve host: hitscms.internet.gov.sg,none
hitssgms.internet.gov.sg,gov.sg,Could not resolve host: hitssgms.internet.gov.sg,none
hlb.gov.sg,gov.sg,301,none
hometeamvolunteer.gov.sg,gov.sg,Could not resolve host: hometeamvolunteer.gov.sg,none
hometeamvolunteers.gov.sg,gov.sg,Could not resolve host: hometeamvolunteers.gov.sg,none
horus1.starnet.gov.sg,gov.sg,Could not resolve host: horus1.starnet.gov.sg,none
horus2.starnet.gov.sg,gov.sg,Could not resolve host: horus2.starnet.gov.sg,none
horus3.starnet.gov.sg,gov.sg,Could not resolve host: horus3.starnet.gov.sg,none
horus4.starnet.gov.sg,gov.sg,Could not resolve host: horus4.starnet.gov.sg,none
housing.cpf.gov.sg,gov.sg,Could not resolve host: housing.cpf.gov.sg,none
hpass.moh.gov.sg,gov.sg,301,none
hpb.gov.sg,gov.sg,301,none
hqapcs05.mica.gov.sg,gov.sg,Could not resolve host: hqapcs05.mica.gov.sg,none
hqos.moh.gov.sg,gov.sg,Could not resolve host: hqos.moh.gov.sg,none
hrms.gov.sg,gov.sg,Could not resolve host: hrms.gov.sg,none
hrplus.mccs.ccs.gov.sg,gov.sg,Could not resolve host: hrplus.mccs.ccs.gov.sg,none
hrplusuat.mccs.ccs.gov.sg,gov.sg,Could not resolve host: hrplusuat.mccs.ccs.gov.sg,none
hta.gov.sg,gov.sg,301,none
htv.gov.sg,gov.sg,Could not resolve host: htv.gov.sg,none
htvolunteers.gov.sg,gov.sg,Could not resolve host: htvolunteers.gov.sg,none
iam.spring.gov.sg,gov.sg,Could not resolve host: iam.spring.gov.sg,none
ias-stg.nea.gov.sg,gov.sg,Connection timed out after 3002 milliseconds,none
ias.nea.gov.sg,gov.sg,Connection timed out after 3002 milliseconds,none
ibs.parl.gov.sg,gov.sg,Could not resolve host: ibs.parl.gov.sg,none
ibsuat.parl.gov.sg,gov.sg,Could not resolve host: ibsuat.parl.gov.sg,none
ica.gov.sg,gov.sg,301,none
icms.gov.sg,gov.sg,Could not resolve host: icms.gov.sg,none
icms.statecourts.gov.sg,gov.sg,Connection timed out after 3000 milliseconds,none
icms.subcourts.gov.sg,gov.sg,Could not resolve host: icms.subcourts.gov.sg,none
icmsefile.subcourts.gov.sg,gov.sg,Could not resolve host: icmsefile.subcourts.gov.sg,none
iconline.ica.gov.sg,gov.sg,Could not resolve host: iconline.ica.gov.sg,none
ida-rsu.gov.sg,gov.sg,Could not resolve host: ida-rsu.gov.sg,none
ida.gov.sg,gov.sg,Could not resolve host: ida.gov.sg,none
idaicms.gov.sg,gov.sg,Could not resolve host: idaicms.gov.sg,none
ideas.ecitizen.gov.sg,gov.sg,Could not resolve host: ideas.ecitizen.gov.sg,none
ideas.moe.gov.sg,gov.sg,Could not resolve host: ideas.moe.gov.sg,none
iefinancing-prodpry.iesingapore.gov.sg,gov.sg,Could not resolve host: iefinancing-prodpry.iesingapore.gov.sg,none
iefinancing.iesingapore.gov.sg,gov.sg,Could not resolve host: iefinancing.iesingapore.gov.sg,none
ienquiry-stg.ica.gov.sg,gov.sg,Could not resolve host: ienquiry-stg.ica.gov.sg,none
ienquiry.ica.gov.sg,gov.sg,Could not resolve host: ienquiry.ica.gov.sg,none
ieremote.iesingapore.gov.sg,gov.sg,Could not resolve host: ieremote.iesingapore.gov.sg,none
ierrs.seab.gov.sg,gov.sg,Could not resolve host: ierrs.seab.gov.sg,none
iers.seab.gov.sg,gov.sg,Could not resolve host: iers.seab.gov.sg,none
ieshop.iesingapore.gov.sg,gov.sg,Could not resolve host: ieshop.iesingapore.gov.sg,none
iesingapore.gov.sg,gov.sg,Could not resolve host: iesingapore.gov.sg,none
iexpresslite.iesingapore.gov.sg,gov.sg,Could not resolve host: iexpresslite.iesingapore.gov.sg,none
ifaq-stg.gov.sg,gov.sg,Could not resolve host: ifaq-stg.gov.sg,none
ifaq.gov.sg,gov.sg,Could not resolve host: ifaq.gov.sg,none
ifaq.muis.gov.sg,gov.sg,Could not resolve host: ifaq.muis.gov.sg,none
ifast.ava.gov.sg,gov.sg,Could not resolve host: ifast.ava.gov.sg,none
ifoms-stg.mfa.gov.sg,gov.sg,Could not resolve host: ifoms-stg.mfa.gov.sg,none
ifoms.mfa.gov.sg,gov.sg,Could not resolve host: ifoms.mfa.gov.sg,none
ihostmigration.moe.gov.sg,gov.sg,Could not resolve host: ihostmigration.moe.gov.sg,none
ihostservice.moe.gov.sg,gov.sg,Could not resolve host: ihostservice.moe.gov.sg,none
im-itmgmt.gov.sg,gov.sg,Could not resolve host: im-itmgmt.gov.sg,none
imda.gov.sg,gov.sg,301,50 mx3.sgict.gov.sg.; 20 mx2.sgict.gov.sg.; 60 mx4.sgict.gov.sg.; 10 mx1.sgict.gov.sg.
in.tech.gov.sg,gov.sg,Could not resolve host: in.tech.gov.sg,none
incentives-prodpry.iesingapore.gov.sg,gov.sg,Could not resolve host: incentives-prodpry.iesingapore.gov.sg,none
incentives.iesingapore.gov.sg,gov.sg,Could not resolve host: incentives.iesingapore.gov.sg,none
infofusioncentre.gov.sg,gov.sg,Could not resolve host: infofusioncentre.gov.sg,none
infohub.hpb.gov.sg,gov.sg,Could not resolve host: infohub.hpb.gov.sg,none
inlis.gov.sg,gov.sg,Could not resolve host: inlis.gov.sg,none
int.nea.gov.sg,gov.sg,Could not resolve host: int.nea.gov.sg,none
internet-adfs-uat.hpb.gov.sg,gov.sg,Could not resolve host: internet-adfs-uat.hpb.gov.sg,none
internet-cprms-uat.hpb.gov.sg,gov.sg,Could not resolve host: internet-cprms-uat.hpb.gov.sg,none
internet-cprmsauth-uat.hpb.gov.sg,gov.sg,Could not resolve host: internet-cprmsauth-uat.hpb.gov.sg,none
internet-cprmsdisc-uat.hpb.gov.sg,gov.sg,Could not resolve host: internet-cprmsdisc-uat.hpb.gov.sg,none
internet-exchange.gwsx.gov.sg,gov.sg,Could not resolve host: internet-exchange.gwsx.gov.sg,none
internet-stg.comcaredb.gov.sg,gov.sg,Could not resolve host: internet-stg.comcaredb.gov.sg,none
internet-stg.eregister.mfa.gov.sg,gov.sg,Could not resolve host: internet-stg.eregister.mfa.gov.sg,none
internet-stg.gwsx.gov.sg,gov.sg,Could not resolve host: internet-stg.gwsx.gov.sg,none
internet-stg.hometeamvolunteers.gov.sg,gov.sg,Could not resolve host: internet-stg.hometeamvolunteers.gov.sg,none
internet-stg.isams.moe.gov.sg,gov.sg,Could not resolve host: internet-stg.isams.moe.gov.sg,none
internet-stg.mavis.ica.gov.sg,gov.sg,Could not resolve host: internet-stg.mavis.ica.gov.sg,none
internet-stg.ssks.customs.gov.sg,gov.sg,Could not resolve host: internet-stg.ssks.customs.gov.sg,none
internet-stg.syariahcourt.gov.sg,gov.sg,Could not resolve host: internet-stg.syariahcourt.gov.sg,none
internet-stg2.subcourts.gov.sg,gov.sg,Could not resolve host: internet-stg2.subcourts.gov.sg,none
internet1-stg.search.gov.sg,gov.sg,Could not resolve host: internet1-stg.search.gov.sg,none
internetexchange.webservices.gov.sg,gov.sg,Could not resolve host: internetexchange.webservices.gov.sg,none
intra.mci.gov.sg,gov.sg,Could not resolve host: intra.mci.gov.sg,none
intranet-adfs.hpb.gov.sg,gov.sg,Could not resolve host: intranet-adfs.hpb.gov.sg,none
intranet-ahprs.moh.gov.sg,gov.sg,Could not resolve host: intranet-ahprs.moh.gov.sg,none
intranet-apps.hpb.gov.sg,gov.sg,Could not resolve host: intranet-apps.hpb.gov.sg,none
intranet-cprms.hpb.gov.sg,gov.sg,Could not resolve host: intranet-cprms.hpb.gov.sg,none
intranet-e-lite.vital.gov.sg,gov.sg,Could not resolve host: intranet-e-lite.vital.gov.sg,none
intranet-helm.hpb.gov.sg,gov.sg,Could not resolve host: intranet-helm.hpb.gov.sg,none
intranet-hihdp.hpb.gov.sg,gov.sg,Could not resolve host: intranet-hihdp.hpb.gov.sg,none
intranet-hihdw.hpb.gov.sg,gov.sg,Could not resolve host: intranet-hihdw.hpb.gov.sg,none
intranet-hivemobile.stb.gov.sg,gov.sg,Could not resolve host: intranet-hivemobile.stb.gov.sg,none
intranet-licence1.business.gov.sg,gov.sg,Could not resolve host: intranet-licence1.business.gov.sg,none
intranet-mfas.moh.gov.sg,gov.sg,Could not resolve host: intranet-mfas.moh.gov.sg,none
intranet-mits.moh.gov.sg,gov.sg,Could not resolve host: intranet-mits.moh.gov.sg,none
intranet-mohaicportal.moh.gov.sg,gov.sg,Could not resolve host: intranet-mohaicportal.moh.gov.sg,none
intranet-mohiris.moh.gov.sg,gov.sg,Could not resolve host: intranet-mohiris.moh.gov.sg,none
intranet-ngager.moh.gov.sg,gov.sg,Could not resolve host: intranet-ngager.moh.gov.sg,none
intranet-nphurs.moh.gov.sg,gov.sg,Could not resolve host: intranet-nphurs.moh.gov.sg,none
intranet-nrds.hpb.gov.sg,gov.sg,Could not resolve host: intranet-nrds.hpb.gov.sg,none
intranet-prod.ils.nea.gov.sg,gov.sg,Could not resolve host: intranet-prod.ils.nea.gov.sg,none
intranet-ship.hpb.gov.sg,gov.sg,Could not resolve host: intranet-ship.hpb.gov.sg,none
intranet-sni.hpb.gov.sg,gov.sg,Could not resolve host: intranet-sni.hpb.gov.sg,none
intranet-stg.easys.gov.sg,gov.sg,Could not resolve host: intranet-stg.easys.gov.sg,none
intranet-stg.ils.nea.gov.sg,gov.sg,Could not resolve host: intranet-stg.ils.nea.gov.sg,none
intranet.click.hpb.gov.sg,gov.sg,Could not resolve host: intranet.click.hpb.gov.sg,none
intranet.cwc.gov.sg,gov.sg,Could not resolve host: intranet.cwc.gov.sg,none
intranet.easys.gov.sg,gov.sg,Could not resolve host: intranet.easys.gov.sg,none
intranet.gebiz.gov.sg,gov.sg,Could not resolve host: intranet.gebiz.gov.sg,none
intranet.iss.hpb.gov.sg,gov.sg,Could not resolve host: intranet.iss.hpb.gov.sg,none
intranet.nea.gov.sg,gov.sg,Could not resolve host: intranet.nea.gov.sg,none
intranet.singpass.gov.sg,gov.sg,Could not resolve host: intranet.singpass.gov.sg,none
intranet.skillsconnect.gov.sg,gov.sg,Could not resolve host: intranet.skillsconnect.gov.sg,none
intranet.vital.gov.sg,gov.sg,Could not resolve host: intranet.vital.gov.sg,none
iosh.mom.gov.sg,gov.sg,Could not resolve host: iosh.mom.gov.sg,none
ip2sg.ipos.gov.sg,gov.sg,Could not resolve host: ip2sg.ipos.gov.sg,none
ipass.ica.gov.sg,gov.sg,Could not resolve host: ipass.ica.gov.sg,none
ipos.gov.sg,gov.sg,301,10 mx1.sgict.gov.sg.; 50 mx3.sgict.gov.sg.; 60 mx4.sgict.gov.sg.; 20 mx2.sgict.gov.sg.
ipto.gov.sg,gov.sg,Could not resolve host: ipto.gov.sg,none
iptoonline.gov.sg,gov.sg,Could not resolve host: iptoonline.gov.sg,none
iras.gov.sg,gov.sg,301,none
irc.dsta.gov.sg,gov.sg,Could not resolve host: irc.dsta.gov.sg,none
isams.moe.gov.sg,gov.sg,Could not resolve host: isams.moe.gov.sg,none
isprint.gov.sg,gov.sg,Could not resolve host: isprint.gov.sg,none
iss.hpb.gov.sg,gov.sg,Could not resolve host: iss.hpb.gov.sg,none
jobsbank.gov.sg,gov.sg,Could not resolve host: jobsbank.gov.sg,none
jtcapps.jtc.gov.sg,gov.sg,403,none
jtcavt.jtc.gov.sg,gov.sg,Could not resolve host: jtcavt.jtc.gov.sg,none
kenny.ipos.gov.sg,gov.sg,Could not resolve host: kenny.ipos.gov.sg,none
khnum1.starnet.gov.sg,gov.sg,Could not resolve host: khnum1.starnet.gov.sg,none
khnum3.starnet.gov.sg,gov.sg,Could not resolve host: khnum3.starnet.gov.sg,none
khnum5.starnet.gov.sg,gov.sg,Could not resolve host: khnum5.starnet.gov.sg,none
krypton.jtc.gov.sg,gov.sg,Could not resolve host: krypton.jtc.gov.sg,none
krypton2.jtc.gov.sg,gov.sg,Could not resolve host: krypton2.jtc.gov.sg,none
lab.gov.sg,gov.sg,301,none
landapplications.gov.sg,gov.sg,Could not resolve host: landapplications.gov.sg,none
ldap.defence.gov.sg,gov.sg,Could not resolve host: ldap.defence.gov.sg,none
ldau.gov.sg,gov.sg,Could not resolve host: ldau.gov.sg,none
learning-uat.stb.gov.sg,gov.sg,Could not resolve host: learning-uat.stb.gov.sg,none
lex.cscollege.gov.sg,gov.sg,Could not resolve host: lex.cscollege.gov.sg,none
lexuat.cscollege.gov.sg,gov.sg,Could not resolve host: lexuat.cscollege.gov.sg,none
libproxy.nlb.gov.sg,gov.sg,Could not resolve host: libproxy.nlb.gov.sg,none
licence1.business.gov.sg,gov.sg,302,none
licences.business.gov.sg,gov.sg,Could not resolve host: licences.business.gov.sg,none
live-author.edb.gov.sg,gov.sg,Could not resolve host: live-author.edb.gov.sg,none
lms.cscollege.gov.sg,gov.sg,Connection timed out after 3002 milliseconds,none
lms.openacademy.mindef.gov.sg,gov.sg,Could not resolve host: lms.openacademy.mindef.gov.sg,none
loms.mfa.gov.sg,gov.sg,SSL certificate problem: unable to get local issuer certificate,none
lta.gov.sg,gov.sg,Could not resolve host: lta.gov.sg,20 mx1.sgict.gov.sg.; 60 mx3.sgict.gov.sg.; 50 mx4.sgict.gov.sg.; 10 mx2.sgict.gov.sg.
ltalink.vrl-elink.lta.gov.sg,gov.sg,Could not resolve host: ltalink.vrl-elink.lta.gov.sg,none
ltalink.vrl.lta.gov.sg,gov.sg,Could not resolve host: ltalink.vrl.lta.gov.sg,none
ltpass-stg.ica.gov.sg,gov.sg,Could not resolve host: ltpass-stg.ica.gov.sg,none
ltpass.ica.gov.sg,gov.sg,Could not resolve host: ltpass.ica.gov.sg,none
ltw.hpb.gov.sg,gov.sg,Could not resolve host: ltw.hpb.gov.sg,none
lyncdiscover.nsc.gov.sg,gov.sg,Could not resolve host: lyncdiscover.nsc.gov.sg,none
m-connect.hpb.gov.sg,gov.sg,Could not resolve host: m-connect.hpb.gov.sg,none
m-infohub.hpb.gov.sg,gov.sg,Could not resolve host: m-infohub.hpb.gov.sg,none
m-uat.customs.gov.sg,gov.sg,403,none
m.customs.gov.sg,gov.sg,503,none
m.opg.gov.sg,gov.sg,Could not resolve host: m.opg.gov.sg,none
m.rom.gov.sg,gov.sg,Could not resolve host: m.rom.gov.sg,none
m.romm.gov.sg,gov.sg,Could not resolve host: m.romm.gov.sg,none
m.services.mom.gov.sg,gov.sg,Could not resolve host: m.services.mom.gov.sg,none
macs.defence.gov.sg,gov.sg,Could not resolve host: macs.defence.gov.sg,none
mads.defence.gov.sg,gov.sg,Could not resolve host: mads.defence.gov.sg,none
mail.csit.gov.sg,gov.sg,Could not resolve host: mail.csit.gov.sg,none
mail.defence.gov.sg,gov.sg,Connection timed out after 3001 milliseconds,none
mail.ncss.gov.sg,gov.sg,Could not resolve host: mail.ncss.gov.sg,none
mail.starnet.gov.sg,gov.sg,Could not resolve host: mail.starnet.gov.sg,none
mail1.schools.gov.sg,gov.sg,Could not resolve host: mail1.schools.gov.sg,none
mail2.schools.gov.sg,gov.sg,Could not resolve host: mail2.schools.gov.sg,none
marinet.mpa.gov.sg,gov.sg,302,none
masnet.mas.gov.sg,gov.sg,302,none
masnetgw.mas.gov.sg,gov.sg,Could not resolve host: masnetgw.mas.gov.sg,none
masnetgw1.mas.gov.sg,gov.sg,Could not resolve host: masnetgw1.mas.gov.sg,none
masnetsvc.mas.gov.sg,gov.sg,Could not resolve host: masnetsvc.mas.gov.sg,none
masnetsvc2.mas.gov.sg,gov.sg,Could not resolve host: masnetsvc2.mas.gov.sg,none
mavis.ica.gov.sg,gov.sg,TLS connect error: error:0A000438:SSL routines::tlsv1 alert internal error,none
mbs.gov.sg,gov.sg,Could not resolve host: mbs.gov.sg,none
mccy.gov.sg,gov.sg,Could not resolve host: mccy.gov.sg,none
mci.gov.sg,gov.sg,301,10 mx1.sgict.gov.sg.; 60 mx4.sgict.gov.sg.; 20 mx2.sgict.gov.sg.; 50 mx3.sgict.gov.sg.
mcys-volunteers.gov.sg,gov.sg,Could not resolve host: mcys-volunteers.gov.sg,none
mcyspwap04.mcdsnet.gov.sg,gov.sg,Could not resolve host: mcyspwap04.mcdsnet.gov.sg,none
mcyspwwb01.mcdsnet.gov.sg,gov.sg,Could not resolve host: mcyspwwb01.mcdsnet.gov.sg,none
mcyspwwb02.mcdsnet.gov.sg,gov.sg,Could not resolve host: mcyspwwb02.mcdsnet.gov.sg,none
mcyspwwb03.mcdsnet.gov.sg,gov.sg,Could not resolve host: mcyspwwb03.mcdsnet.gov.sg,none
mcyssadb01.mcdsnet.gov.sg,gov.sg,Could not resolve host: mcyssadb01.mcdsnet.gov.sg,none
mda.extranet-dev.mda.gov.sg,gov.sg,Could not resolve host: mda.extranet-dev.mda.gov.sg,none
mda.gov.sg,gov.sg,Could not resolve host: mda.gov.sg,none
mdalicensing.mda.gov.sg,gov.sg,Could not resolve host: mdalicensing.mda.gov.sg,none
mdaonline.mda.gov.sg,gov.sg,Could not resolve host: mdaonline.mda.gov.sg,none
mediclaim.moh.gov.sg,gov.sg,Could not resolve host: mediclaim.moh.gov.sg,none
meet.nsc.gov.sg,gov.sg,Could not resolve host: meet.nsc.gov.sg,none
mes.mda.gov.sg,gov.sg,Could not resolve host: mes.mda.gov.sg,none
mewr.gov.sg,gov.sg,Could not resolve host: mewr.gov.sg,none
mfa.gov.sg,gov.sg,301,none
mfas.moh.gov.sg,gov.sg,Could not resolve host: mfas.moh.gov.sg,none
mgov.gov.sg,gov.sg,Could not resolve host: mgov.gov.sg,none
mha.gov.sg,gov.sg,301,none
minlaw.gov.sg,gov.sg,Could not resolve host: minlaw.gov.sg,none
mlaw.gov.sg,gov.sg,301,none
mmavpn01p.gomax.gov.sg,gov.sg,Could not resolve host: mmavpn01p.gomax.gov.sg,none
mmavpn01s.gomax.gov.sg,gov.sg,Could not resolve host: mmavpn01s.gomax.gov.sg,none
mmavpn02s.gomax.gov.sg,gov.sg,Could not resolve host: mmavpn02s.gomax.gov.sg,none
mnd.gov.sg,gov.sg,301,none
mobile.am4u.gov.sg,gov.sg,Could not resolve host: mobile.am4u.gov.sg,none
mobileapp.police.gov.sg,gov.sg,Could not resolve host: mobileapp.police.gov.sg,none
mobilegw.iesingapore.gov.sg,gov.sg,Could not resolve host: mobilegw.iesingapore.gov.sg,none
moe.gov.sg,gov.sg,Could not resolve host: moe.gov.sg,none
mofappboe.ibudget.mof.gov.sg,gov.sg,Could not resolve host: mofappboe.ibudget.mof.gov.sg,none
mofappbpc.ibudget.mof.gov.sg,gov.sg,Could not resolve host: mofappbpc.ibudget.mof.gov.sg,none
mofi-app1.mof.gov.sg,gov.sg,Could not resolve host: mofi-app1.mof.gov.sg,none
mofi-app2.mof.gov.sg,gov.sg,Could not resolve host: mofi-app2.mof.gov.sg,none
mofi.mof.gov.sg,gov.sg,Could not resolve host: mofi.mof.gov.sg,none
moh-rh.moh.gov.sg,gov.sg,Could not resolve host: moh-rh.moh.gov.sg,none
moh-stg.moh.gov.sg,gov.sg,Could not resolve host: moh-stg.moh.gov.sg,none
mohaicportal.moh.gov.sg,gov.sg,Could not resolve host: mohaicportal.moh.gov.sg,none
mohalert.moh.gov.sg,gov.sg,Could not resolve host: mohalert.moh.gov.sg,none
mohcts.moh.gov.sg,gov.sg,Could not resolve host: mohcts.moh.gov.sg,none
moholq.moh.gov.sg,gov.sg,Could not resolve host: moholq.moh.gov.sg,none
mom.gov.sg,gov.sg,Could not resolve host: mom.gov.sg,none
momwcms-uat.intranet.mom.gov.sg,gov.sg,Could not resolve host: momwcms-uat.intranet.mom.gov.sg,none
mot.gov.sg,gov.sg,301,none
mpal.cpf.gov.sg,gov.sg,Could not resolve host: mpal.cpf.gov.sg,none
mpawin17.mpa.gov.sg,gov.sg,Could not resolve host: mpawin17.mpa.gov.sg,none
mpawin91.mpa.gov.sg,gov.sg,Could not resolve host: mpawin91.mpa.gov.sg,none
mpportal.parl.gov.sg,gov.sg,302,none
mservices.moh.gov.sg,gov.sg,Could not resolve host: mservices.moh.gov.sg,none
msf.gov.sg,gov.sg,301,60 mx3.sgict.gov.sg.; 20 mx1.sgict.gov.sg.; 50 mx4.sgict.gov.sg.; 10 mx2.sgict.gov.sg.
msfessoapv01.mcdsnet.gov.sg,gov.sg,Could not resolve host: msfessoapv01.mcdsnet.gov.sg,none
msol.mom.gov.sg,gov.sg,Could not resolve host: msol.mom.gov.sg,none
msp.rsn.gov.sg,gov.sg,Could not resolve host: msp.rsn.gov.sg,none
msvcancerscreen.hpb.gov.sg,gov.sg,200,none
mti.gov.sg,gov.sg,Could not resolve host: mti.gov.sg,none
muis.gov.sg,gov.sg,301,20 mx1.sgict.gov.sg.; 60 mx3.sgict.gov.sg.; 50 mx4.sgict.gov.sg.; 10 mx2.sgict.gov.sg.
mx.defence.gov.sg,gov.sg,Connection timed out after 3001 milliseconds,none
mx.dsta.gov.sg,gov.sg,Could not resolve host: mx.dsta.gov.sg,none
mx.starnet.gov.sg,gov.sg,Could not resolve host: mx.starnet.gov.sg,none
my.cube.gov.sg,gov.sg,Could not resolve host: my.cube.gov.sg,none
myadmin.cube.gov.sg,gov.sg,Could not resolve host: myadmin.cube.gov.sg,none
myforum.moe.gov.sg,gov.sg,Connection timed out after 3002 milliseconds,none
mygreenspace.nparks.gov.sg,gov.sg,Could not resolve host: mygreenspace.nparks.gov.sg,none
myhome.jtc.gov.sg,gov.sg,Could not resolve host: myhome.jtc.gov.sg,none
myoasis.defence.gov.sg,gov.sg,Failed to connect to myoasis.defence.gov.sg port 443 after 174 ms: Could not connect to server,none
myparljourney.parl.gov.sg,gov.sg,Could not resolve host: myparljourney.parl.gov.sg,none
myparljourneyuat.parl.gov.sg,gov.sg,Could not resolve host: myparljourneyuat.parl.gov.sg,none
mypartners.ida.gov.sg,gov.sg,Could not resolve host: mypartners.ida.gov.sg,none
mysite.intra2.wda.gov.sg,gov.sg,Could not resolve host: mysite.intra2.wda.gov.sg,none
mytax.iras.gov.sg,gov.sg,302,none
mytaxmail.iras.gov.sg,gov.sg,Could not resolve host: mytaxmail.iras.gov.sg,none
nac.gov.sg,gov.sg,301,10 mx2.sgict.gov.sg.; 50 mx4.sgict.gov.sg.; 60 mx3.sgict.gov.sg.; 20 mx1.sgict.gov.sg.
nas.gov.sg,gov.sg,301,none
nccs.gov.sg,gov.sg,301,none
ncdcc.gov.sg,gov.sg,Could not resolve host: ncdcc.gov.sg,none
ncpc.gov.sg,gov.sg,Could not resolve host: ncpc.gov.sg,none
ncss.gov.sg,gov.sg,301,none
nea.gov.sg,gov.sg,301,none
nehr.hpb.gov.sg,gov.sg,Could not resolve host: nehr.hpb.gov.sg,none
neupc.ida.gov.sg,gov.sg,Could not resolve host: neupc.ida.gov.sg,none
newmsol.mom.gov.sg,gov.sg,Could not resolve host: newmsol.mom.gov.sg,none
news.gov.sg,gov.sg,Could not resolve host: news.gov.sg,none
nfs.gov.sg,gov.sg,Could not resolve host: nfs.gov.sg,none
ngager.moh.gov.sg,gov.sg,Could not resolve host: ngager.moh.gov.sg,none
ngg.gebiz.gov.sg,gov.sg,Could not resolve host: ngg.gebiz.gov.sg,none
ngg.qa.gebiz.gov.sg,gov.sg,Could not resolve host: ngg.qa.gebiz.gov.sg,none
ngg.trg.gebiz.gov.sg,gov.sg,Could not resolve host: ngg.trg.gebiz.gov.sg,none
nir.hpb.gov.sg,gov.sg,Could not resolve host: nir.hpb.gov.sg,none
nlb.gov.sg,gov.sg,301,none
nlbmail.nlb.gov.sg,gov.sg,Could not resolve host: nlbmail.nlb.gov.sg,none
nocucsevp01.nlb.gov.sg,gov.sg,Could not resolve host: nocucsevp01.nlb.gov.sg,none
nocucsevp02.nlb.gov.sg,gov.sg,Could not resolve host: nocucsevp02.nlb.gov.sg,none
notesapp.internet.gov.sg,gov.sg,Could not resolve host: notesapp.internet.gov.sg,none
npcc.gov.sg,gov.sg,Could not resolve host: npcc.gov.sg,none
nra.mfa.gov.sg,gov.sg,Could not resolve host: nra.mfa.gov.sg,none
nrds.hpb.gov.sg,gov.sg,200,none
nrf.gov.sg,gov.sg,301,none
nsa.sportsingapore.gov.sg,gov.sg,Could not resolve host: nsa.sportsingapore.gov.sg,none
nsa.ssc.gov.sg,gov.sg,Could not resolve host: nsa.ssc.gov.sg,none
nscs.gov.sg,gov.sg,301,none
nyc.gov.sg,gov.sg,Could not resolve host: nyc.gov.sg,none
nyc.pa.gov.sg,gov.sg,Could not resolve host: nyc.pa.gov.sg,none
oa.cscollege.gov.sg,gov.sg,Could not resolve host: oa.cscollege.gov.sg,none
oasis.nea.gov.sg,gov.sg,Could not resolve host: oasis.nea.gov.sg,none
oasisd.nea.gov.sg,gov.sg,Could not resolve host: oasisd.nea.gov.sg,none
obs.nyc.gov.sg,gov.sg,403,none
ocas.mom.gov.sg,gov.sg,Connection timed out after 3001 milliseconds,none
ocoe.lta.gov.sg,gov.sg,301,none
odin.gov.sg,gov.sg,Could not resolve host: odin.gov.sg,none
omf.moh.gov.sg,gov.sg,Could not resolve host: omf.moh.gov.sg,none
one.ecda.gov.sg,gov.sg,302,none
one.pa.gov.sg,gov.sg,Could not resolve host: one.pa.gov.sg,none
oneinbox.gov.sg,gov.sg,Could not resolve host: oneinbox.gov.sg,none
oneservice.gov.sg,gov.sg,301,none
online.oneservice.gov.sg,gov.sg,Could not resolve host: online.oneservice.gov.sg,none
online.sgjourney.gov.sg,gov.sg,Could not resolve host: online.sgjourney.gov.sg,none
online.staging-oneservice.gov.sg,gov.sg,Could not resolve host: online.staging-oneservice.gov.sg,none
opa.hpb.gov.sg,gov.sg,Could not resolve host: opa.hpb.gov.sg,none
opac.hpb.gov.sg,gov.sg,Could not resolve host: opac.hpb.gov.sg,none
opad.ica.gov.sg,gov.sg,Could not resolve host: opad.ica.gov.sg,none
opas.jtc.gov.sg,gov.sg,Could not resolve host: opas.jtc.gov.sg,none
opencall.nac.gov.sg,gov.sg,Could not resolve host: opencall.nac.gov.sg,none
opera.mas.gov.sg,gov.sg,Could not resolve host: opera.mas.gov.sg,none
operator.ica.gov.sg,gov.sg,Could not resolve host: operator.ica.gov.sg,none
orc.gov.sg,gov.sg,Could not resolve host: orc.gov.sg,none
oscar.hsa.gov.sg,gov.sg,463,none
oscars.ica.gov.sg,gov.sg,Could not resolve host: oscars.ica.gov.sg,none
oss.ema.gov.sg,gov.sg,200,none
owa.intra2.wda.gov.sg,gov.sg,Could not resolve host: owa.intra2.wda.gov.sg,none
owa.ncss.gov.sg,gov.sg,Could not resolve host: owa.ncss.gov.sg,none
owa.sce.gov.sg,gov.sg,Could not resolve host: owa.sce.gov.sg,none
owa.sgmfa.gov.sg,gov.sg,Could not resolve host: owa.sgmfa.gov.sg,none
owaes-stg.police.gov.sg,gov.sg,Could not resolve host: owaes-stg.police.gov.sg,none
owaes.police.gov.sg,gov.sg,Could not resolve host: owaes.police.gov.sg,none
p1-is.moe.gov.sg,gov.sg,Could not resolve host: p1-is.moe.gov.sg,none
pa-online.pa.gov.sg,gov.sg,Could not resolve host: pa-online.pa.gov.sg,none
pa.gov.sg,gov.sg,301,60 mx3.sgict.gov.sg.; 10 mx2.sgict.gov.sg.; 20 mx1.sgict.gov.sg.; 50 mx4.sgict.gov.sg.
paat.hpb.gov.sg,gov.sg,Could not resolve host: paat.hpb.gov.sg,none
pac.gov.sg,gov.sg,Could not resolve host: pac.gov.sg,none
pacgov.agd.gov.sg,gov.sg,Could not resolve host: pacgov.agd.gov.sg,none
pals.ava.gov.sg,gov.sg,Could not resolve host: pals.ava.gov.sg,none
parl.gov.sg,gov.sg,Could not resolve host: parl.gov.sg,none
parliament.gov.sg,gov.sg,Could not resolve host: parliament.gov.sg,none
partner-services.msf.gov.sg,gov.sg,Could not resolve host: partner-services.msf.gov.sg,none
pas.wda.gov.sg,gov.sg,Connection timed out after 3002 milliseconds,none
payments-stage.wda.gov.sg,gov.sg,Could not resolve host: payments-stage.wda.gov.sg,none
payments-test.wda.gov.sg,gov.sg,Could not resolve host: payments-test.wda.gov.sg,none
payments-training.wda.gov.sg,gov.sg,Could not resolve host: payments-training.wda.gov.sg,none
payments-uat.ssg-wsg.gov.sg,gov.sg,Could not resolve host: payments-uat.ssg-wsg.gov.sg,none
payments.wda.gov.sg,gov.sg,Could not resolve host: payments.wda.gov.sg,none
pc1.hrms.gov.sg,gov.sg,Could not resolve host: pc1.hrms.gov.sg,none
pc2.hrms.gov.sg,gov.sg,Could not resolve host: pc2.hrms.gov.sg,none
pccs.hpb.gov.sg,gov.sg,Could not resolve host: pccs.hpb.gov.sg,none
pdpc.gov.sg,gov.sg,301,none
peb.gov.sg,gov.sg,403,10 mx2.sgict.gov.sg.; 60 mx3.sgict.gov.sg.; 50 mx4.sgict.gov.sg.; 20 mx1.sgict.gov.sg.
pecc03.crest.gov.sg,gov.sg,Could not resolve host: pecc03.crest.gov.sg,none
pen.sgmfa.gov.sg,gov.sg,Could not resolve host: pen.sgmfa.gov.sg,none
pepl01.crest.gov.sg,gov.sg,Could not resolve host: pepl01.crest.gov.sg,none
pepl02.crest.gov.sg,gov.sg,Could not resolve host: pepl02.crest.gov.sg,none
perf.wda.gov.sg,gov.sg,Connection timed out after 3002 milliseconds,none
pes.wda.gov.sg,gov.sg,Could not resolve host: pes.wda.gov.sg,none
pftp.cpf.gov.sg,gov.sg,Could not resolve host: pftp.cpf.gov.sg,none
pgp.apadmin.gov.sg,gov.sg,Could not resolve host: pgp.apadmin.gov.sg,none
pgp.uat-ap.gov.sg,gov.sg,Could not resolve host: pgp.uat-ap.gov.sg,none
pgp.uat-apadmin.gov.sg,gov.sg,Could not resolve host: pgp.uat-apadmin.gov.sg,none
pips2.parl.gov.sg,gov.sg,Could not resolve host: pips2.parl.gov.sg,none
plus-stg.police.gov.sg,gov.sg,Could not resolve host: plus-stg.police.gov.sg,none
plus.police.gov.sg,gov.sg,Could not resolve host: plus.police.gov.sg,none
poa.nac.gov.sg,gov.sg,Could not resolve host: poa.nac.gov.sg,none
poenquiry.eld.gov.sg,gov.sg,Could not resolve host: poenquiry.eld.gov.sg,none
police.gov.sg,gov.sg,Could not resolve host: police.gov.sg,none
portal-sit.ssg-wsg.gov.sg,gov.sg,Could not resolve host: portal-sit.ssg-wsg.gov.sg,none
portal-stage.wda.gov.sg,gov.sg,Could not resolve host: portal-stage.wda.gov.sg,none
portal-test.wda.gov.sg,gov.sg,Could not resolve host: portal-test.wda.gov.sg,none
portal-training.wda.gov.sg,gov.sg,Could not resolve host: portal-training.wda.gov.sg,none
portal-uat.ssg-wsg.gov.sg,gov.sg,Could not resolve host: portal-uat.ssg-wsg.gov.sg,none
portal.ace.gov.sg,gov.sg,Could not resolve host: portal.ace.gov.sg,none
portal.ces.gov.sg,gov.sg,Could not resolve host: portal.ces.gov.sg,none
portal.defence.gov.sg,gov.sg,Could not resolve host: portal.defence.gov.sg,none
portal.dnc.gov.sg,gov.sg,Connection timed out after 3002 milliseconds,none
portal.ssg-wsg.gov.sg,gov.sg,Could not resolve host: portal.ssg-wsg.gov.sg,none
portal.wda.gov.sg,gov.sg,Could not resolve host: portal.wda.gov.sg,none
praise.gov.sg,gov.sg,Could not resolve host: praise.gov.sg,none
preschool-stg.moe.gov.sg,gov.sg,Could not resolve host: preschool-stg.moe.gov.sg,none
preschool.gov.sg,gov.sg,Could not resolve host: preschool.gov.sg,none
prisons.gov.sg,gov.sg,TLS connect error: error:0A000438:SSL routines::tlsv1 alert internal error,none
prod-internet.authgateway.gov.sg,gov.sg,Could not resolve host: prod-internet.authgateway.gov.sg,none
profamilyleave.gov.sg,gov.sg,Could not resolve host: profamilyleave.gov.sg,none
prompt-uat.lta.gov.sg,gov.sg,502,none
prompt.lta.gov.sg,gov.sg,302,none
prs.dsta.gov.sg,gov.sg,Could not resolve host: prs.dsta.gov.sg,none
prs.moh.gov.sg,gov.sg,Could not resolve host: prs.moh.gov.sg,none
psc-cms.gov.sg,gov.sg,Could not resolve host: psc-cms.gov.sg,none
pscgateway.gov.sg,gov.sg,301,none
psi.gov.sg,gov.sg,Could not resolve host: psi.gov.sg,none
psnc-is.moe.gov.sg,gov.sg,403,none
psnc.moe.gov.sg,gov.sg,Could not resolve host: psnc.moe.gov.sg,none
ptc.gov.sg,gov.sg,301,none
ptms.moh.gov.sg,gov.sg,301,none
pub.gov.sg,gov.sg,Could not resolve host: pub.gov.sg,50 mx4.sgict.gov.sg.; 60 mx3.sgict.gov.sg.; 20 mx1.sgict.gov.sg.; 10 mx2.sgict.gov.sg.
pub.wemp.gov.sg,gov.sg,Could not resolve host: pub.wemp.gov.sg,none
publicguardian.gov.sg,gov.sg,Connection timed out after 3002 milliseconds,none
pwdp01.crest.gov.sg,gov.sg,Could not resolve host: pwdp01.crest.gov.sg,none
qa-internet.authgateway.gov.sg,gov.sg,Could not resolve host: qa-internet.authgateway.gov.sg,none
qa-internet.singpass.gov.sg,gov.sg,Could not resolve host: qa-internet.singpass.gov.sg,none
qa-intranet.singpass.gov.sg,gov.sg,Could not resolve host: qa-intranet.singpass.gov.sg,none
qa.intranet.psi.gov.sg,gov.sg,Could not resolve host: qa.intranet.psi.gov.sg,none
qasemic2.jtc.gov.sg,gov.sg,Could not resolve host: qasemic2.jtc.gov.sg,none
qms.ava.gov.sg,gov.sg,Could not resolve host: qms.ava.gov.sg,none
rahs.gov.sg,gov.sg,Could not resolve host: rahs.gov.sg,none
rahsx.gov.sg,gov.sg,Could not resolve host: rahsx.gov.sg,none
rapportal.jtc.gov.sg,gov.sg,Could not resolve host: rapportal.jtc.gov.sg,none
reach.gov.sg,gov.sg,Could not resolve host: reach.gov.sg,60 mx4.sgict.gov.sg.; 20 mx2.sgict.gov.sg.; 10 mx1.sgict.gov.sg.; 50 mx3.sgict.gov.sg.
recruit.ace.gov.sg,gov.sg,Could not resolve host: recruit.ace.gov.sg,none
recruitment.mfa.gov.sg,gov.sg,Could not resolve host: recruitment.mfa.gov.sg,none
reg.intranet.nea.gov.sg,gov.sg,Could not resolve host: reg.intranet.nea.gov.sg,none
reguat.intranet.nea.gov.sg,gov.sg,Could not resolve host: reguat.intranet.nea.gov.sg,none
remas.soeasy.gov.sg,gov.sg,Could not resolve host: remas.soeasy.gov.sg,none
remix.rsn.gov.sg,gov.sg,Could not resolve host: remix.rsn.gov.sg,none
report.apadmin.gov.sg,gov.sg,Could not resolve host: report.apadmin.gov.sg,none
report.uat-apadmin.gov.sg,gov.sg,Could not resolve host: report.uat-apadmin.gov.sg,none
rice-prodpry.iesingapore.gov.sg,gov.sg,Could not resolve host: rice-prodpry.iesingapore.gov.sg,none
rice.iesingapore.gov.sg,gov.sg,Could not resolve host: rice.iesingapore.gov.sg,none
rita.nrf.gov.sg,gov.sg,Could not resolve host: rita.nrf.gov.sg,none
rlo.mindef.gov.sg,gov.sg,Could not resolve host: rlo.mindef.gov.sg,none
rom.gov.sg,gov.sg,Could not resolve host: rom.gov.sg,none
romm.gov.sg,gov.sg,Could not resolve host: romm.gov.sg,none
roms-prodpry.iesingapore.gov.sg,gov.sg,Could not resolve host: roms-prodpry.iesingapore.gov.sg,none
roms.iesingapore.gov.sg,gov.sg,Could not resolve host: roms.iesingapore.gov.sg,none
ror.bgp.gov.sg,gov.sg,Could not resolve host: ror.bgp.gov.sg,none
ror.sit-bgp.gov.sg,gov.sg,Could not resolve host: ror.sit-bgp.gov.sg,none
ror.uat-bgp.gov.sg,gov.sg,Could not resolve host: ror.uat-bgp.gov.sg,none
ros.gov.sg,gov.sg,Could not resolve host: ros.gov.sg,none
rover.jtc.gov.sg,gov.sg,Could not resolve host: rover.jtc.gov.sg,none
rplms-stg.nea.gov.sg,gov.sg,Connection timed out after 3002 milliseconds,none
rplms.nea.gov.sg,gov.sg,Could not resolve host: rplms.nea.gov.sg,none
rpz.inlis.gov.sg,gov.sg,Could not resolve host: rpz.inlis.gov.sg,none
rsmsp11.moe.gov.sg,gov.sg,Could not resolve host: rsmsp11.moe.gov.sg,none
rsmsp12.moe.gov.sg,gov.sg,Could not resolve host: rsmsp12.moe.gov.sg,none
saa.caas.gov.sg,gov.sg,200,none
saml.encrypt.businessgrants.gov.sg,gov.sg,Could not resolve host: saml.encrypt.businessgrants.gov.sg,none
saml.encrypt.ror.sit-bgp.gov.sg,gov.sg,Could not resolve host: saml.encrypt.ror.sit-bgp.gov.sg,none
saml.encrypt.ror.uat-bgp.gov.sg,gov.sg,Could not resolve host: saml.encrypt.ror.uat-bgp.gov.sg,none
saml.sign.businessgrants.gov.sg,gov.sg,Could not resolve host: saml.sign.businessgrants.gov.sg,none
saml.sign.ror.sit-bgp.gov.sg,gov.sg,Could not resolve host: saml.sign.ror.sit-bgp.gov.sg,none
saml.sign.ror.uat-bgp.gov.sg,gov.sg,Could not resolve host: saml.sign.ror.uat-bgp.gov.sg,none
saml.stgort.iras.gov.sg,gov.sg,Could not resolve host: saml.stgort.iras.gov.sg,none
save-stg.ica.gov.sg,gov.sg,Could not resolve host: save-stg.ica.gov.sg,none
save.ica.gov.sg,gov.sg,Could not resolve host: save.ica.gov.sg,none
sc-training.moe.gov.sg,gov.sg,Could not resolve host: sc-training.moe.gov.sg,none
sc.nparks.gov.sg,gov.sg,Could not resolve host: sc.nparks.gov.sg,none
scdf.gov.sg,gov.sg,Could not resolve host: scdf.gov.sg,none
scform.nparks.gov.sg,gov.sg,Could not resolve host: scform.nparks.gov.sg,none
sch.hpb.gov.sg,gov.sg,Could not resolve host: sch.hpb.gov.sg,none
schadmsvc.moe.gov.sg,gov.sg,200,none
scholarsarena.dsta.gov.sg,gov.sg,Could not resolve host: scholarsarena.dsta.gov.sg,none
schools.gov.sg,gov.sg,Could not resolve host: schools.gov.sg,10 mailaz2b.schools.gov.sg.; 10 mailaz2a.schools.gov.sg.; 10 mailaz1b.schools.gov.sg.; 10 mailaz1a.schools.gov.sg.
score.gov.sg,gov.sg,Could not resolve host: score.gov.sg,none
scp.gov.sg,gov.sg,202,none
sct.statecourts.gov.sg,gov.sg,Could not resolve host: sct.statecourts.gov.sg,none
sct.subcourts.gov.sg,gov.sg,Could not resolve host: sct.subcourts.gov.sg,none
sdl.ssg.gov.sg,gov.sg,Could not resolve host: sdl.ssg.gov.sg,none
sdl.wda.gov.sg,gov.sg,Connection timed out after 3002 milliseconds,none
seab.gov.sg,gov.sg,Could not resolve host: seab.gov.sg,none
search-uat.mof.gov.sg,gov.sg,Could not resolve host: search-uat.mof.gov.sg,none
search.mof.gov.sg,gov.sg,Could not resolve host: search.mof.gov.sg,none
sec.apadmin.gov.sg,gov.sg,Could not resolve host: sec.apadmin.gov.sg,none
sec.gov.sg,gov.sg,Could not resolve host: sec.gov.sg,none
sec.uat-ap.gov.sg,gov.sg,Could not resolve host: sec.uat-ap.gov.sg,none
sec.uat-apadmin.gov.sg,gov.sg,Could not resolve host: sec.uat-apadmin.gov.sg,none
secure.mas.gov.sg,gov.sg,200,none
secure.mom.gov.sg,gov.sg,Could not resolve host: secure.mom.gov.sg,none
secure.sgs.gov.sg,gov.sg,Could not resolve host: secure.sgs.gov.sg,none
secure.sites.cube.gov.sg,gov.sg,Could not resolve host: secure.sites.cube.gov.sg,none
secure.stats.mom.gov.sg,gov.sg,Could not resolve host: secure.stats.mom.gov.sg,none
seminarsevents.iras.gov.sg,gov.sg,Could not resolve host: seminarsevents.iras.gov.sg,none
sentosa.gov.sg,gov.sg,301,none
sep.sportsingapore.gov.sg,gov.sg,Could not resolve host: sep.sportsingapore.gov.sg,none
sep.ssc.gov.sg,gov.sg,Could not resolve host: sep.ssc.gov.sg,none
ser.moh.gov.sg,gov.sg,301,none
services-uat.mom.gov.sg,gov.sg,Connection timed out after 3003 milliseconds,none
services.charities.gov.sg,gov.sg,Could not resolve host: services.charities.gov.sg,none
services.edb.gov.sg,gov.sg,Could not resolve host: services.edb.gov.sg,none
services.mom.gov.sg,gov.sg,Could not resolve host: services.mom.gov.sg,none
services.publicguardian.gov.sg,gov.sg,Connection timed out after 3002 milliseconds,none
services1.charities.gov.sg,gov.sg,Could not resolve host: services1.charities.gov.sg,none
services2-pre.hdb.gov.sg,gov.sg,Connection timed out after 3002 milliseconds,none
services2.hdb.gov.sg,gov.sg,302,none
services20.hdb.gov.sg,gov.sg,Could not resolve host: services20.hdb.gov.sg,none
services3.hdb.gov.sg,gov.sg,301,none
sgcore-portal.sgnet.gov.sg,gov.sg,Could not resolve host: sgcore-portal.sgnet.gov.sg,none
sgdata.gov.sg,gov.sg,Could not resolve host: sgdata.gov.sg,none
sgdi.gov.sg,gov.sg,308,none
sgjourney.gov.sg,gov.sg,301,none
sgkchgwpa.ras.gov.sg,gov.sg,Connection timed out after 3002 milliseconds,none
sgkchgwpa001.ras.gov.sg,gov.sg,Connection timed out after 3002 milliseconds,none
sgkchgwpa002.ras.gov.sg,gov.sg,Connection timed out after 3002 milliseconds,none
sgkdggwpa.ras.gov.sg,gov.sg,Connection timed out after 3002 milliseconds,none
sgkdggwpa001.ras.gov.sg,gov.sg,Connection timed out after 3002 milliseconds,none
sgkdggwpa002.ras.gov.sg,gov.sg,Connection timed out after 3002 milliseconds,none
sgms-webservice.internet.gov.sg,gov.sg,Could not resolve host: sgms-webservice.internet.gov.sg,none
sgpy.nparks.gov.sg,gov.sg,Could not resolve host: sgpy.nparks.gov.sg,none
sgvpn-portal.sgnet.gov.sg,gov.sg,Could not resolve host: sgvpn-portal.sgnet.gov.sg,none
shinecms.internet.gov.sg,gov.sg,Could not resolve host: shinecms.internet.gov.sg,none
shinedom1.internet.gov.sg,gov.sg,Could not resolve host: shinedom1.internet.gov.sg,none
ship.hpb.gov.sg,gov.sg,Could not resolve host: ship.hpb.gov.sg,none
shots.police.gov.sg,gov.sg,Could not resolve host: shots.police.gov.sg,none
shs.hpb.gov.sg,gov.sg,Could not resolve host: shs.hpb.gov.sg,none
silver.jtc.gov.sg,gov.sg,Could not resolve host: silver.jtc.gov.sg,none
silversupport.gov.sg,gov.sg,Could not resolve host: silversupport.gov.sg,10 mx2.sgict.gov.sg.; 20 mx1.sgict.gov.sg.; 50 mx4.sgict.gov.sg.; 60 mx3.sgict.gov.sg.
sims.gov.sg,gov.sg,Could not resolve host: sims.gov.sg,none
singaporeais.caas.gov.sg,gov.sg,Could not resolve host: singaporeais.caas.gov.sg,none
singaporescholarship.scp.gov.sg,gov.sg,Could not resolve host: singaporescholarship.scp.gov.sg,none
singaporetradeoffice.gov.sg,gov.sg,Could not resolve host: singaporetradeoffice.gov.sg,none
singpass-services.gov.sg,gov.sg,Could not resolve host: singpass-services.gov.sg,none
singpass.gov.sg,gov.sg,Could not resolve host: singpass.gov.sg,none
singstat.gov.sg,gov.sg,301,none
sip.nsc.gov.sg,gov.sg,Could not resolve host: sip.nsc.gov.sg,none
sirent.inlis.gov.sg,gov.sg,TLS connect error: error:0A000410:SSL routines::ssl/tls alert handshake failure,none
sis.moe.gov.sg,gov.sg,Could not resolve host: sis.moe.gov.sg,none
sites.cube.gov.sg,gov.sg,Could not resolve host: sites.cube.gov.sg,none
skillsconnect.gov.sg,gov.sg,Could not resolve host: skillsconnect.gov.sg,none
sla.gov.sg,gov.sg,301,none
slamobile.gov.sg,gov.sg,Could not resolve host: slamobile.gov.sg,none
smallclaims.gov.sg,gov.sg,Could not resolve host: smallclaims.gov.sg,none
smp.ida.gov.sg,gov.sg,Could not resolve host: smp.ida.gov.sg,none
sms.soeasy.gov.sg,gov.sg,Could not resolve host: sms.soeasy.gov.sg,none
smsservices.charities.gov.sg,gov.sg,Could not resolve host: smsservices.charities.gov.sg,none
smsservices1.charities.gov.sg,gov.sg,Could not resolve host: smsservices1.charities.gov.sg,none
smtp.starnet.gov.sg,gov.sg,Could not resolve host: smtp.starnet.gov.sg,none
smtp1.sgict.gov.sg,gov.sg,Connection timed out after 3002 milliseconds,none
smtp2.sgict.gov.sg,gov.sg,Connection timed out after 3002 milliseconds,none
smtp3.sgict.gov.sg,gov.sg,Connection timed out after 3002 milliseconds,none
smtp4.sgict.gov.sg,gov.sg,Connection timed out after 3002 milliseconds,none
smtp5.sgict.gov.sg,gov.sg,Connection timed out after 3002 milliseconds,none
smtp6.sgict.gov.sg,gov.sg,Connection timed out after 3002 milliseconds,none
solar.ica.gov.sg,gov.sg,Could not resolve host: solar.ica.gov.sg,none
solarplus.ica.gov.sg,gov.sg,Could not resolve host: solarplus.ica.gov.sg,none
spcp-stg.wda.gov.sg,gov.sg,Connection timed out after 3002 milliseconds,none
spcp.wda.gov.sg,gov.sg,Connection timed out after 3002 milliseconds,none
spcpadmin.singpass.gov.sg,gov.sg,Could not resolve host: spcpadmin.singpass.gov.sg,none
spcrm.apadmin.gov.sg,gov.sg,Could not resolve host: spcrm.apadmin.gov.sg,none
spcrm.uat-apadmin.gov.sg,gov.sg,Could not resolve host: spcrm.uat-apadmin.gov.sg,none
spdoc.dc.gov.sg,gov.sg,Could not resolve host: spdoc.dc.gov.sg,none
spear.ida.gov.sg,gov.sg,Could not resolve host: spear.ida.gov.sg,none
spear.in.tech.gov.sg,gov.sg,Could not resolve host: spear.in.tech.gov.sg,none
spedstaff.moe.gov.sg,gov.sg,403,none
spent-stg.police.gov.sg,gov.sg,Could not resolve host: spent-stg.police.gov.sg,none
spent.police.gov.sg,gov.sg,Could not resolve host: spent.police.gov.sg,none
spex.police.gov.sg,gov.sg,Could not resolve host: spex.police.gov.sg,none
spf.gov.sg,gov.sg,301,none
spms-stg.intranet.prisons.gov.sg,gov.sg,Could not resolve host: spms-stg.intranet.prisons.gov.sg,none
spms.intranet.prisons.gov.sg,gov.sg,Could not resolve host: spms.intranet.prisons.gov.sg,none
sportsingapore.gov.sg,gov.sg,301,none
spring.gov.sg,gov.sg,Could not resolve host: spring.gov.sg,none
spring.ura.gov.sg,gov.sg,Could not resolve host: spring.ura.gov.sg,none
sprs.parl.gov.sg,gov.sg,200,none
sps.gov.sg,gov.sg,Could not resolve host: sps.gov.sg,none
spsfitnessportal.gov.sg,gov.sg,404,none
spubj.ace.gov.sg,gov.sg,Could not resolve host: spubj.ace.gov.sg,none
srii.ida.gov.sg,gov.sg,Could not resolve host: srii.ida.gov.sg,none
sriistg.ida.gov.sg,gov.sg,Could not resolve host: sriistg.ida.gov.sg,none
srpr.moe.gov.sg,gov.sg,Could not resolve host: srpr.moe.gov.sg,none
ssc.gov.sg,gov.sg,Connection timed out after 3002 milliseconds,none
ssg-wsg.gov.sg,gov.sg,Send failure: Relais brisé (pipe),none
ssks.customs.gov.sg,gov.sg,Could not resolve host: ssks.customs.gov.sg,none
ssl1.iesingapore.gov.sg,gov.sg,Could not resolve host: ssl1.iesingapore.gov.sg,none
ssl2.iesingapore.gov.sg,gov.sg,Could not resolve host: ssl2.iesingapore.gov.sg,none
sslvpn.iesingapore.gov.sg,gov.sg,Could not resolve host: sslvpn.iesingapore.gov.sg,none
sso-stg.police.gov.sg,gov.sg,Could not resolve host: sso-stg.police.gov.sg,none
sso.myhealthportal.hpb.gov.sg,gov.sg,Could not resolve host: sso.myhealthportal.hpb.gov.sg,none
sso.police.gov.sg,gov.sg,Could not resolve host: sso.police.gov.sg,none
staffportal.nlb.gov.sg,gov.sg,Could not resolve host: staffportal.nlb.gov.sg,none
stage-author.edb.gov.sg,gov.sg,Could not resolve host: stage-author.edb.gov.sg,none
staging-ifaq.ifaq.gov.sg,gov.sg,Could not resolve host: staging-ifaq.ifaq.gov.sg,none
staging-oneservice.gov.sg,gov.sg,Could not resolve host: staging-oneservice.gov.sg,none
staging.coinnovation.gov.sg,gov.sg,Could not resolve host: staging.coinnovation.gov.sg,none
staging.mti.gov.sg,gov.sg,Could not resolve host: staging.mti.gov.sg,none
starnet.mindef.gov.sg,gov.sg,Could not resolve host: starnet.mindef.gov.sg,none
stars.gov.sg,gov.sg,Could not resolve host: stars.gov.sg,none
stars.jtc.gov.sg,gov.sg,Could not resolve host: stars.jtc.gov.sg,none
stars.nac.gov.sg,gov.sg,Could not resolve host: stars.nac.gov.sg,none
statecourts.gov.sg,gov.sg,301,50 mx3.sgict.gov.sg.; 20 mx2.sgict.gov.sg.; 60 mx4.sgict.gov.sg.; 10 mx1.sgict.gov.sg.
statlink-prodpry.iesingapore.gov.sg,gov.sg,Could not resolve host: statlink-prodpry.iesingapore.gov.sg,none
statlink.iesingapore.gov.sg,gov.sg,Could not resolve host: statlink.iesingapore.gov.sg,none
stats.mom.gov.sg,gov.sg,500,none
status.starnet.gov.sg,gov.sg,Could not resolve host: status.starnet.gov.sg,none
stb.gov.sg,gov.sg,301,none
stbbox.gov.sg,gov.sg,Could not resolve host: stbbox.gov.sg,none
stg-aceonline.mom.gov.sg,gov.sg,Connection timed out after 3002 milliseconds,none
stg-home.authgateway.gov.sg,gov.sg,Could not resolve host: stg-home.authgateway.gov.sg,none
stg-home.corppass.gov.sg,gov.sg,302,none
stg-home.singpass.gov.sg,gov.sg,Could not resolve host: stg-home.singpass.gov.sg,none
stg-ifast.ava.gov.sg,gov.sg,Could not resolve host: stg-ifast.ava.gov.sg,none
stg-internet.authgateway.gov.sg,gov.sg,Could not resolve host: stg-internet.authgateway.gov.sg,none
stg-intranet.authgateway.gov.sg,gov.sg,Could not resolve host: stg-intranet.authgateway.gov.sg,none
stg-pals.ava.gov.sg,gov.sg,Could not resolve host: stg-pals.ava.gov.sg,none
stg-qms.ava.gov.sg,gov.sg,Could not resolve host: stg-qms.ava.gov.sg,none
stg-saml.authgateway.gov.sg,gov.sg,Could not resolve host: stg-saml.authgateway.gov.sg,none
stg-saml.corppass.gov.sg,gov.sg,Could not resolve host: stg-saml.corppass.gov.sg,none
stg-saml.singpass.gov.sg,gov.sg,Could not resolve host: stg-saml.singpass.gov.sg,none
stg.mha.gov.sg,gov.sg,Could not resolve host: stg.mha.gov.sg,none
stg.statecourts.gov.sg,gov.sg,Connection timed out after 3002 milliseconds,none
stg.www.gov.sg,gov.sg,Could not resolve host: stg.www.gov.sg,none
strolls-stg.police.gov.sg,gov.sg,Could not resolve host: strolls-stg.police.gov.sg,none
strolls.police.gov.sg,gov.sg,Could not resolve host: strolls.police.gov.sg,none
studentshealthsurvey.hpb.gov.sg,gov.sg,Could not resolve host: studentshealthsurvey.hpb.gov.sg,none
summer.ura.gov.sg,gov.sg,Could not resolve host: summer.ura.gov.sg,none
summit.jtc.gov.sg,gov.sg,Could not resolve host: summit.jtc.gov.sg,none
summit2.jtc.gov.sg,gov.sg,Could not resolve host: summit2.jtc.gov.sg,none
sunrise.ura.gov.sg,gov.sg,Could not resolve host: sunrise.ura.gov.sg,none
sunstone.variscite.mfa.gov.sg,gov.sg,Could not resolve host: sunstone.variscite.mfa.gov.sg,none
supremecourt.gov.sg,gov.sg,301,none
survey-sit.ssg-wsg.gov.sg,gov.sg,Connection timed out after 3002 milliseconds,none
survey-stage.wda.gov.sg,gov.sg,Could not resolve host: survey-stage.wda.gov.sg,none
survey-test.wda.gov.sg,gov.sg,Could not resolve host: survey-test.wda.gov.sg,none
survey-training.wda.gov.sg,gov.sg,Connection timed out after 3002 milliseconds,none
survey-uat.ssg-wsg.gov.sg,gov.sg,Could not resolve host: survey-uat.ssg-wsg.gov.sg,none
survey.moh.gov.sg,gov.sg,Could not resolve host: survey.moh.gov.sg,none
survey.wda.gov.sg,gov.sg,Connection timed out after 3002 milliseconds,none
sustainablesingapore.gov.sg,gov.sg,Could not resolve host: sustainablesingapore.gov.sg,none
syariahcourt.gov.sg,gov.sg,200,none
synergy.jtc.gov.sg,gov.sg,Could not resolve host: synergy.jtc.gov.sg,none
talk2lta-stg.lta.gov.sg,gov.sg,Could not resolve host: talk2lta-stg.lta.gov.sg,none
talk2lta.lta.gov.sg,gov.sg,Could not resolve host: talk2lta.lta.gov.sg,none
tbacs.jurongisland.gov.sg,gov.sg,Could not resolve host: tbacs.jurongisland.gov.sg,none
tech.gov.sg,gov.sg,Could not resolve host: tech.gov.sg,none
tfs.apadmin.gov.sg,gov.sg,Could not resolve host: tfs.apadmin.gov.sg,none
tgonline-stg.moe.gov.sg,gov.sg,Could not resolve host: tgonline-stg.moe.gov.sg,none
tgonline.moe.gov.sg,gov.sg,Could not resolve host: tgonline.moe.gov.sg,none
tis-intranet.bizfile.gov.sg,gov.sg,Could not resolve host: tis-intranet.bizfile.gov.sg,none
tis.bizfile.gov.sg,gov.sg,Could not resolve host: tis.bizfile.gov.sg,none
titanium.jtc.gov.sg,gov.sg,Could not resolve host: titanium.jtc.gov.sg,none
tls-stg.ida.gov.sg,gov.sg,Could not resolve host: tls-stg.ida.gov.sg,none
tls.ida.gov.sg,gov.sg,Could not resolve host: tls.ida.gov.sg,none
tms-uat.ces.gov.sg,gov.sg,Could not resolve host: tms-uat.ces.gov.sg,none
toteboard.gov.sg,gov.sg,301,none
tp-api.moe.gov.sg,gov.sg,Could not resolve host: tp-api.moe.gov.sg,none
tradenet.gov.sg,gov.sg,Could not resolve host: tradenet.gov.sg,none
tradexchange.gov.sg,gov.sg,Could not resolve host: tradexchange.gov.sg,none
traisi.moe.gov.sg,gov.sg,Could not resolve host: traisi.moe.gov.sg,none
travel.vital.gov.sg,gov.sg,Connection timed out after 3002 milliseconds,none
travelsmartrewards.lta.gov.sg,gov.sg,Could not resolve host: travelsmartrewards.lta.gov.sg,none
trial.cube.gov.sg,gov.sg,Could not resolve host: trial.cube.gov.sg,none
trial.mytax.iras.gov.sg,gov.sg,Could not resolve host: trial.mytax.iras.gov.sg,none
trial.tradenet.gov.sg,gov.sg,403,none
trial.tradexchange.gov.sg,gov.sg,Could not resolve host: trial.tradexchange.gov.sg,none
tripwire.apadmin.gov.sg,gov.sg,Could not resolve host: tripwire.apadmin.gov.sg,none
ttpls.iesingapore.gov.sg,gov.sg,Could not resolve host: ttpls.iesingapore.gov.sg,none
u-canteenstalls.moe.gov.sg,gov.sg,Connection timed out after 3002 milliseconds,none
u-jae-is.moe.gov.sg,gov.sg,Could not resolve host: u-jae-is.moe.gov.sg,none
u-olga.moe.gov.sg,gov.sg,Could not resolve host: u-olga.moe.gov.sg,none
u-p1-is.moe.gov.sg,gov.sg,Could not resolve host: u-p1-is.moe.gov.sg,none
u-tgonline.moe.gov.sg,gov.sg,Could not resolve host: u-tgonline.moe.gov.sg,none
uat-ap.gov.sg,gov.sg,Could not resolve host: uat-ap.gov.sg,none
uat-apadmin.gov.sg,gov.sg,Could not resolve host: uat-apadmin.gov.sg,none
uat-appian-bgp.gov.sg,gov.sg,Could not resolve host: uat-appian-bgp.gov.sg,none
uat-arms.ava.gov.sg,gov.sg,Could not resolve host: uat-arms.ava.gov.sg,none
uat-bgp.gov.sg,gov.sg,Could not resolve host: uat-bgp.gov.sg,none
uat-cptrs.seab.gov.sg,gov.sg,Could not resolve host: uat-cptrs.seab.gov.sg,none
uat-eows.eld.gov.sg,gov.sg,Connection timed out after 3001 milliseconds,none
uat-ierrs.seab.gov.sg,gov.sg,Could not resolve host: uat-ierrs.seab.gov.sg,none
uat-iers.seab.gov.sg,gov.sg,Could not resolve host: uat-iers.seab.gov.sg,none
uat-pas.wda.gov.sg,gov.sg,Connection timed out after 3001 milliseconds,none
uat-poenquiry.eld.gov.sg,gov.sg,Could not resolve host: uat-poenquiry.eld.gov.sg,none
uat.appealsboard.gov.sg,gov.sg,Could not resolve host: uat.appealsboard.gov.sg,none
uat.charities.gov.sg,gov.sg,Connection timed out after 3002 milliseconds,none
uat.eservice.msf.gov.sg,gov.sg,Connection timed out after 3002 milliseconds,none
uat.mccy.gov.sg,gov.sg,Could not resolve host: uat.mccy.gov.sg,none
uat.mlaw.gov.sg,gov.sg,Connection timed out after 3002 milliseconds,none
uat.pdpc.gov.sg,gov.sg,Could not resolve host: uat.pdpc.gov.sg,none
uat.sla.gov.sg,gov.sg,Could not resolve host: uat.sla.gov.sg,none
uat.studentcare.msf.gov.sg,gov.sg,Could not resolve host: uat.studentcare.msf.gov.sg,none
uat.wplnassess.gov.sg,gov.sg,Could not resolve host: uat.wplnassess.gov.sg,none
uat2.cpf.gov.sg,gov.sg,403,none
uatapps.enable.gov.sg,gov.sg,Could not resolve host: uatapps.enable.gov.sg,none
uatcaps.msf.gov.sg,gov.sg,Connection timed out after 3001 milliseconds,none
uatcpportal.charities.gov.sg,gov.sg,Connection timed out after 3002 milliseconds,none
uatcrm.mccy.gov.sg,gov.sg,Could not resolve host: uatcrm.mccy.gov.sg,none
uatesurvey.singstat.gov.sg,gov.sg,Could not resolve host: uatesurvey.singstat.gov.sg,none
uatfeweb.iels.gov.sg,gov.sg,Connection timed out after 3002 milliseconds,none
uatintranetcrm.msf.gov.sg,gov.sg,Could not resolve host: uatintranetcrm.msf.gov.sg,none
uatpartner.msf.gov.sg,gov.sg,Connection timed out after 3002 milliseconds,none
uatportal.charities.gov.sg,gov.sg,Connection timed out after 3002 milliseconds,none
uatservice.enable.gov.sg,gov.sg,Could not resolve host: uatservice.enable.gov.sg,none
uatservices.enable.gov.sg,gov.sg,Could not resolve host: uatservices.enable.gov.sg,none
uatservices1.charities.gov.sg,gov.sg,Connection timed out after 3002 milliseconds,none
uatweb-ialces.wda.gov.sg,gov.sg,Could not resolve host: uatweb-ialces.wda.gov.sg,none
uen.gov.sg,gov.sg,301,none
unionlink.mom.gov.sg,gov.sg,Could not resolve host: unionlink.mom.gov.sg,none
upload.police.gov.sg,gov.sg,Could not resolve host: upload.police.gov.sg,none
ura.gov.sg,gov.sg,301,none
uramdm.ura.gov.sg,gov.sg,Could not resolve host: uramdm.ura.gov.sg,none
uravpn.ura.gov.sg,gov.sg,Could not resolve host: uravpn.ura.gov.sg,none
va.ecitizen.gov.sg,gov.sg,Could not resolve host: va.ecitizen.gov.sg,none
vdesk.jtc.gov.sg,gov.sg,Could not resolve host: vdesk.jtc.gov.sg,none
vendors.gov.sg,gov.sg,Could not resolve host: vendors.gov.sg,none
venus.edb.gov.sg,gov.sg,Could not resolve host: venus.edb.gov.sg,none
venus.jtc.gov.sg,gov.sg,Could not resolve host: venus.jtc.gov.sg,none
vhz.hpb.gov.sg,gov.sg,Could not resolve host: vhz.hpb.gov.sg,none
videos.mindef.gov.sg,gov.sg,Could not resolve host: videos.mindef.gov.sg,none
vista-uat.gov.sg,gov.sg,Could not resolve host: vista-uat.gov.sg,none
vista.gov.sg,gov.sg,Could not resolve host: vista.gov.sg,none
visualising-uat.gov.sg,gov.sg,Could not resolve host: visualising-uat.gov.sg,none
visualising.gov.sg,gov.sg,Could not resolve host: visualising.gov.sg,none
vital.gov.sg,gov.sg,Could not resolve host: vital.gov.sg,10 mx2.sgict.gov.sg.; 60 mx3.sgict.gov.sg.; 50 mx4.sgict.gov.sg.; 20 mx1.sgict.gov.sg.
vitaline-staging.vital.gov.sg,gov.sg,Could not resolve host: vitaline-staging.vital.gov.sg,none
vitaline.vital.gov.sg,gov.sg,Connection timed out after 3002 milliseconds,none
vitas.lta.gov.sg,gov.sg,Could not resolve host: vitas.lta.gov.sg,none
vlib.sgmfa.gov.sg,gov.sg,Could not resolve host: vlib.sgmfa.gov.sg,none
volunteernetwork.mnd.gov.sg,gov.sg,Could not resolve host: volunteernetwork.mnd.gov.sg,none
vpn.nlb.gov.sg,gov.sg,Could not resolve host: vpn.nlb.gov.sg,none
vpngw.dsta.gov.sg,gov.sg,Could not resolve host: vpngw.dsta.gov.sg,none
vpngw.mindef.gov.sg,gov.sg,404,none
vpngw7.dsta.gov.sg,gov.sg,Could not resolve host: vpngw7.dsta.gov.sg,none
vpngwsgems.mindef.gov.sg,gov.sg,404,none
vrl-ilink.lta.gov.sg,gov.sg,Could not resolve host: vrl-ilink.lta.gov.sg,none
vrl.lta.gov.sg,gov.sg,Could not resolve host: vrl.lta.gov.sg,none
vrluat.lta.gov.sg,gov.sg,Connection timed out after 3002 milliseconds,none
wareports-stg.shine.gov.sg,gov.sg,Could not resolve host: wareports-stg.shine.gov.sg,none
wareports.shine.gov.sg,gov.sg,Could not resolve host: wareports.shine.gov.sg,none
wasdc-stg.shine.gov.sg,gov.sg,Could not resolve host: wasdc-stg.shine.gov.sg,none
wasdc.shine.gov.sg,gov.sg,Could not resolve host: wasdc.shine.gov.sg,none
waterwise.pub.gov.sg,gov.sg,Could not resolve host: waterwise.pub.gov.sg,none
wcms-inter.shine.gov.sg,gov.sg,Could not resolve host: wcms-inter.shine.gov.sg,none
wcms-interstg.shine.gov.sg,gov.sg,Could not resolve host: wcms-interstg.shine.gov.sg,none
wcms-stg.ccs.gov.sg,gov.sg,Could not resolve host: wcms-stg.ccs.gov.sg,none
wcms-stg.cea.gov.sg,gov.sg,Could not resolve host: wcms-stg.cea.gov.sg,none
wcms-stg.police.gov.sg,gov.sg,Could not resolve host: wcms-stg.police.gov.sg,none
wcms-uam.shine.gov.sg,gov.sg,Could not resolve host: wcms-uam.shine.gov.sg,none
wcms.ccs.gov.sg,gov.sg,Could not resolve host: wcms.ccs.gov.sg,none
wcms.cea.gov.sg,gov.sg,Could not resolve host: wcms.cea.gov.sg,none
wcms.challenge.gov.sg,gov.sg,Could not resolve host: wcms.challenge.gov.sg,none
wcms.customs.gov.sg,gov.sg,Could not resolve host: wcms.customs.gov.sg,none
wcms.mci.gov.sg,gov.sg,Could not resolve host: wcms.mci.gov.sg,none
wcms.nhb.gov.sg,gov.sg,Could not resolve host: wcms.nhb.gov.sg,none
wcms.police.gov.sg,gov.sg,Could not resolve host: wcms.police.gov.sg,none
wcms.singstat.gov.sg,gov.sg,Could not resolve host: wcms.singstat.gov.sg,none
wcms.toteboard.gov.sg,gov.sg,Could not resolve host: wcms.toteboard.gov.sg,none
wcms.translation.www.gov.sg,gov.sg,Could not resolve host: wcms.translation.www.gov.sg,none
wcms.www.gov.sg,gov.sg,Could not resolve host: wcms.www.gov.sg,none
wda-apps.wda.gov.sg,gov.sg,Connection timed out after 3003 milliseconds,none
wda.gov.sg,gov.sg,Connection timed out after 3002 milliseconds,none
wdapo-test.wda.gov.sg,gov.sg,Could not resolve host: wdapo-test.wda.gov.sg,none
weather.gov.sg,gov.sg,Could not resolve host: weather.gov.sg,none
web.pub.gov.sg,gov.sg,Could not resolve host: web.pub.gov.sg,none
web.silversupport.gov.sg,gov.sg,Could not resolve host: web.silversupport.gov.sg,none
webapps.business.gov.sg,gov.sg,Could not resolve host: webapps.business.gov.sg,none
webchat.cpf.gov.sg,gov.sg,Could not resolve host: webchat.cpf.gov.sg,none
webmail.defence.gov.sg,gov.sg,Could not resolve host: webmail.defence.gov.sg,none
webservices.infofusioncentre.gov.sg,gov.sg,Could not resolve host: webservices.infofusioncentre.gov.sg,none
wf.apadmin.gov.sg,gov.sg,Could not resolve host: wf.apadmin.gov.sg,none
wf.uat-ap.gov.sg,gov.sg,Could not resolve host: wf.uat-ap.gov.sg,none
wf.uat-apadmin.gov.sg,gov.sg,Could not resolve host: wf.uat-apadmin.gov.sg,none
wins.psc.gov.sg,gov.sg,Could not resolve host: wins.psc.gov.sg,none
woogle.intra2.wda.gov.sg,gov.sg,Could not resolve host: woogle.intra2.wda.gov.sg,none
workfare.gov.sg,gov.sg,Could not resolve host: workfare.gov.sg,none
wplnassess.gov.sg,gov.sg,Could not resolve host: wplnassess.gov.sg,none
wponline.mom.gov.sg,gov.sg,404,none
ws.ifaq.gov.sg,gov.sg,Could not resolve host: ws.ifaq.gov.sg,none
wsstg.ifaq.gov.sg,gov.sg,Could not resolve host: wsstg.ifaq.gov.sg,none
wuat.ura.gov.sg,gov.sg,Could not resolve host: wuat.ura.gov.sg,none
www-stg.biz-esurvey.singstat.gov.sg,gov.sg,302,none
www-stg.ccs.gov.sg,gov.sg,Could not resolve host: www-stg.ccs.gov.sg,none
www-stg.cea.gov.sg,gov.sg,Connection timed out after 3002 milliseconds,none
www-stg.nea.gov.sg,gov.sg,Could not resolve host: www-stg.nea.gov.sg,none
www-uat.edma.gov.sg,gov.sg,301,none
www.academyofsingaporeteachers.moe.gov.sg,gov.sg,Could not resolve host: www.academyofsingaporeteachers.moe.gov.sg,none
www.aceonline.mom.gov.sg,gov.sg,Could not resolve host: www.aceonline.mom.gov.sg,none
www.acra.gov.sg,gov.sg,403,none
www.admin.stb.gov.sg,gov.sg,Could not resolve host: www.admin.stb.gov.sg,none
www.agc.gov.sg,gov.sg,403,none
www.ago.gov.sg,gov.sg,403,none
www.apadmin.gov.sg,gov.sg,Could not resolve host: www.apadmin.gov.sg,none
www.app-stg.ros.gov.sg,gov.sg,Could not resolve host: www.app-stg.ros.gov.sg,none
www.app-stg.sims.gov.sg,gov.sg,Could not resolve host: www.app-stg.sims.gov.sg,none
www.app-stg2.subcourts.gov.sg,gov.sg,Could not resolve host: www.app-stg2.subcourts.gov.sg,none
www.app.hlb.gov.sg,gov.sg,Could not resolve host: www.app.hlb.gov.sg,none
www.app.pmoevents.gov.sg,gov.sg,Could not resolve host: www.app.pmoevents.gov.sg,none
www.app.ros.gov.sg,gov.sg,Could not resolve host: www.app.ros.gov.sg,none
www.app1.mfa.gov.sg,gov.sg,Could not resolve host: www.app1.mfa.gov.sg,none
www.appealsboard.gov.sg,gov.sg,Could not resolve host: www.appealsboard.gov.sg,none
www.appian-bgp.gov.sg,gov.sg,Could not resolve host: www.appian-bgp.gov.sg,none
www.asset.gov.sg,gov.sg,Could not resolve host: www.asset.gov.sg,none
www.author.lta.gov.sg,gov.sg,Could not resolve host: www.author.lta.gov.sg,none
www.ava.gov.sg,gov.sg,Could not resolve host: www.ava.gov.sg,none
www.babybonus.gov.sg,gov.sg,Could not resolve host: www.babybonus.gov.sg,none
www.babybonus.msf.gov.sg,gov.sg,302,none
www.bacs.jurongisland.gov.sg,gov.sg,Could not resolve host: www.bacs.jurongisland.gov.sg,none
www.bca-bess.gov.sg,gov.sg,Could not resolve host: www.bca-bess.gov.sg,none
www.bca-topcsc.gov.sg,gov.sg,Could not resolve host: www.bca-topcsc.gov.sg,none
www.bca.gov.sg,gov.sg,200,none
www.biome-intra.nparks.gov.sg,gov.sg,Could not resolve host: www.biome-intra.nparks.gov.sg,none
www.biome.nparks.gov.sg,gov.sg,Could not resolve host: www.biome.nparks.gov.sg,none
www.biosafety.moh.gov.sg,gov.sg,Could not resolve host: www.biosafety.moh.gov.sg,none
www.biz-esurvey.singstat.gov.sg,gov.sg,302,none
www.bizfile-intranet.bizfile.gov.sg,gov.sg,Could not resolve host: www.bizfile-intranet.bizfile.gov.sg,none
www.bizfile-ppt.bizfile.gov.sg,gov.sg,Could not resolve host: www.bizfile-ppt.bizfile.gov.sg,none
www.bizfile-soabpm.acra-ngb-tis.bizfile.gov.sg,gov.sg,Could not resolve host: www.bizfile-soabpm.acra-ngb-tis.bizfile.gov.sg,none
www.bizfile-soabpm.acra-ngb.bizfile.gov.sg,gov.sg,Could not resolve host: www.bizfile-soabpm.acra-ngb.bizfile.gov.sg,none
www.bizfile.gov.sg,gov.sg,200,none
www.bizfinx.gov.sg,gov.sg,302,none
www.blog.data.gov.sg,gov.sg,Could not resolve host: www.blog.data.gov.sg,none
www.box.nhb.gov.sg,gov.sg,Could not resolve host: www.box.nhb.gov.sg,none
www.businessgrants.gov.sg,gov.sg,Could not resolve host: www.businessgrants.gov.sg,none
www.caas.gov.sg,gov.sg,403,none
www.caliberlink.gov.sg,gov.sg,Could not resolve host: www.caliberlink.gov.sg,none
www.cambelmers.gov.sg,gov.sg,Could not resolve host: www.cambelmers.gov.sg,none
www.cancerscreen.hpb.gov.sg,gov.sg,200,none
www.ccs.gov.sg,gov.sg,403,none
www.ccsfeedback.pub.gov.sg,gov.sg,Could not resolve host: www.ccsfeedback.pub.gov.sg,none
www.ccsvoip.pub.gov.sg,gov.sg,Could not resolve host: www.ccsvoip.pub.gov.sg,none
www.ccswebchat.pub.gov.sg,gov.sg,Could not resolve host: www.ccswebchat.pub.gov.sg,none
www.cdau.scdf.gov.sg,gov.sg,Could not resolve host: www.cdau.scdf.gov.sg,none
www.cdlens.moh.gov.sg,gov.sg,Could not resolve host: www.cdlens.moh.gov.sg,none
www.cea.gov.sg,gov.sg,403,none
www.ces.gov.sg,gov.sg,Could not resolve host: www.ces.gov.sg,none
www.challenge.gov.sg,gov.sg,Could not resolve host: www.challenge.gov.sg,none
www.charities.gov.sg,gov.sg,Could not resolve host: www.charities.gov.sg,none
www.childcarelink.gov.sg,gov.sg,Could not resolve host: www.childcarelink.gov.sg,none
www.cmpb.gov.sg,gov.sg,403,none
www.cms.moh.gov.sg,gov.sg,Could not resolve host: www.cms.moh.gov.sg,none
www.cnb-iems-admin.gov.sg,gov.sg,Could not resolve host: www.cnb-iems-admin.gov.sg,none
www.cnb-iems.gov.sg,gov.sg,Could not resolve host: www.cnb-iems.gov.sg,none
www.cnb.gov.sg,gov.sg,403,none
www.coinnovation.gov.sg,gov.sg,Could not resolve host: www.coinnovation.gov.sg,none
www.comcaredb.gov.sg,gov.sg,Could not resolve host: www.comcaredb.gov.sg,none
www.connect.ras.gov.sg,gov.sg,Resolving timed out after 3000 milliseconds,none
www.corenet-ess.gov.sg,gov.sg,Could not resolve host: www.corenet-ess.gov.sg,none
www.corenet.gov.sg,gov.sg,Could not resolve host: www.corenet.gov.sg,none
www.cpe.gov.sg,gov.sg,Could not resolve host: www.cpe.gov.sg,none
www.cpf.gov.sg,gov.sg,403,none
www.cpib.gov.sg,gov.sg,200,none
www.createportal.gov.sg,gov.sg,Could not resolve host: www.createportal.gov.sg,none
www.csa.gov.sg,gov.sg,403,none
www.csc.gov.sg,gov.sg,200,none
www.cscollege.gov.sg,gov.sg,301,none
www.csit.gov.sg,gov.sg,200,none
www.cube.gov.sg,gov.sg,Could not resolve host: www.cube.gov.sg,none
www.customs.gov.sg,gov.sg,403,none
www.customsacademy.gov.sg,gov.sg,Could not resolve host: www.customsacademy.gov.sg,none
www.cwapps.jtc.gov.sg,gov.sg,Could not resolve host: www.cwapps.jtc.gov.sg,none
www.declare.customs.gov.sg,gov.sg,301,none
www.dma.gov.sg,gov.sg,Could not resolve host: www.dma.gov.sg,none
www.dnc.gov.sg,gov.sg,302,none
www.dncr.gov.sg,gov.sg,Could not resolve host: www.dncr.gov.sg,none
www.donotcall.gov.sg,gov.sg,Could not resolve host: www.donotcall.gov.sg,none
www.donotcallregistry.gov.sg,gov.sg,Could not resolve host: www.donotcallregistry.gov.sg,none
www.dsa-is.moe.gov.sg,gov.sg,403,none
www.dsta.gov.sg,gov.sg,Operation timed out after 3000 milliseconds with 0 bytes received,none
www.e101.gov.sg,gov.sg,Could not resolve host: www.e101.gov.sg,none
www.ecalc.moh.gov.sg,gov.sg,Could not resolve host: www.ecalc.moh.gov.sg,none
www.ecda.gov.sg,gov.sg,Could not resolve host: www.ecda.gov.sg,none
www.ecitizen.gov.sg,gov.sg,Could not resolve host: www.ecitizen.gov.sg,none
www.ecms.pdpc.gov.sg,gov.sg,Could not resolve host: www.ecms.pdpc.gov.sg,none
www.ecoc.police.gov.sg,gov.sg,Could not resolve host: www.ecoc.police.gov.sg,none
www.economistservice.gov.sg,gov.sg,301,none
www.ecsr.scdf.gov.sg,gov.sg,Could not resolve host: www.ecsr.scdf.gov.sg,none
www.edb.gov.sg,gov.sg,200,none
www.edma.gov.sg,gov.sg,502,none
www.egov.gov.sg,gov.sg,Could not resolve host: www.egov.gov.sg,none
www.eld.gov.sg,gov.sg,301,none
www.elearn.eld.gov.sg,gov.sg,Could not resolve host: www.elearn.eld.gov.sg,none
www.elearn.iras.gov.sg,gov.sg,Could not resolve host: www.elearn.iras.gov.sg,none
www.eletters.gov.sg,gov.sg,Could not resolve host: www.eletters.gov.sg,none
www.ema.gov.sg,gov.sg,200,none
www.emrx.moh.gov.sg,gov.sg,Could not resolve host: www.emrx.moh.gov.sg,none
www.ems.ava.gov.sg,gov.sg,Could not resolve host: www.ems.ava.gov.sg,none
www.enotif.cnb.gov.sg,gov.sg,TLS connect error: error:0A000438:SSL routines::tlsv1 alert internal error,none
www.enterpriseone.gov.sg,gov.sg,Could not resolve host: www.enterpriseone.gov.sg,none
www.epatents.gov.sg,gov.sg,Could not resolve host: www.epatents.gov.sg,none
www.eponline.mom.gov.sg,gov.sg,Connection timed out after 3002 milliseconds,none
www.epris.gov.sg,gov.sg,Could not resolve host: www.epris.gov.sg,none
www.eservice-stg.ida.gov.sg,gov.sg,Could not resolve host: www.eservice-stg.ida.gov.sg,none
www.eservice.hpb.gov.sg,gov.sg,Could not resolve host: www.eservice.hpb.gov.sg,none
www.eservice.hsa.gov.sg,gov.sg,Could not resolve host: www.eservice.hsa.gov.sg,none
www.eservice.ida.gov.sg,gov.sg,Could not resolve host: www.eservice.ida.gov.sg,none
www.eservice.pdpc.gov.sg,gov.sg,Could not resolve host: www.eservice.pdpc.gov.sg,none
www.eservices.muis.gov.sg,gov.sg,Could not resolve host: www.eservices.muis.gov.sg,none
www.esub.mom.gov.sg,gov.sg,Could not resolve host: www.esub.mom.gov.sg,none
www.esurvey.singstat.gov.sg,gov.sg,Could not resolve host: www.esurvey.singstat.gov.sg,none
www.etc.gov.sg,gov.sg,Could not resolve host: www.etc.gov.sg,none
www.familyjusticecourts.gov.sg,gov.sg,Could not resolve host: www.familyjusticecourts.gov.sg,none
www.fedservice.rps.ipos.gov.sg,gov.sg,Could not resolve host: www.fedservice.rps.ipos.gov.sg,none
www.flexatwork.gov.sg,gov.sg,Could not resolve host: www.flexatwork.gov.sg,none
www.florafaunaweb.nparks.gov.sg,gov.sg,Could not resolve host: www.florafaunaweb.nparks.gov.sg,none
www.fsm.acra.gov.sg,gov.sg,Connection timed out after 3002 milliseconds,none
www.gebiz.gov.sg,gov.sg,200,none
www.globalnet.lta.gov.sg,gov.sg,Could not resolve host: www.globalnet.lta.gov.sg,none
www.gms.gov.sg,gov.sg,Could not resolve host: www.gms.gov.sg,none
www.gov.sg,gov.sg,403,none
www.gstvoucher.gov.sg,gov.sg,Could not resolve host: www.gstvoucher.gov.sg,none
www.gwsx.gov.sg,gov.sg,Could not resolve host: www.gwsx.gov.sg,none
www.haze.gov.sg,gov.sg,200,none
www.hbssfield.hpb.gov.sg,gov.sg,Could not resolve host: www.hbssfield.hpb.gov.sg,none
www.hdb.gov.sg,gov.sg,Could not resolve host: www.hdb.gov.sg,none
www.heb.gov.sg,gov.sg,Could not resolve host: www.heb.gov.sg,none
www.hlb.gov.sg,gov.sg,200,none
www.hometeamvolunteers.gov.sg,gov.sg,Could not resolve host: www.hometeamvolunteers.gov.sg,none
www.hpb.gov.sg,gov.sg,403,none
www.hpp.moh.gov.sg,gov.sg,301,none
www.hrms.gov.sg,gov.sg,Could not resolve host: www.hrms.gov.sg,none
www.hrportal.gov.sg,gov.sg,Could not resolve host: www.hrportal.gov.sg,none
www.hrportal.prisons.gov.sg,gov.sg,Could not resolve host: www.hrportal.prisons.gov.sg,none
www.hsa.gov.sg,gov.sg,200,none
www.iadvisory.gov.sg,gov.sg,Could not resolve host: www.iadvisory.gov.sg,none
www.ibudget2.mof.gov.sg,gov.sg,Could not resolve host: www.ibudget2.mof.gov.sg,none
www.ibudget2qa.mof.gov.sg,gov.sg,Could not resolve host: www.ibudget2qa.mof.gov.sg,none
www.ica.gov.sg,gov.sg,200,none
www.icms.gov.sg,gov.sg,Could not resolve host: www.icms.gov.sg,none
www.ida-rsu.gov.sg,gov.sg,Could not resolve host: www.ida-rsu.gov.sg,none
www.ida.gov.sg,gov.sg,Could not resolve host: www.ida.gov.sg,none
www.idaicms.gov.sg,gov.sg,Could not resolve host: www.idaicms.gov.sg,none
www.iesingapore.gov.sg,gov.sg,Could not resolve host: www.iesingapore.gov.sg,none
www.ifaq-stg.gov.sg,gov.sg,Could not resolve host: www.ifaq-stg.gov.sg,none
www.ifaq.gov.sg,gov.sg,Could not resolve host: www.ifaq.gov.sg,none
www.im-itmgmt.gov.sg,gov.sg,Could not resolve host: www.im-itmgmt.gov.sg,none
www.infofusioncentre.gov.sg,gov.sg,Could not resolve host: www.infofusioncentre.gov.sg,none
www.inlis.gov.sg,gov.sg,Could not resolve host: www.inlis.gov.sg,none
www.internet-stg2.subcourts.gov.sg,gov.sg,Could not resolve host: www.internet-stg2.subcourts.gov.sg,none
www.iosh.mom.gov.sg,gov.sg,Could not resolve host: www.iosh.mom.gov.sg,none
www.ip2sg.ipos.gov.sg,gov.sg,Could not resolve host: www.ip2sg.ipos.gov.sg,none
www.ipos.gov.sg,gov.sg,403,none
www.iprisuat.sps.gov.sg,gov.sg,Could not resolve host: www.iprisuat.sps.gov.sg,none
www.iras.gov.sg,gov.sg,200,none
www.irc.dsta.gov.sg,gov.sg,Could not resolve host: www.irc.dsta.gov.sg,none
www.isprint.gov.sg,gov.sg,Could not resolve host: www.isprint.gov.sg,none
www.jae-is.moe.gov.sg,gov.sg,403,none
www.jobsbank.gov.sg,gov.sg,Could not resolve host: www.jobsbank.gov.sg,none
www.jtc.gov.sg,gov.sg,200,none
www.landapplications.gov.sg,gov.sg,Could not resolve host: www.landapplications.gov.sg,none
www.ldau.gov.sg,gov.sg,Could not resolve host: www.ldau.gov.sg,none
www.ldu.gov.sg,gov.sg,Could not resolve host: www.ldu.gov.sg,none
www.learning.gov.sg,gov.sg,Could not resolve host: www.learning.gov.sg,none
www.livehealthy.hpb.gov.sg,gov.sg,Could not resolve host: www.livehealthy.hpb.gov.sg,none
www.lkyscholarship.gov.sg,gov.sg,Could not resolve host: www.lkyscholarship.gov.sg,none
www.lta.gov.sg,gov.sg,302,none
www.m.customs.gov.sg,gov.sg,Could not resolve host: www.m.customs.gov.sg,none
www.m.rom.gov.sg,gov.sg,Could not resolve host: www.m.rom.gov.sg,none
www.m.romm.gov.sg,gov.sg,Could not resolve host: www.m.romm.gov.sg,none
www.macs.defence.gov.sg,gov.sg,Could not resolve host: www.macs.defence.gov.sg,none
www.mads.defence.gov.sg,gov.sg,Could not resolve host: www.mads.defence.gov.sg,none
www.mavis-stg.ica.gov.sg,gov.sg,Could not resolve host: www.mavis-stg.ica.gov.sg,none
www.mbs.gov.sg,gov.sg,Could not resolve host: www.mbs.gov.sg,none
www.mccy.gov.sg,gov.sg,403,none
www.mci.gov.sg,gov.sg,301,none
www.mcys-system.gov.sg,gov.sg,Could not resolve host: www.mcys-system.gov.sg,none
www.mcys-volunteers.gov.sg,gov.sg,Could not resolve host: www.mcys-volunteers.gov.sg,none
www.mediclaim.moh.gov.sg,gov.sg,Could not resolve host: www.mediclaim.moh.gov.sg,none
www.mewr.gov.sg,gov.sg,Could not resolve host: www.mewr.gov.sg,none
www.mfa.gov.sg,gov.sg,403,none
www.mha.gov.sg,gov.sg,403,none
www.mlaw.gov.sg,gov.sg,200,none
www.moe.gov.sg,gov.sg,200,none
www.moh-ela.gov.sg,gov.sg,Could not resolve host: www.moh-ela.gov.sg,none
www.moh-ens.gov.sg,gov.sg,Could not resolve host: www.moh-ens.gov.sg,none
www.moh-topvsreturns.gov.sg,gov.sg,Could not resolve host: www.moh-topvsreturns.gov.sg,none
www.moh.gov.sg,gov.sg,403,none
www.mohhota.moh.gov.sg,gov.sg,Could not resolve host: www.mohhota.moh.gov.sg,none
www.mohntrs.moh.gov.sg,gov.sg,Could not resolve host: www.mohntrs.moh.gov.sg,none
www.momwcms-uat.intranet.mom.gov.sg,gov.sg,Could not resolve host: www.momwcms-uat.intranet.mom.gov.sg,none
www.mot.gov.sg,gov.sg,403,none
www.msf.gov.sg,gov.sg,Operation timed out after 3002 milliseconds with 0 bytes received,none
www.msol.mom.gov.sg,gov.sg,Could not resolve host: www.msol.mom.gov.sg,none
www.mti.gov.sg,gov.sg,403,none
www.muis.gov.sg,gov.sg,403,none
www.myhealthportal.hpb.gov.sg,gov.sg,Could not resolve host: www.myhealthportal.hpb.gov.sg,none
www.myportal.nsc.gov.sg,gov.sg,Could not resolve host: www.myportal.nsc.gov.sg,none
www.nac.gov.sg,gov.sg,Could not resolve host: www.nac.gov.sg,none
www.nccs.gov.sg,gov.sg,200,none
www.ncss.gov.sg,gov.sg,403,none
www.nea.gov.sg,gov.sg,200,none
www.newmsol.mom.gov.sg,gov.sg,Could not resolve host: www.newmsol.mom.gov.sg,none
www.news.gov.sg,gov.sg,Could not resolve host: www.news.gov.sg,none
www.nfs.gov.sg,gov.sg,Could not resolve host: www.nfs.gov.sg,none
www.ngager.moh.gov.sg,gov.sg,Could not resolve host: www.ngager.moh.gov.sg,none
www.ngg.gebiz.gov.sg,gov.sg,Could not resolve host: www.ngg.gebiz.gov.sg,none
www.ngg.qa.gebiz.gov.sg,gov.sg,403,none
www.ngg.trg.gebiz.gov.sg,gov.sg,Could not resolve host: www.ngg.trg.gebiz.gov.sg,none
www.nhb.gov.sg,gov.sg,Could not resolve host: www.nhb.gov.sg,none
www.nir.hpb.gov.sg,gov.sg,301,none
www.nir2.hpb.gov.sg,gov.sg,Could not resolve host: www.nir2.hpb.gov.sg,none
www.nmrc.gov.sg,gov.sg,Could not resolve host: www.nmrc.gov.sg,none
www.nors.ida.gov.sg,gov.sg,Could not resolve host: www.nors.ida.gov.sg,none
www.nparks.gov.sg,gov.sg,200,none
www.nptd.gov.sg,gov.sg,301,none
www.nrdo.gov.sg,gov.sg,200,none
www.nrf.gov.sg,gov.sg,200,none
www.nsc.gov.sg,gov.sg,Could not resolve host: www.nsc.gov.sg,none
www.nscs.gov.sg,gov.sg,200,none
www.nyc.gov.sg,gov.sg,403,none
www.nyc.pa.gov.sg,gov.sg,Could not resolve host: www.nyc.pa.gov.sg,none
www.obs.nyc.gov.sg,gov.sg,Could not resolve host: www.obs.nyc.gov.sg,none
www.ocoe.lta.gov.sg,gov.sg,Could not resolve host: www.ocoe.lta.gov.sg,none
www.olga.moe.gov.sg,gov.sg,Could not resolve host: www.olga.moe.gov.sg,none
www.one.ecda.gov.sg,gov.sg,Could not resolve host: www.one.ecda.gov.sg,none
www.one.pa.gov.sg,gov.sg,Could not resolve host: www.one.pa.gov.sg,none
www.oneinbox.gov.sg,gov.sg,Could not resolve host: www.oneinbox.gov.sg,none
www.oob.moh.gov.sg,gov.sg,Could not resolve host: www.oob.moh.gov.sg,none
www.orms-stg.sps.gov.sg,gov.sg,Could not resolve host: www.orms-stg.sps.gov.sg,none
www.orms.sps.gov.sg,gov.sg,404,none
www.ossc-uat.gov.sg,gov.sg,Could not resolve host: www.ossc-uat.gov.sg,none
www.p1-is-stag.moe.gov.sg,gov.sg,Could not resolve host: www.p1-is-stag.moe.gov.sg,none
www.p1-is.moe.gov.sg,gov.sg,Could not resolve host: www.p1-is.moe.gov.sg,none
www.pa.gov.sg,gov.sg,403,none
www.pac.gov.sg,gov.sg,Could not resolve host: www.pac.gov.sg,none
www.pacgov.agd.gov.sg,gov.sg,Could not resolve host: www.pacgov.agd.gov.sg,none
www.parliament.gov.sg,gov.sg,200,none
www.patrol.cnb.gov.sg,gov.sg,Could not resolve host: www.patrol.cnb.gov.sg,none
www.pdpc.gov.sg,gov.sg,200,none
www.pds.eld.gov.sg,gov.sg,Could not resolve host: www.pds.eld.gov.sg,none
www.peb.gov.sg,gov.sg,403,none
www.poenquiry.eld.gov.sg,gov.sg,Connection timed out after 3002 milliseconds,none
www.poevents.gov.sg,gov.sg,Could not resolve host: www.poevents.gov.sg,none
www.police.gov.sg,gov.sg,Operation timed out after 3000 milliseconds with 0 bytes received,none
www.portal.defence.gov.sg,gov.sg,Could not resolve host: www.portal.defence.gov.sg,none
www.praise.gov.sg,gov.sg,Could not resolve host: www.praise.gov.sg,none
www.prison-volunteers.gov.sg,gov.sg,Could not resolve host: www.prison-volunteers.gov.sg,none
www.profamilyleave.gov.sg,gov.sg,Could not resolve host: www.profamilyleave.gov.sg,none
www.psc.gov.sg,gov.sg,200,none
www.pscgateway.gov.sg,gov.sg,301,none
www.pscscholarships.gov.sg,gov.sg,301,none
www.psd.gov.sg,gov.sg,403,none
www.psi.gov.sg,gov.sg,Could not resolve host: www.psi.gov.sg,none
www.psnc-is.moe.gov.sg,gov.sg,403,none
www.psnc-moe.gov.sg,gov.sg,Could not resolve host: www.psnc-moe.gov.sg,none
www.ptc.gov.sg,gov.sg,403,none
www.pub.gov.sg,gov.sg,403,none
www.publicguardian.gov.sg,gov.sg,Could not resolve host: www.publicguardian.gov.sg,none
www.qa.gebiz.gov.sg,gov.sg,Could not resolve host: www.qa.gebiz.gov.sg,none
www.rahs.gov.sg,gov.sg,Could not resolve host: www.rahs.gov.sg,none
www.rdar.moh.gov.sg,gov.sg,Could not resolve host: www.rdar.moh.gov.sg,none
www.reach.gov.sg,gov.sg,403,none
www.rms.hpb.gov.sg,gov.sg,Could not resolve host: www.rms.hpb.gov.sg,none
www.rom.gov.sg,gov.sg,Could not resolve host: www.rom.gov.sg,none
www.romm.gov.sg,gov.sg,Could not resolve host: www.romm.gov.sg,none
www.ros.gov.sg,gov.sg,Could not resolve host: www.ros.gov.sg,none
www.rpz.inlis.gov.sg,gov.sg,Connection timed out after 3002 milliseconds,none
www.s1-is.moe.gov.sg,gov.sg,Could not resolve host: www.s1-is.moe.gov.sg,none
www.sac.gov.sg,gov.sg,Could not resolve host: www.sac.gov.sg,none
www.sami.gov.sg,gov.sg,Could not resolve host: www.sami.gov.sg,none
www.scdf.gov.sg,gov.sg,200,none
www.schools.gov.sg,gov.sg,Could not resolve host: www.schools.gov.sg,none
www.scp.gov.sg,gov.sg,301,none
www.sdc.gov.sg,gov.sg,403,none
www.seab.gov.sg,gov.sg,200,none
www.sec.gov.sg,gov.sg,Could not resolve host: www.sec.gov.sg,none
www.secure.stats.mom.gov.sg,gov.sg,Could not resolve host: www.secure.stats.mom.gov.sg,none
www.sentosa.gov.sg,gov.sg,Could not resolve host: www.sentosa.gov.sg,none
www.services.edb.gov.sg,gov.sg,Could not resolve host: www.services.edb.gov.sg,none
www.sgcensus2010.gov.sg,gov.sg,Could not resolve host: www.sgcensus2010.gov.sg,none
www.sgdi.gov.sg,gov.sg,Could not resolve host: www.sgdi.gov.sg,none
www.sgjourney.gov.sg,gov.sg,200,none
www.silversupport.gov.sg,gov.sg,Could not resolve host: www.silversupport.gov.sg,none
www.sims.gov.sg,gov.sg,301,none
www.singaporetradeoffice.gov.sg,gov.sg,Could not resolve host: www.singaporetradeoffice.gov.sg,none
www.singpass-services.gov.sg,gov.sg,Could not resolve host: www.singpass-services.gov.sg,none
www.singpass.gov.sg,gov.sg,307,none
www.singstat.gov.sg,gov.sg,200,none
www.sirent.inlis.gov.sg,gov.sg,Could not resolve host: www.sirent.inlis.gov.sg,none
www.sit-appian-bgp.gov.sg,gov.sg,Could not resolve host: www.sit-appian-bgp.gov.sg,none
www.skillsconnect.gov.sg,gov.sg,Could not resolve host: www.skillsconnect.gov.sg,none
www.sla.gov.sg,gov.sg,403,none
www.smc.gov.sg,gov.sg,403,none
www.snb.gov.sg,gov.sg,403,none
www.socialmedia.gov.sg,gov.sg,Could not resolve host: www.socialmedia.gov.sg,none
www.socialtransfers.gov.sg,gov.sg,Could not resolve host: www.socialtransfers.gov.sg,none
www.spc.gov.sg,gov.sg,403,none
www.spfiphone.gov.sg,gov.sg,Could not resolve host: www.spfiphone.gov.sg,none
www.sportsingapore.gov.sg,gov.sg,403,none
www.spring.gov.sg,gov.sg,Could not resolve host: www.spring.gov.sg,none
www.spsfitnessportal.gov.sg,gov.sg,404,none
www.spsmsg.intranet.prisons.gov.sg,gov.sg,Could not resolve host: www.spsmsg.intranet.prisons.gov.sg,none
www.spsmsgstg.intranet.prisons.gov.sg,gov.sg,Could not resolve host: www.spsmsgstg.intranet.prisons.gov.sg,none
www.ssc.gov.sg,gov.sg,Connection timed out after 3002 milliseconds,none
www.staging.mti.gov.sg,gov.sg,Could not resolve host: www.staging.mti.gov.sg,none
www.stars.gov.sg,gov.sg,TLS connect error: error:0A000410:SSL routines::ssl/tls alert handshake failure,none
www.statecourts.gov.sg,gov.sg,301,none
www.stb.gov.sg,gov.sg,403,none
www.stbbox.gov.sg,gov.sg,Could not resolve host: www.stbbox.gov.sg,none
www.steps-is.moe.gov.sg,gov.sg,403,none
www.steps.moe.gov.sg,gov.sg,Could not resolve host: www.steps.moe.gov.sg,none
www.stg-aceonline.mom.gov.sg,gov.sg,Connection timed out after 3002 milliseconds,none
www.subcourts.gov.sg,gov.sg,Could not resolve host: www.subcourts.gov.sg,none
www.supremecourt.gov.sg,gov.sg,301,none
www.syariahcourt.gov.sg,gov.sg,Could not resolve host: www.syariahcourt.gov.sg,none
www.tcmpb.gov.sg,gov.sg,403,none
www.tech.gov.sg,gov.sg,403,none
www.tetris.gov.sg,gov.sg,Could not resolve host: www.tetris.gov.sg,none
www.tis-intranet.bizfile.gov.sg,gov.sg,Could not resolve host: www.tis-intranet.bizfile.gov.sg,none
www.tis-ppt.bizfile.gov.sg,gov.sg,Could not resolve host: www.tis-ppt.bizfile.gov.sg,none
www.tis.bizfile.gov.sg,gov.sg,Could not resolve host: www.tis.bizfile.gov.sg,none
www.toteboard.gov.sg,gov.sg,403,none
www.tradenet.gov.sg,gov.sg,302,none
www.traderegister.gov.sg,gov.sg,Could not resolve host: www.traderegister.gov.sg,none
www.tradexchange.gov.sg,gov.sg,Could not resolve host: www.tradexchange.gov.sg,none
www.training.gebiz.gov.sg,gov.sg,Could not resolve host: www.training.gebiz.gov.sg,none
www.trial.cube.gov.sg,gov.sg,Could not resolve host: www.trial.cube.gov.sg,none
www.uat-ap.gov.sg,gov.sg,Could not resolve host: www.uat-ap.gov.sg,none
www.uat-apadmin.gov.sg,gov.sg,Could not resolve host: www.uat-apadmin.gov.sg,none
www.uat-appian-bgp.gov.sg,gov.sg,Could not resolve host: www.uat-appian-bgp.gov.sg,none
www.uat-bgp.gov.sg,gov.sg,Could not resolve host: www.uat-bgp.gov.sg,none
www.uat.eservice.msf.gov.sg,gov.sg,Could not resolve host: www.uat.eservice.msf.gov.sg,none
www.uat.mcps.gov.sg,gov.sg,Could not resolve host: www.uat.mcps.gov.sg,none
www.uat.pdpc.gov.sg,gov.sg,Could not resolve host: www.uat.pdpc.gov.sg,none
www.uatesurvey.singstat.gov.sg,gov.sg,Could not resolve host: www.uatesurvey.singstat.gov.sg,none
www.uen-ppt.uen.gov.sg,gov.sg,Could not resolve host: www.uen-ppt.uen.gov.sg,none
www.uen.gov.sg,gov.sg,Could not resolve host: www.uen.gov.sg,none
www.unionlink.mom.gov.sg,gov.sg,Could not resolve host: www.unionlink.mom.gov.sg,none
www.ura.gov.sg,gov.sg,302,none
www.vendors.gov.sg,gov.sg,403,none
www.vista-uat.gov.sg,gov.sg,Could not resolve host: www.vista-uat.gov.sg,none
www.vista.gov.sg,gov.sg,Could not resolve host: www.vista.gov.sg,none
www.visualising.gov.sg,gov.sg,Could not resolve host: www.visualising.gov.sg,none
www.vital.gov.sg,gov.sg,200,none
www.vog.gov.sg,gov.sg,Could not resolve host: www.vog.gov.sg,none
www.volunteernetwork.mnd.gov.sg,gov.sg,Could not resolve host: www.volunteernetwork.mnd.gov.sg,none
www.vpngw.dsta.gov.sg,gov.sg,Could not resolve host: www.vpngw.dsta.gov.sg,none
www.weather.gov.sg,gov.sg,200,none
www.webmail.lta.gov.sg,gov.sg,Could not resolve host: www.webmail.lta.gov.sg,none
www.workfare.gov.sg,gov.sg,Could not resolve host: www.workfare.gov.sg,none
www.wplnassess.gov.sg,gov.sg,Could not resolve host: www.wplnassess.gov.sg,none
www.wponline.mom.gov.sg,gov.sg,Could not resolve host: www.wponline.mom.gov.sg,none
www1.charities.gov.sg,gov.sg,Could not resolve host: www1.charities.gov.sg,none
www1.singstat.gov.sg,gov.sg,Connection timed out after 3001 milliseconds,none
www103.hdb.gov.sg,gov.sg,Could not resolve host: www103.hdb.gov.sg,none
www11.mpa.gov.sg,gov.sg,Could not resolve host: www11.mpa.gov.sg,none
www2.cpf.gov.sg,gov.sg,403,none
www2.mpa.gov.sg,gov.sg,Could not resolve host: www2.mpa.gov.sg,none
www20.hdb.gov.sg,gov.sg,Could not resolve host: www20.hdb.gov.sg,none
www4.mpa.gov.sg,gov.sg,Could not resolve host: www4.mpa.gov.sg,none
www5-t.mpa.gov.sg,gov.sg,Connection timed out after 3002 milliseconds,none
www5.mpa.gov.sg,gov.sg,403,none
www68a.hdb.gov.sg,gov.sg,Could not resolve host: www68a.hdb.gov.sg,none
www78a.hdb.gov.sg,gov.sg,Could not resolve host: www78a.hdb.gov.sg,none
www9.mpa.gov.sg,gov.sg,Could not resolve host: www9.mpa.gov.sg,none
xauthoring.uat.seab.gov.sg,gov.sg,Could not resolve host: xauthoring.uat.seab.gov.sg,none
xchange.seab.gov.sg,gov.sg,Could not resolve host: xchange.seab.gov.sg,none
xchange.uat.seab.gov.sg,gov.sg,Could not resolve host: xchange.uat.seab.gov.sg,none
xchange2.uat.seab.gov.sg,gov.sg,Could not resolve host: xchange2.uat.seab.gov.sg,none
xn--dgtv4ynrdrx5bdhb.gov.sg,gov.sg,Could not resolve host: xn--dgtv4ynrdrx5bdhb.gov.sg,none
xn--fiq11ynncssxymy.gov.sg,gov.sg,Could not resolve host: xn--fiq11ynncssxymy.gov.sg,none
xn--xcr05jj0e9u3bdqs.gov.sg,gov.sg,Could not resolve host: xn--xcr05jj0e9u3bdqs.gov.sg,none
xn--yfro4i50ebxl1wc1qjv03dn6b.gov.sg,gov.sg,Could not resolve host: xn--yfro4i50ebxl1wc1qjv03dn6b.gov.sg,none
yr-admin.sps.gov.sg,gov.sg,Could not resolve host: yr-admin.sps.gov.sg,none
