subdomain,http_status
4d.geo.admin.ch,"Could not resolve host: 4d.geo.admin.ch"
2d.geo.admin.ch,"Could not resolve host: 2d.geo.admin.ch"
a01vortex.bit.admin.ch,"Could not resolve host: a01vortex.bit.admin.ch"
acc2.admin.ch,"Could not resolve host: acc2.admin.ch"
acc.admin.ch,"Could not resolve host: acc.admin.ch"
a02vortex.bit.admin.ch,"Could not resolve host: a02vortex.bit.admin.ch"
a01vortex.admin.ch,"Could not resolve host: a01vortex.admin.ch"
acc4.admin.ch,"Could not resolve host: acc4.admin.ch"
aaa-a.ssltest.admin.ch,"Could not resolve host: aaa-a.ssltest.admin.ch"
aaa2-a.ssltest.admin.ch,"Could not resolve host: aaa2-a.ssltest.admin.ch"
acc.caz.admin.ch,"Could not resolve host: acc.caz.admin.ch"
aerialimages3.geo.admin.ch,"Could not resolve host: aerialimages3.geo.admin.ch"
aaa-t.ssltest.admin.ch,"Could not resolve host: aaa-t.ssltest.admin.ch"
adminsrv6.admin.ch,"Could not resolve host: adminsrv6.admin.ch"
acc5-preprod-vs8.caz.admin.ch,"Could not resolve host: acc5-preprod-vs8.caz.admin.ch"
aerialimages4.geo.admin.ch,"Could not resolve host: aerialimages4.geo.admin.ch"
aerialimages1.geo.admin.ch,"Could not resolve host: aerialimages1.geo.admin.ch"
acc4.caz.admin.ch,"Could not resolve host: acc4.caz.admin.ch"
acc4test.caz.admin.ch,"Could not resolve host: acc4test.caz.admin.ch"
a-vortex.ssz.admin.ch,"Could not resolve host: a-vortex.ssz.admin.ch"
aerialimages.geo.admin.ch,"Could not resolve host: aerialimages.geo.admin.ch"
aerialimages2.geo.admin.ch,"Could not resolve host: aerialimages2.geo.admin.ch"
aerialimages0.geo.admin.ch,"Could not resolve host: aerialimages0.geo.admin.ch"
acc.ssz.admin.ch,"Could not resolve host: acc.ssz.admin.ch"
api4.geo.admin.ch,"Could not resolve host: api4.geo.admin.ch"
3d.geo.admin.ch,"403"
accv.caz.admin.ch,"Could not resolve host: accv.caz.admin.ch"
adfs.eda.admin.ch,"Could not resolve host: adfs.eda.admin.ch"
acc5-preprod-vs9.caz.admin.ch,"Could not resolve host: acc5-preprod-vs9.caz.admin.ch"
acctestsso.caz.admin.ch,"Could not resolve host: acctestsso.caz.admin.ch"
accb.ssz.admin.ch,"Could not resolve host: accb.ssz.admin.ch"
ags-ctrx.ras.admin.ch,"Could not resolve host: ags-ctrx.ras.admin.ch"
ags-ctrx.rastest.admin.ch,"Could not resolve host: ags-ctrx.rastest.admin.ch"
adfs-poc.rastest.admin.ch,"Could not resolve host: adfs-poc.rastest.admin.ch"
adfsint.eda.admin.ch,"Could not resolve host: adfsint.eda.admin.ch"
api.geo.admin.ch,"404"
ads-v.vegate.admin.ch,"Could not resolve host: ads-v.vegate.admin.ch"
api3.geo.admin.ch,"404"
arc98-smartcard.ssltest.admin.ch,"Could not resolve host: arc98-smartcard.ssltest.admin.ch"
aev14online-2fa.ssltest.admin.ch,"Could not resolve host: aev14online-2fa.ssltest.admin.ch"
aev14online.ssl.admin.ch,"Could not resolve host: aev14online.ssl.admin.ch"
ags-rasts.ras.admin.ch,"Could not resolve host: ags-rasts.ras.admin.ch"
arc98-smartcard.ssl.admin.ch,"Could not resolve host: arc98-smartcard.ssl.admin.ch"
app01-abna.bazl.admin.ch,"Could not resolve host: app01-abna.bazl.admin.ch"
arcgis-js-api.baustellen.pta.emrot.vdv.admin.ch,"Could not resolve host: arcgis-js-api.baustellen.pta.emrot.vdv.admin.ch"
apis.sem.admin.ch,"Could not resolve host: apis.sem.admin.ch"
apis-int.sem.admin.ch,"Could not resolve host: apis-int.sem.admin.ch"
admin.ch,"301"
apis.bfm.admin.ch,"Could not resolve host: apis.bfm.admin.ch"
appl.avam.bfi.admin.ch,"Could not resolve host: appl.avam.bfi.admin.ch"
arcgis-js-api.vm-ch.vdv.admin.ch,"Could not resolve host: arcgis-js-api.vm-ch.vdv.admin.ch"
account.idm.eda.admin.ch,"307"
angebot.intranet.bit.admin.ch,"Could not resolve host: angebot.intranet.bit.admin.ch"
appgsw.admin.ch,"Could not resolve host: appgsw.admin.ch"
alsvaportal.ezv.admin.ch,"503"
arc98-sec-pw.ssl.admin.ch,"Could not resolve host: arc98-sec-pw.ssl.admin.ch"
ags-rasts.rastest.admin.ch,"Could not resolve host: ags-rasts.rastest.admin.ch"
arc98-sec-pw.ssltest.admin.ch,"Could not resolve host: arc98-sec-pw.ssltest.admin.ch"
adfs.idm.eda.admin.ch,"404"
aps.rastest.admin.ch,"Could not resolve host: aps.rastest.admin.ch"
arc98-sec.ssl.admin.ch,"Could not resolve host: arc98-sec.ssl.admin.ch"
avconf.admin.ch,"Recv failure: Connexion ré-initialisée par le correspondant"
airstat.bazl.admin.ch,"302"
am-a.eiam.admin.ch,"302"
bazl-eap.rastest.admin.ch,"Could not resolve host: bazl-eap.rastest.admin.ch"
arcgis-js-api.in.vm-ch.vmz.admin.ch,"Could not resolve host: arcgis-js-api.in.vm-ch.vmz.admin.ch"
app02.bazl.admin.ch,"200"
author-internet.vbs.admin.ch,"SSL certificate problem: self-signed certificate"
am-r.eiam.admin.ch,"302"
bger-intranet-2fa.ssltest.admin.ch,"Could not resolve host: bger-intranet-2fa.ssltest.admin.ch"
arcgis-js-api.vm-ch.pta.emrot.vdv.admin.ch,"Could not resolve host: arcgis-js-api.vm-ch.pta.emrot.vdv.admin.ch"
access-r.eiam.admin.ch,"200"
avdi-storefront-url-a.admin.ch,"Could not resolve host: avdi-storefront-url-a.admin.ch"
am.eiam.admin.ch,"302"
avconf.parl.admin.ch,"Could not resolve host: avconf.parl.admin.ch"
baustellen.astra.admin.ch,"Failed to connect to baustellen.astra.admin.ch port 443 after 86 ms: Could not connect to server"
access-a.eiam.admin.ch,"200"
beschaffungsstellen.admin.ch,"301"
app01.bazl.admin.ch,"301"
access.eiam.admin.ch,"200"
bit.geo.admin.ch,"Could not resolve host: bit.geo.admin.ch"
autodiscover.parl.admin.ch,"302"
bger-thinlinc.rastest.admin.ch,"Could not resolve host: bger-thinlinc.rastest.admin.ch"
axtares.admin.ch,"200"
arcgis-js-api.baustellen.astra.admin.ch,"404"
bger-si-gt.rastest.admin.ch,"Could not resolve host: bger-si-gt.rastest.admin.ch"
arcgis-js-api.tesi.astra.admin.ch,"SSL: no alternative certificate subject name matches target hostname 'arcgis-js-api.tesi.astra.admin.ch'"
burweb2-r.admin.ch,"Could not resolve host: burweb2-r.admin.ch"
bger-tlmail.rastest.admin.ch,"Could not resolve host: bger-tlmail.rastest.admin.ch"
bundesreisezentrale.admin.ch,"Could not resolve host: bundesreisezentrale.admin.ch"
ca-sbpi.seco.admin.ch,"Could not resolve host: ca-sbpi.seco.admin.ch"
atlas.bfs.admin.ch,"200"
arcgis-js-api.vm-ch.astra.admin.ch,"404"
arcgis-js-api.in.baustellen.astra.admin.ch,"404"
bundespublikationen.admin.ch,"301"
arcgis-js-api.sh.baustellen.astra.admin.ch,"404"
bger-webmail-2fa.ssltest.admin.ch,"Could not resolve host: bger-webmail-2fa.ssltest.admin.ch"
carta.geo.admin.ch,"308"
arcgis-js-api.sh.vm-ch.astra.admin.ch,"404"
bger-activesync.ras.admin.ch,"OpenSSL SSL_read: OpenSSL/3.5.3: error:0A00045C:SSL routines::tlsv13 alert certificate required, errno 0"
carte.geo.admin.ch,"308"
chat.geo.admin.ch,"Could not resolve host: chat.geo.admin.ch"
ci.geo.admin.ch,"Could not resolve host: ci.geo.admin.ch"
arcgis-js-api.vp.baustellen.astra.admin.ch,"404"
certipro-2fa.ssltest.admin.ch,"Could not resolve host: certipro-2fa.ssltest.admin.ch"
arcgis-js-api.vp.vm-ch.astra.admin.ch,"404"
arcgis-js-api.in.vm-ch.astra.admin.ch,"404"
bger-tlmail.ras.admin.ch,"200"
bewilligungen.admin.ch,"SSL certificate problem: self-signed certificate"
certlogin.isceco.admin.ch,"Could not resolve host: certlogin.isceco.admin.ch"
certificate-renewal.a-pki.admin.ch,"SSL certificate problem: unable to get local issuer certificate"
ba.ssltest.admin.ch,"Could not resolve host: ba.ssltest.admin.ch"
bab.ssltest.admin.ch,"Could not resolve host: bab.ssltest.admin.ch"
bab.ssl.admin.ch,"Could not resolve host: bab.ssl.admin.ch"
ba.ssl.admin.ch,"Could not resolve host: ba.ssl.admin.ch"
bger-webmail.ras.admin.ch,"500"
charta.geo.admin.ch,"308"
certlogin.suissetax.estv.admin.ch,"Could not resolve host: certlogin.suissetax.estv.admin.ch"
certificate-renewal.pki.admin.ch,"404"
cms-bag4.ssl.admin.ch,"Could not resolve host: cms-bag4.ssl.admin.ch"
bger-thinlinc.ras.admin.ch,"200"
bger-si-gt.ras.admin.ch,"200"
certlogin.ezivi.admin.ch,"Could not resolve host: certlogin.ezivi.admin.ch"
certipro.ssl.admin.ch,"500"
cminit.a-pki.admin.ch,"Could not resolve host: cminit.a-pki.admin.ch"
cms.atlas.bfs.admin.ch,"Could not resolve host: cms.atlas.bfs.admin.ch"
cms-efvintra.ssl.admin.ch,"Could not resolve host: cms-efvintra.ssl.admin.ch"
cmc.pki.admin.ch,"404"
cmc.a-pki.admin.ch,"404"
cms-suisseid.ssl.admin.ch,"Could not resolve host: cms-suisseid.ssl.admin.ch"
csr.a-pki.admin.ch,"SSL certificate problem: unable to get local issuer certificate"
d-nsbs-a.admin.ch,"Could not resolve host: d-nsbs-a.admin.ch"
cug-ir.efk.admin.ch,"SSL: no alternative certificate subject name matches target hostname 'cug-ir.efk.admin.ch'"
dashboard.geo.admin.ch,"Could not resolve host: dashboard.geo.admin.ch"
cug-kt.efk.admin.ch,"SSL: no alternative certificate subject name matches target hostname 'cug-kt.efk.admin.ch'"
db.geo.admin.ch,"Could not resolve host: db.geo.admin.ch"
d-nsbs-r.admin.ch,"Could not resolve host: d-nsbs-r.admin.ch"
csr.pki.admin.ch,"404"
demo.geo.admin.ch,"Could not resolve host: demo.geo.admin.ch"
d-nsbs-p.admin.ch,"Could not resolve host: d-nsbs-p.admin.ch"
cyberlg.vtg.admin.ch,"403"
deploy.geo.admin.ch,"Could not resolve host: deploy.geo.admin.ch"
dav0.bgdi.admin.ch,"Could not resolve host: dav0.bgdi.admin.ch"
dev.geo.admin.ch,"Could not resolve host: dev.geo.admin.ch"
collaboration.eda.admin.ch,"302"
data.admin.ch,"Failed to connect to data.admin.ch port 443 after 86 ms: Could not connect to server"
cms.geo.admin.ch,"200"
dev.lt.admin.ch,"Could not resolve host: dev.lt.admin.ch"
data.geo.admin.ch,"200"
dialin.admin.ch,"Could not resolve host: dialin.admin.ch"
dfae.admin.ch,"Could not resolve host: dfae.admin.ch"
demo.lt.admin.ch,"Could not resolve host: demo.lt.admin.ch"
deza.admin.ch,"307"
dev.bgdi.admin.ch,"Could not resolve host: dev.bgdi.admin.ch"
dppoc-gateway-r.admin.ch,"Could not resolve host: dppoc-gateway-r.admin.ch"
documents.scms.pki.admin.ch,"Could not resolve host: documents.scms.pki.admin.ch"
documents-scms.a-pki.admin.ch,"Could not resolve host: documents-scms.a-pki.admin.ch"
duke-test.vbs.admin.ch,"Could not resolve host: duke-test.vbs.admin.ch"
dev.regress.admin.ch,"401"
dwh1-2fa.ssltest.admin.ch,"Could not resolve host: dwh1-2fa.ssltest.admin.ch"
download.a-pki.admin.ch,"Could not resolve host: download.a-pki.admin.ch"
dynamo.geo.admin.ch,"Could not resolve host: dynamo.geo.admin.ch"
dwh1-smartcard.ssltest.admin.ch,"Could not resolve host: dwh1-smartcard.ssltest.admin.ch"
dialin.eda.admin.ch,"200"
duke-i.vbs.admin.ch,"Failed to connect to duke-i.vbs.admin.ch port 443 after 107 ms: Could not connect to server"
duke.vbs.admin.ch,"Failed to connect to duke.vbs.admin.ch port 443 after 104 ms: Could not connect to server"
e-dec-web-a.ssltest.admin.ch,"Could not resolve host: e-dec-web-a.ssltest.admin.ch"
e-dec-web-a.ssl.admin.ch,"Could not resolve host: e-dec-web-a.ssl.admin.ch"
e-dec-web-r.ezv.admin.ch,"Could not resolve host: e-dec-web-r.ezv.admin.ch"
e-dec-web.ssl.admin.ch,"Could not resolve host: e-dec-web.ssl.admin.ch"
e-dec-web-a.ezv.admin.ch,"403"
dwh1-smartcard.ssl.admin.ch,"500"
eap.rastest.admin.ch,"Could not resolve host: eap.rastest.admin.ch"
dwh1-sec.ssl.admin.ch,"200"
eap-r.rastest.admin.ch,"Could not resolve host: eap-r.rastest.admin.ch"
e-dec-web.ezv.admin.ch,"404"
e-parl.admin.ch,"302"
ebanking.skb.admin.ch,"Failed to connect to ebanking.skb.admin.ch port 443 after 83 ms: Could not connect to server"
eda.admin.ch,"307"
east.mwp.vtg.admin.ch,"Could not resolve host: east.mwp.vtg.admin.ch"
ebd.ezv.admin.ch,"Failed to connect to ebd.ezv.admin.ch port 443 after 97 ms: Could not connect to server"
ebegleitdokumente.app.atlantica.admin.ch,"Could not resolve host: ebegleitdokumente.app.atlantica.admin.ch"
edoc-ejpd.pki.admin.ch,"Could not resolve host: edoc-ejpd.pki.admin.ch"
educms.admin.ch,"Could not resolve host: educms.admin.ch"
egate.admin.ch,"Failed to connect to egate.admin.ch port 443 after 86 ms: Could not connect to server"
efk.admin.ch,"301"
ejpdxn0030.admin.ch,"Could not resolve host: ejpdxn0030.admin.ch"
ekff.admin.ch,"200"
ekkj.admin.ch,"200"
elections.admin.ch,"301"
elic-client.admin.ch,"Could not resolve host: elic-client.admin.ch"
elezioni.admin.ch,"301"
elic-idm.admin.ch,"Could not resolve host: elic-idm.admin.ch"
elic-service.bfi.admin.ch,"Could not resolve host: elic-service.bfi.admin.ch"
epo.ejpd.admin.ch,"Could not resolve host: epo.ejpd.admin.ch"
esurvey-t-transerver.idzedi.admin.ch,"Could not resolve host: esurvey-t-transerver.idzedi.admin.ch"
erweiterungsbeitrag.admin.ch,"307"
esurvey-transerver.idzedi.admin.ch,"Could not resolve host: esurvey-transerver.idzedi.admin.ch"
esurvey-t.idzedi.admin.ch,"Could not resolve host: esurvey-t.idzedi.admin.ch"
etierversuche-2fa.ssltest.admin.ch,"Could not resolve host: etierversuche-2fa.ssltest.admin.ch"
esurvey.idzedi.admin.ch,"Could not resolve host: esurvey.idzedi.admin.ch"
appgatesw.admin.ch,"Could not resolve host: appgatesw.admin.ch"
arc98-2fa.ssltest.admin.ch,"Could not resolve host: arc98-2fa.ssltest.admin.ch"
apis-int.bfm.admin.ch,"Could not resolve host: apis-int.bfm.admin.ch"
arcgis-js-api.sh.baustellen.vmz.admin.ch,"Could not resolve host: arcgis-js-api.sh.baustellen.vmz.admin.ch"
arcgis-js-api.sh.vm-ch.vmz.admin.ch,"Could not resolve host: arcgis-js-api.sh.vm-ch.vmz.admin.ch"
arcgis-js-api.vp.baustellen.vmz.admin.ch,"Could not resolve host: arcgis-js-api.vp.baustellen.vmz.admin.ch"
etierversuche-en-2fa.ssltest.admin.ch,"Could not resolve host: etierversuche-en-2fa.ssltest.admin.ch"
arcgis-js-api.baustellen.vmz.admin.ch,"Could not resolve host: arcgis-js-api.baustellen.vmz.admin.ch"
avdi-storefront-url.admin.ch,"Could not resolve host: avdi-storefront-url.admin.ch"
arcgis-js-api.in.baustellen.vmz.admin.ch,"Could not resolve host: arcgis-js-api.in.baustellen.vmz.admin.ch"
author.eda.admin.ch,"Could not resolve host: author.eda.admin.ch"
arcgis-js-api.tesi.vdv.admin.ch,"Could not resolve host: arcgis-js-api.tesi.vdv.admin.ch"
arcgis-js-api.baustellen.vdv.admin.ch,"Could not resolve host: arcgis-js-api.baustellen.vdv.admin.ch"
etierversuche-in-sec.ssl.admin.ch,"Could not resolve host: etierversuche-in-sec.ssl.admin.ch"
art74ivg-t.bsv.admin.ch,"Could not resolve host: art74ivg-t.bsv.admin.ch"
arcgis-js-api.vp.vm-ch.vmz.admin.ch,"Could not resolve host: arcgis-js-api.vp.vm-ch.vmz.admin.ch"
ba-t.rastest.admin.ch,"Could not resolve host: ba-t.rastest.admin.ch"
arcgis-js-api.vm-ch.vmz.admin.ch,"Could not resolve host: arcgis-js-api.vm-ch.vmz.admin.ch"
arcgis-js-api.test.vm-ch.astra.admin.ch,"Could not resolve host: arcgis-js-api.test.vm-ch.astra.admin.ch"
etierversuche-in-2fa.ssltest.admin.ch,"Could not resolve host: etierversuche-in-2fa.ssltest.admin.ch"
etierversuche-sec.ssl.admin.ch,"Could not resolve host: etierversuche-sec.ssl.admin.ch"
eversteigerung.ssl.admin.ch,"Could not resolve host: eversteigerung.ssl.admin.ch"
bebera.ras.admin.ch,"Could not resolve host: bebera.ras.admin.ch"
etierversuche-vp-sec.ssl.admin.ch,"Could not resolve host: etierversuche-vp-sec.ssl.admin.ch"
bakom-r-nis.ssltest.admin.ch,"Could not resolve host: bakom-r-nis.ssltest.admin.ch"
etierversuche-vp-2fa.ssltest.admin.ch,"Could not resolve host: etierversuche-vp-2fa.ssltest.admin.ch"
ber-webien3-01.vbs.inter.admin.ch,"Could not resolve host: ber-webien3-01.vbs.inter.admin.ch"
feature.geo.admin.ch,"Could not resolve host: feature.geo.admin.ch"
file.geo.admin.ch,"Could not resolve host: file.geo.admin.ch"
bger-intranet.ssl.admin.ch,"Could not resolve host: bger-intranet.ssl.admin.ch"
files.geo.admin.ch,"Could not resolve host: files.geo.admin.ch"
bger-activesync.rastest.admin.ch,"Could not resolve host: bger-activesync.rastest.admin.ch"
files.admin.ch,"Could not resolve host: files.admin.ch"
fdfa.admin.ch,"Could not resolve host: fdfa.admin.ch"
bebera.rastest.admin.ch,"Could not resolve host: bebera.rastest.admin.ch"
ca-sbpp.seco.admin.ch,"Could not resolve host: ca-sbpp.seco.admin.ch"
bundesreisenzentrale.admin.ch,"Could not resolve host: bundesreisenzentrale.admin.ch"
files.gate-r.astra.admin.ch,"Could not resolve host: files.gate-r.astra.admin.ch"
events.eda.admin.ch,"200"
filemaker.estv.admin.ch,"Could not resolve host: filemaker.estv.admin.ch"
firstgrepre.finma.admin.ch,"Could not resolve host: firstgrepre.finma.admin.ch"
experimental.bfs.admin.ch,"302"
certificaterenewal.pki.admin.ch,"Could not resolve host: certificaterenewal.pki.admin.ch"
fkr-gesu-web-r.astra.admin.ch,"Could not resolve host: fkr-gesu-web-r.astra.admin.ch"
first.finma.admin.ch,"Could not resolve host: first.finma.admin.ch"
certrenewal.a-pki.admin.ch,"Could not resolve host: certrenewal.a-pki.admin.ch"
certlogin.ezivi-sh.admin.ch,"Could not resolve host: certlogin.ezivi-sh.admin.ch"
extranet.isos.bak.admin.ch,"SSL: no alternative certificate subject name matches target hostname 'extranet.isos.bak.admin.ch'"
certificate-renewal.r-pki.admin.ch,"Could not resolve host: certificate-renewal.r-pki.admin.ch"
feds-a.eiam.admin.ch,"404"
cib-publica-2fa.ssltest.admin.ch,"Could not resolve host: cib-publica-2fa.ssltest.admin.ch"
files.gate-a.astra.admin.ch,"403"
fkr-verw-rest-r.astra.admin.ch,"Could not resolve host: fkr-verw-rest-r.astra.admin.ch"
firstgre.finma.admin.ch,"Could not resolve host: firstgre.finma.admin.ch"
chm.mwst-a.estv.admin.ch,"Could not resolve host: chm.mwst-a.estv.admin.ch"
classifications.data.admin.ch,"Could not resolve host: classifications.data.admin.ch"
certrenewal.pki.admin.ch,"Could not resolve host: certrenewal.pki.admin.ch"
fkr-verw-wsg-out.astra.admin.ch,"Could not resolve host: fkr-verw-wsg-out.astra.admin.ch"
fkr-verw-web-temp.astra.admin.ch,"Could not resolve host: fkr-verw-web-temp.astra.admin.ch"
feds-r.eiam.admin.ch,"404"
cms-secobf.ssl.admin.ch,"Could not resolve host: cms-secobf.ssl.admin.ch"
cms-agroscope.ssl.admin.ch,"Could not resolve host: cms-agroscope.ssl.admin.ch"
ci.lt.admin.ch,"Could not resolve host: ci.lt.admin.ch"
flightnet-abna.bazl.admin.ch,"Could not resolve host: flightnet-abna.bazl.admin.ch"
fkr-verw-ws-r.astra.admin.ch,"Could not resolve host: fkr-verw-ws-r.astra.admin.ch"
fkr-gesu-web.astra.admin.ch,"404"
feds.eiam.admin.ch,"404"
fkr-verw-ws.astra.admin.ch,"Could not resolve host: fkr-verw-ws.astra.admin.ch"
fms.bakom.admin.ch,"Could not resolve host: fms.bakom.admin.ch"
files.gate.astra.admin.ch,"403"
forms.admin.ch,"Could not resolve host: forms.admin.ch"
forms-a.admin.ch,"Could not resolve host: forms-a.admin.ch"
fkr-verw-web-r-temp.astra.admin.ch,"Could not resolve host: fkr-verw-web-r-temp.astra.admin.ch"
cmsp-s.admin.ch,"Could not resolve host: cmsp-s.admin.ch"
cms-kmuinfo2.ssl.admin.ch,"Could not resolve host: cms-kmuinfo2.ssl.admin.ch"
fwiczoa-obm.nms.admin.ch,"Could not resolve host: fwiczoa-obm.nms.admin.ch"
fwiczoa.nms.admin.ch,"Could not resolve host: fwiczoa.nms.admin.ch"
fkr-verw-rest.astra.admin.ch,"Could not resolve host: fkr-verw-rest.astra.admin.ch"
geo.admin.ch,"Could not resolve host: geo.admin.ch"
fkr-verw-ws-a.astra.admin.ch,"Could not resolve host: fkr-verw-ws-a.astra.admin.ch"
geoadmin.ch,"Could not resolve host: geoadmin.ch"
cib-publica.ssl.admin.ch,"Could not resolve host: cib-publica.ssl.admin.ch"
fsdi.admin.ch,"Could not resolve host: fsdi.admin.ch"
fp.vegate.admin.ch,"Could not resolve host: fp.vegate.admin.ch"
get-cert.gate-a.eiam.admin.ch,"Could not resolve host: get-cert.gate-a.eiam.admin.ch"
cms-ebg.ssl.admin.ch,"Could not resolve host: cms-ebg.ssl.admin.ch"
git.geo.admin.ch,"Could not resolve host: git.geo.admin.ch"
gtarga.ssl.admin.ch,"Could not resolve host: gtarga.ssl.admin.ch"
git.isceco.admin.ch,"Could not resolve host: git.isceco.admin.ch"
gtarga-2fa.ssltest.admin.ch,"Could not resolve host: gtarga-2fa.ssltest.admin.ch"
forst-stat.bfs.admin.ch,"Failed to connect to forst-stat.bfs.admin.ch port 443 after 88 ms: Could not connect to server"
cms-secoet3.ssl.admin.ch,"Could not resolve host: cms-secoet3.ssl.admin.ch"
gw-int.mobile.admin.ch,"Could not resolve host: gw-int.mobile.admin.ch"
historicalmaps1.geo.admin.ch,"Could not resolve host: historicalmaps1.geo.admin.ch"
historicalmaps0.geo.admin.ch,"Could not resolve host: historicalmaps0.geo.admin.ch"
height.geo.admin.ch,"Could not resolve host: height.geo.admin.ch"
gpv.astra.admin.ch,"Could not resolve host: gpv.astra.admin.ch"
historicalmaps.geo.admin.ch,"Could not resolve host: historicalmaps.geo.admin.ch"
get-cert.gate.eiam.admin.ch,"Could not resolve host: get-cert.gate.eiam.admin.ch"
geocat.admin.ch,"Could not resolve host: geocat.admin.ch"
historicalmaps3.geo.admin.ch,"Could not resolve host: historicalmaps3.geo.admin.ch"
historicalmaps2.geo.admin.ch,"Could not resolve host: historicalmaps2.geo.admin.ch"
hydrogeo.astra.admin.ch,"Could not resolve host: hydrogeo.astra.admin.ch"
historicalmaps4.geo.admin.ch,"Could not resolve host: historicalmaps4.geo.admin.ch"
i07ssz.iegate.admin.ch,"Could not resolve host: i07ssz.iegate.admin.ch"
i12ci.iegate.admin.ch,"Could not resolve host: i12ci.iegate.admin.ch"
geocat.lt.admin.ch,"Could not resolve host: geocat.lt.admin.ch"
i7wweb.iegate.admin.ch,"Could not resolve host: i7wweb.iegate.admin.ch"
identity-a.ezv.admin.ch,"Could not resolve host: identity-a.ezv.admin.ch"
i15ssz.iegate.admin.ch,"Could not resolve host: i15ssz.iegate.admin.ch"
i93ssz.iegate.admin.ch,"Could not resolve host: i93ssz.iegate.admin.ch"
i72ssz.iegate.admin.ch,"Could not resolve host: i72ssz.iegate.admin.ch"
geodesy.geo.admin.ch,"404"
iam.geo.admin.ch,"Could not resolve host: iam.geo.admin.ch"
identity-r.ezv.admin.ch,"Could not resolve host: identity-r.ezv.admin.ch"
feds-t.eiam.admin.ch,"404"
help.geo.admin.ch,"307"
idp-base.gate-r.eiam.admin.ch,"Could not resolve host: idp-base.gate-r.eiam.admin.ch"
i72ssz.vegate.admin.ch,"Could not resolve host: i72ssz.vegate.admin.ch"
i11ssz.iegate.admin.ch,"Could not resolve host: i11ssz.iegate.admin.ch"
i15ci.iegate.admin.ch,"Could not resolve host: i15ci.iegate.admin.ch"
identity-d.ezv.admin.ch,"Failed to connect to identity-d.ezv.admin.ch port 443 after 70 ms: Could not connect to server"
idp-cert.gate-a.eiam.admin.ch,"Could not resolve host: idp-cert.gate-a.eiam.admin.ch"
i10ssz.iegate.admin.ch,"Could not resolve host: i10ssz.iegate.admin.ch"
idp-cert.gate.eiam.admin.ch,"Could not resolve host: idp-cert.gate.eiam.admin.ch"
idp-kerb-int.gate.eiam.admin.ch,"Could not resolve host: idp-kerb-int.gate.eiam.admin.ch"
identity.ezv.admin.ch,"Could not resolve host: identity.ezv.admin.ch"
idp-med.admin.ch,"Could not resolve host: idp-med.admin.ch"
gov-ref.mobile.admin.ch,"503"
idp-cert-int.gate-r.eiam.admin.ch,"Could not resolve host: idp-cert-int.gate-r.eiam.admin.ch"
idp-cert-lisign.iam.isceco.admin.ch,"Could not resolve host: idp-cert-lisign.iam.isceco.admin.ch"
idp-cert-suisseid.iam.isceco.admin.ch,"Could not resolve host: idp-cert-suisseid.iam.isceco.admin.ch"
group.eda.admin.ch,"403"
idp-med-r.admin.ch,"Could not resolve host: idp-med-r.admin.ch"
i91ssz.iegate.admin.ch,"Could not resolve host: i91ssz.iegate.admin.ch"
idp-sap.iegate.admin.ch,"Could not resolve host: idp-sap.iegate.admin.ch"
iegate.admin.ch,"Could not resolve host: iegate.admin.ch"
idp-cert.gate-r.eiam.admin.ch,"Could not resolve host: idp-cert.gate-r.eiam.admin.ch"
idp-cert-swissgov.iam.isceco.admin.ch,"Failed to connect to idp-cert-swissgov.iam.isceco.admin.ch port 443 after 76 ms: Could not connect to server"
gw-ref.mobile.admin.ch,"302"
geodata01.admin.ch,"200"
idp-med-a.admin.ch,"Could not resolve host: idp-med-a.admin.ch"
gov-int.mobile.admin.ch,"503"
infopers-2fa.ssltest.admin.ch,"Could not resolve host: infopers-2fa.ssltest.admin.ch"
infopers.ssl.admin.ch,"Could not resolve host: infopers.ssl.admin.ch"
infra.geo.admin.ch,"Could not resolve host: infra.geo.admin.ch"
int-brz.eda.admin.ch,"Could not resolve host: int-brz.eda.admin.ch"
int-ioelections.eda.admin.ch,"Could not resolve host: int-ioelections.eda.admin.ch"
idp-kerb-int.gate-r.eiam.admin.ch,"Could not resolve host: idp-kerb-int.gate-r.eiam.admin.ch"
int-jahresbericht-kdl.eda.admin.ch,"Could not resolve host: int-jahresbericht-kdl.eda.admin.ch"
int-move.eda.admin.ch,"Could not resolve host: int-move.eda.admin.ch"
int-ips.eda.admin.ch,"Could not resolve host: int-ips.eda.admin.ch"
int-training.eda.admin.ch,"Could not resolve host: int-training.eda.admin.ch"
idp-otp-a.admin.ch,"400"
int-vip.eda.admin.ch,"Could not resolve host: int-vip.eda.admin.ch"
idp-sap.vegate.admin.ch,"Could not resolve host: idp-sap.vegate.admin.ch"
int-commonapps.eda.admin.ch,"Could not resolve host: int-commonapps.eda.admin.ch"
inforegister-test.zas.admin.ch,"Could not resolve host: inforegister-test.zas.admin.ch"
int.events.eda.admin.ch,"Could not resolve host: int.events.eda.admin.ch"
inforegister.zas.admin.ch,"301"
idp-base.gate-a.eiam.admin.ch,"404"
int.ex1.lmsvbs.admin.ch,"Could not resolve host: int.ex1.lmsvbs.admin.ch"
int.evera.eda.admin.ch,"Could not resolve host: int.evera.eda.admin.ch"
idp-otp.admin.ch,"Recv failure: Connexion ré-initialisée par le correspondant"
int.geo.admin.ch,"Could not resolve host: int.geo.admin.ch"
idp-sap.egate.admin.ch,"Could not resolve host: idp-sap.egate.admin.ch"
int-itdoc.eda.admin.ch,"Could not resolve host: int-itdoc.eda.admin.ch"
int.bgdi.admin.ch,"Could not resolve host: int.bgdi.admin.ch"
inooufkn.eda.admin.ch,"404"
int.edavis.eda.admin.ch,"Could not resolve host: int.edavis.eda.admin.ch"
int.lms.admin.ch,"Could not resolve host: int.lms.admin.ch"
idp-base.gate.eiam.admin.ch,"404"
int.lmsezv.admin.ch,"Could not resolve host: int.lmsezv.admin.ch"
int.plato-ams.eda.admin.ch,"Could not resolve host: int.plato-ams.eda.admin.ch"
ies.admin.ch,"302"
int.plato-hh.eda.admin.ch,"Could not resolve host: int.plato-hh.eda.admin.ch"
int.account.idm.eda.admin.ch,"Could not resolve host: int.account.idm.eda.admin.ch"
integration.ch-edoc-passantrag.admin.ch,"Could not resolve host: integration.ch-edoc-passantrag.admin.ch"
integration.navig.admin.ch,"Could not resolve host: integration.navig.admin.ch"
integration.swiss-visa-application.admin.ch,"Could not resolve host: integration.swiss-visa-application.admin.ch"
int.cvtool.eda.admin.ch,"Could not resolve host: int.cvtool.eda.admin.ch"
integspamgate.admin.ch,"Could not resolve host: integspamgate.admin.ch"
int.inooufkn.eda.admin.ch,"Could not resolve host: int.inooufkn.eda.admin.ch"
int.ex6.lmsvbs.admin.ch,"Could not resolve host: int.ex6.lmsvbs.admin.ch"
interruptio-ges.bfs.admin.ch,"Could not resolve host: interruptio-ges.bfs.admin.ch"
int.adfs.idm.eda.admin.ch,"Could not resolve host: int.adfs.idm.eda.admin.ch"
internet-author.vbs.admin.ch,"Could not resolve host: internet-author.vbs.admin.ch"
intra.eda.admin.ch,"Could not resolve host: intra.eda.admin.ch"
edez.ezv.admin.ch,"Could not resolve host: edez.ezv.admin.ch"
intranet.b2bshop.admin.ch,"Could not resolve host: intranet.b2bshop.admin.ch"
int.lmsvbs.admin.ch,"Could not resolve host: int.lmsvbs.admin.ch"
intranet.gate-a.bar.admin.ch,"Could not resolve host: intranet.gate-a.bar.admin.ch"
intranet.fub.admin.ch,"Could not resolve host: intranet.fub.admin.ch"
intranet.gate-a.bav.admin.ch,"Could not resolve host: intranet.gate-a.bav.admin.ch"
intranet.b2bshop-v.admin.ch,"Could not resolve host: intranet.b2bshop-v.admin.ch"
intranet.b2bshop-i.admin.ch,"Could not resolve host: intranet.b2bshop-i.admin.ch"
int.webfacts.eda.admin.ch,"Could not resolve host: int.webfacts.eda.admin.ch"
intranet.efocus.admin.ch,"Could not resolve host: intranet.efocus.admin.ch"
int.ordipro.eda.admin.ch,"302"
intranet.gate-a.swissmedic.admin.ch,"Could not resolve host: intranet.gate-a.swissmedic.admin.ch"
intranet.gate-a.eiam.admin.ch,"Could not resolve host: intranet.gate-a.eiam.admin.ch"
intranet.gate-r.bar.admin.ch,"Could not resolve host: intranet.gate-r.bar.admin.ch"
intranet.gate-a.bfs.admin.ch,"Could not resolve host: intranet.gate-a.bfs.admin.ch"
intranet.gate-r.bfs.admin.ch,"Could not resolve host: intranet.gate-r.bfs.admin.ch"
intranet.ar.admin.ch,"302"
int.translation.eda.admin.ch,"403"
edu.evera.eda.admin.ch,"Could not resolve host: edu.evera.eda.admin.ch"
intranet.gate-a.bsv.admin.ch,"Could not resolve host: intranet.gate-a.bsv.admin.ch"
edu.gwr.bfs.admin.ch,"Could not resolve host: edu.gwr.bfs.admin.ch"
intranet.egate.admin.ch,"Could not resolve host: intranet.egate.admin.ch"
intranet.es.vbs.admin.ch,"Could not resolve host: intranet.es.vbs.admin.ch"
intranet.brz.eda.admin.ch,"302"
intranet.gate-r.eiam.admin.ch,"Could not resolve host: intranet.gate-r.eiam.admin.ch"
integration.ch-edoc-reservation.admin.ch,"200"
intranet.gate-r.swissmedic.admin.ch,"Could not resolve host: intranet.gate-r.swissmedic.admin.ch"
egov.evd.admin.ch,"Could not resolve host: egov.evd.admin.ch"
intranet.baspo.admin.ch,"302"
intranet.gate.bar.admin.ch,"Could not resolve host: intranet.gate.bar.admin.ch"
intranet.gate.bfm.admin.ch,"Could not resolve host: intranet.gate.bfm.admin.ch"
intranet.gate.bsv.admin.ch,"Could not resolve host: intranet.gate.bsv.admin.ch"
intranet.gate.bfs.admin.ch,"Could not resolve host: intranet.gate.bfs.admin.ch"
intranet.gate.bav.admin.ch,"Could not resolve host: intranet.gate.bav.admin.ch"
intranet.gate-r.astra.admin.ch,"Could not resolve host: intranet.gate-r.astra.admin.ch"
intranet.gate.swissmedic.admin.ch,"Could not resolve host: intranet.gate.swissmedic.admin.ch"
intranet.heer.admin.ch,"Could not resolve host: intranet.heer.admin.ch"
intranet.insieme-a.estv.admin.ch,"Could not resolve host: intranet.insieme-a.estv.admin.ch"
intranet.insieme-r.estv.admin.ch,"Could not resolve host: intranet.insieme-r.estv.admin.ch"
intranet.gate-r.bsv.admin.ch,"Could not resolve host: intranet.gate-r.bsv.admin.ch"
intranet.ios.admin.ch,"Could not resolve host: intranet.ios.admin.ch"
intranet.medreg-a.admin.ch,"Could not resolve host: intranet.medreg-a.admin.ch"
intranet.gate.astra.admin.ch,"Could not resolve host: intranet.gate.astra.admin.ch"
intranet.gate-a.bfm.admin.ch,"Could not resolve host: intranet.gate-a.bfm.admin.ch"
intranet.mscrm-a.admin.ch,"Could not resolve host: intranet.mscrm-a.admin.ch"
intranet.medreg.admin.ch,"Could not resolve host: intranet.medreg.admin.ch"
intranet.gs-vbs.admin.ch,"Could not resolve host: intranet.gs-vbs.admin.ch"
intranet.gate.eiam.admin.ch,"Could not resolve host: intranet.gate.eiam.admin.ch"
intranet.gate-r.harrods.admin.ch,"Could not resolve host: intranet.gate-r.harrods.admin.ch"
intranet.rpc-r.admin.ch,"Could not resolve host: intranet.rpc-r.admin.ch"
intranet.rpc.admin.ch,"Could not resolve host: intranet.rpc.admin.ch"
intranet.gate-r.ccsap.admin.ch,"Could not resolve host: intranet.gate-r.ccsap.admin.ch"
intranet.sibad.vbs.admin.ch,"Could not resolve host: intranet.sibad.vbs.admin.ch"
intranet.swisstopo.admin.ch,"Could not resolve host: intranet.swisstopo.admin.ch"
elearning.sem.admin.ch,"Could not resolve host: elearning.sem.admin.ch"
intranet.mscrm-r.admin.ch,"Could not resolve host: intranet.mscrm-r.admin.ch"
intranet.wbf.admin.ch,"Could not resolve host: intranet.wbf.admin.ch"
intranet.vegate.admin.ch,"Could not resolve host: intranet.vegate.admin.ch"
intranet.mscrm.admin.ch,"Could not resolve host: intranet.mscrm.admin.ch"
intranet.sibad-i.vbs.admin.ch,"Could not resolve host: intranet.sibad-i.vbs.admin.ch"
intranet.zkv.ezv.admin.ch,"Could not resolve host: intranet.zkv.ezv.admin.ch"
intraweb.deza.admin.ch,"Could not resolve host: intraweb.deza.admin.ch"
ise-03.admin.ch,"Could not resolve host: ise-03.admin.ch"
ioelections.eda.admin.ch,"Could not resolve host: ioelections.eda.admin.ch"
intranet.sibad-t.vbs.admin.ch,"Could not resolve host: intranet.sibad-t.vbs.admin.ch"
intranet.rpc-a.admin.ch,"Could not resolve host: intranet.rpc-a.admin.ch"
ise-04.admin.ch,"Could not resolve host: ise-04.admin.ch"
issue.geo.admin.ch,"Could not resolve host: issue.geo.admin.ch"
ise-psn.admin.ch,"Could not resolve host: ise-psn.admin.ch"
ism.ssl.admin.ch,"Could not resolve host: ism.ssl.admin.ch"
ism.ssltest.admin.ch,"Could not resolve host: ism.ssltest.admin.ch"
intranet.vbs.admin.ch,"302"
jahresbericht-kdl.eda.admin.ch,"Could not resolve host: jahresbericht-kdl.eda.admin.ch"
intranet.lw.admin.ch,"Could not resolve host: intranet.lw.admin.ch"
jenkins.geo.admin.ch,"Could not resolve host: jenkins.geo.admin.ch"
intranet.zkv.ezv-a.admin.ch,"Could not resolve host: intranet.zkv.ezv-a.admin.ch"
jira-int-bfm.admin.ch,"Could not resolve host: jira-int-bfm.admin.ch"
intranet.vtg.admin.ch,"302"
jobp.egate.admin.ch,"Could not resolve host: jobp.egate.admin.ch"
intranet.zkv.ezv-r.admin.ch,"Could not resolve host: intranet.zkv.ezv-r.admin.ch"
ipwc.idzedi.admin.ch,"Could not resolve host: ipwc.idzedi.admin.ch"
jira-bfm.admin.ch,"Could not resolve host: jira-bfm.admin.ch"
jobs.admin.ch,"Could not resolve host: jobs.admin.ch"
jobs.egate.admin.ch,"Could not resolve host: jobs.egate.admin.ch"
jobv.egate.admin.ch,"Could not resolve host: jobv.egate.admin.ch"
jurispub.admin.ch,"Could not resolve host: jurispub.admin.ch"
ivs-gis.admin.ch,"308"
kav-search.bk.admin.ch,"Could not resolve host: kav-search.bk.admin.ch"
jobi.egate.admin.ch,"Could not resolve host: jobi.egate.admin.ch"
kbs-bazl.admin.ch,"Could not resolve host: kbs-bazl.admin.ch"
kbs-bazl.int.admin.ch,"Could not resolve host: kbs-bazl.int.admin.ch"
kbs.admin.ch,"Could not resolve host: kbs.admin.ch"
kbspm-bav.admin.ch,"Could not resolve host: kbspm-bav.admin.ch"
kbspm-bazl.admin.ch,"Could not resolve host: kbspm-bazl.admin.ch"
kbspm-bazl.int.admin.ch,"Could not resolve host: kbspm-bazl.int.admin.ch"
ivs.admin.ch,"301"
key-recovery.pki.admin.ch,"Could not resolve host: key-recovery.pki.admin.ch"
kbs-bav.admin.ch,"Could not resolve host: kbs-bav.admin.ch"
karte.geo.admin.ch,"308"
kbspm-bav.int.admin.ch,"Could not resolve host: kbspm-bav.int.admin.ch"
keyreco.pki.admin.ch,"Could not resolve host: keyreco.pki.admin.ch"
ktv.gate.astra.admin.ch,"Could not resolve host: ktv.gate.astra.admin.ch"
lage.naz.admin.ch,"Could not resolve host: lage.naz.admin.ch"
kbs-bav.int.admin.ch,"Could not resolve host: kbs-bav.int.admin.ch"
lb-waf-test-5.bfi.admin.ch,"Could not resolve host: lb-waf-test-5.bfi.admin.ch"
leonardo-2fa.ssltest.admin.ch,"Could not resolve host: leonardo-2fa.ssltest.admin.ch"
l52web.ccsap.admin.ch,"Could not resolve host: l52web.ccsap.admin.ch"
jurispub-a.admin.ch,"400"
key-recovery.r-pki.admin.ch,"Could not resolve host: key-recovery.r-pki.admin.ch"
leonardo-sec.ssl.admin.ch,"Could not resolve host: leonardo-sec.ssl.admin.ch"
libraries-a.admin.ch,"Could not resolve host: libraries-a.admin.ch"
libraries.admin.ch,"Could not resolve host: libraries.admin.ch"
keyrecovery.pki.admin.ch,"SSL certificate problem: self-signed certificate in certificate chain"
lb-waf-test-1.bfi.admin.ch,"Could not resolve host: lb-waf-test-1.bfi.admin.ch"
keyrecovery.a-pki.admin.ch,"SSL certificate problem: self-signed certificate in certificate chain"
link-r.admin.ch,"Could not resolve host: link-r.admin.ch"
listes.esurvey.bfs.admin.ch,"Could not resolve host: listes.esurvey.bfs.admin.ch"
lipo.vbs.admin.ch,"Could not resolve host: lipo.vbs.admin.ch"
login.geo.admin.ch,"Could not resolve host: login.geo.admin.ch"
ktv.gate-a.astra.admin.ch,"Could not resolve host: ktv.gate-a.astra.admin.ch"
logs.geo.admin.ch,"Could not resolve host: logs.geo.admin.ch"
link-a.admin.ch,"Failed to connect to link-a.admin.ch port 443 after 55 ms: Could not connect to server"
link.admin.ch,"Failed to connect to link.admin.ch port 443 after 45 ms: Could not connect to server"
lra-pki.rastest.admin.ch,"Could not resolve host: lra-pki.rastest.admin.ch"
ld.geo.admin.ch,"TLS connect error: error:0A000410:SSL routines::ssl/tls alert handshake failure"
key-recovery.a-pki.admin.ch,"404"
listes-a.esurvey.bfs.admin.ch,"Could not resolve host: listes-a.esurvey.bfs.admin.ch"
lipo-i.vbs.admin.ch,"Could not resolve host: lipo-i.vbs.admin.ch"
lsvaportal.ezv.admin.ch,"Could not resolve host: lsvaportal.ezv.admin.ch"
lt.admin.ch,"Could not resolve host: lt.admin.ch"
lra.pki.admin.ch,"Could not resolve host: lra.pki.admin.ch"
lync-poc.rastest.admin.ch,"Could not resolve host: lync-poc.rastest.admin.ch"
lra-pki.ras.admin.ch,"Could not resolve host: lra-pki.ras.admin.ch"
lpweb60p01.admin.ch,"Could not resolve host: lpweb60p01.admin.ch"
lra-rio.pki.admin.ch,"Could not resolve host: lra-rio.pki.admin.ch"
lyncpool02wac.admin.ch,"Could not resolve host: lyncpool02wac.admin.ch"
lyncdiscover2.eda.admin.ch,"Could not resolve host: lyncdiscover2.eda.admin.ch"
lyncweb.admin.ch,"Could not resolve host: lyncweb.admin.ch"
lyncpool02ws.adb.intra.admin.ch,"Could not resolve host: lyncpool02ws.adb.intra.admin.ch"
m.geo.admin.ch,"Could not resolve host: m.geo.admin.ch"
lyncdiscover.deza.admin.ch,"Could not resolve host: lyncdiscover.deza.admin.ch"
m.map.revision.admin.ch,"Could not resolve host: m.map.revision.admin.ch"
m52web.ccsap.admin.ch,"Could not resolve host: m52web.ccsap.admin.ch"
lyncdiscover.parl.admin.ch,"Could not resolve host: lyncdiscover.parl.admin.ch"
lyncpool01.bit.admin.ch,"Could not resolve host: lyncpool01.bit.admin.ch"
mail.metas.admin.ch,"Could not resolve host: mail.metas.admin.ch"
mail01.admin.ch,"Could not resolve host: mail01.admin.ch"
mail03.admin.ch,"Could not resolve host: mail03.admin.ch"
mail04.admin.ch,"Could not resolve host: mail04.admin.ch"
mail.admin.ch,"Failed to connect to mail.admin.ch port 443 after 47 ms: Could not connect to server"
lyncpool02.adb.intra.admin.ch,"Could not resolve host: lyncpool02.adb.intra.admin.ch"
m.map.geo.admin.ch,"308"
mail16.admin.ch,"Could not resolve host: mail16.admin.ch"
mail17.admin.ch,"Could not resolve host: mail17.admin.ch"
mail19.admin.ch,"Could not resolve host: mail19.admin.ch"
mail22.admin.ch,"Could not resolve host: mail22.admin.ch"
mail24.admin.ch,"Could not resolve host: mail24.admin.ch"
mail23.admin.ch,"Could not resolve host: mail23.admin.ch"
mail42.admin.ch,"Could not resolve host: mail42.admin.ch"
mail51.admin.ch,"Could not resolve host: mail51.admin.ch"
mail41.admin.ch,"Could not resolve host: mail41.admin.ch"
mail62.admin.ch,"Could not resolve host: mail62.admin.ch"
aaa.isos.bak.admin.ch,"Connection timed out after 3001 milliseconds"
mail64.admin.ch,"Could not resolve host: mail64.admin.ch"
mail65.admin.ch,"Could not resolve host: mail65.admin.ch"
acc4a.caz.admin.ch,"Connection timed out after 3001 milliseconds"
accwebdav.caz.admin.ch,"Connection timed out after 3000 milliseconds"
mailgate.admin.ch,"Could not resolve host: mailgate.admin.ch"
acctest.caz.admin.ch,"Connection timed out after 3001 milliseconds"
mailgate3.admin.ch,"Could not resolve host: mailgate3.admin.ch"
mail72.integ.admin.ch,"Could not resolve host: mail72.integ.admin.ch"
antivir1.admin.ch,"Connection timed out after 3001 milliseconds"
antivir3.admin.ch,"Connection timed out after 3002 milliseconds"
mailgate4.admin.ch,"Could not resolve host: mailgate4.admin.ch"
antivir2.admin.ch,"Connection timed out after 3002 milliseconds"
antivir.admin.ch,"Connection timed out after 3001 milliseconds"
lyncdiscover.eda.admin.ch,"405"
mail71.integ.admin.ch,"Could not resolve host: mail71.integ.admin.ch"
arcgis-js-api.baustellen.pta.emrot.astra.admin.ch,"Connection timed out after 3002 milliseconds"
mailgate2.admin.ch,"Could not resolve host: mailgate2.admin.ch"
arcgis-js-api.test.baustellen.astra.admin.ch,"Resolving timed out after 3002 milliseconds"
mailhost.admin.ch,"Could not resolve host: mailhost.admin.ch"
arcgis-js-api.vm-ch.pta.emrot.astra.admin.ch,"Connection timed out after 3002 milliseconds"
mailhub.admin.ch,"Could not resolve host: mailhub.admin.ch"
management-scms.a-pki.admin.ch,"Could not resolve host: management-scms.a-pki.admin.ch"
map.are.admin.ch,"Could not resolve host: map.are.admin.ch"
map.admin.ch,"Could not resolve host: map.admin.ch"
author-intranet.vbs.admin.ch,"Connection timed out after 3002 milliseconds"
avconf01.eda.admin.ch,"Connection timed out after 3001 milliseconds"
av.eda.admin.ch,"Connection timed out after 3002 milliseconds"
avconf02.eda.admin.ch,"Connection timed out after 3002 milliseconds"
mailing-scms.a-pki.admin.ch,"Could not resolve host: mailing-scms.a-pki.admin.ch"
mailing.scms.pki.admin.ch,"Could not resolve host: mailing.scms.pki.admin.ch"
bazl-eap.ras.admin.ch,"Connection timed out after 3002 milliseconds"
map.blw.admin.ch,"Could not resolve host: map.blw.admin.ch"
map.fineltra.admin.ch,"Could not resolve host: map.fineltra.admin.ch"
management.scms.pki.admin.ch,"Could not resolve host: management.scms.pki.admin.ch"
map.fpds.admin.ch,"Could not resolve host: map.fpds.admin.ch"
map.funksender.admin.ch,"Could not resolve host: map.funksender.admin.ch"
map.geodataviewer.admin.ch,"Could not resolve host: map.geodataviewer.admin.ch"
beta-online-services.admin.ch,"Resolving timed out after 3001 milliseconds"
map.kgs.admin.ch,"Could not resolve host: map.kgs.admin.ch"
etierversuche-en-sec.ssl.admin.ch,"Could not resolve host: etierversuche-en-sec.ssl.admin.ch"
map.meteoswiss.admin.ch,"Could not resolve host: map.meteoswiss.admin.ch"
map.sachplan.admin.ch,"Could not resolve host: map.sachplan.admin.ch"
map.schneesport.admin.ch,"Could not resolve host: map.schneesport.admin.ch"
map.gisgeol.admin.ch,"Could not resolve host: map.gisgeol.admin.ch"
map.bafu.admin.ch,"308"
map.aviation.admin.ch,"308"
map.meteosuisse.admin.ch,"Could not resolve host: map.meteosuisse.admin.ch"
map.meteoschweiz.admin.ch,"Could not resolve host: map.meteoschweiz.admin.ch"
map.bazl.admin.ch,"308"
eversteigerung-2fa.ssltest.admin.ch,"Could not resolve host: eversteigerung-2fa.ssltest.admin.ch"
map.geo.admin.ch,"200"
map.meteosvizzera.admin.ch,"Could not resolve host: map.meteosvizzera.admin.ch"
bkt.ccis.admin.ch,"Connection timed out after 3002 milliseconds"
map.armee.admin.ch,"308"
map.lubis.admin.ch,"308"
business-test.bfs.admin.ch,"Connection timed out after 3002 milliseconds"
map.sportsullaneve.admin.ch,"Could not resolve host: map.sportsullaneve.admin.ch"
map.swisstopo.admin.ch,"Could not resolve host: map.swisstopo.admin.ch"
exum.admin.ch,"Could not resolve host: exum.admin.ch"
map.energie.admin.ch,"308"
mapproxy.geo.admin.ch,"Could not resolve host: mapproxy.geo.admin.ch"
map3.geo.admin.ch,"Could not resolve host: map3.geo.admin.ch"
map4.geo.admin.ch,"Could not resolve host: map4.geo.admin.ch"
ext.d-nsbp-p.admin.ch,"Could not resolve host: ext.d-nsbp-p.admin.ch"
map.globe.admin.ch,"301"
feds-poc.eiam.admin.ch,"Could not resolve host: feds-poc.eiam.admin.ch"
mdm-r.admin.ch,"Could not resolve host: mdm-r.admin.ch"
map.plansectoriel.admin.ch,"308"
mdmappi.admin.ch,"Could not resolve host: mdmappi.admin.ch"
mch.rastest.admin.ch,"Could not resolve host: mch.rastest.admin.ch"
map.pianosettoriale.admin.ch,"308"
mdmapp.admin.ch,"Could not resolve host: mdmapp.admin.ch"
map.revision.admin.ch,"308"
mdmi.admin.ch,"Could not resolve host: mdmi.admin.ch"
ext.d-nsbp-r.admin.ch,"Could not resolve host: ext.d-nsbp-r.admin.ch"
map2.geo.admin.ch,"308"
mdm.admin.ch,"Could not resolve host: mdm.admin.ch"
chm.mwst.estv.admin.ch,"Resolving timed out after 3000 milliseconds"
maps.geo.admin.ch,"308"
map.sportdeneige.admin.ch,"308"
meb-i.admin.ch,"Could not resolve host: meb-i.admin.ch"
maps.admin.ch,"308"
meet.admin.ch,"Could not resolve host: meet.admin.ch"
map.snowsport.admin.ch,"308"
map.vtg.admin.ch,"308"
map.sportdanaiv.admin.ch,"308"
map.wildruhezonen.admin.ch,"308"
melani-net-i-2fa.ssltest.admin.ch,"Could not resolve host: melani-net-i-2fa.ssltest.admin.ch"
melani-net-i.ssl.admin.ch,"Could not resolve host: melani-net-i.ssl.admin.ch"
fkr-gesu-web-r-temp.astra.admin.ch,"Could not resolve host: fkr-gesu-web-r-temp.astra.admin.ch"
firsttest.finma.admin.ch,"Could not resolve host: firsttest.finma.admin.ch"
meet.ucc.vbs.admin.ch,"Could not resolve host: meet.ucc.vbs.admin.ch"
firstpre.finma.admin.ch,"Could not resolve host: firstpre.finma.admin.ch"
cib.publica.adr.admin.ch,"Resolving timed out after 3000 milliseconds"
metadata.geo.admin.ch,"Could not resolve host: metadata.geo.admin.ch"
metaslap-test.admin.ch,"Could not resolve host: metaslap-test.admin.ch"
metrics.geo.admin.ch,"Could not resolve host: metrics.geo.admin.ch"
mistra-a.ras.admin.ch,"Could not resolve host: mistra-a.ras.admin.ch"
mewebintg.admin.ch,"Could not resolve host: mewebintg.admin.ch"
cms-agroscope-2fa.ssltest.admin.ch,"Resolving timed out after 3000 milliseconds"
mistra-t.rastest.admin.ch,"Could not resolve host: mistra-t.rastest.admin.ch"
cms-are2.ssl.admin.ch,"Resolving timed out after 3000 milliseconds"
mistra.ras.admin.ch,"Could not resolve host: mistra.ras.admin.ch"
metaslap.admin.ch,"Could not resolve host: metaslap.admin.ch"
misc-statatlas-cms0i.bgdi.admin.ch,"Could not resolve host: misc-statatlas-cms0i.bgdi.admin.ch"
mobile.admin.ch,"Could not resolve host: mobile.admin.ch"
melani-net-2fa.ssltest.admin.ch,"Could not resolve host: melani-net-2fa.ssltest.admin.ch"
mobile.geo.admin.ch,"Could not resolve host: mobile.geo.admin.ch"
mistra.rastest.admin.ch,"Could not resolve host: mistra.rastest.admin.ch"
mobile.map.geo.admin.ch,"Could not resolve host: mobile.map.geo.admin.ch"
mobile.metas.admin.ch,"Could not resolve host: mobile.metas.admin.ch"
mobile.parl.admin.ch,"Could not resolve host: mobile.parl.admin.ch"
mobile.wbf.admin.ch,"Could not resolve host: mobile.wbf.admin.ch"
monres.admin.ch,"Could not resolve host: monres.admin.ch"
melani-net.ssl.admin.ch,"Could not resolve host: melani-net.ssl.admin.ch"
connect.bakom.admin.ch,"Connection timed out after 3002 milliseconds"
moveit-r.admin.ch,"Could not resolve host: moveit-r.admin.ch"
monresintg.admin.ch,"Could not resolve host: monresintg.admin.ch"
firstgretest.finma.admin.ch,"Could not resolve host: firstgretest.finma.admin.ch"
mvdi.ras.admin.ch,"Could not resolve host: mvdi.ras.admin.ch"
meet.eda.admin.ch,"200"
ctianalytics.kti.admin.ch,"Resolving timed out after 3000 milliseconds"
ctianalytics-a.kti.admin.ch,"Resolving timed out after 3000 milliseconds"
mvdi.rastest.admin.ch,"Could not resolve host: mvdi.rastest.admin.ch"
mvdi-t.rastest.admin.ch,"Could not resolve host: mvdi-t.rastest.admin.ch"
my.geo.admin.ch,"Could not resolve host: my.geo.admin.ch"
fkr-verw-web-a-temp.astra.admin.ch,"Could not resolve host: fkr-verw-web-a-temp.astra.admin.ch"
mobile.sunai-a.admin.ch,"Could not resolve host: mobile.sunai-a.admin.ch"
ncts.ezv.admin.ch,"Could not resolve host: ncts.ezv.admin.ch"
mobile.sunai.admin.ch,"Could not resolve host: mobile.sunai.admin.ch"
nsdp.admin.ch,"Could not resolve host: nsdp.admin.ch"
mobile.bk.admin.ch,"Could not resolve host: mobile.bk.admin.ch"
meet.ucc.vtg.vbs-sa.admin.ch,"Could not resolve host: meet.ucc.vtg.vbs-sa.admin.ch"
meweb.admin.ch,"SSL certificate problem: certificate has expired"
object.gever-ref.admin.ch,"Could not resolve host: object.gever-ref.admin.ch"
mobile.map.revision.admin.ch,"Could not resolve host: mobile.map.revision.admin.ch"
oos-r.admin.ch,"Could not resolve host: oos-r.admin.ch"
object.gever.admin.ch,"Could not resolve host: object.gever.admin.ch"
om.pki.admin.ch,"Could not resolve host: om.pki.admin.ch"
onenote-test.rastest.admin.ch,"Could not resolve host: onenote-test.rastest.admin.ch"
fkr-verw-ws-a-wsg.astra.admin.ch,"Could not resolve host: fkr-verw-ws-a-wsg.astra.admin.ch"
ordipro.eda.admin.ch,"Could not resolve host: ordipro.eda.admin.ch"
outlook.metas.admin.ch,"Could not resolve host: outlook.metas.admin.ch"
object.gever-abn.admin.ch,"Could not resolve host: object.gever-abn.admin.ch"
opac-r.admin.ch,"Could not resolve host: opac-r.admin.ch"
opendata.admin.ch,"Could not resolve host: opendata.admin.ch"
otanlb.admin.ch,"Could not resolve host: otanlb.admin.ch"
ows.geo.admin.ch,"Could not resolve host: ows.geo.admin.ch"
p36fpn.egate.admin.ch,"Could not resolve host: p36fpn.egate.admin.ch"
p15ssz.egate.admin.ch,"Could not resolve host: p15ssz.egate.admin.ch"
outlook.admin.ch,"Could not resolve host: outlook.admin.ch"
otp-webmail.eda.admin.ch,"Could not resolve host: otp-webmail.eda.admin.ch"
otp-outlook.eda.admin.ch,"Could not resolve host: otp-outlook.eda.admin.ch"
p12ssz.egate.admin.ch,"Could not resolve host: p12ssz.egate.admin.ch"
p65ssz.vegate.admin.ch,"Could not resolve host: p65ssz.vegate.admin.ch"
nano-i.vbs.admin.ch,"SSL: no alternative certificate subject name matches target hostname 'nano-i.vbs.admin.ch'"
p11ssz.egate.admin.ch,"Could not resolve host: p11ssz.egate.admin.ch"
p10ssz.egate.admin.ch,"Could not resolve host: p10ssz.egate.admin.ch"
padssz.egate.admin.ch,"Could not resolve host: padssz.egate.admin.ch"
ota.parl.admin.ch,"Could not resolve host: ota.parl.admin.ch"
padssz.vegate.admin.ch,"Could not resolve host: padssz.vegate.admin.ch"
nsbp.rastest.admin.ch,"Could not resolve host: nsbp.rastest.admin.ch"
pdagate.admin.ch,"Could not resolve host: pdagate.admin.ch"
models.geo.admin.ch,"200"
p91ssz.egate.admin.ch,"Could not resolve host: p91ssz.egate.admin.ch"
p07ssz.egate.admin.ch,"Could not resolve host: p07ssz.egate.admin.ch"
p93ssz.egate.admin.ch,"Could not resolve host: p93ssz.egate.admin.ch"
nsbp.ras.admin.ch,"Could not resolve host: nsbp.ras.admin.ch"
pdamail.finma.admin.ch,"Could not resolve host: pdamail.finma.admin.ch"
pdamail.evd.admin.ch,"Could not resolve host: pdamail.evd.admin.ch"
pending-authorizations.a-pki.admin.ch,"Could not resolve host: pending-authorizations.a-pki.admin.ch"
pdagate.eda.admin.ch,"Could not resolve host: pdagate.eda.admin.ch"
p72ssz.egate.admin.ch,"Could not resolve host: p72ssz.egate.admin.ch"
pdamail.vos.admin.ch,"Could not resolve host: pdamail.vos.admin.ch"
pepfpn.egate.admin.ch,"Could not resolve host: pepfpn.egate.admin.ch"
p65ssz.egate.admin.ch,"Could not resolve host: p65ssz.egate.admin.ch"
pdamail.eda.admin.ch,"Could not resolve host: pdamail.eda.admin.ch"
dev.ssltest.admin.ch,"Resolving timed out after 3000 milliseconds"
parl.admin.ch,"Could not resolve host: parl.admin.ch"
pams-t.estv.admin.ch,"Could not resolve host: pams-t.estv.admin.ch"
pia-p02.admin.ch,"Could not resolve host: pia-p02.admin.ch"
pams.estv.admin.ch,"Could not resolve host: pams.estv.admin.ch"
pkgpfhsws.ezv.admin.ch,"Could not resolve host: pkgpfhsws.ezv.admin.ch"
pia-p01.admin.ch,"Could not resolve host: pia-p01.admin.ch"
pdagate.snm.admin.ch,"Could not resolve host: pdagate.snm.admin.ch"
print.geo.admin.ch,"Could not resolve host: print.geo.admin.ch"
portal-int.ejpd.admin.ch,"Could not resolve host: portal-int.ejpd.admin.ch"
pin-reset.pki.admin.ch,"Could not resolve host: pin-reset.pki.admin.ch"
mobile-reg.admin.ch,"301"
pkirio01.ssz.admin.ch,"Could not resolve host: pkirio01.ssz.admin.ch"
pkirio.admin.ch,"Could not resolve host: pkirio.admin.ch"
portal.ejpd.admin.ch,"Could not resolve host: portal.ejpd.admin.ch"
opac.admin.ch,"301"
post2015.admin.ch,"Could not resolve host: post2015.admin.ch"
prod.bgdi.admin.ch,"Could not resolve host: prod.bgdi.admin.ch"
production-scms.a-pki.admin.ch,"Could not resolve host: production-scms.a-pki.admin.ch"
prod.geo.admin.ch,"Could not resolve host: prod.geo.admin.ch"
i36fpn.iegate.admin.ch,"Could not resolve host: i36fpn.iegate.admin.ch"
profile.geo.admin.ch,"Could not resolve host: profile.geo.admin.ch"
psp-in.isceco.admin.ch,"Could not resolve host: psp-in.isceco.admin.ch"
psm.admin.ch,"Could not resolve host: psm.admin.ch"
pub.d-nsbp-r.admin.ch,"Could not resolve host: pub.d-nsbp-r.admin.ch"
dmailhost.admin.ch,"Connection timed out after 3000 milliseconds"
pub.d-nsbp-a.admin.ch,"Could not resolve host: pub.d-nsbp-a.admin.ch"
public-trust-standard-ocsp-responder.pki.admin.ch,"Could not resolve host: public-trust-standard-ocsp-responder.pki.admin.ch"
publiapp.epa.admin.ch,"Could not resolve host: publiapp.epa.admin.ch"
prod.lt.admin.ch,"Could not resolve host: prod.lt.admin.ch"
psp.isceco.admin.ch,"Could not resolve host: psp.isceco.admin.ch"
portal.parl.admin.ch,"Could not resolve host: portal.parl.admin.ch"
i65ssz.iegate.admin.ch,"Could not resolve host: i65ssz.iegate.admin.ch"
puk-escrow.pki.admin.ch,"Could not resolve host: puk-escrow.pki.admin.ch"
puk-manager.a-pki.admin.ch,"Could not resolve host: puk-manager.a-pki.admin.ch"
i12ssz.iegate.admin.ch,"Could not resolve host: i12ssz.iegate.admin.ch"
pv-gateway.admin.ch,"Could not resolve host: pv-gateway.admin.ch"
production.scms.pki.admin.ch,"Could not resolve host: production.scms.pki.admin.ch"
pub.d-nsbp-p.admin.ch,"Could not resolve host: pub.d-nsbp-p.admin.ch"
pv-gateway-r.admin.ch,"Could not resolve host: pv-gateway-r.admin.ch"
pwreset.admin.ch,"Could not resolve host: pwreset.admin.ch"
publishservice-e.bk.admin.ch,"Could not resolve host: publishservice-e.bk.admin.ch"
pending-authorizations.pki.admin.ch,"404"
qlsmgw003.admin.ch,"Could not resolve host: qlsmgw003.admin.ch"
qs.ies.admin.ch,"Could not resolve host: qs.ies.admin.ch"
quality-scms.a-pki.admin.ch,"Could not resolve host: quality-scms.a-pki.admin.ch"
qlsmgw002.admin.ch,"Could not resolve host: qlsmgw002.admin.ch"
quality.scms.pki.admin.ch,"Could not resolve host: quality.scms.pki.admin.ch"
pkgafhsws.ezv.admin.ch,"503"
query.geo.admin.ch,"Could not resolve host: query.geo.admin.ch"
qlsmgw001.admin.ch,"Could not resolve host: qlsmgw001.admin.ch"
r02vortex.bit.admin.ch,"Could not resolve host: r02vortex.bit.admin.ch"
ras-gw-bc3.ras.admin.ch,"Could not resolve host: ras-gw-bc3.ras.admin.ch"
qlsmgw004.admin.ch,"Could not resolve host: qlsmgw004.admin.ch"
radon-t-2fa.ssltest.admin.ch,"Could not resolve host: radon-t-2fa.ssltest.admin.ch"
ras-gw-bc6.ras.admin.ch,"Could not resolve host: ras-gw-bc6.ras.admin.ch"
ras2.admin.ch,"Could not resolve host: ras2.admin.ch"
ras2a.admin.ch,"Could not resolve host: ras2a.admin.ch"
pin-reset.a-pki.admin.ch,"404"
ras.parl.admin.ch,"Could not resolve host: ras.parl.admin.ch"
idp-kerb-int.gate-a.eiam.admin.ch,"Could not resolve host: idp-kerb-int.gate-a.eiam.admin.ch"
ras2cc.admin.ch,"Could not resolve host: ras2cc.admin.ch"
pv-gateway-a.admin.ch,"Could not resolve host: pv-gateway-a.admin.ch"
radon.ssl.admin.ch,"Could not resolve host: radon.ssl.admin.ch"
reframe.geo.admin.ch,"Could not resolve host: reframe.geo.admin.ch"
radon-2fa.ssltest.admin.ch,"Could not resolve host: radon-2fa.ssltest.admin.ch"
ras.admin.ch,"Could not resolve host: ras.admin.ch"
ra.pki.admin.ch,"Could not resolve host: ra.pki.admin.ch"
ras-vbs1.admin.ch,"Could not resolve host: ras-vbs1.admin.ch"
reporting.ras.admin.ch,"Could not resolve host: reporting.ras.admin.ch"
reporting.pki.admin.ch,"Could not resolve host: reporting.pki.admin.ch"
reporting.admin.ch,"Could not resolve host: reporting.admin.ch"
iepfpn.iegate.admin.ch,"Could not resolve host: iepfpn.iegate.admin.ch"
public.geo.admin.ch,"403"
registrationservice.pki.admin.ch,"Could not resolve host: registrationservice.pki.admin.ch"
reportmanager.rastest.admin.ch,"Could not resolve host: reportmanager.rastest.admin.ch"
rastest.admin.ch,"Could not resolve host: rastest.admin.ch"
reporting.rastest.admin.ch,"Could not resolve host: reporting.rastest.admin.ch"
reportmanager.ras.admin.ch,"Could not resolve host: reportmanager.ras.admin.ch"
registea-smartcard.a-pki.admin.ch,"Could not resolve host: registea-smartcard.a-pki.admin.ch"
pwreset-a.admin.ch,"404"
ra.a-pki.admin.ch,"Could not resolve host: ra.a-pki.admin.ch"
regress.admin.ch,"Could not resolve host: regress.admin.ch"
rest.meduse-medreg-r.bag.admin.ch,"Could not resolve host: rest.meduse-medreg-r.bag.admin.ch"
rio-soas.ssl.admin.ch,"Could not resolve host: rio-soas.ssl.admin.ch"
redmine.bgdi.admin.ch,"Could not resolve host: redmine.bgdi.admin.ch"
reports.ras.admin.ch,"Could not resolve host: reports.ras.admin.ch"
revocation-wizard.pki.admin.ch,"Could not resolve host: revocation-wizard.pki.admin.ch"
infra.lt.admin.ch,"Could not resolve host: infra.lt.admin.ch"
reports.rastest.admin.ch,"Could not resolve host: reports.rastest.admin.ch"
rio.ssl.admin.ch,"Could not resolve host: rio.ssl.admin.ch"
rio-soas.ssltest.admin.ch,"Could not resolve host: rio-soas.ssltest.admin.ch"
rio.ssltest.admin.ch,"Could not resolve host: rio.ssltest.admin.ch"
rio-t.ssltest.admin.ch,"Could not resolve host: rio-t.ssltest.admin.ch"
rp-acc.eda.admin.ch,"Could not resolve host: rp-acc.eda.admin.ch"
rp-adh.eda.admin.ch,"Could not resolve host: rp-adh.eda.admin.ch"
rio.scms.pki.admin.ch,"Could not resolve host: rio.scms.pki.admin.ch"
rp-ank.eda.admin.ch,"Could not resolve host: rp-ank.eda.admin.ch"
rp-amn.eda.admin.ch,"Could not resolve host: rp-amn.eda.admin.ch"
profile.eda.admin.ch,"403"
rio-scms.a-pki.admin.ch,"Could not resolve host: rio-scms.a-pki.admin.ch"
eas.mwp.vtg.admin.ch,"Resolving timed out after 3001 milliseconds"
revocation-wizard.a-pki.admin.ch,"Could not resolve host: revocation-wizard.a-pki.admin.ch"
rp-ant.eda.admin.ch,"Could not resolve host: rp-ant.eda.admin.ch"
rp-asu.eda.admin.ch,"Could not resolve host: rp-asu.eda.admin.ch"
int-flow.eda.admin.ch,"Could not resolve host: int-flow.eda.admin.ch"
rp-bar.eda.admin.ch,"Could not resolve host: rp-bar.eda.admin.ch"
rp-bed.eda.admin.ch,"Could not resolve host: rp-bed.eda.admin.ch"
rmtasst.eda.admin.ch,"Could not resolve host: rmtasst.eda.admin.ch"
rp-bei.eda.admin.ch,"Could not resolve host: rp-bei.eda.admin.ch"
rp-bel.eda.admin.ch,"Could not resolve host: rp-bel.eda.admin.ch"
ebd.prod.ezv.admin.ch,"Resolving timed out after 3001 milliseconds"
rp-amm.eda.admin.ch,"Could not resolve host: rp-amm.eda.admin.ch"
rp-abu.eda.admin.ch,"Could not resolve host: rp-abu.eda.admin.ch"
rp-br1.eda.admin.ch,"Could not resolve host: rp-br1.eda.admin.ch"
rp-alg.eda.admin.ch,"Could not resolve host: rp-alg.eda.admin.ch"
rp-bro.eda.admin.ch,"Could not resolve host: rp-bro.eda.admin.ch"
rp-ath.eda.admin.ch,"Could not resolve host: rp-ath.eda.admin.ch"
rp-bik.eda.admin.ch,"Could not resolve host: rp-bik.eda.admin.ch"
edge.eda.admin.ch,"Connection timed out after 3003 milliseconds"
rp-brm.eda.admin.ch,"Could not resolve host: rp-brm.eda.admin.ch"
rp-ban.eda.admin.ch,"Could not resolve host: rp-ban.eda.admin.ch"
rp-bru.eda.admin.ch,"Could not resolve host: rp-bru.eda.admin.ch"
rp-cai.eda.admin.ch,"Could not resolve host: rp-cai.eda.admin.ch"
rp-brt.eda.admin.ch,"Could not resolve host: rp-brt.eda.admin.ch"
rp-can.eda.admin.ch,"Could not resolve host: rp-can.eda.admin.ch"
reportingintg.admin.ch,"404"
rp-cao.eda.admin.ch,"Could not resolve host: rp-cao.eda.admin.ch"
rp-bey.eda.admin.ch,"Could not resolve host: rp-bey.eda.admin.ch"
rp-central.eda.admin.ch,"Could not resolve host: rp-central.eda.admin.ch"
rp-car.eda.admin.ch,"Could not resolve host: rp-car.eda.admin.ch"
rp-bku.eda.admin.ch,"Could not resolve host: rp-bku.eda.admin.ch"
rp-chu.eda.admin.ch,"Could not resolve host: rp-chu.eda.admin.ch"
rp-dak.eda.admin.ch,"Could not resolve host: rp-dak.eda.admin.ch"
rp-bra.eda.admin.ch,"Could not resolve host: rp-bra.eda.admin.ch"
rp-dar.eda.admin.ch,"Could not resolve host: rp-dar.eda.admin.ch"
rp-bud.eda.admin.ch,"Could not resolve host: rp-bud.eda.admin.ch"
rp-buj.eda.admin.ch,"Could not resolve host: rp-buj.eda.admin.ch"
rp-eda06.eda.admin.ch,"Could not resolve host: rp-eda06.eda.admin.ch"
rp-bua.eda.admin.ch,"Could not resolve host: rp-bua.eda.admin.ch"
rp-hav.eda.admin.ch,"Could not resolve host: rp-hav.eda.admin.ch"
rp-gaz.eda.admin.ch,"Could not resolve host: rp-gaz.eda.admin.ch"
rp-han.eda.admin.ch,"Could not resolve host: rp-han.eda.admin.ch"
int.lt.admin.ch,"Could not resolve host: int.lt.admin.ch"
rp-hml.eda.admin.ch,"Could not resolve host: rp-hml.eda.admin.ch"
rp-hva.eda.admin.ch,"Could not resolve host: rp-hva.eda.admin.ch"
rp-fra.eda.admin.ch,"Could not resolve host: rp-fra.eda.admin.ch"
rp-ber.eda.admin.ch,"Could not resolve host: rp-ber.eda.admin.ch"
rp-dha.eda.admin.ch,"Could not resolve host: rp-dha.eda.admin.ch"
rp-hon.eda.admin.ch,"Could not resolve host: rp-hon.eda.admin.ch"
intranet.datareg.admin.ch,"Could not resolve host: intranet.datareg.admin.ch"
rp-jak.eda.admin.ch,"Could not resolve host: rp-jak.eda.admin.ch"
rp-kat.eda.admin.ch,"Could not resolve host: rp-kat.eda.admin.ch"
rp-eda02.eda.admin.ch,"400"
rp-eda03.eda.admin.ch,"400"
rp-jub.eda.admin.ch,"Could not resolve host: rp-jub.eda.admin.ch"
rp-kie.eda.admin.ch,"Could not resolve host: rp-kie.eda.admin.ch"
rp-hay.eda.admin.ch,"Could not resolve host: rp-hay.eda.admin.ch"
rp-isd.eda.admin.ch,"Could not resolve host: rp-isd.eda.admin.ch"
rp-kye.eda.admin.ch,"Could not resolve host: rp-kye.eda.admin.ch"
rp-kow.eda.admin.ch,"Could not resolve host: rp-kow.eda.admin.ch"
rp-coo.eda.admin.ch,"400"
rp-lon.eda.admin.ch,"Could not resolve host: rp-lon.eda.admin.ch"
rp-eda04.eda.admin.ch,"400"
rp-maa.eda.admin.ch,"Could not resolve host: rp-maa.eda.admin.ch"
rp-kal.eda.admin.ch,"Could not resolve host: rp-kal.eda.admin.ch"
rp-eda05.eda.admin.ch,"400"
rp-kua.eda.admin.ch,"Could not resolve host: rp-kua.eda.admin.ch"
rp-man.eda.admin.ch,"Could not resolve host: rp-man.eda.admin.ch"
ekt.ccis.admin.ch,"Connection timed out after 3001 milliseconds"
rp-mot.eda.admin.ch,"Could not resolve host: rp-mot.eda.admin.ch"
rp-mil.eda.admin.ch,"Could not resolve host: rp-mil.eda.admin.ch"
rp-mon.eda.admin.ch,"Could not resolve host: rp-mon.eda.admin.ch"
intranet.gate-r.bfm.admin.ch,"Could not resolve host: intranet.gate-r.bfm.admin.ch"
rp-mex.eda.admin.ch,"Could not resolve host: rp-mex.eda.admin.ch"
rp-nia.eda.admin.ch,"Could not resolve host: rp-nia.eda.admin.ch"
rp-mos.eda.admin.ch,"Could not resolve host: rp-mos.eda.admin.ch"
rp-nic.eda.admin.ch,"Could not resolve host: rp-nic.eda.admin.ch"
intranet.insieme.estv.admin.ch,"Could not resolve host: intranet.insieme.estv.admin.ch"
rp-osa.eda.admin.ch,"Could not resolve host: rp-osa.eda.admin.ch"
rp-pan.eda.admin.ch,"Could not resolve host: rp-pan.eda.admin.ch"
rp-eda01.eda.admin.ch,"400"
rp-pao.eda.admin.ch,"400"
quiz.bfs.admin.ch,"200"
rp-pea.eda.admin.ch,"Could not resolve host: rp-pea.eda.admin.ch"
koboform.mks-in.admin.ch,"Could not resolve host: koboform.mks-in.admin.ch"
rp-pia.eda.admin.ch,"Could not resolve host: rp-pia.eda.admin.ch"
ktv.gate-r.astra.admin.ch,"Could not resolve host: ktv.gate-r.astra.admin.ch"
mail61.admin.ch,"Could not resolve host: mail61.admin.ch"
mailout.admin.ch,"Could not resolve host: mailout.admin.ch"
ext.d-nsbp-a.admin.ch,"Resolving timed out after 3001 milliseconds"
rp-pyo.eda.admin.ch,"Could not resolve host: rp-pyo.eda.admin.ch"
fkr-verw-rest-a.astra.admin.ch,"Resolving timed out after 3000 milliseconds"
mistra-a.rastest.admin.ch,"Could not resolve host: mistra-a.rastest.admin.ch"
mobile.vos.admin.ch,"Could not resolve host: mobile.vos.admin.ch"
mvdi-r.rastest.admin.ch,"Could not resolve host: mvdi-r.rastest.admin.ch"
mi.mwp.vtg.admin.ch,"Could not resolve host: mi.mwp.vtg.admin.ch"
mobile.integ.admin.ch,"Could not resolve host: mobile.integ.admin.ch"
rp-rah.eda.admin.ch,"Could not resolve host: rp-rah.eda.admin.ch"
online-services.admin.ch,"Could not resolve host: online-services.admin.ch"
rp-rgn.eda.admin.ch,"Could not resolve host: rp-rgn.eda.admin.ch"
rp-rio.eda.admin.ch,"Could not resolve host: rp-rio.eda.admin.ch"
rp-rom.eda.admin.ch,"Could not resolve host: rp-rom.eda.admin.ch"
radon-t.ssl.admin.ch,"Could not resolve host: radon-t.ssl.admin.ch"
int.eport.lmsvbs.admin.ch,"Resolving timed out after 3001 milliseconds"
int.ex4.lmsvbs.admin.ch,"Connection timed out after 3002 milliseconds"
rio-soas-a3test.ssltest.admin.ch,"Could not resolve host: rio-soas-a3test.ssltest.admin.ch"
rp-sc1.eda.admin.ch,"400"
rp-seo.eda.admin.ch,"Could not resolve host: rp-seo.eda.admin.ch"
intranet.gate-a.astra.admin.ch,"Resolving timed out after 3001 milliseconds"
rp-dai.eda.admin.ch,"Could not resolve host: rp-dai.eda.admin.ch"
rp-sjc.eda.admin.ch,"Could not resolve host: rp-sjc.eda.admin.ch"
intranet.gate-r.bav.admin.ch,"Resolving timed out after 3000 milliseconds"
rp-stc.eda.admin.ch,"Could not resolve host: rp-stc.eda.admin.ch"
rp-sko.eda.admin.ch,"Could not resolve host: rp-sko.eda.admin.ch"
rp-swo.eda.admin.ch,"Could not resolve host: rp-swo.eda.admin.ch"
intranet.immo.admin.ch,"Connection timed out after 3002 milliseconds"
intranet.lba.admin.ch,"Connection timed out after 3002 milliseconds"
rp-sto.eda.admin.ch,"Could not resolve host: rp-sto.eda.admin.ch"
rp-mnr.eda.admin.ch,"Could not resolve host: rp-mnr.eda.admin.ch"
intranet.persv.admin.ch,"Connection timed out after 3002 milliseconds"
rp-tai.eda.admin.ch,"Could not resolve host: rp-tai.eda.admin.ch"
rp-tat.eda.admin.ch,"Could not resolve host: rp-tat.eda.admin.ch"
rp-tel.eda.admin.ch,"Could not resolve host: rp-tel.eda.admin.ch"
rp-tgu.eda.admin.ch,"Could not resolve host: rp-tgu.eda.admin.ch"
rp-tie.eda.admin.ch,"Could not resolve host: rp-tie.eda.admin.ch"
rp-tir.eda.admin.ch,"Could not resolve host: rp-tir.eda.admin.ch"
rp-tis.eda.admin.ch,"Could not resolve host: rp-tis.eda.admin.ch"
rp-tpu.eda.admin.ch,"Could not resolve host: rp-tpu.eda.admin.ch"
rp-pau.eda.admin.ch,"Could not resolve host: rp-pau.eda.admin.ch"
rp-tri.eda.admin.ch,"Could not resolve host: rp-tri.eda.admin.ch"
rp-tun.eda.admin.ch,"Could not resolve host: rp-tun.eda.admin.ch"
rp-tus.eda.admin.ch,"Could not resolve host: rp-tus.eda.admin.ch"
mail02.admin.ch,"Connection timed out after 3002 milliseconds"
mail11.admin.ch,"Connection timed out after 3002 milliseconds"
mail12.admin.ch,"Connection timed out after 3002 milliseconds"
mail13.admin.ch,"Connection timed out after 3002 milliseconds"
mail14.admin.ch,"Connection timed out after 3002 milliseconds"
mail15.admin.ch,"Connection timed out after 3002 milliseconds"
mail21.admin.ch,"Connection timed out after 3002 milliseconds"
rp-vbs.eda.admin.ch,"Could not resolve host: rp-vbs.eda.admin.ch"
rp-vim.eda.admin.ch,"Could not resolve host: rp-vim.eda.admin.ch"
mail46.admin.ch,"Connection timed out after 3002 milliseconds"
rp-was.eda.admin.ch,"Could not resolve host: rp-was.eda.admin.ch"
rp-wel.eda.admin.ch,"Could not resolve host: rp-wel.eda.admin.ch"
rp-wau.eda.admin.ch,"Could not resolve host: rp-wau.eda.admin.ch"
rp-yer.eda.admin.ch,"Could not resolve host: rp-yer.eda.admin.ch"
mail63.admin.ch,"Connection timed out after 3002 milliseconds"
rxtares.admin.ch,"Could not resolve host: rxtares.admin.ch"
mail66.admin.ch,"Connection timed out after 3002 milliseconds"
sanadress.vbs.admin.ch,"Could not resolve host: sanadress.vbs.admin.ch"
rs.pki.admin.ch,"Could not resolve host: rs.pki.admin.ch"
mailgate1.admin.ch,"Connection timed out after 3002 milliseconds"
s.geo.admin.ch,"403"
sapidm-i.ssz.admin.ch,"Could not resolve host: sapidm-i.ssz.admin.ch"
sapidm-p.ssz.admin.ch,"Could not resolve host: sapidm-p.ssz.admin.ch"
sapidm-v.ssz.admin.ch,"Could not resolve host: sapidm-v.ssz.admin.ch"
sanadress-i.vbs.admin.ch,"SSL: no alternative certificate subject name matches target hostname 'sanadress-i.vbs.admin.ch'"
sb00220a.admin.ch,"Could not resolve host: sb00220a.admin.ch"
sb00085a.adb.intra.admin.ch,"Could not resolve host: sb00085a.adb.intra.admin.ch"
sb00086a.adb.intra.admin.ch,"Could not resolve host: sb00086a.adb.intra.admin.ch"
sb00220aems.admin.ch,"Could not resolve host: sb00220aems.admin.ch"
sb00220aext.admin.ch,"Could not resolve host: sb00220aext.admin.ch"
sb00221aems.admin.ch,"Could not resolve host: sb00221aems.admin.ch"
sb00221aext.admin.ch,"Could not resolve host: sb00221aext.admin.ch"
sb00221a.admin.ch,"Could not resolve host: sb00221a.admin.ch"
sb00334a.adb.intra.admin.ch,"Could not resolve host: sb00334a.adb.intra.admin.ch"
sb00371a.adb.intra.admin.ch,"Could not resolve host: sb00371a.adb.intra.admin.ch"
sb00372a.adb.intra.admin.ch,"Could not resolve host: sb00372a.adb.intra.admin.ch"
sbc02fubsbc01.caz.admin.ch,"Could not resolve host: sbc02fubsbc01.caz.admin.ch"
sbc01fubsbc01.caz.admin.ch,"Could not resolve host: sbc01fubsbc01.caz.admin.ch"
sbcfub01-i.vbs.admin.ch,"Could not resolve host: sbcfub01-i.vbs.admin.ch"
sb71113a.adb.vos.admin.ch,"Could not resolve host: sb71113a.adb.vos.admin.ch"
sb71114a.adb.vos.admin.ch,"Could not resolve host: sb71114a.adb.vos.admin.ch"
sb00335a.adb.intra.admin.ch,"Could not resolve host: sb00335a.adb.intra.admin.ch"
sbcfub02.vbs.admin.ch,"Could not resolve host: sbcfub02.vbs.admin.ch"
sbcfub01.vbs.admin.ch,"Could not resolve host: sbcfub01.vbs.admin.ch"
sbpi.appsi.seco.admin.ch,"Could not resolve host: sbpi.appsi.seco.admin.ch"
sbem35app1047.admin.ch,"Could not resolve host: sbem35app1047.admin.ch"
mch.ras.admin.ch,"Connection timed out after 3002 milliseconds"
schulung.ch-edoc-reservation.admin.ch,"Could not resolve host: schulung.ch-edoc-reservation.admin.ch"
scoexintfba1.admin.ch,"Could not resolve host: scoexintfba1.admin.ch"
mdmapp-r.admin.ch,"Connection timed out after 3002 milliseconds"
schulung.ch-edoc-passantrag.admin.ch,"Could not resolve host: schulung.ch-edoc-passantrag.admin.ch"
search.geo.admin.ch,"Could not resolve host: search.geo.admin.ch"
schulung.swiss-visa-application.admin.ch,"Could not resolve host: schulung.swiss-visa-application.admin.ch"
sbpp.apps.seco.admin.ch,"Failed to connect to sbpp.apps.seco.admin.ch port 443 after 82 ms: Could not connect to server"
scoexintfba2.admin.ch,"Could not resolve host: scoexintfba2.admin.ch"
sedex-service-a.admin.ch,"Could not resolve host: sedex-service-a.admin.ch"
sec3.admin.ch,"Could not resolve host: sec3.admin.ch"
sedex-service-r.admin.ch,"Could not resolve host: sedex-service-r.admin.ch"
sep-online.eda.admin.ch,"Could not resolve host: sep-online.eda.admin.ch"
selfreg-a.ssltest.admin.ch,"Could not resolve host: selfreg-a.ssltest.admin.ch"
servea-cert.a-pki.admin.ch,"Could not resolve host: servea-cert.a-pki.admin.ch"
schemas.geo.admin.ch,"200"
server-cert.a-pki.admin.ch,"Could not resolve host: server-cert.a-pki.admin.ch"
nano.vbs.admin.ch,"Connection timed out after 3002 milliseconds"
server-cert.pki.admin.ch,"Could not resolve host: server-cert.pki.admin.ch"
server-cert.r-pki.admin.ch,"Could not resolve host: server-cert.r-pki.admin.ch"
sedex-service.admin.ch,"404"
selfreg.ssl.admin.ch,"301"
search.eda.admin.ch,"403"
service.ssltest.admin.ch,"Could not resolve host: service.ssltest.admin.ch"
services-ext.gate.astra.admin.ch,"Could not resolve host: services-ext.gate.astra.admin.ch"
services-ktv.gate-a.astra.admin.ch,"Could not resolve host: services-ktv.gate-a.astra.admin.ch"
services-partner.gate-a.astra.admin.ch,"Could not resolve host: services-partner.gate-a.astra.admin.ch"
service.ssl.admin.ch,"200"
services-ktv.gate.astra.admin.ch,"Could not resolve host: services-ktv.gate.astra.admin.ch"
services-partner.gate.astra.admin.ch,"Could not resolve host: services-partner.gate.astra.admin.ch"
services-ktv.gate-r.astra.admin.ch,"Could not resolve host: services-ktv.gate-r.astra.admin.ch"
services-partner.gate-r.astra.admin.ch,"Could not resolve host: services-partner.gate-r.astra.admin.ch"
services.ews-a.admin.ch,"Could not resolve host: services.ews-a.admin.ch"
services.gate-a.bav.admin.ch,"Could not resolve host: services.gate-a.bav.admin.ch"
services.ews.admin.ch,"Could not resolve host: services.ews.admin.ch"
services.gate-a.astra.admin.ch,"Could not resolve host: services.gate-a.astra.admin.ch"
services.gate-a.eiam.admin.ch,"Could not resolve host: services.gate-a.eiam.admin.ch"
pwr.lmsvbs.admin.ch,"Connection timed out after 3002 milliseconds"
services.gate-a.bag.admin.ch,"Could not resolve host: services.gate-a.bag.admin.ch"
services-ext.gate-r.astra.admin.ch,"OpenSSL SSL_read: OpenSSL/3.5.3: error:0A00045C:SSL routines::tlsv13 alert certificate required, errno 0"
services.gate-a.bsv.admin.ch,"Could not resolve host: services.gate-a.bsv.admin.ch"
services.gate-a.bar.admin.ch,"Could not resolve host: services.gate-a.bar.admin.ch"
services.gate-r.astra.admin.ch,"Could not resolve host: services.gate-r.astra.admin.ch"
services.gate-r.bar.admin.ch,"Could not resolve host: services.gate-r.bar.admin.ch"
services.gate-a.swissmedic.admin.ch,"Could not resolve host: services.gate-a.swissmedic.admin.ch"
services.gate-r.swissmedic.admin.ch,"Could not resolve host: services.gate-r.swissmedic.admin.ch"
services.gate-r.harrods.admin.ch,"Could not resolve host: services.gate-r.harrods.admin.ch"
services.gate.bag.admin.ch,"Could not resolve host: services.gate.bag.admin.ch"
services-ext.gate-a.astra.admin.ch,"OpenSSL SSL_read: OpenSSL/3.5.3: error:0A00045C:SSL routines::tlsv13 alert certificate required, errno 0"
services.gate.bar.admin.ch,"Could not resolve host: services.gate.bar.admin.ch"
services.gate.astra.admin.ch,"Could not resolve host: services.gate.astra.admin.ch"
services.gate-r.bsv.admin.ch,"Could not resolve host: services.gate-r.bsv.admin.ch"
services.gate-d.eiam.admin.ch,"OpenSSL SSL_read: OpenSSL/3.5.3: error:0A00045C:SSL routines::tlsv13 alert certificate required, errno 0"
services.gate-r.bav.admin.ch,"Could not resolve host: services.gate-r.bav.admin.ch"
rp-abi.eda.admin.ch,"Operation timed out after 3002 milliseconds with 0 bytes received"
services.gate-r.bag.admin.ch,"Could not resolve host: services.gate-r.bag.admin.ch"
rp-add.eda.admin.ch,"Operation timed out after 3002 milliseconds with 0 bytes received"
rp-ast.eda.admin.ch,"Operation timed out after 3002 milliseconds with 0 bytes received"
services.gate.bsv.admin.ch,"Could not resolve host: services.gate.bsv.admin.ch"
rp-baa.eda.admin.ch,"Operation timed out after 3001 milliseconds with 0 bytes received"
rp-atl.eda.admin.ch,"Operation timed out after 3001 milliseconds with 0 bytes received"
services.ictax.admin.ch,"Could not resolve host: services.ictax.admin.ch"
rp-bao.eda.admin.ch,"Operation timed out after 3001 milliseconds with 0 bytes received"
services.rpc-r.admin.ch,"Could not resolve host: services.rpc-r.admin.ch"
services.zkv.ezv-a.admin.ch,"Could not resolve host: services.zkv.ezv-a.admin.ch"
services.gate.bav.admin.ch,"Could not resolve host: services.gate.bav.admin.ch"
services.zkv.ezv-r.admin.ch,"Could not resolve host: services.zkv.ezv-r.admin.ch"
services.zkv.ezv.admin.ch,"Could not resolve host: services.zkv.ezv.admin.ch"
services.rpc-a.admin.ch,"Could not resolve host: services.rpc-a.admin.ch"
shape-s.ras.admin.ch,"Could not resolve host: shape-s.ras.admin.ch"
sftp.idzedi.admin.ch,"Could not resolve host: sftp.idzedi.admin.ch"
rp-bog.eda.admin.ch,"Operation timed out after 3002 milliseconds with 0 bytes received"
services.gate.swissmedic.admin.ch,"Could not resolve host: services.gate.swissmedic.admin.ch"
shape.rastest.admin.ch,"Could not resolve host: shape.rastest.admin.ch"
rp-buc.eda.admin.ch,"Operation timed out after 3002 milliseconds with 0 bytes received"
sharepoint-a.admin.ch,"Could not resolve host: sharepoint-a.admin.ch"
services.rpc.admin.ch,"Could not resolve host: services.rpc.admin.ch"
rp-bue.eda.admin.ch,"Operation timed out after 3002 milliseconds with 0 bytes received"
shop-i.ccsap.admin.ch,"Could not resolve host: shop-i.ccsap.admin.ch"
shape.ras.admin.ch,"Could not resolve host: shape.ras.admin.ch"
shape-s.rastest.admin.ch,"Could not resolve host: shape-s.rastest.admin.ch"
sftpt.idzedi.admin.ch,"Could not resolve host: sftpt.idzedi.admin.ch"
sia.estv.admin.ch,"Could not resolve host: sia.estv.admin.ch"
rp-cap.eda.admin.ch,"Operation timed out after 3001 milliseconds with 0 bytes received"
rp-central-backup.eda.admin.ch,"Operation timed out after 3002 milliseconds with 0 bytes received"
sharepoint.admin.ch,"Could not resolve host: sharepoint.admin.ch"
sibad-2fa.ssltest.admin.ch,"Could not resolve host: sibad-2fa.ssltest.admin.ch"
sibad-t-2fa.ssltest.admin.ch,"Could not resolve host: sibad-t-2fa.ssltest.admin.ch"
services.gate-r.eiam.admin.ch,"OpenSSL SSL_read: OpenSSL/3.5.3: error:0A00045C:SSL routines::tlsv13 alert certificate required, errno 0"
sia-t.estv.admin.ch,"Could not resolve host: sia-t.estv.admin.ch"
rp-cot.eda.admin.ch,"Operation timed out after 3001 milliseconds with 0 bytes received"
rp-col.eda.admin.ch,"Operation timed out after 3003 milliseconds with 0 bytes received"
services.ictax-i.admin.ch,"Could not resolve host: services.ictax-i.admin.ch"
sibad-v3-i.ssltest.admin.ch,"Could not resolve host: sibad-v3-i.ssltest.admin.ch"
sibad-v3.ssl.admin.ch,"Could not resolve host: sibad-v3.ssl.admin.ch"
rp-doh.eda.admin.ch,"Operation timed out after 3002 milliseconds with 0 bytes received"
services.isceco.admin.ch,"302"
rp-due.eda.admin.ch,"Operation timed out after 3001 milliseconds with 0 bytes received"
sibad-t.ssl.admin.ch,"Could not resolve host: sibad-t.ssl.admin.ch"
sip.adb.intra.admin.ch,"Could not resolve host: sip.adb.intra.admin.ch"
sip.adb.vos.admin.ch,"Could not resolve host: sip.adb.vos.admin.ch"
sibad-v3-i.ssl.admin.ch,"Could not resolve host: sibad-v3-i.ssl.admin.ch"
rp-gua.eda.admin.ch,"Operation timed out after 3002 milliseconds with 0 bytes received"
rp-guu.eda.admin.ch,"Operation timed out after 3002 milliseconds with 0 bytes received"
sip.are.admin.ch,"Could not resolve host: sip.are.admin.ch"
sibad-v3.ssltest.admin.ch,"Could not resolve host: sibad-v3.ssltest.admin.ch"
rp-har.eda.admin.ch,"Operation timed out after 3002 milliseconds with 0 bytes received"
sip.astra.admin.ch,"Could not resolve host: sip.astra.admin.ch"
services.gate.eiam.admin.ch,"OpenSSL SSL_read: OpenSSL/3.5.3: error:0A00045C:SSL routines::tlsv13 alert certificate required, errno 0"
sip.alcosuisse.admin.ch,"Could not resolve host: sip.alcosuisse.admin.ch"
shop.swisstopo.admin.ch,"403"
sip.ba.admin.ch,"Could not resolve host: sip.ba.admin.ch"
sip.bag.admin.ch,"Could not resolve host: sip.bag.admin.ch"
sip.bak.admin.ch,"Could not resolve host: sip.bak.admin.ch"
sip.bazl.admin.ch,"Could not resolve host: sip.bazl.admin.ch"
sibad.ssl.admin.ch,"Could not resolve host: sibad.ssl.admin.ch"
rp-isl.eda.admin.ch,"Operation timed out after 3002 milliseconds with 0 bytes received"
rp-ist.eda.admin.ch,"Operation timed out after 3002 milliseconds with 0 bytes received"
sip.bj.admin.ch,"Could not resolve host: sip.bj.admin.ch"
sip.blk.admin.ch,"Could not resolve host: sip.blk.admin.ch"
sip.blw.admin.ch,"Could not resolve host: sip.blw.admin.ch"
sip.bakom.admin.ch,"Could not resolve host: sip.bakom.admin.ch"
rp-kha.eda.admin.ch,"Operation timed out after 3002 milliseconds with 0 bytes received"
sip.bfs.admin.ch,"Could not resolve host: sip.bfs.admin.ch"
sip.bvger.admin.ch,"Could not resolve host: sip.bvger.admin.ch"
sip.bit.admin.ch,"Could not resolve host: sip.bit.admin.ch"
sip.eav.admin.ch,"Could not resolve host: sip.eav.admin.ch"
sip.comcom.admin.ch,"Could not resolve host: sip.comcom.admin.ch"
sip.bwo.admin.ch,"Could not resolve host: sip.bwo.admin.ch"
sip.bfe.admin.ch,"Could not resolve host: sip.bfe.admin.ch"
sip.ebg.admin.ch,"Could not resolve host: sip.ebg.admin.ch"
rp-kig.eda.admin.ch,"Operation timed out after 3002 milliseconds with 0 bytes received"
rp-kin.eda.admin.ch,"Operation timed out after 3002 milliseconds with 0 bytes received"
sip.bfm.admin.ch,"Could not resolve host: sip.bfm.admin.ch"
sip.bfu.admin.ch,"Could not resolve host: sip.bfu.admin.ch"
sip.agroscope.admin.ch,"Could not resolve host: sip.agroscope.admin.ch"
rp-lim.eda.admin.ch,"Operation timed out after 3002 milliseconds with 0 bytes received"
sip.blv.admin.ch,"Could not resolve host: sip.blv.admin.ch"
sip.bk.admin.ch,"Could not resolve host: sip.bk.admin.ch"
sip.ehealth.admin.ch,"Could not resolve host: sip.ehealth.admin.ch"
sip.bstger.admin.ch,"Could not resolve host: sip.bstger.admin.ch"
sip.bsv.admin.ch,"Could not resolve host: sip.bsv.admin.ch"
sip.admin.ch,"404"
sip.efbs.admin.ch,"Could not resolve host: sip.efbs.admin.ch"
rp-lua.eda.admin.ch,"Operation timed out after 3002 milliseconds with 0 bytes received"
rp-lyo.eda.admin.ch,"Operation timed out after 3002 milliseconds with 0 bytes received"
rp-mad.eda.admin.ch,"Operation timed out after 3003 milliseconds with 0 bytes received"
sip.ekm.admin.ch,"Could not resolve host: sip.ekm.admin.ch"
sip.elcom.admin.ch,"Could not resolve host: sip.elcom.admin.ch"
rp-map.eda.admin.ch,"Operation timed out after 3001 milliseconds with 0 bytes received"
rp-mar.eda.admin.ch,"Operation timed out after 3004 milliseconds with 0 bytes received"
sip.gs-edi.admin.ch,"Could not resolve host: sip.gs-edi.admin.ch"
sip.bwl.admin.ch,"Could not resolve host: sip.bwl.admin.ch"
sip.bafu.admin.ch,"404"
sip.efk.admin.ch,"Could not resolve host: sip.efk.admin.ch"
sip.gs-uvek.admin.ch,"Could not resolve host: sip.gs-uvek.admin.ch"
sip.efv.admin.ch,"Could not resolve host: sip.efv.admin.ch"
sip.bar.admin.ch,"404"
sip.gs-ejpd.admin.ch,"Could not resolve host: sip.gs-ejpd.admin.ch"
sip.isceco.admin.ch,"Could not resolve host: sip.isceco.admin.ch"
sip.bit.vos.admin.ch,"Could not resolve host: sip.bit.vos.admin.ch"
rp-mtv.eda.admin.ch,"Operation timed out after 3002 milliseconds with 0 bytes received"
sip.nek-cne.admin.ch,"Could not resolve host: sip.nek-cne.admin.ch"
sip.kost.admin.ch,"Could not resolve host: sip.kost.admin.ch"
sip.epa.admin.ch,"Could not resolve host: sip.epa.admin.ch"
sip.estv.admin.ch,"Could not resolve host: sip.estv.admin.ch"
rp-mum.eda.admin.ch,"Operation timed out after 3002 milliseconds with 0 bytes received"
sip.ab-ba.admin.ch,"404"
sip.esbk.admin.ch,"Could not resolve host: sip.esbk.admin.ch"
sip.postcom.admin.ch,"Could not resolve host: sip.postcom.admin.ch"
sip.ivi.admin.ch,"Could not resolve host: sip.ivi.admin.ch"
sip.kti.admin.ch,"Could not resolve host: sip.kti.admin.ch"
sip.parl.admin.ch,"Could not resolve host: sip.parl.admin.ch"
sip.ezv.admin.ch,"Could not resolve host: sip.ezv.admin.ch"
sip.epa-dlz.admin.ch,"Could not resolve host: sip.epa-dlz.admin.ch"
sip.psb.admin.ch,"Could not resolve host: sip.psb.admin.ch"
rp-mun.eda.admin.ch,"Operation timed out after 3002 milliseconds with 0 bytes received"
rp-nai.eda.admin.ch,"Operation timed out after 3002 milliseconds with 0 bytes received"
sip.baspo.admin.ch,"404"
sip.bbl.admin.ch,"404"
rp-ndh.eda.admin.ch,"Operation timed out after 3000 milliseconds with 0 bytes received"
sip.bav.admin.ch,"404"
sip.ia-efd.admin.ch,"Could not resolve host: sip.ia-efd.admin.ch"
rp-ndj.eda.admin.ch,"Operation timed out after 3001 milliseconds with 0 bytes received"
sip.isb.admin.ch,"Could not resolve host: sip.isb.admin.ch"
sip.sir.admin.ch,"Could not resolve host: sip.sir.admin.ch"
sip.nb.admin.ch,"Could not resolve host: sip.nb.admin.ch"
sip.ske.admin.ch,"Could not resolve host: sip.ske.admin.ch"
sip.sust.admin.ch,"Could not resolve host: sip.sust.admin.ch"
sip.sem.admin.ch,"Could not resolve host: sip.sem.admin.ch"
sip.eda.admin.ch,"404"
rp-nyc.eda.admin.ch,"Operation timed out after 3001 milliseconds with 0 bytes received"
sip.uvek.admin.ch,"Could not resolve host: sip.uvek.admin.ch"
sip.uus.admin.ch,"Could not resolve host: sip.uus.admin.ch"
sip.vos.admin.ch,"Could not resolve host: sip.vos.admin.ch"
sip.sbfi.admin.ch,"Could not resolve host: sip.sbfi.admin.ch"
sit-author.vbs.admin.ch,"Could not resolve host: sit-author.vbs.admin.ch"
sk01003a.bk.intra.admin.ch,"Could not resolve host: sk01003a.bk.intra.admin.ch"
sip.edoeb.admin.ch,"404"
sl01008a.sszadmbit.sszad.admin.ch,"Could not resolve host: sl01008a.sszadmbit.sszad.admin.ch"
sip.kns.admin.ch,"Could not resolve host: sip.kns.admin.ch"
sip.vspb.admin.ch,"Could not resolve host: sip.vspb.admin.ch"
sip.swir.admin.ch,"Could not resolve host: sip.swir.admin.ch"
sl01007a.sszadmbit.sszad.admin.ch,"Could not resolve host: sl01007a.sszadmbit.sszad.admin.ch"
sip.uek.admin.ch,"Could not resolve host: sip.uek.admin.ch"
sipref.admin.ch,"Could not resolve host: sipref.admin.ch"
sip.postreg.admin.ch,"Could not resolve host: sip.postreg.admin.ch"
sms-bk-owa.rastest.admin.ch,"Could not resolve host: sms-bk-owa.rastest.admin.ch"
smart-a.estv.admin.ch,"Could not resolve host: smart-a.estv.admin.ch"
sms-eda-owa2010.ras.admin.ch,"Could not resolve host: sms-eda-owa2010.ras.admin.ch"
sip.ubi.admin.ch,"Could not resolve host: sip.ubi.admin.ch"
sms-a.bfs.admin.ch,"Could not resolve host: sms-a.bfs.admin.ch"
rp-ott.eda.admin.ch,"Operation timed out after 3001 milliseconds with 0 bytes received"
sk01006a.bk.intra.admin.ch,"Could not resolve host: sk01006a.bk.intra.admin.ch"
sms-iak.ssl.admin.ch,"Could not resolve host: sms-iak.ssl.admin.ch"
sms-eda-owa2010.rastest.admin.ch,"Could not resolve host: sms-eda-owa2010.rastest.admin.ch"
sms-metas-owa.ras.admin.ch,"Could not resolve host: sms-metas-owa.ras.admin.ch"
sms-metas-owa.rastest.admin.ch,"Could not resolve host: sms-metas-owa.rastest.admin.ch"
smart-t.estv.admin.ch,"Could not resolve host: smart-t.estv.admin.ch"
sms-bger-owa.rastest.admin.ch,"Could not resolve host: sms-bger-owa.rastest.admin.ch"
sms-iak.ssltest.admin.ch,"Could not resolve host: sms-iak.ssltest.admin.ch"
sip.enhk.admin.ch,"404"
smart.estv.admin.ch,"Could not resolve host: smart.estv.admin.ch"
sip.gs-wbf.admin.ch,"404"
sms-r.bfs.admin.ch,"Could not resolve host: sms-r.bfs.admin.ch"
sms-webmail.admin.ch,"Could not resolve host: sms-webmail.admin.ch"
sms-outlook.eda.admin.ch,"Could not resolve host: sms-outlook.eda.admin.ch"
sms.bfs.admin.ch,"Could not resolve host: sms.bfs.admin.ch"
sms-owa2010.ras.admin.ch,"Could not resolve host: sms-owa2010.ras.admin.ch"
slmb-t.bag.admin.ch,"Could not resolve host: slmb-t.bag.admin.ch"
sms-outlook.admin.ch,"Could not resolve host: sms-outlook.admin.ch"
sms-webmail.bk.admin.ch,"Could not resolve host: sms-webmail.bk.admin.ch"
sip.gs-efd.admin.ch,"404"
rp-oua.eda.admin.ch,"Operation timed out after 3004 milliseconds with 0 bytes received"
sip.fedpol.admin.ch,"404"
sms-webmail.evd.admin.ch,"Could not resolve host: sms-webmail.evd.admin.ch"
sip.oak-bv.admin.ch,"404"
sms-owa2010.rastest.admin.ch,"Could not resolve host: sms-owa2010.rastest.admin.ch"
snm-owa.ras.admin.ch,"Could not resolve host: snm-owa.ras.admin.ch"
sparql.geo.admin.ch,"Could not resolve host: sparql.geo.admin.ch"
soas-val.ssltest.admin.ch,"Could not resolve host: soas-val.ssltest.admin.ch"
sp15-01-int.admin.ch,"Could not resolve host: sp15-01-int.admin.ch"
soas-prod-a3test.ssltest.admin.ch,"Could not resolve host: soas-prod-a3test.ssltest.admin.ch"
spextranet.admin.ch,"Could not resolve host: spextranet.admin.ch"
soas-ref.ssl.admin.ch,"Could not resolve host: soas-ref.ssl.admin.ch"
sozinventar.bfs.admin.ch,"Could not resolve host: sozinventar.bfs.admin.ch"
sphair.admin.ch,"Could not resolve host: sphair.admin.ch"
sms-webmail.eda.admin.ch,"Could not resolve host: sms-webmail.eda.admin.ch"
soas-prod.ssltest.admin.ch,"Could not resolve host: soas-prod.ssltest.admin.ch"
soas-edu.ssltest.admin.ch,"Could not resolve host: soas-edu.ssltest.admin.ch"
soas-val-a3test.ssltest.admin.ch,"Could not resolve host: soas-val-a3test.ssltest.admin.ch"
soas-val.ssl.admin.ch,"Could not resolve host: soas-val.ssl.admin.ch"
sprengen.ssl.admin.ch,"Could not resolve host: sprengen.ssl.admin.ch"
soas-ref.ssltest.admin.ch,"Could not resolve host: soas-ref.ssltest.admin.ch"
rp-par.eda.admin.ch,"Operation timed out after 3002 milliseconds with 0 bytes received"
ssl-gw-norewrite.ssltest.admin.ch,"Could not resolve host: ssl-gw-norewrite.ssltest.admin.ch"
sip.nkvf.admin.ch,"404"
sip.pue.admin.ch,"404"
sip.zas.admin.ch,"404"
sprengen-2fa.ssltest.admin.ch,"Could not resolve host: sprengen-2fa.ssltest.admin.ch"
ssl.admin.ch,"Could not resolve host: ssl.admin.ch"
snm-owa.rastest.admin.ch,"Could not resolve host: snm-owa.rastest.admin.ch"
ssltest.admin.ch,"Could not resolve host: ssltest.admin.ch"
ssl-gw.ssl.admin.ch,"Could not resolve host: ssl-gw.ssl.admin.ch"
sip.sif.admin.ch,"404"
ssl-committest.admin.ch,"Could not resolve host: ssl-committest.admin.ch"
sip.isc-ejpd.admin.ch,"404"
sszint.itineris.eda.admin.ch,"Could not resolve host: sszint.itineris.eda.admin.ch"
spextranet2.admin.ch,"Could not resolve host: spextranet2.admin.ch"
sso.geo.admin.ch,"Could not resolve host: sso.geo.admin.ch"
sso-ejpd.pki.admin.ch,"Could not resolve host: sso-ejpd.pki.admin.ch"
sprengen-vp-2fa.ssltest.admin.ch,"Could not resolve host: sprengen-vp-2fa.ssltest.admin.ch"
ssl-gw-test.ssltest.admin.ch,"Could not resolve host: ssl-gw-test.ssltest.admin.ch"
sip.tpf.admin.ch,"404"
stats.geo.admin.ch,"Could not resolve host: stats.geo.admin.ch"
sms-bger-owa.ras.admin.ch,"200"
sip.seco.admin.ch,"404"
srv.itineris.eda.admin.ch,"Could not resolve host: srv.itineris.eda.admin.ch"
sip.zivi.admin.ch,"404"
sprengen-vp.ssl.admin.ch,"Could not resolve host: sprengen-vp.ssl.admin.ch"
storymaps.geo.admin.ch,"Could not resolve host: storymaps.geo.admin.ch"
sts-r.ezv.admin.ch,"Could not resolve host: sts-r.ezv.admin.ch"
status.geo.admin.ch,"Could not resolve host: status.geo.admin.ch"
sts-a.ezv.admin.ch,"Could not resolve host: sts-a.ezv.admin.ch"
staging.tv.admin.ch,"Could not resolve host: staging.tv.admin.ch"
stat20ne.bfs.admin.ch,"Could not resolve host: stat20ne.bfs.admin.ch"
storme-web-backend-r.admin.ch,"Could not resolve host: storme-web-backend-r.admin.ch"
sts.cms-a.admin.ch,"Could not resolve host: sts.cms-a.admin.ch"
sip.weko.admin.ch,"404"
sts.cms-r.admin.ch,"Could not resolve host: sts.cms-r.admin.ch"
styleguide.eda.admin.ch,"Could not resolve host: styleguide.eda.admin.ch"
staysafe.bazl.admin.ch,"Could not resolve host: staysafe.bazl.admin.ch"
sts-r.blv.admin.ch,"Could not resolve host: sts-r.blv.admin.ch"
sts.ezv.admin.ch,"Could not resolve host: sts.ezv.admin.ch"
support.egate.admin.ch,"Could not resolve host: support.egate.admin.ch"
support.iegate.admin.ch,"Could not resolve host: support.iegate.admin.ch"
sszint.logixs.eda.admin.ch,"Could not resolve host: sszint.logixs.eda.admin.ch"
sts-a.blv.admin.ch,"Could not resolve host: sts-a.blv.admin.ch"
support.vegate.admin.ch,"Could not resolve host: support.vegate.admin.ch"
support.rastest.admin.ch,"Could not resolve host: support.rastest.admin.ch"
swisstopo-tsw.ras.admin.ch,"Could not resolve host: swisstopo-tsw.ras.admin.ch"
survey.efk.admin.ch,"Could not resolve host: survey.efk.admin.ch"
tbox-int-publica.adr.admin.ch,"Could not resolve host: tbox-int-publica.adr.admin.ch"
sts.blv.admin.ch,"Failed to connect to sts.blv.admin.ch port 443 after 76 ms: Could not connect to server"
talk.geo.admin.ch,"Could not resolve host: talk.geo.admin.ch"
telezas3-a-2fa.ssltest.admin.ch,"Could not resolve host: telezas3-a-2fa.ssltest.admin.ch"
telezas3-f-sec-pw.ssl.admin.ch,"Could not resolve host: telezas3-f-sec-pw.ssl.admin.ch"
swisstopo-owa2013.rastest.admin.ch,"Could not resolve host: swisstopo-owa2013.rastest.admin.ch"
sszint.chatworld.eda.admin.ch,"Could not resolve host: sszint.chatworld.eda.admin.ch"
svn.bgdi.admin.ch,"Could not resolve host: svn.bgdi.admin.ch"
swisstopo-owa2013.ras.admin.ch,"Could not resolve host: swisstopo-owa2013.ras.admin.ch"
telezas3-a-sec.ssl.admin.ch,"Could not resolve host: telezas3-a-sec.ssl.admin.ch"
telezas3-2fa.ssltest.admin.ch,"Could not resolve host: telezas3-2fa.ssltest.admin.ch"
support.ras.admin.ch,"Could not resolve host: support.ras.admin.ch"
swisstopo-tsw.rastest.admin.ch,"Could not resolve host: swisstopo-tsw.rastest.admin.ch"
telezas3-f-sec-pw.ssltest.admin.ch,"Could not resolve host: telezas3-f-sec-pw.ssltest.admin.ch"
sip.bfk.admin.ch,"404"
telezas3-f-2fa.ssltest.admin.ch,"Could not resolve host: telezas3-f-2fa.ssltest.admin.ch"
tell.pki.admin.ch,"Could not resolve host: tell.pki.admin.ch"
telezas3-f-sec.ssl.admin.ch,"Could not resolve host: telezas3-f-sec.ssl.admin.ch"
termdat.bk.admin.ch,"Could not resolve host: termdat.bk.admin.ch"
telezas3-sec-pw.ssltest.admin.ch,"Could not resolve host: telezas3-sec-pw.ssltest.admin.ch"
tadssz.iegate.admin.ch,"Could not resolve host: tadssz.iegate.admin.ch"
terrain100.geo.admin.ch,"Could not resolve host: terrain100.geo.admin.ch"
terrain0.geo.admin.ch,"Could not resolve host: terrain0.geo.admin.ch"
terrain2.geo.admin.ch,"Could not resolve host: terrain2.geo.admin.ch"
soas-prod.ssl.admin.ch,"200"
terrain102.geo.admin.ch,"Could not resolve host: terrain102.geo.admin.ch"
terrain101.geo.admin.ch,"Could not resolve host: terrain101.geo.admin.ch"
swisstopo.admin.ch,"301"
telezas3-sec-pw.ssl.admin.ch,"Could not resolve host: telezas3-sec-pw.ssl.admin.ch"
terrain4.geo.admin.ch,"Could not resolve host: terrain4.geo.admin.ch"
terrain104.geo.admin.ch,"Could not resolve host: terrain104.geo.admin.ch"
terrain3.geo.admin.ch,"Could not resolve host: terrain3.geo.admin.ch"
tbox-publica.adr.admin.ch,"Could not resolve host: tbox-publica.adr.admin.ch"
rp-paz.eda.admin.ch,"Operation timed out after 3002 milliseconds with 0 bytes received"
test.e-service.admin.ch,"Could not resolve host: test.e-service.admin.ch"
terrain103.geo.admin.ch,"Could not resolve host: terrain103.geo.admin.ch"
telezas3-smartcard.ssltest.admin.ch,"Could not resolve host: telezas3-smartcard.ssltest.admin.ch"
srvint.itineris.eda.admin.ch,"403"
tbox-mv-publica.adr.admin.ch,"Could not resolve host: tbox-mv-publica.adr.admin.ch"
test2.gate-a.bit.admin.ch,"Could not resolve host: test2.gate-a.bit.admin.ch"
test.ies.admin.ch,"Could not resolve host: test.ies.admin.ch"
test.toposhop.admin.ch,"Could not resolve host: test.toposhop.admin.ch"
ticket.geo.admin.ch,"Could not resolve host: ticket.geo.admin.ch"
test6.gate-a.bit.admin.ch,"Could not resolve host: test6.gate-a.bit.admin.ch"
testbi.ies.admin.ch,"Could not resolve host: testbi.ies.admin.ch"
test8.gate-a.bit.admin.ch,"Could not resolve host: test8.gate-a.bit.admin.ch"
test5.gate-a.bit.admin.ch,"Could not resolve host: test5.gate-a.bit.admin.ch"
telezas3-sec.ssl.admin.ch,"Could not resolve host: telezas3-sec.ssl.admin.ch"
token-selfservice.ssltest.admin.ch,"Could not resolve host: token-selfservice.ssltest.admin.ch"
tms3d.geo.admin.ch,"Could not resolve host: tms3d.geo.admin.ch"
test4.gate-a.bit.admin.ch,"Could not resolve host: test4.gate-a.bit.admin.ch"
token-selfservice.ssl.admin.ch,"Could not resolve host: token-selfservice.ssl.admin.ch"
test7.gate-a.bit.admin.ch,"Could not resolve host: test7.gate-a.bit.admin.ch"
test.swisstopo.admin.ch,"Could not resolve host: test.swisstopo.admin.ch"
tokenunseal.a-pki.admin.ch,"Could not resolve host: tokenunseal.a-pki.admin.ch"
token-selfservice-soas.ssltest.admin.ch,"Could not resolve host: token-selfservice-soas.ssltest.admin.ch"
testtools.wbf.admin.ch,"Could not resolve host: testtools.wbf.admin.ch"
tsa.a-pki.admin.ch,"Could not resolve host: tsa.a-pki.admin.ch"
token-unseal.a-pki.admin.ch,"Could not resolve host: token-unseal.a-pki.admin.ch"
test1.gate-a.bit.admin.ch,"Could not resolve host: test1.gate-a.bit.admin.ch"
token-unseal.r-pki.admin.ch,"Could not resolve host: token-unseal.r-pki.admin.ch"
toposhop.admin.ch,"Could not resolve host: toposhop.admin.ch"
testpep.eiam.admin.ch,"Could not resolve host: testpep.eiam.admin.ch"
terrain1.geo.admin.ch,"Could not resolve host: terrain1.geo.admin.ch"
tv.admin.ch,"Could not resolve host: tv.admin.ch"
uat-author-intranet.vbs.admin.ch,"Could not resolve host: uat-author-intranet.vbs.admin.ch"
uccbitwebpoolref02.admin.ch,"Could not resolve host: uccbitwebpoolref02.admin.ch"
uccbitwebpoolref01.admin.ch,"Could not resolve host: uccbitwebpoolref01.admin.ch"
test.geo.admin.ch,"Could not resolve host: test.geo.admin.ch"
uccfubwebpool01.vbs.admin.ch,"Could not resolve host: uccfubwebpool01.vbs.admin.ch"
transervert.parchem.bag.admin.ch,"Could not resolve host: transervert.parchem.bag.admin.ch"
uccfubwacfarm01.vbs.admin.ch,"Could not resolve host: uccfubwacfarm01.vbs.admin.ch"
test3.gate-a.bit.admin.ch,"Could not resolve host: test3.gate-a.bit.admin.ch"
ucc-bit-webwac-01.adb.vos.admin.ch,"Could not resolve host: ucc-bit-webwac-01.adb.vos.admin.ch"
uccfubwebpool01-i.vbs.admin.ch,"Could not resolve host: uccfubwebpool01-i.vbs.admin.ch"
uccbitwacfarm01.admin.ch,"Could not resolve host: uccbitwacfarm01.admin.ch"
rp-pnh.eda.admin.ch,"Operation timed out after 3001 milliseconds with 0 bytes received"
uccfubwacfarm01-i.vbs.admin.ch,"Could not resolve host: uccfubwacfarm01-i.vbs.admin.ch"
tsa.pki.admin.ch,"Could not resolve host: tsa.pki.admin.ch"
transerver.parchem.bag.admin.ch,"Could not resolve host: transerver.parchem.bag.admin.ch"
ucc.parl.admin.ch,"Could not resolve host: ucc.parl.admin.ch"
transfer.wbf.admin.ch,"Could not resolve host: transfer.wbf.admin.ch"
uccfubwebpool02.vbs.admin.ch,"Could not resolve host: uccfubwebpool02.vbs.admin.ch"
uccbitwebpool01.admin.ch,"Could not resolve host: uccbitwebpool01.admin.ch"
umc-gateway-r.admin.ch,"Could not resolve host: umc-gateway-r.admin.ch"
uccref.admin.ch,"Could not resolve host: uccref.admin.ch"
v91ssz.vegate.admin.ch,"Could not resolve host: v91ssz.vegate.admin.ch"
v07ssz.vegate.admin.ch,"Could not resolve host: v07ssz.vegate.admin.ch"
tokenunseal.pki.admin.ch,"Could not resolve host: tokenunseal.pki.admin.ch"
v15ssz.vegate.admin.ch,"Could not resolve host: v15ssz.vegate.admin.ch"
umc-gateway.admin.ch,"Could not resolve host: umc-gateway.admin.ch"
rp-ppc.eda.admin.ch,"Operation timed out after 3002 milliseconds with 0 bytes received"
uccbitwacfarmref01.admin.ch,"Could not resolve host: uccbitwacfarmref01.admin.ch"
sts.cms.admin.ch,"404"
tssvc.eda.admin.ch,"Could not resolve host: tssvc.eda.admin.ch"
v93ssz.vegate.admin.ch,"Could not resolve host: v93ssz.vegate.admin.ch"
vaipe.admin.ch,"Could not resolve host: vaipe.admin.ch"
token-selfservice-soas.ssl.admin.ch,"301"
uccweb.parl.admin.ch,"Could not resolve host: uccweb.parl.admin.ch"
valid-pkitestsite.pki.admin.ch,"Could not resolve host: valid-pkitestsite.pki.admin.ch"
rp-pra.eda.admin.ch,"Operation timed out after 3001 milliseconds with 0 bytes received"
vdv.admin.ch,"Could not resolve host: vdv.admin.ch"
vegate.admin.ch,"Could not resolve host: vegate.admin.ch"
vm-ch.astra.admin.ch,"Could not resolve host: vm-ch.astra.admin.ch"
token-unseal.pki.admin.ch,"404"
vdi-admin-bk-a.rastest.admin.ch,"Could not resolve host: vdi-admin-bk-a.rastest.admin.ch"
vdi-admin-bk-r.rastest.admin.ch,"Could not resolve host: vdi-admin-bk-r.rastest.admin.ch"
veva-schulung.admin.ch,"Could not resolve host: veva-schulung.admin.ch"
vipdb.rastest.admin.ch,"Could not resolve host: vipdb.rastest.admin.ch"
v36fpn.vegate.admin.ch,"Could not resolve host: v36fpn.vegate.admin.ch"
vepfpn.vegate.admin.ch,"Could not resolve host: vepfpn.vegate.admin.ch"
vdi-admin.rastest.admin.ch,"Could not resolve host: vdi-admin.rastest.admin.ch"
visionplus.admin.ch,"Could not resolve host: visionplus.admin.ch"
vmt.aramis.admin.ch,"Could not resolve host: vmt.aramis.admin.ch"
v11ssz.vegate.admin.ch,"Could not resolve host: v11ssz.vegate.admin.ch"
w16.ioelections.eda.admin.ch,"Could not resolve host: w16.ioelections.eda.admin.ch"
vmeiam60p02.bfi.admin.ch,"Could not resolve host: vmeiam60p02.bfi.admin.ch"
ucc.admin.ch,"404"
w16.jahresbericht-kdl.eda.admin.ch,"Could not resolve host: w16.jahresbericht-kdl.eda.admin.ch"
vdi-admin-a.rastest.admin.ch,"Could not resolve host: vdi-admin-a.rastest.admin.ch"
translation.eda.admin.ch,"302"
vmz.astra.admin.ch,"Could not resolve host: vmz.astra.admin.ch"
umc-gateway-a.admin.ch,"Could not resolve host: umc-gateway-a.admin.ch"
wacweb01.eda.admin.ch,"Could not resolve host: wacweb01.eda.admin.ch"
uat-author-internet.vbs.admin.ch,"SSL certificate problem: self-signed certificate"
v10ssz.vegate.admin.ch,"Could not resolve host: v10ssz.vegate.admin.ch"
vpnfr.astra.admin.ch,"Could not resolve host: vpnfr.astra.admin.ch"
vm.aramis.admin.ch,"Could not resolve host: vm.aramis.admin.ch"
vmeiam60a02l.ssz.admin.ch,"Could not resolve host: vmeiam60a02l.ssz.admin.ch"
veva-online-a.admin.ch,"Could not resolve host: veva-online-a.admin.ch"
w16.ips.eda.admin.ch,"Could not resolve host: w16.ips.eda.admin.ch"
webconf.parl.admin.ch,"Could not resolve host: webconf.parl.admin.ch"
webconf01.eda.admin.ch,"Could not resolve host: webconf01.eda.admin.ch"
webcon.eda.admin.ch,"Could not resolve host: webcon.eda.admin.ch"
webmail.bk.admin.ch,"Could not resolve host: webmail.bk.admin.ch"
webkennzahlen.bav.admin.ch,"Could not resolve host: webkennzahlen.bav.admin.ch"
webconfref02.admin.ch,"Could not resolve host: webconfref02.admin.ch"
webconf.admin.ch,"Could not resolve host: webconf.admin.ch"
webmail.snm.admin.ch,"Could not resolve host: webmail.snm.admin.ch"
w16.commonapps.eda.admin.ch,"Could not resolve host: w16.commonapps.eda.admin.ch"
webservice-a.nrr.zas.admin.ch,"Could not resolve host: webservice-a.nrr.zas.admin.ch"
webservice-r.nrr.zas.admin.ch,"Could not resolve host: webservice-r.nrr.zas.admin.ch"
webconf02.admin.ch,"Could not resolve host: webconf02.admin.ch"
wfs.geo.admin.ch,"Could not resolve host: wfs.geo.admin.ch"
webconf01.admin.ch,"Could not resolve host: webconf01.admin.ch"
vmeiam60p01.bfi.admin.ch,"Could not resolve host: vmeiam60p01.bfi.admin.ch"
wiw.a-pki.admin.ch,"Could not resolve host: wiw.a-pki.admin.ch"
webkennzahlen-a.bav.admin.ch,"Could not resolve host: webkennzahlen-a.bav.admin.ch"
webmail.finma.admin.ch,"Could not resolve host: webmail.finma.admin.ch"
wms-fedro.geo.admin.ch,"Could not resolve host: wms-fedro.geo.admin.ch"
wms.geo.admin.ch,"Could not resolve host: wms.geo.admin.ch"
webmail.evd.admin.ch,"Could not resolve host: webmail.evd.admin.ch"
wms10.geo.admin.ch,"Could not resolve host: wms10.geo.admin.ch"
webstat.eda.admin.ch,"Could not resolve host: webstat.eda.admin.ch"
wms0.geo.admin.ch,"Could not resolve host: wms0.geo.admin.ch"
wms.swisstopo.admin.ch,"Could not resolve host: wms.swisstopo.admin.ch"
webapps.eda.admin.ch,"Could not resolve host: webapps.eda.admin.ch"
webmail.bger.admin.ch,"Could not resolve host: webmail.bger.admin.ch"
wahlen.admin.ch,"301"
wms11.geo.admin.ch,"Could not resolve host: wms11.geo.admin.ch"
wms14.geo.admin.ch,"Could not resolve host: wms14.geo.admin.ch"
wms12.geo.admin.ch,"Could not resolve host: wms12.geo.admin.ch"
webmail.parl.admin.ch,"302"
wms2.geo.admin.ch,"Could not resolve host: wms2.geo.admin.ch"
wms13.geo.admin.ch,"Could not resolve host: wms13.geo.admin.ch"
wmts-fedro.geo.admin.ch,"Could not resolve host: wmts-fedro.geo.admin.ch"
vdi-admin.ras.admin.ch,"302"
wms0t.swisstopo.admin.ch,"Could not resolve host: wms0t.swisstopo.admin.ch"
webmail.wbf.admin.ch,"Could not resolve host: webmail.wbf.admin.ch"
wmts-foag.geo.admin.ch,"Could not resolve host: wmts-foag.geo.admin.ch"
wms4.geo.admin.ch,"Could not resolve host: wms4.geo.admin.ch"
wmts1.geo.admin.ch,"Could not resolve host: wmts1.geo.admin.ch"
wms0i.swisstopo.admin.ch,"Could not resolve host: wms0i.swisstopo.admin.ch"
wmts.swisstopo.admin.ch,"Could not resolve host: wmts.swisstopo.admin.ch"
wmts10.geo.admin.ch,"Could not resolve host: wmts10.geo.admin.ch"
wmts100.geo.admin.ch,"Could not resolve host: wmts100.geo.admin.ch"
whistleblowing.admin.ch,"Could not resolve host: whistleblowing.admin.ch"
webmail.eda.admin.ch,"404"
wmts11.geo.admin.ch,"Could not resolve host: wmts11.geo.admin.ch"
wmts103.geo.admin.ch,"307"
wms3.geo.admin.ch,"200"
wms1.geo.admin.ch,"200"
wmts14.geo.admin.ch,"Could not resolve host: wmts14.geo.admin.ch"
wmts102.geo.admin.ch,"307"
wmts-vd.geo.admin.ch,"Could not resolve host: wmts-vd.geo.admin.ch"
wiw.pki.admin.ch,"404"
wmts17.geo.admin.ch,"Could not resolve host: wmts17.geo.admin.ch"
wmts15.geo.admin.ch,"Could not resolve host: wmts15.geo.admin.ch"
wmts16.geo.admin.ch,"Could not resolve host: wmts16.geo.admin.ch"
wmts18.geo.admin.ch,"Could not resolve host: wmts18.geo.admin.ch"
wmts101.geo.admin.ch,"307"
wmts2.geo.admin.ch,"Could not resolve host: wmts2.geo.admin.ch"
wmts20.geo.admin.ch,"Could not resolve host: wmts20.geo.admin.ch"
wmts19.geo.admin.ch,"Could not resolve host: wmts19.geo.admin.ch"
rp-pre.eda.admin.ch,"Operation timed out after 3001 milliseconds with 0 bytes received"
wmts104.geo.admin.ch,"307"
wmts106.geo.admin.ch,"307"
wmts105.geo.admin.ch,"307"
wmts107.geo.admin.ch,"307"
wmts109.geo.admin.ch,"307"
wmts.geo.admin.ch,"307"
wmts0.geo.admin.ch,"307"
wmts25.geo.admin.ch,"Could not resolve host: wmts25.geo.admin.ch"
wmts24.geo.admin.ch,"Could not resolve host: wmts24.geo.admin.ch"
wmts23.geo.admin.ch,"Could not resolve host: wmts23.geo.admin.ch"
wmts12.geo.admin.ch,"307"
wmts26.geo.admin.ch,"Could not resolve host: wmts26.geo.admin.ch"
wmts28.geo.admin.ch,"Could not resolve host: wmts28.geo.admin.ch"
wmts29.geo.admin.ch,"Could not resolve host: wmts29.geo.admin.ch"
wmts13.geo.admin.ch,"307"
wmts27.geo.admin.ch,"Could not resolve host: wmts27.geo.admin.ch"
wmts5.geo.admin.ch,"Could not resolve host: wmts5.geo.admin.ch"
wmts108.geo.admin.ch,"307"
wmts22.geo.admin.ch,"307"
wmts4.geo.admin.ch,"Could not resolve host: wmts4.geo.admin.ch"
wmts7.geo.admin.ch,"Could not resolve host: wmts7.geo.admin.ch"
wps.geo.admin.ch,"Could not resolve host: wps.geo.admin.ch"
work.bazl.admin.ch,"Could not resolve host: work.bazl.admin.ch"
ws-a.entsoe.match.elcom.admin.ch,"Could not resolve host: ws-a.entsoe.match.elcom.admin.ch"
wmts9.geo.admin.ch,"Could not resolve host: wmts9.geo.admin.ch"
ws-a.ws-ccsap.admin.ch,"Could not resolve host: ws-a.ws-ccsap.admin.ch"
ws-en.evd.admin.ch,"Could not resolve host: ws-en.evd.admin.ch"
ws-a.astra-mistra.admin.ch,"Could not resolve host: ws-a.astra-mistra.admin.ch"
wmts21.geo.admin.ch,"307"
wmts8.geo.admin.ch,"Could not resolve host: wmts8.geo.admin.ch"
ws-en.wbf.evdssz.admin.ch,"Could not resolve host: ws-en.wbf.evdssz.admin.ch"
wmts3.geo.admin.ch,"307"
ws-int.evd.admin.ch,"Could not resolve host: ws-int.evd.admin.ch"
wmts6.geo.admin.ch,"307"
ws-rest.astra-mistra.admin.ch,"Could not resolve host: ws-rest.astra-mistra.admin.ch"
ws-int.evdssz.admin.ch,"Could not resolve host: ws-int.evdssz.admin.ch"
ws-r.astra-mistra.admin.ch,"Could not resolve host: ws-r.astra-mistra.admin.ch"
ws-rf.wbf.evdssz.admin.ch,"Could not resolve host: ws-rf.wbf.evdssz.admin.ch"
ws-en-dis.evdssz.admin.ch,"Could not resolve host: ws-en-dis.evdssz.admin.ch"
ws-sh.evdssz.admin.ch,"Could not resolve host: ws-sh.evdssz.admin.ch"
ws-sh.wbf.admin.ch,"Could not resolve host: ws-sh.wbf.admin.ch"
ws-se.evdssz.admin.ch,"Could not resolve host: ws-se.evdssz.admin.ch"
ws-r.ws-ccsap.admin.ch,"Could not resolve host: ws-r.ws-ccsap.admin.ch"
ws-swap.zas.admin.ch,"Could not resolve host: ws-swap.zas.admin.ch"
ws-swap-r.zas.admin.ch,"Could not resolve host: ws-swap-r.zas.admin.ch"
ws-vp.evd.admin.ch,"Could not resolve host: ws-vp.evd.admin.ch"
ws-rf.evdssz.admin.ch,"Could not resolve host: ws-rf.evdssz.admin.ch"
ws-rest-r.astra-mistra.admin.ch,"Could not resolve host: ws-rest-r.astra-mistra.admin.ch"
ws-en.evdssz.admin.ch,"Could not resolve host: ws-en.evdssz.admin.ch"
ws-rest-a.astra-mistra.admin.ch,"Could not resolve host: ws-rest-a.astra-mistra.admin.ch"
ws-se.wbf.admin.ch,"Could not resolve host: ws-se.wbf.admin.ch"
ws-vp.wbf.admin.ch,"Could not resolve host: ws-vp.wbf.admin.ch"
ws-rf.evd.admin.ch,"Could not resolve host: ws-rf.evd.admin.ch"
ws.adr.asketi-a.blv.admin.ch,"Could not resolve host: ws.adr.asketi-a.blv.admin.ch"
ws-in.evdssz.admin.ch,"Could not resolve host: ws-in.evdssz.admin.ch"
ws-in.wbf.evdssz.admin.ch,"Could not resolve host: ws-in.wbf.evdssz.admin.ch"
ws-in.wbf.admin.ch,"Could not resolve host: ws-in.wbf.admin.ch"
ws-sh.wbf.evdssz.admin.ch,"Could not resolve host: ws-sh.wbf.evdssz.admin.ch"
ws-vp.wbf.evdssz.admin.ch,"Could not resolve host: ws-vp.wbf.evdssz.admin.ch"
ws-vp.evdssz.admin.ch,"Could not resolve host: ws-vp.evdssz.admin.ch"
ws-r.entsoe.match.elcom.admin.ch,"Could not resolve host: ws-r.entsoe.match.elcom.admin.ch"
ws.code.admin.ch,"Could not resolve host: ws.code.admin.ch"
rp-pri.eda.admin.ch,"Operation timed out after 3001 milliseconds with 0 bytes received"
ws.comeav-a.eav.admin.ch,"Could not resolve host: ws.comeav-a.eav.admin.ch"
ws.comeav.eav.admin.ch,"Could not resolve host: ws.comeav.eav.admin.ch"
ws.demo-wsg-eiam-wss-r.admin.ch,"Could not resolve host: ws.demo-wsg-eiam-wss-r.admin.ch"
ws.astra-mistra.admin.ch,"Could not resolve host: ws.astra-mistra.admin.ch"
ws-sh.evd.admin.ch,"Could not resolve host: ws-sh.evd.admin.ch"
ws.aia-a.estv.admin.ch,"Could not resolve host: ws.aia-a.estv.admin.ch"
ws.aia-r.estv.admin.ch,"Could not resolve host: ws.aia-r.estv.admin.ch"
ws-swap-a.zas.admin.ch,"Could not resolve host: ws-swap-a.zas.admin.ch"
ws.evdssz.admin.ch,"Could not resolve host: ws.evdssz.admin.ch"
ws.ews-r.admin.ch,"Could not resolve host: ws.ews-r.admin.ch"
ws.gate-a.astra.admin.ch,"Could not resolve host: ws.gate-a.astra.admin.ch"
ws.adr.asketi.blv.admin.ch,"Could not resolve host: ws.adr.asketi.blv.admin.ch"
ws.dm2010.eiam-r.admin.ch,"Could not resolve host: ws.dm2010.eiam-r.admin.ch"
ws.gate-r.astra.admin.ch,"Could not resolve host: ws.gate-r.astra.admin.ch"
ws.in.vm-ch.astra.admin.ch,"Could not resolve host: ws.in.vm-ch.astra.admin.ch"
ws.kuba-export-a.astra.admin.ch,"Could not resolve host: ws.kuba-export-a.astra.admin.ch"
ws.incamail-a.bbl.admin.ch,"Could not resolve host: ws.incamail-a.bbl.admin.ch"
ws.aia.estv.admin.ch,"Could not resolve host: ws.aia.estv.admin.ch"
ws.gate.astra.admin.ch,"Could not resolve host: ws.gate.astra.admin.ch"
ws.code-a.admin.ch,"Could not resolve host: ws.code-a.admin.ch"
ws.bav-phoenix.admin.ch,"Could not resolve host: ws.bav-phoenix.admin.ch"
ws.evd.admin.ch,"Could not resolve host: ws.evd.admin.ch"
ws.bav-phoenix-r.admin.ch,"Could not resolve host: ws.bav-phoenix-r.admin.ch"
ws.lsvastammdaten-a.admin.ch,"Could not resolve host: ws.lsvastammdaten-a.admin.ch"
ws-en.wbf.admin.ch,"Could not resolve host: ws-en.wbf.admin.ch"
ws.lohnweb-r.bfs.admin.ch,"Could not resolve host: ws.lohnweb-r.bfs.admin.ch"
ws.lohnweb.bfs.admin.ch,"Could not resolve host: ws.lohnweb.bfs.admin.ch"
ws.eiam.adminservice.admin.ch,"Could not resolve host: ws.eiam.adminservice.admin.ch"
ws-rf.wbf.admin.ch,"Could not resolve host: ws-rf.wbf.admin.ch"
ws.hspers-r.bfs.admin.ch,"Could not resolve host: ws.hspers-r.bfs.admin.ch"
ws.lohnweb-a.bfs.admin.ch,"Could not resolve host: ws.lohnweb-a.bfs.admin.ch"
ws.onlineanmeldung-a.bag.admin.ch,"Could not resolve host: ws.onlineanmeldung-a.bag.admin.ch"
ws.lsvastammdaten-r.admin.ch,"Could not resolve host: ws.lsvastammdaten-r.admin.ch"
ws.ns-netze.astra.admin.ch,"Could not resolve host: ws.ns-netze.astra.admin.ch"
ws.onlineanmeldung-k.bag.admin.ch,"Could not resolve host: ws.onlineanmeldung-k.bag.admin.ch"
ws.entsoe.match.elcom.admin.ch,"Could not resolve host: ws.entsoe.match.elcom.admin.ch"
ws.match.elcom.admin.ch,"Could not resolve host: ws.match.elcom.admin.ch"
ws.onlineanmeldung-r.bag.admin.ch,"Could not resolve host: ws.onlineanmeldung-r.bag.admin.ch"
ws.privasphere-r.bbl.admin.ch,"Could not resolve host: ws.privasphere-r.bbl.admin.ch"
ws.mod-a.bfs.admin.ch,"Could not resolve host: ws.mod-a.bfs.admin.ch"
ws.onlineanmeldung.bag.admin.ch,"Could not resolve host: ws.onlineanmeldung.bag.admin.ch"
ws.mod-r.bfs.admin.ch,"Could not resolve host: ws.mod-r.bfs.admin.ch"
ws.meduse-medreg-r.bag.admin.ch,"Could not resolve host: ws.meduse-medreg-r.bag.admin.ch"
rp-qui.eda.admin.ch,"Operation timed out after 3002 milliseconds with 0 bytes received"
ws.quattrop.admin.ch,"Could not resolve host: ws.quattrop.admin.ch"
ws.mod.bfs.admin.ch,"Could not resolve host: ws.mod.bfs.admin.ch"
ws.comeav-r.eav.admin.ch,"OpenSSL SSL_read: OpenSSL/3.5.3: error:0A00045C:SSL routines::tlsv13 alert certificate required, errno 0"
ws.psyreg-k.bag.admin.ch,"Could not resolve host: ws.psyreg-k.bag.admin.ch"
ws.pta.emrot.astra.admin.ch,"Could not resolve host: ws.pta.emrot.astra.admin.ch"
ws.quattrop-a.admin.ch,"Could not resolve host: ws.quattrop-a.admin.ch"
ws.kuba-export-r.astra.admin.ch,"OpenSSL SSL_read: OpenSSL/3.5.3: error:0A00045C:SSL routines::tlsv13 alert certificate required, errno 0"
ws.psyreg.bag.admin.ch,"Could not resolve host: ws.psyreg.bag.admin.ch"
ws.kuba-export.astra.admin.ch,"OpenSSL SSL_read: OpenSSL/3.5.3: error:0A00045C:SSL routines::tlsv13 alert certificate required, errno 0"
ws.soas.bag.admin.ch,"Could not resolve host: ws.soas.bag.admin.ch"
ws.psyreg-r.bag.admin.ch,"Could not resolve host: ws.psyreg-r.bag.admin.ch"
ws.sh.vm-ch.astra.admin.ch,"Could not resolve host: ws.sh.vm-ch.astra.admin.ch"
ws.quattrop-r.admin.ch,"Could not resolve host: ws.quattrop-r.admin.ch"
ws.storme-a.bafu.admin.ch,"Could not resolve host: ws.storme-a.bafu.admin.ch"
ws.ra-r.zas.admin.ch,"Could not resolve host: ws.ra-r.zas.admin.ch"
ws.privasphere-a.bbl.admin.ch,"Could not resolve host: ws.privasphere-a.bbl.admin.ch"
ws.rapg-a-poc.admin.ch,"Could not resolve host: ws.rapg-a-poc.admin.ch"
ws.upi-master-r.zas.admin.ch,"Could not resolve host: ws.upi-master-r.zas.admin.ch"
ws.psyreg-a.bag.admin.ch,"Could not resolve host: ws.psyreg-a.bag.admin.ch"
ws.soapservice-test-3.admin.ch,"Could not resolve host: ws.soapservice-test-3.admin.ch"
ws.vm-ch.astra.admin.ch,"Could not resolve host: ws.vm-ch.astra.admin.ch"
rp-rab.eda.admin.ch,"Operation timed out after 3002 milliseconds with 0 bytes received"
ws.storme-r.bafu.admin.ch,"Could not resolve host: ws.storme-r.bafu.admin.ch"
ws.veva-online.admin.ch,"Could not resolve host: ws.veva-online.admin.ch"
ws.storme.bafu.admin.ch,"Could not resolve host: ws.storme.bafu.admin.ch"
ws.ws-ccsap.admin.ch,"Could not resolve host: ws.ws-ccsap.admin.ch"
ws.upi-master-a.zas.admin.ch,"Could not resolve host: ws.upi-master-a.zas.admin.ch"
ws.veva-online-a.admin.ch,"Could not resolve host: ws.veva-online-a.admin.ch"
wupi.zas.admin.ch,"Could not resolve host: wupi.zas.admin.ch"
ws.veva-online-r.admin.ch,"Could not resolve host: ws.veva-online-r.admin.ch"
www-temp.nb.admin.ch,"Could not resolve host: www-temp.nb.admin.ch"
www-tmp.anmeldestelle.admin.ch,"Could not resolve host: www-tmp.anmeldestelle.admin.ch"
wupi-test.zas.admin.ch,"Could not resolve host: wupi-test.zas.admin.ch"
ws.wbf.evdssz.admin.ch,"Could not resolve host: ws.wbf.evdssz.admin.ch"
www-tmp.bag.admin.ch,"Could not resolve host: www-tmp.bag.admin.ch"
ws.soas-r.bag.admin.ch,"OpenSSL SSL_read: OpenSSL/3.5.3: error:0A00045C:SSL routines::tlsv13 alert certificate required, errno 0"
ws.soas-a.bag.admin.ch,"OpenSSL SSL_read: OpenSSL/3.5.3: error:0A00045C:SSL routines::tlsv13 alert certificate required, errno 0"
ws.wbf.admin.ch,"Could not resolve host: ws.wbf.admin.ch"
ww2.tacho-en.admin.ch,"Could not resolve host: ww2.tacho-en.admin.ch"
ws.upi-mirror-r.zas.admin.ch,"Could not resolve host: ws.upi-mirror-r.zas.admin.ch"
ww2.tacho-vp.admin.ch,"Could not resolve host: ww2.tacho-vp.admin.ch"
www-tmp.blv.admin.ch,"Could not resolve host: www-tmp.blv.admin.ch"
ww2.elic.admin.ch,"Could not resolve host: ww2.elic.admin.ch"
www-tmp.bit.admin.ch,"Could not resolve host: www-tmp.bit.admin.ch"
www-tmp.are.admin.ch,"Could not resolve host: www-tmp.are.admin.ch"
ws.upi-master.zas.admin.ch,"OpenSSL SSL_read: OpenSSL/3.5.3: error:0A00045C:SSL routines::tlsv13 alert certificate required, errno 0"
rp-rig.eda.admin.ch,"Operation timed out after 3001 milliseconds with 0 bytes received"
www-tmp.rumba.admin.ch,"Could not resolve host: www-tmp.rumba.admin.ch"
www-tmp.seco.admin.ch,"Could not resolve host: www-tmp.seco.admin.ch"
www-tmp.tpf.admin.ch,"Could not resolve host: www-tmp.tpf.admin.ch"
www-tmp.agroscope.admin.ch,"Could not resolve host: www-tmp.agroscope.admin.ch"
ww2.tacho.admin.ch,"Could not resolve host: ww2.tacho.admin.ch"
www-tmp.ezv.admin.ch,"Could not resolve host: www-tmp.ezv.admin.ch"
www-tmp.bundesanwaltschaft.admin.ch,"Could not resolve host: www-tmp.bundesanwaltschaft.admin.ch"
www.abk-i.vbs.admin.ch,"Could not resolve host: www.abk-i.vbs.admin.ch"
rp-roa.eda.admin.ch,"Operation timed out after 3002 milliseconds with 0 bytes received"
ww2.elic-in.admin.ch,"Could not resolve host: ww2.elic-in.admin.ch"
rp-rya.eda.admin.ch,"Operation timed out after 3002 milliseconds with 0 bytes received"
www.advent-avent.bfs.admin.ch,"Could not resolve host: www.advent-avent.bfs.admin.ch"
rp-san.eda.admin.ch,"Operation timed out after 3001 milliseconds with 0 bytes received"
www-tmp.ekf.admin.ch,"Could not resolve host: www-tmp.ekf.admin.ch"
www.aekk.bag.admin.ch,"Could not resolve host: www.aekk.bag.admin.ch"
www.accessibilityteststandardmandant.admin.ch,"Could not resolve host: www.accessibilityteststandardmandant.admin.ch"
www.agrarforschungschweiz.admin.ch,"Could not resolve host: www.agrarforschungschweiz.admin.ch"
rp-sao.eda.admin.ch,"Operation timed out after 3000 milliseconds with 0 bytes received"
www-tmp.kti.admin.ch,"Could not resolve host: www-tmp.kti.admin.ch"
www.agroscope.admin.ch,"Could not resolve host: www.agroscope.admin.ch"
www-aa.emissionsregistry.admin.ch,"Could not resolve host: www-aa.emissionsregistry.admin.ch"
www.aiutosocialeisl.bfs.admin.ch,"Could not resolve host: www.aiutosocialeisl.bfs.admin.ch"
www.alco-dec.eav.admin.ch,"Could not resolve host: www.alco-dec.eav.admin.ch"
www.afd.admin.ch,"Could not resolve host: www.afd.admin.ch"
rp-sar.eda.admin.ch,"Operation timed out after 3000 milliseconds with 0 bytes received"
www.alis-in.admin.ch,"Could not resolve host: www.alis-in.admin.ch"
www-tmp.melani.admin.ch,"Could not resolve host: www-tmp.melani.admin.ch"
www.alps-r.bsv.admin.ch,"Could not resolve host: www.alps-r.bsv.admin.ch"
www.acsam.zas.admin.ch,"Could not resolve host: www.acsam.zas.admin.ch"
www.agri-gis.admin.ch,"308"
www.alvph-in.blv.admin.ch,"Could not resolve host: www.alvph-in.blv.admin.ch"
www.amadmin-a.bit.admin.ch,"Could not resolve host: www.amadmin-a.bit.admin.ch"
www.alis.admin.ch,"Could not resolve host: www.alis.admin.ch"
www.adbgst-c2-prod-t.vbs.admin.ch,"SSL certificate problem: unable to get local issuer certificate"
www.alis-en.admin.ch,"Could not resolve host: www.alis-en.admin.ch"
www.amstat-x.admin.ch,"Could not resolve host: www.amstat-x.admin.ch"
www.afd-temp.admin.ch,"Could not resolve host: www.afd-temp.admin.ch"
www.anmeldestelle.admin.ch,"Could not resolve host: www.anmeldestelle.admin.ch"
www.aidesocialeasl.bfs.admin.ch,"302"
ws.vp.vm-ch.astra.admin.ch,"Recv failure: Connexion ré-initialisée par le correspondant"
www.amstat-r.admin.ch,"Could not resolve host: www.amstat-r.admin.ch"
www.amadmin.bit.admin.ch,"Could not resolve host: www.amadmin.bit.admin.ch"
www.antworten.admin.ch,"Could not resolve host: www.antworten.admin.ch"
www.alis-es.admin.ch,"Could not resolve host: www.alis-es.admin.ch"
www.adbgst-c2-prod.vbs.admin.ch,"200"
www.alps-a.bsv.admin.ch,"302"
www.amtsdruckschriften.bar.admin.ch,"Could not resolve host: www.amtsdruckschriften.bar.admin.ch"
webstat.2edaadmin.ch,"200"
www.admin.ch,"302"
www.apistore-r.estv.admin.ch,"Could not resolve host: www.apistore-r.estv.admin.ch"
www.anmeldung.admin.ch,"Could not resolve host: www.anmeldung.admin.ch"
www.alps.bsv.admin.ch,"302"
www.apps.ba.admin.ch,"Could not resolve host: www.apps.ba.admin.ch"
www.appsp.baspo.admin.ch,"Could not resolve host: www.appsp.baspo.admin.ch"
www.aramis.admin.ch,"Could not resolve host: www.aramis.admin.ch"
www.apistore-a.estv.admin.ch,"Failed to connect to www.apistore-a.estv.admin.ch port 443 after 62 ms: Could not connect to server"
www.alvph-en.blv.admin.ch,"302"
www.alvph-sh.blv.admin.ch,"302"
www.arco.bak.admin.ch,"Could not resolve host: www.arco.bak.admin.ch"
www.apistore.estv.admin.ch,"Could not resolve host: www.apistore.estv.admin.ch"
www.are.admin.ch,"Could not resolve host: www.are.admin.ch"
www.apps.edoeb.admin.ch,"Could not resolve host: www.apps.edoeb.admin.ch"
rp-sdd.eda.admin.ch,"Operation timed out after 3002 milliseconds with 0 bytes received"
rp-sfr.eda.admin.ch,"Operation timed out after 3001 milliseconds with 0 bytes received"
www.apis.admin.ch,"301"
www.astat-en.blw.admin.ch,"Could not resolve host: www.astat-en.blw.admin.ch"
www.appst.baspo.admin.ch,"Could not resolve host: www.appst.baspo.admin.ch"
www.b2bshop-i.admin.ch,"Could not resolve host: www.b2bshop-i.admin.ch"
www.apps.baspo.admin.ch,"Could not resolve host: www.apps.baspo.admin.ch"
www.annuaire-federal.admin.ch,"200"
www.annuario-federale.admin.ch,"200"
www.arelive.admin.ch,"Could not resolve host: www.arelive.admin.ch"
www.astat-public.blw.admin.ch,"Could not resolve host: www.astat-public.blw.admin.ch"
www.astra.admin.ch,"Could not resolve host: www.astra.admin.ch"
www.astat-sh.blw.admin.ch,"Could not resolve host: www.astat-sh.blw.admin.ch"
rp-sha.eda.admin.ch,"Operation timed out after 3002 milliseconds with 0 bytes received"
www.ausbildung.ezv.admin.ch,"Could not resolve host: www.ausbildung.ezv.admin.ch"
rp-sin.eda.admin.ch,"Operation timed out after 3002 milliseconds with 0 bytes received"
www.adbgst-c2-prod-i.vbs.admin.ch,"200"
www.b2cshop.admin.ch,"Could not resolve host: www.b2cshop.admin.ch"
www.b2bshop.admin.ch,"Could not resolve host: www.b2bshop.admin.ch"
www.arco-a.bak.admin.ch,"301"
www.baklive.admin.ch,"Could not resolve host: www.baklive.admin.ch"
www.arco-r.bak.admin.ch,"301"
www.bakom.admin.ch,"Could not resolve host: www.bakom.admin.ch"
www.baupk.admin.ch,"Could not resolve host: www.baupk.admin.ch"
www.bag.admin.ch,"Could not resolve host: www.bag.admin.ch"
www.app.eda.admin.ch,"404"
www.baustellen.pta.emrot.astra.admin.ch,"Could not resolve host: www.baustellen.pta.emrot.astra.admin.ch"
www.baustellen.pta.emrot.vdv.admin.ch,"Could not resolve host: www.baustellen.pta.emrot.vdv.admin.ch"
www.babs.admin.ch,"Could not resolve host: www.babs.admin.ch"
www.baustellen.vdv.admin.ch,"Could not resolve host: www.baustellen.vdv.admin.ch"
www.bav-phoenix-a.admin.ch,"Could not resolve host: www.bav-phoenix-a.admin.ch"
www.astat.blw.admin.ch,"302"
www.bafu.admin.ch,"302"
www.b2bshop-v.admin.ch,"400"
rp-stu.eda.admin.ch,"Operation timed out after 3002 milliseconds with 0 bytes received"
www.becc-a.admin.ch,"Could not resolve host: www.becc-a.admin.ch"
www.bav.admin.ch,"Could not resolve host: www.bav.admin.ch"
www.belba.baspo.admin.ch,"Could not resolve host: www.belba.baspo.admin.ch"
www.becc.admin.ch,"Could not resolve host: www.becc.admin.ch"
www.baustellen.vmz.admin.ch,"Could not resolve host: www.baustellen.vmz.admin.ch"
www.bar.admin.ch,"Could not resolve host: www.bar.admin.ch"
www.bazl.admin.ch,"302"
www.atlas.bfs.admin.ch,"200"
www.bfe.admin.ch,"Could not resolve host: www.bfe.admin.ch"
www.becc-r.admin.ch,"Could not resolve host: www.becc-r.admin.ch"
www.beschaffung.admin.ch,"Could not resolve host: www.beschaffung.admin.ch"
www.bav-phoenix.admin.ch,"Could not resolve host: www.bav-phoenix.admin.ch"
rp-syd.eda.admin.ch,"Operation timed out after 3002 milliseconds with 0 bytes received"
www.bi.admin.ch,"Could not resolve host: www.bi.admin.ch"
www.bazlwork.admin.ch,"Could not resolve host: www.bazlwork.admin.ch"
rp-tas.eda.admin.ch,"Operation timed out after 3002 milliseconds with 0 bytes received"
www.bbl.admin.ch,"302"
rp-teh.eda.admin.ch,"Operation timed out after 3002 milliseconds with 0 bytes received"
www.baustellen.astra.admin.ch,"404"
www.bi-vp.admin.ch,"Could not resolve host: www.bi-vp.admin.ch"
www.best.vbs.admin.ch,"Could not resolve host: www.best.vbs.admin.ch"
www.bi-en.admin.ch,"Could not resolve host: www.bi-en.admin.ch"
www.bj.admin.ch,"Could not resolve host: www.bj.admin.ch"
www.bfe-anws.admin.ch,"Could not resolve host: www.bfe-anws.admin.ch"
www.bk.admin.ch,"Could not resolve host: www.bk.admin.ch"
www.bak.admin.ch,"200"
www.bfu.admin.ch,"Could not resolve host: www.bfu.admin.ch"
www.blog.bwo.admin.ch,"Could not resolve host: www.blog.bwo.admin.ch"
www.blog.geo.admin.ch,"Could not resolve host: www.blog.geo.admin.ch"
rp-tif.eda.admin.ch,"Operation timed out after 3002 milliseconds with 0 bytes received"
www.bitzubis.admin.ch,"Could not resolve host: www.bitzubis.admin.ch"
www.bfs.admin.ch,"302"
www.blog.stelle.admin.ch,"Could not resolve host: www.blog.stelle.admin.ch"
www.blw.admin.ch,"Could not resolve host: www.blw.admin.ch"
www.bkb.admin.ch,"Could not resolve host: www.bkb.admin.ch"
www.brz.eda.admin.ch,"Could not resolve host: www.brz.eda.admin.ch"
www.blog.cadastre.admin.ch,"Could not resolve host: www.blog.cadastre.admin.ch"
www.bit.admin.ch,"302"
www.bsvlive.admin.ch,"Could not resolve host: www.bsvlive.admin.ch"
www.bugtracker-i.vbs.admin.ch,"Could not resolve host: www.bugtracker-i.vbs.admin.ch"
www.bundespublikationen.admin.ch,"Could not resolve host: www.bundespublikationen.admin.ch"
www.bi.blw.admin.ch,"Could not resolve host: www.bi.blw.admin.ch"
www.bfe-anw.admin.ch,"200"
www.bundesreisezentrale.admin.ch,"Could not resolve host: www.bundesreisezentrale.admin.ch"
rp-tok.eda.admin.ch,"Operation timed out after 3001 milliseconds with 0 bytes received"
www.burweb2-r.admin.ch,"Could not resolve host: www.burweb2-r.admin.ch"
www.burweb2-r.bfs.admin.ch,"Could not resolve host: www.burweb2-r.bfs.admin.ch"
www.burweb2.admin.ch,"Could not resolve host: www.burweb2.admin.ch"
www.blog.zivi.admin.ch,"Could not resolve host: www.blog.zivi.admin.ch"
www.bsv.admin.ch,"302"
www.burwebextractionmgmt.bfs.admin.ch,"Could not resolve host: www.burwebextractionmgmt.bfs.admin.ch"
www.bvz.admin.ch,"Could not resolve host: www.bvz.admin.ch"
www.bundesreisenzentrale.admin.ch,"Could not resolve host: www.bundesreisenzentrale.admin.ch"
www.burweb.bfs.admin.ch,"Could not resolve host: www.burweb.bfs.admin.ch"
www.bwl.admin.ch,"Could not resolve host: www.bwl.admin.ch"
www.bwl-extranet.admin.ch,"Could not resolve host: www.bwl-extranet.admin.ch"
www.burweb2.bfs.admin.ch,"Could not resolve host: www.burweb2.bfs.admin.ch"
www.bzpa-a.admin.ch,"Could not resolve host: www.bzpa-a.admin.ch"
www.bv34.admin.ch,"Could not resolve host: www.bv34.admin.ch"
www.canis-olympus.vbs.admin.ch,"Could not resolve host: www.canis-olympus.vbs.admin.ch"
www.carecube-p.bfs.admin.ch,"Could not resolve host: www.carecube-p.bfs.admin.ch"
www.burwebxml.bfs.admin.ch,"Could not resolve host: www.burwebxml.bfs.admin.ch"
www.blog.edoeb.admin.ch,"Could not resolve host: www.blog.edoeb.admin.ch"
www.carecube.bfs.admin.ch,"Could not resolve host: www.carecube.bfs.admin.ch"
www.bzpa.admin.ch,"Could not resolve host: www.bzpa.admin.ch"
www.btm.admin.ch,"SSL: no alternative certificate subject name matches target hostname 'www.btm.admin.ch'"
www.cfej.admin.ch,"Could not resolve host: www.cfej.admin.ch"
www.beschaffungsstellen.admin.ch,"200"
www.burweb2-a.admin.ch,"403"
www.ch-edoc-passantrag.admin.ch,"Could not resolve host: www.ch-edoc-passantrag.admin.ch"
www.carunfall.admin.ch,"Could not resolve host: www.carunfall.admin.ch"
telezas3-smartcard.ssl.admin.ch,"Could not resolve host: telezas3-smartcard.ssl.admin.ch"
www.blv.admin.ch,"200"
www.chatworld.eda.admin.ch,"Could not resolve host: www.chatworld.eda.admin.ch"
www.canis-olympus-i.vbs.admin.ch,"Could not resolve host: www.canis-olympus-i.vbs.admin.ch"
www.cleantech.admin.ch,"Could not resolve host: www.cleantech.admin.ch"
www.bwo.admin.ch,"302"
www.cc-gever-wiki.ejpd.admin.ch,"Could not resolve host: www.cc-gever-wiki.ejpd.admin.ch"
www.cms-a1.admin.ch,"Could not resolve host: www.cms-a1.admin.ch"
www.cms-auth-i.vbs.admin.ch,"Could not resolve host: www.cms-auth-i.vbs.admin.ch"
rp-uba.eda.admin.ch,"Operation timed out after 3002 milliseconds with 0 bytes received"
rp-van.eda.admin.ch,"Operation timed out after 3002 milliseconds with 0 bytes received"
transfer.evd.admin.ch,"Could not resolve host: transfer.evd.admin.ch"
www.cms-a.bk.admin.ch,"Could not resolve host: www.cms-a.bk.admin.ch"
www.cms-etcount-a.admin.ch,"Could not resolve host: www.cms-etcount-a.admin.ch"
www.cms-etapp.admin.ch,"Could not resolve host: www.cms-etapp.admin.ch"
www.cms-content2-a.admin.ch,"Could not resolve host: www.cms-content2-a.admin.ch"
www.cidi.bit.admin.ch,"Could not resolve host: www.cidi.bit.admin.ch"
token-selfservice-soas-a3test.ssltest.admin.ch,"Could not resolve host: token-selfservice-soas-a3test.ssltest.admin.ch"
www.cms-etapp-bo-a.admin.ch,"Could not resolve host: www.cms-etapp-bo-a.admin.ch"
www.cms-etapp-r.admin.ch,"Could not resolve host: www.cms-etapp-r.admin.ch"
www.ch-edoc-reservation.admin.ch,"200"
www.cms-etapp-bo-r.admin.ch,"Could not resolve host: www.cms-etapp-bo-r.admin.ch"
www.cms-r1.admin.ch,"Could not resolve host: www.cms-r1.admin.ch"
uccbitwebpool02.admin.ch,"Could not resolve host: uccbitwebpool02.admin.ch"
www.cfig.admin.ch,"Could not resolve host: www.cfig.admin.ch"
vdi-admin-r.rastest.admin.ch,"Could not resolve host: vdi-admin-r.rastest.admin.ch"
www.cms-a.bfs.admin.ch,"Could not resolve host: www.cms-a.bfs.admin.ch"
www.cms-t3.admin.ch,"Could not resolve host: www.cms-t3.admin.ch"
www.cms-content-a.admin.ch,"Could not resolve host: www.cms-content-a.admin.ch"
www.cms-auth.vbs.admin.ch,"TLS connect error: error:0A000458:SSL routines::tlsv1 unrecognized name"
toposhop0i.bgdi.admin.ch,"Could not resolve host: toposhop0i.bgdi.admin.ch"
www.cms-etcount.admin.ch,"Could not resolve host: www.cms-etcount.admin.ch"
www.cmsa.admin.ch,"Could not resolve host: www.cmsa.admin.ch"
rp-var.eda.admin.ch,"Operation timed out after 3002 milliseconds with 0 bytes received"
www.cmsd-a.admin.ch,"Could not resolve host: www.cmsd-a.admin.ch"
www.cms.bfe.admin.ch,"Could not resolve host: www.cms.bfe.admin.ch"
vmeiam60a01l.ssz.admin.ch,"Could not resolve host: vmeiam60a01l.ssz.admin.ch"
www.cmsd.admin.ch,"Could not resolve host: www.cmsd.admin.ch"
rp-vie.eda.admin.ch,"Operation timed out after 3002 milliseconds with 0 bytes received"
w16.chatworld.eda.admin.ch,"Could not resolve host: w16.chatworld.eda.admin.ch"
www.cms-temp3.admin.ch,"Could not resolve host: www.cms-temp3.admin.ch"
rp-vte.eda.admin.ch,"Operation timed out after 3002 milliseconds with 0 bytes received"
www.cmsp-r.admin.ch,"Could not resolve host: www.cmsp-r.admin.ch"
www.cmsp-s.admin.ch,"Could not resolve host: www.cmsp-s.admin.ch"
www.cmsp-r3.admin.ch,"Could not resolve host: www.cmsp-r3.admin.ch"
w16.itdoc.eda.admin.ch,"Could not resolve host: w16.itdoc.eda.admin.ch"
www.cmsd-r.admin.ch,"Could not resolve host: www.cmsd-r.admin.ch"
www.cmshosting.admin.ch,"Could not resolve host: www.cmshosting.admin.ch"
w16.flow.eda.admin.ch,"Could not resolve host: w16.flow.eda.admin.ch"
www.cms.vbs.admin.ch,"TLS connect error: error:0A000458:SSL routines::tlsv1 unrecognized name"
www.cmsp-t1.admin.ch,"Could not resolve host: www.cmsp-t1.admin.ch"
www.cms-t1.admin.ch,"301"
www.cms-t2.admin.ch,"301"
www.cmsp-t2.admin.ch,"Could not resolve host: www.cmsp-t2.admin.ch"
www.cmsp-t3.admin.ch,"Could not resolve host: www.cmsp-t3.admin.ch"
www.cmsp2-a.admin.ch,"Could not resolve host: www.cmsp2-a.admin.ch"
www.cmsp-r1.admin.ch,"Failed to connect to www.cmsp-r1.admin.ch port 443 after 68 ms: Could not connect to server"
rp-yao.eda.admin.ch,"Operation timed out after 3002 milliseconds with 0 bytes received"
www.cmsp-r2.admin.ch,"Could not resolve host: www.cmsp-r2.admin.ch"
www.cmsp11.admin.ch,"Could not resolve host: www.cmsp11.admin.ch"
www.cmsp3-r.admin.ch,"Could not resolve host: www.cmsp3-r.admin.ch"
rp.eda.admin.ch,"Connection timed out after 3002 milliseconds"
www.cms-r2.admin.ch,"301"
www.cmsp3-a.admin.ch,"Could not resolve host: www.cmsp3-a.admin.ch"
www.cmsp7-a.admin.ch,"Could not resolve host: www.cmsp7-a.admin.ch"
www.code-a.admin.ch,"Could not resolve host: www.code-a.admin.ch"
webservice.nrr.zas.admin.ch,"Could not resolve host: webservice.nrr.zas.admin.ch"
www.cmspa.admin.ch,"Could not resolve host: www.cmspa.admin.ch"
www.cmsp10.admin.ch,"403"
www.code-en.admin.ch,"Could not resolve host: www.code-en.admin.ch"
www.cmsp4.admin.ch,"Could not resolve host: www.cmsp4.admin.ch"
www.cmsp4-r.admin.ch,"Could not resolve host: www.cmsp4-r.admin.ch"
www.cmsp8.admin.ch,"Could not resolve host: www.cmsp8.admin.ch"
www.cmsp6-a.admin.ch,"Failed to connect to www.cmsp6-a.admin.ch port 443 after 68 ms: Could not connect to server"
www.code-p.admin.ch,"Could not resolve host: www.code-p.admin.ch"
www.cmsp7.admin.ch,"Could not resolve host: www.cmsp7.admin.ch"
www.cmsp8-a.admin.ch,"Could not resolve host: www.cmsp8-a.admin.ch"
www.code-vp.admin.ch,"Could not resolve host: www.code-vp.admin.ch"
www.cmsp-p1.admin.ch,"301"
www.coi-wiki.bfm.admin.ch,"Could not resolve host: www.coi-wiki.bfm.admin.ch"
www.collab-t.astra.admin.ch,"Could not resolve host: www.collab-t.astra.admin.ch"
www.collab2.astra.admin.ch,"Could not resolve host: www.collab2.astra.admin.ch"
www.cmsp1.admin.ch,"403"
www.cmsp-a1.admin.ch,"301"
www.cmsp6.admin.ch,"403"
www.cmsp1-r.admin.ch,"403"
www.cmsp2.admin.ch,"403"
www.cmsp1-a.admin.ch,"403"
www.comcom.admin.ch,"Could not resolve host: www.comcom.admin.ch"
www.cmsp2-r.admin.ch,"403"
www.collab-a.astra.admin.ch,"Could not resolve host: www.collab-a.astra.admin.ch"
www.cmsp9.admin.ch,"403"
www.cmsp3.admin.ch,"403"
www.confluence.estv.admin.ch,"Could not resolve host: www.confluence.estv.admin.ch"
www.collab.bfe.admin.ch,"Could not resolve host: www.collab.bfe.admin.ch"
www.ctiprojects-en.admin.ch,"Could not resolve host: www.ctiprojects-en.admin.ch"
www.ctiprojects-in.admin.ch,"Could not resolve host: www.ctiprojects-in.admin.ch"
www.confluence-a.estv.admin.ch,"Could not resolve host: www.confluence-a.estv.admin.ch"
www.collab.astra.admin.ch,"Could not resolve host: www.collab.astra.admin.ch"
www.cmsp4-a.admin.ch,"403"
www.communes.bfs.admin.ch,"Failed to connect to www.communes.bfs.admin.ch port 443 after 82 ms: Could not connect to server"
www.compass.bsv.admin.ch,"Could not resolve host: www.compass.bsv.admin.ch"
www.cw2015.eda.admin.ch,"Could not resolve host: www.cw2015.eda.admin.ch"
www.cybercrime.admin.ch,"Could not resolve host: www.cybercrime.admin.ch"
www.cyberlg.vtg.admin.ch,"Could not resolve host: www.cyberlg.vtg.admin.ch"
www.dam-a.admin.ch,"Could not resolve host: www.dam-a.admin.ch"
www.code.admin.ch,"200"
www.dam.admin.ch,"Could not resolve host: www.dam.admin.ch"
www.cug.efk.admin.ch,"Could not resolve host: www.cug.efk.admin.ch"
www.ctiprojects-vp.admin.ch,"Could not resolve host: www.ctiprojects-vp.admin.ch"
www.collab2.bfe.admin.ch,"Could not resolve host: www.collab2.bfe.admin.ch"
www.collaboration.eda.admin.ch,"403"
www.collab-a.bfe.admin.ch,"Could not resolve host: www.collab-a.bfe.admin.ch"
www.demo.eiam-r.admin.ch,"Could not resolve host: www.demo.eiam-r.admin.ch"
www.demo.eiam-a.admin.ch,"Could not resolve host: www.demo.eiam-a.admin.ch"
www.datareg.admin.ch,"Could not resolve host: www.datareg.admin.ch"
www.dfae.admin.ch,"Could not resolve host: www.dfae.admin.ch"
www.cvtool.eda.admin.ch,"Could not resolve host: www.cvtool.eda.admin.ch"
www.dbadmin.vbs.admin.ch,"Could not resolve host: www.dbadmin.vbs.admin.ch"
www.consommation.admin.ch,"301"
www.demo.eiam.admin.ch,"Could not resolve host: www.demo.eiam.admin.ch"
www.consumo.admin.ch,"301"
www.e-cites-a2.admin.ch,"Could not resolve host: www.e-cites-a2.admin.ch"
www.dbadmin-i.vbs.admin.ch,"Could not resolve host: www.dbadmin-i.vbs.admin.ch"
www.e-helvetica-a.nb.admin.ch,"Could not resolve host: www.e-helvetica-a.nb.admin.ch"
www.duke.vbs.admin.ch,"Could not resolve host: www.duke.vbs.admin.ch"
www.cug-kt.efk.admin.ch,"401"
www.e-helvetica.nb.admin.ch,"Could not resolve host: www.e-helvetica.nb.admin.ch"
www.eav.admin.ch,"Could not resolve host: www.eav.admin.ch"
www.cug-ir.efk.admin.ch,"401"
www.ebanking.skb.admin.ch,"Could not resolve host: www.ebanking.skb.admin.ch"
www.digipen.bazl.admin.ch,"Could not resolve host: www.digipen.bazl.admin.ch"
www.defr.admin.ch,"301"
www.ebd.prod.ezv.admin.ch,"Could not resolve host: www.ebd.prod.ezv.admin.ch"
www.ebd.ezv.admin.ch,"Failed to connect to www.ebd.ezv.admin.ch port 443 after 27 ms: Could not connect to server"
www.coff-ekff.admin.ch,"403"
www.e-helvetica-r.nb.admin.ch,"Could not resolve host: www.e-helvetica-r.nb.admin.ch"
www.eaer.admin.ch,"Could not resolve host: www.eaer.admin.ch"
www.digame.mediathek.admin.ch,"Could not resolve host: www.digame.mediathek.admin.ch"
www.e-service.admin.ch,"302"
www.db-alp.admin.ch,"Could not resolve host: www.db-alp.admin.ch"
www.e-cites-a.admin.ch,"Could not resolve host: www.e-cites-a.admin.ch"
www.e-cites.admin.ch,"Could not resolve host: www.e-cites.admin.ch"
www.ebglive.admin.ch,"Could not resolve host: www.ebglive.admin.ch"
www.commonapps.eda.admin.ch,"403"
www.edec-a.ezv.admin.ch,"Could not resolve host: www.edec-a.ezv.admin.ch"
www.ebd.abn.ezv.admin.ch,"Could not resolve host: www.ebd.abn.ezv.admin.ch"
www.edec-r.ezv.admin.ch,"Could not resolve host: www.edec-r.ezv.admin.ch"
www.ebg.admin.ch,"Could not resolve host: www.ebg.admin.ch"
www.eda.admin.ch,"302"
www.edi.admin.ch,"Could not resolve host: www.edi.admin.ch"
www.ebd.ref.ezv.admin.ch,"Could not resolve host: www.ebd.ref.ezv.admin.ch"
www.deposit.e-helvetica.nb.admin.ch,"200"
www.efd.admin.ch,"Could not resolve host: www.efd.admin.ch"
www.edb.admin.ch,"Could not resolve host: www.edb.admin.ch"
www.efk-test.admin.ch,"Could not resolve host: www.efk-test.admin.ch"
www.edi-ekr.admin.ch,"Could not resolve host: www.edi-ekr.admin.ch"
www.e-commerce-guide.admin.ch,"302"
www.edoeb.admin.ch,"Could not resolve host: www.edoeb.admin.ch"
www.ecogen.admin.ch,"Could not resolve host: www.ecogen.admin.ch"
www.eduadmin.bit.admin.ch,"Could not resolve host: www.eduadmin.bit.admin.ch"
www.eak.admin.ch,"302"
ws.stammdaten.lsva.admin.ch,"Could not resolve host: ws.stammdaten.lsva.admin.ch"
www.egate.admin.ch,"Could not resolve host: www.egate.admin.ch"
www.egris.admin.ch,"Could not resolve host: www.egris.admin.ch"
www.eformular.admin.ch,"Could not resolve host: www.eformular.admin.ch"
www.ejpd.admin.ch,"Could not resolve host: www.ejpd.admin.ch"
www.eformular-a.admin.ch,"Could not resolve host: www.eformular-a.admin.ch"
www.eis.zivi.admin.ch,"Could not resolve host: www.eis.zivi.admin.ch"
www.ekff-coff.admin.ch,"Could not resolve host: www.ekff-coff.admin.ch"
www.eek.admin.ch,"Failed to connect to www.eek.admin.ch port 443 after 88 ms: Could not connect to server"
ww2.tacho-in.admin.ch,"Could not resolve host: ww2.tacho-in.admin.ch"
www.ekm.admin.ch,"Could not resolve host: www.ekm.admin.ch"
www.elcomdata-a.admin.ch,"Could not resolve host: www.elcomdata-a.admin.ch"
www.eisbrecher.bit.admin.ch,"Could not resolve host: www.eisbrecher.bit.admin.ch"
ww2.elic.wbf.admin.ch,"Could not resolve host: ww2.elic.wbf.admin.ch"
www.ekf.admin.ch,"Could not resolve host: www.ekf.admin.ch"
www.edavis.eda.admin.ch,"302"
www.edec.ezv.admin.ch,"TLS connect error: error:0A000410:SSL routines::ssl/tls alert handshake failure"
www.ekkj.admin.ch,"Could not resolve host: www.ekkj.admin.ch"
www.elic-vp.admin.ch,"Could not resolve host: www.elic-vp.admin.ch"
www.elcomdata.admin.ch,"Could not resolve host: www.elcomdata.admin.ch"
www.elcomdata-t.admin.ch,"Failed to connect to www.elcomdata-t.admin.ch port 443 after 67 ms: Could not connect to server"
www-tmp.eak.admin.ch,"Could not resolve host: www-tmp.eak.admin.ch"
www.elic-en.admin.ch,"Could not resolve host: www.elic-en.admin.ch"
ws.shs-r.bfs.admin.ch,"Could not resolve host: ws.shs-r.bfs.admin.ch"
www-tmp.zivi.admin.ch,"Could not resolve host: www-tmp.zivi.admin.ch"
www.elcom.admin.ch,"Could not resolve host: www.elcom.admin.ch"
www.eis-in.zivi.admin.ch,"Could not resolve host: www.eis-in.zivi.admin.ch"
www.emapis-en.admin.ch,"Could not resolve host: www.emapis-en.admin.ch"
www.efv.admin.ch,"302"
www.emapis-vp.admin.ch,"Could not resolve host: www.emapis-vp.admin.ch"
www.elicensing-a.admin.ch,"Could not resolve host: www.elicensing-a.admin.ch"
www.elorge.admin.ch,"Could not resolve host: www.elorge.admin.ch"
www.ekff.admin.ch,"403"
www.emapis-es.admin.ch,"Could not resolve host: www.emapis-es.admin.ch"
www.elic.wbf.admin.ch,"Could not resolve host: www.elic.wbf.admin.ch"
www.emissionsregistry.admin.ch,"Could not resolve host: www.emissionsregistry.admin.ch"
www.afd-var.admin.ch,"Could not resolve host: www.afd-var.admin.ch"
www.energie-vorbild.admin.ch,"Could not resolve host: www.energie-vorbild.admin.ch"
www.eo-daten.admin.ch,"Could not resolve host: www.eo-daten.admin.ch"
www.emapis-in.admin.ch,"Could not resolve host: www.emapis-in.admin.ch"
www.eofcom-a.admin.ch,"Could not resolve host: www.eofcom-a.admin.ch"
www.elicensing.admin.ch,"Could not resolve host: www.elicensing.admin.ch"
www.emek.admin.ch,"Could not resolve host: www.emek.admin.ch"
www.elections.admin.ch,"301"
www.emissionsregistry-aa.admin.ch,"Failed to connect to www.emissionsregistry-aa.admin.ch port 443 after 67 ms: Could not connect to server"
www.efbs.admin.ch,"307"
www.alis-vp.admin.ch,"Could not resolve host: www.alis-vp.admin.ch"
www.elic-in.admin.ch,"302"
www.elezioni.admin.ch,"301"
www.elic.admin.ch,"302"
www.esurvey.admin.ch,"Could not resolve host: www.esurvey.admin.ch"
www.estv2.admin.ch,"Could not resolve host: www.estv2.admin.ch"
www.evera.eda.admin.ch,"Could not resolve host: www.evera.eda.admin.ch"
www.emapis.admin.ch,"404"
www.eofcom.admin.ch,"Could not resolve host: www.eofcom.admin.ch"
www.ews.admin.ch,"Could not resolve host: www.ews.admin.ch"
www.esti.admin.ch,"Could not resolve host: www.esti.admin.ch"
www.erweiterungsbeitrag.admin.ch,"Could not resolve host: www.erweiterungsbeitrag.admin.ch"
www.esurvey-a.bfs.admin.ch,"Could not resolve host: www.esurvey-a.bfs.admin.ch"
www.es-i.vbs.admin.ch,"SSL certificate problem: unable to get local issuer certificate"
www.eofcom-r.admin.ch,"Could not resolve host: www.eofcom-r.admin.ch"
www.experimental.bfs.admin.ch,"Could not resolve host: www.experimental.bfs.admin.ch"
www.es.vbs.admin.ch,"404"
www.elorgeintg.admin.ch,"302"
www.ews-a.admin.ch,"Could not resolve host: www.ews-a.admin.ch"
www.epa.admin.ch,"302"
www.annuario-federale-a.admin.ch,"Could not resolve host: www.annuario-federale-a.admin.ch"
www.ezivi-en2.admin.ch,"Could not resolve host: www.ezivi-en2.admin.ch"
www.etc-a.bit.admin.ch,"Could not resolve host: www.etc-a.bit.admin.ch"
www.entsendung.admin.ch,"302"
www.estv.admin.ch,"302"
www.expired-ov.pki.admin.ch,"Could not resolve host: www.expired-ov.pki.admin.ch"
www.ezv.admin.ch,"Could not resolve host: www.ezv.admin.ch"
www.ezivi-en.admin.ch,"Could not resolve host: www.ezivi-en.admin.ch"
www.fdfa.admin.ch,"Could not resolve host: www.fdfa.admin.ch"
www.fki.admin.ch,"Could not resolve host: www.fki.admin.ch"
www.ezivi-in.admin.ch,"Could not resolve host: www.ezivi-in.admin.ch"
www.forms.admin.ch,"Could not resolve host: www.forms.admin.ch"
www.annuaire-federal-a.admin.ch,"Could not resolve host: www.annuaire-federal-a.admin.ch"
www.ezivi-vp.admin.ch,"Could not resolve host: www.ezivi-vp.admin.ch"
www.expired-ev.pki.admin.ch,"Could not resolve host: www.expired-ev.pki.admin.ch"
www.esbk.admin.ch,"302"
www.ezvlive.admin.ch,"Could not resolve host: www.ezvlive.admin.ch"
www.ezivi.admin.ch,"Could not resolve host: www.ezivi.admin.ch"
www.aramis-a.admin.ch,"Could not resolve host: www.aramis-a.admin.ch"
www.forst-stat.bfs.admin.ch,"Could not resolve host: www.forst-stat.bfs.admin.ch"
www.eschk.admin.ch,"302"
www.eziviks-wiki.zivi.admin.ch,"Could not resolve host: www.eziviks-wiki.zivi.admin.ch"
www.fs.ezv.admin.ch,"Could not resolve host: www.fs.ezv.admin.ch"
www.fts-a.admin.ch,"Could not resolve host: www.fts-a.admin.ch"
www.fts.admin.ch,"Could not resolve host: www.fts.admin.ch"
www.esurvey.bfs.admin.ch,"403"
www.gate-a.bafu.admin.ch,"Could not resolve host: www.gate-a.bafu.admin.ch"
www.forst-stat-a.bfs.admin.ch,"Could not resolve host: www.forst-stat-a.bfs.admin.ch"
www.exonaut.admin.ch,"200"
www.fptest.admin.ch,"Could not resolve host: www.fptest.admin.ch"
www.gate-a.bfe.admin.ch,"Could not resolve host: www.gate-a.bfe.admin.ch"
www.forms.bak.admin.ch,"Could not resolve host: www.forms.bak.admin.ch"
www.gate-a.bfs.admin.ch,"Could not resolve host: www.gate-a.bfs.admin.ch"
www.g2020-info.admin.ch,"Could not resolve host: www.g2020-info.admin.ch"
www.fedpol.admin.ch,"302"
www.astat-in.blw.admin.ch,"Could not resolve host: www.astat-in.blw.admin.ch"
www.gate-a.bsv.admin.ch,"Could not resolve host: www.gate-a.bsv.admin.ch"
www.gate-a.eda.admin.ch,"Could not resolve host: www.gate-a.eda.admin.ch"
www.gate-a.elcom.admin.ch,"Could not resolve host: www.gate-a.elcom.admin.ch"
www.gate-a.publica.admin.ch,"Could not resolve host: www.gate-a.publica.admin.ch"
www.gate-a.bit.admin.ch,"Could not resolve host: www.gate-a.bit.admin.ch"
www.gate-a.bfm.admin.ch,"Could not resolve host: www.gate-a.bfm.admin.ch"
www.gate-a.estv.admin.ch,"Could not resolve host: www.gate-a.estv.admin.ch"
www.gate-a.eiam.admin.ch,"Could not resolve host: www.gate-a.eiam.admin.ch"
www.gate-r.astra.admin.ch,"Could not resolve host: www.gate-r.astra.admin.ch"
www.gate-a.astra.admin.ch,"Could not resolve host: www.gate-a.astra.admin.ch"
www.b2cshop-i.admin.ch,"Could not resolve host: www.b2cshop-i.admin.ch"
www.gate-a.ezv.admin.ch,"Could not resolve host: www.gate-a.ezv.admin.ch"
www.gate-a.eav.admin.ch,"Could not resolve host: www.gate-a.eav.admin.ch"
www.gate-a.bak.admin.ch,"Could not resolve host: www.gate-a.bak.admin.ch"
www.flow.eda.admin.ch,"403"
www.gate-r.bar.admin.ch,"Could not resolve host: www.gate-r.bar.admin.ch"
www.gate-r.bav.admin.ch,"Could not resolve host: www.gate-r.bav.admin.ch"
www.gate-r.bfe.admin.ch,"Could not resolve host: www.gate-r.bfe.admin.ch"
www.gate-r.bfm.admin.ch,"Could not resolve host: www.gate-r.bfm.admin.ch"
www.gate-d.harrods.admin.ch,"Could not resolve host: www.gate-d.harrods.admin.ch"
www.gate-a.bag.admin.ch,"404"
www.gate-r.bafu.admin.ch,"Could not resolve host: www.gate-r.bafu.admin.ch"
www.gate-a.bk.admin.ch,"404"
www.gate-a.bav.admin.ch,"404"
www.gate-r.ccsap.admin.ch,"Could not resolve host: www.gate-r.ccsap.admin.ch"
www.gate-a.avampoc.admin.ch,"Could not resolve host: www.gate-a.avampoc.admin.ch"
www.gate-r.edi.admin.ch,"Could not resolve host: www.gate-r.edi.admin.ch"
www.gate-a.bar.admin.ch,"404"
www.gate-r.bit.admin.ch,"Could not resolve host: www.gate-r.bit.admin.ch"
www.gate-r.bak.admin.ch,"Could not resolve host: www.gate-r.bak.admin.ch"
www.gate.astra.admin.ch,"Could not resolve host: www.gate.astra.admin.ch"
www.gate-r.eiam.admin.ch,"Could not resolve host: www.gate-r.eiam.admin.ch"
www.gate.bag.admin.ch,"Could not resolve host: www.gate.bag.admin.ch"
www.gate-a.edi.admin.ch,"404"
www.gate-a.zas.admin.ch,"404"
www.gate-a.sem.admin.ch,"404"
www.bakomlive.admin.ch,"Could not resolve host: www.bakomlive.admin.ch"
www.gate-a.harrods.admin.ch,"Could not resolve host: www.gate-a.harrods.admin.ch"
www.gate-r.eav.admin.ch,"Could not resolve host: www.gate-r.eav.admin.ch"
www.gate.bav.admin.ch,"Could not resolve host: www.gate.bav.admin.ch"
www.gate-d.bafu.admin.ch,"404"
www.gate.bfm.admin.ch,"Could not resolve host: www.gate.bfm.admin.ch"
www.gate.bk.admin.ch,"Could not resolve host: www.gate.bk.admin.ch"
www.gate.bak.admin.ch,"Could not resolve host: www.gate.bak.admin.ch"
www.gate-r.publica.admin.ch,"Could not resolve host: www.gate-r.publica.admin.ch"
www.gate.eav.admin.ch,"Could not resolve host: www.gate.eav.admin.ch"
www.gate.eiam.admin.ch,"Could not resolve host: www.gate.eiam.admin.ch"
www.gate-r.bag.admin.ch,"404"
www.gate.elcom.admin.ch,"Could not resolve host: www.gate.elcom.admin.ch"
www.gate.bafu.admin.ch,"Could not resolve host: www.gate.bafu.admin.ch"
sms-bk-owa.ras.admin.ch,"Connection timed out after 3002 milliseconds"
www.gate.zas.admin.ch,"Could not resolve host: www.gate.zas.admin.ch"
www.gebpbfe-i.admin.ch,"Could not resolve host: www.gebpbfe-i.admin.ch"
www.gate.eda.admin.ch,"Could not resolve host: www.gate.eda.admin.ch"
www.geca-test.zas.admin.ch,"Could not resolve host: www.geca-test.zas.admin.ch"
www.bfm.admin.ch,"Could not resolve host: www.bfm.admin.ch"
www.gate-r.sem.admin.ch,"404"
www.gate-r.bfs.admin.ch,"404"
www.geo.admin.ch,"Could not resolve host: www.geo.admin.ch"
www.gate.publica.admin.ch,"Could not resolve host: www.gate.publica.admin.ch"
www.bi-in.admin.ch,"Could not resolve host: www.bi-in.admin.ch"
www.gate-r.estv.admin.ch,"404"
www.gate.sem.admin.ch,"Could not resolve host: www.gate.sem.admin.ch"
www.gate-r.bsv.admin.ch,"404"
www.gate.bfs.admin.ch,"404"
www.gewawebintg.fedpol.admin.ch,"Could not resolve host: www.gewawebintg.fedpol.admin.ch"
www.geca.zas.admin.ch,"Could not resolve host: www.geca.zas.admin.ch"
www.gin-r.admin.ch,"Could not resolve host: www.gin-r.admin.ch"
www.gin5-a.admin.ch,"Could not resolve host: www.gin5-a.admin.ch"
www.geoadmin.ch,"SSL certificate problem: self-signed certificate"
www.gate.bar.admin.ch,"404"
www.gate.bit.admin.ch,"404"
www.gate.bsv.admin.ch,"404"
www.gate.bfe.admin.ch,"404"
www.helveticarchives-temp.admin.ch,"Could not resolve host: www.helveticarchives-temp.admin.ch"
www.gever.assessment.bar.admin.ch,"Could not resolve host: www.gever.assessment.bar.admin.ch"
www.gruenewirtschaft.admin.ch,"Could not resolve host: www.gruenewirtschaft.admin.ch"
www.gate.edi.admin.ch,"404"
www.hesta-a.bfs.admin.ch,"Could not resolve host: www.hesta-a.bfs.admin.ch"
www.gesbg.admin.ch,"Could not resolve host: www.gesbg.admin.ch"
www.helveticarchives-a.admin.ch,"Could not resolve host: www.helveticarchives-a.admin.ch"
www.helveticarchives-temp-a.admin.ch,"Could not resolve host: www.helveticarchives-temp-a.admin.ch"
www.gate.estv.admin.ch,"404"
www.hydrodaten.admin.ch,"Could not resolve host: www.hydrodaten.admin.ch"
www.bugtracker.vbs.admin.ch,"Could not resolve host: www.bugtracker.vbs.admin.ch"
www.gov-sur.bit.admin.ch,"Could not resolve host: www.gov-sur.bit.admin.ch"
www.helpapvs.wiki.bag.admin.ch,"Could not resolve host: www.helpapvs.wiki.bag.admin.ch"
www.blog.oerebk.admin.ch,"Could not resolve host: www.blog.oerebk.admin.ch"
www.hesta-p.bfs.admin.ch,"Could not resolve host: www.hesta-p.bfs.admin.ch"
www.gebpbfe-s.admin.ch,"405"
www.gebpbfe.admin.ch,"405"
www.gate.ezv.admin.ch,"404"
www.efk.admin.ch,"200"
www.hsstat-r.bfs.admin.ch,"Could not resolve host: www.hsstat-r.bfs.admin.ch"
www.gin-a.admin.ch,"403"
www.iam-cug-r.bag.admin.ch,"Could not resolve host: www.iam-cug-r.bag.admin.ch"
www.iam-a.bag.admin.ch,"Could not resolve host: www.iam-a.bag.admin.ch"
www.iam-r.bag.admin.ch,"Could not resolve host: www.iam-r.bag.admin.ch"
www.govcert.admin.ch,"301"
www.iam.bag.admin.ch,"Could not resolve host: www.iam.bag.admin.ch"
www.iam.adura.blv.admin.ch,"Could not resolve host: www.iam.adura.blv.admin.ch"
www.iam-cug-k.bag.admin.ch,"Failed to connect to www.iam-cug-k.bag.admin.ch port 443 after 68 ms: Could not connect to server"
www.hsstat-a.bfs.admin.ch,"Could not resolve host: www.hsstat-a.bfs.admin.ch"
www.geocat.admin.ch,"SSL certificate problem: self-signed certificate"
www.identity-d.ezv.admin.ch,"Failed to connect to www.identity-d.ezv.admin.ch port 443 after 27 ms: Could not connect to server"
www.iam-cug-a.bag.admin.ch,"Failed to connect to www.iam-cug-a.bag.admin.ch port 443 after 80 ms: Could not connect to server"
trustmail.admin.ch,"Resolving timed out after 3001 milliseconds"
www.iam-k.bag.admin.ch,"Could not resolve host: www.iam-k.bag.admin.ch"
www.ies.admin.ch,"Could not resolve host: www.ies.admin.ch"
www.ictax-i.admin.ch,"Could not resolve host: www.ictax-i.admin.ch"
www.ictax.admin.ch,"Could not resolve host: www.ictax.admin.ch"
www.helveticarchives.admin.ch,"302"
www.gin5.admin.ch,"301"
www.in.baustellen.astra.admin.ch,"Could not resolve host: www.in.baustellen.astra.admin.ch"
www.iam-cug.bag.admin.ch,"Failed to connect to www.iam-cug.bag.admin.ch port 443 after 86 ms: Could not connect to server"
www.identity-r.ezv.admin.ch,"Failed to connect to www.identity-r.ezv.admin.ch port 443 after 61 ms: Could not connect to server"
www.gin.admin.ch,"302"
www.hsstat.bfs.admin.ch,"302"
www.infoafam.zas.admin.ch,"Could not resolve host: www.infoafam.zas.admin.ch"
uccfubwebpool02-i.vbs.admin.ch,"Connection timed out after 3002 milliseconds"
www.infosm.blv.admin.ch,"Could not resolve host: www.infosm.blv.admin.ch"
www.in.vm-ch.vmz.admin.ch,"Could not resolve host: www.in.vm-ch.vmz.admin.ch"
www.idm.admin.ch,"Could not resolve host: www.idm.admin.ch"
www.identity.ezv.admin.ch,"Failed to connect to www.identity.ezv.admin.ch port 443 after 77 ms: Could not connect to server"
www.insm-r.bit.admin.ch,"Could not resolve host: www.insm-r.bit.admin.ch"
v12ssz.vegate.admin.ch,"Resolving timed out after 3001 milliseconds"
www.int2-apps.eda.admin.ch,"Could not resolve host: www.int2-apps.eda.admin.ch"
www.int2-commonapps.eda.admin.ch,"Could not resolve host: www.int2-commonapps.eda.admin.ch"
www.int2-chatworld.eda.admin.ch,"Could not resolve host: www.int2-chatworld.eda.admin.ch"
www.cms-content3-a.admin.ch,"Could not resolve host: www.cms-content3-a.admin.ch"
www.int2-ips.eda.admin.ch,"Could not resolve host: www.int2-ips.eda.admin.ch"
www.int2-itdoc.eda.admin.ch,"Could not resolve host: www.int2-itdoc.eda.admin.ch"
www.int2-ioelections.eda.admin.ch,"Could not resolve host: www.int2-ioelections.eda.admin.ch"
www.infoafam-a.zas.admin.ch,"Could not resolve host: www.infoafam-a.zas.admin.ch"
www.inss-r.bit.admin.ch,"Could not resolve host: www.inss-r.bit.admin.ch"
www.int2-training.eda.admin.ch,"Could not resolve host: www.int2-training.eda.admin.ch"
www.identity-a.ezv.admin.ch,"Failed to connect to www.identity-a.ezv.admin.ch port 443 after 115 ms: Could not connect to server"
vdi-admin-bk.ras.admin.ch,"Connection timed out after 3003 milliseconds"
www.in.baustellen.vmz.admin.ch,"Could not resolve host: www.in.baustellen.vmz.admin.ch"
video.schulung.emrot.astra.admin.ch,"Connection timed out after 3001 milliseconds"
www.infosm2.bvet.admin.ch,"Could not resolve host: www.infosm2.bvet.admin.ch"
www.int-chatworld.eda.admin.ch,"Could not resolve host: www.int-chatworld.eda.admin.ch"
www.int-interactive.eda.admin.ch,"Could not resolve host: www.int-interactive.eda.admin.ch"
www.infosm.bvet.admin.ch,"Could not resolve host: www.infosm.bvet.admin.ch"
www.interactive.eda.admin.ch,"Could not resolve host: www.interactive.eda.admin.ch"
vpnvd.astra.admin.ch,"Connection timed out after 3002 milliseconds"
w16.brz.eda.admin.ch,"Resolving timed out after 3001 milliseconds"
www.int2-move.eda.admin.ch,"Could not resolve host: www.int2-move.eda.admin.ch"
w16.vip.eda.admin.ch,"Resolving timed out after 3001 milliseconds"
wac.parl.admin.ch,"Connection timed out after 3002 milliseconds"
www.int2-intranet.brz.eda.admin.ch,"Could not resolve host: www.int2-intranet.brz.eda.admin.ch"
www.insb-r.bit.admin.ch,"Could not resolve host: www.insb-r.bit.admin.ch"
www.ism-a.eda.admin.ch,"Could not resolve host: www.ism-a.eda.admin.ch"
www.cms-s.admin.ch,"Could not resolve host: www.cms-s.admin.ch"
www.isos.bak.admin.ch,"Could not resolve host: www.isos.bak.admin.ch"
webconf02.eda.admin.ch,"Connection timed out after 3002 milliseconds"
webconfref01.admin.ch,"Connection timed out after 3002 milliseconds"
www.isceco.admin.ch,"Could not resolve host: www.isceco.admin.ch"
webmail.admin.ch,"Connection timed out after 3002 milliseconds"
www.isc-ejpd.admin.ch,"Could not resolve host: www.isc-ejpd.admin.ch"
www.ivi.admin.ch,"Could not resolve host: www.ivi.admin.ch"
www.isak.bag.admin.ch,"Could not resolve host: www.isak.bag.admin.ch"
www.info.gin.admin.ch,"302"
www.in.vm-ch.astra.admin.ch,"404"
www.itdocs.eda.admin.ch,"Could not resolve host: www.itdocs.eda.admin.ch"
www.int2-vip.eda.admin.ch,"Could not resolve host: www.int2-vip.eda.admin.ch"
webservice.medreg-r.admin.ch,"Resolving timed out after 3000 milliseconds"
www.iteraplan-a.estv.admin.ch,"Could not resolve host: www.iteraplan-a.estv.admin.ch"
www.kbob.admin.ch,"Could not resolve host: www.kbob.admin.ch"
www.int2-projects.eda.admin.ch,"Could not resolve host: www.int2-projects.eda.admin.ch"
www.kendranet.evd.admin.ch,"Could not resolve host: www.kendranet.evd.admin.ch"
www.kendranet.wbf.admin.ch,"Could not resolve host: www.kendranet.wbf.admin.ch"
www.isb.admin.ch,"Could not resolve host: www.isb.admin.ch"
www.ivisionplus.admin.ch,"Could not resolve host: www.ivisionplus.admin.ch"
www.interruptio-ges.bfs.admin.ch,"Could not resolve host: www.interruptio-ges.bfs.admin.ch"
www.kmu-auftritt.admin.ch,"Could not resolve host: www.kmu-auftritt.admin.ch"
www.indikatoren.admin.ch,"302"
www.ksmm.admin.ch,"Could not resolve host: www.ksmm.admin.ch"
www.kataplan-risk.admin.ch,"Could not resolve host: www.kataplan-risk.admin.ch"
www.kti.admin.ch,"Could not resolve host: www.kti.admin.ch"
www.itineris.eda.admin.ch,"Could not resolve host: www.itineris.eda.admin.ch"
www.lamda-r.admin.ch,"Could not resolve host: www.lamda-r.admin.ch"
www.isak.admin.ch,"Could not resolve host: www.isak.admin.ch"
www.lamda-x.admin.ch,"Could not resolve host: www.lamda-x.admin.ch"
www.lamda.admin.ch,"Could not resolve host: www.lamda.admin.ch"
www.lei-r.admin.ch,"Could not resolve host: www.lei-r.admin.ch"
www.lipo.vbs.admin.ch,"Could not resolve host: www.lipo.vbs.admin.ch"
www.lamda-om.admin.ch,"Could not resolve host: www.lamda-om.admin.ch"
www.lmsezv.admin.ch,"Could not resolve host: www.lmsezv.admin.ch"
www.jahresbericht.agroscope.admin.ch,"Could not resolve host: www.jahresbericht.agroscope.admin.ch"
www.kubb-tool.bfs.admin.ch,"Could not resolve host: www.kubb-tool.bfs.admin.ch"
www.li.admin.ch,"Could not resolve host: www.li.admin.ch"
www.integrationsfoerderung.admin.ch,"302"
www.login.eda.admin.ch,"Could not resolve host: www.login.eda.admin.ch"
www.logixs.eda.admin.ch,"Could not resolve host: www.logixs.eda.admin.ch"
www.isak-a.bag.admin.ch,"301"
www.ivs.admin.ch,"301"
www.lohnstandardbfs-ws.admin.ch,"Could not resolve host: www.lohnstandardbfs-ws.admin.ch"
www.lohnstandardbfs.admin.ch,"Could not resolve host: www.lohnstandardbfs.admin.ch"
www.lohnwebplus-r.bfs.admin.ch,"Could not resolve host: www.lohnwebplus-r.bfs.admin.ch"
www.mantis.oxba.admin.ch,"Could not resolve host: www.mantis.oxba.admin.ch"
www.lohnwebplus.bfs.admin.ch,"Could not resolve host: www.lohnwebplus.bfs.admin.ch"
www.masterplan.bit.admin.ch,"Could not resolve host: www.masterplan.bit.admin.ch"
www.mediathektest.admin.ch,"Could not resolve host: www.mediathektest.admin.ch"
www.lohnwebplus-a.bfs.admin.ch,"Could not resolve host: www.lohnwebplus-a.bfs.admin.ch"
www.kubb2008.bfs.admin.ch,"Could not resolve host: www.kubb2008.bfs.admin.ch"
www.lms.admin.ch,"Could not resolve host: www.lms.admin.ch"
www.medreg-r.admin.ch,"Could not resolve host: www.medreg-r.admin.ch"
www.jobs.admin.ch,"302"
www.konsum.admin.ch,"302"
www.map.geo.admin.ch,"308"
www.meb-r.bfs.admin.ch,"Could not resolve host: www.meb-r.bfs.admin.ch"
www.ks.bfs.admin.ch,"302"
www.lei-a.admin.ch,"200"
www.ks-a.bfs.admin.ch,"302"
www.medreg-a.admin.ch,"Could not resolve host: www.medreg-a.admin.ch"
www.medregbm-k.admin.ch,"Could not resolve host: www.medregbm-k.admin.ch"
www.medregbm-t.admin.ch,"Could not resolve host: www.medregbm-t.admin.ch"
www.meb.bfs.admin.ch,"Could not resolve host: www.meb.bfs.admin.ch"
www.medregbm.admin.ch,"Could not resolve host: www.medregbm.admin.ch"
www.lei.admin.ch,"200"
www.medregom-k.admin.ch,"Could not resolve host: www.medregom-k.admin.ch"
www.medreg-t.admin.ch,"Could not resolve host: www.medreg-t.admin.ch"
www.medreg-k.admin.ch,"Could not resolve host: www.medreg-k.admin.ch"
www.lmsvbs.admin.ch,"302"
www.itdoc.eda.admin.ch,"403"
www.medregom.admin.ch,"Could not resolve host: www.medregom.admin.ch"
www.medregbm-r.admin.ch,"Could not resolve host: www.medregbm-r.admin.ch"
www.medregom-a.admin.ch,"Could not resolve host: www.medregom-a.admin.ch"
www.milaufgebotstableau.vbs.admin.ch,"Could not resolve host: www.milaufgebotstableau.vbs.admin.ch"
www.miloffice-i.vbs.admin.ch,"Could not resolve host: www.miloffice-i.vbs.admin.ch"
www.maint.admin.ch,"200"
www.milsport-t.vbs.admin.ch,"Could not resolve host: www.milsport-t.vbs.admin.ch"
www.medregom-r.admin.ch,"Could not resolve host: www.medregom-r.admin.ch"
www.moa-h.estv.admin.ch,"Could not resolve host: www.moa-h.estv.admin.ch"
www.moa-t.estv.admin.ch,"Could not resolve host: www.moa-t.estv.admin.ch"
www.medreg.admin.ch,"Could not resolve host: www.medreg.admin.ch"
www.move.eda.admin.ch,"Could not resolve host: www.move.eda.admin.ch"
www.code-in.admin.ch,"Could not resolve host: www.code-in.admin.ch"
www.moa.estv.admin.ch,"Could not resolve host: www.moa.estv.admin.ch"
www.nabodat-a.admin.ch,"Could not resolve host: www.nabodat-a.admin.ch"
www.moa-a.estv.admin.ch,"Could not resolve host: www.moa-a.estv.admin.ch"
www.moa-i.estv.admin.ch,"Could not resolve host: www.moa-i.estv.admin.ch"
www.mediathek.admin.ch,"200"
www.meb-a.bfs.admin.ch,"302"
ws.bav-phoenix-a.admin.ch,"Resolving timed out after 3001 milliseconds"
www.miloffice.vbs.admin.ch,"Could not resolve host: www.miloffice.vbs.admin.ch"
www.media.bk.admin.ch,"403"
www.milaufgebotstableau-t.vbs.admin.ch,"Could not resolve host: www.milaufgebotstableau-t.vbs.admin.ch"
ws.code-r.admin.ch,"Resolving timed out after 3000 milliseconds"
www.media-stat.admin.ch,"200"
www.nabodat-arcgis-a.admin.ch,"Could not resolve host: www.nabodat-arcgis-a.admin.ch"
www.ndbjs-anmeldung-i.vbs.admin.ch,"Could not resolve host: www.ndbjs-anmeldung-i.vbs.admin.ch"
www.nabodat.admin.ch,"Could not resolve host: www.nabodat.admin.ch"
ws.eiam.adminservice-r.admin.ch,"Resolving timed out after 3000 milliseconds"
ws.eiam.adminservice-a.admin.ch,"Resolving timed out after 3001 milliseconds"
www.ndbjs-anmeldung.vbs.admin.ch,"Could not resolve host: www.ndbjs-anmeldung.vbs.admin.ch"
www.milsport-i.vbs.admin.ch,"TLS connect error: error:0A000458:SSL routines::tlsv1 unrecognized name"
www.nedb-a.admin.ch,"Could not resolve host: www.nedb-a.admin.ch"
www.ndsweb-a.sm.admin.ch,"Could not resolve host: www.ndsweb-a.sm.admin.ch"
www.nano-i.vbs.admin.ch,"Could not resolve host: www.nano-i.vbs.admin.ch"
www.newsd.admin.ch,"Could not resolve host: www.newsd.admin.ch"
www.ndsweb.sm.admin.ch,"Could not resolve host: www.ndsweb.sm.admin.ch"
www.melani.admin.ch,"301"
www.ctiprojects.admin.ch,"Could not resolve host: www.ctiprojects.admin.ch"
www.nkvf.admin.ch,"Could not resolve host: www.nkvf.admin.ch"
www.nedb-r.admin.ch,"Could not resolve host: www.nedb-r.admin.ch"
www.nano.vbs.admin.ch,"Could not resolve host: www.nano.vbs.admin.ch"
www.ctiprojects-sh.admin.ch,"Could not resolve host: www.ctiprojects-sh.admin.ch"
www.nb.admin.ch,"302"
www.milsport.vbs.admin.ch,"TLS connect error: error:0A000458:SSL routines::tlsv1 unrecognized name"
www.nblive.admin.ch,"Could not resolve host: www.nblive.admin.ch"
www.nabodat-arcgis.admin.ch,"Could not resolve host: www.nabodat-arcgis.admin.ch"
www.networkpilots.eda.admin.ch,"Could not resolve host: www.networkpilots.eda.admin.ch"
www.news.admin.ch,"Could not resolve host: www.news.admin.ch"
www.mwst-publikationen.estv.admin.ch,"302"
www.milaufgebotstableau-i.vbs.admin.ch,"Could not resolve host: www.milaufgebotstableau-i.vbs.admin.ch"
www.news-test.admin.ch,"Could not resolve host: www.news-test.admin.ch"
www.oak-bv.admin.ch,"Could not resolve host: www.oak-bv.admin.ch"
www.newsletter.kmu.admin.ch,"Could not resolve host: www.newsletter.kmu.admin.ch"
www.observer.exonaut.admin.ch,"Could not resolve host: www.observer.exonaut.admin.ch"
www.nlt-a.admin.ch,"Could not resolve host: www.nlt-a.admin.ch"
www.nlt.admin.ch,"Could not resolve host: www.nlt.admin.ch"
www.hermes.admin.ch,"200"
www.officeonline.eda.admin.ch,"Could not resolve host: www.officeonline.eda.admin.ch"
www.openenergydata.admin.ch,"Could not resolve host: www.openenergydata.admin.ch"
www.navig.admin.ch,"503"
www.nsdp.admin.ch,"Could not resolve host: www.nsdp.admin.ch"
www.onlinerecherche-a.bar.admin.ch,"Could not resolve host: www.onlinerecherche-a.bar.admin.ch"
www.ordipro.eda.admin.ch,"Could not resolve host: www.ordipro.eda.admin.ch"
www.onlinerecherchedmz-a.bar.admin.ch,"Could not resolve host: www.onlinerecherchedmz-a.bar.admin.ch"
www.osciservices-gw.admin.ch,"Could not resolve host: www.osciservices-gw.admin.ch"
www.obsan.admin.ch,"Could not resolve host: www.obsan.admin.ch"
www.news-service.admin.ch,"Could not resolve host: www.news-service.admin.ch"
www.dores.admin.ch,"Could not resolve host: www.dores.admin.ch"
www.ola-t.admin.ch,"Could not resolve host: www.ola-t.admin.ch"
www.obst-sh.admin.ch,"Could not resolve host: www.obst-sh.admin.ch"
www.nap-bhr.admin.ch,"301"
www.paiv.eda.admin.ch,"Could not resolve host: www.paiv.eda.admin.ch"
www.oscitv-gw-a.admin.ch,"Could not resolve host: www.oscitv-gw-a.admin.ch"
www.obst-vp.admin.ch,"Could not resolve host: www.obst-vp.admin.ch"
www.password-a.admin.ch,"Could not resolve host: www.password-a.admin.ch"
www.oscitv-gw.admin.ch,"Could not resolve host: www.oscitv-gw.admin.ch"
www.password-r.admin.ch,"Could not resolve host: www.password-r.admin.ch"
www.nek-cne.admin.ch,"307"
www.pl-a.bfs.admin.ch,"Could not resolve host: www.pl-a.bfs.admin.ch"
www.obst.admin.ch,"Could not resolve host: www.obst.admin.ch"
www.plato-ams.eda.admin.ch,"Could not resolve host: www.plato-ams.eda.admin.ch"
www.output.tu-verzeichnisse-temp.bav.admin.ch,"Could not resolve host: www.output.tu-verzeichnisse-temp.bav.admin.ch"
www.pki.admin.ch,"Could not resolve host: www.pki.admin.ch"
www.passchange.eda.admin.ch,"Could not resolve host: www.passchange.eda.admin.ch"
www.parchem.bag.admin.ch,"Could not resolve host: www.parchem.bag.admin.ch"
www.pl.bfs.admin.ch,"Could not resolve host: www.pl.bfs.admin.ch"
www.plausex-a.admin.ch,"Could not resolve host: www.plausex-a.admin.ch"
www.password.admin.ch,"Could not resolve host: www.password.admin.ch"
www.nlt-r.admin.ch,"302"
www.openegov.admin.ch,"Could not resolve host: www.openegov.admin.ch"
ws.wbfssz.admin.ch,"Resolving timed out after 3000 milliseconds"
www.pl-r.bfs.admin.ch,"Could not resolve host: www.pl-r.bfs.admin.ch"
www.officeonline-intra.eda.admin.ch,"Could not resolve host: www.officeonline-intra.eda.admin.ch"
ww2.elic-en.admin.ch,"Resolving timed out after 3000 milliseconds"
www.portal-stat.admin.ch,"Could not resolve host: www.portal-stat.admin.ch"
www.portal.estv.admin.ch,"Could not resolve host: www.portal.estv.admin.ch"
www.prezzi-elettricita.elcom.admin.ch,"Could not resolve host: www.prezzi-elettricita.elcom.admin.ch"
www.perimap.admin.ch,"Could not resolve host: www.perimap.admin.ch"
www.nedb.admin.ch,"Could not resolve host: www.nedb.admin.ch"
www.profund-a.sbfi.admin.ch,"Could not resolve host: www.profund-a.sbfi.admin.ch"
www.portal-a.estv.admin.ch,"Could not resolve host: www.portal-a.estv.admin.ch"
www.plugins.aramis-a.admin.ch,"Could not resolve host: www.plugins.aramis-a.admin.ch"
www.proom.bbl.admin.ch,"Could not resolve host: www.proom.bbl.admin.ch"
www.proom-a.bbl.admin.ch,"Could not resolve host: www.proom-a.bbl.admin.ch"
www-tmp.beschaffung.admin.ch,"Resolving timed out after 3000 milliseconds"
www.provisioning-cdt.admin.ch,"Could not resolve host: www.provisioning-cdt.admin.ch"
www.priminfo.admin.ch,"Could not resolve host: www.priminfo.admin.ch"
www.plurilinguismus.admin.ch,"Could not resolve host: www.plurilinguismus.admin.ch"
www.postcom.admin.ch,"Could not resolve host: www.postcom.admin.ch"
www.psyreg-a.admin.ch,"Could not resolve host: www.psyreg-a.admin.ch"
www.psyreg-k.admin.ch,"Could not resolve host: www.psyreg-k.admin.ch"
www.psnext-a.estv.admin.ch,"Could not resolve host: www.psnext-a.estv.admin.ch"
www.outlook.admin.ch,"301"
www.edb-r.admin.ch,"Could not resolve host: www.edb-r.admin.ch"
www.profund.sbfi.admin.ch,"Could not resolve host: www.profund.sbfi.admin.ch"
www.psyreg-r.admin.ch,"Could not resolve host: www.psyreg-r.admin.ch"
www.psyreg.admin.ch,"Could not resolve host: www.psyreg.admin.ch"
www.plurilingua.admin.ch,"302"
www.pxweb-a.bfs.admin.ch,"Could not resolve host: www.pxweb-a.bfs.admin.ch"
www.provisioning-cdt-r.admin.ch,"Could not resolve host: www.provisioning-cdt-r.admin.ch"
www.plato-hh.eda.admin.ch,"302"
www.output.tu-verzeichnisse.bav.admin.ch,"200"
www.prosecco-t.admin.ch,"Could not resolve host: www.prosecco-t.admin.ch"
www.psnext.estv.admin.ch,"Could not resolve host: www.psnext.estv.admin.ch"
www.abk.vbs.admin.ch,"Connection timed out after 3001 milliseconds"
www.pxweb-admin-r.bfs.admin.ch,"Could not resolve host: www.pxweb-admin-r.bfs.admin.ch"
www.pxweb.bfs.admin.ch,"Could not resolve host: www.pxweb.bfs.admin.ch"
www.adura.blv.admin.ch,"Connection timed out after 3002 milliseconds"
www.pxweb-admin-a.bfs.admin.ch,"Could not resolve host: www.pxweb-admin-a.bfs.admin.ch"
www.prtr.admin.ch,"Could not resolve host: www.prtr.admin.ch"
www.pxweb1.bfs.admin.ch,"Could not resolve host: www.pxweb1.bfs.admin.ch"
www.rapg.zas.admin.ch,"Could not resolve host: www.rapg.zas.admin.ch"
www.recherche-a.bar.admin.ch,"Could not resolve host: www.recherche-a.bar.admin.ch"
www.registrierung.postcom.admin.ch,"Could not resolve host: www.registrierung.postcom.admin.ch"
www.personenfreizuegigkeit.admin.ch,"301"
www.afaria.exonaut.admin.ch,"Connection timed out after 3001 milliseconds"
www.quiz.bfs.admin.ch,"Could not resolve host: www.quiz.bfs.admin.ch"
www.portal.bsv.admin.ch,"200"
www.registrierung-a.postcom.admin.ch,"Could not resolve host: www.registrierung-a.postcom.admin.ch"
www.recherche.bar.admin.ch,"Could not resolve host: www.recherche.bar.admin.ch"
www.regress.admin.ch,"Could not resolve host: www.regress.admin.ch"
www.respondents.bsv.admin.ch,"Could not resolve host: www.respondents.bsv.admin.ch"
www.ressortforschung.admin.ch,"Could not resolve host: www.ressortforschung.admin.ch"
www.recherche-r.bar.admin.ch,"Could not resolve host: www.recherche-r.bar.admin.ch"
www.revoked-ev.pki.admin.ch,"Could not resolve host: www.revoked-ev.pki.admin.ch"
www.rhf.admin.ch,"Could not resolve host: www.rhf.admin.ch"
www.revoked-ov.pki.admin.ch,"Could not resolve host: www.revoked-ov.pki.admin.ch"
www.portal.oak-bv.admin.ch,"200"
www.rm-imfs-i.vbs.admin.ch,"Could not resolve host: www.rm-imfs-i.vbs.admin.ch"
www.psm.admin.ch,"301"
www.rpc-a.admin.ch,"Could not resolve host: www.rpc-a.admin.ch"
www.rm-imfs.vbs.admin.ch,"Could not resolve host: www.rm-imfs.vbs.admin.ch"
www.publicationsfederales.admin.ch,"301"
www.ras-wartung.bit.admin.ch,"Could not resolve host: www.ras-wartung.bit.admin.ch"
www.rumba.admin.ch,"Could not resolve host: www.rumba.admin.ch"
www.pubblicazionifederali.admin.ch,"301"
www.relmgmt-i.vbs.admin.ch,"Could not resolve host: www.relmgmt-i.vbs.admin.ch"
www.rpc.admin.ch,"Could not resolve host: www.rpc.admin.ch"
www.preisueberwacher.admin.ch,"200"
www.sbgbfs.admin.ch,"Could not resolve host: www.sbgbfs.admin.ch"
www.pxweb-r.bfs.admin.ch,"302"
www.rm-imfs-t.vbs.admin.ch,"Could not resolve host: www.rm-imfs-t.vbs.admin.ch"
www.sbp-fire.seco.admin.ch,"Could not resolve host: www.sbp-fire.seco.admin.ch"
www.sas.admin.ch,"Could not resolve host: www.sas.admin.ch"
www.post2015.admin.ch,"302"
www.relmgmt.vbs.admin.ch,"Could not resolve host: www.relmgmt.vbs.admin.ch"
www.prix-electricite.elcom.admin.ch,"200"
www.remedy.isceco.admin.ch,"Could not resolve host: www.remedy.isceco.admin.ch"
www.sbpi-resa.seco.admin.ch,"Could not resolve host: www.sbpi-resa.seco.admin.ch"
www.schawe-reports-t.vbs.admin.ch,"Could not resolve host: www.schawe-reports-t.vbs.admin.ch"
www.sanadress-i.vbs.admin.ch,"Could not resolve host: www.sanadress-i.vbs.admin.ch"
www.remedy-in.isceco.admin.ch,"Could not resolve host: www.remedy-in.isceco.admin.ch"
www.sbpi.seco.admin.ch,"Could not resolve host: www.sbpi.seco.admin.ch"
www.sanact-t.vbs.admin.ch,"Could not resolve host: www.sanact-t.vbs.admin.ch"
www.schawe-reports.vbs.admin.ch,"Could not resolve host: www.schawe-reports.vbs.admin.ch"
www.analytics.ejpd.admin.ch,"Connection timed out after 3000 milliseconds"
www.sanact.vbs.admin.ch,"Could not resolve host: www.sanact.vbs.admin.ch"
www.pxweb-admin.bfs.admin.ch,"302"
www.schawe-t.vbs.admin.ch,"Could not resolve host: www.schawe-t.vbs.admin.ch"
www.sanact-i.vbs.admin.ch,"Could not resolve host: www.sanact-i.vbs.admin.ch"
www.schawe.vbs.admin.ch,"Could not resolve host: www.schawe.vbs.admin.ch"
www.seco-anw.admin.ch,"Could not resolve host: www.seco-anw.admin.ch"
www.sbp-resa-a.seco.admin.ch,"Could not resolve host: www.sbp-resa-a.seco.admin.ch"
www.sdc-learningandnetworking-blog.admin.ch,"Could not resolve host: www.sdc-learningandnetworking-blog.admin.ch"
www.sbp.seco.admin.ch,"Could not resolve host: www.sbp.seco.admin.ch"
www.sbfi.admin.ch,"302"
www.schweizerpass.admin.ch,"Could not resolve host: www.schweizerpass.admin.ch"
www.sefit-a.bfs.admin.ch,"Could not resolve host: www.sefit-a.bfs.admin.ch"
www.sefit.bfs.admin.ch,"Could not resolve host: www.sefit.bfs.admin.ch"
www.seco-cooperation.admin.ch,"Could not resolve host: www.seco-cooperation.admin.ch"
www.sesam.search.admin.ch,"Could not resolve host: www.sesam.search.admin.ch"
www.sh.baustellen.vmz.admin.ch,"Could not resolve host: www.sh.baustellen.vmz.admin.ch"
www.secolive.admin.ch,"Could not resolve host: www.secolive.admin.ch"
www.sh.vm-ch.vmz.admin.ch,"Could not resolve host: www.sh.vm-ch.vmz.admin.ch"
www.rpc-r.admin.ch,"SSL: no alternative certificate subject name matches target hostname 'www.rpc-r.admin.ch'"
www.sefitstrong-r.bfs.admin.ch,"Could not resolve host: www.sefitstrong-r.bfs.admin.ch"
www.services-idm.admin.ch,"Could not resolve host: www.services-idm.admin.ch"
www.sib.admin.ch,"Could not resolve host: www.sib.admin.ch"
www.sedex-gw.admin.ch,"Could not resolve host: www.sedex-gw.admin.ch"
www.signavio.estv.admin.ch,"Could not resolve host: www.signavio.estv.admin.ch"
www.services-idm-a.admin.ch,"Could not resolve host: www.services-idm-a.admin.ch"
www.shis.bfs.admin.ch,"Could not resolve host: www.shis.bfs.admin.ch"
www.schawe-i.vbs.admin.ch,"TLS connect error: error:0A000458:SSL routines::tlsv1 unrecognized name"
www.services-idm-r.admin.ch,"Could not resolve host: www.services-idm-r.admin.ch"
www.seco.admin.ch,"302"
www.sem.admin.ch,"302"
www.sbp-resa.seco.admin.ch,"403"
www.somed-a.bfs.admin.ch,"Could not resolve host: www.somed-a.bfs.admin.ch"
www.ezivi-sh.admin.ch,"Could not resolve host: www.ezivi-sh.admin.ch"
www.somed-mig.bfs.admin.ch,"Could not resolve host: www.somed-mig.bfs.admin.ch"
www.sonderbewilligungen-a.admin.ch,"Could not resolve host: www.sonderbewilligungen-a.admin.ch"
www.sonderbewilligungen.admin.ch,"Could not resolve host: www.sonderbewilligungen.admin.ch"
www.sozinventar.bfs.admin.ch,"Could not resolve host: www.sozinventar.bfs.admin.ch"
www.sphair.admin.ch,"Could not resolve host: www.sphair.admin.ch"
www.splus.esti.admin.ch,"Could not resolve host: www.splus.esti.admin.ch"
www.spitex.bfs.admin.ch,"Could not resolve host: www.spitex.bfs.admin.ch"
www.sport.admin.ch,"Could not resolve host: www.sport.admin.ch"
www.ssk.admin.ch,"Could not resolve host: www.ssk.admin.ch"
www.ssl.pki.admin.ch,"Could not resolve host: www.ssl.pki.admin.ch"
www.slmb.bag.admin.ch,"Could not resolve host: www.slmb.bag.admin.ch"
www.somed.bfs.admin.ch,"Could not resolve host: www.somed.bfs.admin.ch"
www.sozialhilfeiws.bfs.admin.ch,"Could not resolve host: www.sozialhilfeiws.bfs.admin.ch"
www.sip.admin.ch,"Could not resolve host: www.sip.admin.ch"
www.b2cshop-v.admin.ch,"Resolving timed out after 3001 milliseconds"
www.statentweb-a.bfs.admin.ch,"Could not resolve host: www.statentweb-a.bfs.admin.ch"
www.sh.vm-ch.astra.admin.ch,"404"
www.sh.baustellen.astra.admin.ch,"404"
www.sibad-i.vbs.admin.ch,"TLS connect error: error:0A000458:SSL routines::tlsv1 unrecognized name"
www.sif.admin.ch,"302"
www.static.admin.ch,"Could not resolve host: www.static.admin.ch"
www.sibad.vbs.admin.ch,"TLS connect error: error:0A000458:SSL routines::tlsv1 unrecognized name"
www.stelle.admin.ch,"Could not resolve host: www.stelle.admin.ch"
www.ske.admin.ch,"301"
www.stat20ne.bfs.admin.ch,"Could not resolve host: www.stat20ne.bfs.admin.ch"
www.suissetax-a.estv.admin.ch,"Could not resolve host: www.suissetax-a.estv.admin.ch"
www.studadmin.ehsm.admin.ch,"Could not resolve host: www.studadmin.ehsm.admin.ch"
www.statentweb.bfs.admin.ch,"Could not resolve host: www.statentweb.bfs.admin.ch"
www.suissetax-i.estv.admin.ch,"Could not resolve host: www.suissetax-i.estv.admin.ch"
www.sust.admin.ch,"Could not resolve host: www.sust.admin.ch"
www.strompreis-a.elcom.admin.ch,"Could not resolve host: www.strompreis-a.elcom.admin.ch"
www.studadmin-a.ehsm.admin.ch,"Could not resolve host: www.studadmin-a.ehsm.admin.ch"
www.studadmin-r.ehsm.admin.ch,"Could not resolve host: www.studadmin-r.ehsm.admin.ch"
www.suissetax-t.estv.admin.ch,"Could not resolve host: www.suissetax-t.estv.admin.ch"
www.star.admin.ch,"302"
www.sibad-t.vbs.admin.ch,"TLS connect error: error:0A000458:SSL routines::tlsv1 unrecognized name"
www.best-i.vbs.admin.ch,"Resolving timed out after 3000 milliseconds"
www.swap-a.zas.admin.ch,"Could not resolve host: www.swap-a.zas.admin.ch"
www.strompreis.elcom.admin.ch,"200"
www.swap.zas.admin.ch,"Could not resolve host: www.swap.zas.admin.ch"
www.gate-r.bakom.admin.ch,"Could not resolve host: www.gate-r.bakom.admin.ch"
www.staatskalender.admin.ch,"200"
www.survey.efk.admin.ch,"Could not resolve host: www.survey.efk.admin.ch"
www.swisstoponewsletter.admin.ch,"Could not resolve host: www.swisstoponewsletter.admin.ch"
www.swiss-archive-a.admin.ch,"SSL: no alternative certificate subject name matches target hostname 'www.swiss-archive-a.admin.ch'"
www.swisstopo.eiam.admin.ch,"Could not resolve host: www.swisstopo.eiam.admin.ch"
www.suissetax.estv.admin.ch,"Could not resolve host: www.suissetax.estv.admin.ch"
www.swiss-impex.admin.ch,"403"
www.sypres-in.admin.ch,"Could not resolve host: www.sypres-in.admin.ch"
www.swissmintshop.admin.ch,"Could not resolve host: www.swissmintshop.admin.ch"
www.tacho-in.admin.ch,"Could not resolve host: www.tacho-in.admin.ch"
www.swisstopo.admin.ch,"Could not resolve host: www.swisstopo.admin.ch"
www.sypres-vp.admin.ch,"Could not resolve host: www.sypres-vp.admin.ch"
www.tanghe-i.vbs.admin.ch,"Could not resolve host: www.tanghe-i.vbs.admin.ch"
www.termdat.bk.admin.ch,"Could not resolve host: www.termdat.bk.admin.ch"
www.sypres-en.admin.ch,"Could not resolve host: www.sypres-en.admin.ch"
www.tacho.admin.ch,"Could not resolve host: www.tacho.admin.ch"
www.tesi.astra.admin.ch,"Could not resolve host: www.tesi.astra.admin.ch"
www.tacho-en.admin.ch,"Could not resolve host: www.tacho-en.admin.ch"
www.swisstopo-a.eiam.admin.ch,"Could not resolve host: www.swisstopo-a.eiam.admin.ch"
www.test-blog.bit.admin.ch,"Could not resolve host: www.test-blog.bit.admin.ch"
www.tacho-vp.admin.ch,"Could not resolve host: www.tacho-vp.admin.ch"
www.tel-admin.admin.ch,"Could not resolve host: www.tel-admin.admin.ch"
www.test-burwebextractionmgmt.migv.bfs.admin.ch,"Could not resolve host: www.test-burwebextractionmgmt.migv.bfs.admin.ch"
www.termdat-r.bk.admin.ch,"Could not resolve host: www.termdat-r.bk.admin.ch"
www.test-burwebxml.migv.bfs.admin.ch,"Could not resolve host: www.test-burwebxml.migv.bfs.admin.ch"
www.termdatnew-a.bk.admin.ch,"Could not resolve host: www.termdatnew-a.bk.admin.ch"
www.test.baustellen.astra.admin.ch,"Could not resolve host: www.test.baustellen.astra.admin.ch"
www.test.digame.mediathek.admin.ch,"Could not resolve host: www.test.digame.mediathek.admin.ch"
www.tesi.vdv.admin.ch,"Could not resolve host: www.tesi.vdv.admin.ch"
www.test-burweb.bfs.admin.ch,"Could not resolve host: www.test-burweb.bfs.admin.ch"
www.test.efv.admin.ch,"Could not resolve host: www.test.efv.admin.ch"
www.test.indikatoren.admin.ch,"Could not resolve host: www.test.indikatoren.admin.ch"
www.test.mediathek.admin.ch,"Could not resolve host: www.test.mediathek.admin.ch"
www.test-i.vbs.admin.ch,"Could not resolve host: www.test-i.vbs.admin.ch"
www.test-burwebextractionmgmt.bfs.admin.ch,"Could not resolve host: www.test-burwebextractionmgmt.bfs.admin.ch"
www.shop.zivi.admin.ch,"200"
www.termdat-a.bk.admin.ch,"Could not resolve host: www.termdat-a.bk.admin.ch"
www.test-vst.root.admin.ch,"Could not resolve host: www.test-vst.root.admin.ch"
www.test-burwebxml.bfs.admin.ch,"Could not resolve host: www.test-burwebxml.bfs.admin.ch"
www.test.vm-ch.astra.admin.ch,"Could not resolve host: www.test.vm-ch.astra.admin.ch"
www.test-webdav.bit.admin.ch,"Could not resolve host: www.test-webdav.bit.admin.ch"
www.gate-r.harrods.admin.ch,"Could not resolve host: www.gate-r.harrods.admin.ch"
www.test.webftp.admin.ch,"Could not resolve host: www.test.webftp.admin.ch"
www.burweb2-a.bfs.admin.ch,"Resolving timed out after 3000 milliseconds"
www.kmu.admin.ch,"302"
www.tiefenlager-a.bfe.admin.ch,"Could not resolve host: www.tiefenlager-a.bfe.admin.ch"
www.testrinach01.admin.ch,"Could not resolve host: www.testrinach01.admin.ch"
www.tpf.admin.ch,"Could not resolve host: www.tpf.admin.ch"
www.test.vbs.admin.ch,"Could not resolve host: www.test.vbs.admin.ch"
www.traces-vp.admin.ch,"Could not resolve host: www.traces-vp.admin.ch"
www.transfer.bfe.admin.ch,"Could not resolve host: www.transfer.bfe.admin.ch"
www.sypres.admin.ch,"301"
www.testrinach02.admin.ch,"Could not resolve host: www.testrinach02.admin.ch"
www.ubi.admin.ch,"Could not resolve host: www.ubi.admin.ch"
www.txdb-test.admin.ch,"Could not resolve host: www.txdb-test.admin.ch"
www.toposhop.admin.ch,"Could not resolve host: www.toposhop.admin.ch"
www.uid-r.admin.ch,"Could not resolve host: www.uid-r.admin.ch"
www.traces.admin.ch,"Could not resolve host: www.traces.admin.ch"
www.uid-wse.admin.ch,"Could not resolve host: www.uid-wse.admin.ch"
www.training.eda.admin.ch,"Could not resolve host: www.training.eda.admin.ch"
www.transplantationsdaten.admin.ch,"Could not resolve host: www.transplantationsdaten.admin.ch"
www.canis-olympus-t.vbs.admin.ch,"Resolving timed out after 3000 milliseconds"
www.tv.admin.ch,"Could not resolve host: www.tv.admin.ch"
www.carecube-a.bfs.admin.ch,"Resolving timed out after 3000 milliseconds"
www.traces-in.admin.ch,"Could not resolve host: www.traces-in.admin.ch"
www.upiviewer-test.zas.admin.ch,"Could not resolve host: www.upiviewer-test.zas.admin.ch"
www.tu-verzeichnisse-a.bav.admin.ch,"Could not resolve host: www.tu-verzeichnisse-a.bav.admin.ch"
www.users.bsv.admin.ch,"Could not resolve host: www.users.bsv.admin.ch"
www.uid.admin.ch,"Could not resolve host: www.uid.admin.ch"
www.uvek.gever-abn.admin.ch,"Could not resolve host: www.uvek.gever-abn.admin.ch"
www.upiadmin-test.zas.admin.ch,"Could not resolve host: www.upiadmin-test.zas.admin.ch"
www.uvek.gever-ref.admin.ch,"Could not resolve host: www.uvek.gever-ref.admin.ch"
www.ccis.admin.ch,"Connection timed out after 3001 milliseconds"
www.uvek.gever.admin.ch,"Could not resolve host: www.uvek.gever.admin.ch"
www.valid-dv.pki.admin.ch,"Could not resolve host: www.valid-dv.pki.admin.ch"
www.uus.admin.ch,"Could not resolve host: www.uus.admin.ch"
www.valid-ev.pki.admin.ch,"Could not resolve host: www.valid-ev.pki.admin.ch"
www.hydrogeo.astra.admin.ch,"Could not resolve host: www.hydrogeo.astra.admin.ch"
www.vegate.admin.ch,"Could not resolve host: www.vegate.admin.ch"
www.valid-ov.pki.admin.ch,"Could not resolve host: www.valid-ov.pki.admin.ch"
www.ubst.bafu.admin.ch,"Could not resolve host: www.ubst.bafu.admin.ch"
www.veva-online-a.admin.ch,"Could not resolve host: www.veva-online-a.admin.ch"
www.uid-wse-a.admin.ch,"403"
www.visa-elearning.admin.ch,"Could not resolve host: www.visa-elearning.admin.ch"
www.vbscms-a.admin.ch,"Could not resolve host: www.vbscms-a.admin.ch"
www.vbscms-r.admin.ch,"Could not resolve host: www.vbscms-r.admin.ch"
www.unternehmerverzeichnis.bav.admin.ch,"Could not resolve host: www.unternehmerverzeichnis.bav.admin.ch"
www.uid-wse-r.admin.ch,"403"
www.upiadmin.zas.admin.ch,"Failed to connect to www.upiadmin.zas.admin.ch port 443 after 106 ms: Could not connect to server"
www.vbscms.admin.ch,"Could not resolve host: www.vbscms.admin.ch"
www.cms-etapp-a.admin.ch,"Connection timed out after 3002 milliseconds"
www.veranstaltungen.bk.admin.ch,"Could not resolve host: www.veranstaltungen.bk.admin.ch"
www.uvek.admin.ch,"302"
www.upiviewer.zas.admin.ch,"302"
www.idm-a.admin.ch,"Could not resolve host: www.idm-a.admin.ch"
www.v-kti.cti.admin.ch,"Could not resolve host: www.v-kti.cti.admin.ch"
www.veva-online.admin.ch,"Could not resolve host: www.veva-online.admin.ch"
www.vde.admin.ch,"Could not resolve host: www.vde.admin.ch"
www.cms-etcount-r.admin.ch,"Resolving timed out after 3001 milliseconds"
www.vip.eda.admin.ch,"Could not resolve host: www.vip.eda.admin.ch"
www.uid-a.admin.ch,"200"
www.vp.baustellen.astra.admin.ch,"Could not resolve host: www.vp.baustellen.astra.admin.ch"
www.vp.vm-ch.astra.admin.ch,"Could not resolve host: www.vp.vm-ch.astra.admin.ch"
www.vp.vm-ch.vmz.admin.ch,"Could not resolve host: www.vp.vm-ch.vmz.admin.ch"
www.vm-ch.vdv.admin.ch,"Could not resolve host: www.vm-ch.vdv.admin.ch"
www.vptest.admin.ch,"Could not resolve host: www.vptest.admin.ch"
www.visionplus.admin.ch,"Could not resolve host: www.visionplus.admin.ch"
www.vvisionplus.admin.ch,"Could not resolve host: www.vvisionplus.admin.ch"
www.cms-i.vbs.admin.ch,"Connection timed out after 3002 milliseconds"
www.cms-p1.admin.ch,"Resolving timed out after 3000 milliseconds"
www.uvek-gis.admin.ch,"302"
www.vp.admin.ch,"Could not resolve host: www.vp.admin.ch"
www.wbf.admin.ch,"Could not resolve host: www.wbf.admin.ch"
www.webform-a.bag.admin.ch,"Could not resolve host: www.webform-a.bag.admin.ch"
www.vm-ch.vmz.admin.ch,"Could not resolve host: www.vm-ch.vmz.admin.ch"
www.webftp.admin.ch,"Could not resolve host: www.webftp.admin.ch"
www.webform.bag.admin.ch,"Could not resolve host: www.webform.bag.admin.ch"
www.weko.admin.ch,"Could not resolve host: www.weko.admin.ch"
www.vm-ch.pta.emrot.vdv.admin.ch,"Could not resolve host: www.vm-ch.pta.emrot.vdv.admin.ch"
www.wetraining-blog.seco.admin.ch,"Could not resolve host: www.wetraining-blog.seco.admin.ch"
www.vmlamda.admin.ch,"Could not resolve host: www.vmlamda.admin.ch"
www.wiki.informatik.uvek.admin.ch,"Could not resolve host: www.wiki.informatik.uvek.admin.ch"
www.webguidelines.admin.ch,"Could not resolve host: www.webguidelines.admin.ch"
www.wiki.bag.admin.ch,"Could not resolve host: www.wiki.bag.admin.ch"
www.webform-r.bag.admin.ch,"Could not resolve host: www.webform-r.bag.admin.ch"
www.webservice.medreg-k.admin.ch,"Could not resolve host: www.webservice.medreg-k.admin.ch"
www.vm-ch.astra.admin.ch,"404"
www.ips.eda.admin.ch,"Could not resolve host: www.ips.eda.admin.ch"
www.wissen-wiki.blv.admin.ch,"Could not resolve host: www.wissen-wiki.blv.admin.ch"
www.webanalytics.bit.admin.ch,"Could not resolve host: www.webanalytics.bit.admin.ch"
www.wetter.bit.admin.ch,"Could not resolve host: www.wetter.bit.admin.ch"
www.webform-k.bag.admin.ch,"Could not resolve host: www.webform-k.bag.admin.ch"
www.wahlen.admin.ch,"301"
www.ws-i.vbs.admin.ch,"Could not resolve host: www.ws-i.vbs.admin.ch"
www.wupi-test.zas.admin.ch,"Could not resolve host: www.wupi-test.zas.admin.ch"
www.vm-ch.pta.emrot.astra.admin.ch,"Could not resolve host: www.vm-ch.pta.emrot.astra.admin.ch"
www.wbs.admin.ch,"301"
www.webcheck.melani.admin.ch,"Could not resolve host: www.webcheck.melani.admin.ch"
www.wiki.sis.bfs.admin.ch,"Could not resolve host: www.wiki.sis.bfs.admin.ch"
www.wfha.sbfi.admin.ch,"Could not resolve host: www.wfha.sbfi.admin.ch"
www.wiki.vollzugsinfo.bag.admin.ch,"Could not resolve host: www.wiki.vollzugsinfo.bag.admin.ch"
www.zas.admin.ch,"Could not resolve host: www.zas.admin.ch"
www.zkdb-i.vbs.admin.ch,"Could not resolve host: www.zkdb-i.vbs.admin.ch"
www.ws.vbs.admin.ch,"Could not resolve host: www.ws.vbs.admin.ch"
www.wiki.zivi.admin.ch,"Could not resolve host: www.wiki.zivi.admin.ch"
www.zkv.ezv-a.admin.ch,"Could not resolve host: www.zkv.ezv-a.admin.ch"
www.xmlns.bfs.admin.ch,"Could not resolve host: www.xmlns.bfs.admin.ch"
www.wiki-hermes.isb.admin.ch,"Could not resolve host: www.wiki-hermes.isb.admin.ch"
www.wissen-wiki.bvet.admin.ch,"Could not resolve host: www.wissen-wiki.bvet.admin.ch"
www.zemis.admin.ch,"Could not resolve host: www.zemis.admin.ch"
www16.int-elections.eda.admin.ch,"Could not resolve host: www16.int-elections.eda.admin.ch"
www.zivi.admin.ch,"Could not resolve host: www.zivi.admin.ch"
www.whistleblowing.admin.ch,"302"
www.jira.estv.admin.ch,"Could not resolve host: www.jira.estv.admin.ch"
www16.int-brz.eda.admin.ch,"Could not resolve host: www16.int-brz.eda.admin.ch"
www16.int-move.eda.admin.ch,"Could not resolve host: www16.int-move.eda.admin.ch"
www16.int-chatworld.eda.admin.ch,"Could not resolve host: www16.int-chatworld.eda.admin.ch"
www16.int-flow.eda.admin.ch,"Could not resolve host: www16.int-flow.eda.admin.ch"
www16.int-jahresbericht-kdl.eda.admin.ch,"Could not resolve host: www16.int-jahresbericht-kdl.eda.admin.ch"
www2.baustellen.pta.emrot.vdv.admin.ch,"Could not resolve host: www2.baustellen.pta.emrot.vdv.admin.ch"
www.zkdb-t.vbs.admin.ch,"Could not resolve host: www.zkdb-t.vbs.admin.ch"
www16.int-commonapps.eda.admin.ch,"Could not resolve host: www16.int-commonapps.eda.admin.ch"
www2.baustellen.astra.admin.ch,"Could not resolve host: www2.baustellen.astra.admin.ch"
www16.int-training.eda.admin.ch,"Could not resolve host: www16.int-training.eda.admin.ch"
www16.int-interactive.eda.admin.ch,"Could not resolve host: www16.int-interactive.eda.admin.ch"
www2.in.vm-ch.astra.admin.ch,"Could not resolve host: www2.in.vm-ch.astra.admin.ch"
www.zacweb.eda.admin.ch,"302"
www2.sh.baustellen.vmz.admin.ch,"Could not resolve host: www2.sh.baustellen.vmz.admin.ch"
www2.baustellen.vmz.admin.ch,"Could not resolve host: www2.baustellen.vmz.admin.ch"
www2.blv.admin.ch,"Could not resolve host: www2.blv.admin.ch"
www2.in.vm-ch.vmz.admin.ch,"Could not resolve host: www2.in.vm-ch.vmz.admin.ch"
www.zkdb.vbs.admin.ch,"200"
www.zefixintg.admin.ch,"200"
www.zkv.ezv.admin.ch,"404"
www2.in.baustellen.vmz.admin.ch,"Could not resolve host: www2.in.baustellen.vmz.admin.ch"
www.zefix.admin.ch,"200"
www2.test.vm-ch.astra.admin.ch,"Could not resolve host: www2.test.vm-ch.astra.admin.ch"
www2.sh.vm-ch.astra.admin.ch,"Could not resolve host: www2.sh.vm-ch.astra.admin.ch"
www2.ubi.admin.ch,"Could not resolve host: www2.ubi.admin.ch"
www.medregbm-a.admin.ch,"Could not resolve host: www.medregbm-a.admin.ch"
www2.vm-ch.pta.emrot.vdv.admin.ch,"Could not resolve host: www2.vm-ch.pta.emrot.vdv.admin.ch"
www2.vm-ch.vdv.admin.ch,"Could not resolve host: www2.vm-ch.vdv.admin.ch"
www2.sh.vm-ch.vmz.admin.ch,"Could not resolve host: www2.sh.vm-ch.vmz.admin.ch"
www2.sust.admin.ch,"Could not resolve host: www2.sust.admin.ch"
www2.test.baustellen.astra.admin.ch,"Could not resolve host: www2.test.baustellen.astra.admin.ch"
www2.vp.vm-ch.vmz.admin.ch,"Could not resolve host: www2.vp.vm-ch.vmz.admin.ch"
www2.vp.baustellen.vmz.admin.ch,"Could not resolve host: www2.vp.baustellen.vmz.admin.ch"
www2.vm-ch.vmz.admin.ch,"Could not resolve host: www2.vm-ch.vmz.admin.ch"
www.mks-in.admin.ch,"Could not resolve host: www.mks-in.admin.ch"
wwwa2.vbs.admin.ch,"Could not resolve host: wwwa2.vbs.admin.ch"
wwwb.e-helvetica.nb.admin.ch,"Could not resolve host: wwwb.e-helvetica.nb.admin.ch"
wwwt.aramis.admin.ch,"Could not resolve host: wwwt.aramis.admin.ch"
www.zkv.ezv-r.admin.ch,"404"
www2.vp.baustellen.astra.admin.ch,"Could not resolve host: www2.vp.baustellen.astra.admin.ch"
wwwt.digipen.bazl.admin.ch,"Could not resolve host: wwwt.digipen.bazl.admin.ch"
wwwa.collab.astra.admin.ch,"Could not resolve host: wwwa.collab.astra.admin.ch"
wwwt.interruptio-ges.bfs.admin.ch,"Could not resolve host: wwwt.interruptio-ges.bfs.admin.ch"
wwwt.ksamb.bfs.admin.ch,"Could not resolve host: wwwt.ksamb.bfs.admin.ch"
wwwt.parchem.bag.admin.ch,"Could not resolve host: wwwt.parchem.bag.admin.ch"
wwwt.somed.bfs.admin.ch,"Could not resolve host: wwwt.somed.bfs.admin.ch"
wwwt.ks.bfs.admin.ch,"Could not resolve host: wwwt.ks.bfs.admin.ch"
www2.sh.baustellen.astra.admin.ch,"404"
wwwt.forst-stat.bfs.admin.ch,"Could not resolve host: wwwt.forst-stat.bfs.admin.ch"
wwwt.hesta.bfs.admin.ch,"Could not resolve host: wwwt.hesta.bfs.admin.ch"
www.duke-i.vbs.admin.ch,"Connection timed out after 3002 milliseconds"
wwwt.kubb2008.bfs.admin.ch,"Could not resolve host: wwwt.kubb2008.bfs.admin.ch"
ziele-bk.bk.admin.ch,"Could not resolve host: ziele-bk.bk.admin.ch"
xtares.admin.ch,"Could not resolve host: xtares.admin.ch"
www2.in.baustellen.astra.admin.ch,"302"
www2.tesi.astra.admin.ch,"SSL: no alternative certificate subject name matches target hostname 'www2.tesi.astra.admin.ch'"
www2.vm-ch.astra.admin.ch,"302"
wwwt.ichschweiz.admin.ch,"Could not resolve host: wwwt.ichschweiz.admin.ch"
www.sbpi-fire.seco.admin.ch,"302"
ziele-bk-a.bk.admin.ch,"Could not resolve host: ziele-bk-a.bk.admin.ch"
www2.vp.vm-ch.astra.admin.ch,"302"
www.ecensus-a.admin.ch,"Resolving timed out after 3001 milliseconds"
www.edb-a.admin.ch,"Resolving timed out after 3001 milliseconds"
www.obst-in.admin.ch,"Could not resolve host: www.obst-in.admin.ch"
www2.baustellen.pta.emrot.astra.admin.ch,"Could not resolve host: www2.baustellen.pta.emrot.astra.admin.ch"
www.osciservices-gw-a.admin.ch,"Could not resolve host: www.osciservices-gw-a.admin.ch"
www.portal-r.estv.admin.ch,"Could not resolve host: www.portal-r.estv.admin.ch"
www.ekwto.admin.ch,"Connection timed out after 3002 milliseconds"
www.eport.lmsvbs.admin.ch,"Connection timed out after 3002 milliseconds"
www.rapg-a.zas.admin.ch,"Could not resolve host: www.rapg-a.zas.admin.ch"
www.ex4.lmsvbs.admin.ch,"Connection timed out after 3002 milliseconds"
www.ex6.lmsvbs.admin.ch,"Connection timed out after 3002 milliseconds"
www.ex1.lmsvbs.admin.ch,"Connection timed out after 3002 milliseconds"
www.sefitstrong.bfs.admin.ch,"Could not resolve host: www.sefitstrong.bfs.admin.ch"
www.sedex-gw-a.admin.ch,"Could not resolve host: www.sedex-gw-a.admin.ch"
www.sefitstrong-a.bfs.admin.ch,"Could not resolve host: www.sefitstrong-a.bfs.admin.ch"
www.shis-r.bfs.admin.ch,"Could not resolve host: www.shis-r.bfs.admin.ch"
www.fp.admin.ch,"Resolving timed out after 3000 milliseconds"
www.shis-a.bfs.admin.ch,"Could not resolve host: www.shis-a.bfs.admin.ch"
www.signavio-a.estv.admin.ch,"Could not resolve host: www.signavio-a.estv.admin.ch"
www.staatskalender-a.admin.ch,"Could not resolve host: www.staatskalender-a.admin.ch"
www.statentweb-r.bfs.admin.ch,"Could not resolve host: www.statentweb-r.bfs.admin.ch"
www.swap-r.zas.admin.ch,"Could not resolve host: www.swap-r.zas.admin.ch"
www.suissetax-r.estv.admin.ch,"Could not resolve host: www.suissetax-r.estv.admin.ch"
www.swans.bazl.admin.ch,"Could not resolve host: www.swans.bazl.admin.ch"
www.hesta.bfs.admin.ch,"Connection timed out after 3002 milliseconds"
www.tv-statistik.bvet.admin.ch,"Could not resolve host: www.tv-statistik.bvet.admin.ch"
www.idm-r.admin.ch,"Resolving timed out after 3001 milliseconds"
www.iegate.admin.ch,"Resolving timed out after 3002 milliseconds"
www.vp.baustellen.vmz.admin.ch,"Could not resolve host: www.vp.baustellen.vmz.admin.ch"
www.integrationsfoerderungintg.admin.ch,"Operation timed out after 3002 milliseconds with 0 bytes received"
www.isak-r.bag.admin.ch,"Operation timed out after 3002 milliseconds with 0 bytes received"
www.ism.eda.admin.ch,"Resolving timed out after 3002 milliseconds"
www.iteraplan.estv.admin.ch,"Resolving timed out after 3000 milliseconds"
www.webservice.medreg-a.admin.ch,"Could not resolve host: www.webservice.medreg-a.admin.ch"
www.webservice.medreg-t.admin.ch,"Could not resolve host: www.webservice.medreg-t.admin.ch"
www.jira-a.estv.admin.ch,"Resolving timed out after 3000 milliseconds"
www.jra.admin.ch,"Connection timed out after 3002 milliseconds"
www.webapps.ezv.admin.ch,"Could not resolve host: www.webapps.ezv.admin.ch"
www.lipo-i.vbs.admin.ch,"Connection timed out after 3002 milliseconds"
www.webservice.medreg.admin.ch,"Could not resolve host: www.webservice.medreg.admin.ch"
www.wupi.zas.admin.ch,"Could not resolve host: www.wupi.zas.admin.ch"
www.werbung.eav.admin.ch,"Recv failure: Connexion ré-initialisée par le correspondant"
www.zaslive.admin.ch,"Could not resolve host: www.zaslive.admin.ch"
www.meinelehre.stelle.admin.ch,"Connection timed out after 3002 milliseconds"
www.meldewesen.bav.admin.ch,"Resolving timed out after 3000 milliseconds"
www2.baustellen.vdv.admin.ch,"Could not resolve host: www2.baustellen.vdv.admin.ch"
www16.int-vip.eda.admin.ch,"Could not resolve host: www16.int-vip.eda.admin.ch"
www16.int-itdoc.eda.admin.ch,"Could not resolve host: www16.int-itdoc.eda.admin.ch"
www.moa-r.estv.admin.ch,"Resolving timed out after 3000 milliseconds"
www2.tesi.vdv.admin.ch,"Could not resolve host: www2.tesi.vdv.admin.ch"
wwwt.datareg.admin.ch,"Could not resolve host: wwwt.datareg.admin.ch"
www.ombud.astra.admin.ch,"Resolving timed out after 3000 milliseconds"
wwwt.sozinventar.bfs.admin.ch,"Could not resolve host: wwwt.sozinventar.bfs.admin.ch"
www.plugins.aramis.admin.ch,"Operation timed out after 3002 milliseconds with 0 bytes received"
www.polycom-gis.admin.ch,"Resolving timed out after 3000 milliseconds"
www.regular.pki.admin.ch,"Resolving timed out after 3000 milliseconds"
www.report.bsv.admin.ch,"Resolving timed out after 3001 milliseconds"
www.sanadress.vbs.admin.ch,"Connection timed out after 3002 milliseconds"
www.schawe-reports-i.vbs.admin.ch,"Resolving timed out after 3000 milliseconds"
www.sciforma-a.estv.admin.ch,"Resolving timed out after 3000 milliseconds"
www.sslpoc-t.vbs.admin.ch,"Connection timed out after 3002 milliseconds"
www.visa-support.admin.ch,"Resolving timed out after 3000 milliseconds"
www16.int-ips.eda.admin.ch,"Resolving timed out after 3001 milliseconds"
www2.vm-ch.pta.emrot.astra.admin.ch,"Connection timed out after 3001 milliseconds"
