subdomain,http_status
11denoviembre.gob.ec,"200"
15d01.mspz2.gob.ec,"Connection timed out after 3001 milliseconds"
18d02.mspz3.gob.ec,"200"
5dejunio.gob.ec,"200"
abaddon.cne.gob.ec,"Could not resolve host: abaddon.cne.gob.ec"
accesoremoto.finanzas.gob.ec,"Resolving timed out after 3000 milliseconds"
access.contraloria.gob.ec,"SSL: no alternative certificate subject name matches target hostname 'access.contraloria.gob.ec'"
access.senplades.gob.ec,"Could not resolve host: access.senplades.gob.ec"
act.atm.gob.ec,"200"
admin.educacion.gob.ec,"Could not resolve host: admin.educacion.gob.ec"
admin.mintel.gob.ec,"Could not resolve host: admin.mintel.gob.ec"
administracionpublica.gob.ec,"SSL: no alternative certificate subject name matches target hostname 'administracionpublica.gob.ec'"
adminwebex.cnt.gob.ec,"Could not resolve host: adminwebex.cnt.gob.ec"
adpm.gob.ec,"Could not resolve host: adpm.gob.ec"
ads.contactociudadano.gob.ec,"302"
adserver.contactociudadano.gob.ec,"Could not resolve host: adserver.contactociudadano.gob.ec"
aduana.gob.ec,"Could not resolve host: aduana.gob.ec"
agadpri.gob.ec,"Could not resolve host: agadpri.gob.ec"
agopruc.gob.ec,"Could not resolve host: agopruc.gob.ec"
agricultura.gob.ec,"Could not resolve host: agricultura.gob.ec"
agrocalidad.gob.ec,"Could not resolve host: agrocalidad.gob.ec"
agua.gob.ec,"Could not resolve host: agua.gob.ec"
aguaquito.gob.ec,"Could not resolve host: aguaquito.gob.ec"
aguarico.gob.ec,"200"
aguasdelchuno.gob.ec,"500"
aguasmachala.gob.ec,"Could not resolve host: aguasmachala.gob.ec"
ajholguin.gob.ec,"Could not resolve host: ajholguin.gob.ec"
alaquez.gob.ec,"301"
alausi.gob.ec,"200"
aloag.gob.ec,"Could not resolve host: aloag.gob.ec"
aloag.guangopolo.gob.ec,"Could not resolve host: aloag.guangopolo.gob.ec"
altorendimiento.gob.ec,"Could not resolve host: altorendimiento.gob.ec"
amaguania.gob.ec,"Could not resolve host: amaguania.gob.ec"
amaluzaazuay.gob.ec,"Could not resolve host: amaluzaazuay.gob.ec"
amarillos.gob.ec,"Could not resolve host: amarillos.gob.ec"
ambato.gob.ec,"200"
ambiente.gob.ec,"SSL certificate problem: certificate has expired"
ame.gob.ec,"Could not resolve host: ame.gob.ec"
ameguayas.gob.ec,"Could not resolve host: ameguayas.gob.ec"
amevirtual.gob.ec,"200"
anchayacu.gob.ec,"Could not resolve host: anchayacu.gob.ec"
angamarca.gob.ec,"Could not resolve host: angamarca.gob.ec"
aplicaciones.administracionpublica.gob.ec,"Could not resolve host: aplicaciones.administracionpublica.gob.ec"
aplicaciones.cnt.gob.ec,"Connection timed out after 3000 milliseconds"
aplicaciones.saludzona5.gob.ec,"Could not resolve host: aplicaciones.saludzona5.gob.ec"
aplicacionesweb.epmmop.gob.ec,"Connection timed out after 3002 milliseconds"
app.cne.gob.ec,"Could not resolve host: app.cne.gob.ec"
app.iess.gob.ec,"Could not resolve host: app.iess.gob.ec"
app.registrocivil.gob.ec,"Could not resolve host: app.registrocivil.gob.ec"
app1.registrocivil.gob.ec,"Could not resolve host: app1.registrocivil.gob.ec"
app2.cne.gob.ec,"Could not resolve host: app2.cne.gob.ec"
app3.cne.gob.ec,"Could not resolve host: app3.cne.gob.ec"
aprim.gob.ec,"Could not resolve host: aprim.gob.ec"
archidona.epemapar.gob.ec,"Could not resolve host: archidona.epemapar.gob.ec"
archidona.gob.ec,"Could not resolve host: archidona.gob.ec"
arosemenatola.gob.ec,"403"
artesanal.viceministerioap.gob.ec,"Could not resolve host: artesanal.viceministerioap.gob.ec"
asa.gob.ec,"Could not resolve host: asa.gob.ec"
asesorvirtual.sercop.gob.ec,"SSL certificate problem: unable to get local issuer certificate"
asfaltarep.gob.ec,"Could not resolve host: asfaltarep.gob.ec"
asogoparna.conjupas.gob.ec,"Resolving timed out after 3000 milliseconds"
asogoparna.gob.ec,"Resolving timed out after 3000 milliseconds"
asogoparza-ch.gob.ec,"Could not resolve host: asogoparza-ch.gob.ec"
atahualpahabaspamba.gob.ec,"Could not resolve host: atahualpahabaspamba.gob.ec"
atencionciudadana.carchi.gob.ec,"200"
atm.gob.ec,"Could not resolve host: atm.gob.ec"
augustonmartinez.gob.ec,"200"
auten.sercop.gob.ec,"Could not resolve host: auten.sercop.gob.ec"
autodicover.cnt.gob.ec,"Could not resolve host: autodicover.cnt.gob.ec"
autodiscover.bomberosquito.gob.ec,"Failed to connect to autodiscover.bomberosquito.gob.ec port 443 after 66 ms: Could not connect to server"
autodiscover.celec.gob.ec,"Failed to connect to autodiscover.celec.gob.ec port 443 after 487 ms: Could not connect to server"
autodiscover.celecloud.celec.gob.ec,"Could not resolve host: autodiscover.celecloud.celec.gob.ec"
autodiscover.cnt.gob.ec,"Connection timed out after 3001 milliseconds"
autodiscover.comunicacion.gob.ec,"Failed to connect to autodiscover.comunicacion.gob.ec port 443 after 266 ms: Could not connect to server"
autodiscover.contraloria.gob.ec,"302"
autodiscover.dinardap.gob.ec,"Could not resolve host: autodiscover.dinardap.gob.ec"
autodiscover.dna.gob.ec,"Could not resolve host: autodiscover.dna.gob.ec"
autodiscover.ecu911.gob.ec,"Could not resolve host: autodiscover.ecu911.gob.ec"
autodiscover.educacion.gob.ec,"Connection timed out after 3000 milliseconds"
autodiscover.epiep.gob.ec,"Could not resolve host: autodiscover.epiep.gob.ec"
autodiscover.ferrocarrilesdelecuador.gob.ec,"Could not resolve host: autodiscover.ferrocarrilesdelecuador.gob.ec"
autodiscover.finanzas.gob.ec,"302"
autodiscover.minjusticia.gob.ec,"Could not resolve host: autodiscover.minjusticia.gob.ec"
autodiscover.portoviejo.gob.ec,"302"
autodiscover.quito.gob.ec,"Resolving timed out after 3000 milliseconds"
autodiscover.ruminahui.gob.ec,"Could not resolve host: autodiscover.ruminahui.gob.ec"
autodiscover.secob.gob.ec,"Resolving timed out after 3000 milliseconds"
autodiscover.secom.gob.ec,"Could not resolve host: autodiscover.secom.gob.ec"
autodiscover.senescyt.gob.ec,"SSL: no alternative certificate subject name matches target hostname 'autodiscover.senescyt.gob.ec'"
autodiscover.seps.gob.ec,"Resolving timed out after 3000 milliseconds"
autodiscover.sri.gob.ec,"302"
autodiscover.trolebus.gob.ec,"Connection timed out after 3001 milliseconds"
autodiscover.uaf.gob.ec,"Could not resolve host: autodiscover.uaf.gob.ec"
autodiscover.ulco.gob.ec,"400"
autodiscover.vicepresidencia.gob.ec,"Could not resolve host: autodiscover.vicepresidencia.gob.ec"
av.educacion.gob.ec,"Resolving timed out after 3000 milliseconds"
av.mintel.gob.ec,"Could not resolve host: av.mintel.gob.ec"
aventura.quijos.gob.ec,"Could not resolve host: aventura.quijos.gob.ec"
avila.gob.ec,"200"
avl.cnt.gob.ec,"Could not resolve host: avl.cnt.gob.ec"
ayapamba.gob.ec,"200"
balsas.gob.ec,"200"
baquerizomoreno.gob.ec,"Could not resolve host: baquerizomoreno.gob.ec"
barbones.gob.ec,"Could not resolve host: barbones.gob.ec"
barraganete.gob.ec,"Could not resolve host: barraganete.gob.ec"
bayushig.gob.ec,"Could not resolve host: bayushig.gob.ec"
belisarioquevedo.gob.ec,"301"
bellamariasantarosa.gob.ec,"Could not resolve host: bellamariasantarosa.gob.ec"
bellavista.gob.ec,"Could not resolve host: bellavista.gob.ec"
bellavistaeloro.gob.ec,"200"
benitez.gob.ec,"200"
bermejos.gob.ec,"200"
bi.finanzas.gob.ec,"Resolving timed out after 3000 milliseconds"
biblioteca.milagro.gob.ec,"Could not resolve host: biblioteca.milagro.gob.ec"
biometria.finanzas.gob.ec,"Resolving timed out after 3000 milliseconds"
biprb.finanzas.gob.ec,"Resolving timed out after 3000 milliseconds"
bomberos-salinas.gob.ec,"Could not resolve host: bomberos-salinas.gob.ec"
bomberosbabahoyo.gob.ec,"Could not resolve host: bomberosbabahoyo.gob.ec"
bomberosbalao.gob.ec,"200"
bomberosbalzar.gob.ec,"200"
bomberosbnf.gob.ec,"Could not resolve host: bomberosbnf.gob.ec"
bomberosbolivar.gob.ec,"Could not resolve host: bomberosbolivar.gob.ec"
bomberoscalvas.gob.ec,"200"
bomberoscuyabeno.gob.ec,"200"
bomberosdeduran.gob.ec,"Could not resolve host: bomberosdeduran.gob.ec"
bomberosdemacas.gob.ec,"Could not resolve host: bomberosdemacas.gob.ec"
bomberosdetisaleo.gob.ec,"200"
bomberoselchaco.gob.ec,"SSL certificate problem: certificate has expired"
bomberoseltambo.gob.ec,"200"
bomberosgualaquiza.gob.ec,"200"
bomberosguamote.gob.ec,"403"
bomberosguaranda.gob.ec,"Could not resolve host: bomberosguaranda.gob.ec"
bomberoslatroncal.gob.ec,"200"
bomberosloja.gob.ec,"Could not resolve host: bomberosloja.gob.ec"
bomberosloreto.gob.ec,"200"
bomberosnapo.gob.ec,"Could not resolve host: bomberosnapo.gob.ec"
bomberosona.gob.ec,"Could not resolve host: bomberosona.gob.ec"
bomberosorellana.gob.ec,"OpenSSL SSL_read: OpenSSL/3.5.3: error:0A000126:SSL routines::unexpected eof while reading, errno 0"
bomberospinas.gob.ec,"200"
bomberosplayas.gob.ec,"200"
bomberosponce.gob.ec,"Could not resolve host: bomberosponce.gob.ec"
bomberosportoviejo.gob.ec,"200"
bomberospucara.gob.ec,"Could not resolve host: bomberospucara.gob.ec"
bomberospuertoayora.gob.ec,"302"
bomberosriobamba.gob.ec,"308"
bomberossamborondon.gob.ec,"200"
bomberossancristobalgalapagos.gob.ec,"Could not resolve host: bomberossancristobalgalapagos.gob.ec"
bomberossantaelena.gob.ec,"Could not resolve host: bomberossantaelena.gob.ec"
bomberostulcan.gob.ec,"500"
borbon.gob.ec,"Could not resolve host: borbon.gob.ec"
bpm.cnt.gob.ec,"Could not resolve host: bpm.cnt.gob.ec"
bsg.gob.ec,"Could not resolve host: bsg.gob.ec"
buenafe.gob.ec,"200"
buenavista.gob.ec,"200"
buenavistaloja.gob.ec,"200"
caa302.gob.ec,"Could not resolve host: caa302.gob.ec"
cabosanfrancisco.gob.ec,"200"
cacha.gob.ec,"Could not resolve host: cacha.gob.ec"
callcenter.consuladovirtual.gob.ec,"Could not resolve host: callcenter.consuladovirtual.gob.ec"
caluma.gob.ec,"200"
campozano.gob.ec,"200"
canar.gob.ec,"Could not resolve host: canar.gob.ec"
canchagua.gob.ec,"Could not resolve host: canchagua.gob.ec"
cancilleria.gob.ec,"Could not resolve host: cancilleria.gob.ec"
cani.gob.ec,"Could not resolve host: cani.gob.ec"
canoa.gob.ec,"200"
canton.quijos.gob.ec,"Could not resolve host: canton.quijos.gob.ec"
canuto.gob.ec,"Could not resolve host: canuto.gob.ec"
cap-augustorivadeneira.gob.ec,"Could not resolve host: cap-augustorivadeneira.gob.ec"
capacitacion.cne.gob.ec,"Connection timed out after 3002 milliseconds"
capacitacion.finanzas.gob.ec,"Resolving timed out after 3000 milliseconds"
capacitacion.registrocivil.gob.ec,"Could not resolve host: capacitacion.registrocivil.gob.ec"
carcabon.gob.ec,"Could not resolve host: carcabon.gob.ec"
carlosconcha.gob.ec,"Could not resolve host: carlosconcha.gob.ec"
cas.sbs.gob.ec,"Could not resolve host: cas.sbs.gob.ec"
cas.superbancos.gob.ec,"Could not resolve host: cas.superbancos.gob.ec"
casacay.gob.ec,"200"
casadelacultura.gob.ec,"Could not resolve host: casadelacultura.gob.ec"
casademontalvo.gob.ec,"301"
casanga.gob.ec,"Connection timed out after 3002 milliseconds"
cascales.gob.ec,"200"
casuio.sri.gob.ec,"302"
catastro.epemapar.gob.ec,"Could not resolve host: catastro.epemapar.gob.ec"
cazaderos.gob.ec,"Could not resolve host: cazaderos.gob.ec"
ccem.gob.ec,"Could not resolve host: ccem.gob.ec"
ccnamera.gob.ec,"Could not resolve host: ccnamera.gob.ec"
ccpd.duran.gob.ec,"Connection timed out after 3000 milliseconds"
ccpdlaconcordia.gob.ec,"200"
ccpdlatroncal.gob.ec,"200"
ccpdp.elpangui.gob.ec,"Could not resolve host: ccpdp.elpangui.gob.ec"
ccs.gob.ec,"Could not resolve host: ccs.gob.ec"
cebadas.gob.ec,"Could not resolve host: cebadas.gob.ec"
cef.sri.gob.ec,"Could not resolve host: cef.sri.gob.ec"
cefaspms.gob.ec,"Could not resolve host: cefaspms.gob.ec"
cel.sri.gob.ec,"Could not resolve host: cel.sri.gob.ec"
celcer.sri.gob.ec,"Could not resolve host: celcer.sri.gob.ec"
celec.gob.ec,"Could not resolve host: celec.gob.ec"
celecloud.celec.gob.ec,"302"
centrodeservicios.superbancos.gob.ec,"302"
cerroazul.gob.ec,"Could not resolve host: cerroazul.gob.ec"
cevallos.gob.ec,"Could not resolve host: cevallos.gob.ec"
chacras.gob.ec,"Could not resolve host: chacras.gob.ec"
chaguarpamba.gob.ec,"Could not resolve host: chaguarpamba.gob.ec"
chaguarpamba.gob.ec.importadoralavacor.com,"Could not resolve host: chaguarpamba.gob.ec.importadoralavacor.com"
chamanga.gob.ec,"Could not resolve host: chamanga.gob.ec"
chanduy.gob.ec,"Could not resolve host: chanduy.gob.ec"
chantaco.gob.ec,"Could not resolve host: chantaco.gob.ec"
chantaco.mancomunidadbosqueseco.gob.ec,"Could not resolve host: chantaco.mancomunidadbosqueseco.gob.ec"
chantilin.gob.ec,"301"
charapoto.gob.ec,"200"
chaucha.gob.ec,"Could not resolve host: chaucha.gob.ec"
chibunga.gob.ec,"Could not resolve host: chibunga.gob.ec"
chical.gob.ec,"Could not resolve host: chical.gob.ec"
chilla.gob.ec,"301"
chinca.gob.ec,"Could not resolve host: chinca.gob.ec"
chitandenavarretes.gob.ec,"301"
chontamarca.gob.ec,"Could not resolve host: chontamarca.gob.ec"
chorocopte.gob.ec,"Could not resolve host: chorocopte.gob.ec"
chugchilan.gob.ec,"302"
chumblin.gob.ec,"Could not resolve host: chumblin.gob.ec"
chumunde.gob.ec,"301"
chuquiribamba.gob.ec,"200"
ciano.gob.ec,"200"
cicloviasecuador.gob.ec,"Could not resolve host: cicloviasecuador.gob.ec"
citrix.cnt.gob.ec,"Could not resolve host: citrix.cnt.gob.ec"
citrix.contraloria.gob.ec,"Connection timed out after 3000 milliseconds"
ciudadalfaro.gob.ec,"403"
cloud.prefecturaloja.gob.ec,"SSL certificate problem: unable to get local issuer certificate"
cne.gob.ec,"TLS connect error: error:0A000458:SSL routines::tlsv1 unrecognized name"
cnesantodomingo.gob.ec,"Could not resolve host: cnesantodomingo.gob.ec"
cnt.gob.ec,"Could not resolve host: cnt.gob.ec"
cntremedy.cnt.gob.ec,"Connection timed out after 3002 milliseconds"
cochapamba.gob.ec,"302"
colaisaca.gob.ec,"200"
colonche.gob.ec,"Could not resolve host: colonche.gob.ec"
columbe.gob.ec,"Could not resolve host: columbe.gob.ec"
comercioexterior.gob.ec,"Could not resolve host: comercioexterior.gob.ec"
compraspublicas.gob.ec,"Could not resolve host: compraspublicas.gob.ec"
compuanet.gadchaltura.gob.ec,"Could not resolve host: compuanet.gadchaltura.gob.ec"
compud.gob.ec,"Could not resolve host: compud.gob.ec"
comunicacion.gob.ec,"SSL: no alternative certificate subject name matches target hostname 'comunicacion.gob.ec'"
conagopare-orellana.gob.ec,"200"
conagopareazuay.gob.ec,"302"
conagoparecanar.gob.ec,"200"
conagoparecarchi.gob.ec,"Could not resolve host: conagoparecarchi.gob.ec"
conagoparecotopaxi.gob.ec,"Could not resolve host: conagoparecotopaxi.gob.ec"
conagopareeloro.gob.ec,"200"
conagopareesmeraldas.gob.ec,"200"
conagopareguayas.gob.ec,"200"
conagoparemoronasantiago.gob.ec,"200"
conagoparenapo.gob.ec,"Could not resolve host: conagoparenapo.gob.ec"
conagoparepichincha.gob.ec,"200"
conagoparesantaelena.gob.ec,"200"
conagoparesantodomingo.gob.ec,"200"
concursogads.dinardap.gob.ec,"Could not resolve host: concursogads.dinardap.gob.ec"
concursomeritos.dinardap.gob.ec,"Could not resolve host: concursomeritos.dinardap.gob.ec"
conf.policia.gob.ec,"Could not resolve host: conf.policia.gob.ec"
conjupas.gob.ec,"Could not resolve host: conjupas.gob.ec"
conocoto.gob.ec,"Could not resolve host: conocoto.gob.ec"
cononaco.gob.ec,"200"
consejoderechoscuenca.gob.ec,"200"
constantinofernandez.gob.ec,"Could not resolve host: constantinofernandez.gob.ec"
construguayas.gob.ec,"Could not resolve host: construguayas.gob.ec"
consuladovirtual.gob.ec,"Could not resolve host: consuladovirtual.gob.ec"
consulta.uaf.gob.ec,"Could not resolve host: consulta.uaf.gob.ec"
consultas.aguaquito.gob.ec,"Could not resolve host: consultas.aguaquito.gob.ec"
consultas.atm.gob.ec,"404"
consultas.epemapar.gob.ec,"Could not resolve host: consultas.epemapar.gob.ec"
copal.gob.ec,"Could not resolve host: copal.gob.ec"
coprodem.gob.ec,"Operation timed out after 3001 milliseconds with 0 bytes received"
cordoncillo.gob.ec,"200"
corporativos.monitoreo.cnt.gob.ec,"Could not resolve host: corporativos.monitoreo.cnt.gob.ec"
correo.arosemenatola.gob.ec,"Could not resolve host: correo.arosemenatola.gob.ec"
correo.contraloria.gob.ec,"302"
correo.educacion.gob.ec,"Connection timed out after 3000 milliseconds"
correo.finanzas.gob.ec,"Resolving timed out after 3000 milliseconds"
correo.hlbm.gob.ec,"Could not resolve host: correo.hlbm.gob.ec"
correo.institutos.gob.ec,"200"
correo.miduvi.gob.ec,"Connection timed out after 3000 milliseconds"
correo.mtop.gob.ec,"Connection timed out after 3001 milliseconds"
correo.quito.gob.ec,"Could not resolve host: correo.quito.gob.ec"
correo.ruminahui.gob.ec,"Could not resolve host: correo.ruminahui.gob.ec"
correo.secom.gob.ec,"SSL: no alternative certificate subject name matches target hostname 'correo.secom.gob.ec'"
correo.senescyt.gob.ec,"Could not resolve host: correo.senescyt.gob.ec"
correo.seps.gob.ec,"Could not resolve host: correo.seps.gob.ec"
correos.paltas.gob.ec,"Could not resolve host: correos.paltas.gob.ec"
corteconstitucional.gob.ec,"301"
cosede.gob.ec,"500"
cotacachi.gob.ec,"200"
cotalo.gob.ec,"200"
cotogchoa.gob.ec,"Could not resolve host: cotogchoa.gob.ec"
cotundo.gob.ec,"Could not resolve host: cotundo.gob.ec"
coviprov.gob.ec,"Could not resolve host: coviprov.gob.ec"
cpdlli.gob.ec,"Could not resolve host: cpdlli.gob.ec"
cristobalcolon.gob.ec,"Failed to connect to cristobalcolon.gob.ec port 443 after 26 ms: Could not connect to server"
cruzpamba.gob.ec,"Could not resolve host: cruzpamba.gob.ec"
cubijies.gob.ec,"200"
cuellaje.gob.ec,"Could not resolve host: cuellaje.gob.ec"
cuenca.gob.ec,"Connection timed out after 3002 milliseconds"
cuerpobomberoslatacunga.gob.ec,"Could not resolve host: cuerpobomberoslatacunga.gob.ec"
culturaypatrimonio.gob.ec,"403"
cunchibamba.gob.ec,"200"
curtincapac.gob.ec,"200"
cusubamba.gob.ec,"Could not resolve host: cusubamba.gob.ec"
cuyabeno.gob.ec,"200"
dahuano.gob.ec,"Could not resolve host: dahuano.gob.ec"
datosabiertos.carchi.gob.ec,"200"
datoseguro.gob.ec,"Could not resolve host: datoseguro.gob.ec"
dayuma.gob.ec,"200"
dda.gob.ec,"Could not resolve host: dda.gob.ec"
declaraciones.sri.gob.ec,"Could not resolve host: declaraciones.sri.gob.ec"
defensa.gob.ec,"Could not resolve host: defensa.gob.ec"
delegsol.gob.ec,"Could not resolve host: delegsol.gob.ec"
deporte.gob.ec,"SSL certificate problem: certificate has expired"
desarrolloamazonico.gob.ec,"Could not resolve host: desarrolloamazonico.gob.ec"
desarrollosocial.gob.ec,"Could not resolve host: desarrollosocial.gob.ec"
dev.epam.gob.ec,"Could not resolve host: dev.epam.gob.ec"
diaf.gob.ec,"Could not resolve host: diaf.gob.ec"
dialin.aguaquito.gob.ec,"404"
dialin.cscg.gob.ec,"Could not resolve host: dialin.cscg.gob.ec"
dialin.educacion.gob.ec,"Could not resolve host: dialin.educacion.gob.ec"
dialin.mintel.gob.ec,"Could not resolve host: dialin.mintel.gob.ec"
dialin.senplades.gob.ec,"Could not resolve host: dialin.senplades.gob.ec"
dinardap.gob.ec,"Could not resolve host: dinardap.gob.ec"
dirmovmejia.gob.ec,"Could not resolve host: dirmovmejia.gob.ec"
disensa.taura.gob.ec,"Could not resolve host: disensa.taura.gob.ec"
distincion.quitoambiente.gob.ec,"Could not resolve host: distincion.quitoambiente.gob.ec"
distrito04d02.gob.ec,"Could not resolve host: distrito04d02.gob.ec"
dna.gob.ec,"Could not resolve host: dna.gob.ec"
documentos.administracionpublica.gob.ec,"Could not resolve host: documentos.administracionpublica.gob.ec"
documentos.seps.gob.ec,"Could not resolve host: documentos.seps.gob.ec"
dpsca.gob.ec,"Could not resolve host: dpsca.gob.ec"
ducur.gob.ec,"Could not resolve host: ducur.gob.ec"
duran.gob.ec,"Connection timed out after 3002 milliseconds"
e0371a00.epmmop.gob.ec,"Could not resolve host: e0371a00.epmmop.gob.ec"
ebye.finanzas.gob.ec,"Could not resolve host: ebye.finanzas.gob.ec"
ebyecap.finanzas.gob.ec,"Could not resolve host: ebyecap.finanzas.gob.ec"
ebyeprb.finanzas.gob.ec,"Resolving timed out after 3000 milliseconds"
ecapag.gob.ec,"Could not resolve host: ecapag.gob.ec"
echeandia.gob.ec,"Could not resolve host: echeandia.gob.ec"
ecorae.gob.ec,"Could not resolve host: ecorae.gob.ec"
ecu911.gob.ec,"SSL certificate problem: unable to get local issuer certificate"
ecuadorestrategicoep.gob.ec,"Could not resolve host: ecuadorestrategicoep.gob.ec"
ecucert.gob.ec,"Could not resolve host: ecucert.gob.ec"
educacion.gob.ec,"Could not resolve host: educacion.gob.ec"
educacionsuperior.gob.ec,"SSL certificate problem: certificate has expired"
educarecuador.gob.ec,"Connection timed out after 3002 milliseconds"
eempn.gob.ec,"Could not resolve host: eempn.gob.ec"
el-triunfo.gob.ec,"200"
elcarmelo.gob.ec,"301"
elcarmen.gob.ec,"Could not resolve host: elcarmen.gob.ec"
elchaco.gob.ec,"Could not resolve host: elchaco.gob.ec"
elcisne.gob.ec,"Could not resolve host: elcisne.gob.ec"
eldorado.gob.ec,"Operation timed out after 3002 milliseconds with 0 bytes received"
electritelecom.mancomunidadbosqueseco.gob.ec,"Could not resolve host: electritelecom.mancomunidadbosqueseco.gob.ec"
eleden.gob.ec,"200"
elgoaltal.gob.ec,"301"
elingenio.gob.ec,"200"
ellaurel.gob.ec,"Could not resolve host: ellaurel.gob.ec"
ellimo.gob.ec,"200"
elmachismoesviolencia.gob.ec,"Could not resolve host: elmachismoesviolencia.gob.ec"
eloro.gob.ec,"301"
elpangui.gob.ec,"200"
elpoderdelvoto.gob.ec,"Could not resolve host: elpoderdelvoto.gob.ec"
elprogreso.gob.ec,"302"
elquinche.gob.ec,"Could not resolve host: elquinche.gob.ec"
elretiro.gob.ec,"200"
elrosario.gob.ec,"Could not resolve host: elrosario.gob.ec"
eltingo-laesperanza.gob.ec,"302"
emamep.gob.ec,"200"
emapac.gob.ec,"200"
emapad.emapad.gob.ec,"Could not resolve host: emapad.emapad.gob.ec"
emapad.gob.ec,"Could not resolve host: emapad.gob.ec"
emasep.gob.ec,"200"
emcisa.gob.ec,"Could not resolve host: emcisa.gob.ec"
emergencias.cnt.gob.ec,"Connection timed out after 3001 milliseconds"
emgirs.gob.ec,"200"
emot.duran.gob.ec,"Could not resolve host: emot.duran.gob.ec"
emprovial.gob.ec,"Could not resolve host: emprovial.gob.ec"
empupavq.gob.ec,"Could not resolve host: empupavq.gob.ec"
emrapah.gob.ec,"Could not resolve host: emrapah.gob.ec"
emsaba.gob.ec,"Could not resolve host: emsaba.gob.ec"
emuvial.gob.ec,"200"
emvialrios.gob.ec,"Could not resolve host: emvialrios.gob.ec"
encuestasprueba.epemapar.gob.ec,"Could not resolve host: encuestasprueba.epemapar.gob.ec"
energia.gob.ec,"Could not resolve host: energia.gob.ec"
enerjubones.gob.ec,"Could not resolve host: enerjubones.gob.ec"
enlinea.hmunicipal.gob.ec,"Could not resolve host: enlinea.hmunicipal.gob.ec"
epaamejia.gob.ec,"Connection timed out after 3002 milliseconds"
epagal.gob.ec,"200"
epam.gob.ec,"Could not resolve host: epam.gob.ec"
epapacoli.gob.ec,"301"
epapar.gob.ec,"Could not resolve host: epapar.gob.ec"
epemapar.gob.ec,"301"
epemapar2.epemapar.gob.ec,"Could not resolve host: epemapar2.epemapar.gob.ec"
epiep.gob.ec,"Could not resolve host: epiep.gob.ec"
epm-bomberosruminahui.gob.ec,"Could not resolve host: epm-bomberosruminahui.gob.ec"
epmapacich.gob.ec,"Could not resolve host: epmapacich.gob.ec"
epmapap.gob.ec,"Could not resolve host: epmapap.gob.ec"
epmapas.gob.ec,"301"
epmgidsa.gob.ec,"301"
epmmop.gob.ec,"301"
epmms.gob.ec,"Could not resolve host: epmms.gob.ec"
epmrq.gob.ec,"Could not resolve host: epmrq.gob.ec"
epumemq.gob.ec,"Could not resolve host: epumemq.gob.ec"
erfen.gob.ec,"Could not resolve host: erfen.gob.ec"
erp.aguaquito.gob.ec,"Could not resolve host: erp.aguaquito.gob.ec"
escuelapolicia.gob.ec,"Could not resolve host: escuelapolicia.gob.ec"
eservicios.mintel.gob.ec,"Connection timed out after 3002 milliseconds"
esigef.finanzas.gob.ec,"200"
esigef2.finanzas.gob.ec,"Could not resolve host: esigef2.finanzas.gob.ec"
esigefcap.finanzas.gob.ec,"Resolving timed out after 3000 milliseconds"
esigefprb.finanzas.gob.ec,"Resolving timed out after 3000 milliseconds"
esipren.finanzas.gob.ec,"Resolving timed out after 3000 milliseconds"
esmeraldas.gob.ec,"200"
espindola.gob.ec,"Could not resolve host: espindola.gob.ec"
estadisticas.setedis.gob.ec,"Could not resolve host: estadisticas.setedis.gob.ec"
eventosenvivo.ipgh.gob.ec,"Could not resolve host: eventosenvivo.ipgh.gob.ec"
face.epemapar.gob.ec,"Connection timed out after 3002 milliseconds"
facturacion.duran.gob.ec,"Could not resolve host: facturacion.duran.gob.ec"
facturacion.iess.gob.ec,"200"
facturacion.rpmlt.gob.ec,"200"
facturacionelectronica.dinardap.gob.ec,"Connection timed out after 3002 milliseconds"
ferrocarrilesdelecuador.gob.ec,"Could not resolve host: ferrocarrilesdelecuador.gob.ec"
fertiuna.una.gob.ec,"Could not resolve host: fertiuna.una.gob.ec"
fichaunica.datoseguro.gob.ec,"Could not resolve host: fichaunica.datoseguro.gob.ec"
fichaunica.dinardap.gob.ec,"Could not resolve host: fichaunica.dinardap.gob.ec"
finanzas.finanzaspopulares.gob.ec,"Could not resolve host: finanzas.finanzaspopulares.gob.ec"
finanzas.gob.ec,"Could not resolve host: finanzas.gob.ec"
finanzaspopulares.gob.ec,"Could not resolve host: finanzaspopulares.gob.ec"
fnet.controlhidrocarburos.gob.ec,"Connection timed out after 3002 milliseconds"
fondoambientalquito.gob.ec,"403"
fundacionmc.taura.gob.ec,"Could not resolve host: fundacionmc.taura.gob.ec"
fundochamba.gob.ec,"Could not resolve host: fundochamba.gob.ec"
fw.dpe.gob.ec,"Could not resolve host: fw.dpe.gob.ec"
gaceta.quijos.gob.ec,"Could not resolve host: gaceta.quijos.gob.ec"
gaceta2.pelileo.gob.ec,"Could not resolve host: gaceta2.pelileo.gob.ec"
gadabdoncalderon.gob.ec,"Could not resolve host: gadabdoncalderon.gob.ec"
gadalejolascano.agopruc.gob.ec,"Could not resolve host: gadalejolascano.agopruc.gob.ec"
gadalejolascano.gob.ec,"Could not resolve host: gadalejolascano.gob.ec"
gadalhajuela.gob.ec,"Operation timed out after 3002 milliseconds with 0 bytes received"
gadambatillo.gob.ec,"200"
gadarcapamba.gob.ec,"Could not resolve host: gadarcapamba.gob.ec"
gadbachillero.agopruc.gob.ec,"Could not resolve host: gadbachillero.agopruc.gob.ec"
gadbachillero.gob.ec,"Could not resolve host: gadbachillero.gob.ec"
gadbellamaria.gob.ec,"200"
gadbolaspamba.gob.ec,"Could not resolve host: gadbolaspamba.gob.ec"
gadbolivar-muisne.gob.ec,"Could not resolve host: gadbolivar-muisne.gob.ec"
gadbolivar.gob.ec,"Could not resolve host: gadbolivar.gob.ec"
gadbomboiza.gob.ec,"Could not resolve host: gadbomboiza.gob.ec"
gadboyaca.gob.ec,"SSL: no alternative certificate subject name matches target hostname 'gadboyaca.gob.ec'"
gadbulan.gob.ec,"301"
gadcamarones.gob.ec,"Could not resolve host: gadcamarones.gob.ec"
gadcampozano.gob.ec,"Could not resolve host: gadcampozano.gob.ec"
gadcanaribamba.gob.ec,"301"
gadcangonama.gob.ec,"200"
gadcapiro.gob.ec,"Could not resolve host: gadcapiro.gob.ec"
gadcarondelet.gob.ec,"200"
gadcascol.gob.ec,"Could not resolve host: gadcascol.gob.ec"
gadchaltura.gob.ec,"Could not resolve host: gadchaltura.gob.ec"
gadchicana.gob.ec,"200"
gadchiguaza.gob.ec,"Could not resolve host: gadchiguaza.gob.ec"
gadchinchipe.gob.ec,"200"
gadchiquicha.gob.ec,"200"
gadchirijos.gob.ec,"200"
gadchontaduro.gob.ec,"Could not resolve host: gadchontaduro.gob.ec"
gadcojimies.gob.ec,"Could not resolve host: gadcojimies.gob.ec"
gadconvento.agopruc.gob.ec,"Could not resolve host: gadconvento.agopruc.gob.ec"
gadconvento.gob.ec,"200"
gadcrucita.gob.ec,"Could not resolve host: gadcrucita.gob.ec"
gadcumbaratza.gob.ec,"Could not resolve host: gadcumbaratza.gob.ec"
gaddeatahualpa.gob.ec,"Could not resolve host: gaddeatahualpa.gob.ec"
gaddelcantonatahualpa.gob.ec,"Could not resolve host: gaddelcantonatahualpa.gob.ec"
gadelairo.gob.ec,"200"
gadelaltar.gob.ec,"200"
gadelanegado.gob.ec,"301"
gadelcabo.gob.ec,"301"
gadelchorro.gob.ec,"Could not resolve host: gadelchorro.gob.ec"
gadelingenio.gob.ec,"Could not resolve host: gadelingenio.gob.ec"
gadelmorro.gob.ec,"Could not resolve host: gadelmorro.gob.ec"
gadeloyalfaro.gob.ec,"Could not resolve host: gadeloyalfaro.gob.ec"
gadelparaiso.gob.ec,"Could not resolve host: gadelparaiso.gob.ec"
gadelprogreso.gob.ec,"200"
gadeltablon.gob.ec,"Could not resolve host: gadeltablon.gob.ec"
gadeltambo.gob.ec,"Could not resolve host: gadeltambo.gob.ec"
gadeltriunfo.gob.ec,"200"
gademiliomariateran.gob.ec,"Could not resolve host: gademiliomariateran.gob.ec"
gadeugenioespejo.gob.ec,"200"
gadgarciamoreno.gob.ec,"200"
gadgualaquiza.gob.ec,"301"
gadguale.gob.ec,"Could not resolve host: gadguale.gob.ec"
gadgualea.gob.ec,"200"
gadguanando.gob.ec,"200"
gadguayllabamba.gob.ec,"200"
gadhonoratovasquez.gob.ec,"Could not resolve host: gadhonoratovasquez.gob.ec"
gadhuambi.gob.ec,"Could not resolve host: gadhuambi.gob.ec"
gadhuertas.gob.ec,"200"
gadhuigra.gob.ec,"Could not resolve host: gadhuigra.gob.ec"
gadimantag.gob.ec,"200"
gadisabela.gob.ec,"Could not resolve host: gadisabela.gob.ec"
gadizamba.gob.ec,"200"
gadlaamerica.gob.ec,"Could not resolve host: gadlaamerica.gob.ec"
gadlaesperanza.gob.ec,"Operation timed out after 3001 milliseconds with 0 bytes received"
gadlasnieves.gob.ec,"Could not resolve host: gadlasnieves.gob.ec"
gadlaunion.gob.ec,"Could not resolve host: gadlaunion.gob.ec"
gadlauroguerrero.gob.ec,"200"
gadlavictoria.gob.ec,"200"
gadlimones.gob.ec,"Could not resolve host: gadlimones.gob.ec"
gadlinares.gob.ec,"200"
gadllacao.gob.ec,"Could not resolve host: gadllacao.gob.ec"
gadmajua.gob.ec,"200"
gadmalchingui.gob.ec,"Could not resolve host: gadmalchingui.gob.ec"
gadmaldonado.gob.ec,"Could not resolve host: gadmaldonado.gob.ec"
gadmarcosespinel.gob.ec,"200"
gadmatic.ambato.gob.ec,"200"
gadmatus.gob.ec,"200"
gadmembrillo.gob.ec,"Could not resolve host: gadmembrillo.gob.ec"
gadmesmeraldas.gob.ec,"Could not resolve host: gadmesmeraldas.gob.ec"
gadmilagro.gob.ec,"403"
gadmilagros.gob.ec,"200"
gadmonterrey.gob.ec,"Could not resolve host: gadmonterrey.gob.ec"
gadmriobamba.gob.ec,"Could not resolve host: gadmriobamba.gob.ec"
gadmsigchos.gob.ec,"200"
gadmsmb.gob.ec,"Could not resolve host: gadmsmb.gob.ec"
gadnuevoparaiso.gob.ec,"200"
gadnuevoquito.gob.ec,"Could not resolve host: gadnuevoquito.gob.ec"
gadpalanda.gob.ec,"200"
gadpalshi9deoctubre.gob.ec,"Could not resolve host: gadpalshi9deoctubre.gob.ec"
gadpancon.gob.ec,"Could not resolve host: gadpancon.gob.ec"
gadparroquiabolivar.gob.ec,"200"
gadparroquialabanin.gob.ec,"200"
gadparroquialacandelaria.gob.ec,"Could not resolve host: gadparroquialacandelaria.gob.ec"
gadparroquialgeneralproano.gob.ec,"Could not resolve host: gadparroquialgeneralproano.gob.ec"
gadparroquiallorenzodegaraicoa.gob.ec,"Could not resolve host: gadparroquiallorenzodegaraicoa.gob.ec"
gadparroquialmolleturo.gob.ec,"Could not resolve host: gadparroquialmolleturo.gob.ec"
gadparroquialpicaihua.gob.ec,"Could not resolve host: gadparroquialpicaihua.gob.ec"
gadparroquialposorja.gob.ec,"200"
gadparroquialsanjuan.gob.ec,"Could not resolve host: gadparroquialsanjuan.gob.ec"
gadparroquialsantafe.gob.ec,"Could not resolve host: gadparroquialsantafe.gob.ec"
gadparroquialtarifa.gob.ec,"Could not resolve host: gadparroquialtarifa.gob.ec"
gadparroquialuzhcurrumi.gob.ec,"200"
gadparroquiaturupamba.gob.ec,"503"
gadpasa.gob.ec,"200"
gadpasuncion.gob.ec,"Could not resolve host: gadpasuncion.gob.ec"
gadpatahualpa-camarones.gob.ec,"Could not resolve host: gadpatahualpa-camarones.gob.ec"
gadpcochapata.gob.ec,"301"
gadpe.gob.ec,"200"
gadpedrojmontero.gob.ec,"Could not resolve host: gadpedrojmontero.gob.ec"
gadpedropablogomez.gob.ec,"Could not resolve host: gadpedropablogomez.gob.ec"
gadpguachanama.gob.ec,"Could not resolve host: gadpguachanama.gob.ec"
gadpindal.gob.ec,"200"
gadpinllo.gob.ec,"Could not resolve host: gadpinllo.gob.ec"
gadpistishi.gob.ec,"Could not resolve host: gadpistishi.gob.ec"
gadpmontalvo.gob.ec,"Could not resolve host: gadpmontalvo.gob.ec"
gadpoalo.gob.ec,"Could not resolve host: gadpoalo.gob.ec"
gadpr-atahualpa.gadpancon.gob.ec,"Could not resolve host: gadpr-atahualpa.gadpancon.gob.ec"
gadpr-atahualpa.gob.ec,"Could not resolve host: gadpr-atahualpa.gob.ec"
gadpr-nulti.gob.ec,"Could not resolve host: gadpr-nulti.gob.ec"
gadprahuano.gob.ec,"302"
gadprayacucho.gob.ec,"200"
gadprborja.gob.ec,"Could not resolve host: gadprborja.gob.ec"
gadprcanelos.gob.ec,"200"
gadprcosanga.conjupas.gob.ec,"Could not resolve host: gadprcosanga.conjupas.gob.ec"
gadprcosanga.gob.ec,"Could not resolve host: gadprcosanga.gob.ec"
gadprcuyuja.conjupas.gob.ec,"Could not resolve host: gadprcuyuja.conjupas.gob.ec"
gadprcuyuja.gob.ec,"Could not resolve host: gadprcuyuja.gob.ec"
gadprdanielcordovatoral.gob.ec,"Could not resolve host: gadprdanielcordovatoral.gob.ec"
gadpreleno.gob.ec,"Could not resolve host: gadpreleno.gob.ec"
gadprgonzalodiazdepineda.gob.ec,"SSL certificate problem: certificate has expired"
gadprincipal.gob.ec,"Could not resolve host: gadprincipal.gob.ec"
gadprlavillegas.gob.ec,"Could not resolve host: gadprlavillegas.gob.ec"
gadprlinares.conjupas.gob.ec,"Could not resolve host: gadprlinares.conjupas.gob.ec"
gadprlinares.gob.ec,"Could not resolve host: gadprlinares.gob.ec"
gadprmontalvo.gob.ec,"Could not resolve host: gadprmontalvo.gob.ec"
gadprmuyuna.gob.ec,"302"
gadprosarioloja.gob.ec,"Could not resolve host: gadprosarioloja.gob.ec"
gadproyacachi.conjupas.gob.ec,"Could not resolve host: gadproyacachi.conjupas.gob.ec"
gadproyacachi.gob.ec,"Could not resolve host: gadproyacachi.gob.ec"
gadprpapallacta.gob.ec,"Could not resolve host: gadprpapallacta.gob.ec"
gadprpijili.gob.ec,"301"
gadprpuertomisahualli.gob.ec,"301"
gadprpuertomisahualli.guangopolo.gob.ec,"Could not resolve host: gadprpuertomisahualli.guangopolo.gob.ec"
gadprpuertonapo.conjupas.gob.ec,"Could not resolve host: gadprpuertonapo.conjupas.gob.ec"
gadprpuertonapo.gob.ec,"200"
gadprpuna.gob.ec,"Could not resolve host: gadprpuna.gob.ec"
gadprriocorrientes.gob.ec,"200"
gadprsanpablodeushpayacu.gob.ec,"Could not resolve host: gadprsanpablodeushpayacu.gob.ec"
gadprsanpablodeushpayacu.guangopolo.gob.ec,"Could not resolve host: gadprsanpablodeushpayacu.guangopolo.gob.ec"
gadprsarayacu.gob.ec,"Could not resolve host: gadprsarayacu.gob.ec"
gadprsardinas.agopruc.gob.ec,"Could not resolve host: gadprsardinas.agopruc.gob.ec"
gadprsardinas.gob.ec,"302"
gadprshell.gob.ec,"200"
gadprsumaco.agopruc.gob.ec,"Could not resolve host: gadprsumaco.agopruc.gob.ec"
gadprsumaco.gob.ec,"404"
gadprtalag.agopruc.gob.ec,"Could not resolve host: gadprtalag.agopruc.gob.ec"
gadprtalag.gob.ec,"Could not resolve host: gadprtalag.gob.ec"
gadprtho.gob.ec,"Could not resolve host: gadprtho.gob.ec"
gadpsanmateo.gob.ec,"200"
gadpucapamba.gob.ec,"Could not resolve host: gadpucapamba.gob.ec"
gadpueblonuevo.gob.ec,"Could not resolve host: gadpueblonuevo.gob.ec"
gadpuebloviejo.gob.ec,"200"
gadpuertocayo.gob.ec,"200"
gadquingue.gob.ec,"Could not resolve host: gadquingue.gob.ec"
gadquisapincha.gob.ec,"Could not resolve host: gadquisapincha.gob.ec"
gadricaurte.agopruc.gob.ec,"Could not resolve host: gadricaurte.agopruc.gob.ec"
gadricaurte.gob.ec,"200"
gadrionegro.gob.ec,"200"
gadrioverde.gob.ec,"200"
gadrocafuerte.gob.ec,"Could not resolve host: gadrocafuerte.gob.ec"
gadrosario.gob.ec,"Could not resolve host: gadrosario.gob.ec"
gadrumipambaquero.gob.ec,"301"
gadsabiango.gob.ec,"200"
gadsalvias.gob.ec,"302"
gadsanandres.gob.ec,"200"
gadsanandreschinchipe.gob.ec,"Could not resolve host: gadsanandreschinchipe.gob.ec"
gadsanfranciscodenovillo.gob.ec,"200"
gadsangerardo.gob.ec,"200"
gadsangregorio.gob.ec,"Could not resolve host: gadsangregorio.gob.ec"
gadsanlorenzomanabi.gob.ec,"Could not resolve host: gadsanlorenzomanabi.gob.ec"
gadsanmiguelito.gob.ec,"Could not resolve host: gadsanmiguelito.gob.ec"
gadsanpablo.gob.ec,"301"
gadsanpablodetenta.gob.ec,"Could not resolve host: gadsanpablodetenta.gob.ec"
gadsanpablodetenta.mancomunidadbosqueseco.gob.ec,"Could not resolve host: gadsanpablodetenta.mancomunidadbosqueseco.gob.ec"
gadsanpedrodelabendita.gob.ec,"200"
gadsanpedrodesuma.gob.ec,"Could not resolve host: gadsanpedrodesuma.gob.ec"
gadsanrafaelcarchi.gob.ec,"Could not resolve host: gadsanrafaelcarchi.gob.ec"
gadsansebastian.gob.ec,"200"
gadsap.gob.ec,"200"
gadsbolivar.gob.ec,"Could not resolve host: gadsbolivar.gob.ec"
gadsixtoduranballen.gob.ec,"Could not resolve host: gadsixtoduranballen.gob.ec"
gadslp.gob.ec,"Could not resolve host: gadslp.gob.ec"
gadsmc.gob.ec,"Could not resolve host: gadsmc.gob.ec"
gadtmrl.gob.ec,"Could not resolve host: gadtmrl.gob.ec"
gadtonchigue.gob.ec,"Could not resolve host: gadtonchigue.gob.ec"
gadtonsupa.gob.ec,"200"
gadtotoras.gob.ec,"200"
gadulba.gob.ec,"Could not resolve host: gadulba.gob.ec"
gadyacuambi.gob.ec,"Could not resolve host: gadyacuambi.gob.ec"
gadzapallo.gob.ec,"Could not resolve host: gadzapallo.gob.ec"
galera.gob.ec,"Could not resolve host: galera.gob.ec"
gaplabelleza.gob.ec,"Could not resolve host: gaplabelleza.gob.ec"
garciamoreno.gob.ec,"Could not resolve host: garciamoreno.gob.ec"
gdocplmq.metrodequito.gob.ec,"SSL: no alternative certificate subject name matches target hostname 'gdocplmq.metrodequito.gob.ec'"
geo.cnt.gob.ec,"Resolving timed out after 3000 milliseconds"
gestionadministrativa.gmtulcan.gob.ec,"Could not resolve host: gestionadministrativa.gmtulcan.gob.ec"
gestiondecalidad.isspol.gob.ec,"Could not resolve host: gestiondecalidad.isspol.gob.ec"
gestionderiesgos.gob.ec,"Could not resolve host: gestionderiesgos.gob.ec"
gestionelectronica.cnelep.gob.ec,"Connection timed out after 3001 milliseconds"
gestionti.registrocivil.gob.ec,"Operation timed out after 3000 milliseconds with 0 bytes received"
giiesapp.ceaaces.gob.ec,"Could not resolve host: giiesapp.ceaaces.gob.ec"
gim.loja.gob.ec,"Connection timed out after 3001 milliseconds"
girg.gob.ec,"Could not resolve host: girg.gob.ec"
giron.gob.ec,"301"
gis.cnt.gob.ec,"Connection timed out after 3001 milliseconds"
giscorp.cnt.gob.ec,"Could not resolve host: giscorp.cnt.gob.ec"
giscorpgsa.cnt.gob.ec,"Could not resolve host: giscorpgsa.cnt.gob.ec"
giscorpnig.cnt.gob.ec,"Could not resolve host: giscorpnig.cnt.gob.ec"
git.softwarelibre.conocimiento.gob.ec,"Could not resolve host: git.softwarelibre.conocimiento.gob.ec"
gmtulcan.gob.ec,"302"
goberguayas.gob.ec,"200"
gobernacioncarchi.gob.ec,"Could not resolve host: gobernacioncarchi.gob.ec"
gobernaciondelguayas.gob.ec,"Could not resolve host: gobernaciondelguayas.gob.ec"
gobernaciongalapagos.gob.ec,"Could not resolve host: gobernaciongalapagos.gob.ec"
gobernacionguayas.gob.ec,"Could not resolve host: gobernacionguayas.gob.ec"
gobernacionmanabi.gob.ec,"Could not resolve host: gobernacionmanabi.gob.ec"
gobernacionpastaza.gob.ec,"301"
gobernacionsucumbios.gob.ec,"OpenSSL SSL_read: OpenSSL/3.5.3: error:0A000126:SSL routines::unexpected eof while reading, errno 0"
gobernacionzamora.gob.ec,"200"
gobiernoabierto.carchi.gob.ec,"Could not resolve host: gobiernoabierto.carchi.gob.ec"
gobiernocalvas.gob.ec,"301"
gobiernodeachupallas.gob.ec,"Could not resolve host: gobiernodeachupallas.gob.ec"
gobiernodemangahurco.gob.ec,"Could not resolve host: gobiernodemangahurco.gob.ec"
gobiernodezapotillo.gob.ec,"Could not resolve host: gobiernodezapotillo.gob.ec"
gobiernoelectronico.gob.ec,"Could not resolve host: gobiernoelectronico.gob.ec"
gobiernogalapagos.gob.ec,"Could not resolve host: gobiernogalapagos.gob.ec"
gobiernojima.gob.ec,"301"
gobiernoparroquialcheca.gob.ec,"Could not resolve host: gobiernoparroquialcheca.gob.ec"
gobiernoparroquialdechican.gob.ec,"301"
gobiernoparroquialdedug-dug.gob.ec,"Could not resolve host: gobiernoparroquialdedug-dug.gob.ec"
gobiernoparroquialdelaiberia.gob.ec,"200"
gobiernoparroquialdetomebamba.gob.ec,"200"
gobiernoparroquialguayquichuma.gob.ec,"200"
gobiernoparroquiallaunion.gob.ec,"301"
gobiernoparroquialremigiocrespo.gob.ec,"301"
gobiernoparroquialsalasaka.gob.ec,"200"
gobiernoparroquialsancristobal.gob.ec,"301"
gobiernoparroquialsanjosederaranga.gob.ec,"Could not resolve host: gobiernoparroquialsanjosederaranga.gob.ec"
gobiernoparroquialsayausi.gob.ec,"Could not resolve host: gobiernoparroquialsayausi.gob.ec"
gobiernopcalderon.gob.ec,"Could not resolve host: gobiernopcalderon.gob.ec"
gonzol.gob.ec,"200"
gpabdoncalderon.gob.ec,"301"
gpbellavista.gob.ec,"500"
gpcuchil.gob.ec,"301"
gpgarciamoreno.gob.ec,"Could not resolve host: gpgarciamoreno.gob.ec"
gpjulioandrade.gob.ec,"301"
gpl.gob.ec,"Could not resolve host: gpl.gob.ec"
gplalibertad.gob.ec,"301"
gplapaz.gob.ec,"Could not resolve host: gplapaz.gob.ec"
gpludo.gob.ec,"Could not resolve host: gpludo.gob.ec"
gpluiscorderovega.gob.ec,"Could not resolve host: gpluiscorderovega.gob.ec"
gpmonteolivo.gob.ec,"Could not resolve host: gpmonteolivo.gob.ec"
gporellana.gob.ec,"301"
gprsjose.gob.ec,"200"
gpsanbartolome.gob.ec,"301"
gpsanisidro.gob.ec,"200"
gpsantarosa.gob.ec,"301"
gpsanvicente.gob.ec,"301"
gpsimonbolivar.gob.ec,"Could not resolve host: gpsimonbolivar.gob.ec"
gptutupali.gob.ec,"200"
guachapala.gob.ec,"Could not resolve host: guachapala.gob.ec"
gualleturo.gob.ec,"Could not resolve host: gualleturo.gob.ec"
guanazan.gob.ec,"200"
guangaje.gob.ec,"301"
guangopolo.gob.ec,"Could not resolve host: guangopolo.gob.ec"
guarainag.gob.ec,"301"
guasaganda.gob.ec,"Could not resolve host: guasaganda.gob.ec"
guasuntos.gob.ec,"200"
guayaquil.gob.ec,"200"
guaytacama.gob.ec,"301"
guayusa.gob.ec,"200"
guel.gob.ec,"301"
guia.agrocalidad.gob.ec,"Could not resolve host: guia.agrocalidad.gob.ec"
guizhaguina.gob.ec,"200"
gye.gob.ec,"Could not resolve host: gye.gob.ec"
habitatyvivienda.gob.ec,"Could not resolve host: habitatyvivienda.gob.ec"
hagp.gob.ec,"Could not resolve host: hagp.gob.ec"
hatunsumaku.gob.ec,"200"
hbsa.gob.ec,"Could not resolve host: hbsa.gob.ec"
hgoia.gob.ec,"Connection timed out after 3002 milliseconds"
hgsd.gob.ec,"Connection timed out after 3001 milliseconds"
hjca.iess.gob.ec,"200"
hlbm.gob.ec,"Could not resolve host: hlbm.gob.ec"
hojas-jaboncillo.gob.ec,"Could not resolve host: hojas-jaboncillo.gob.ec"
hospitalmacas.gob.ec,"200"
hospitalmarianadejesus.gob.ec,"Could not resolve host: hospitalmarianadejesus.gob.ec"
hotelchelita.guangopolo.gob.ec,"Could not resolve host: hotelchelita.guangopolo.gob.ec"
hpgl.gob.ec,"Could not resolve host: hpgl.gob.ec"
hsfq.gob.ec,"Could not resolve host: hsfq.gob.ec"
htdeloro.gob.ec,"200"
huaca.gob.ec,"302"
huambalo.gob.ec,"Operation timed out after 3001 milliseconds with 0 bytes received"
huaquillas.gob.ec,"301"
huaticocha.gob.ec,"200"
huiririma.gob.ec,"200"
hvalenzuela.gob.ec,"Could not resolve host: hvalenzuela.gob.ec"
iepi.gob.ec,"Could not resolve host: iepi.gob.ec"
iess.gob.ec,"Could not resolve host: iess.gob.ec"
iesspr.iess.gob.ec,"Could not resolve host: iesspr.iess.gob.ec"
ilapo.gob.ec,"Could not resolve host: ilapo.gob.ec"
imcontrol.cnt.gob.ec,"Could not resolve host: imcontrol.cnt.gob.ec"
imgestion.cnt.gob.ec,"Could not resolve host: imgestion.cnt.gob.ec"
inclusion.gob.ec,"Could not resolve host: inclusion.gob.ec"
industrias.gob.ec,"Could not resolve host: industrias.gob.ec"
iner.gob.ec,"Could not resolve host: iner.gob.ec"
informatica.gob.ec,"Could not resolve host: informatica.gob.ec"
ingapirca.gob.ec,"Could not resolve host: ingapirca.gob.ec"
inm.gob.ec,"Could not resolve host: inm.gob.ec"
inmobiliar.gob.ec,"Could not resolve host: inmobiliar.gob.ec"
inscripciones.registrocivil.gob.ec,"Could not resolve host: inscripciones.registrocivil.gob.ec"
int.patate.gob.ec,"Could not resolve host: int.patate.gob.ec"
inter.finanzas.gob.ec,"Could not resolve host: inter.finanzas.gob.ec"
intercap.finanzas.gob.ec,"Could not resolve host: intercap.finanzas.gob.ec"
interconexion.cnt.gob.ec,"Could not resolve host: interconexion.cnt.gob.ec"
internet.puyo.gob.ec,"403"
interoperabilidad.dinardap.gob.ec,"Could not resolve host: interoperabilidad.dinardap.gob.ec"
interprb.finanzas.gob.ec,"Could not resolve host: interprb.finanzas.gob.ec"
intranet.alausi.gob.ec,"SSL certificate problem: EE certificate key too weak"
intranet.contraloria.gob.ec,"Could not resolve host: intranet.contraloria.gob.ec"
intranet.finanzas.gob.ec,"Could not resolve host: intranet.finanzas.gob.ec"
intranet.iess.gob.ec,"Could not resolve host: intranet.iess.gob.ec"
intranet.registrocivil.gob.ec,"Could not resolve host: intranet.registrocivil.gob.ec"
intranet.seps.gob.ec,"Could not resolve host: intranet.seps.gob.ec"
inventario.saludzona5.gob.ec,"Connection timed out after 3001 milliseconds"
ipgh.gob.ec,"200"
isinlivi.gob.ec,"Could not resolve host: isinlivi.gob.ec"
isspol.gob.ec,"Could not resolve host: isspol.gob.ec"
isspolenlinea.isspol.gob.ec,"Could not resolve host: isspolenlinea.isspol.gob.ec"
jadan.gob.ec,"Could not resolve host: jadan.gob.ec"
jambeli.gob.ec,"200"
jaramijo.gob.ec,"302"
jerusalen.gob.ec,"Could not resolve host: jerusalen.gob.ec"
jimbilla.gob.ec,"Could not resolve host: jimbilla.gob.ec"
jipijapa.gob.ec,"200"
joseguangobajo.gob.ec,"Could not resolve host: joseguangobajo.gob.ec"
jpprogreso.gob.ec,"200"
juandevelasco.gob.ec,"Could not resolve host: juandevelasco.gob.ec"
juanmontalvo.gob.ec,"Could not resolve host: juanmontalvo.gob.ec"
juncal.gob.ec,"200"
juntacantonal.gmtulcan.gob.ec,"Could not resolve host: juntacantonal.gmtulcan.gob.ec"
juntamonetariafinanciera.gob.ec,"Could not resolve host: juntamonetariafinanciera.gob.ec"
justicia.gob.ec,"Could not resolve host: justicia.gob.ec"
laasuncion.gob.ec,"302"
laavanzada.gob.ec,"Could not resolve host: laavanzada.gob.ec"
labocana.gob.ec,"Could not resolve host: labocana.gob.ec"
lacarolina.gob.ec,"Could not resolve host: lacarolina.gob.ec"
lachonta.gob.ec,"Could not resolve host: lachonta.gob.ec"
laconcepcion.gob.ec,"Could not resolve host: laconcepcion.gob.ec"
laconcordia.gob.ec,"200"
lagarto.gob.ec,"Could not resolve host: lagarto.gob.ec"
lagosanpedro.gob.ec,"200"
lalibertadeloro.gob.ec,"200"
lamana.gob.ec,"200"
lapeana.gob.ec,"Operation timed out after 3002 milliseconds with 0 bytes received"
laslajas.gob.ec,"Could not resolve host: laslajas.gob.ec"
laspampas.gob.ec,"301"
latola.gob.ec,"Could not resolve host: latola.gob.ec"
latroncal.gob.ec,"200"
launionatacames.gob.ec,"Could not resolve host: launionatacames.gob.ec"
launionsantaana.gob.ec,"301"
lavictoria.gob.ec,"301"
lavictoriaguayas.gob.ec,"Could not resolve host: lavictoriaguayas.gob.ec"
lavictorialoja.gob.ec,"Could not resolve host: lavictorialoja.gob.ec"
lb.cne.gob.ec,"Could not resolve host: lb.cne.gob.ec"
lecturas.epemapar.gob.ec,"Could not resolve host: lecturas.epemapar.gob.ec"
legacy.celec.gob.ec,"Could not resolve host: legacy.celec.gob.ec"
legacy.minjusticia.gob.ec,"Could not resolve host: legacy.minjusticia.gob.ec"
lican.gob.ec,"Could not resolve host: lican.gob.ec"
licto.gob.ec,"Could not resolve host: licto.gob.ec"
limonindanza.gob.ec,"200"
lineasur.gob.ec,"Could not resolve host: lineasur.gob.ec"
llagos.gob.ec,"200"
llanochico.gob.ec,"Could not resolve host: llanochico.gob.ec"
lligua.gob.ec,"Could not resolve host: lligua.gob.ec"
lloa.gob.ec,"Could not resolve host: lloa.gob.ec"
login.cnt.gob.ec,"Could not resolve host: login.cnt.gob.ec"
loja.gob.ec,"Could not resolve host: loja.gob.ec"
lomasdesargentillo.gob.ec,"200"
loreto.gob.ec,"200"
losandes.gob.ec,"301"
loslojas.gob.ec,"Could not resolve host: loslojas.gob.ec"
lucero.gob.ec,"Could not resolve host: lucero.gob.ec"
luzdeamerica.gob.ec,"Could not resolve host: luzdeamerica.gob.ec"
lyncdiscover.aguaquito.gob.ec,"404"
lyncdiscover.contraloria.gob.ec,"405"
lyncdiscover.cscg.gob.ec,"Could not resolve host: lyncdiscover.cscg.gob.ec"
lyncdiscover.dinardap.gob.ec,"Could not resolve host: lyncdiscover.dinardap.gob.ec"
lyncdiscover.educacion.gob.ec,"Could not resolve host: lyncdiscover.educacion.gob.ec"
lyncdiscover.mintel.gob.ec,"Could not resolve host: lyncdiscover.mintel.gob.ec"
lyncdiscover.senplades.gob.ec,"Could not resolve host: lyncdiscover.senplades.gob.ec"
lyncpool.contraloria.gob.ec,"SSL: no alternative certificate subject name matches target hostname 'lyncpool.contraloria.gob.ec'"
lyncpool.senplades.gob.ec,"Could not resolve host: lyncpool.senplades.gob.ec"
lyncweb.mintel.gob.ec,"Could not resolve host: lyncweb.mintel.gob.ec"
machala.gob.ec.hassler.ec,"Could not resolve host: machala.gob.ec.hassler.ec"
machalilla.campozano.gob.ec,"Could not resolve host: machalilla.campozano.gob.ec"
machalilla.gob.ec,"Could not resolve host: machalilla.gob.ec"
macuma.gob.ec,"Could not resolve host: macuma.gob.ec"
magap.gob.ec,"Could not resolve host: magap.gob.ec"
mail.07d05.mspz7.gob.ec,"Could not resolve host: mail.07d05.mspz7.gob.ec"
mail.11denoviembre.gob.ec,"Could not resolve host: mail.11denoviembre.gob.ec"
mail.15d01.mspz2.gob.ec,"Could not resolve host: mail.15d01.mspz2.gob.ec"
mail.5dejunio.gob.ec,"200"
mail.abgalapagos.gob.ec,"200"
mail.administracionpublica.gob.ec,"Could not resolve host: mail.administracionpublica.gob.ec"
mail.adpm.gob.ec,"Could not resolve host: mail.adpm.gob.ec"
mail.agadpri.gob.ec,"Could not resolve host: mail.agadpri.gob.ec"
mail.agenciapostal.gob.ec,"Could not resolve host: mail.agenciapostal.gob.ec"
mail.agopruc.gob.ec,"Could not resolve host: mail.agopruc.gob.ec"
mail.agrocalidad.gob.ec,"SSL: no alternative certificate subject name matches target hostname 'mail.agrocalidad.gob.ec'"
mail.aguaquito.gob.ec,"Could not resolve host: mail.aguaquito.gob.ec"
mail.aguarico.gob.ec,"301"
mail.aguasdelchuno.gob.ec,"404"
mail.aguasmachala.gob.ec,"Could not resolve host: mail.aguasmachala.gob.ec"
mail.ajholguin.gob.ec,"301"
mail.alaquez.gob.ec,"301"
mail.aloag.gob.ec,"Could not resolve host: mail.aloag.gob.ec"
mail.altorendimiento.gob.ec,"Could not resolve host: mail.altorendimiento.gob.ec"
mail.amaguania.gob.ec,"SSL: no alternative certificate subject name matches target hostname 'mail.amaguania.gob.ec'"
mail.amaluzaazuay.gob.ec,"200"
mail.amarillos.gob.ec,"301"
mail.anchayacu.gob.ec,"200"
mail.angamarca.gob.ec,"301"
mail.ant.gob.ec,"Connection timed out after 3000 milliseconds"
mail.appb.gob.ec,"Could not resolve host: mail.appb.gob.ec"
mail.arch.gob.ec,"Could not resolve host: mail.arch.gob.ec"
mail.asentamientosirregulares.gob.ec,"Could not resolve host: mail.asentamientosirregulares.gob.ec"
mail.asfaltarep.gob.ec,"Connection timed out after 3000 milliseconds"
mail.asogoparna.gob.ec,"Could not resolve host: mail.asogoparna.gob.ec"
mail.asogoparza-ch.gob.ec,"Could not resolve host: mail.asogoparza-ch.gob.ec"
mail.atahualpahabaspamba.gob.ec,"301"
mail.augustonmartinez.gob.ec,"301"
mail.avila.gob.ec,"Could not resolve host: mail.avila.gob.ec"
mail.ayapamba.gob.ec,"301"
mail.balsas.gob.ec,"Could not resolve host: mail.balsas.gob.ec"
mail.baquerizomoreno.gob.ec,"Could not resolve host: mail.baquerizomoreno.gob.ec"
mail.barbones.gob.ec,"Could not resolve host: mail.barbones.gob.ec"
mail.barraganete.gob.ec,"301"
mail.bayushig.gob.ec,"302"
mail.belisarioquevedo.gob.ec,"301"
mail.bellamariasantarosa.gob.ec,"Operation timed out after 3002 milliseconds with 0 bytes received"
mail.bellavista.gob.ec,"Could not resolve host: mail.bellavista.gob.ec"
mail.bellavistaeloro.gob.ec,"Could not resolve host: mail.bellavistaeloro.gob.ec"
mail.benitez.gob.ec,"Could not resolve host: mail.benitez.gob.ec"
mail.bermejos.gob.ec,"Could not resolve host: mail.bermejos.gob.ec"
mail.bomberos-salinas.gob.ec,"Could not resolve host: mail.bomberos-salinas.gob.ec"
mail.bomberosbabahoyo.gob.ec,"301"
mail.bomberosbalao.gob.ec,"301"
mail.bomberosbalzar.gob.ec,"Could not resolve host: mail.bomberosbalzar.gob.ec"
mail.bomberosbnf.gob.ec,"Could not resolve host: mail.bomberosbnf.gob.ec"
mail.bomberosbolivar.gob.ec,"Could not resolve host: mail.bomberosbolivar.gob.ec"
mail.bomberoscalvas.gob.ec,"301"
mail.bomberosdeduran.gob.ec,"Could not resolve host: mail.bomberosdeduran.gob.ec"
mail.bomberosdemacas.gob.ec,"Could not resolve host: mail.bomberosdemacas.gob.ec"
mail.bomberosdetisaleo.gob.ec,"301"
mail.bomberoselchaco.gob.ec,"Could not resolve host: mail.bomberoselchaco.gob.ec"
mail.bomberoseltambo.gob.ec,"Could not resolve host: mail.bomberoseltambo.gob.ec"
mail.bomberosgualaquiza.gob.ec,"Could not resolve host: mail.bomberosgualaquiza.gob.ec"
mail.bomberosguamote.gob.ec,"SSL: no alternative certificate subject name matches target hostname 'mail.bomberosguamote.gob.ec'"
mail.bomberosguaranda.gob.ec,"Could not resolve host: mail.bomberosguaranda.gob.ec"
mail.bomberoslatroncal.gob.ec,"Could not resolve host: mail.bomberoslatroncal.gob.ec"
mail.bomberosloja.gob.ec,"200"
mail.bomberosloreto.gob.ec,"SSL: no alternative certificate subject name matches target hostname 'mail.bomberosloreto.gob.ec'"
mail.bomberosmachala.gob.ec,"Could not resolve host: mail.bomberosmachala.gob.ec"
mail.bomberosnapo.gob.ec,"Could not resolve host: mail.bomberosnapo.gob.ec"
mail.bomberosona.gob.ec,"Could not resolve host: mail.bomberosona.gob.ec"
mail.bomberosorellana.gob.ec,"OpenSSL SSL_read: OpenSSL/3.5.3: error:0A000126:SSL routines::unexpected eof while reading, errno 0"
mail.bomberospinas.gob.ec,"200"
mail.bomberosplayas.gob.ec,"403"
mail.bomberosponce.gob.ec,"200"
mail.bomberosportoviejo.gob.ec,"307"
mail.bomberospucara.gob.ec,"Could not resolve host: mail.bomberospucara.gob.ec"
mail.bomberospuertoayora.gob.ec,"200"
mail.bomberosquito.gob.ec,"Could not resolve host: mail.bomberosquito.gob.ec"
mail.bomberosriobamba.gob.ec,"Operation timed out after 3001 milliseconds with 0 bytes received"
mail.bomberossamborondon.gob.ec,"301"
mail.bomberossancristobalgalapagos.gob.ec,"301"
mail.bomberossantaelena.gob.ec,"Could not resolve host: mail.bomberossantaelena.gob.ec"
mail.bomberostulcan.gob.ec,"Could not resolve host: mail.bomberostulcan.gob.ec"
mail.borbon.gob.ec,"Could not resolve host: mail.borbon.gob.ec"
mail.buenavista.gob.ec,"Could not resolve host: mail.buenavista.gob.ec"
mail.buenavistaloja.gob.ec,"Could not resolve host: mail.buenavistaloja.gob.ec"
mail.caa302.gob.ec,"Could not resolve host: mail.caa302.gob.ec"
mail.cabosanfrancisco.gob.ec,"Could not resolve host: mail.cabosanfrancisco.gob.ec"
mail.cacha.gob.ec,"Operation timed out after 3002 milliseconds with 0 bytes received"
mail.calidadsalud.gob.ec,"Could not resolve host: mail.calidadsalud.gob.ec"
mail.caluma.gob.ec,"Could not resolve host: mail.caluma.gob.ec"
mail.campozano.gob.ec,"Could not resolve host: mail.campozano.gob.ec"
mail.canchagua.gob.ec,"301"
mail.cani.gob.ec,"Could not resolve host: mail.cani.gob.ec"
mail.canoa.gob.ec,"Could not resolve host: mail.canoa.gob.ec"
mail.canuto.gob.ec,"Could not resolve host: mail.canuto.gob.ec"
mail.cap-augustorivadeneira.gob.ec,"Could not resolve host: mail.cap-augustorivadeneira.gob.ec"
mail.carcabon.gob.ec,"200"
mail.carlosconcha.gob.ec,"Could not resolve host: mail.carlosconcha.gob.ec"
mail.casacay.gob.ec,"301"
mail.casadelacultura.gob.ec,"Could not resolve host: mail.casadelacultura.gob.ec"
mail.casanga.gob.ec,"Connection timed out after 3002 milliseconds"
mail.cazaderos.gob.ec,"301"
mail.ccem.gob.ec,"Could not resolve host: mail.ccem.gob.ec"
mail.ccnamera.gob.ec,"Could not resolve host: mail.ccnamera.gob.ec"
mail.ccpdlaconcordia.gob.ec,"Could not resolve host: mail.ccpdlaconcordia.gob.ec"
mail.ccpdlatroncal.gob.ec,"Could not resolve host: mail.ccpdlatroncal.gob.ec"
mail.ceaaces.gob.ec,"Could not resolve host: mail.ceaaces.gob.ec"
mail.cebadas.gob.ec,"Could not resolve host: mail.cebadas.gob.ec"
mail.cefaspms.gob.ec,"Could not resolve host: mail.cefaspms.gob.ec"
mail.celec.gob.ec,"Could not resolve host: mail.celec.gob.ec"
mail.celecloud.celec.gob.ec,"Could not resolve host: mail.celecloud.celec.gob.ec"
mail.cerroazul.gob.ec,"Could not resolve host: mail.cerroazul.gob.ec"
mail.cevallos.gob.ec,"301"
mail.chacras.gob.ec,"Could not resolve host: mail.chacras.gob.ec"
mail.chaguarpamba.gob.ec,"Could not resolve host: mail.chaguarpamba.gob.ec"
mail.chamanga.gob.ec,"403"
mail.chanduy.gob.ec,"Could not resolve host: mail.chanduy.gob.ec"
mail.chantaco.gob.ec,"Could not resolve host: mail.chantaco.gob.ec"
mail.chantilin.gob.ec,"Could not resolve host: mail.chantilin.gob.ec"
mail.charapoto.gob.ec,"301"
mail.chaucha.gob.ec,"301"
mail.chibunga.gob.ec,"Could not resolve host: mail.chibunga.gob.ec"
mail.chical.gob.ec,"Could not resolve host: mail.chical.gob.ec"
mail.chilla.gob.ec,"301"
mail.chinca.gob.ec,"Could not resolve host: mail.chinca.gob.ec"
mail.chitandenavarretes.gob.ec,"Could not resolve host: mail.chitandenavarretes.gob.ec"
mail.chontamarca.gob.ec,"200"
mail.chorocopte.gob.ec,"200"
mail.chugchilan.gob.ec,"302"
mail.chumblin.gob.ec,"301"
mail.chumunde.gob.ec,"Could not resolve host: mail.chumunde.gob.ec"
mail.chuquiribamba.gob.ec,"Could not resolve host: mail.chuquiribamba.gob.ec"
mail.ciano.gob.ec,"Could not resolve host: mail.ciano.gob.ec"
mail.ciudadalfaro.gob.ec,"Could not resolve host: mail.ciudadalfaro.gob.ec"
mail.cncine.gob.ec,"Could not resolve host: mail.cncine.gob.ec"
mail.cne.gob.ec,"Could not resolve host: mail.cne.gob.ec"
mail.cnel.gob.ec,"Connection timed out after 3001 milliseconds"
mail.cnesantodomingo.gob.ec,"Could not resolve host: mail.cnesantodomingo.gob.ec"
mail.cnt.gob.ec,"Connection timed out after 3002 milliseconds"
mail.cochapamba.gob.ec,"Could not resolve host: mail.cochapamba.gob.ec"
mail.colaisaca.gob.ec,"403"
mail.colonche.gob.ec,"Could not resolve host: mail.colonche.gob.ec"
mail.columbe.gob.ec,"Could not resolve host: mail.columbe.gob.ec"
mail.compud.gob.ec,"Could not resolve host: mail.compud.gob.ec"
mail.conagopare-orellana.gob.ec,"403"
mail.conagopareazuay.gob.ec,"Could not resolve host: mail.conagopareazuay.gob.ec"
mail.conagoparecanar.gob.ec,"301"
mail.conagoparecarchi.gob.ec,"301"
mail.conagoparecotopaxi.gob.ec,"Could not resolve host: mail.conagoparecotopaxi.gob.ec"
mail.conagopareeloro.gob.ec,"Could not resolve host: mail.conagopareeloro.gob.ec"
mail.conagopareesmeraldas.gob.ec,"Could not resolve host: mail.conagopareesmeraldas.gob.ec"
mail.conagopareguayas.gob.ec,"200"
mail.conagoparemoronasantiago.gob.ec,"200"
mail.conagoparenapo.gob.ec,"301"
mail.conagoparepichincha.gob.ec,"Could not resolve host: mail.conagoparepichincha.gob.ec"
mail.conagoparesantaelena.gob.ec,"403"
mail.conagoparesantodomingo.gob.ec,"Could not resolve host: mail.conagoparesantodomingo.gob.ec"
mail.conasa.gob.ec,"200"
mail.conjupas.gob.ec,"Could not resolve host: mail.conjupas.gob.ec"
mail.conocoto.gob.ec,"Could not resolve host: mail.conocoto.gob.ec"
mail.cononaco.gob.ec,"403"
mail.consejoderechoscuenca.gob.ec,"301"
mail.consejodiscapacidades.gob.ec,"200"
mail.constantinofernandez.gob.ec,"Could not resolve host: mail.constantinofernandez.gob.ec"
mail.consultas.aguaquito.gob.ec,"Could not resolve host: mail.consultas.aguaquito.gob.ec"
mail.controlhidrocarburos.gob.ec,"Connection timed out after 3002 milliseconds"
mail.copal.gob.ec,"301"
mail.coprodem.gob.ec,"Operation timed out after 3000 milliseconds with 0 bytes received"
mail.cordoncillo.gob.ec,"200"
mail.cotalo.gob.ec,"200"
mail.cotogchoa.gob.ec,"Could not resolve host: mail.cotogchoa.gob.ec"
mail.cotundo.gob.ec,"Could not resolve host: mail.cotundo.gob.ec"
mail.coviprov.gob.ec,"Could not resolve host: mail.coviprov.gob.ec"
mail.cpdlli.gob.ec,"Could not resolve host: mail.cpdlli.gob.ec"
mail.cristobalcolon.gob.ec,"Could not resolve host: mail.cristobalcolon.gob.ec"
mail.cruzpamba.gob.ec,"Could not resolve host: mail.cruzpamba.gob.ec"
mail.cubijies.gob.ec,"200"
mail.cuellaje.gob.ec,"Could not resolve host: mail.cuellaje.gob.ec"
mail.cuerpobomberoslatacunga.gob.ec,"Could not resolve host: mail.cuerpobomberoslatacunga.gob.ec"
mail.culturaypatrimonio.gob.ec,"403"
mail.cunchibamba.gob.ec,"Could not resolve host: mail.cunchibamba.gob.ec"
mail.curtincapac.gob.ec,"301"
mail.cusubamba.gob.ec,"Could not resolve host: mail.cusubamba.gob.ec"
mail.dahuano.gob.ec,"Could not resolve host: mail.dahuano.gob.ec"
mail.dayuma.gob.ec,"Could not resolve host: mail.dayuma.gob.ec"
mail.dda.gob.ec,"Could not resolve host: mail.dda.gob.ec"
mail.delegsol.gob.ec,"301"
mail.deporte.gob.ec,"Could not resolve host: mail.deporte.gob.ec"
mail.desarrollosocial.gob.ec,"Could not resolve host: mail.desarrollosocial.gob.ec"
mail.diaf.gob.ec,"Could not resolve host: mail.diaf.gob.ec"
mail.dinardap.gob.ec,"Connection timed out after 3002 milliseconds"
mail.dirmovmejia.gob.ec,"Could not resolve host: mail.dirmovmejia.gob.ec"
mail.distrito04d02.gob.ec,"Could not resolve host: mail.distrito04d02.gob.ec"
mail.distrito24d02.saludzona5.gob.ec,"Could not resolve host: mail.distrito24d02.saludzona5.gob.ec"
mail.dna.gob.ec,"Could not resolve host: mail.dna.gob.ec"
mail.dpsca.gob.ec,"Could not resolve host: mail.dpsca.gob.ec"
mail.ducur.gob.ec,"Could not resolve host: mail.ducur.gob.ec"
mail.ecapag.gob.ec,"200"
mail.echeandia.gob.ec,"301"
mail.ecu911.gob.ec,"Connection timed out after 3000 milliseconds"
mail.ecuadorestrategicoep.gob.ec,"Could not resolve host: mail.ecuadorestrategicoep.gob.ec"
mail.eempn.gob.ec,"Could not resolve host: mail.eempn.gob.ec"
mail.el-triunfo.gob.ec,"200"
mail.elcarmelo.gob.ec,"301"
mail.elcisne.gob.ec,"301"
mail.eldorado.gob.ec,"200"
mail.elecaustro.gob.ec,"Connection timed out after 3002 milliseconds"
mail.eleden.gob.ec,"Could not resolve host: mail.eleden.gob.ec"
mail.elgoaltal.gob.ec,"Could not resolve host: mail.elgoaltal.gob.ec"
mail.elingenio.gob.ec,"200"
mail.ellaurel.gob.ec,"403"
mail.ellimo.gob.ec,"Could not resolve host: mail.ellimo.gob.ec"
mail.elmachismoesviolencia.gob.ec,"Could not resolve host: mail.elmachismoesviolencia.gob.ec"
mail.elpangui.gob.ec,"301"
mail.elprogreso.gob.ec,"302"
mail.elquinche.gob.ec,"Could not resolve host: mail.elquinche.gob.ec"
mail.elretiro.gob.ec,"Could not resolve host: mail.elretiro.gob.ec"
mail.elrosario.gob.ec,"Could not resolve host: mail.elrosario.gob.ec"
mail.eltingo-laesperanza.gob.ec,"Could not resolve host: mail.eltingo-laesperanza.gob.ec"
mail.emac.gob.ec,"Connection timed out after 3002 milliseconds"
mail.emamep.gob.ec,"301"
mail.emapac.gob.ec,"200"
mail.emapad.gob.ec,"Could not resolve host: mail.emapad.gob.ec"
mail.emapag-ep.gob.ec,"SSL: no alternative certificate subject name matches target hostname 'mail.emapag-ep.gob.ec'"
mail.emasep.gob.ec,"Could not resolve host: mail.emasep.gob.ec"
mail.emcisa.gob.ec,"Could not resolve host: mail.emcisa.gob.ec"
mail.emcoep.gob.ec,"Could not resolve host: mail.emcoep.gob.ec"
mail.emprovial.gob.ec,"Could not resolve host: mail.emprovial.gob.ec"
mail.empupavq.gob.ec,"Could not resolve host: mail.empupavq.gob.ec"
mail.emrapah.gob.ec,"Could not resolve host: mail.emrapah.gob.ec"
mail.emseguridad-q.gob.ec,"200"
mail.emuvial.gob.ec,"200"
mail.emvialrios.gob.ec,"Could not resolve host: mail.emvialrios.gob.ec"
mail.epa.gob.ec,"Could not resolve host: mail.epa.gob.ec"
mail.epaamejia.gob.ec,"Could not resolve host: mail.epaamejia.gob.ec"
mail.epagal.gob.ec,"301"
mail.epapacoli.gob.ec,"200"
mail.epapar.gob.ec,"200"
mail.epemapar.gob.ec,"301"
mail.epiep.gob.ec,"Could not resolve host: mail.epiep.gob.ec"
mail.epm-bomberosruminahui.gob.ec,"Could not resolve host: mail.epm-bomberosruminahui.gob.ec"
mail.epmapacich.gob.ec,"Could not resolve host: mail.epmapacich.gob.ec"
mail.epmms.gob.ec,"Could not resolve host: mail.epmms.gob.ec"
mail.epumemq.gob.ec,"Could not resolve host: mail.epumemq.gob.ec"
mail.epvivienda.gob.ec,"Could not resolve host: mail.epvivienda.gob.ec"
mail.erfen.gob.ec,"Could not resolve host: mail.erfen.gob.ec"
mail.erp.aguaquito.gob.ec,"Could not resolve host: mail.erp.aguaquito.gob.ec"
mail.escuelapolicia.gob.ec,"Could not resolve host: mail.escuelapolicia.gob.ec"
mail.esmeraldas.gob.ec,"404"
mail.espindola.gob.ec,"Could not resolve host: mail.espindola.gob.ec"
mail.ferrocarrilesdelecuador.gob.ec,"Could not resolve host: mail.ferrocarrilesdelecuador.gob.ec"
mail.finanzaspopulares.gob.ec,"SSL: no alternative certificate subject name matches target hostname 'mail.finanzaspopulares.gob.ec'"
mail.fomentocultural.gob.ec,"Could not resolve host: mail.fomentocultural.gob.ec"
mail.fondoambientalquito.gob.ec,"404"
mail.fundochamba.gob.ec,"301"
mail.gadabdoncalderon.gob.ec,"Could not resolve host: mail.gadabdoncalderon.gob.ec"
mail.gadalejolascano.gob.ec,"Could not resolve host: mail.gadalejolascano.gob.ec"
mail.gadalhajuela.gob.ec,"Could not resolve host: mail.gadalhajuela.gob.ec"
mail.gadambatillo.gob.ec,"301"
mail.gadarcapamba.gob.ec,"200"
mail.gadbachillero.gob.ec,"403"
mail.gadbellamaria.gob.ec,"Could not resolve host: mail.gadbellamaria.gob.ec"
mail.gadbolaspamba.gob.ec,"Could not resolve host: mail.gadbolaspamba.gob.ec"
mail.gadbolivar-muisne.gob.ec,"Could not resolve host: mail.gadbolivar-muisne.gob.ec"
mail.gadbolivar.gob.ec,"301"
mail.gadbomboiza.gob.ec,"Could not resolve host: mail.gadbomboiza.gob.ec"
mail.gadboyaca.gob.ec,"403"
mail.gadbulan.gob.ec,"301"
mail.gadcamarones.gob.ec,"Could not resolve host: mail.gadcamarones.gob.ec"
mail.gadcampozano.gob.ec,"Could not resolve host: mail.gadcampozano.gob.ec"
mail.gadcanaribamba.gob.ec,"404"
mail.gadcangonama.gob.ec,"Could not resolve host: mail.gadcangonama.gob.ec"
mail.gadcapiro.gob.ec,"301"
mail.gadcarondelet.gob.ec,"403"
mail.gadcascol.gob.ec,"Could not resolve host: mail.gadcascol.gob.ec"
mail.gadchaltura.gob.ec,"Could not resolve host: mail.gadchaltura.gob.ec"
mail.gadchicana.gob.ec,"200"
mail.gadchiguaza.gob.ec,"200"
mail.gadchinchipe.gob.ec,"200"
mail.gadchiquicha.gob.ec,"200"
mail.gadchirijos.gob.ec,"301"
mail.gadchontaduro.gob.ec,"403"
mail.gadcojimies.gob.ec,"404"
mail.gadconvento.gob.ec,"Could not resolve host: mail.gadconvento.gob.ec"
mail.gadcrucita.gob.ec,"Could not resolve host: mail.gadcrucita.gob.ec"
mail.gadcumbaratza.gob.ec,"Could not resolve host: mail.gadcumbaratza.gob.ec"
mail.gadelairo.gob.ec,"Could not resolve host: mail.gadelairo.gob.ec"
mail.gadelaltar.gob.ec,"200"
mail.gadelanegado.gob.ec,"301"
mail.gadelcabo.gob.ec,"Could not resolve host: mail.gadelcabo.gob.ec"
mail.gadelchorro.gob.ec,"Could not resolve host: mail.gadelchorro.gob.ec"
mail.gadelingenio.gob.ec,"Could not resolve host: mail.gadelingenio.gob.ec"
mail.gadelmorro.gob.ec,"403"
mail.gadeloyalfaro.gob.ec,"Could not resolve host: mail.gadeloyalfaro.gob.ec"
mail.gadelparaiso.gob.ec,"Could not resolve host: mail.gadelparaiso.gob.ec"
mail.gadelprogreso.gob.ec,"SSL: no alternative certificate subject name matches target hostname 'mail.gadelprogreso.gob.ec'"
mail.gadeltablon.gob.ec,"Operation timed out after 3000 milliseconds with 0 bytes received"
mail.gadeltambo.gob.ec,"Could not resolve host: mail.gadeltambo.gob.ec"
mail.gadeltriunfo.gob.ec,"Could not resolve host: mail.gadeltriunfo.gob.ec"
mail.gademiliomariateran.gob.ec,"Could not resolve host: mail.gademiliomariateran.gob.ec"
mail.gadeugenioespejo.gob.ec,"301"
mail.gadgarciamoreno.gob.ec,"200"
mail.gadgualaquiza.gob.ec,"301"
mail.gadguale.gob.ec,"200"
mail.gadgualea.gob.ec,"301"
mail.gadguanando.gob.ec,"Could not resolve host: mail.gadguanando.gob.ec"
mail.gadguayllabamba.gob.ec,"Could not resolve host: mail.gadguayllabamba.gob.ec"
mail.gadhonoratovasquez.gob.ec,"301"
mail.gadhuambi.gob.ec,"Could not resolve host: mail.gadhuambi.gob.ec"
mail.gadhuertas.gob.ec,"Could not resolve host: mail.gadhuertas.gob.ec"
mail.gadhuigra.gob.ec,"301"
mail.gadimantag.gob.ec,"403"
mail.gadisabela.gob.ec,"Could not resolve host: mail.gadisabela.gob.ec"
mail.gadizamba.gob.ec,"301"
mail.gadlaamerica.gob.ec,"Could not resolve host: mail.gadlaamerica.gob.ec"
mail.gadlaesperanza.gob.ec,"Could not resolve host: mail.gadlaesperanza.gob.ec"
mail.gadlasnieves.gob.ec,"Could not resolve host: mail.gadlasnieves.gob.ec"
mail.gadlaunion.gob.ec,"200"
mail.gadlauroguerrero.gob.ec,"301"
mail.gadlavictoria.gob.ec,"Could not resolve host: mail.gadlavictoria.gob.ec"
mail.gadlimones.gob.ec,"Could not resolve host: mail.gadlimones.gob.ec"
mail.gadlinares.gob.ec,"301"
mail.gadllacao.gob.ec,"Could not resolve host: mail.gadllacao.gob.ec"
mail.gadmajua.gob.ec,"Could not resolve host: mail.gadmajua.gob.ec"
mail.gadmalchingui.gob.ec,"301"
mail.gadmaldonado.gob.ec,"Could not resolve host: mail.gadmaldonado.gob.ec"
mail.gadmarcosespinel.gob.ec,"200"
mail.gadmatus.gob.ec,"200"
mail.gadmembrillo.gob.ec,"Could not resolve host: mail.gadmembrillo.gob.ec"
mail.gadmesmeraldas.gob.ec,"Could not resolve host: mail.gadmesmeraldas.gob.ec"
mail.gadmilagros.gob.ec,"Could not resolve host: mail.gadmilagros.gob.ec"
mail.gadmonterrey.gob.ec,"Could not resolve host: mail.gadmonterrey.gob.ec"
mail.gadmsigchos.gob.ec,"200"
mail.gadnuevoparaiso.gob.ec,"301"
mail.gadnuevoquito.gob.ec,"404"
mail.gadpalshi9deoctubre.gob.ec,"Could not resolve host: mail.gadpalshi9deoctubre.gob.ec"
mail.gadpancon.gob.ec,"Could not resolve host: mail.gadpancon.gob.ec"
mail.gadparroquiabolivar.gob.ec,"Could not resolve host: mail.gadparroquiabolivar.gob.ec"
mail.gadparroquialabanin.gob.ec,"301"
mail.gadparroquialacandelaria.gob.ec,"Could not resolve host: mail.gadparroquialacandelaria.gob.ec"
mail.gadparroquialgeneralproano.gob.ec,"Could not resolve host: mail.gadparroquialgeneralproano.gob.ec"
mail.gadparroquiallorenzodegaraicoa.gob.ec,"Could not resolve host: mail.gadparroquiallorenzodegaraicoa.gob.ec"
mail.gadparroquialmolleturo.gob.ec,"Could not resolve host: mail.gadparroquialmolleturo.gob.ec"
mail.gadparroquialpicaihua.gob.ec,"Could not resolve host: mail.gadparroquialpicaihua.gob.ec"
mail.gadparroquialposorja.gob.ec,"Could not resolve host: mail.gadparroquialposorja.gob.ec"
mail.gadparroquialsanjuan.gob.ec,"Could not resolve host: mail.gadparroquialsanjuan.gob.ec"
mail.gadparroquialsantafe.gob.ec,"Could not resolve host: mail.gadparroquialsantafe.gob.ec"
mail.gadparroquialtarifa.gob.ec,"Operation timed out after 3001 milliseconds with 0 bytes received"
mail.gadparroquialuzhcurrumi.gob.ec,"200"
mail.gadparroquiaturupamba.gob.ec,"503"
mail.gadpasa.gob.ec,"Could not resolve host: mail.gadpasa.gob.ec"
mail.gadpasuncion.gob.ec,"Could not resolve host: mail.gadpasuncion.gob.ec"
mail.gadpatahualpa-camarones.gob.ec,"Could not resolve host: mail.gadpatahualpa-camarones.gob.ec"
mail.gadpcochapata.gob.ec,"Could not resolve host: mail.gadpcochapata.gob.ec"
mail.gadpe.gob.ec,"200"
mail.gadpedrojmontero.gob.ec,"Could not resolve host: mail.gadpedrojmontero.gob.ec"
mail.gadpedropablogomez.gob.ec,"Could not resolve host: mail.gadpedropablogomez.gob.ec"
mail.gadpguachanama.gob.ec,"Could not resolve host: mail.gadpguachanama.gob.ec"
mail.gadpindal.gob.ec,"Could not resolve host: mail.gadpindal.gob.ec"
mail.gadpinllo.gob.ec,"Operation timed out after 3001 milliseconds with 0 bytes received"
mail.gadpistishi.gob.ec,"Could not resolve host: mail.gadpistishi.gob.ec"
mail.gadpmontalvo.gob.ec,"Could not resolve host: mail.gadpmontalvo.gob.ec"
mail.gadpoalo.gob.ec,"Could not resolve host: mail.gadpoalo.gob.ec"
mail.gadpr-atahualpa.gob.ec,"200"
mail.gadpr-nulti.gob.ec,"Operation timed out after 3001 milliseconds with 0 bytes received"
mail.gadprahuano.gob.ec,"302"
mail.gadprayacucho.gob.ec,"Could not resolve host: mail.gadprayacucho.gob.ec"
mail.gadprborja.gob.ec,"301"
mail.gadprcanelos.gob.ec,"200"
mail.gadprcosanga.gob.ec,"Could not resolve host: mail.gadprcosanga.gob.ec"
mail.gadprcuyuja.gob.ec,"302"
mail.gadprdanielcordovatoral.gob.ec,"301"
mail.gadpreleno.gob.ec,"Could not resolve host: mail.gadpreleno.gob.ec"
mail.gadprgonzalodiazdepineda.gob.ec,"SSL certificate problem: certificate has expired"
mail.gadprincipal.gob.ec,"200"
mail.gadprlavillegas.gob.ec,"Could not resolve host: mail.gadprlavillegas.gob.ec"
mail.gadprlinares.gob.ec,"Could not resolve host: mail.gadprlinares.gob.ec"
mail.gadprmontalvo.gob.ec,"Could not resolve host: mail.gadprmontalvo.gob.ec"
mail.gadprmuyuna.gob.ec,"302"
mail.gadprosarioloja.gob.ec,"Could not resolve host: mail.gadprosarioloja.gob.ec"
mail.gadproyacachi.gob.ec,"Could not resolve host: mail.gadproyacachi.gob.ec"
mail.gadprpapallacta.gob.ec,"302"
mail.gadprpijili.gob.ec,"301"
mail.gadprpuertomisahualli.gob.ec,"Could not resolve host: mail.gadprpuertomisahualli.gob.ec"
mail.gadprpuertonapo.gob.ec,"301"
mail.gadprpuna.gob.ec,"Could not resolve host: mail.gadprpuna.gob.ec"
mail.gadprriocorrientes.gob.ec,"Could not resolve host: mail.gadprriocorrientes.gob.ec"
mail.gadprsanpablodeushpayacu.gob.ec,"Could not resolve host: mail.gadprsanpablodeushpayacu.gob.ec"
mail.gadprsarayacu.gob.ec,"Could not resolve host: mail.gadprsarayacu.gob.ec"
mail.gadprsardinas.gob.ec,"Could not resolve host: mail.gadprsardinas.gob.ec"
mail.gadprshell.gob.ec,"Operation timed out after 3001 milliseconds with 0 bytes received"
mail.gadprsumaco.gob.ec,"404"
mail.gadprtalag.gob.ec,"Could not resolve host: mail.gadprtalag.gob.ec"
mail.gadprtho.gob.ec,"Could not resolve host: mail.gadprtho.gob.ec"
mail.gadpsanmateo.gob.ec,"200"
mail.gadpucapamba.gob.ec,"Could not resolve host: mail.gadpucapamba.gob.ec"
mail.gadpueblonuevo.gob.ec,"301"
mail.gadpuebloviejo.gob.ec,"200"
mail.gadpuertocayo.gob.ec,"Could not resolve host: mail.gadpuertocayo.gob.ec"
mail.gadquingue.gob.ec,"Could not resolve host: mail.gadquingue.gob.ec"
mail.gadquisapincha.gob.ec,"Could not resolve host: mail.gadquisapincha.gob.ec"
mail.gadricaurte.gob.ec,"403"
mail.gadrionegro.gob.ec,"200"
mail.gadrioverde.gob.ec,"Could not resolve host: mail.gadrioverde.gob.ec"
mail.gadrocafuerte.gob.ec,"Could not resolve host: mail.gadrocafuerte.gob.ec"
mail.gadrosario.gob.ec,"Could not resolve host: mail.gadrosario.gob.ec"
mail.gadrumipambaquero.gob.ec,"301"
mail.gadsabiango.gob.ec,"301"
mail.gadsalvias.gob.ec,"302"
mail.gadsanandres.gob.ec,"Could not resolve host: mail.gadsanandres.gob.ec"
mail.gadsanandreschinchipe.gob.ec,"Could not resolve host: mail.gadsanandreschinchipe.gob.ec"
mail.gadsanfranciscodenovillo.gob.ec,"403"
mail.gadsangerardo.gob.ec,"Operation timed out after 3002 milliseconds with 0 bytes received"
mail.gadsangregorio.gob.ec,"Could not resolve host: mail.gadsangregorio.gob.ec"
mail.gadsanlorenzomanabi.gob.ec,"Could not resolve host: mail.gadsanlorenzomanabi.gob.ec"
mail.gadsanmiguelito.gob.ec,"200"
mail.gadsanpablo.gob.ec,"Could not resolve host: mail.gadsanpablo.gob.ec"
mail.gadsanpablodetenta.gob.ec,"Could not resolve host: mail.gadsanpablodetenta.gob.ec"
mail.gadsanpedrodelabendita.gob.ec,"200"
mail.gadsanpedrodesuma.gob.ec,"200"
mail.gadsanrafaelcarchi.gob.ec,"Could not resolve host: mail.gadsanrafaelcarchi.gob.ec"
mail.gadsansebastian.gob.ec,"Could not resolve host: mail.gadsansebastian.gob.ec"
mail.gadsbolivar.gob.ec,"Could not resolve host: mail.gadsbolivar.gob.ec"
mail.gadsixtoduranballen.gob.ec,"302"
mail.gadslp.gob.ec,"301"
mail.gadsmc.gob.ec,"Could not resolve host: mail.gadsmc.gob.ec"
mail.gadtmrl.gob.ec,"Operation timed out after 3000 milliseconds with 0 bytes received"
mail.gadtonchigue.gob.ec,"Could not resolve host: mail.gadtonchigue.gob.ec"
mail.gadtonsupa.gob.ec,"200"
mail.gadtotoras.gob.ec,"Could not resolve host: mail.gadtotoras.gob.ec"
mail.gadulba.gob.ec,"Could not resolve host: mail.gadulba.gob.ec"
mail.gadzapallo.gob.ec,"Could not resolve host: mail.gadzapallo.gob.ec"
mail.galapagos.gob.ec,"Connection timed out after 3002 milliseconds"
mail.galera.gob.ec,"403"
mail.gaplabelleza.gob.ec,"Could not resolve host: mail.gaplabelleza.gob.ec"
mail.garciamoreno.gob.ec,"301"
mail.gobernacioncarchi.gob.ec,"200"
mail.gobernaciondelguayas.gob.ec,"Could not resolve host: mail.gobernaciondelguayas.gob.ec"
mail.gobernaciongalapagos.gob.ec,"Could not resolve host: mail.gobernaciongalapagos.gob.ec"
mail.gobernacionguayas.gob.ec,"Could not resolve host: mail.gobernacionguayas.gob.ec"
mail.gobernacionmanabi.gob.ec,"200"
mail.gobernacionpastaza.gob.ec,"301"
mail.gobernacionzamora.gob.ec,"200"
mail.gobiernocalvas.gob.ec,"200"
mail.gobiernodeachupallas.gob.ec,"Could not resolve host: mail.gobiernodeachupallas.gob.ec"
mail.gobiernodemangahurco.gob.ec,"301"
mail.gobiernojima.gob.ec,"Could not resolve host: mail.gobiernojima.gob.ec"
mail.gobiernoparroquialcheca.gob.ec,"Could not resolve host: mail.gobiernoparroquialcheca.gob.ec"
mail.gobiernoparroquialdechican.gob.ec,"Could not resolve host: mail.gobiernoparroquialdechican.gob.ec"
mail.gobiernoparroquialdedug-dug.gob.ec,"Could not resolve host: mail.gobiernoparroquialdedug-dug.gob.ec"
mail.gobiernoparroquialdelaiberia.gob.ec,"200"
mail.gobiernoparroquialdetomebamba.gob.ec,"200"
mail.gobiernoparroquialguayquichuma.gob.ec,"200"
mail.gobiernoparroquiallaunion.gob.ec,"301"
mail.gobiernoparroquialremigiocrespo.gob.ec,"301"
mail.gobiernoparroquialsalasaka.gob.ec,"301"
mail.gobiernoparroquialsancristobal.gob.ec,"301"
mail.gobiernoparroquialsanjosederaranga.gob.ec,"Could not resolve host: mail.gobiernoparroquialsanjosederaranga.gob.ec"
mail.gobiernoparroquialsayausi.gob.ec,"Could not resolve host: mail.gobiernoparroquialsayausi.gob.ec"
mail.gobiernopcalderon.gob.ec,"Could not resolve host: mail.gobiernopcalderon.gob.ec"
mail.gonzol.gob.ec,"200"
mail.gpabdoncalderon.gob.ec,"Could not resolve host: mail.gpabdoncalderon.gob.ec"
mail.gpbellavista.gob.ec,"Could not resolve host: mail.gpbellavista.gob.ec"
mail.gpcuchil.gob.ec,"301"
mail.gpgarciamoreno.gob.ec,"Could not resolve host: mail.gpgarciamoreno.gob.ec"
mail.gpjulioandrade.gob.ec,"301"
mail.gplalibertad.gob.ec,"301"
mail.gplapaz.gob.ec,"301"
mail.gpludo.gob.ec,"301"
mail.gpluiscorderovega.gob.ec,"301"
mail.gpmonteolivo.gob.ec,"Could not resolve host: mail.gpmonteolivo.gob.ec"
mail.gprsjose.gob.ec,"Could not resolve host: mail.gprsjose.gob.ec"
mail.gpsanbartolome.gob.ec,"301"
mail.gpsanisidro.gob.ec,"Could not resolve host: mail.gpsanisidro.gob.ec"
mail.gpsantarosa.gob.ec,"Could not resolve host: mail.gpsantarosa.gob.ec"
mail.gpsanvicente.gob.ec,"Could not resolve host: mail.gpsanvicente.gob.ec"
mail.gpsimonbolivar.gob.ec,"Could not resolve host: mail.gpsimonbolivar.gob.ec"
mail.gptutupali.gob.ec,"301"
mail.gualleturo.gob.ec,"200"
mail.guanazan.gob.ec,"Could not resolve host: mail.guanazan.gob.ec"
mail.guangaje.gob.ec,"200"
mail.guangopolo.gob.ec,"Could not resolve host: mail.guangopolo.gob.ec"
mail.guarainag.gob.ec,"301"
mail.guasaganda.gob.ec,"Could not resolve host: mail.guasaganda.gob.ec"
mail.guasuntos.gob.ec,"Could not resolve host: mail.guasuntos.gob.ec"
mail.guaytacama.gob.ec,"Could not resolve host: mail.guaytacama.gob.ec"
mail.guayusa.gob.ec,"Could not resolve host: mail.guayusa.gob.ec"
mail.guel.gob.ec,"301"
mail.guizhaguina.gob.ec,"200"
mail.hagp.gob.ec,"Could not resolve host: mail.hagp.gob.ec"
mail.hatunsumaku.gob.ec,"Could not resolve host: mail.hatunsumaku.gob.ec"
mail.heb.gob.ec,"SSL certificate problem: unable to get local issuer certificate"
mail.hgoia.gob.ec,"200"
mail.hojas-jaboncillo.gob.ec,"Could not resolve host: mail.hojas-jaboncillo.gob.ec"
mail.hospitalmacas.gob.ec,"301"
mail.hospitalmunicipal.gob.ec,"SSL: no alternative certificate subject name matches target hostname 'mail.hospitalmunicipal.gob.ec'"
mail.hpgl.gob.ec,"Could not resolve host: mail.hpgl.gob.ec"
mail.hsfq.gob.ec,"Could not resolve host: mail.hsfq.gob.ec"
mail.htdeloro.gob.ec,"200"
mail.huambalo.gob.ec,"Could not resolve host: mail.huambalo.gob.ec"
mail.huaquillas.gob.ec,"Failed to connect to mail.huaquillas.gob.ec port 443 after 78 ms: Could not connect to server"
mail.huaticocha.gob.ec,"200"
mail.huiririma.gob.ec,"200"
mail.hvalenzuela.gob.ec,"Could not resolve host: mail.hvalenzuela.gob.ec"
mail.iepi.gob.ec,"Could not resolve host: mail.iepi.gob.ec"
mail.iess.gob.ec,"Could not resolve host: mail.iess.gob.ec"
mail.igm.gob.ec,"Could not resolve host: mail.igm.gob.ec"
mail.igualdadgenero.gob.ec,"Could not resolve host: mail.igualdadgenero.gob.ec"
mail.ilapo.gob.ec,"Could not resolve host: mail.ilapo.gob.ec"
mail.indot.gob.ec,"SSL: no alternative certificate subject name matches target hostname 'mail.indot.gob.ec'"
mail.informatica.gob.ec,"Connection timed out after 3002 milliseconds"
mail.ingapirca.gob.ec,"Could not resolve host: mail.ingapirca.gob.ec"
mail.iniap.gob.ec,"200"
mail.ipgh.gob.ec,"301"
mail.isinlivi.gob.ec,"Could not resolve host: mail.isinlivi.gob.ec"
mail.isspol.gob.ec,"Could not resolve host: mail.isspol.gob.ec"
mail.jadan.gob.ec,"Could not resolve host: mail.jadan.gob.ec"
mail.jama.gob.ec,"301"
mail.jambeli.gob.ec,"200"
mail.jerusalen.gob.ec,"Could not resolve host: mail.jerusalen.gob.ec"
mail.jimbilla.gob.ec,"Could not resolve host: mail.jimbilla.gob.ec"
mail.joseguangobajo.gob.ec,"Could not resolve host: mail.joseguangobajo.gob.ec"
mail.jpprogreso.gob.ec,"Could not resolve host: mail.jpprogreso.gob.ec"
mail.jrmf.gob.ec,"Could not resolve host: mail.jrmf.gob.ec"
mail.juandevelasco.gob.ec,"Could not resolve host: mail.juandevelasco.gob.ec"
mail.juanmontalvo.gob.ec,"Could not resolve host: mail.juanmontalvo.gob.ec"
mail.juncal.gob.ec,"Could not resolve host: mail.juncal.gob.ec"
mail.laasuncion.gob.ec,"302"
mail.laavanzada.gob.ec,"Operation timed out after 3002 milliseconds with 0 bytes received"
mail.labocana.gob.ec,"Could not resolve host: mail.labocana.gob.ec"
mail.lacarolina.gob.ec,"Could not resolve host: mail.lacarolina.gob.ec"
mail.lachonta.gob.ec,"Could not resolve host: mail.lachonta.gob.ec"
mail.laconcepcion.gob.ec,"Could not resolve host: mail.laconcepcion.gob.ec"
mail.laconcordia.gob.ec,"200"
mail.lagarto.gob.ec,"Could not resolve host: mail.lagarto.gob.ec"
mail.lagosanpedro.gob.ec,"200"
mail.lalibertadeloro.gob.ec,"301"
mail.lamana.gob.ec,"Could not resolve host: mail.lamana.gob.ec"
mail.lapeana.gob.ec,"200"
mail.laslajas.gob.ec,"200"
mail.laspampas.gob.ec,"301"
mail.latola.gob.ec,"Could not resolve host: mail.latola.gob.ec"
mail.latroncal.gob.ec,"SSL: no alternative certificate subject name matches target hostname 'mail.latroncal.gob.ec'"
mail.launionatacames.gob.ec,"Could not resolve host: mail.launionatacames.gob.ec"
mail.launionsantaana.gob.ec,"Could not resolve host: mail.launionsantaana.gob.ec"
mail.lavictoria.gob.ec,"301"
mail.lavictoriaguayas.gob.ec,"Could not resolve host: mail.lavictoriaguayas.gob.ec"
mail.lavictorialoja.gob.ec,"301"
mail.lican.gob.ec,"Could not resolve host: mail.lican.gob.ec"
mail.licto.gob.ec,"301"
mail.llagos.gob.ec,"200"
mail.llanochico.gob.ec,"Could not resolve host: mail.llanochico.gob.ec"
mail.lligua.gob.ec,"Could not resolve host: mail.lligua.gob.ec"
mail.lloa.gob.ec,"Could not resolve host: mail.lloa.gob.ec"
mail.lomasdesargentillo.gob.ec,"301"
mail.losandes.gob.ec,"301"
mail.loslojas.gob.ec,"Could not resolve host: mail.loslojas.gob.ec"
mail.lucero.gob.ec,"Could not resolve host: mail.lucero.gob.ec"
mail.luzdeamerica.gob.ec,"403"
mail.machalilla.gob.ec,"Could not resolve host: mail.machalilla.gob.ec"
mail.macuma.gob.ec,"Could not resolve host: mail.macuma.gob.ec"
mail.mail.empupavq.gob.ec,"Could not resolve host: mail.mail.empupavq.gob.ec"
mail.maldonado.gob.ec,"Could not resolve host: mail.maldonado.gob.ec"
mail.malimpia.gob.ec,"200"
mail.malvas.gob.ec,"Could not resolve host: mail.malvas.gob.ec"
mail.manabiconstruye.gob.ec,"Could not resolve host: mail.manabiconstruye.gob.ec"
mail.manabiproduce.gob.ec,"Operation timed out after 3002 milliseconds with 0 bytes received"
mail.mancomunidadbosqueseco.gob.ec,"301"
mail.mancomunidadcanari.gob.ec,"SSL: no alternative certificate subject name matches target hostname 'mail.mancomunidadcanari.gob.ec'"
mail.mancomunidadsustentableep.gob.ec,"Could not resolve host: mail.mancomunidadsustentableep.gob.ec"
mail.manglaralto.gob.ec,"Could not resolve host: mail.manglaralto.gob.ec"
mail.manu.gob.ec,"404"
mail.manueljcalle.gob.ec,"301"
mail.marcabeli.gob.ec,"Could not resolve host: mail.marcabeli.gob.ec"
mail.marianomoreno.gob.ec,"301"
mail.mariscalsucre.gob.ec,"403"
mail.mataje.gob.ec,"Could not resolve host: mail.mataje.gob.ec"
mail.mcpec.gob.ec,"Could not resolve host: mail.mcpec.gob.ec"
mail.membrillal.gob.ec,"Could not resolve host: mail.membrillal.gob.ec"
mail.memoria.aguaquito.gob.ec,"Could not resolve host: mail.memoria.aguaquito.gob.ec"
mail.metrodequito.gob.ec,"301"
mail.milagro.gob.ec,"403"
mail.ministeriodelinterior.gob.ec,"Could not resolve host: mail.ministeriodelinterior.gob.ec"
mail.minjusticia.gob.ec,"Could not resolve host: mail.minjusticia.gob.ec"
mail.montalvo.gob.ec,"200"
mail.morales.gob.ec,"Could not resolve host: mail.morales.gob.ec"
mail.moraspungo.gob.ec,"200"
mail.moromoro.gob.ec,"200"
mail.msp.gob.ec,"Could not resolve host: mail.msp.gob.ec"
mail.mspz2.gob.ec,"Connection timed out after 3002 milliseconds"
mail.mulalillo.gob.ec,"301"
mail.mulalo.gob.ec,"Could not resolve host: mail.mulalo.gob.ec"
mail.mulliquindil.gob.ec,"Could not resolve host: mail.mulliquindil.gob.ec"
mail.muluncay.gob.ec,"Could not resolve host: mail.muluncay.gob.ec"
mail.municipiocayambe.gob.ec,"200"
mail.municipiochunchi.gob.ec,"Could not resolve host: mail.municipiochunchi.gob.ec"
mail.municipiodebaba.gob.ec,"Could not resolve host: mail.municipiodebaba.gob.ec"
mail.municipiodebalao.gob.ec,"Could not resolve host: mail.municipiodebalao.gob.ec"
mail.municipiodeguamote.gob.ec,"Could not resolve host: mail.municipiodeguamote.gob.ec"
mail.municipiodepallatanga.gob.ec,"Could not resolve host: mail.municipiodepallatanga.gob.ec"
mail.municipiodeyaguachi.gob.ec,"Could not resolve host: mail.municipiodeyaguachi.gob.ec"
mail.municipioesmeraldas.gob.ec,"Could not resolve host: mail.municipioesmeraldas.gob.ec"
mail.municipiomera.gob.ec,"200"
mail.municipiommariduena.gob.ec,"301"
mail.municipionaranjito.gob.ec,"Could not resolve host: mail.municipionaranjito.gob.ec"
mail.municipiopaquisha.gob.ec,"Could not resolve host: mail.municipiopaquisha.gob.ec"
mail.municipiopasaje.gob.ec,"Could not resolve host: mail.municipiopasaje.gob.ec"
mail.municipiosanlorenzo.gob.ec,"301"
mail.nangaritza.gob.ec,"Could not resolve host: mail.nangaritza.gob.ec"
mail.napo.gob.ec,"301"
mail.noboa.gob.ec,"Could not resolve host: mail.noboa.gob.ec"
mail.nobol.gob.ec,"Could not resolve host: mail.nobol.gob.ec"
mail.nono.gob.ec,"Could not resolve host: mail.nono.gob.ec"
mail.normalizacion.gob.ec,"Could not resolve host: mail.normalizacion.gob.ec"
mail.olmedopesillo.gob.ec,"302"
mail.orellanaturistica.gob.ec,"Could not resolve host: mail.orellanaturistica.gob.ec"
mail.orianga.gob.ec,"Could not resolve host: mail.orianga.gob.ec"
mail.oton.gob.ec,"Could not resolve host: mail.oton.gob.ec"
mail.paccha.gob.ec,"301"
mail.pacto.gob.ec,"Could not resolve host: mail.pacto.gob.ec"
mail.paletillas.gob.ec,"200"
mail.palmales.gob.ec,"301"
mail.palmas.gob.ec,"200"
mail.palmira.gob.ec,"Could not resolve host: mail.palmira.gob.ec"
mail.paloquemado.gob.ec,"200"
mail.palora.gob.ec,"200"
mail.paltas.gob.ec,"Could not resolve host: mail.paltas.gob.ec"
mail.pananza.gob.ec,"Could not resolve host: mail.pananza.gob.ec"
mail.panchonegro.gob.ec,"Could not resolve host: mail.panchonegro.gob.ec"
mail.panguintza.gob.ec,"Could not resolve host: mail.panguintza.gob.ec"
mail.paquisha.gob.ec,"Could not resolve host: mail.paquisha.gob.ec"
mail.parroquiacuyabeno.gob.ec,"Could not resolve host: mail.parroquiacuyabeno.gob.ec"
mail.parroquiaelrosario.gob.ec,"Could not resolve host: mail.parroquiaelrosario.gob.ec"
mail.parroquiafloreana.gob.ec,"Could not resolve host: mail.parroquiafloreana.gob.ec"
mail.parroquiapinguili.gob.ec,"301"
mail.parroquiaquingeo.gob.ec,"Could not resolve host: mail.parroquiaquingeo.gob.ec"
mail.parroquiazambiza.gob.ec,"Could not resolve host: mail.parroquiazambiza.gob.ec"
mail.participa.metrodequito.gob.ec,"Could not resolve host: mail.participa.metrodequito.gob.ec"
mail.pastocalle.gob.ec,"Could not resolve host: mail.pastocalle.gob.ec"
mail.patriciapilar.gob.ec,"Could not resolve host: mail.patriciapilar.gob.ec"
mail.patronatomera.gob.ec,"Could not resolve host: mail.patronatomera.gob.ec"
mail.pedernales.gob.ec,"200"
mail.pedromoncayo.gob.ec,"Could not resolve host: mail.pedromoncayo.gob.ec"
mail.pelileo.gob.ec,"Could not resolve host: mail.pelileo.gob.ec"
mail.piedras.gob.ec,"Could not resolve host: mail.piedras.gob.ec"
mail.pilahuin.gob.ec,"Could not resolve host: mail.pilahuin.gob.ec"
mail.pilalo.gob.ec,"301"
mail.pindilig.gob.ec,"200"
mail.pinllopata.gob.ec,"301"
mail.pioter.gob.ec,"Could not resolve host: mail.pioter.gob.ec"
mail.planpiloto.gob.ec,"Could not resolve host: mail.planpiloto.gob.ec"
mail.pomasqui.gob.ec,"200"
mail.pomona.gob.ec,"Could not resolve host: mail.pomona.gob.ec"
mail.portovelo.gob.ec,"Could not resolve host: mail.portovelo.gob.ec"
mail.portoviejo.gob.ec,"Could not resolve host: mail.portoviejo.gob.ec"
mail.pozul.gob.ec,"Could not resolve host: mail.pozul.gob.ec"
mail.prefecturadeesmeraldas.gob.ec,"Could not resolve host: mail.prefecturadeesmeraldas.gob.ec"
mail.prefecturaloja.gob.ec,"301"
mail.presidenteurbina.gob.ec,"301"
mail.proalimentos.gob.ec,"Could not resolve host: mail.proalimentos.gob.ec"
mail.prodeuteq.gob.ec,"301"
mail.progreso.gob.ec,"200"
mail.pucayacu.gob.ec,"Could not resolve host: mail.pucayacu.gob.ec"
mail.puela.gob.ec,"Could not resolve host: mail.puela.gob.ec"
mail.puellaro.gob.ec,"302"
mail.puertodemanta.gob.ec,"Could not resolve host: mail.puertodemanta.gob.ec"
mail.puertolopez.gob.ec,"301"
mail.puertomurialdo.gob.ec,"200"
mail.puertoquito.gob.ec,"200"
mail.pujili.gob.ec,"307"
mail.pumallacta.gob.ec,"200"
mail.pungala.gob.ec,"Could not resolve host: mail.pungala.gob.ec"
mail.punin.gob.ec,"Could not resolve host: mail.punin.gob.ec"
mail.purunuma.gob.ec,"Could not resolve host: mail.purunuma.gob.ec"
mail.quevedoshoppingcenter.gob.ec,"Could not resolve host: mail.quevedoshoppingcenter.gob.ec"
mail.quijos.gob.ec,"Could not resolve host: mail.quijos.gob.ec"
mail.quijoslarutadelagua.gob.ec,"Could not resolve host: mail.quijoslarutadelagua.gob.ec"
mail.quimiag.gob.ec,"200"
mail.quinara.gob.ec,"Could not resolve host: mail.quinara.gob.ec"
mail.quinsaloma.gob.ec,"301"
mail.quiroga.gob.ec,"Could not resolve host: mail.quiroga.gob.ec"
mail.quito-turismo.gob.ec,"Could not resolve host: mail.quito-turismo.gob.ec"
mail.radiociudad.gob.ec,"Could not resolve host: mail.radiociudad.gob.ec"
mail.radiojnda.gob.ec,"Could not resolve host: mail.radiojnda.gob.ec"
mail.radiomunicipallatacunga.gob.ec,"Could not resolve host: mail.radiomunicipallatacunga.gob.ec"
mail.ramoncampana.gob.ec,"Operation timed out after 3002 milliseconds with 0 bytes received"
mail.registrocivil.gob.ec,"200"
mail.registrodelapropiedadsd.gob.ec,"SSL certificate problem: certificate has expired"
mail.registrodelapropiedadtulcan.gob.ec,"301"
mail.registromercantilguayaquil.gob.ec,"Could not resolve host: mail.registromercantilguayaquil.gob.ec"
mail.registropropiedadcantonloja.gob.ec,"Failed to connect to mail.registropropiedadcantonloja.gob.ec port 443 after 26 ms: Could not connect to server"
mail.registropropiedadorellana.gob.ec,"Could not resolve host: mail.registropropiedadorellana.gob.ec"
mail.registrotavalo.gob.ec,"200"
mail.regprocanar.gob.ec,"Could not resolve host: mail.regprocanar.gob.ec"
mail.regpropiedadpvm.gob.ec,"Could not resolve host: mail.regpropiedadpvm.gob.ec"
mail.regulacionpostal.gob.ec,"Could not resolve host: mail.regulacionpostal.gob.ec"
mail.riobonito.gob.ec,"Could not resolve host: mail.riobonito.gob.ec"
mail.riochico.gob.ec,"Could not resolve host: mail.riochico.gob.ec"
mail.rpcayambe.gob.ec,"403"
mail.rpmlt.gob.ec,"SSL: no alternative certificate subject name matches target hostname 'mail.rpmlt.gob.ec'"
mail.ruminahui.gob.ec,"Connection timed out after 3001 milliseconds"
mail.rumipamba.gob.ec,"Could not resolve host: mail.rumipamba.gob.ec"
mail.rutadelvolcanimbabura.gob.ec,"Could not resolve host: mail.rutadelvolcanimbabura.gob.ec"
mail.sabanilla.gob.ec,"301"
mail.saberesancestrales.gob.ec,"Could not resolve host: mail.saberesancestrales.gob.ec"
mail.salati.gob.ec,"301"
mail.salcedo.gob.ec,"Could not resolve host: mail.salcedo.gob.ec"
mail.salima.gob.ec,"Could not resolve host: mail.salima.gob.ec"
mail.salitre.gob.ec,"Connection timed out after 3002 milliseconds"
mail.saludzona5.gob.ec,"307"
mail.samborondon.gob.ec,"Connection timed out after 3002 milliseconds"
mail.sanandres.gob.ec,"Failed to connect to mail.sanandres.gob.ec port 443 after 14 ms: Could not connect to server"
mail.sanantonio.gob.ec,"200"
mail.sanantoniodecumbe.gob.ec,"200"
mail.sanantoniodelpeludo.gob.ec,"200"
mail.sanantonioeloro.gob.ec,"Operation timed out after 3002 milliseconds with 0 bytes received"
mail.sancarlos.gob.ec,"Could not resolve host: mail.sancarlos.gob.ec"
mail.sancarlosdelasminas.gob.ec,"Could not resolve host: mail.sancarlosdelasminas.gob.ec"
mail.sancristobalgalapagos.gob.ec,"Could not resolve host: mail.sancristobalgalapagos.gob.ec"
mail.sanfranciscodeonzole.gob.ec,"Could not resolve host: mail.sanfranciscodeonzole.gob.ec"
mail.sangerardo.gob.ec,"Could not resolve host: mail.sangerardo.gob.ec"
mail.sanguillin.gob.ec,"403"
mail.sanisidroeloro.gob.ec,"Could not resolve host: mail.sanisidroeloro.gob.ec"
mail.sanisidromanabi.gob.ec,"Could not resolve host: mail.sanisidromanabi.gob.ec"
mail.sanjacinto.gob.ec,"200"
mail.sanjacintodelbua.gob.ec,"Could not resolve host: mail.sanjacintodelbua.gob.ec"
mail.sanjavier.gob.ec,"Could not resolve host: mail.sanjavier.gob.ec"
mail.sanjosedelcayapas.gob.ec,"Could not resolve host: mail.sanjosedelcayapas.gob.ec"
mail.sanjosedepayamino.gob.ec,"Could not resolve host: mail.sanjosedepayamino.gob.ec"
mail.sanjosedepoalo.gob.ec,"Could not resolve host: mail.sanjosedepoalo.gob.ec"
mail.sanjuan.gob.ec,"403"
mail.sanjuanbosco.gob.ec,"Could not resolve host: mail.sanjuanbosco.gob.ec"
mail.sanlucas.gob.ec,"Could not resolve host: mail.sanlucas.gob.ec"
mail.sanpablodelago.gob.ec,"Could not resolve host: mail.sanpablodelago.gob.ec"
mail.sanrafaeldezharug.gob.ec,"Could not resolve host: mail.sanrafaeldezharug.gob.ec"
mail.sanroque.gob.ec,"200"
mail.sansebastiandelcoca.gob.ec,"Could not resolve host: mail.sansebastiandelcoca.gob.ec"
mail.santaisabel.gob.ec,"301"
mail.santamariadeltoachi.gob.ec,"Could not resolve host: mail.santamariadeltoachi.gob.ec"
mail.santamarianitadejesus.gob.ec,"Could not resolve host: mail.santamarianitadejesus.gob.ec"
mail.santarosa.gob.ec,"301"
mail.santateresita.gob.ec,"301"
mail.santiagodecalpi.gob.ec,"200"
mail.santiagodequito.gob.ec,"200"
mail.santodomingodeonzole.gob.ec,"Could not resolve host: mail.santodomingodeonzole.gob.ec"
mail.saracay.gob.ec,"Operation timed out after 3002 milliseconds with 0 bytes received"
mail.saraguro.gob.ec,"Could not resolve host: mail.saraguro.gob.ec"
mail.secob.gob.ec,"Could not resolve host: mail.secob.gob.ec"
mail.secom.gob.ec,"Could not resolve host: mail.secom.gob.ec"
mail.sectoresestrategicos.gob.ec,"Could not resolve host: mail.sectoresestrategicos.gob.ec"
mail.seps.gob.ec,"Could not resolve host: mail.seps.gob.ec"
mail.setedis.gob.ec,"Could not resolve host: mail.setedis.gob.ec"
mail.sevilladeoro.gob.ec,"301"
mail.shaglli.gob.ec,"404"
mail.sigsig.gob.ec,"301"
mail.silsantalucia.gob.ec,"Could not resolve host: mail.silsantalucia.gob.ec"
mail.sinai.gob.ec,"Could not resolve host: mail.sinai.gob.ec"
mail.sinfonicadeloja.gob.ec,"301"
mail.solano.gob.ec,"301"
mail.sozoranga.gob.ec,"Could not resolve host: mail.sozoranga.gob.ec"
mail.sumakawsaywasi.gob.ec,"Could not resolve host: mail.sumakawsaywasi.gob.ec"
mail.sumaypamba.gob.ec,"301"
mail.supercias.gob.ec,"Could not resolve host: mail.supercias.gob.ec"
mail.supercom.gob.ec,"Could not resolve host: mail.supercom.gob.ec"
mail.tababela.gob.ec,"Could not resolve host: mail.tababela.gob.ec"
mail.tachina.gob.ec,"Could not resolve host: mail.tachina.gob.ec"
mail.tanicuchi.gob.ec,"301"
mail.taracoa.gob.ec,"Could not resolve host: mail.taracoa.gob.ec"
mail.taura.gob.ec,"Could not resolve host: mail.taura.gob.ec"
mail.tce.gob.ec,"Connection timed out after 3000 milliseconds"
mail.telembi.gob.ec,"Could not resolve host: mail.telembi.gob.ec"
mail.tendales.gob.ec,"Could not resolve host: mail.tendales.gob.ec"
mail.tenguel.gob.ec,"Could not resolve host: mail.tenguel.gob.ec"
mail.timbireeschevere.gob.ec,"Could not resolve host: mail.timbireeschevere.gob.ec"
mail.tixan.gob.ec,"301"
mail.toacaso.gob.ec,"200"
mail.tobardonoso.gob.ec,"Could not resolve host: mail.tobardonoso.gob.ec"
mail.tocachilindo.gob.ec,"Could not resolve host: mail.tocachilindo.gob.ec"
mail.torata.gob.ec,"301"
mail.transespol.gob.ec,"Could not resolve host: mail.transespol.gob.ec"
mail.transitotungurahua.gob.ec,"301"
mail.tresdenoviembre.gob.ec,"Could not resolve host: mail.tresdenoviembre.gob.ec"
mail.trolebus.gob.ec,"Connection timed out after 3000 milliseconds"
mail.tufino.gob.ec,"Could not resolve host: mail.tufino.gob.ec"
mail.tundayme.gob.ec,"Could not resolve host: mail.tundayme.gob.ec"
mail.tupigachi.gob.ec,"301"
mail.turismo-jipijapa.gob.ec,"Could not resolve host: mail.turismo-jipijapa.gob.ec"
mail.turismoalausi.gob.ec,"Could not resolve host: mail.turismoalausi.gob.ec"
mail.uaf.gob.ec,"Could not resolve host: mail.uaf.gob.ec"
mail.ulco.gob.ec,"Could not resolve host: mail.ulco.gob.ec"
mail.unionmilagrenia.gob.ec,"200"
mail.urbina.gob.ec,"Could not resolve host: mail.urbina.gob.ec"
mail.urdaneta.gob.ec,"Could not resolve host: mail.urdaneta.gob.ec"
mail.utuana.gob.ec,"301"
mail.uyumbicho.gob.ec,"Failed to connect to mail.uyumbicho.gob.ec port 443 after 567 ms: Could not connect to server"
mail.vallehermoso.gob.ec,"Could not resolve host: mail.vallehermoso.gob.ec"
mail.valparaiso.gob.ec,"301"
mail.ventura.gob.ec,"200"
mail.veracruz.gob.ec,"200"
mail.vialzachin.gob.ec,"301"
mail.viceministerioap.gob.ec,"Could not resolve host: mail.viceministerioap.gob.ec"
mail.vicepresidencia.gob.ec,"Connection timed out after 3001 milliseconds"
mail.vinces.gob.ec,"Operation timed out after 3000 milliseconds with 0 bytes received"
mail.vueltalarga.gob.ec,"Could not resolve host: mail.vueltalarga.gob.ec"
mail.wakambeis.gob.ec,"200"
mail.yantzaza.gob.ec,"Could not resolve host: mail.yantzaza.gob.ec"
mail.yasuni.gob.ec,"403"
mail.zamora-chinchipe.gob.ec,"200"
mail.zamora.gob.ec,"301"
mail.zhidmad.gob.ec,"301"
mail.zhud.gob.ec,"Could not resolve host: mail.zhud.gob.ec"
mail.zonailco.gob.ec,"Could not resolve host: mail.zonailco.gob.ec"
mail.zumbahua.gob.ec,"200"
mail.zurmi.gob.ec,"Could not resolve host: mail.zurmi.gob.ec"
mail1.cnt.gob.ec,"Could not resolve host: mail1.cnt.gob.ec"
mail1.enfarma.gob.ec,"Could not resolve host: mail1.enfarma.gob.ec"
mail2.cne.gob.ec,"Connection timed out after 3002 milliseconds"
mailgye.registrocivil.gob.ec,"Operation timed out after 3002 milliseconds with 0 bytes received"
mailserver.registrocivil.gob.ec,"Could not resolve host: mailserver.registrocivil.gob.ec"
maldonado.gob.ec,"Could not resolve host: maldonado.gob.ec"
malimpia.gob.ec,"200"
malvas.gob.ec,"Could not resolve host: malvas.gob.ec"
manabi.gob.ec,"301"
manabiconstruye.gob.ec,"Could not resolve host: manabiconstruye.gob.ec"
manabiproduce.gob.ec,"Could not resolve host: manabiproduce.gob.ec"
mancomunidadbosqueseco.gob.ec,"301"
mancomunidadcanari.gob.ec,"301"
mancomunidadsustentableep.gob.ec,"Could not resolve host: mancomunidadsustentableep.gob.ec"
manglaralto.gob.ec,"Could not resolve host: manglaralto.gob.ec"
manu.gob.ec,"301"
manueljcalle.gob.ec,"200"
mapas.cnt.gob.ec,"Connection timed out after 3001 milliseconds"
mapas.milagro.gob.ec,"Could not resolve host: mapas.milagro.gob.ec"
marcabeli.gob.ec,"200"
marianomoreno.gob.ec,"301"
mariscalsucre.gob.ec,"200"
mataje.gob.ec,"Could not resolve host: mataje.gob.ec"
meer.gob.ec,"Could not resolve host: meer.gob.ec"
meet.aguaquito.gob.ec,"404"
meet.contraloria.gob.ec,"200"
meet.cscg.gob.ec,"Could not resolve host: meet.cscg.gob.ec"
meet.cuenca.gob.ec,"Could not resolve host: meet.cuenca.gob.ec"
meet.dinardap.gob.ec,"Could not resolve host: meet.dinardap.gob.ec"
meet.educacion.gob.ec,"Could not resolve host: meet.educacion.gob.ec"
meet.mintel.gob.ec,"Could not resolve host: meet.mintel.gob.ec"
meet.senplades.gob.ec,"Could not resolve host: meet.senplades.gob.ec"
meetnow.sri.gob.ec,"Could not resolve host: meetnow.sri.gob.ec"
membrillal.campozano.gob.ec,"Could not resolve host: membrillal.campozano.gob.ec"
membrillal.gob.ec,"Could not resolve host: membrillal.gob.ec"
memoria.aguaquito.gob.ec,"Could not resolve host: memoria.aguaquito.gob.ec"
meritocracia.gob.ec,"Could not resolve host: meritocracia.gob.ec"
mesadeservicios.registrocivil.gob.ec,"Could not resolve host: mesadeservicios.registrocivil.gob.ec"
metrodequito.gob.ec,"200"
midena.gob.ec,"Connection timed out after 3002 milliseconds"
migracion.gob.ec,"Could not resolve host: migracion.gob.ec"
milagro.gob.ec,"403"
ministeriointerior.gob.ec,"Could not resolve host: ministeriointerior.gob.ec"
minka.gob.ec,"302"
mintel.gob.ec,"Could not resolve host: mintel.gob.ec"
mipymes.sri.gob.ec,"Could not resolve host: mipymes.sri.gob.ec"
misereor.gob.ec,"Could not resolve host: misereor.gob.ec"
mobileweb.supercias.gob.ec,"Could not resolve host: mobileweb.supercias.gob.ec"
monkiapps.mancomunidadbosqueseco.gob.ec,"Could not resolve host: monkiapps.mancomunidadbosqueseco.gob.ec"
montalvo.gob.ec,"403"
morales.gob.ec,"200"
moraspungo.gob.ec,"301"
moromoro.gob.ec,"200"
movil.cpccs.gob.ec,"Could not resolve host: movil.cpccs.gob.ec"
msp.gob.ec,"Connection timed out after 3001 milliseconds"
mspz2.gob.ec,"Could not resolve host: mspz2.gob.ec"
mulalillo.gob.ec,"301"
mulalo.gob.ec,"301"
mulliquindil.gob.ec,"301"
muluncay.gob.ec,"Could not resolve host: muluncay.gob.ec"
municipalidadvinces.gob.ec,"Could not resolve host: municipalidadvinces.gob.ec"
municipio.quijos.gob.ec,"Could not resolve host: municipio.quijos.gob.ec"
municipioarosemenatola.gob.ec,"Could not resolve host: municipioarosemenatola.gob.ec"
municipiobanos.gob.ec,"301"
municipiocayambe.gob.ec,"200"
municipiochunchi.gob.ec,"200"
municipiodebaba.gob.ec,"Could not resolve host: municipiodebaba.gob.ec"
municipiodechimbo.gob.ec,"Could not resolve host: municipiodechimbo.gob.ec"
municipiodeguamote.gob.ec,"Could not resolve host: municipiodeguamote.gob.ec"
municipiodepallatanga.gob.ec,"Could not resolve host: municipiodepallatanga.gob.ec"
municipiodepasaje.gob.ec,"301"
municipiodeyaguachi.gob.ec,"200"
municipioesmeraldas.gob.ec,"Could not resolve host: municipioesmeraldas.gob.ec"
municipiomacara.gob.ec,"200"
municipiomera.gob.ec,"200"
municipiommariduena.gob.ec,"301"
municipiopaquisha.gob.ec,"Could not resolve host: municipiopaquisha.gob.ec"
municipiopaquisha.paquisha.gob.ec,"Could not resolve host: municipiopaquisha.paquisha.gob.ec"
municipiopasaje.gob.ec,"Could not resolve host: municipiopasaje.gob.ec"
municipiosanlorenzo.gob.ec,"200"
mz.epam.gob.ec,"Could not resolve host: mz.epam.gob.ec"
nangaritza.gob.ec,"200"
napo.gob.ec,"301"
naranjal.gob.ec,"302"
new.epam.gob.ec,"Could not resolve host: new.epam.gob.ec"
nivelacionacademica.snna.gob.ec,"Could not resolve host: nivelacionacademica.snna.gob.ec"
nivelacionapp.snna.gob.ec,"Could not resolve host: nivelacionapp.snna.gob.ec"
nivelacionlogin.snna.gob.ec,"Could not resolve host: nivelacionlogin.snna.gob.ec"
nivelacionportal.snna.gob.ec,"Could not resolve host: nivelacionportal.snna.gob.ec"
noboa.gob.ec,"Could not resolve host: noboa.gob.ec"
nobol.gob.ec,"200"
node2.cnel.gob.ec,"Could not resolve host: node2.cnel.gob.ec"
nodo.mancomunidadbosqueseco.gob.ec,"Could not resolve host: nodo.mancomunidadbosqueseco.gob.ec"
nono.gob.ec,"Could not resolve host: nono.gob.ec"
noticias.quijos.gob.ec,"Could not resolve host: noticias.quijos.gob.ec"
noticiasdecalceta.gadbolivar.gob.ec,"200"
noticiasnuevas.gadbolivar.gob.ec,"Could not resolve host: noticiasnuevas.gadbolivar.gob.ec"
nuevo.amarillos.gob.ec,"Could not resolve host: nuevo.amarillos.gob.ec"
nuevo.balsas.gob.ec,"403"
obraspublicas.gob.ec,"Could not resolve host: obraspublicas.gob.ec"
office.educacion.gob.ec,"Connection timed out after 3000 milliseconds"
oficina.epemapar.gob.ec,"Could not resolve host: oficina.epemapar.gob.ec"
olmedopesillo.gob.ec,"302"
olmedopesillo.guangopolo.gob.ec,"Could not resolve host: olmedopesillo.guangopolo.gob.ec"
ona.gob.ec,"200"
online.portoviejo.gob.ec,"302"
orellanaturistica.gob.ec,"Could not resolve host: orellanaturistica.gob.ec"
orianga.gob.ec,"Could not resolve host: orianga.gob.ec"
oton.gob.ec,"Could not resolve host: oton.gob.ec"
owa.celec.gob.ec,"Could not resolve host: owa.celec.gob.ec"
owa.celecloud.celec.gob.ec,"Could not resolve host: owa.celecloud.celec.gob.ec"
owa.dna.gob.ec,"Could not resolve host: owa.dna.gob.ec"
owa.epiep.gob.ec,"Could not resolve host: owa.epiep.gob.ec"
owa.ferrocarrilesdelecuador.gob.ec,"Could not resolve host: owa.ferrocarrilesdelecuador.gob.ec"
owa.finanzas.gob.ec,"302"
owa.portoviejo.gob.ec,"Could not resolve host: owa.portoviejo.gob.ec"
owa.ruminahui.gob.ec,"Could not resolve host: owa.ruminahui.gob.ec"
owa.uaf.gob.ec,"Could not resolve host: owa.uaf.gob.ec"
owa.ulco.gob.ec,"Could not resolve host: owa.ulco.gob.ec"
owa.vicepresidencia.gob.ec,"Could not resolve host: owa.vicepresidencia.gob.ec"
paccha.gob.ec,"301"
pacto.gob.ec,"Could not resolve host: pacto.gob.ec"
pagos.ruminahui.gob.ec,"Connection timed out after 3002 milliseconds"
paletillas.gob.ec,"200"
palmales.gob.ec,"200"
palmas.gob.ec,"200"
palmira.gob.ec,"200"
paloquemado.gob.ec,"301"
palora.gob.ec,"200"
paltas.gob.ec,"Could not resolve host: paltas.gob.ec"
pam.quito.gob.ec,"200"
pananza.gob.ec,"Could not resolve host: pananza.gob.ec"
panchonegro.gob.ec,"200"
pangua.gob.ec,"403"
panguintza.gob.ec,"Could not resolve host: panguintza.gob.ec"
paquisha.gob.ec,"Could not resolve host: paquisha.gob.ec"
parroquia.gadchicana.gob.ec,"SSL: no alternative certificate subject name matches target hostname 'parroquia.gadchicana.gob.ec'"
parroquiacuyabeno.gob.ec,"Could not resolve host: parroquiacuyabeno.gob.ec"
parroquiaelrosario.gob.ec,"Could not resolve host: parroquiaelrosario.gob.ec"
parroquiafloreana.gob.ec,"Could not resolve host: parroquiafloreana.gob.ec"
parroquiapinguili.gob.ec,"200"
parroquiaquingeo.gob.ec,"Could not resolve host: parroquiaquingeo.gob.ec"
parroquiazambiza.gob.ec,"Could not resolve host: parroquiazambiza.gob.ec"
participa.metrodequito.gob.ec,"SSL: no alternative certificate subject name matches target hostname 'participa.metrodequito.gob.ec'"
pastocalle.gob.ec,"301"
patate.gob.ec,"Could not resolve host: patate.gob.ec"
patriciapilar.gob.ec,"Could not resolve host: patriciapilar.gob.ec"
patronatomera.gob.ec,"Could not resolve host: patronatomera.gob.ec"
pdot.quijos.gob.ec,"Could not resolve host: pdot.quijos.gob.ec"
peajexpresspichincha.gob.ec,"Could not resolve host: peajexpresspichincha.gob.ec"
pedernales.gob.ec,"200"
pelileo.gob.ec,"301"
penipe.gob.ec,"200"
pesca.gob.ec,"Could not resolve host: pesca.gob.ec"
piedras.gob.ec,"Could not resolve host: piedras.gob.ec"
pilahuin.gob.ec,"Could not resolve host: pilahuin.gob.ec"
pilalo.gob.ec,"301"
pindilig.gob.ec,"200"
pinllopata.gob.ec,"301"
pioter.gob.ec,"Could not resolve host: pioter.gob.ec"
planeacionestrategica.gmtulcan.gob.ec,"Could not resolve host: planeacionestrategica.gmtulcan.gob.ec"
planpiloto.gob.ec,"Could not resolve host: planpiloto.gob.ec"
plataformamunicipal.ame.gob.ec,"Could not resolve host: plataformamunicipal.ame.gob.ec"
png.gob.ec,"Could not resolve host: png.gob.ec"
policia.cnt.gob.ec,"Connection timed out after 3002 milliseconds"
policiaecuador.gob.ec,"Could not resolve host: policiaecuador.gob.ec"
politica.gob.ec,"Could not resolve host: politica.gob.ec"
politicaeconomica.gob.ec,"Could not resolve host: politicaeconomica.gob.ec"
pomasqui.gob.ec,"200"
pomona.gob.ec,"Could not resolve host: pomona.gob.ec"
pool.mintel.gob.ec,"Could not resolve host: pool.mintel.gob.ec"
pool.senplades.gob.ec,"Could not resolve host: pool.senplades.gob.ec"
portal.minjusticia.gob.ec,"Could not resolve host: portal.minjusticia.gob.ec"
portal.secom.gob.ec,"Could not resolve host: portal.secom.gob.ec"
portoaguas.gob.ec,"Could not resolve host: portoaguas.gob.ec"
portovelo.gob.ec,"301"
portoviejo.gob.ec,"Could not resolve host: portoviejo.gob.ec"
pozul.gob.ec,"200"
prefecturadeesmeraldas.gob.ec,"200"
prefecturaloja.gob.ec,"SSL certificate problem: unable to get local issuer certificate"
presidencia.gob.ec,"Could not resolve host: presidencia.gob.ec"
presidenteurbina.gob.ec,"200"
procesos.administracionpublica.gob.ec,"Could not resolve host: procesos.administracionpublica.gob.ec"
prodeuteq.gob.ec,"200"
produccion.gob.ec,"Could not resolve host: produccion.gob.ec"
produran.duran.gob.ec,"Could not resolve host: produran.duran.gob.ec"
progreso.gob.ec,"200"
promocion.cne.gob.ec,"Connection timed out after 3001 milliseconds"
propiedadintelectual.gob.ec,"Could not resolve host: propiedadintelectual.gob.ec"
propuesta.epemapar.gob.ec,"Could not resolve host: propuesta.epemapar.gob.ec"
proyectos.seps.gob.ec,"Could not resolve host: proyectos.seps.gob.ec"
pru4.registrocivil.gob.ec,"Operation timed out after 3001 milliseconds with 0 bytes received"
pru5.registrocivil.gob.ec,"Could not resolve host: pru5.registrocivil.gob.ec"
prueba.epemapar.gob.ec,"Could not resolve host: prueba.epemapar.gob.ec"
prueba.saberesancestrales.gob.ec,"Could not resolve host: prueba.saberesancestrales.gob.ec"
pruebas.finanzas.gob.ec,"Resolving timed out after 3001 milliseconds"
pruebasl.finanzas.gob.ec,"Resolving timed out after 3001 milliseconds"
pucayacu.gob.ec,"301"
puela.gob.ec,"200"
puellaro.gob.ec,"302"
puertodemanta.gob.ec,"Could not resolve host: puertodemanta.gob.ec"
puertolopez.gob.ec,"200"
puertomurialdo.gob.ec,"200"
puertoquito.gob.ec,"200"
puertos.viceministerioap.gob.ec,"Could not resolve host: puertos.viceministerioap.gob.ec"
pumallacta.gob.ec,"200"
pungala.gob.ec,"Could not resolve host: pungala.gob.ec"
punin.gob.ec,"Could not resolve host: punin.gob.ec"
purunuma.gob.ec,"200"
pusak.fomentoacademico.gob.ec,"302"
pusak.institutobecas.gob.ec,"Could not resolve host: pusak.institutobecas.gob.ec"
pusakpruebas.institutobecas.gob.ec,"Could not resolve host: pusakpruebas.institutobecas.gob.ec"
quero.gob.ec,"301"
quevedoshoppingcenter.gob.ec,"Could not resolve host: quevedoshoppingcenter.gob.ec"
quijos.gob.ec,"Could not resolve host: quijos.gob.ec"
quijoslarutadelagua.gob.ec,"Could not resolve host: quijoslarutadelagua.gob.ec"
quimiag.gob.ec,"200"
quinara.gob.ec,"Could not resolve host: quinara.gob.ec"
quininde.gob.ec,"200"
quinsaloma.gob.ec,"200"
quipux.cne.gob.ec,"200"
quiroga.gob.ec,"Could not resolve host: quiroga.gob.ec"
quito-turismo.gob.ec,"Could not resolve host: quito-turismo.gob.ec"
quito.gob.ec,"Could not resolve host: quito.gob.ec"
radio.casadelacultura.gob.ec,"Could not resolve host: radio.casadelacultura.gob.ec"
radiociudad.gob.ec,"Operation timed out after 3001 milliseconds with 0 bytes received"
radiojnda.gob.ec,"Could not resolve host: radiojnda.gob.ec"
radiomunicipallatacunga.gob.ec,"Could not resolve host: radiomunicipallatacunga.gob.ec"
ramoncampana.gob.ec,"200"
recursosnaturales.gob.ec,"Could not resolve host: recursosnaturales.gob.ec"
redempresarial.supercias.gob.ec,"Could not resolve host: redempresarial.supercias.gob.ec"
referencias.registrocrediticio.gob.ec,"Could not resolve host: referencias.registrocrediticio.gob.ec"
registro.inh.gob.ec,"Could not resolve host: registro.inh.gob.ec"
registrocivil.gob.ec,"301"
registrocrediticio.gob.ec,"Could not resolve host: registrocrediticio.gob.ec"
registrodelapropiedadsd.gob.ec,"Could not resolve host: registrodelapropiedadsd.gob.ec"
registrodelapropiedadtulcan.gob.ec,"301"
registroficial.gob.ec,"Could not resolve host: registroficial.gob.ec"
registromercantilguayaquil.gob.ec,"Could not resolve host: registromercantilguayaquil.gob.ec"
registropropiedad.gmtulcan.gob.ec,"Could not resolve host: registropropiedad.gmtulcan.gob.ec"
registropropiedadcantonloja.gob.ec,"Failed to connect to registropropiedadcantonloja.gob.ec port 443 after 21 ms: Could not connect to server"
registropropiedadibarra.gob.ec,"Could not resolve host: registropropiedadibarra.gob.ec"
registropropiedadorellana.gob.ec,"Could not resolve host: registropropiedadorellana.gob.ec"
registrotavalo.gob.ec,"200"
regprocanar.gob.ec,"Could not resolve host: regprocanar.gob.ec"
regpropiedadpvm.gob.ec,"301"
rem.gmtulcan.gob.ec,"Could not resolve host: rem.gmtulcan.gob.ec"
reportes.seps.gob.ec,"Could not resolve host: reportes.seps.gob.ec"
residencia.registrocivil.gob.ec,"Could not resolve host: residencia.registrocivil.gob.ec"
reverse.dinardap.gob.ec,"Could not resolve host: reverse.dinardap.gob.ec"
revisionquito.gob.ec,"Could not resolve host: revisionquito.gob.ec"
riobonito.gob.ec,"Could not resolve host: riobonito.gob.ec"
riochico.gob.ec,"Could not resolve host: riochico.gob.ec"
rocafuerte.gob.ec,"200"
roles.hvalenzuela.gob.ec,"Could not resolve host: roles.hvalenzuela.gob.ec"
rp.senplades.gob.ec,"Could not resolve host: rp.senplades.gob.ec"
rpad.policia.gob.ec,"Could not resolve host: rpad.policia.gob.ec"
rpad.sri.gob.ec,"Could not resolve host: rpad.sri.gob.ec"
rpcayambe.gob.ec,"301"
rpm.setedis.gob.ec,"Could not resolve host: rpm.setedis.gob.ec"
rpmduran.gob.ec,"200"
rpmlt.gob.ec,"Could not resolve host: rpmlt.gob.ec"
rpv.sri.gob.ec,"SSL certificate problem: self-signed certificate in certificate chain"
ruminahui.gob.ec,"301"
rumipamba.gob.ec,"Could not resolve host: rumipamba.gob.ec"
rutadelvolcanimbabura.gob.ec,"Could not resolve host: rutadelvolcanimbabura.gob.ec"
sabanilla.gob.ec,"200"
saberesancestrales.gob.ec,"Could not resolve host: saberesancestrales.gob.ec"
saf.dinardap.gob.ec,"Connection timed out after 3002 milliseconds"
salati.gob.ec,"200"
salcedo.gob.ec,"Could not resolve host: salcedo.gob.ec"
salima.gob.ec,"Could not resolve host: salima.gob.ec"
salitre.gob.ec,"301"
salud.gob.ec,"Could not resolve host: salud.gob.ec"
saludzona5.gob.ec,"Could not resolve host: saludzona5.gob.ec"
samborondon.gob.ec,"301"
sanandres.gob.ec,"Failed to connect to sanandres.gob.ec port 443 after 9 ms: Could not connect to server"
sanantonio.gob.ec,"200"
sanantoniodecumbe.gob.ec,"200"
sanantoniodelpeludo.gob.ec,"200"
sanantonioeloro.gob.ec,"200"
sancarlos.gob.ec,"Could not resolve host: sancarlos.gob.ec"
sancarlosdelasminas.gob.ec,"Could not resolve host: sancarlosdelasminas.gob.ec"
sancristobalgalapagos.gob.ec,"Could not resolve host: sancristobalgalapagos.gob.ec"
sanfernando.gob.ec,"Could not resolve host: sanfernando.gob.ec"
sanfranciscodeonzole.gob.ec,"200"
sangerardo.gob.ec,"Could not resolve host: sangerardo.gob.ec"
sanguillin.gob.ec,"Could not resolve host: sanguillin.gob.ec"
sanisidroeloro.gob.ec,"200"
sanisidromanabi.gob.ec,"Could not resolve host: sanisidromanabi.gob.ec"
sanjacinto.gob.ec,"Could not resolve host: sanjacinto.gob.ec"
sanjacintodelbua.gob.ec,"Could not resolve host: sanjacintodelbua.gob.ec"
sanjavier.gob.ec,"200"
sanjosedelcayapas.gob.ec,"Could not resolve host: sanjosedelcayapas.gob.ec"
sanjosedepayamino.gob.ec,"200"
sanjosedepoalo.gob.ec,"301"
sanjuan.gob.ec,"200"
sanjuanbosco.gob.ec,"200"
sanlucas.gob.ec,"Could not resolve host: sanlucas.gob.ec"
sanpablodelago.gob.ec,"Could not resolve host: sanpablodelago.gob.ec"
sanrafaeldezharug.gob.ec,"Could not resolve host: sanrafaeldezharug.gob.ec"
sanroque.gob.ec,"200"
sansebastiandelcoca.gob.ec,"200"
santaana.gob.ec,"200"
santaclara.gob.ec,"Could not resolve host: santaclara.gob.ec"
santaisabel.gob.ec,"200"
santamariadeltoachi.gob.ec,"Could not resolve host: santamariadeltoachi.gob.ec"
santamariadeltoachi.guangopolo.gob.ec,"Could not resolve host: santamariadeltoachi.guangopolo.gob.ec"
santamarianitadejesus.gob.ec,"Could not resolve host: santamarianitadejesus.gob.ec"
santarosa.gob.ec,"301"
santateresita.gob.ec,"Could not resolve host: santateresita.gob.ec"
santiagodecalpi.gob.ec,"200"
santiagodequito.gob.ec,"200"
santodomingodeonzole.gob.ec,"Could not resolve host: santodomingodeonzole.gob.ec"
saquisili.gob.ec,"Operation timed out after 3002 milliseconds with 0 bytes received"
saracay.gob.ec,"200"
saraguro.gob.ec,"Could not resolve host: saraguro.gob.ec"
sart.iess.gob.ec,"Could not resolve host: sart.iess.gob.ec"
sau.dinardap.gob.ec,"301"
schedule.sri.gob.ec,"Could not resolve host: schedule.sri.gob.ec"
scpm.gob.ec,"Failed to connect to scpm.gob.ec port 443 after 15 ms: Could not connect to server"
secom.gob.ec,"Could not resolve host: secom.gob.ec"
secretaria.gmtulcan.gob.ec,"Could not resolve host: secretaria.gmtulcan.gob.ec"
sectoresestrategicos.gob.ec,"Could not resolve host: sectoresestrategicos.gob.ec"
secure.cte.gob.ec,"Could not resolve host: secure.cte.gob.ec"
seguridad.gob.ec,"Could not resolve host: seguridad.gob.ec"
senplades.gob.ec,"Could not resolve host: senplades.gob.ec"
sentidosur.gob.ec,"Could not resolve host: sentidosur.gob.ec"
sepsem.seps.gob.ec,"Could not resolve host: sepsem.seps.gob.ec"
sercop.gob.ec,"Operation timed out after 3002 milliseconds with 0 bytes received"
servicios.comisiontransito.gob.ec,"Could not resolve host: servicios.comisiontransito.gob.ec"
servicios.contraloria.gob.ec,"Connection timed out after 3001 milliseconds"
servicios.cuenca.gob.ec,"Could not resolve host: servicios.cuenca.gob.ec"
servicios.guayaquil.gob.ec,"Could not resolve host: servicios.guayaquil.gob.ec"
servicios.isspol.gob.ec,"Could not resolve host: servicios.isspol.gob.ec"
servicios.registrocivil.gob.ec,"200"
servicios.seps.gob.ec,"301"
servicios.turismo.gob.ec,"200"
servicios1.registrocivil.gob.ec,"Could not resolve host: servicios1.registrocivil.gob.ec"
servicios10.registrocivil.gob.ec,"Could not resolve host: servicios10.registrocivil.gob.ec"
servicios11.registrocivil.gob.ec,"Could not resolve host: servicios11.registrocivil.gob.ec"
servicios12.registrocivil.gob.ec,"Could not resolve host: servicios12.registrocivil.gob.ec"
servicios13.registrocivil.gob.ec,"Could not resolve host: servicios13.registrocivil.gob.ec"
setedis.gob.ec,"Could not resolve host: setedis.gob.ec"
sevilladeoro.gob.ec,"200"
shaglli.gob.ec,"301"
siae.cne.gob.ec,"Connection timed out after 3001 milliseconds"
siae1.cne.gob.ec,"Could not resolve host: siae1.cne.gob.ec"
sicm.compraspublicas.gob.ec,"Connection timed out after 3001 milliseconds"
sig.epemapar.gob.ec,"Could not resolve host: sig.epemapar.gob.ec"
sigchambo.epemapar.gob.ec,"Could not resolve host: sigchambo.epemapar.gob.ec"
sige.cne.gob.ec,"Could not resolve host: sige.cne.gob.ec"
sigsig.gob.ec,"301"
silsantalucia.gob.ec,"Could not resolve host: silsantalucia.gob.ec"
sinai.gob.ec,"Could not resolve host: sinai.gob.ec"
sine.dinardap.gob.ec,"Connection timed out after 3002 milliseconds"
sinfonicadeloja.gob.ec,"200"
sip.aguaquito.gob.ec,"Connection timed out after 3002 milliseconds"
sip.contraloria.gob.ec,"TLS connect error: error:0A000126:SSL routines::unexpected eof while reading"
sip.cuenca.gob.ec,"Could not resolve host: sip.cuenca.gob.ec"
sip.dinardap.gob.ec,"Could not resolve host: sip.dinardap.gob.ec"
sip.educacion.gob.ec,"Could not resolve host: sip.educacion.gob.ec"
sip.mintel.gob.ec,"Could not resolve host: sip.mintel.gob.ec"
sip.senplades.gob.ec,"Could not resolve host: sip.senplades.gob.ec"
sislaft.uaf.gob.ec,"Could not resolve host: sislaft.uaf.gob.ec"
sistema.uaf.gob.ec,"Could not resolve host: sistema.uaf.gob.ec"
sistemas.setedis.gob.ec,"Could not resolve host: sistemas.setedis.gob.ec"
sitewebex.cnt.gob.ec,"Connection timed out after 3001 milliseconds"
skype.aguaquito.gob.ec,"Could not resolve host: skype.aguaquito.gob.ec"
skype.educacion.gob.ec,"Connection timed out after 3002 milliseconds"
snna.gob.ec,"Failed to connect to snna.gob.ec port 443 after 92 ms: Could not connect to server"
snrm.dinardap.gob.ec,"Could not resolve host: snrm.dinardap.gob.ec"
snrp.dinardap.gob.ec,"Could not resolve host: snrp.dinardap.gob.ec"
social.epemapar.gob.ec,"Could not resolve host: social.epemapar.gob.ec"
softwarelibre.conocimiento.gob.ec,"Could not resolve host: softwarelibre.conocimiento.gob.ec"
softwarepublico.gob.ec,"SSL: no alternative certificate subject name matches target hostname 'softwarepublico.gob.ec'"
solano.gob.ec,"200"
solicitudes.propiedadintelectual.gob.ec,"Connection timed out after 3001 milliseconds"
soporte.casadelacultura.gob.ec,"Could not resolve host: soporte.casadelacultura.gob.ec"
soporte.meritocracia.gob.ec,"Could not resolve host: soporte.meritocracia.gob.ec"
sozoranga.gob.ec,"Could not resolve host: sozoranga.gob.ec"
spf.agricultura.gob.ec,"200"
spryn.finanzas.gob.ec,"SSL certificate problem: unable to get local issuer certificate"
spryn2.finanzas.gob.ec,"SSL certificate problem: unable to get local issuer certificate"
spryncap.finanzas.gob.ec,"Could not resolve host: spryncap.finanzas.gob.ec"
sprynprb.finanzas.gob.ec,"Could not resolve host: sprynprb.finanzas.gob.ec"
sri.gob.ec,"Could not resolve host: sri.gob.ec"
sriyyoenlinea.sri.gob.ec,"Could not resolve host: sriyyoenlinea.sri.gob.ec"
srv3.plataformamunicipal.ame.gob.ec,"Could not resolve host: srv3.plataformamunicipal.ame.gob.ec"
sucua.gob.ec,"200"
sumakawsaywasi.gob.ec,"301"
sumaypamba.gob.ec,"200"
superbancos.gob.ec,"Could not resolve host: superbancos.gob.ec"
supercias.gob.ec,"302"
sw.registrodelapropiedadsd.gob.ec,"Could not resolve host: sw.registrodelapropiedadsd.gob.ec"
switch.registrocivil.gob.ec,"Operation timed out after 3001 milliseconds with 0 bytes received"
tababela.gob.ec,"302"
tachina.gob.ec,"200"
talentohumano.gmtulcan.gob.ec,"302"
talentohumano.gob.ec,"Could not resolve host: talentohumano.gob.ec"
tanicuchi.gob.ec,"200"
taracoa.gob.ec,"Could not resolve host: taracoa.gob.ec"
taura.gob.ec,"Could not resolve host: taura.gob.ec"
telecomunicaciones.gob.ec,"Could not resolve host: telecomunicaciones.gob.ec"
telembi.gob.ec,"Could not resolve host: telembi.gob.ec"
tena.gob.ec,"Could not resolve host: tena.gob.ec"
tendales.gob.ec,"200"
tenguel.gob.ec,"Could not resolve host: tenguel.gob.ec"
tiburon.viceministerioap.gob.ec,"Could not resolve host: tiburon.viceministerioap.gob.ec"
timbireeschevere.gob.ec,"Could not resolve host: timbireeschevere.gob.ec"
tisaleo.gob.ec,"200"
tixan.gob.ec,"200"
toacaso.gob.ec,"301"
tobardonoso.gob.ec,"Could not resolve host: tobardonoso.gob.ec"
tocachilindo.gob.ec,"Could not resolve host: tocachilindo.gob.ec"
tocachilindo.guangopolo.gob.ec,"Could not resolve host: tocachilindo.guangopolo.gob.ec"
torata.gob.ec,"200"
tour.hojas-jaboncillo.gob.ec,"Could not resolve host: tour.hojas-jaboncillo.gob.ec"
tour.una.gob.ec,"Could not resolve host: tour.una.gob.ec"
tramites2.guayaquil.gob.ec,"Could not resolve host: tramites2.guayaquil.gob.ec"
tramites3.guayaquil.gob.ec,"Could not resolve host: tramites3.guayaquil.gob.ec"
transespol.gob.ec,"Could not resolve host: transespol.gob.ec"
transferencia.registrocrediticio.gob.ec,"Could not resolve host: transferencia.registrocrediticio.gob.ec"
transitoamaguania.guangopolo.gob.ec,"Could not resolve host: transitoamaguania.guangopolo.gob.ec"
transitotungurahua.gob.ec,"200"
transparencia2016.gadbolivar.gob.ec,"200"
traveler.jrmf.gob.ec,"Could not resolve host: traveler.jrmf.gob.ec"
tresdenoviembre.gob.ec,"Could not resolve host: tresdenoviembre.gob.ec"
tufino.gob.ec,"301"
tundayme.gob.ec,"200"
tungurahua.gob.ec,"Operation timed out after 3000 milliseconds with 0 bytes received"
tupigachi.gob.ec,"Could not resolve host: tupigachi.gob.ec"
turismo-jipijapa.gob.ec,"Could not resolve host: turismo-jipijapa.gob.ec"
turismo.duran.gob.ec,"Could not resolve host: turismo.duran.gob.ec"
turismo.esmeraldas.gob.ec,"Could not resolve host: turismo.esmeraldas.gob.ec"
turismo.gmtulcan.gob.ec,"Could not resolve host: turismo.gmtulcan.gob.ec"
turismo.gob.ec,"SSL certificate problem: certificate has expired"
turismo.yantzaza.gob.ec,"Could not resolve host: turismo.yantzaza.gob.ec"
turismoalausi.gob.ec,"Could not resolve host: turismoalausi.gob.ec"
turno.transitotungurahua.gob.ec,"Could not resolve host: turno.transitotungurahua.gob.ec"
turnos.dirmovmejia.gob.ec,"Could not resolve host: turnos.dirmovmejia.gob.ec"
uaf.gob.ec,"Could not resolve host: uaf.gob.ec"
udi.hagp.gob.ec,"Could not resolve host: udi.hagp.gob.ec"
uioasys01.cancilleria.gob.ec,"Could not resolve host: uioasys01.cancilleria.gob.ec"
uiompas01.supertel.gob.ec,"Could not resolve host: uiompas01.supertel.gob.ec"
uiowbxadmin01.cnt.gob.ec,"Could not resolve host: uiowbxadmin01.cnt.gob.ec"
uiowbxmedia01.cnt.gob.ec,"Could not resolve host: uiowbxmedia01.cnt.gob.ec"
ulco.gob.ec,"301"
una.gob.ec,"Could not resolve host: una.gob.ec"
unionmilagrenia.gob.ec,"200"
urbina.gob.ec,"Could not resolve host: urbina.gob.ec"
urdaneta.gob.ec,"200"
utuana.gob.ec,"200"
uyumbicho.gob.ec,"Operation timed out after 3001 milliseconds with 0 bytes received"
uyumbicho.guangopolo.gob.ec,"Could not resolve host: uyumbicho.guangopolo.gob.ec"
vallehermoso.gob.ec,"Could not resolve host: vallehermoso.gob.ec"
valparaiso.gob.ec,"200"
ventura.gob.ec,"200"
veracruz.gob.ec,"200"
verificatusdatos.registrocivil.gob.ec,"Operation timed out after 3002 milliseconds with 0 bytes received"
vialzachin.gob.ec,"200"
viceministerioap.gob.ec,"Could not resolve host: viceministerioap.gob.ec"
vicepresidencia.gob.ec,"Could not resolve host: vicepresidencia.gob.ec"
video.policia.gob.ec,"Could not resolve host: video.policia.gob.ec"
video.sri.gob.ec,"Could not resolve host: video.sri.gob.ec"
videoconferencia.finanzas.gob.ec,"Could not resolve host: videoconferencia.finanzas.gob.ec"
vinces.gob.ec,"Operation timed out after 3000 milliseconds with 0 bytes received"
virtual.registrocivil.gob.ec,"200"
virtual.tena.gob.ec,"Could not resolve host: virtual.tena.gob.ec"
visitazaruma.zaruma.gob.ec,"Could not resolve host: visitazaruma.zaruma.gob.ec"
vpn.celec.gob.ec,"Could not resolve host: vpn.celec.gob.ec"
vue.inen.gob.ec,"Could not resolve host: vue.inen.gob.ec"
vue.oae.gob.ec,"Could not resolve host: vue.oae.gob.ec"
vueltalarga.gob.ec,"Could not resolve host: vueltalarga.gob.ec"
vur.cnelep.gob.ec,"Could not resolve host: vur.cnelep.gob.ec"
wac.cscg.gob.ec,"Could not resolve host: wac.cscg.gob.ec"
wakambeis.gob.ec,"200"
web.epam.gob.ec,"Could not resolve host: web.epam.gob.ec"
webcon.dinardap.gob.ec,"Could not resolve host: webcon.dinardap.gob.ec"
webconf.educacion.gob.ec,"Connection timed out after 3001 milliseconds"
webconf.mintel.gob.ec,"Could not resolve host: webconf.mintel.gob.ec"
webconfig.senplades.gob.ec,"Could not resolve host: webconfig.senplades.gob.ec"
webext.cscg.gob.ec,"Could not resolve host: webext.cscg.gob.ec"
webmail.ecu911.gob.ec,"Could not resolve host: webmail.ecu911.gob.ec"
webmail.emaapq.gob.ec,"Could not resolve host: webmail.emaapq.gob.ec"
webmail.epmmop.gob.ec,"Could not resolve host: webmail.epmmop.gob.ec"
webmail.finanzas.gob.ec,"Could not resolve host: webmail.finanzas.gob.ec"
webmail.mintel.gob.ec,"Could not resolve host: webmail.mintel.gob.ec"
webmail.mrl.gob.ec,"Could not resolve host: webmail.mrl.gob.ec"
webmail.presidencia.gob.ec,"Could not resolve host: webmail.presidencia.gob.ec"
webmail.sercop.gob.ec,"Connection timed out after 3002 milliseconds"
webmail.seteci.gob.ec,"Could not resolve host: webmail.seteci.gob.ec"
webmail.trabajo.gob.ec,"Could not resolve host: webmail.trabajo.gob.ec"
webservice02.registrocivil.gob.ec,"Could not resolve host: webservice02.registrocivil.gob.ec"
webservices.contraloria.gob.ec,"SSL: no alternative certificate subject name matches target hostname 'webservices.contraloria.gob.ec'"
wlc.quito.gob.ec,"Could not resolve host: wlc.quito.gob.ec"
wma.sri.gob.ec,"Could not resolve host: wma.sri.gob.ec"
wma1.sri.gob.ec,"Could not resolve host: wma1.sri.gob.ec"
ws.iess.gob.ec,"Could not resolve host: ws.iess.gob.ec"
ws.registrocrediticio.gob.ec,"Could not resolve host: ws.registrocrediticio.gob.ec"
wsprodu.registrocivil.gob.ec,"Connection timed out after 3002 milliseconds"
www.11denoviembre.gob.ec,"Could not resolve host: www.11denoviembre.gob.ec"
www.18d02.mspz3.gob.ec,"Could not resolve host: www.18d02.mspz3.gob.ec"
www.5dejunio.gob.ec,"Could not resolve host: www.5dejunio.gob.ec"
www.administracionpublica.gob.ec,"Could not resolve host: www.administracionpublica.gob.ec"
www.adpm.gob.ec,"Could not resolve host: www.adpm.gob.ec"
www.agadpri.gob.ec,"Could not resolve host: www.agadpri.gob.ec"
www.agopruc.gob.ec,"Could not resolve host: www.agopruc.gob.ec"
www.agricultura.gob.ec,"Could not resolve host: www.agricultura.gob.ec"
www.agua.gob.ec,"Could not resolve host: www.agua.gob.ec"
www.aguaquito.gob.ec,"403"
www.aguarico.gob.ec,"301"
www.aguasdelchuno.gob.ec,"301"
www.aguasmachala.gob.ec,"200"
www.ajholguin.gob.ec,"301"
www.alaquez.gob.ec,"Could not resolve host: www.alaquez.gob.ec"
www.alausi.gob.ec,"Operation timed out after 3001 milliseconds with 0 bytes received"
www.aloag.gob.ec,"Could not resolve host: www.aloag.gob.ec"
www.aloag.guangopolo.gob.ec,"Could not resolve host: www.aloag.guangopolo.gob.ec"
www.amaguania.gob.ec,"Could not resolve host: www.amaguania.gob.ec"
www.amaluzaazuay.gob.ec,"301"
www.amarillos.gob.ec,"Could not resolve host: www.amarillos.gob.ec"
www.ambato.gob.ec,"Could not resolve host: www.ambato.gob.ec"
www.ambiente.gob.ec,"SSL certificate problem: certificate has expired"
www.ame.gob.ec,"301"
www.ameguayas.gob.ec,"SSL: no alternative certificate subject name matches target hostname 'www.ameguayas.gob.ec'"
www.amevirtual.gob.ec,"301"
www.anchayacu.gob.ec,"Could not resolve host: www.anchayacu.gob.ec"
www.angamarca.gob.ec,"Could not resolve host: www.angamarca.gob.ec"
www.aprim.gob.ec,"Could not resolve host: www.aprim.gob.ec"
www.archidona.epemapar.gob.ec,"Could not resolve host: www.archidona.epemapar.gob.ec"
www.archidona.gob.ec,"301"
www.arosemenatola.gob.ec,"403"
www.artesanal.viceministerioap.gob.ec,"Could not resolve host: www.artesanal.viceministerioap.gob.ec"
www.asa.gob.ec,"Could not resolve host: www.asa.gob.ec"
www.asfaltarep.gob.ec,"301"
www.asogoparna.conjupas.gob.ec,"Could not resolve host: www.asogoparna.conjupas.gob.ec"
www.asogoparna.gob.ec,"Could not resolve host: www.asogoparna.gob.ec"
www.asogoparza-ch.gob.ec,"Could not resolve host: www.asogoparza-ch.gob.ec"
www.atahualpahabaspamba.gob.ec,"Could not resolve host: www.atahualpahabaspamba.gob.ec"
www.atencionciudadana.carchi.gob.ec,"Could not resolve host: www.atencionciudadana.carchi.gob.ec"
www.atm.gob.ec,"Could not resolve host: www.atm.gob.ec"
www.augustonmartinez.gob.ec,"301"
www.aventura.quijos.gob.ec,"Could not resolve host: www.aventura.quijos.gob.ec"
www.avila.gob.ec,"200"
www.ayapamba.gob.ec,"301"
www.balsas.gob.ec,"200"
www.baquerizomoreno.gob.ec,"Could not resolve host: www.baquerizomoreno.gob.ec"
www.barbones.gob.ec,"301"
www.barraganete.gob.ec,"301"
www.bayushig.gob.ec,"302"
www.belisarioquevedo.gob.ec,"301"
www.bellamariasantarosa.gob.ec,"Could not resolve host: www.bellamariasantarosa.gob.ec"
www.bellavista.gob.ec,"Could not resolve host: www.bellavista.gob.ec"
www.bellavistaeloro.gob.ec,"200"
www.benitez.gob.ec,"Could not resolve host: www.benitez.gob.ec"
www.bermejos.gob.ec,"Could not resolve host: www.bermejos.gob.ec"
www.bomberos-salinas.gob.ec,"Could not resolve host: www.bomberos-salinas.gob.ec"
www.bomberosbabahoyo.gob.ec,"301"
www.bomberosbalao.gob.ec,"301"
www.bomberosbalzar.gob.ec,"301"
www.bomberosbnf.gob.ec,"200"
www.bomberosbolivar.gob.ec,"Operation timed out after 3001 milliseconds with 0 bytes received"
www.bomberoscalvas.gob.ec,"Could not resolve host: www.bomberoscalvas.gob.ec"
www.bomberoscuyabeno.gob.ec,"SSL: no alternative certificate subject name matches target hostname 'www.bomberoscuyabeno.gob.ec'"
www.bomberosdeduran.gob.ec,"307"
www.bomberosdemacas.gob.ec,"Could not resolve host: www.bomberosdemacas.gob.ec"
www.bomberosdetisaleo.gob.ec,"301"
www.bomberoselchaco.gob.ec,"SSL certificate problem: certificate has expired"
www.bomberoseltambo.gob.ec,"200"
www.bomberosgualaquiza.gob.ec,"200"
www.bomberosguamote.gob.ec,"403"
www.bomberosguaranda.gob.ec,"301"
www.bomberoslatroncal.gob.ec,"Operation timed out after 3001 milliseconds with 0 bytes received"
www.bomberosloja.gob.ec,"Connection timed out after 3001 milliseconds"
www.bomberosloreto.gob.ec,"301"
www.bomberosnapo.gob.ec,"Could not resolve host: www.bomberosnapo.gob.ec"
www.bomberosona.gob.ec,"Could not resolve host: www.bomberosona.gob.ec"
www.bomberosorellana.gob.ec,"Could not resolve host: www.bomberosorellana.gob.ec"
www.bomberospinas.gob.ec,"200"
www.bomberosplayas.gob.ec,"SSL: no alternative certificate subject name matches target hostname 'www.bomberosplayas.gob.ec'"
www.bomberosponce.gob.ec,"200"
www.bomberosportoviejo.gob.ec,"301"
www.bomberospucara.gob.ec,"Could not resolve host: www.bomberospucara.gob.ec"
www.bomberospuertoayora.gob.ec,"302"
www.bomberosriobamba.gob.ec,"200"
www.bomberossamborondon.gob.ec,"301"
www.bomberossancristobalgalapagos.gob.ec,"200"
www.bomberossantaelena.gob.ec,"200"
www.bomberostulcan.gob.ec,"500"
www.borbon.gob.ec,"Could not resolve host: www.borbon.gob.ec"
www.buenafe.gob.ec,"Could not resolve host: www.buenafe.gob.ec"
www.buenavista.gob.ec,"Could not resolve host: www.buenavista.gob.ec"
www.buenavistaloja.gob.ec,"301"
www.caa302.gob.ec,"Could not resolve host: www.caa302.gob.ec"
www.cabosanfrancisco.gob.ec,"SSL: no alternative certificate subject name matches target hostname 'www.cabosanfrancisco.gob.ec'"
www.cacha.gob.ec,"200"
www.callcenter.consuladovirtual.gob.ec,"Could not resolve host: www.callcenter.consuladovirtual.gob.ec"
www.caluma.gob.ec,"301"
www.campozano.gob.ec,"Could not resolve host: www.campozano.gob.ec"
www.canar.gob.ec,"200"
www.canchagua.gob.ec,"301"
www.cancilleria.gob.ec,"SSL certificate problem: unable to get local issuer certificate"
www.cani.gob.ec,"Could not resolve host: www.cani.gob.ec"
www.canoa.gob.ec,"301"
www.canton.quijos.gob.ec,"Could not resolve host: www.canton.quijos.gob.ec"
www.canuto.gob.ec,"Could not resolve host: www.canuto.gob.ec"
www.cap-augustorivadeneira.gob.ec,"Could not resolve host: www.cap-augustorivadeneira.gob.ec"
www.carcabon.gob.ec,"Could not resolve host: www.carcabon.gob.ec"
www.carlosconcha.gob.ec,"Could not resolve host: www.carlosconcha.gob.ec"
www.casacay.gob.ec,"301"
www.casadelacultura.gob.ec,"Operation timed out after 3002 milliseconds with 0 bytes received"
www.casademontalvo.gob.ec,"200"
www.casanga.gob.ec,"Connection timed out after 3002 milliseconds"
www.cascales.gob.ec,"Operation timed out after 3002 milliseconds with 0 bytes received"
www.catastro.epemapar.gob.ec,"Could not resolve host: www.catastro.epemapar.gob.ec"
www.cazaderos.gob.ec,"301"
www.ccem.gob.ec,"Could not resolve host: www.ccem.gob.ec"
www.ccnamera.gob.ec,"Could not resolve host: www.ccnamera.gob.ec"
www.ccpd.duran.gob.ec,"SSL: no alternative certificate subject name matches target hostname 'www.ccpd.duran.gob.ec'"
www.ccpdlaconcordia.gob.ec,"301"
www.ccpdlatroncal.gob.ec,"301"
www.ccpdp.elpangui.gob.ec,"Could not resolve host: www.ccpdp.elpangui.gob.ec"
www.ccs.gob.ec,"Could not resolve host: www.ccs.gob.ec"
www.cebadas.gob.ec,"Could not resolve host: www.cebadas.gob.ec"
www.cef.sri.gob.ec,"Could not resolve host: www.cef.sri.gob.ec"
www.cefaspms.gob.ec,"Could not resolve host: www.cefaspms.gob.ec"
www.celec.gob.ec,"Could not resolve host: www.celec.gob.ec"
www.celecloud.celec.gob.ec,"Could not resolve host: www.celecloud.celec.gob.ec"
www.cerroazul.gob.ec,"200"
www.cesantiapn.gob.ec,"Could not resolve host: www.cesantiapn.gob.ec"
www.cevallos.gob.ec,"Could not resolve host: www.cevallos.gob.ec"
www.chacras.gob.ec,"301"
www.chaguarpamba.gob.ec,"Could not resolve host: www.chaguarpamba.gob.ec"
www.chaguarpamba.gob.ec.importadoralavacor.com,"Could not resolve host: www.chaguarpamba.gob.ec.importadoralavacor.com"
www.chamanga.gob.ec,"SSL: no alternative certificate subject name matches target hostname 'www.chamanga.gob.ec'"
www.chanduy.gob.ec,"Could not resolve host: www.chanduy.gob.ec"
www.chantaco.gob.ec,"Could not resolve host: www.chantaco.gob.ec"
www.chantaco.mancomunidadbosqueseco.gob.ec,"Could not resolve host: www.chantaco.mancomunidadbosqueseco.gob.ec"
www.chantilin.gob.ec,"301"
www.charapoto.gob.ec,"301"
www.chaucha.gob.ec,"Could not resolve host: www.chaucha.gob.ec"
www.chibunga.gob.ec,"Could not resolve host: www.chibunga.gob.ec"
www.chical.gob.ec,"Could not resolve host: www.chical.gob.ec"
www.chilla.gob.ec,"200"
www.chinca.gob.ec,"Could not resolve host: www.chinca.gob.ec"
www.chitandenavarretes.gob.ec,"301"
www.chontamarca.gob.ec,"Could not resolve host: www.chontamarca.gob.ec"
www.chorocopte.gob.ec,"200"
www.chugchilan.gob.ec,"302"
www.chumblin.gob.ec,"301"
www.chumunde.gob.ec,"200"
www.chuquiribamba.gob.ec,"301"
www.ciano.gob.ec,"200"
www.cicloviasecuador.gob.ec,"Could not resolve host: www.cicloviasecuador.gob.ec"
www.ciudadalfaro.gob.ec,"403"
www.cne.gob.ec,"HTTP/2 stream 1 was not closed cleanly: CANCEL (err 8)"
www.cnesantodomingo.gob.ec,"Could not resolve host: www.cnesantodomingo.gob.ec"
www.cnt.gob.ec,"Could not resolve host: www.cnt.gob.ec"
www.cochapamba.gob.ec,"302"
www.colaisaca.gob.ec,"Could not resolve host: www.colaisaca.gob.ec"
www.colonche.gob.ec,"Could not resolve host: www.colonche.gob.ec"
www.coloneloydelmaria.gob.ec,"SSL: no alternative certificate subject name matches target hostname 'www.coloneloydelmaria.gob.ec'"
www.columbe.gob.ec,"301"
www.comercioexterior.gob.ec,"Could not resolve host: www.comercioexterior.gob.ec"
www.compuanet.gadchaltura.gob.ec,"Could not resolve host: www.compuanet.gadchaltura.gob.ec"
www.compud.gob.ec,"Could not resolve host: www.compud.gob.ec"
www.comunicacion.gob.ec,"HTTP/2 stream 1 was not closed cleanly: PROTOCOL_ERROR (err 1)"
www.conagopare-orellana.gob.ec,"SSL: no alternative certificate subject name matches target hostname 'www.conagopare-orellana.gob.ec'"
www.conagopareazuay.gob.ec,"302"
www.conagoparecanar.gob.ec,"301"
www.conagoparecarchi.gob.ec,"Could not resolve host: www.conagoparecarchi.gob.ec"
www.conagoparecotopaxi.gob.ec,"Could not resolve host: www.conagoparecotopaxi.gob.ec"
www.conagopareeloro.gob.ec,"301"
www.conagopareesmeraldas.gob.ec,"SSL: no alternative certificate subject name matches target hostname 'www.conagopareesmeraldas.gob.ec'"
www.conagopareguayas.gob.ec,"SSL: no alternative certificate subject name matches target hostname 'www.conagopareguayas.gob.ec'"
www.conagoparemoronasantiago.gob.ec,"301"
www.conagoparenapo.gob.ec,"301"
www.conagoparepichincha.gob.ec,"200"
www.conagoparesantaelena.gob.ec,"SSL: no alternative certificate subject name matches target hostname 'www.conagoparesantaelena.gob.ec'"
www.conagoparesantodomingo.gob.ec,"SSL: no alternative certificate subject name matches target hostname 'www.conagoparesantodomingo.gob.ec'"
www.conasa.gob.ec,"Connection timed out after 3001 milliseconds"
www.conjupas.gob.ec,"Could not resolve host: www.conjupas.gob.ec"
www.conocoto.gob.ec,"Could not resolve host: www.conocoto.gob.ec"
www.cononaco.gob.ec,"SSL: no alternative certificate subject name matches target hostname 'www.cononaco.gob.ec'"
www.consejoderechoscuenca.gob.ec,"301"
www.constantinofernandez.gob.ec,"Could not resolve host: www.constantinofernandez.gob.ec"
www.construguayas.gob.ec,"Could not resolve host: www.construguayas.gob.ec"
www.consultas.aguaquito.gob.ec,"Could not resolve host: www.consultas.aguaquito.gob.ec"
www.consultas.atm.gob.ec,"Could not resolve host: www.consultas.atm.gob.ec"
www.consultas.epemapar.gob.ec,"Could not resolve host: www.consultas.epemapar.gob.ec"
www.copal.gob.ec,"Could not resolve host: www.copal.gob.ec"
www.coprodem.gob.ec,"Operation timed out after 3001 milliseconds with 0 bytes received"
www.cordoncillo.gob.ec,"200"
www.corporacionregistrocivil.gob.ec,"Recv failure: Connexion ré-initialisée par le correspondant"
www.correo.institutos.gob.ec,"Could not resolve host: www.correo.institutos.gob.ec"
www.correo.miduvi.gob.ec,"Could not resolve host: www.correo.miduvi.gob.ec"
www.correo.mtop.gob.ec,"Could not resolve host: www.correo.mtop.gob.ec"
www.correo.quito.gob.ec,"Could not resolve host: www.correo.quito.gob.ec"
www.correo.senescyt.gob.ec,"Could not resolve host: www.correo.senescyt.gob.ec"
www.correos.paltas.gob.ec,"Could not resolve host: www.correos.paltas.gob.ec"
www.corteconstitucional.gob.ec,"200"
www.cosede.gob.ec,"200"
www.cotacachi.gob.ec,"301"
www.cotalo.gob.ec,"Could not resolve host: www.cotalo.gob.ec"
www.cotogchoa.gob.ec,"Could not resolve host: www.cotogchoa.gob.ec"
www.cotundo.gob.ec,"Could not resolve host: www.cotundo.gob.ec"
www.coviprov.gob.ec,"Could not resolve host: www.coviprov.gob.ec"
www.cpdlli.gob.ec,"Could not resolve host: www.cpdlli.gob.ec"
www.cristobalcolon.gob.ec,"Failed to connect to www.cristobalcolon.gob.ec port 443 after 20 ms: Could not connect to server"
www.cruzpamba.gob.ec,"Could not resolve host: www.cruzpamba.gob.ec"
www.cubijies.gob.ec,"200"
www.cuellaje.gob.ec,"Could not resolve host: www.cuellaje.gob.ec"
www.cuenca.gob.ec,"Connection timed out after 3002 milliseconds"
www.cuerpobomberoslatacunga.gob.ec,"Could not resolve host: www.cuerpobomberoslatacunga.gob.ec"
www.culturaypatrimonio.gob.ec,"403"
www.cunchibamba.gob.ec,"301"
www.curtincapac.gob.ec,"Could not resolve host: www.curtincapac.gob.ec"
www.cusubamba.gob.ec,"Could not resolve host: www.cusubamba.gob.ec"
www.cuyabeno.gob.ec,"301"
www.dahuano.gob.ec,"Could not resolve host: www.dahuano.gob.ec"
www.datosabiertos.carchi.gob.ec,"Could not resolve host: www.datosabiertos.carchi.gob.ec"
www.datoseguro.gob.ec,"Connection timed out after 3002 milliseconds"
www.dayuma.gob.ec,"Could not resolve host: www.dayuma.gob.ec"
www.dda.gob.ec,"Could not resolve host: www.dda.gob.ec"
www.defensa.gob.ec,"520"
www.delegsol.gob.ec,"301"
www.deporte.gob.ec,"SSL certificate problem: certificate has expired"
www.desarrolloamazonico.gob.ec,"Could not resolve host: www.desarrolloamazonico.gob.ec"
www.desarrollosocial.gob.ec,"Could not resolve host: www.desarrollosocial.gob.ec"
www.dev.epam.gob.ec,"Could not resolve host: www.dev.epam.gob.ec"
www.diaf.gob.ec,"200"
www.dinardap.gob.ec,"Could not resolve host: www.dinardap.gob.ec"
www.dirmovmejia.gob.ec,"Could not resolve host: www.dirmovmejia.gob.ec"
www.disensa.taura.gob.ec,"Could not resolve host: www.disensa.taura.gob.ec"
www.distincion.quitoambiente.gob.ec,"Could not resolve host: www.distincion.quitoambiente.gob.ec"
www.distrito04d02.gob.ec,"Could not resolve host: www.distrito04d02.gob.ec"
www.dpsca.gob.ec,"200"
www.ducur.gob.ec,"Could not resolve host: www.ducur.gob.ec"
www.duran.gob.ec,"Connection timed out after 3001 milliseconds"
www.ecapag.gob.ec,"200"
www.echeandia.gob.ec,"200"
www.ecorae.gob.ec,"Could not resolve host: www.ecorae.gob.ec"
www.ecuadorestrategicoep.gob.ec,"Could not resolve host: www.ecuadorestrategicoep.gob.ec"
www.educacionsuperior.gob.ec,"Could not resolve host: www.educacionsuperior.gob.ec"
www.eempn.gob.ec,"Could not resolve host: www.eempn.gob.ec"
www.el-triunfo.gob.ec,"Could not resolve host: www.el-triunfo.gob.ec"
www.elcarmelo.gob.ec,"301"
www.elcarmen.gob.ec,"Could not resolve host: www.elcarmen.gob.ec"
www.elchaco.gob.ec,"Could not resolve host: www.elchaco.gob.ec"
www.elcisne.gob.ec,"301"
www.eldorado.gob.ec,"200"
www.electritelecom.mancomunidadbosqueseco.gob.ec,"Could not resolve host: www.electritelecom.mancomunidadbosqueseco.gob.ec"
www.eleden.gob.ec,"Could not resolve host: www.eleden.gob.ec"
www.elgoaltal.gob.ec,"301"
www.elingenio.gob.ec,"200"
www.ellaurel.gob.ec,"SSL: no alternative certificate subject name matches target hostname 'www.ellaurel.gob.ec'"
www.ellimo.gob.ec,"Could not resolve host: www.ellimo.gob.ec"
www.elmachismoesviolencia.gob.ec,"Could not resolve host: www.elmachismoesviolencia.gob.ec"
www.elpangui.gob.ec,"301"
www.elprogreso.gob.ec,"Could not resolve host: www.elprogreso.gob.ec"
www.elquinche.gob.ec,"200"
www.elretiro.gob.ec,"Could not resolve host: www.elretiro.gob.ec"
www.elrosario.gob.ec,"Could not resolve host: www.elrosario.gob.ec"
www.eltingo-laesperanza.gob.ec,"302"
www.emamep.gob.ec,"Could not resolve host: www.emamep.gob.ec"
www.emapac.gob.ec,"200"
www.emapad.emapad.gob.ec,"Could not resolve host: www.emapad.emapad.gob.ec"
www.emapad.gob.ec,"Connection timed out after 3002 milliseconds"
www.emasep.gob.ec,"301"
www.emcisa.gob.ec,"Could not resolve host: www.emcisa.gob.ec"
www.emgirs.gob.ec,"Could not resolve host: www.emgirs.gob.ec"
www.emot.duran.gob.ec,"Could not resolve host: www.emot.duran.gob.ec"
www.emprovial.gob.ec,"Could not resolve host: www.emprovial.gob.ec"
www.empupavq.gob.ec,"Could not resolve host: www.empupavq.gob.ec"
www.emrapah.gob.ec,"Could not resolve host: www.emrapah.gob.ec"
www.emsaba.gob.ec,"Connection timed out after 3002 milliseconds"
www.emuvial.gob.ec,"Failed to connect to www.emuvial.gob.ec port 443 after 16 ms: Could not connect to server"
www.emvialrios.gob.ec,"Could not resolve host: www.emvialrios.gob.ec"
www.encuestasprueba.epemapar.gob.ec,"Could not resolve host: www.encuestasprueba.epemapar.gob.ec"
www.energia.gob.ec,"Could not resolve host: www.energia.gob.ec"
www.enlinea.hmunicipal.gob.ec,"Could not resolve host: www.enlinea.hmunicipal.gob.ec"
www.epaamejia.gob.ec,"Connection timed out after 3002 milliseconds"
www.epagal.gob.ec,"301"
www.epam.gob.ec,"301"
www.epapacoli.gob.ec,"Could not resolve host: www.epapacoli.gob.ec"
www.epapap.gob.ec,"200"
www.epapar.gob.ec,"Could not resolve host: www.epapar.gob.ec"
www.epemapar.gob.ec,"200"
www.epemapar2.epemapar.gob.ec,"Could not resolve host: www.epemapar2.epemapar.gob.ec"
www.epm-bomberosruminahui.gob.ec,"Could not resolve host: www.epm-bomberosruminahui.gob.ec"
www.epmapacich.gob.ec,"Could not resolve host: www.epmapacich.gob.ec"
www.epmapap.gob.ec,"Operation timed out after 3000 milliseconds with 0 bytes received"
www.epmapas.gob.ec,"301"
www.epmgidsa.gob.ec,"200"
www.epmms.gob.ec,"Could not resolve host: www.epmms.gob.ec"
www.epumemq.gob.ec,"Could not resolve host: www.epumemq.gob.ec"
www.erfen.gob.ec,"Could not resolve host: www.erfen.gob.ec"
www.erp.aguaquito.gob.ec,"Could not resolve host: www.erp.aguaquito.gob.ec"
www.escuelapolicia.gob.ec,"Could not resolve host: www.escuelapolicia.gob.ec"
www.eservicios.mintel.gob.ec,"Could not resolve host: www.eservicios.mintel.gob.ec"
www.esmeraldas.gob.ec,"200"
www.espindola.gob.ec,"301"
www.eventosenvivo.ipgh.gob.ec,"Could not resolve host: www.eventosenvivo.ipgh.gob.ec"
www.face.epemapar.gob.ec,"Could not resolve host: www.face.epemapar.gob.ec"
www.facturacion.duran.gob.ec,"Could not resolve host: www.facturacion.duran.gob.ec"
www.facturacion.rpmlt.gob.ec,"200"
www.fertiuna.una.gob.ec,"Could not resolve host: www.fertiuna.una.gob.ec"
www.fichaunica.datoseguro.gob.ec,"Could not resolve host: www.fichaunica.datoseguro.gob.ec"
www.finanzas.finanzaspopulares.gob.ec,"Could not resolve host: www.finanzas.finanzaspopulares.gob.ec"
www.finanzas.gob.ec,"HTTP/2 stream 1 was not closed cleanly: PROTOCOL_ERROR (err 1)"
www.fondoambientalquito.gob.ec,"403"
www.fundacionmc.taura.gob.ec,"Could not resolve host: www.fundacionmc.taura.gob.ec"
www.fundochamba.gob.ec,"301"
www.fw.dpe.gob.ec,"Could not resolve host: www.fw.dpe.gob.ec"
www.gaceta.quijos.gob.ec,"Could not resolve host: www.gaceta.quijos.gob.ec"
www.gaceta2.pelileo.gob.ec,"Could not resolve host: www.gaceta2.pelileo.gob.ec"
www.gadabdoncalderon.gob.ec,"Could not resolve host: www.gadabdoncalderon.gob.ec"
www.gadalejolascano.agopruc.gob.ec,"Could not resolve host: www.gadalejolascano.agopruc.gob.ec"
www.gadalejolascano.gob.ec,"Could not resolve host: www.gadalejolascano.gob.ec"
www.gadalhajuela.gob.ec,"Could not resolve host: www.gadalhajuela.gob.ec"
www.gadambatillo.gob.ec,"301"
www.gadarcapamba.gob.ec,"200"
www.gadbachillero.agopruc.gob.ec,"Could not resolve host: www.gadbachillero.agopruc.gob.ec"
www.gadbachillero.gob.ec,"SSL: no alternative certificate subject name matches target hostname 'www.gadbachillero.gob.ec'"
www.gadbellamaria.gob.ec,"Could not resolve host: www.gadbellamaria.gob.ec"
www.gadbolaspamba.gob.ec,"Operation timed out after 3001 milliseconds with 0 bytes received"
www.gadbolivar-muisne.gob.ec,"Could not resolve host: www.gadbolivar-muisne.gob.ec"
www.gadbolivar.gob.ec,"301"
www.gadbomboiza.gob.ec,"Could not resolve host: www.gadbomboiza.gob.ec"
www.gadboyaca.gob.ec,"SSL: no alternative certificate subject name matches target hostname 'www.gadboyaca.gob.ec'"
www.gadbulan.gob.ec,"Could not resolve host: www.gadbulan.gob.ec"
www.gadcamarones.gob.ec,"Could not resolve host: www.gadcamarones.gob.ec"
www.gadcampozano.gob.ec,"Could not resolve host: www.gadcampozano.gob.ec"
www.gadcanaribamba.gob.ec,"301"
www.gadcangonama.gob.ec,"Could not resolve host: www.gadcangonama.gob.ec"
www.gadcapiro.gob.ec,"Could not resolve host: www.gadcapiro.gob.ec"
www.gadcarondelet.gob.ec,"Could not resolve host: www.gadcarondelet.gob.ec"
www.gadcascol.gob.ec,"Could not resolve host: www.gadcascol.gob.ec"
www.gadchaltura.gob.ec,"Could not resolve host: www.gadchaltura.gob.ec"
www.gadchicana.gob.ec,"301"
www.gadchiguaza.gob.ec,"Could not resolve host: www.gadchiguaza.gob.ec"
www.gadchinchipe.gob.ec,"301"
www.gadchiquicha.gob.ec,"200"
www.gadchirijos.gob.ec,"Could not resolve host: www.gadchirijos.gob.ec"
www.gadchontaduro.gob.ec,"Could not resolve host: www.gadchontaduro.gob.ec"
www.gadcojimies.gob.ec,"301"
www.gadconvento.agopruc.gob.ec,"Could not resolve host: www.gadconvento.agopruc.gob.ec"
www.gadconvento.gob.ec,"301"
www.gadcrucita.gob.ec,"Operation timed out after 3000 milliseconds with 0 bytes received"
www.gadcumbaratza.gob.ec,"Could not resolve host: www.gadcumbaratza.gob.ec"
www.gadelairo.gob.ec,"301"
www.gadelaltar.gob.ec,"200"
www.gadelanegado.gob.ec,"301"
www.gadelcabo.gob.ec,"301"
www.gadelchorro.gob.ec,"Could not resolve host: www.gadelchorro.gob.ec"
www.gadelingenio.gob.ec,"Could not resolve host: www.gadelingenio.gob.ec"
www.gadelmorro.gob.ec,"Could not resolve host: www.gadelmorro.gob.ec"
www.gadeloyalfaro.gob.ec,"Could not resolve host: www.gadeloyalfaro.gob.ec"
www.gadelparaiso.gob.ec,"302"
www.gadelprogreso.gob.ec,"301"
www.gadeltablon.gob.ec,"Could not resolve host: www.gadeltablon.gob.ec"
www.gadeltambo.gob.ec,"Could not resolve host: www.gadeltambo.gob.ec"
www.gadeltriunfo.gob.ec,"200"
www.gademiliomariateran.gob.ec,"200"
www.gadeugenioespejo.gob.ec,"Could not resolve host: www.gadeugenioespejo.gob.ec"
www.gadgarciamoreno.gob.ec,"200"
www.gadgualaquiza.gob.ec,"301"
www.gadguale.gob.ec,"Could not resolve host: www.gadguale.gob.ec"
www.gadgualea.gob.ec,"301"
www.gadguanando.gob.ec,"301"
www.gadguayllabamba.gob.ec,"301"
www.gadhonoratovasquez.gob.ec,"Could not resolve host: www.gadhonoratovasquez.gob.ec"
www.gadhuambi.gob.ec,"Could not resolve host: www.gadhuambi.gob.ec"
www.gadhuertas.gob.ec,"Could not resolve host: www.gadhuertas.gob.ec"
www.gadhuigra.gob.ec,"200"
www.gadimantag.gob.ec,"Could not resolve host: www.gadimantag.gob.ec"
www.gadisabela.gob.ec,"Could not resolve host: www.gadisabela.gob.ec"
www.gadizamba.gob.ec,"301"
www.gadlaamerica.gob.ec,"Could not resolve host: www.gadlaamerica.gob.ec"
www.gadlaesperanza.gob.ec,"Operation timed out after 3001 milliseconds with 0 bytes received"
www.gadlasnieves.gob.ec,"Could not resolve host: www.gadlasnieves.gob.ec"
www.gadlaunion.gob.ec,"SSL: no alternative certificate subject name matches target hostname 'www.gadlaunion.gob.ec'"
www.gadlauroguerrero.gob.ec,"301"
www.gadlavictoria.gob.ec,"Could not resolve host: www.gadlavictoria.gob.ec"
www.gadlimones.gob.ec,"Could not resolve host: www.gadlimones.gob.ec"
www.gadlinares.gob.ec,"301"
www.gadllacao.gob.ec,"301"
www.gadmajua.gob.ec,"Could not resolve host: www.gadmajua.gob.ec"
www.gadmalchingui.gob.ec,"Could not resolve host: www.gadmalchingui.gob.ec"
www.gadmaldonado.gob.ec,"Could not resolve host: www.gadmaldonado.gob.ec"
www.gadmarcosespinel.gob.ec,"200"
www.gadmatic.ambato.gob.ec,"Could not resolve host: www.gadmatic.ambato.gob.ec"
www.gadmatus.gob.ec,"200"
www.gadmembrillo.gob.ec,"Could not resolve host: www.gadmembrillo.gob.ec"
www.gadmesmeraldas.gob.ec,"Could not resolve host: www.gadmesmeraldas.gob.ec"
www.gadmilagro.gob.ec,"Could not resolve host: www.gadmilagro.gob.ec"
www.gadmilagros.gob.ec,"200"
www.gadmonterrey.gob.ec,"Could not resolve host: www.gadmonterrey.gob.ec"
www.gadmriobamba.gob.ec,"Could not resolve host: www.gadmriobamba.gob.ec"
www.gadmsigchos.gob.ec,"Could not resolve host: www.gadmsigchos.gob.ec"
www.gadmsmb.gob.ec,"Operation timed out after 3000 milliseconds with 0 bytes received"
www.gadnuevoparaiso.gob.ec,"Could not resolve host: www.gadnuevoparaiso.gob.ec"
www.gadnuevoquito.gob.ec,"Could not resolve host: www.gadnuevoquito.gob.ec"
www.gadpalanda.gob.ec,"301"
www.gadpalshi9deoctubre.gob.ec,"Could not resolve host: www.gadpalshi9deoctubre.gob.ec"
www.gadpancon.gob.ec,"Could not resolve host: www.gadpancon.gob.ec"
www.gadparroquiabolivar.gob.ec,"200"
www.gadparroquialabanin.gob.ec,"301"
www.gadparroquialacandelaria.gob.ec,"Could not resolve host: www.gadparroquialacandelaria.gob.ec"
www.gadparroquialgeneralproano.gob.ec,"Could not resolve host: www.gadparroquialgeneralproano.gob.ec"
www.gadparroquiallorenzodegaraicoa.gob.ec,"Could not resolve host: www.gadparroquiallorenzodegaraicoa.gob.ec"
www.gadparroquialmolleturo.gob.ec,"SSL certificate problem: certificate has expired"
www.gadparroquialpicaihua.gob.ec,"Could not resolve host: www.gadparroquialpicaihua.gob.ec"
www.gadparroquialposorja.gob.ec,"Could not resolve host: www.gadparroquialposorja.gob.ec"
www.gadparroquialsanjuan.gob.ec,"Could not resolve host: www.gadparroquialsanjuan.gob.ec"
www.gadparroquialsantafe.gob.ec,"Could not resolve host: www.gadparroquialsantafe.gob.ec"
www.gadparroquialtarifa.gob.ec,"Could not resolve host: www.gadparroquialtarifa.gob.ec"
www.gadparroquialuzhcurrumi.gob.ec,"200"
www.gadparroquiaturupamba.gob.ec,"503"
www.gadpasa.gob.ec,"301"
www.gadpasuncion.gob.ec,"Could not resolve host: www.gadpasuncion.gob.ec"
www.gadpatahualpa-camarones.gob.ec,"Could not resolve host: www.gadpatahualpa-camarones.gob.ec"
www.gadpcochapata.gob.ec,"301"
www.gadpe.gob.ec,"Could not resolve host: www.gadpe.gob.ec"
www.gadpedrojmontero.gob.ec,"Could not resolve host: www.gadpedrojmontero.gob.ec"
www.gadpedropablogomez.gob.ec,"Could not resolve host: www.gadpedropablogomez.gob.ec"
www.gadpguachanama.gob.ec,"Could not resolve host: www.gadpguachanama.gob.ec"
www.gadpindal.gob.ec,"200"
www.gadpinllo.gob.ec,"301"
www.gadpistishi.gob.ec,"Could not resolve host: www.gadpistishi.gob.ec"
www.gadpmontalvo.gob.ec,"Could not resolve host: www.gadpmontalvo.gob.ec"
www.gadpoalo.gob.ec,"Could not resolve host: www.gadpoalo.gob.ec"
www.gadpr-atahualpa.gadpancon.gob.ec,"Could not resolve host: www.gadpr-atahualpa.gadpancon.gob.ec"
www.gadpr-atahualpa.gob.ec,"SSL: no alternative certificate subject name matches target hostname 'www.gadpr-atahualpa.gob.ec'"
www.gadpr-nulti.gob.ec,"301"
www.gadprahuano.gob.ec,"302"
www.gadprayacucho.gob.ec,"SSL: no alternative certificate subject name matches target hostname 'www.gadprayacucho.gob.ec'"
www.gadprborja.gob.ec,"Could not resolve host: www.gadprborja.gob.ec"
www.gadprcanelos.gob.ec,"301"
www.gadprcosanga.conjupas.gob.ec,"Could not resolve host: www.gadprcosanga.conjupas.gob.ec"
www.gadprcosanga.gob.ec,"Could not resolve host: www.gadprcosanga.gob.ec"
www.gadprcuyuja.conjupas.gob.ec,"Could not resolve host: www.gadprcuyuja.conjupas.gob.ec"
www.gadprcuyuja.gob.ec,"Could not resolve host: www.gadprcuyuja.gob.ec"
www.gadprdanielcordovatoral.gob.ec,"301"
www.gadpreleno.gob.ec,"Could not resolve host: www.gadpreleno.gob.ec"
www.gadprgonzalodiazdepineda.gob.ec,"SSL certificate problem: certificate has expired"
www.gadprincipal.gob.ec,"Could not resolve host: www.gadprincipal.gob.ec"
www.gadprlavillegas.gob.ec,"Could not resolve host: www.gadprlavillegas.gob.ec"
www.gadprlinares.conjupas.gob.ec,"Could not resolve host: www.gadprlinares.conjupas.gob.ec"
www.gadprlinares.gob.ec,"Could not resolve host: www.gadprlinares.gob.ec"
www.gadprmontalvo.gob.ec,"301"
www.gadprmuyuna.gob.ec,"Could not resolve host: www.gadprmuyuna.gob.ec"
www.gadprosarioloja.gob.ec,"Could not resolve host: www.gadprosarioloja.gob.ec"
www.gadproyacachi.conjupas.gob.ec,"Could not resolve host: www.gadproyacachi.conjupas.gob.ec"
www.gadproyacachi.gob.ec,"Could not resolve host: www.gadproyacachi.gob.ec"
www.gadprpapallacta.gob.ec,"302"
www.gadprpijili.gob.ec,"Could not resolve host: www.gadprpijili.gob.ec"
www.gadprpuertomisahualli.gob.ec,"Could not resolve host: www.gadprpuertomisahualli.gob.ec"
www.gadprpuertomisahualli.guangopolo.gob.ec,"Could not resolve host: www.gadprpuertomisahualli.guangopolo.gob.ec"
www.gadprpuertonapo.conjupas.gob.ec,"Could not resolve host: www.gadprpuertonapo.conjupas.gob.ec"
www.gadprpuertonapo.gob.ec,"301"
www.gadprpuna.gob.ec,"Could not resolve host: www.gadprpuna.gob.ec"
www.gadprriocorrientes.gob.ec,"Could not resolve host: www.gadprriocorrientes.gob.ec"
www.gadprsanpablodeushpayacu.gob.ec,"Could not resolve host: www.gadprsanpablodeushpayacu.gob.ec"
www.gadprsanpablodeushpayacu.guangopolo.gob.ec,"Could not resolve host: www.gadprsanpablodeushpayacu.guangopolo.gob.ec"
www.gadprsarayacu.gob.ec,"Could not resolve host: www.gadprsarayacu.gob.ec"
www.gadprsardinas.agopruc.gob.ec,"Could not resolve host: www.gadprsardinas.agopruc.gob.ec"
www.gadprsardinas.gob.ec,"302"
www.gadprshell.gob.ec,"301"
www.gadprsumaco.agopruc.gob.ec,"Could not resolve host: www.gadprsumaco.agopruc.gob.ec"
www.gadprsumaco.gob.ec,"Could not resolve host: www.gadprsumaco.gob.ec"
www.gadprtalag.agopruc.gob.ec,"Could not resolve host: www.gadprtalag.agopruc.gob.ec"
www.gadprtalag.gob.ec,"Could not resolve host: www.gadprtalag.gob.ec"
www.gadprtho.gob.ec,"Could not resolve host: www.gadprtho.gob.ec"
www.gadpsanmateo.gob.ec,"SSL: no alternative certificate subject name matches target hostname 'www.gadpsanmateo.gob.ec'"
www.gadpucapamba.gob.ec,"Could not resolve host: www.gadpucapamba.gob.ec"
www.gadpueblonuevo.gob.ec,"Could not resolve host: www.gadpueblonuevo.gob.ec"
www.gadpuebloviejo.gob.ec,"200"
www.gadpuertocayo.gob.ec,"SSL: no alternative certificate subject name matches target hostname 'www.gadpuertocayo.gob.ec'"
www.gadquingue.gob.ec,"Could not resolve host: www.gadquingue.gob.ec"
www.gadquisapincha.gob.ec,"Could not resolve host: www.gadquisapincha.gob.ec"
www.gadricaurte.agopruc.gob.ec,"Could not resolve host: www.gadricaurte.agopruc.gob.ec"
www.gadricaurte.gob.ec,"SSL: no alternative certificate subject name matches target hostname 'www.gadricaurte.gob.ec'"
www.gadrionegro.gob.ec,"200"
www.gadrioverde.gob.ec,"200"
www.gadrocafuerte.gob.ec,"Could not resolve host: www.gadrocafuerte.gob.ec"
www.gadrosario.gob.ec,"Could not resolve host: www.gadrosario.gob.ec"
www.gadrumipambaquero.gob.ec,"Could not resolve host: www.gadrumipambaquero.gob.ec"
www.gadsabiango.gob.ec,"301"
www.gadsalvias.gob.ec,"Could not resolve host: www.gadsalvias.gob.ec"
www.gadsanandres.gob.ec,"200"
www.gadsanandreschinchipe.gob.ec,"Could not resolve host: www.gadsanandreschinchipe.gob.ec"
www.gadsanfranciscodenovillo.gob.ec,"Could not resolve host: www.gadsanfranciscodenovillo.gob.ec"
www.gadsangerardo.gob.ec,"301"
www.gadsangregorio.gob.ec,"Could not resolve host: www.gadsangregorio.gob.ec"
www.gadsanlorenzomanabi.gob.ec,"Could not resolve host: www.gadsanlorenzomanabi.gob.ec"
www.gadsanmiguelito.gob.ec,"200"
www.gadsanpablo.gob.ec,"301"
www.gadsanpablodetenta.gob.ec,"Could not resolve host: www.gadsanpablodetenta.gob.ec"
www.gadsanpablodetenta.mancomunidadbosqueseco.gob.ec,"Could not resolve host: www.gadsanpablodetenta.mancomunidadbosqueseco.gob.ec"
www.gadsanpedrodelabendita.gob.ec,"Could not resolve host: www.gadsanpedrodelabendita.gob.ec"
www.gadsanpedrodesuma.gob.ec,"Could not resolve host: www.gadsanpedrodesuma.gob.ec"
www.gadsanrafaelcarchi.gob.ec,"Could not resolve host: www.gadsanrafaelcarchi.gob.ec"
www.gadsansebastian.gob.ec,"301"
www.gadsap.gob.ec,"301"
www.gadsbolivar.gob.ec,"Could not resolve host: www.gadsbolivar.gob.ec"
www.gadsixtoduranballen.gob.ec,"Could not resolve host: www.gadsixtoduranballen.gob.ec"
www.gadslp.gob.ec,"301"
www.gadsmc.gob.ec,"Could not resolve host: www.gadsmc.gob.ec"
www.gadtmrl.gob.ec,"301"
www.gadtonchigue.gob.ec,"Could not resolve host: www.gadtonchigue.gob.ec"
www.gadtonsupa.gob.ec,"Could not resolve host: www.gadtonsupa.gob.ec"
www.gadtotoras.gob.ec,"200"
www.gadulba.gob.ec,"Could not resolve host: www.gadulba.gob.ec"
www.gadyacuambi.gob.ec,"301"
www.gadzapallo.gob.ec,"Could not resolve host: www.gadzapallo.gob.ec"
www.galera.gob.ec,"SSL: no alternative certificate subject name matches target hostname 'www.galera.gob.ec'"
www.gaplabelleza.gob.ec,"SSL: no alternative certificate subject name matches target hostname 'www.gaplabelleza.gob.ec'"
www.garciamoreno.gob.ec,"301"
www.gestionadministrativa.gmtulcan.gob.ec,"Could not resolve host: www.gestionadministrativa.gmtulcan.gob.ec"
www.gestionderiesgos.gob.ec,"HTTP/2 stream 1 was not closed cleanly: PROTOCOL_ERROR (err 1)"
www.gestiondocumental.gob.ec,"301"
www.gestionelectronica.cnelep.gob.ec,"Could not resolve host: www.gestionelectronica.cnelep.gob.ec"
www.girg.gob.ec,"Could not resolve host: www.girg.gob.ec"
www.giron.gob.ec,"200"
www.gmtulcan.gob.ec,"302"
www.goberguayas.gob.ec,"200"
www.gobernacioncarchi.gob.ec,"Could not resolve host: www.gobernacioncarchi.gob.ec"
www.gobernaciondelguayas.gob.ec,"Could not resolve host: www.gobernaciondelguayas.gob.ec"
www.gobernaciongalapagos.gob.ec,"Could not resolve host: www.gobernaciongalapagos.gob.ec"
www.gobernacionguayas.gob.ec,"Could not resolve host: www.gobernacionguayas.gob.ec"
www.gobernacionmanabi.gob.ec,"Could not resolve host: www.gobernacionmanabi.gob.ec"
www.gobernacionpastaza.gob.ec,"200"
www.gobernacionsucumbios.gob.ec,"OpenSSL SSL_read: OpenSSL/3.5.3: error:0A000126:SSL routines::unexpected eof while reading, errno 0"
www.gobernacionzamora.gob.ec,"301"
www.gobiernoabierto.carchi.gob.ec,"Could not resolve host: www.gobiernoabierto.carchi.gob.ec"
www.gobiernocalvas.gob.ec,"301"
www.gobiernodeachupallas.gob.ec,"Could not resolve host: www.gobiernodeachupallas.gob.ec"
www.gobiernodemangahurco.gob.ec,"301"
www.gobiernodezapotillo.gob.ec,"Operation timed out after 3001 milliseconds with 0 bytes received"
www.gobiernogalapagos.gob.ec,"200"
www.gobiernojima.gob.ec,"Could not resolve host: www.gobiernojima.gob.ec"
www.gobiernoparroquialcheca.gob.ec,"Could not resolve host: www.gobiernoparroquialcheca.gob.ec"
www.gobiernoparroquialdechican.gob.ec,"Could not resolve host: www.gobiernoparroquialdechican.gob.ec"
www.gobiernoparroquialdedug-dug.gob.ec,"Could not resolve host: www.gobiernoparroquialdedug-dug.gob.ec"
www.gobiernoparroquialdelaiberia.gob.ec,"Could not resolve host: www.gobiernoparroquialdelaiberia.gob.ec"
www.gobiernoparroquialdetomebamba.gob.ec,"301"
www.gobiernoparroquialguayquichuma.gob.ec,"200"
www.gobiernoparroquiallaunion.gob.ec,"Could not resolve host: www.gobiernoparroquiallaunion.gob.ec"
www.gobiernoparroquialremigiocrespo.gob.ec,"301"
www.gobiernoparroquialsalasaka.gob.ec,"301"
www.gobiernoparroquialsancristobal.gob.ec,"301"
www.gobiernoparroquialsanjosederaranga.gob.ec,"Could not resolve host: www.gobiernoparroquialsanjosederaranga.gob.ec"
www.gobiernoparroquialsayausi.gob.ec,"Could not resolve host: www.gobiernoparroquialsayausi.gob.ec"
www.gobiernopcalderon.gob.ec,"Could not resolve host: www.gobiernopcalderon.gob.ec"
www.gonzol.gob.ec,"Could not resolve host: www.gonzol.gob.ec"
www.gpabdoncalderon.gob.ec,"301"
www.gpbellavista.gob.ec,"Could not resolve host: www.gpbellavista.gob.ec"
www.gpcuchil.gob.ec,"301"
www.gpgarciamoreno.gob.ec,"Could not resolve host: www.gpgarciamoreno.gob.ec"
www.gpjulioandrade.gob.ec,"Could not resolve host: www.gpjulioandrade.gob.ec"
www.gplalibertad.gob.ec,"Could not resolve host: www.gplalibertad.gob.ec"
www.gplapaz.gob.ec,"200"
www.gpludo.gob.ec,"Could not resolve host: www.gpludo.gob.ec"
www.gpluiscorderovega.gob.ec,"301"
www.gpmonteolivo.gob.ec,"Could not resolve host: www.gpmonteolivo.gob.ec"
www.gporellana.gob.ec,"Could not resolve host: www.gporellana.gob.ec"
www.gprsjose.gob.ec,"301"
www.gpsanbartolome.gob.ec,"301"
www.gpsanisidro.gob.ec,"SSL: no alternative certificate subject name matches target hostname 'www.gpsanisidro.gob.ec'"
www.gpsantarosa.gob.ec,"301"
www.gpsanvicente.gob.ec,"301"
www.gpsimonbolivar.gob.ec,"301"
www.gptutupali.gob.ec,"301"
www.guachapala.gob.ec,"301"
www.gualleturo.gob.ec,"200"
www.guanazan.gob.ec,"Could not resolve host: www.guanazan.gob.ec"
www.guangaje.gob.ec,"301"
www.guangopolo.gob.ec,"Could not resolve host: www.guangopolo.gob.ec"
www.guarainag.gob.ec,"301"
www.guasaganda.gob.ec,"301"
www.guasuntos.gob.ec,"200"
www.guaytacama.gob.ec,"301"
www.guayusa.gob.ec,"301"
www.guel.gob.ec,"Could not resolve host: www.guel.gob.ec"
www.guia.agrocalidad.gob.ec,"Could not resolve host: www.guia.agrocalidad.gob.ec"
www.guizhaguina.gob.ec,"301"
www.habitatyvivienda.gob.ec,"Could not resolve host: www.habitatyvivienda.gob.ec"
www.hagp.gob.ec,"Operation timed out after 3002 milliseconds with 0 bytes received"
www.hatunsumaku.gob.ec,"301"
www.hgoia.gob.ec,"200"
www.hojas-jaboncillo.gob.ec,"Could not resolve host: www.hojas-jaboncillo.gob.ec"
www.hospitalmacas.gob.ec,"Could not resolve host: www.hospitalmacas.gob.ec"
www.hospitalmarianadejesus.gob.ec,"Could not resolve host: www.hospitalmarianadejesus.gob.ec"
www.hotelchelita.guangopolo.gob.ec,"Could not resolve host: www.hotelchelita.guangopolo.gob.ec"
www.hpgl.gob.ec,"Could not resolve host: www.hpgl.gob.ec"
www.hsfq.gob.ec,"Could not resolve host: www.hsfq.gob.ec"
www.htdeloro.gob.ec,"Could not resolve host: www.htdeloro.gob.ec"
www.huaca.gob.ec,"Could not resolve host: www.huaca.gob.ec"
www.huambalo.gob.ec,"301"
www.huaquillas.gob.ec,"301"
www.huaticocha.gob.ec,"200"
www.huiririma.gob.ec,"200"
www.hvalenzuela.gob.ec,"Could not resolve host: www.hvalenzuela.gob.ec"
www.iepi.gob.ec,"Could not resolve host: www.iepi.gob.ec"
www.iess.gob.ec,"200"
www.ilapo.gob.ec,"Could not resolve host: www.ilapo.gob.ec"
www.inclusion.gob.ec,"SSL certificate problem: certificate has expired"
www.industrias.gob.ec,"Could not resolve host: www.industrias.gob.ec"
www.iner.gob.ec,"Could not resolve host: www.iner.gob.ec"
www.informatica.gob.ec,"Could not resolve host: www.informatica.gob.ec"
www.ingapirca.gob.ec,"Operation timed out after 3000 milliseconds with 0 bytes received"
www.inm.gob.ec,"Could not resolve host: www.inm.gob.ec"
www.inmobiliar.gob.ec,"SSL certificate problem: certificate has expired"
www.int.patate.gob.ec,"Could not resolve host: www.int.patate.gob.ec"
www.intranet.alausi.gob.ec,"SSL: no alternative certificate subject name matches target hostname 'www.intranet.alausi.gob.ec'"
www.intranet.seps.gob.ec,"Could not resolve host: www.intranet.seps.gob.ec"
www.ipgh.gob.ec,"Could not resolve host: www.ipgh.gob.ec"
www.isinlivi.gob.ec,"Could not resolve host: www.isinlivi.gob.ec"
www.jadan.gob.ec,"Could not resolve host: www.jadan.gob.ec"
www.jambeli.gob.ec,"200"
www.jaramijo.gob.ec,"302"
www.jerusalen.gob.ec,"200"
www.jimbilla.gob.ec,"Could not resolve host: www.jimbilla.gob.ec"
www.jipijapa.gob.ec,"403"
www.joseguangobajo.gob.ec,"301"
www.jpprogreso.gob.ec,"Could not resolve host: www.jpprogreso.gob.ec"
www.juandevelasco.gob.ec,"Could not resolve host: www.juandevelasco.gob.ec"
www.juanmontalvo.gob.ec,"Could not resolve host: www.juanmontalvo.gob.ec"
www.juncal.gob.ec,"200"
www.juntacantonal.gmtulcan.gob.ec,"Could not resolve host: www.juntacantonal.gmtulcan.gob.ec"
www.juntamonetariafinanciera.gob.ec,"Could not resolve host: www.juntamonetariafinanciera.gob.ec"
www.justicia.gob.ec,"Could not resolve host: www.justicia.gob.ec"
www.laasuncion.gob.ec,"302"
www.laavanzada.gob.ec,"200"
www.labocana.gob.ec,"Could not resolve host: www.labocana.gob.ec"
www.lacarolina.gob.ec,"200"
www.lachonta.gob.ec,"Could not resolve host: www.lachonta.gob.ec"
www.laconcepcion.gob.ec,"Could not resolve host: www.laconcepcion.gob.ec"
www.laconcordia.gob.ec,"200"
www.lagarto.gob.ec,"Could not resolve host: www.lagarto.gob.ec"
www.lagosanpedro.gob.ec,"200"
www.lalibertadeloro.gob.ec,"301"
www.lamana.gob.ec,"Could not resolve host: www.lamana.gob.ec"
www.lapeana.gob.ec,"200"
www.laslajas.gob.ec,"200"
www.laspampas.gob.ec,"Could not resolve host: www.laspampas.gob.ec"
www.latola.gob.ec,"Could not resolve host: www.latola.gob.ec"
www.latroncal.gob.ec,"301"
www.launionatacames.gob.ec,"Could not resolve host: www.launionatacames.gob.ec"
www.launionsantaana.gob.ec,"301"
www.lavictoria.gob.ec,"Could not resolve host: www.lavictoria.gob.ec"
www.lavictoriaguayas.gob.ec,"Could not resolve host: www.lavictoriaguayas.gob.ec"
www.lavictorialoja.gob.ec,"301"
www.lecturas.epemapar.gob.ec,"Could not resolve host: www.lecturas.epemapar.gob.ec"
www.lican.gob.ec,"Could not resolve host: www.lican.gob.ec"
www.licto.gob.ec,"301"
www.limonindanza.gob.ec,"301"
www.lineasur.gob.ec,"Could not resolve host: www.lineasur.gob.ec"
www.llagos.gob.ec,"301"
www.llanochico.gob.ec,"Could not resolve host: www.llanochico.gob.ec"
www.lligua.gob.ec,"Could not resolve host: www.lligua.gob.ec"
www.lloa.gob.ec,"Could not resolve host: www.lloa.gob.ec"
www.loja.gob.ec,"200"
www.lomasdesargentillo.gob.ec,"Could not resolve host: www.lomasdesargentillo.gob.ec"
www.loreto.gob.ec,"200"
www.losandes.gob.ec,"Could not resolve host: www.losandes.gob.ec"
www.loslojas.gob.ec,"Could not resolve host: www.loslojas.gob.ec"
www.lucero.gob.ec,"SSL certificate problem: certificate has expired"
www.luzdeamerica.gob.ec,"Could not resolve host: www.luzdeamerica.gob.ec"
www.machala.gob.ec,"500"
www.machala.gob.ec.hassler.ec,"Could not resolve host: www.machala.gob.ec.hassler.ec"
www.machalilla.campozano.gob.ec,"Could not resolve host: www.machalilla.campozano.gob.ec"
www.machalilla.gob.ec,"Could not resolve host: www.machalilla.gob.ec"
www.macuma.gob.ec,"Could not resolve host: www.macuma.gob.ec"
www.mail.abgalapagos.gob.ec,"Could not resolve host: www.mail.abgalapagos.gob.ec"
www.mail.agenciapostal.gob.ec,"Could not resolve host: www.mail.agenciapostal.gob.ec"
www.mail.aguarico.gob.ec,"Could not resolve host: www.mail.aguarico.gob.ec"
www.mail.ant.gob.ec,"Could not resolve host: www.mail.ant.gob.ec"
www.mail.appb.gob.ec,"Could not resolve host: www.mail.appb.gob.ec"
www.mail.bomberosmachala.gob.ec,"Could not resolve host: www.mail.bomberosmachala.gob.ec"
www.mail.bomberosquito.gob.ec,"Could not resolve host: www.mail.bomberosquito.gob.ec"
www.mail.ceaaces.gob.ec,"Could not resolve host: www.mail.ceaaces.gob.ec"
www.mail.deporte.gob.ec,"Could not resolve host: www.mail.deporte.gob.ec"
www.mail.desarrollosocial.gob.ec,"Could not resolve host: www.mail.desarrollosocial.gob.ec"
www.mail.elecaustro.gob.ec,"Could not resolve host: www.mail.elecaustro.gob.ec"
www.mail.emac.gob.ec,"Could not resolve host: www.mail.emac.gob.ec"
www.mail.emapag-ep.gob.ec,"Could not resolve host: www.mail.emapag-ep.gob.ec"
www.mail.empupavq.gob.ec,"Could not resolve host: www.mail.empupavq.gob.ec"
www.mail.emseguridad-q.gob.ec,"Could not resolve host: www.mail.emseguridad-q.gob.ec"
www.mail.igm.gob.ec,"Could not resolve host: www.mail.igm.gob.ec"
www.mail.indot.gob.ec,"Could not resolve host: www.mail.indot.gob.ec"
www.mail.iniap.gob.ec,"Could not resolve host: www.mail.iniap.gob.ec"
www.mail.mcpec.gob.ec,"Could not resolve host: www.mail.mcpec.gob.ec"
www.mail.ministeriodelinterior.gob.ec,"Could not resolve host: www.mail.ministeriodelinterior.gob.ec"
www.mail.minjusticia.gob.ec,"Could not resolve host: www.mail.minjusticia.gob.ec"
www.mail.msp.gob.ec,"Could not resolve host: www.mail.msp.gob.ec"
www.mail.municipiodebalao.gob.ec,"Could not resolve host: www.mail.municipiodebalao.gob.ec"
www.mail.municipionaranjito.gob.ec,"Could not resolve host: www.mail.municipionaranjito.gob.ec"
www.mail.pedromoncayo.gob.ec,"Could not resolve host: www.mail.pedromoncayo.gob.ec"
www.mail.prefecturaloja.gob.ec,"Could not resolve host: www.mail.prefecturaloja.gob.ec"
www.mail.puertoquito.gob.ec,"Could not resolve host: www.mail.puertoquito.gob.ec"
www.mail.quito-turismo.gob.ec,"Could not resolve host: www.mail.quito-turismo.gob.ec"
www.mail.regulacionpostal.gob.ec,"Could not resolve host: www.mail.regulacionpostal.gob.ec"
www.mail.samborondon.gob.ec,"Could not resolve host: www.mail.samborondon.gob.ec"
www.mail.secob.gob.ec,"Could not resolve host: www.mail.secob.gob.ec"
www.mail.sectoresestrategicos.gob.ec,"Could not resolve host: www.mail.sectoresestrategicos.gob.ec"
www.mail.tce.gob.ec,"Could not resolve host: www.mail.tce.gob.ec"
www.mail.trolebus.gob.ec,"Could not resolve host: www.mail.trolebus.gob.ec"
www.mail1.enfarma.gob.ec,"Could not resolve host: www.mail1.enfarma.gob.ec"
www.maldonado.gob.ec,"Could not resolve host: www.maldonado.gob.ec"
www.malimpia.gob.ec,"Could not resolve host: www.malimpia.gob.ec"
www.malvas.gob.ec,"Could not resolve host: www.malvas.gob.ec"
www.manabiconstruye.gob.ec,"Could not resolve host: www.manabiconstruye.gob.ec"
www.manabiproduce.gob.ec,"Operation timed out after 3002 milliseconds with 0 bytes received"
www.mancomunidadbosqueseco.gob.ec,"200"
www.mancomunidadcanari.gob.ec,"200"
www.mancomunidadsustentableep.gob.ec,"Could not resolve host: www.mancomunidadsustentableep.gob.ec"
www.manglaralto.gob.ec,"Could not resolve host: www.manglaralto.gob.ec"
www.manu.gob.ec,"Could not resolve host: www.manu.gob.ec"
www.manueljcalle.gob.ec,"301"
www.marcabeli.gob.ec,"200"
www.marianomoreno.gob.ec,"301"
www.mariscalsucre.gob.ec,"SSL: no alternative certificate subject name matches target hostname 'www.mariscalsucre.gob.ec'"
www.mataje.gob.ec,"Could not resolve host: www.mataje.gob.ec"
www.membrillal.campozano.gob.ec,"Could not resolve host: www.membrillal.campozano.gob.ec"
www.membrillal.gob.ec,"Could not resolve host: www.membrillal.gob.ec"
www.memoria.aguaquito.gob.ec,"Could not resolve host: www.memoria.aguaquito.gob.ec"
www.meritocracia.gob.ec,"Could not resolve host: www.meritocracia.gob.ec"
www.metrodequito.gob.ec,"301"
www.milagro.gob.ec,"403"
www.ministeriointerior.gob.ec,"Could not resolve host: www.ministeriointerior.gob.ec"
www.minka.gob.ec,"Could not resolve host: www.minka.gob.ec"
www.mobileweb.supercias.gob.ec,"Could not resolve host: www.mobileweb.supercias.gob.ec"
www.monkiapps.mancomunidadbosqueseco.gob.ec,"Could not resolve host: www.monkiapps.mancomunidadbosqueseco.gob.ec"
www.montalvo.gob.ec,"403"
www.morales.gob.ec,"301"
www.moraspungo.gob.ec,"301"
www.moromoro.gob.ec,"Could not resolve host: www.moromoro.gob.ec"
www.mulalillo.gob.ec,"301"
www.mulalo.gob.ec,"301"
www.mulliquindil.gob.ec,"301"
www.muluncay.gob.ec,"Could not resolve host: www.muluncay.gob.ec"
www.municipalidadvinces.gob.ec,"Could not resolve host: www.municipalidadvinces.gob.ec"
www.municipio.quijos.gob.ec,"Could not resolve host: www.municipio.quijos.gob.ec"
www.municipioarosemenatola.gob.ec,"Could not resolve host: www.municipioarosemenatola.gob.ec"
www.municipiobanos.gob.ec,"200"
www.municipiocayambe.gob.ec,"301"
www.municipiochunchi.gob.ec,"301"
www.municipiodebaba.gob.ec,"Could not resolve host: www.municipiodebaba.gob.ec"
www.municipiodeguamote.gob.ec,"Could not resolve host: www.municipiodeguamote.gob.ec"
www.municipiodepallatanga.gob.ec,"Could not resolve host: www.municipiodepallatanga.gob.ec"
www.municipiodepasaje.gob.ec,"301"
www.municipiodeyaguachi.gob.ec,"301"
www.municipioesmeraldas.gob.ec,"Could not resolve host: www.municipioesmeraldas.gob.ec"
www.municipiomacara.gob.ec,"Could not resolve host: www.municipiomacara.gob.ec"
www.municipiomera.gob.ec,"200"
www.municipiommariduena.gob.ec,"200"
www.municipiopaquisha.gob.ec,"Could not resolve host: www.municipiopaquisha.gob.ec"
www.municipiopaquisha.paquisha.gob.ec,"Could not resolve host: www.municipiopaquisha.paquisha.gob.ec"
www.municipiopasaje.gob.ec,"Could not resolve host: www.municipiopasaje.gob.ec"
www.municipioplayas.gob.ec,"200"
www.municipiosanlorenzo.gob.ec,"301"
www.mz.epam.gob.ec,"Could not resolve host: www.mz.epam.gob.ec"
www.nangaritza.gob.ec,"301"
www.napo.gob.ec,"200"
www.naranjal.gob.ec,"302"
www.new.epam.gob.ec,"Could not resolve host: www.new.epam.gob.ec"
www.nivelacionacademica.snna.gob.ec,"Could not resolve host: www.nivelacionacademica.snna.gob.ec"
www.nivelacionapp.snna.gob.ec,"Could not resolve host: www.nivelacionapp.snna.gob.ec"
www.nivelacionlogin.snna.gob.ec,"Could not resolve host: www.nivelacionlogin.snna.gob.ec"
www.nivelacionportal.snna.gob.ec,"Could not resolve host: www.nivelacionportal.snna.gob.ec"
www.noboa.gob.ec,"Could not resolve host: www.noboa.gob.ec"
www.nobol.gob.ec,"301"
www.node2.cnel.gob.ec,"Could not resolve host: www.node2.cnel.gob.ec"
www.nodo.mancomunidadbosqueseco.gob.ec,"Could not resolve host: www.nodo.mancomunidadbosqueseco.gob.ec"
www.nono.gob.ec,"Could not resolve host: www.nono.gob.ec"
www.noticias.quijos.gob.ec,"Could not resolve host: www.noticias.quijos.gob.ec"
www.noticiasdecalceta.gadbolivar.gob.ec,"Could not resolve host: www.noticiasdecalceta.gadbolivar.gob.ec"
www.noticiasnuevas.gadbolivar.gob.ec,"200"
www.nuevo.amarillos.gob.ec,"Could not resolve host: www.nuevo.amarillos.gob.ec"
www.nuevo.balsas.gob.ec,"Could not resolve host: www.nuevo.balsas.gob.ec"
www.obraspublicas.gob.ec,"Could not resolve host: www.obraspublicas.gob.ec"
www.oficina.epemapar.gob.ec,"Could not resolve host: www.oficina.epemapar.gob.ec"
www.olmedopesillo.gob.ec,"302"
www.olmedopesillo.guangopolo.gob.ec,"Could not resolve host: www.olmedopesillo.guangopolo.gob.ec"
www.ona.gob.ec,"Could not resolve host: www.ona.gob.ec"
www.orellanaturistica.gob.ec,"Could not resolve host: www.orellanaturistica.gob.ec"
www.orianga.gob.ec,"Could not resolve host: www.orianga.gob.ec"
www.oton.gob.ec,"Could not resolve host: www.oton.gob.ec"
www.paccha.gob.ec,"Could not resolve host: www.paccha.gob.ec"
www.pacto.gob.ec,"Could not resolve host: www.pacto.gob.ec"
www.paletillas.gob.ec,"200"
www.palmales.gob.ec,"301"
www.palmas.gob.ec,"Could not resolve host: www.palmas.gob.ec"
www.palmira.gob.ec,"301"
www.paloquemado.gob.ec,"301"
www.palora.gob.ec,"301"
www.paltas.gob.ec,"Could not resolve host: www.paltas.gob.ec"
www.pam.quito.gob.ec,"Could not resolve host: www.pam.quito.gob.ec"
www.pananza.gob.ec,"Could not resolve host: www.pananza.gob.ec"
www.panchonegro.gob.ec,"Could not resolve host: www.panchonegro.gob.ec"
www.pangua.gob.ec,"403"
www.panguintza.gob.ec,"Could not resolve host: www.panguintza.gob.ec"
www.paquisha.gob.ec,"301"
www.parroquia.gadchicana.gob.ec,"Could not resolve host: www.parroquia.gadchicana.gob.ec"
www.parroquiacuyabeno.gob.ec,"Could not resolve host: www.parroquiacuyabeno.gob.ec"
www.parroquiaelrosario.gob.ec,"200"
www.parroquiafloreana.gob.ec,"Could not resolve host: www.parroquiafloreana.gob.ec"
www.parroquiapinguili.gob.ec,"301"
www.parroquiaquingeo.gob.ec,"Could not resolve host: www.parroquiaquingeo.gob.ec"
www.parroquiazambiza.gob.ec,"Could not resolve host: www.parroquiazambiza.gob.ec"
www.participa.metrodequito.gob.ec,"Could not resolve host: www.participa.metrodequito.gob.ec"
www.pastocalle.gob.ec,"Could not resolve host: www.pastocalle.gob.ec"
www.patate.gob.ec,"200"
www.patriciapilar.gob.ec,"Could not resolve host: www.patriciapilar.gob.ec"
www.patronato.quito.gob.ec,"SSL: no alternative certificate subject name matches target hostname 'www.patronato.quito.gob.ec'"
www.patronatomera.gob.ec,"Connection timed out after 3000 milliseconds"
www.pdot.quijos.gob.ec,"Could not resolve host: www.pdot.quijos.gob.ec"
www.peajexpresspichincha.gob.ec,"Could not resolve host: www.peajexpresspichincha.gob.ec"
www.pedernales.gob.ec,"200"
www.pelileo.gob.ec,"301"
www.penipe.gob.ec,"200"
www.piedras.gob.ec,"301"
www.pilahuin.gob.ec,"Could not resolve host: www.pilahuin.gob.ec"
www.pilalo.gob.ec,"Could not resolve host: www.pilalo.gob.ec"
www.pindilig.gob.ec,"200"
www.pinllopata.gob.ec,"301"
www.pioter.gob.ec,"Could not resolve host: www.pioter.gob.ec"
www.planeacionestrategica.gmtulcan.gob.ec,"Could not resolve host: www.planeacionestrategica.gmtulcan.gob.ec"
www.planpiloto.gob.ec,"Could not resolve host: www.planpiloto.gob.ec"
www.plataformamunicipal.ame.gob.ec,"Could not resolve host: www.plataformamunicipal.ame.gob.ec"
www.politica.gob.ec,"Could not resolve host: www.politica.gob.ec"
www.politicaeconomica.gob.ec,"Could not resolve host: www.politicaeconomica.gob.ec"
www.pomasqui.gob.ec,"200"
www.pomona.gob.ec,"Could not resolve host: www.pomona.gob.ec"
www.portoaguas.gob.ec,"Could not resolve host: www.portoaguas.gob.ec"
www.portovelo.gob.ec,"Could not resolve host: www.portovelo.gob.ec"
www.portoviejo.gob.ec,"200"
www.pozul.gob.ec,"301"
www.prefecturadeesmeraldas.gob.ec,"301"
www.prefecturaloja.gob.ec,"Could not resolve host: www.prefecturaloja.gob.ec"
www.presidencia.gob.ec,"HTTP/2 stream 1 was not closed cleanly: PROTOCOL_ERROR (err 1)"
www.presidenteurbina.gob.ec,"301"
www.prodeuteq.gob.ec,"Could not resolve host: www.prodeuteq.gob.ec"
www.produccion.gob.ec,"HTTP/2 stream 1 was not closed cleanly: PROTOCOL_ERROR (err 1)"
www.produran.duran.gob.ec,"Could not resolve host: www.produran.duran.gob.ec"
www.progreso.gob.ec,"200"
www.propiedadintelectual.gob.ec,"Could not resolve host: www.propiedadintelectual.gob.ec"
www.propuesta.epemapar.gob.ec,"Could not resolve host: www.propuesta.epemapar.gob.ec"
www.prueba.epemapar.gob.ec,"Could not resolve host: www.prueba.epemapar.gob.ec"
www.prueba.saberesancestrales.gob.ec,"Could not resolve host: www.prueba.saberesancestrales.gob.ec"
www.pucayacu.gob.ec,"Could not resolve host: www.pucayacu.gob.ec"
www.puela.gob.ec,"Could not resolve host: www.puela.gob.ec"
www.puellaro.gob.ec,"Could not resolve host: www.puellaro.gob.ec"
www.puertodemanta.gob.ec,"Connection timed out after 3002 milliseconds"
www.puertolopez.gob.ec,"301"
www.puertomurialdo.gob.ec,"Could not resolve host: www.puertomurialdo.gob.ec"
www.puertoquito.gob.ec,"Could not resolve host: www.puertoquito.gob.ec"
www.puertos.viceministerioap.gob.ec,"Could not resolve host: www.puertos.viceministerioap.gob.ec"
www.pumallacta.gob.ec,"200"
www.pungala.gob.ec,"200"
www.punin.gob.ec,"Could not resolve host: www.punin.gob.ec"
www.purunuma.gob.ec,"301"
www.quero.gob.ec,"200"
www.quevedoshoppingcenter.gob.ec,"Could not resolve host: www.quevedoshoppingcenter.gob.ec"
www.quijos.gob.ec,"Could not resolve host: www.quijos.gob.ec"
www.quijoslarutadelagua.gob.ec,"Could not resolve host: www.quijoslarutadelagua.gob.ec"
www.quimiag.gob.ec,"Could not resolve host: www.quimiag.gob.ec"
www.quinara.gob.ec,"Could not resolve host: www.quinara.gob.ec"
www.quininde.gob.ec,"301"
www.quinsaloma.gob.ec,"Could not resolve host: www.quinsaloma.gob.ec"
www.quiroga.gob.ec,"Could not resolve host: www.quiroga.gob.ec"
www.quito-turismo.gob.ec,"503"
www.radio.casadelacultura.gob.ec,"Could not resolve host: www.radio.casadelacultura.gob.ec"
www.radiociudad.gob.ec,"Could not resolve host: www.radiociudad.gob.ec"
www.radiojnda.gob.ec,"Could not resolve host: www.radiojnda.gob.ec"
www.radiomunicipallatacunga.gob.ec,"Could not resolve host: www.radiomunicipallatacunga.gob.ec"
www.ramoncampana.gob.ec,"301"
www.recursosnaturales.gob.ec,"Could not resolve host: www.recursosnaturales.gob.ec"
www.registro.inh.gob.ec,"Could not resolve host: www.registro.inh.gob.ec"
www.registrocivil.gob.ec,"200"
www.registrocrediticio.gob.ec,"Could not resolve host: www.registrocrediticio.gob.ec"
www.registrodelapropiedadsd.gob.ec,"SSL certificate problem: certificate has expired"
www.registrodelapropiedadtulcan.gob.ec,"200"
www.registroficial.gob.ec,"200"
www.registromercantilguayaquil.gob.ec,"200"
www.registropropiedad.gmtulcan.gob.ec,"Could not resolve host: www.registropropiedad.gmtulcan.gob.ec"
www.registropropiedadcantonloja.gob.ec,"Failed to connect to www.registropropiedadcantonloja.gob.ec port 443 after 778 ms: Could not connect to server"
www.registropropiedadibarra.gob.ec,"Could not resolve host: www.registropropiedadibarra.gob.ec"
www.registropropiedadorellana.gob.ec,"Could not resolve host: www.registropropiedadorellana.gob.ec"
www.registrotavalo.gob.ec,"200"
www.regprocanar.gob.ec,"200"
www.regpropiedadpvm.gob.ec,"200"
www.rem.gmtulcan.gob.ec,"Could not resolve host: www.rem.gmtulcan.gob.ec"
www.revisionquito.gob.ec,"Could not resolve host: www.revisionquito.gob.ec"
www.riobonito.gob.ec,"Could not resolve host: www.riobonito.gob.ec"
www.riochico.gob.ec,"Could not resolve host: www.riochico.gob.ec"
www.rocafuerte.gob.ec,"Could not resolve host: www.rocafuerte.gob.ec"
www.roles.hvalenzuela.gob.ec,"Could not resolve host: www.roles.hvalenzuela.gob.ec"
www.rpcayambe.gob.ec,"Could not resolve host: www.rpcayambe.gob.ec"
www.rpmduran.gob.ec,"200"
www.rpmlt.gob.ec,"Operation timed out after 3001 milliseconds with 0 bytes received"
www.rumipamba.gob.ec,"Could not resolve host: www.rumipamba.gob.ec"
www.rutadelvolcanimbabura.gob.ec,"Could not resolve host: www.rutadelvolcanimbabura.gob.ec"
www.sabanilla.gob.ec,"301"
www.saberesancestrales.gob.ec,"Could not resolve host: www.saberesancestrales.gob.ec"
www.salati.gob.ec,"Could not resolve host: www.salati.gob.ec"
www.salcedo.gob.ec,"200"
www.salima.gob.ec,"SSL: no alternative certificate subject name matches target hostname 'www.salima.gob.ec'"
www.salitre.gob.ec,"200"
www.salud.gob.ec,"HTTP/2 stream 1 was not closed cleanly: PROTOCOL_ERROR (err 1)"
www.samborondon.gob.ec,"200"
www.sanandres.gob.ec,"Failed to connect to www.sanandres.gob.ec port 443 after 18 ms: Could not connect to server"
www.sanantonio.gob.ec,"200"
www.sanantoniodecumbe.gob.ec,"200"
www.sanantoniodelpeludo.gob.ec,"SSL: no alternative certificate subject name matches target hostname 'www.sanantoniodelpeludo.gob.ec'"
www.sanantonioeloro.gob.ec,"200"
www.sancarlos.gob.ec,"200"
www.sancarlosdelasminas.gob.ec,"Could not resolve host: www.sancarlosdelasminas.gob.ec"
www.sancristobalgalapagos.gob.ec,"Could not resolve host: www.sancristobalgalapagos.gob.ec"
www.sanfernando.gob.ec,"Operation timed out after 3002 milliseconds with 0 bytes received"
www.sanfranciscodeonzole.gob.ec,"301"
www.sangerardo.gob.ec,"301"
www.sanguillin.gob.ec,"SSL: no alternative certificate subject name matches target hostname 'www.sanguillin.gob.ec'"
www.sanisidroeloro.gob.ec,"200"
www.sanisidromanabi.gob.ec,"Could not resolve host: www.sanisidromanabi.gob.ec"
www.sanjacinto.gob.ec,"SSL: no alternative certificate subject name matches target hostname 'www.sanjacinto.gob.ec'"
www.sanjacintodelbua.gob.ec,"Could not resolve host: www.sanjacintodelbua.gob.ec"
www.sanjavier.gob.ec,"SSL: no alternative certificate subject name matches target hostname 'www.sanjavier.gob.ec'"
www.sanjosedelcayapas.gob.ec,"Could not resolve host: www.sanjosedelcayapas.gob.ec"
www.sanjosedepayamino.gob.ec,"Could not resolve host: www.sanjosedepayamino.gob.ec"
www.sanjosedepoalo.gob.ec,"301"
www.sanjuan.gob.ec,"SSL: no alternative certificate subject name matches target hostname 'www.sanjuan.gob.ec'"
www.sanjuanbosco.gob.ec,"Operation timed out after 3001 milliseconds with 0 bytes received"
www.sanlucas.gob.ec,"500"
www.sanpablodelago.gob.ec,"Could not resolve host: www.sanpablodelago.gob.ec"
www.sanrafaeldezharug.gob.ec,"Could not resolve host: www.sanrafaeldezharug.gob.ec"
www.sanroque.gob.ec,"200"
www.sansebastiandelcoca.gob.ec,"200"
www.santaana.gob.ec,"301"
www.santaclara.gob.ec,"Could not resolve host: www.santaclara.gob.ec"
www.santaisabel.gob.ec,"301"
www.santamariadeltoachi.gob.ec,"Could not resolve host: www.santamariadeltoachi.gob.ec"
www.santamariadeltoachi.guangopolo.gob.ec,"Could not resolve host: www.santamariadeltoachi.guangopolo.gob.ec"
www.santamarianitadejesus.gob.ec,"Could not resolve host: www.santamarianitadejesus.gob.ec"
www.santarosa.gob.ec,"301"
www.santateresita.gob.ec,"301"
www.santiagodecalpi.gob.ec,"200"
www.santiagodequito.gob.ec,"301"
www.santodomingodeonzole.gob.ec,"Could not resolve host: www.santodomingodeonzole.gob.ec"
www.saquisili.gob.ec,"301"
www.saracay.gob.ec,"200"
www.saraguro.gob.ec,"SSL certificate problem: unable to get local issuer certificate"
www.scpn.gob.ec,"Could not resolve host: www.scpn.gob.ec"
www.secretaria.gmtulcan.gob.ec,"Could not resolve host: www.secretaria.gmtulcan.gob.ec"
www.sectoresestrategicos.gob.ec,"Could not resolve host: www.sectoresestrategicos.gob.ec"
www.seguridad.gob.ec,"Could not resolve host: www.seguridad.gob.ec"
www.sentidosur.gob.ec,"Could not resolve host: www.sentidosur.gob.ec"
www.seps.gob.ec,"301"
www.servicios.guayaquil.gob.ec,"Could not resolve host: www.servicios.guayaquil.gob.ec"
www.servicios.turismo.gob.ec,"Connection timed out after 3001 milliseconds"
www.setedis.gob.ec,"Could not resolve host: www.setedis.gob.ec"
www.sevilladeoro.gob.ec,"301"
www.shaglli.gob.ec,"301"
www.sig.epemapar.gob.ec,"Could not resolve host: www.sig.epemapar.gob.ec"
www.sigchambo.epemapar.gob.ec,"Could not resolve host: www.sigchambo.epemapar.gob.ec"
www.sigsig.gob.ec,"200"
www.silsantalucia.gob.ec,"Could not resolve host: www.silsantalucia.gob.ec"
www.sinai.gob.ec,"200"
www.sinfonicadeloja.gob.ec,"301"
www.sip.aguaquito.gob.ec,"Could not resolve host: www.sip.aguaquito.gob.ec"
www.sip.educacion.gob.ec,"Could not resolve host: www.sip.educacion.gob.ec"
www.sip.mintel.gob.ec,"Could not resolve host: www.sip.mintel.gob.ec"
www.snna.gob.ec,"Failed to connect to www.snna.gob.ec port 443 after 93 ms: Could not connect to server"
www.social.epemapar.gob.ec,"Could not resolve host: www.social.epemapar.gob.ec"
www.softwarepublico.gob.ec,"Could not resolve host: www.softwarepublico.gob.ec"
www.solano.gob.ec,"Could not resolve host: www.solano.gob.ec"
www.soporte.casadelacultura.gob.ec,"Could not resolve host: www.soporte.casadelacultura.gob.ec"
www.sozoranga.gob.ec,"200"
www.sucua.gob.ec,"Could not resolve host: www.sucua.gob.ec"
www.sumakawsaywasi.gob.ec,"301"
www.sumaypamba.gob.ec,"301"
www.supercias.gob.ec,"Could not resolve host: www.supercias.gob.ec"
www.tababela.gob.ec,"302"
www.tachina.gob.ec,"301"
www.talentohumano.gmtulcan.gob.ec,"302"
www.talentohumano.gob.ec,"Could not resolve host: www.talentohumano.gob.ec"
www.tanicuchi.gob.ec,"301"
www.taracoa.gob.ec,"200"
www.taura.gob.ec,"Could not resolve host: www.taura.gob.ec"
www.telecomunicaciones.gob.ec,"Could not resolve host: www.telecomunicaciones.gob.ec"
www.telembi.gob.ec,"Could not resolve host: www.telembi.gob.ec"
www.tena.gob.ec,"301"
www.tendales.gob.ec,"301"
www.tenguel.gob.ec,"Could not resolve host: www.tenguel.gob.ec"
www.tiburon.viceministerioap.gob.ec,"Could not resolve host: www.tiburon.viceministerioap.gob.ec"
www.timbireeschevere.gob.ec,"Could not resolve host: www.timbireeschevere.gob.ec"
www.tisaleo.gob.ec,"200"
www.tixan.gob.ec,"301"
www.toacaso.gob.ec,"Could not resolve host: www.toacaso.gob.ec"
www.tobardonoso.gob.ec,"Could not resolve host: www.tobardonoso.gob.ec"
www.tocachilindo.gob.ec,"Could not resolve host: www.tocachilindo.gob.ec"
www.tocachilindo.guangopolo.gob.ec,"Could not resolve host: www.tocachilindo.guangopolo.gob.ec"
www.torata.gob.ec,"301"
www.tour.hojas-jaboncillo.gob.ec,"Could not resolve host: www.tour.hojas-jaboncillo.gob.ec"
www.tour.una.gob.ec,"Could not resolve host: www.tour.una.gob.ec"
www.tramites3.guayaquil.gob.ec,"Could not resolve host: www.tramites3.guayaquil.gob.ec"
www.transespol.gob.ec,"Could not resolve host: www.transespol.gob.ec"
www.transitoamaguania.guangopolo.gob.ec,"Could not resolve host: www.transitoamaguania.guangopolo.gob.ec"
www.transitotungurahua.gob.ec,"301"
www.transparencia2016.gadbolivar.gob.ec,"200"
www.tresdenoviembre.gob.ec,"200"
www.tufino.gob.ec,"301"
www.tundayme.gob.ec,"Could not resolve host: www.tundayme.gob.ec"
www.tupigachi.gob.ec,"301"
www.turismo-jipijapa.gob.ec,"Could not resolve host: www.turismo-jipijapa.gob.ec"
www.turismo.duran.gob.ec,"Could not resolve host: www.turismo.duran.gob.ec"
www.turismo.esmeraldas.gob.ec,"Could not resolve host: www.turismo.esmeraldas.gob.ec"
www.turismo.gmtulcan.gob.ec,"Could not resolve host: www.turismo.gmtulcan.gob.ec"
www.turismo.gob.ec,"SSL certificate problem: certificate has expired"
www.turismo.yantzaza.gob.ec,"Could not resolve host: www.turismo.yantzaza.gob.ec"
www.turismoalausi.gob.ec,"Could not resolve host: www.turismoalausi.gob.ec"
www.turno.transitotungurahua.gob.ec,"Could not resolve host: www.turno.transitotungurahua.gob.ec"
www.turnos.dirmovmejia.gob.ec,"Could not resolve host: www.turnos.dirmovmejia.gob.ec"
www.uaf.gob.ec,"Could not resolve host: www.uaf.gob.ec"
www.udi.hagp.gob.ec,"Operation timed out after 3001 milliseconds with 0 bytes received"
www.ulco.gob.ec,"301"
www.una.gob.ec,"Could not resolve host: www.una.gob.ec"
www.unionmilagrenia.gob.ec,"Could not resolve host: www.unionmilagrenia.gob.ec"
www.urbina.gob.ec,"301"
www.urdaneta.gob.ec,"301"
www.utuana.gob.ec,"Could not resolve host: www.utuana.gob.ec"
www.uyumbicho.gob.ec,"301"
www.uyumbicho.guangopolo.gob.ec,"Could not resolve host: www.uyumbicho.guangopolo.gob.ec"
www.vallehermoso.gob.ec,"Could not resolve host: www.vallehermoso.gob.ec"
www.valparaiso.gob.ec,"Could not resolve host: www.valparaiso.gob.ec"
www.ventura.gob.ec,"Could not resolve host: www.ventura.gob.ec"
www.veracruz.gob.ec,"Could not resolve host: www.veracruz.gob.ec"
www.vialzachin.gob.ec,"Could not resolve host: www.vialzachin.gob.ec"
www.viceministerioap.gob.ec,"Could not resolve host: www.viceministerioap.gob.ec"
www.vicepresidencia.gob.ec,"HTTP/2 stream 1 was not closed cleanly: PROTOCOL_ERROR (err 1)"
www.vinces.gob.ec,"200"
www.virtual.tena.gob.ec,"Could not resolve host: www.virtual.tena.gob.ec"
www.visitazaruma.zaruma.gob.ec,"Could not resolve host: www.visitazaruma.zaruma.gob.ec"
www.vue.inen.gob.ec,"Could not resolve host: www.vue.inen.gob.ec"
www.vue.oae.gob.ec,"Could not resolve host: www.vue.oae.gob.ec"
www.vueltalarga.gob.ec,"Could not resolve host: www.vueltalarga.gob.ec"
www.vur.cnelep.gob.ec,"Could not resolve host: www.vur.cnelep.gob.ec"
www.wakambeis.gob.ec,"Could not resolve host: www.wakambeis.gob.ec"
www.web.epam.gob.ec,"Could not resolve host: www.web.epam.gob.ec"
www.webmail.ecu911.gob.ec,"Could not resolve host: www.webmail.ecu911.gob.ec"
www.webmail.mintel.gob.ec,"Could not resolve host: www.webmail.mintel.gob.ec"
www.webmail.mrl.gob.ec,"Could not resolve host: www.webmail.mrl.gob.ec"
www.webmail.presidencia.gob.ec,"Could not resolve host: www.webmail.presidencia.gob.ec"
www.webmail.seteci.gob.ec,"Could not resolve host: www.webmail.seteci.gob.ec"
www.webmail.trabajo.gob.ec,"Could not resolve host: www.webmail.trabajo.gob.ec"
www.wma.sri.gob.ec,"Could not resolve host: www.wma.sri.gob.ec"
www.yantzaza.gob.ec,"Could not resolve host: www.yantzaza.gob.ec"
www.yasuni.gob.ec,"Could not resolve host: www.yasuni.gob.ec"
www.zamora-chinchipe.gob.ec,"Could not resolve host: www.zamora-chinchipe.gob.ec"
www.zamora.gob.ec,"Could not resolve host: www.zamora.gob.ec"
www.zaruma.gob.ec,"200"
www.zhidmad.gob.ec,"301"
www.zhud.gob.ec,"301"
www.zonailco.gob.ec,"Could not resolve host: www.zonailco.gob.ec"
www.zumbahua.gob.ec,"301"
www.zurmi.gob.ec,"Could not resolve host: www.zurmi.gob.ec"
www1.registrocivil.gob.ec,"Could not resolve host: www1.registrocivil.gob.ec"
yantzaza.gob.ec,"Could not resolve host: yantzaza.gob.ec"
yasuni.gob.ec,"Could not resolve host: yasuni.gob.ec"
z5box.saludzona5.gob.ec,"SSL certificate problem: unable to get local issuer certificate"
zamora-chinchipe.gob.ec,"200"
zamora.gob.ec,"200"
zaruma.gob.ec,"301"
zhidmad.gob.ec,"301"
zhud.gob.ec,"200"
zonailco.gob.ec,"Could not resolve host: zonailco.gob.ec"
zumbahua.gob.ec,"301"
zurmi.gob.ec,"Could not resolve host: zurmi.gob.ec"
