hostname,score,sources,label,level,http_status,mx
bankofengland.co.uk,10,wikidata;wikidata;directory,Prudential Regulation Authority | Bank of England,,SSLHandshakeException: (certificate_unknown) No subject alternative DNS name matching bankofengland.co.uk found.,20 eu-smtp-inbound-2.mimecast.com.; 10 eu-smtp-inbound-1.mimecast.com.
bbc.co.uk,10,linkgraph;directory,BBC (Public corporation) | BBC World Service (Other),,301,20 cluster1a.eu.messagelabs.com.; 10 cluster1.eu.messagelabs.com.
cqc.org.uk,10,wikidata;linkgraph;directory,Care Quality Commission,,302,0 cqc-org-uk.mail.protection.outlook.com.
electoralcommission.org.uk,10,wikidata;linkgraph;directory,Electoral Commission,central,301,0 electoralcommission-org-uk.mail.protection.outlook.com.
england.nhs.uk,10,wikidata;linkgraph;directory,NHS England,,301,10 england-nhs-uk.mail.protection.outlook.com.
gov.scot,10,wikidata;wikidata;wikidata;wikidata;wikidata;wikidata;linkgraph;directory,His Majesty's Fire Service Inspectorate for Scotland | Scottish Government | Inspectorate of Prosecution in Scotland | Marine Scotland | Scottish Agricultural Wages Board,central-1,301,10 gw000222-eu.fortimail.com.
gov.wales,10,wikidata;wikidata;wikidata;wikidata;linkgraph;directory,Department for Education and Skills | Welsh Government,central-1,301,0 gov-wales.mail.protection.outlook.com.
hra.nhs.uk,10,wikidata;linkgraph;directory,Gene Therapy Advisory Committee,,301,10 hra-nhs-uk.mail.protection.outlook.com.
ico.org.uk,10,wikidata;linkgraph;directory,Information Commissioner's Office,central,200,5 ico-org-uk.mail.protection.outlook.com.
nhsbsa.nhs.uk,10,linkgraph;directory,NHS Business Services Authority (Special health authority),,301,5 nhsbsa-nhs-uk.mail.protection.outlook.com.
nsandi.com,10,wikidata;wikidata;directory,National Savings and Investments,,301,10 mx3.nsandi.com.; 0 nsandi-com.mail.protection.outlook.com.; 10 mx4.nsandi.com.
ofcom.org.uk,10,wikidata;linkgraph;directory,Ofcom,,301,5 ofcom-org-uk.mail.protection.outlook.com.
ombudsman.org.uk,10,wikidata;linkgraph;directory,Parliamentary and Health Service Ombudsman,,301,0 ombudsman-org-uk.mail.protection.outlook.com.
ordnancesurvey.co.uk,10,wikidata;wikidata;wikidata;linkgraph;directory,British Ordnance Survey,,301,10 ordnancesurvey.mail.protection.outlook.com.
parliament.uk,10,wikidata;wikidata;wikidata;wikidata;linkgraph;directory,House of Commons | Parliament of the United Kingdom | House of Lords,central,301,10 eu-smtp-inbound-1.mimecast.com.; 10 eu-smtp-inbound-2.mimecast.com.
rbht.nhs.uk,10,wikidata;wikidata;linkgraph,NIHR Royal Brompton Cardiovascular Biomedical Research Unit | NIHR Royal Brompton Respiratory Biomedical Research Unit,,301,50 mail.nhs.uk.
hee.nhs.uk,9,wikidata;linkgraph,Health Education England,,301,10 mail.nhs.uk.
llyw.cymru,9,wikidata;wikidata;linkgraph,Welsh Government,central-1,301,0 llyw-cymru.mail.protection.outlook.com.
nhs.uk,9,wikidata;linkgraph,National Health Service,,301,50 mail.nhs.uk.
postoffice.co.uk,9,linkgraph;directory,Post Office (Public corporation),,301,5 eu-smtp-inbound-1.mimecast.com.; 5 eu-smtp-inbound-2.mimecast.com.
senedd.wales,9,wikidata;wikidata;wikidata;linkgraph,Senedd,central-1,HttpTimeoutException: request timed out,0 senedd-wales.mail.protection.outlook.com.
admin.ox.ac.uk,8,wikidata;wikidata,University Chest,,ConnectException,4 oxforduni.in.tmes.trendmicro.eu.
ahdb.org.uk,8,wikidata;directory,Agriculture and Horticulture Development Board,,200,0 ahdb-org-uk.mail.protection.outlook.com.
arb.org.uk,8,wikidata;directory,Architects Registration Board,,200,10 eu-smtp-inbound-2.mimecast.com.; 10 eu-smtp-inbound-1.mimecast.com.
aria.org.uk,8,wikidata;directory,Advanced Research & Invention Agency,,200,1 ASPMX.L.GOOGLE.COM.; 10 ALT3.ASPMX.L.GOOGLE.COM.; 5 ALT2.ASPMX.L.GOOGLE.COM.; 10 ALT4.ASPMX.L.GOOGLE.COM.; 5 ALT1.ASPMX.L.GOOGLE.COM.
awe.co.uk,8,wikidata;directory,Atomic Weapons Establishment,,ConnectException,5 awe-co-uk.mail.protection.outlook.com.
bbsrc.ac.uk,8,wikidata;directory,Agricultural and Food Research Council,,302,2 bbsrc-ac-uk.mail.protection.outlook.com.
boundarycommission.org.uk,8,wikidata;directory,Boundary Commission for Northern Ireland,,301,20 mx-02-eu-west-1.prod.hydra.sophos.com.; 10 mx-01-eu-west-1.prod.hydra.sophos.com.
btpa.police.uk,8,wikidata;directory,British Transport Police Authority,,200,0 aspmx.l.google.com.
caa.co.uk,8,wikidata;directory,Civil Aviation Authority,central,301,10 caa-co-uk.mail.protection.outlook.com.
catribunal.org.uk,8,wikidata;directory,Competition Appeal Tribunal,,301,1 catribunal-org-uk.mail.protection.outlook.com.
dsma.uk,8,wikidata;directory,Defence and Security Media Advisory Committee,,301,50 ms29550226.msv1.invalid.; 1 dsma-uk.mail.protection.outlook.com.
eic.independent-commission.uk,8,wikidata;directory,Ethics and Integrity Commission,,200,none
eoni.org.uk,8,wikidata;directory,Electoral Office for Northern Ireland,,200,0 eoni-org-uk.mail.protection.outlook.com.
fca.org.uk,8,wikidata;directory,Financial Conduct Authority,central,301,10 mxb-009e1201.gslb.pphosted.com.; 10 mxa-009e1201.gslb.pphosted.com.
forestryengland.uk,8,wikidata;directory,Forestry England,central-1,301,1 eu-smtp-inbound-2.mimecast.com.; 0 eu-smtp-inbound-1.mimecast.com.
frc.org.uk,8,wikidata;directory,Financial Reporting Council,,301,0 frc-org-uk.mail.protection.outlook.com.
hampshire.police.uk,8,wikidata;linkgraph,Hampshire and Isle of Wight Constabulary,,HttpConnectTimeoutException: HTTP connect timed out,10 hampshire-police-uk.mail.protection.outlook.com.
hblb.org.uk,8,wikidata;directory,Horserace Betting Levy Board,,200,10 hblb-org-uk.mail.protection.outlook.com.
healthwatch.co.uk,8,wikidata;linkgraph,HealthWatch England,,301,0 healthwatch-co-uk.mail.protection.outlook.com.
healthwatchnorfolk.co.uk,8,wikidata;linkgraph,Healthwatch Norfolk,,200,0 healthwatchnorfolk-co-uk.mail.protection.outlook.com.
healthwatchstaffordshire.co.uk,8,wikidata;linkgraph,Healthwatch Staffordshire,,200,0 healthwatchstaffordshire-co-uk.mail.protection.outlook.com.
heritagefund.org.uk,8,linkgraph;directory,National Lottery Heritage Fund (Other),,301,0 heritagefund-org-uk.mail.protection.outlook.com.
icrir.independent-inquiry.uk,8,wikidata;directory,Independent Commission for Reconciliation and Information Recovery,central-1,200,20 mx-02-eu-west-1.prod.hydra.sophos.com.; 10 mx-01-eu-west-1.prod.hydra.sophos.com.
judiciary.uk,8,wikidata;directory,Gender Recognition Panel,,301,0 judiciary-uk.mail.protection.outlook.com.
leics.police.uk,8,wikidata;linkgraph,Leicestershire Police,,302,0 leics-police-uk.mail.protection.outlook.com.
liverpoolmuseums.org.uk,8,wikidata;directory,National Museums Liverpool,,301,10 eu-smtp-inbound-2.mimecast.com.; 10 eu-smtp-inbound-1.mimecast.com.
lra.org.uk,8,wikidata;directory,Labour Relations Agency,central-1,301,10 lra-org-uk.mail.protection.outlook.com.; 0 uk1-smtp-mx2.titanhq.com.; 0 uk1-smtp-mx1.titanhq.com.
nlb.org.uk,8,wikidata;directory,Northern Lighthouse Board,central-1,301,0 nlb-org-uk.mail.protection.outlook.com.
nstauthority.co.uk,8,wikidata;directory,North Sea Transition Authority,,301,0 nstauthority-co-uk.mail.protection.outlook.com.
officeforstudents.org.uk,8,wikidata;directory,Office for Students,,SSLHandshakeException: (handshake_failure) Received fatal alert: handshake_failure,5 officeforstudents-org-uk.mail.protection.outlook.com.
onr.org.uk,8,wikidata;directory,Office for Nuclear Regulation,,301,30 mandrillapp.com.; 20 mail187-43.suw11.mandrillapp.com.; 10 mail132-27.atl131.mandrillapp.com.
pbni.org.uk,8,wikidata;directory,Probation Board for Northern Ireland,,301,20 cluster.gsi2.messagelabs.com.; 10 cluster.gsi.messagelabs.com.
professionalstandards.org.uk,8,wikidata;directory,Professional Standards Authority for Health and Social Care,,301,10 professionalstandards-org-uk.mail.protection.outlook.com.
protectuk.police.uk,8,linkgraph;directory,National Counter Terrorism Security Office (Other),,301,none
psni.police.uk,8,wikidata;directory,Police Service of Northern Ireland,,ConnectException,5 emgw1.psni.police.uk.
resolution.nhs.uk,8,wikidata;directory,NHS Resolution,,200,0 resolution-nhs-uk.mail.protection.outlook.com.
royalparks.org.uk,8,wikidata;directory,The Royal Parks,,301,10 eu-smtp-inbound-2.mimecast.com.; 10 eu-smtp-inbound-1.mimecast.com.
scot.nhs.uk,8,wikidata;linkgraph,NHS Scotland,,301,50 mail.nhs.uk.
scotland.police.uk,8,wikidata;linkgraph,Police Scotland,central-1,200,1 scotland-police-uk.mail.protection.outlook.com.
shropshiretelfordandwrekin.nhs.uk,8,wikidata;linkgraph,"NHS Shropshire, Telford and Wrekin Integrated Care Board",,301,none
socialworkengland.org.uk,8,wikidata;directory,Social Work England,central-1,302,10 socialworkengland-org-uk.mail.protection.outlook.com.
supremecourt.uk,8,wikidata;wikidata;wikidata;wikidata;directory,Supreme Court of the United Kingdom,central,200,0 supremecourt-uk.mail.protection.outlook.com.
thecrownestate.co.uk,8,wikidata;directory,Crown Estate,,307,0 thecrownestate-co-uk.mail.protection.outlook.com.; 32767 ms52576143.msv1.invalid.
trinityhouse.co.uk,8,wikidata;directory,Trinity House,,200,10 mxb-00254201.gslb.pphosted.com.; 10 mxa-00254201.gslb.pphosted.com.
wiltonpark.org.uk,8,wikidata;directory,Wilton Park,,301,0 wiltonpark-org-uk.mail.protection.outlook.com.
111.nhs.uk,7,linkgraph,Linked from 402 public-sector domains,,405,none
999bsl.co.uk,7,linkgraph,Linked from 20 public-sector domains,,200,5 sorenson-com.mail.protection.outlook.com.
abilitynet.org.uk,7,linkgraph,Linked from 25 public-sector domains,,200,0 abilitynet-org-uk.mail.protection.outlook.com.
abports.co.uk,7,wikidata;wikidata,Port of Immingham | Port of Fleetwood,,301,10 eu-smtp-inbound-1.mimecast.com.; 10 eu-smtp-inbound-2.mimecast.com.
accessable.co.uk,7,linkgraph,Linked from 27 public-sector domains,,403,10 accessable-co-uk.mail.protection.outlook.com.
accurx.nhs.uk,7,linkgraph,Linked from 183 public-sector domains,,200,none
arts.wales,7,wikidata;directory,Arts Council of Wales,,200,20 cust73271-2.in.mailcontrol.com.; 10 cust73271-1.in.mailcontrol.com.
artscouncil-ni.org,7,wikidata;directory,Arts Council of Northern Ireland,,200,20 mx-02-eu-west-1.prod.hydra.sophos.com.; 10 mx-01-eu-west-1.prod.hydra.sophos.com.
belfast-harbour.co.uk,7,wikidata;wikidata,Belfast Harbour Police | Belfast Harbour Commissioners,,HttpConnectTimeoutException: HTTP connect timed out,10 eu-smtp-inbound-1.mimecast.com.; 10 eu-smtp-inbound-2.mimecast.com.
bgs.ac.uk,7,wikidata;wikidata,Geological Survey of Northern Ireland | British Geological Survey,,301,0 bgs-ac-uk.mail.protection.outlook.com.
btp.police.uk,7,wikidata;wikidata,British Transport Police,central-1,302,0 btp-police-uk.mail.protection.outlook.com.
canalrivertrust.org.uk,7,wikidata;wikidata,Canal & River Trust,,200,10 mxb-007a4601.gslb.pphosted.com.; 10 mxa-007a4601.gslb.pphosted.com.
cheshireandmerseyside.nhs.uk,7,linkgraph,Linked from 25 public-sector domains,,200,0 cheshireandmerseyside-nhs-uk.mail.protection.outlook.com.
civicaepay.co.uk,7,linkgraph,Linked from 24 public-sector domains,,ConnectException,10 mail.civicahosting.co.uk.
derbyshire.police.uk,7,wikidata;linkgraph,Derbyshire Constabulary,,ConnectException,0 derbyshire-police-uk.mail.protection.outlook.com.
devon-cornwall.police.uk,7,wikidata;linkgraph,Devon and Cornwall Police,,302,0 devoncornwall-police-uk01c.mail.protection.outlook.com.
digital.nhs.uk,7,linkgraph,Linked from 62 public-sector domains,,403,1 aspmx.l.google.com.; 5 alt2.aspmx.l.google.com.; 5 alt1.aspmx.l.google.com.; 10 alt4.aspmx.l.google.com.; 10 alt3.aspmx.l.google.com.
essex.police.uk,7,wikidata;linkgraph,Essex Police,,302,25 essex-police-uk.mail.protection.outlook.com.
eventbrite.co.uk,7,linkgraph,Linked from 28 public-sector domains,,301,10 aspmx.l.google.com.; 20 alt2.aspmx.l.google.com.; 20 alt1.aspmx.l.google.com.; 30 alt3.aspmx.l.google.com.; 30 alt4.aspmx.l.google.com.
eyelidproductions.co.uk,7,linkgraph,Linked from 24 public-sector domains,,200,10 mx.stackmail.com.
foodstandards.gov.scot,7,wikidata;wikidata,Food Standards Scotland,central-1,301,none
frankltd.co.uk,7,linkgraph,Linked from 72 public-sector domains,,200,0 ded1922.frank-hosting.co.uk.
frontlinedata.co.uk,7,linkgraph,Linked from 21 public-sector domains,,200,0 frontlinedata-co-uk.mail.eo.outlook.com.
google.co.uk,7,linkgraph,Linked from 72 public-sector domains,,301,0 smtp.google.com.
gov.bm,7,wikidata;wikidata,Bermuda Archives | Bermuda Department of Public Transportation,,SSLHandshakeException: (certificate_unknown) No subject alternative DNS name matching gov.bm found.,5 gov-bm.mail.protection.outlook.com.
gp-patient.co.uk,7,linkgraph,Linked from 27 public-sector domains,,SSLHandshakeException: (certificate_unknown) PKIX path building failed: sun.security.provider.certpath.SunCertPathBuilderException: unable to find valid certification path to requested target,10 mxa-00322403.gslb.pphosted.com.; 10 mxb-00322403.gslb.pphosted.com.
gp-registration.nhs.uk,7,linkgraph,Linked from 98 public-sector domains,,405,none
healthwatchnorthtyneside.co.uk,7,wikidata;wikidata,Healthwatch North Somerset | Healthwatch North Tyneside,,200,0 healthwatchnorthtyneside-co-uk.mail.protection.outlook.com.
healthwatchwirral.co.uk,7,wikidata;linkgraph,Healthwatch Wirral,,200,0 healthwatchwirral-co-uk.mail.protection.outlook.com.
housingregulator.gov.scot,7,wikidata;wikidata,Scottish Housing Regulator,central-1,301,none
icb.nhs.uk,7,linkgraph,Linked from 141 public-sector domains,,ConnectException,none
imerseyside.nhs.uk,7,linkgraph,Linked from 33 public-sector domains,,200,0 imerseyside-nhs-uk.mail.protection.outlook.com.
investni.com,7,wikidata;directory,Invest Northern Ireland,,301,5 eu-smtp-inbound-2.mimecast.com.; 5 eu-smtp-inbound-1.mimecast.com.
jobs.nhs.uk,7,linkgraph,Linked from 23 public-sector domains,,ConnectException,none
lincs.police.uk,7,wikidata;linkgraph,Lincolnshire Police,,302,0 lincs-police-uk.mail.protection.outlook.com.
lmcni.com,7,wikidata;directory,Livestock & Meat Commission,,301,0 lmcni-com.mail.protection.outlook.com.
mod.uk,7,wikidata;linkgraph,Defence Business Services,,ConnectException,0 mod-uk.mail.protection.outlook.com.
moderngov.co.uk,7,linkgraph,Linked from 39 public-sector domains,,ConnectException,0 moderngov-co-uk.mail.protection.outlook.com.
mysurgerywebsite.co.uk,7,linkgraph,Linked from 193 public-sector domains,,302,10 stericycle-com.mail.protection.outlook.com.
n3i.co.uk,7,linkgraph,Linked from 26 public-sector domains,,301,0 n3i-co-uk.mail.protection.outlook.com.
nclhealthandcare.org.uk,7,wikidata;linkgraph,NHS North Central London Integrated Care Board,,SSLHandshakeException: (certificate_expired) PKIX path validation failed: java.security.cert.CertPathValidatorException: validity check failed,20 mx1.123-reg.co.uk.; 10 mx0.123-reg.co.uk.
netformulary.co.uk,7,linkgraph,Linked from 30 public-sector domains,,200,10 mail.netformulary.co.uk.
newcoventgardenmarket.com,7,wikidata;directory,Covent Garden Market Authority,,200,0 newcoventgardenmarket-com.mail.protection.outlook.com.
nextdoor.co.uk,7,linkgraph,Linked from 36 public-sector domains,,200,10 mxa.mailgun.org.; 10 mxb.mailgun.org.
nhsresearchscotland.org.uk,7,wikidata;wikidata,Scottish Mental Health Research Network | NHS Research Scotland,,301,none
nihr.ac.uk,7,wikidata;wikidata,NIHR Central Commissioning Facility | National Institute for Health and Care Research,,HttpConnectTimeoutException: HTTP connect timed out,10 aspmx3.googlemail.com.; 1 aspmx.l.google.com.; 5 alt1.aspmx.l.google.com.; 5 alt2.aspmx.l.google.com.; 10 aspmx2.googlemail.com.
nihrc.org,7,wikidata;directory,Northern Ireland Human Rights Commission,central-1,200,10 nicrc-org-uk.mail.protection.outlook.com.
norfolk.police.uk,7,wikidata;linkgraph,Norfolk Constabulary,,302,10 norfolk-police-uk.mail.protection.outlook.com.
northants.police.uk,7,wikidata;linkgraph,Northamptonshire Police,,302,10 northants-police-uk.mail.protection.outlook.com.
oscr.org.uk,7,wikidata;wikidata;wikidata,Office of the Scottish Charity Regulator | Scottish Charity Regulator,central-1,SSLHandshakeException: (certificate_unknown) No subject alternative DNS name matching oscr.org.uk found.,20 mx2-eu1.ppe-hosted.com.; 10 mx1-eu1.ppe-hosted.com.
parliament.scot,7,wikidata;wikidata;wikidata,Scottish Parliament,central-1,HttpConnectTimeoutException: HTTP connect timed out,none
raf.mod.uk,7,wikidata;wikidata,Royal Air Force Police | UK Military Flying Training System,,301,none
rapidhealth.co.uk,7,linkgraph,Linked from 20 public-sector domains,,301,0 rapidhealth-co-uk.mail.protection.outlook.com.
seafish.org,7,wikidata;directory,Seafish,,301,none
service.nhs.uk,7,linkgraph,Linked from 119 public-sector domains,,ConnectException,none
sla-online.co.uk,7,linkgraph,Linked from 22 public-sector domains,,200,0 slaonline-co-uk0i.mail.protection.outlook.com.
smartsurvey.co.uk,7,linkgraph,Linked from 21 public-sector domains,,301,0 smartsurvey-co-uk.mail.protection.outlook.com.
sportni.net,7,wikidata;directory,Sport Northern Ireland,,ConnectException,10 mx-01-eu-west-1.prod.hydra.sophos.com.; 20 mx-02-eu-west-1.prod.hydra.sophos.com.
surgeryweb.org.uk,7,linkgraph,Linked from 75 public-sector domains,,200,0 surgeryweb-org-uk.mail.protection.outlook.com.
sussex.police.uk,7,wikidata;linkgraph,Sussex Police,,302,none
thamesvalley.police.uk,7,wikidata;linkgraph,Thames Valley Police,,HttpConnectTimeoutException: HTTP connect timed out,none
thirdparty.nhs.uk,7,linkgraph,Linked from 22 public-sector domains,,ConnectException,none
treeviewdesigns.co.uk,7,linkgraph,Linked from 101 public-sector domains,,200,none
visitbritain.org,7,wikidata;directory,VisitBritain,,301,10 cluster8.eu.messagelabs.com.
visitengland.com,7,wikidata;directory,VisitEngland,,301,none
westyorkshire.police.uk,7,wikidata;linkgraph,West Yorkshire Police,,301,10 westyorkshire-police-uk.mail.protection.outlook.com.
www.nhs.uk,7,linkgraph,Linked from 937 public-sector domains,,200,none
aboutcookies.org.uk,6,linkgraph,Linked from 15 public-sector domains,,403,none
ageuk.org.uk,6,linkgraph,Linked from 13 public-sector domains,,301,none
bl.uk,6,wikidata;wikidata;wikidata;directory,"British Library | British Library Asia, Pacific and Africa Collections | British Library Manuscript Collections",,308,none
citizensadvice.org.uk,6,linkgraph,Linked from 16 public-sector domains,,301,none
consumer.scot,6,wikidata;wikidata,Consumer Scotland,central-1,200,none
e-lfh.org.uk,6,linkgraph,Linked from 10 public-sector domains,,SSLHandshakeException: (certificate_unknown) No subject alternative DNS name matching e-lfh.org.uk found.,10 e-lfh.org.uk.1.0001.arsmtp.com.; 20 e-lfh.org.uk.2.0001.arsmtp.com.
environmentalstandards.scot,6,wikidata;wikidata,Environmental Standards Scotland,central-1,200,10 gw000222-eu.fortimail.com.
eploy.co.uk,6,linkgraph,Linked from 12 public-sector domains,,HttpConnectTimeoutException: HTTP connect timed out,none
fiscalcommission.scot,6,wikidata;wikidata,Scottish Fiscal Commission,central-1,200,10 gw000222-eu.fortimail.com.
healthcareers.nhs.uk,6,linkgraph,Linked from 10 public-sector domains,,301,50 mail.nhs.uk.
ics.nhs.uk,6,linkgraph,Linked from 14 public-sector domains,,ConnectException,none
investorsinpeople.com,6,wikidata;linkgraph,Investors in People,central,301,10 investorsinpeople-com.mail.protection.outlook.com.
jobtrain.co.uk,6,linkgraph,Linked from 12 public-sector domains,,200,none
klinik.co.uk,6,linkgraph,Linked from 13 public-sector domains,,ConnectException,none
letsgetbetter.co.uk,6,linkgraph,Linked from 12 public-sector domains,,200,none
login.nhs.uk,6,linkgraph,Linked from 13 public-sector domains,,ConnectException,none
lorensbergs.co.uk,6,linkgraph,Linked from 12 public-sector domains,,301,none
macmillan.org.uk,6,linkgraph,Linked from 11 public-sector domains,,301,none
mfa.bg,6,wikidata;wikidata,"Consulate of Bulgaria, Edinburgh | Embassy of Bulgaria, London",central,302,none
midlandsandlancashirecsu.nhs.uk,6,linkgraph,Linked from 11 public-sector domains,,301,0 midlandsandlancashirecsu-nhs-uk.mail.protection.outlook.com.
midosweb.co.uk,6,linkgraph,Linked from 11 public-sector domains,,200,none
mind.org.uk,6,linkgraph,Linked from 14 public-sector domains,,301,none
myplannedcare.nhs.uk,6,linkgraph,Linked from 17 public-sector domains,,301,none
mysurgeryintranet.co.uk,6,linkgraph,Linked from 13 public-sector domains,,302,none
nspcc.org.uk,6,linkgraph,Linked from 14 public-sector domains,,301,20 mx02.hornetsecurity.com.; 30 mx03.hornetsecurity.com.; 40 mx04.hornetsecurity.com.; 10 mx01.hornetsecurity.com.
optical.org,6,wikidata;wikidata,General Optical Council,central,HttpConnectTimeoutException: HTTP connect timed out,none
organdonation.nhs.uk,6,linkgraph,Linked from 10 public-sector domains,,HttpConnectTimeoutException: HTTP connect timed out,none
parish-online.co.uk,6,linkgraph,Linked from 11 public-sector domains,,HttpConnectTimeoutException: HTTP connect timed out,none
parishcouncilwebsites.co.uk,6,linkgraph,Linked from 18 public-sector domains,,HttpConnectTimeoutException: HTTP connect timed out,none
patienttriage.co.uk,6,linkgraph,Linked from 10 public-sector domains,,HttpConnectTimeoutException: HTTP connect timed out,none
practicewebsites.co.uk,6,linkgraph,Linked from 16 public-sector domains,,HttpConnectTimeoutException: HTTP connect timed out,none
primaryeyecare.co.uk,6,linkgraph,Linked from 10 public-sector domains,,HttpConnectTimeoutException: HTTP connect timed out,0 primaryeyecare-co-uk.mail.protection.outlook.com.
revenue.scot,6,wikidata;wikidata,Revenue Scotland,central-1,HttpConnectTimeoutException: HTTP connect timed out,none
roc-taiwan.org,6,wikidata;wikidata,"Representative Office of Taiwan, London | Taipei Representative Office in the U.K. Edinburgh Office",,HttpConnectTimeoutException: HTTP connect timed out,none
scottish-enterprise.com,6,wikidata;wikidata,Scottish Enterprise | South of Scotland Enterprise,central-1,HttpConnectTimeoutException: HTTP connect timed out,none
senedd.cymru,6,wikidata;wikidata;wikidata,Senedd,central-1,HttpConnectTimeoutException: HTTP connect timed out,none
sps.nhs.uk,6,linkgraph,Linked from 19 public-sector domains,,HttpConnectTimeoutException: HTTP connect timed out,none
spydus.co.uk,6,linkgraph,Linked from 12 public-sector domains,,HttpConnectTimeoutException: HTTP connect timed out,none
thriveability.co.uk,6,linkgraph,Linked from 14 public-sector domains,,HttpConnectTimeoutException: HTTP connect timed out,none
webadore.co.uk,6,linkgraph,Linked from 15 public-sector domains,,HttpConnectTimeoutException: HTTP connect timed out,10 mx1.krystal.uk.; 20 mx2.krystal.uk.
www.police.uk,6,linkgraph,Linked from 11 public-sector domains,,HttpConnectTimeoutException: HTTP connect timed out,none
youngminds.org.uk,6,linkgraph,Linked from 12 public-sector domains,,308,none
zesty.co.uk,6,linkgraph,Linked from 18 public-sector domains,,301,none
zonkey.co.uk,6,linkgraph,Linked from 14 public-sector domains,,301,none
actionfraud.police.uk,5,linkgraph,Linked from 7 public-sector domains,,HttpConnectTimeoutException: HTTP connect timed out,10 actionfraud-police-uk.mail.protection.outlook.com.
adelante.co.uk,5,linkgraph,Linked from 5 public-sector domains,,HttpConnectTimeoutException: HTTP connect timed out,none
admin.cam.ac.uk,5,wikidata,Cambridge University Constabulary,,HttpConnectTimeoutException: HTTP connect timed out,0 admin-cam-ac-uk.mail.protection.outlook.com.
afcommissioner.org.uk,5,directory,Armed Forces Commissioner (Other),,301,none
ahrc.ac.uk,5,directory,Arts and Humanities Research Council (Sub organisation),,302,2 ahrc-ac-uk.mail.protection.outlook.com.
alzheimers.org.uk,5,linkgraph,Linked from 6 public-sector domains,,301,none
amazon.co.uk,5,linkgraph,Linked from 5 public-sector domains,,301,10 amazon-smtp.amazon.com.
antislaverycommissioner.co.uk,5,directory,Independent Anti-slavery Commissioner (Independent monitoring body),,200,none
artscouncil.org.uk,5,directory,Arts Council England (Executive non-departmental public body) | The Reviewing Committee on the Export of Works of Art and Objects of Cultural Inter...,central-1,301,none
better.org.uk,5,linkgraph,Linked from 7 public-sector domains,,301,5 mail.gll.org.; 10 feedback-smtp.eu-west-2.amazonses.com.
blood.co.uk,5,linkgraph,Linked from 7 public-sector domains,,405,none
bma.org.uk,5,linkgraph,Linked from 6 public-sector domains,,301,none
british-business-bank.co.uk,5,directory,British Business Bank (Other),,301,none
britishlegion.org.uk,5,linkgraph,Linked from 6 public-sector domains,,301,none
britishwool.org.uk,5,directory,British Wool (Other),,HttpConnectTimeoutException: HTTP connect timed out,none
cambscommunityservices.nhs.uk,5,linkgraph,Linked from 5 public-sector domains,,HttpConnectTimeoutException: HTTP connect timed out,none
carechoices.co.uk,5,linkgraph,Linked from 5 public-sector domains,,301,none
careopinion.org.uk,5,linkgraph,Linked from 8 public-sector domains,,301,none
ccea.org.uk,5,directory,"Northern Ireland Council for the Curriculum, Examinations and Assessment (Executive non-departmental public body)",central-1,200,none
cfa.nhs.uk,5,directory,NHS Counter Fraud Authority (Special health authority),,200,10 inbound-smtp.eu-west-1.amazonaws.com.
chelwest.nhs.uk,5,linkgraph,Linked from 9 public-sector domains,,302,none
childline.org.uk,5,linkgraph,Linked from 8 public-sector domains,,301,5 mail01.nspcc.org.uk.; 10 mail02.nspcc.org.uk.
childsafeguarding.independent-panel.uk,5,directory,Child Safeguarding Practice Review Panel (Other),,200,none
clch.nhs.uk,5,linkgraph,Linked from 5 public-sector domains,,200,none
click4assistance.co.uk,5,linkgraph,Linked from 6 public-sector domains,,301,none
college.police.uk,5,directory,College of Policing (Other),,HttpConnectTimeoutException: HTTP connect timed out,none
communitypharmacy.org.uk,5,linkgraph,Linked from 6 public-sector domains,,200,none
cpics.org.uk,5,linkgraph,Linked from 6 public-sector domains,,307,20 mx1.123-reg.co.uk.; 10 mx0.123-reg.co.uk.
creativestream.co.uk,5,linkgraph,Linked from 9 public-sector domains,,HttpConnectTimeoutException: HTTP connect timed out,none
crossrail-international.co.uk,5,directory,Crossrail International (Public corporation),,HttpConnectTimeoutException: HTTP connect timed out,0 crossrailinternational-co-uk02c.mail.protection.outlook.com.
da.mod.uk,5,directory,Defence Academy of the United Kingdom (Sub organisation),,HttpConnectTimeoutException: HTTP connect timed out,0 da-mod-uk.mail.protection.outlook.com.
def.co.uk,5,linkgraph,Linked from 5 public-sector domains,,HttpConnectTimeoutException: HTTP connect timed out,none
diabetes.org.uk,5,linkgraph,Linked from 5 public-sector domains,,HttpConnectTimeoutException: HTTP connect timed out,none
doctorsoftheworld.org.uk,5,linkgraph,Linked from 8 public-sector domains,,HttpConnectTimeoutException: HTTP connect timed out,0 doctorsoftheworld-org-uk.mail.protection.outlook.com.
dsfc.ac.uk,5,directory,Defence Sixth Form College (Sub organisation),,HttpConnectTimeoutException: HTTP connect timed out,10 mail2.dsfc.ac.uk.; 10 mail1.dsfc.ac.uk.
eis2win.co.uk,5,directory,English Institute of Sport (Other),,301,none
emisaccess.co.uk,5,linkgraph,Linked from 6 public-sector domains,,HttpConnectTimeoutException: HTTP connect timed out,none
entitledto.co.uk,5,linkgraph,Linked from 7 public-sector domains,,HttpConnectTimeoutException: HTTP connect timed out,0 entitledto-co-uk.mail.protection.outlook.com.
epsrc.ac.uk,5,directory,Engineering and Physical Sciences Research Council (Sub organisation),,HttpConnectTimeoutException: HTTP connect timed out,none
esr.nhs.uk,5,linkgraph,Linked from 7 public-sector domains,,HttpConnectTimeoutException: HTTP connect timed out,none
esrc.ac.uk,5,directory,Economic and Social Research Council (Sub organisation),,HttpConnectTimeoutException: HTTP connect timed out,2 esrc-ac-uk.mail.protection.outlook.com.
fireservicecollege.ac.uk,5,directory,Fire Service College (Other),,200,none
floodre.co.uk,5,directory,Flood Re (Other),,HttpConnectTimeoutException: HTTP connect timed out,none
fpm-group.co.uk,5,linkgraph,Linked from 5 public-sector domains,,SSLHandshakeException: Remote host terminated the handshake,none
future.nhs.uk,5,linkgraph,Linked from 5 public-sector domains,,200,none
healthcheck.nhs.uk,5,linkgraph,Linked from 5 public-sector domains,,HttpConnectTimeoutException: HTTP connect timed out,none
healthiertogether.nhs.uk,5,linkgraph,Linked from 6 public-sector domains,,301,0 healthiertogether-nhs-uk.mail.protection.outlook.com.
healthystart.nhs.uk,5,linkgraph,Linked from 6 public-sector domains,,ConnectException,none
hesa.ac.uk,5,directory,Higher Education Statistics Agency (Other),,302,none
historicengland.org.uk,5,directory,Historic England (Executive non-departmental public body),central-1,200,none
hrp.org.uk,5,directory,Historic Royal Palaces (Public corporation),,301,none
humber.nhs.uk,5,linkgraph,Linked from 6 public-sector domains,,301,none
ibca.org.uk,5,directory,Infected Blood Compensation Authority (Other),,200,none
icrev.org.uk,5,directory,Independent Complaints Reviewer (Other),,301,none
imperial.nhs.uk,5,linkgraph,Linked from 8 public-sector domains,,301,none
interpreterslive.co.uk,5,linkgraph,Linked from 8 public-sector domains,,301,none
ipco.org.uk,5,directory,Investigatory Powers Commissioner's Office (Other),,ConnectException,10 smtp2.ipco.org.uk.; 10 smtp4.ipco.org.uk.; 10 smtp1.ipco.org.uk.; 10 smtp3.ipco.org.uk.
iraqinquiry.org.uk,5,directory,Iraq Inquiry (Other),,301,10 mail.iraqinquiry.org.uk.
jgp.co.uk,5,linkgraph,Linked from 7 public-sector domains,,SSLHandshakeException: (certificate_unknown) No subject alternative DNS name matching jgp.co.uk found.,none
legalombudsman.org.uk,5,directory,The Legal Ombudsman (Other),,200,none
lgo.org.uk,5,directory,Local Government and Social Care Ombudsman (Other),,302,none
lincolnshirecommunityhealthservices.nhs.uk,5,linkgraph,Linked from 5 public-sector domains,,200,50 mail.nhs.uk.
livingwage.org.uk,5,linkgraph,Linked from 6 public-sector domains,,301,none
lnwh.nhs.uk,5,linkgraph,Linked from 8 public-sector domains,,307,none
longtermplan.nhs.uk,5,linkgraph,Linked from 5 public-sector domains,,301,none
lowcarboncontracts.uk,5,directory,Electricity Settlements Company (Other) | Low Carbon Contracts Company (Other),,403,none
mayden.co.uk,5,linkgraph,Linked from 7 public-sector domains,,301,10 alt4.aspmx.l.google.com.; 10 alt3.aspmx.l.google.com.; 5 alt2.aspmx.l.google.com.; 5 alt1.aspmx.l.google.com.; 1 aspmx.l.google.com.
medicines.org.uk,5,linkgraph,Linked from 8 public-sector domains,,301,1 medicines-org-uk.mail.protection.outlook.com.
medicinesforchildren.org.uk,5,linkgraph,Linked from 6 public-sector domains,,ConnectException,none
membra.co.uk,5,linkgraph,Linked from 7 public-sector domains,,HttpTimeoutException: request timed out,10 mx10.civica.com.; 20 mx20.civica.com.
mencap.org.uk,5,linkgraph,Linked from 6 public-sector domains,,301,10 mencap-org-uk.mail.protection.outlook.com.
metastreet.co.uk,5,linkgraph,Linked from 8 public-sector domains,,200,none
mexe.org.uk,5,directory,Military Engineering Experimental Establishment (Other),,200,none
moneyhelper.org.uk,5,linkgraph,Linked from 8 public-sector domains,,403,none
mpft.nhs.uk,5,linkgraph,Linked from 6 public-sector domains,,301,none
mrc.ac.uk,5,directory,Medical Research Council (Sub organisation),,302,10 cluster1.eu.messagelabs.com.; 0 mrc-ac-uk.mail.protection.outlook.com.; 20 cluster1a.eu.messagelabs.com.
nationalguardian.org.uk,5,directory,National Guardian's Office (Sub organisation),,200,none
nationalrail.co.uk,5,linkgraph,Linked from 9 public-sector domains,,301,none
nerc.ac.uk,5,directory,Natural Environment Research Council (Sub organisation),,302,10 nerc-ac-uk.mail.protection.outlook.com.
nestpensions.org.uk,5,directory,National Employment Savings Trust (NEST) Corporation (Public corporation),,301,none
nhsbt.nhs.uk,5,directory,NHS Blood and Transplant (Special health authority),,ConnectException,none
nipolicingboard.org.uk,5,directory,Northern Ireland Policing Board (Executive non-departmental public body),central-1,301,10 mx-01-eu-west-1.prod.hydra.sophos.com.; 20 mx-02-eu-west-1.prod.hydra.sophos.com.
northeastnorthcumbria.nhs.uk,5,linkgraph,Linked from 7 public-sector domains,,200,none
npl.co.uk,5,directory,National Physical Laboratory (Public corporation),,301,none
onedevon.org.uk,5,linkgraph,Linked from 5 public-sector domains,,200,10 mx.stackmail.com.
pensions-ombudsman.org.uk,5,directory,The Pension Protection Fund Ombudsman (Tribunal) | The Pensions Ombudsman (Tribunal),,301,none
phew.org.uk,5,linkgraph,Linked from 7 public-sector domains,,301,none
planningportal.co.uk,5,linkgraph,Linked from 8 public-sector domains,,307,none
ppf.co.uk,5,directory,Pension Protection Fund (Public corporation),,HttpConnectTimeoutException: HTTP connect timed out,none
psr.org.uk,5,directory,Payment Systems Regulator (Other),,HttpConnectTimeoutException: HTTP connect timed out,none
pubscodeadjudicator.org.uk,5,directory,Pubs Code Adjudicator (Other),,HttpConnectTimeoutException: HTTP connect timed out,none
qub.ac.uk,5,directory,Northern Ireland Cancer Registry (Other),,HttpConnectTimeoutException: HTTP connect timed out,none
rcgp.org.uk,5,linkgraph,Linked from 7 public-sector domains,,HttpConnectTimeoutException: HTTP connect timed out,none
registrarofconsultantlobbyists.org.uk,5,directory,Office of the Registrar of Consultant Lobbyists (Other),,HttpConnectTimeoutException: HTTP connect timed out,none
rssb.co.uk,5,directory,Rail Safety and Standards Board (Other),,HttpConnectTimeoutException: HTTP connect timed out,0 rssb-co-uk.mail.protection.outlook.com.
s4c.co.uk,5,directory,S4C (Other),,HttpConnectTimeoutException: HTTP connect timed out,none
safelincs.co.uk,5,linkgraph,Linked from 5 public-sector domains,,HttpConnectTimeoutException: HTTP connect timed out,none
sentencingcouncil.org.uk,5,directory,Sentencing Council for England and Wales (Advisory non-departmental public body),central-1,200,none
sh24.org.uk,5,linkgraph,Linked from 5 public-sector domains,,200,none
shelter.org.uk,5,linkgraph,Linked from 6 public-sector domains,,HttpConnectTimeoutException: HTTP connect timed out,none
signvideo.co.uk,5,linkgraph,Linked from 6 public-sector domains,,200,10 sorenson-com.mail.protection.outlook.com.; 5 signvideo-co-uk.mail.protection.outlook.com.
simpliyprimarycare.co.uk,5,linkgraph,Linked from 5 public-sector domains,,200,1 smtp.google.com.
staffsstokeics.org.uk,5,linkgraph,Linked from 5 public-sector domains,,HttpConnectTimeoutException: HTTP connect timed out,none
submarine-museum.co.uk,5,directory,Royal Navy Submarine Museum (Sub organisation),,405,none
surveymonkey.co.uk,5,linkgraph,Linked from 9 public-sector domains,,301,none
swiftqueue.co.uk,5,linkgraph,Linked from 8 public-sector domains,,200,30 athena.hosts.co.uk.; 30 hermes.hosts.co.uk.
thecgc.org.uk,5,directory,Cambridge Growth Company (Other),,200,none
thh.nhs.uk,5,linkgraph,Linked from 8 public-sector domains,,200,none
tht.org.uk,5,linkgraph,Linked from 5 public-sector domains,,200,none
treatyourselfbetter.co.uk,5,linkgraph,Linked from 9 public-sector domains,,301,none
tripadvisor.co.uk,5,linkgraph,Linked from 5 public-sector domains,,301,10 smtp.google.com.
ukar.co.uk,5,directory,UK Asset Resolution Limited (Other),,301,none
ukgi.org.uk,5,directory,UK Government Investments (Other),,301,none
ukri.org,5,wikidata;wikidata;wikidata;wikidata;wikidata;directory,Natural Environment Research Council | Arts and Humanities Research Council | Biotechnology and Biological Sciences Research Council | Innovate UK | Medical Research Council,,302,none
uksbs.co.uk,5,directory,UK Shared Business Services Ltd (Other),,301,none
victimscommissioner.org.uk,5,directory,Victims' Commissioner (Other),,200,none
visitchurches.org.uk,5,directory,Churches Conservation Trust (Other),,301,none
volute.co.uk,5,linkgraph,Linked from 5 public-sector domains,,200,none
wchc.nhs.uk,5,linkgraph,Linked from 5 public-sector domains,,301,none
web-labs.co.uk,5,linkgraph,Linked from 9 public-sector domains,,HttpConnectTimeoutException: HTTP connect timed out,0 weblabs-co-uk0i.mail.protection.outlook.com.
websites4gps.co.uk,5,linkgraph,Linked from 6 public-sector domains,,HttpConnectTimeoutException: HTTP connect timed out,none
windrushcommissioner.uk,5,directory,Office of the Windrush Commissioner (Independent monitoring body),,301,none
zonkeycouncilwebsites.co.uk,5,linkgraph,Linked from 9 public-sector domains,,301,none
abenburycommunitycouncil.org.uk,4,wikidata,Abenbury Community Council,,SSLException: (internal_error) Received fatal alert: internal_error,none
abermulewithllandyssilcommunitycouncil.org.uk,4,wikidata,Abermule with Llandyssil Community Council,,301,none
abervalleycommunitycouncil.org.uk,4,wikidata,Aber Valley Community Council,,301,none
accessibility-services.co.uk,4,linkgraph,Linked from 4 public-sector domains,,301,none
activecouncil.co.uk,4,linkgraph,Linked from 3 public-sector domains,,200,none
adeptnet.org.uk,4,wikidata,"Association of Directors of Environment, Economy, Planning and Transport",,200,5 alt1.aspmx.l.google.com.; 10 alt3.aspmx.l.google.com.; 5 alt2.aspmx.l.google.com.; 1 aspmx.l.google.com.
ads.org.uk,4,wikidata,Architecture and Design Scotland,central-1,301,0 ads-org-uk.mail.protection.outlook.com.
alderhey.nhs.uk,4,linkgraph,Linked from 4 public-sector domains,,301,0 alderhey-nhs-uk.mail.protection.outlook.com.
algerian-consulate.org.uk,4,wikidata,"Consulate General of Algeria, London",,200,none
algerianembassy.org.uk,4,wikidata,"Embassy of Algeria, London",central,HttpConnectTimeoutException: HTTP connect timed out,10 mailserver.livemail.co.uk.
amtra.org.uk,4,wikidata,Animal Medicines Training Regulatory Authority,,HttpConnectTimeoutException: HTTP connect timed out,1 amtra-org-uk.mail.protection.outlook.com.
anglianwater.co.uk,4,linkgraph,Linked from 4 public-sector domains,,HttpConnectTimeoutException: HTTP connect timed out,none
angola.org.uk,4,wikidata,"Embassy of Angola, London",central,HttpConnectTimeoutException: HTTP connect timed out,10 mx00.ionos.co.uk.; 10 mx01.ionos.co.uk.
apccs.police.uk,4,linkgraph,Linked from 3 public-sector domains,,HttpConnectTimeoutException: HTTP connect timed out,none
ardengemcsu.nhs.uk,4,linkgraph,Linked from 3 public-sector domains,,HttpConnectTimeoutException: HTTP connect timed out,none
argoedcommunitycouncil.org.uk,4,wikidata,Argoed Community Council,,301,10 mail.argoedcommunitycouncil.org.uk.
army.mod.uk,4,wikidata,Royal Military Police,,HttpConnectTimeoutException: HTTP connect timed out,none
asapglos.nhs.uk,4,linkgraph,Linked from 4 public-sector domains,,HttpConnectTimeoutException: HTTP connect timed out,none
assets.nhs.uk,4,linkgraph,Linked from 3 public-sector domains,,HttpConnectTimeoutException: HTTP connect timed out,none
asthmaandlung.org.uk,4,linkgraph,Linked from 4 public-sector domains,,HttpConnectTimeoutException: HTTP connect timed out,0 asthmaandlung-org-uk.mail.protection.outlook.com.
autism.org.uk,4,linkgraph,Linked from 3 public-sector domains,,HttpConnectTimeoutException: HTTP connect timed out,none
axiell.co.uk,4,linkgraph,Linked from 3 public-sector domains,,HttpConnectTimeoutException: HTTP connect timed out,none
bahrainembassy.co.uk,4,wikidata,embassy of Bahrain in the United Kingdom,central,HttpConnectTimeoutException: HTTP connect timed out,none
barnsleyhealthcarefederation.co.uk,4,linkgraph,Linked from 4 public-sector domains,,HttpConnectTimeoutException: HTTP connect timed out,none
bartshealth.nhs.uk,4,linkgraph,Linked from 3 public-sector domains,,307,none
bathandnortheastsomersetccg.nhs.uk,4,wikidata,NHS Bath and North East Somerset Clinical Commissioning Group,,HttpConnectTimeoutException: HTTP connect timed out,none
bbits.co.uk,4,linkgraph,Linked from 4 public-sector domains,,200,none
bedfordshirehospitals.nhs.uk,4,linkgraph,Linked from 3 public-sector domains,,HttpConnectTimeoutException: HTTP connect timed out,none
belizehighcommission.co.uk,4,wikidata,"High Commission of Belize, London",central,HttpConnectTimeoutException: HTTP connect timed out,0 belizehighcommission-co-uk.mail.protection.outlook.com.
berkshirehealthcare.nhs.uk,4,linkgraph,Linked from 4 public-sector domains,,HttpConnectTimeoutException: HTTP connect timed out,none
berkshirerecordoffice.org.uk,4,wikidata,Berkshire Record Office,,HttpConnectTimeoutException: HTTP connect timed out,none
bethdin.org.uk,4,wikidata,London Beth Din,,301,10 eu-smtp-inbound-1.mimecast.com.; 10 eu-smtp-inbound-2.mimecast.com.
betterhealthns.co.uk,4,linkgraph,Linked from 4 public-sector domains,,301,none
betteroffcalculator.co.uk,4,linkgraph,Linked from 4 public-sector domains,,200,none
bhclondon.org.uk,4,wikidata,"High Commission of Bangladesh, London",central,200,none
bhembassy.co.uk,4,wikidata,"Embassy of Bosnia and Herzegovina, London",central,SSLHandshakeException: (certificate_unknown) No subject alternative DNS name matching bhembassy.co.uk found.,none
biofair.uk,4,wikidata,BioFAIR,,200,1 aspmx.l.google.com.; 10 alt4.aspmx.l.google.com.; 10 alt3.aspmx.l.google.com.; 5 alt2.aspmx.l.google.com.; 5 alt1.aspmx.l.google.com.
birmingham.ac.uk,4,wikidata,NIHR Birmingham Liver Biomedical Research Unit,,301,10 mx08-002d3c02.pphosted.com.; 10 mx07-002d3c02.pphosted.com.
bliss.org.uk,4,linkgraph,Linked from 4 public-sector domains,,301,none
blueteq-secure.co.uk,4,linkgraph,Linked from 3 public-sector domains,,ConnectException,none
bookingsplus.co.uk,4,linkgraph,Linked from 3 public-sector domains,,200,none
brc.slam.nhs.uk,4,wikidata,NIHR Maudsley Dementia Biomedical Research Unit,,ConnectException,none
breezethemes.co.uk,4,linkgraph,Linked from 3 public-sector domains,,ConnectException,none
bridgewater.nhs.uk,4,linkgraph,Linked from 3 public-sector domains,,301,none
bristolbrc.nihr.ac.uk,4,wikidata,NIHR Bristol Biomedical Research Centre,,301,none
bristolccg.nhs.uk,4,wikidata,NHS Bristol Clinical Commissioning Group,,HttpConnectTimeoutException: HTTP connect timed out,none
britishchambers.org.uk,4,wikidata,British Chambers of Commerce,,301,none
bspd.co.uk,4,linkgraph,Linked from 4 public-sector domains,,HttpConnectTimeoutException: HTTP connect timed out,none
bsw.icb.nhs.uk,4,wikidata,"NHS Bath and North East Somerset, Swindon and Wiltshire Integrated Care Board",,200,none
cambridge-brc.org.uk,4,wikidata,NIHR Cambridge Dementia Biomedical Research Unit,,405,none
cambs.police.uk,4,wikidata,Cambridgeshire Constabulary,,302,none
cameroonhighcommission.co.uk,4,wikidata,"High Commission of Cameroon, London",central,200,none
capt.org.uk,4,linkgraph,Linked from 3 public-sector domains,,200,none
careerswales.com,4,directory,Careers Wales (Other),,301,none
cefas.co.uk,4,wikidata,"Centre for Environment, Fisheries and Aquaculture Science",,HttpConnectTimeoutException: HTTP connect timed out,10 cefas-co-uk.mail.protection.outlook.com.
centralandsouthknowsleypcn.co.uk,4,linkgraph,Linked from 4 public-sector domains,,301,none
centralmanchesterccg.nhs.uk,4,wikidata,NHS Central Manchester Clinical Commissioning Group,,SSLHandshakeException: (certificate_unknown) No subject alternative DNS name matching centralmanchesterccg.nhs.uk found.,none
cepc.org.uk,4,wikidata,Crown Estate Paving Commission,,301,none
channel4.com,4,directory,Channel 4 (Public corporation),,301,10 eu-smtp-inbound-1.mimecast.com.; 10 eu-smtp-inbound-2.mimecast.com.
chathealth.nhs.uk,4,linkgraph,Linked from 3 public-sector domains,,200,none
chcpcic.org.uk,4,linkgraph,Linked from 4 public-sector domains,,301,10 chcpcic-org-uk.mail.protection.outlook.com.
chefsbay.co.uk,4,wikidata,Chefs Bay,,200,10 alt4.aspmx.l.google.com.; 5 alt1.aspmx.l.google.com.; 10 alt3.aspmx.l.google.com.; 1 aspmx.l.google.com.; 5 alt2.aspmx.l.google.com.
cheshire.police.uk,4,wikidata,Cheshire Constabulary,,HttpConnectTimeoutException: HTTP connect timed out,none
cheshirearchives.org.uk,4,wikidata,Cheshire Record Office,,301,none
chevening.org,4,directory,Chevening Scholarship Programme (Other),,301,none
cleveland.police.uk,4,wikidata,Cleveland Police,,403,none
cmft.nhs.uk,4,linkgraph,Linked from 3 public-sector domains,,HttpConnectTimeoutException: HTTP connect timed out,0 cmft-nhs-uk.mail.protection.outlook.com.
cntw.nhs.uk,4,linkgraph,Linked from 3 public-sector domains,,301,0 cntw-nhs-uk.mail.protection.outlook.com.
cnwl.nhs.uk,4,linkgraph,Linked from 4 public-sector domains,,403,none
coityhighercommunitycouncil.co.uk,4,wikidata,Coity Higher Community Council,,301,10 mail.coityhighercommunitycouncil.co.uk.
comisiynyddygymraeg.org,4,directory,Welsh Language Commissioner (Other),,HttpConnectTimeoutException: HTTP connect timed out,none
community-council.org.uk,4,wikidata,Llantrisant Fawr Community Council,,HttpConnectTimeoutException: HTTP connect timed out,none
counterterrorism.police.uk,4,linkgraph,Linked from 3 public-sector domains,,HttpConnectTimeoutException: HTTP connect timed out,0 counterterrorism-police-uk.mail.protection.outlook.com.
cp.catapult.org.uk,4,wikidata,Connected Places Catapult,,HttpConnectTimeoutException: HTTP connect timed out,0 eu-smtp-inbound-2.mimecast.com.; 0 eu-smtp-inbound-1.mimecast.com.
cpe.org.uk,4,linkgraph,Linked from 3 public-sector domains,,HttpConnectTimeoutException: HTTP connect timed out,none
craftscouncil.org.uk,4,wikidata,Crafts Council,,HttpConnectTimeoutException: HTTP connect timed out,none
crn.nihr.ac.uk,4,wikidata,NIHR Clinical Research Network,,HttpConnectTimeoutException: HTTP connect timed out,none
croydongphub.co.uk,4,linkgraph,Linked from 4 public-sector domains,,HttpConnectTimeoutException: HTTP connect timed out,none
cso.scot.nhs.uk,4,wikidata,Chief Scientist Office,,HttpConnectTimeoutException: HTTP connect timed out,none
cuh.nhs.uk,4,linkgraph,Linked from 3 public-sector domains,,301,none
cumbria.police.uk,4,wikidata,Cumbria Constabulary,,HttpConnectTimeoutException: HTTP connect timed out,0 cumbria-police-uk.mail.protection.outlook.com.
cumbriasfc.org.uk,4,wikidata,North Western Inshore Fisheries and Conservation Authority,,403,none
customshouse.co.uk,4,wikidata,"Customs House, South Shields",,200,0 customshouse-co-uk.mail.protection.outlook.com.
cwp.nhs.uk,4,linkgraph,Linked from 3 public-sector domains,,301,none
cylchygarn.co.uk,4,wikidata,Cylch-y-Garn Community Council,,301,none
cyngorgwalchmai.co.uk,4,wikidata,Trewalchmai Community Council,,200,none
cypcs.org.uk,4,wikidata,Children and Young People's  Commissioner Scotland,central-1,301,none
darranvalleycommunitycouncil.org.uk,4,wikidata,Darran Valley Community Council,,HttpConnectTimeoutException: HTTP connect timed out,10 mail.darranvalleycommunitycouncil.org.uk.
darwininitiative.org.uk,4,wikidata,Darwin Initiative,,301,none
data-archive.ac.uk,4,wikidata,UK Data Archive,,301,none
david-macbrayne.co.uk,4,wikidata,David MacBrayne Ltd,,ConnectException,10 mx0.123-reg.co.uk.; 20 mx1.123-reg.co.uk.
deafcouncil.org.uk,4,wikidata,UK Council on Deafness,,SSLHandshakeException: (certificate_expired) PKIX path validation failed: java.security.cert.CertPathValidatorException: validity check failed,none
delwedd.co.uk,4,linkgraph,Linked from 3 public-sector domains,,200,0 delwedd-co-uk.mail.protection.outlook.com.
dementiafriends.org.uk,4,linkgraph,Linked from 3 public-sector domains,,301,none
des.mod.uk,4,wikidata,Defence Equipment and Support,,200,5 mx2.defencegateway.mod.uk.
devauden.org.uk,4,wikidata,Devauden Community Council,,200,none
devonlibraries.org.uk,4,wikidata,Bampton Library,,SSLHandshakeException: (certificate_expired) PKIX path validation failed: java.security.cert.CertPathValidatorException: validity check failed,0 devonlibraries-org-uk.mail.protection.outlook.com.
devonsfc.co.uk,4,wikidata,Devon and Severn Inshore Fisheries and Conservation Authority,,ConnectException,none
dgt.nhs.uk,4,linkgraph,Linked from 3 public-sector domains,,301,50 mail.nhs.uk.
disclosure.gov.scot,4,wikidata,Disclosure Scotland,central-1,HttpConnectTimeoutException: HTTP connect timed out,0 .
dominicahighcommission.co.uk,4,wikidata,"High Commission of Dominica, London",central,HttpConnectTimeoutException: HTTP connect timed out,none
dorset.police.uk,4,wikidata,Dorset Police,,302,none
dorsetfire.co.uk,4,wikidata,Dorset Fire and Rescue Service,,HttpConnectTimeoutException: HTTP connect timed out,none
doverport.co.uk,4,wikidata,Port of Dover Police,,SSLHandshakeException: (certificate_unknown) PKIX path building failed: sun.security.provider.certpath.SunCertPathBuilderException: unable to find valid certification path to requested target,10 mail1.doverport.co.uk.; 10 mail2.doverport.co.uk.
dpt.nhs.uk,4,linkgraph,Linked from 3 public-sector domains,,307,none
dunkeldandbirnamnews.co.uk,4,wikidata,Dunkeld and Birnam,,301,20 mx20.antispam.mailspamprotection.com.; 10 mx10.antispam.mailspamprotection.com.; 30 mx30.antispam.mailspamprotection.com.
durham.police.uk,4,wikidata,Durham Constabulary,,302,none
dwfire.org.uk,4,wikidata,Dorset & Wiltshire Fire and Rescue Service,,301,0 dwfire-org-uk.mail.protection.outlook.com.
dwrcouncil.co.uk,4,wikidata,"Draethen, Waterloo and Rudry Community Council",,SSLHandshakeException: (certificate_unknown) No subject alternative DNS name matching dwrcouncil.co.uk found.,none
dyfed-powys.police.uk,4,wikidata,Dyfed-Powys Police,,SSLHandshakeException: (certificate_expired) PKIX path validation failed: java.security.cert.CertPathValidatorException: validity check failed,0 dyfedpowys-police-uk01c.mail.protection.outlook.com.
eani.org.uk,4,wikidata,Education Authority,central-1,301,none
earlham.ac.uk,4,wikidata,Earlham Institute,,302,0 earlham-ac-uk.mail.protection.outlook.com.
edinburghassayoffice.co.uk,4,wikidata,Edinburgh Assay Office,,301,0 edinburghassayoffice-co-uk.mail.protection.outlook.com.
education.gov.scot,4,wikidata,Education Scotland,central-1,HttpConnectTimeoutException: HTTP connect timed out,10 gw000222-eu.fortimail.com.
embassyofguinea.org.uk,4,wikidata,"Embassy of Guinea, London",central,HttpConnectTimeoutException: HTTP connect timed out,0 mx1-usg2.ppe-hosted.com.; 0 mx2-usg2.ppe-hosted.com.; 0 mx3-usg2.ppe-hosted.com.
embassyofliberia.org.uk,4,wikidata,embassy of Liberia in the United Kingdom,central,HttpConnectTimeoutException: HTTP connect timed out,none
english-heritage.org.uk,4,linkgraph,Linked from 4 public-sector domains,,HttpConnectTimeoutException: HTTP connect timed out,none
enherts-tr.nhs.uk,4,linkgraph,Linked from 3 public-sector domains,,HttpConnectTimeoutException: HTTP connect timed out,none
epsom-sthelier.nhs.uk,4,linkgraph,Linked from 3 public-sector domains,,HttpConnectTimeoutException: HTTP connect timed out,none
es-mail.co.uk,4,linkgraph,Linked from 4 public-sector domains,,HttpConnectTimeoutException: HTTP connect timed out,none
esdm.co.uk,4,linkgraph,Linked from 4 public-sector domains,,HttpConnectTimeoutException: HTTP connect timed out,5 esdm-co-uk.mail.protection.outlook.com.; 10 mxa.eu.mailgun.org.; 15 mxb.eu.mailgun.org.
estyn.gov.wales,4,wikidata,Estyn,central-1,HttpConnectTimeoutException: HTTP connect timed out,0 estyn-gov-wales.mail.protection.outlook.com.
everyonehealth.co.uk,4,linkgraph,Linked from 3 public-sector domains,,HttpConnectTimeoutException: HTTP connect timed out,none
fhft.nhs.uk,4,linkgraph,Linked from 3 public-sector domains,,HttpConnectTimeoutException: HTTP connect timed out,none
fijihighcommission.org.uk,4,wikidata,"High Commission of Fiji, London",central,HttpConnectTimeoutException: HTTP connect timed out,none
firstbus.co.uk,4,linkgraph,Linked from 3 public-sector domains,,HttpConnectTimeoutException: HTTP connect timed out,none
fleetairarm.com,4,directory,Fleet Air Arm Museum (Sub organisation),,301,none
foodbank.org.uk,4,linkgraph,Linked from 4 public-sector domains,,HttpConnectTimeoutException: HTTP connect timed out,none
forcesemployment.org.uk,4,linkgraph,Linked from 3 public-sector domains,,HttpConnectTimeoutException: HTTP connect timed out,0 forcesemployment-org-uk.mail.protection.outlook.com.
forestry.gov.scot,4,wikidata,Scottish Forestry,central-1,HttpConnectTimeoutException: HTTP connect timed out,none
forestryandland.gov.scot,4,wikidata,Forestry and Land Scotland,central-1,HttpConnectTimeoutException: HTTP connect timed out,none
formationcraft.co.uk,4,linkgraph,Linked from 3 public-sector domains,,HttpConnectTimeoutException: HTTP connect timed out,none
frimley.icb.nhs.uk,4,wikidata,NHS Frimley,,HttpConnectTimeoutException: HTTP connect timed out,none
frimleyhealthandcare.org.uk,4,linkgraph,Linked from 4 public-sector domains,,HttpConnectTimeoutException: HTTP connect timed out,10 mailforward.lcn.com.
gambiahc.org.uk,4,wikidata,"high commission of Gambia, London",central,200,none
gatesheadinnerwestpcn.co.uk,4,linkgraph,Linked from 3 public-sector domains,,200,none
gelligaercommunitycouncil.org.uk,4,wikidata,Gelligaer Community Council,,301,none
ghc.nhs.uk,4,linkgraph,Linked from 4 public-sector domains,,301,none
gibraltar.gov.gi,4,wikidata,Gibraltar Archives,,ConnectException,none
gla.ac.uk,4,wikidata,MRC-University of Glasgow Centre For Virus Research,,301,5 jones.cent.gla.ac.uk.; 5 cleese.cent.gla.ac.uk.; 5 palin.cent.gla.ac.uk.; 10 idle.cent.gla.ac.uk.
gloucestershire.police.uk,4,wikidata,Gloucestershire Constabulary,,ConnectException,none
gmp.police.uk,4,wikidata,Greater Manchester Police,,302,none
goldcliffcommunitycouncil.co.uk,4,wikidata,Goldcliff Community Council,,ConnectException,none
gp-x.co.uk,4,linkgraph,Linked from 4 public-sector domains,,200,10 mailserver.livemail.co.uk.
graigcc.co.uk,4,wikidata,Graig Community Council,,HttpConnectTimeoutException: HTTP connect timed out,none
grampianfrs.org.uk,4,wikidata,Grampian Fire and Rescue Service,,ConnectException,none
greatwestway.co.uk,4,linkgraph,Linked from 3 public-sector domains,,301,none
grenada-highcommission.co.uk,4,wikidata,"High Commission of Grenada, London",central,200,none
gtce.org.uk,4,wikidata,General Teaching Council for England,central-1,301,none
gtcs.org.uk,4,wikidata,General Teaching Council for Scotland,central-1,301,0 gtcs-org-uk.mail.protection.outlook.com.
guysandstthomas.nhs.uk,4,linkgraph,Linked from 4 public-sector domains,,301,none
gvcc.org.uk,4,wikidata,Garw Valley Community Council,,200,none
gwaenysgorandtrelawnyd.org.uk,4,wikidata,Trelawnyd and Gwaenysgor Community Council,,301,none
gwehelog.org.uk,4,wikidata,Gwehelog Fawr Community Council,,ConnectException,none
gwent.police.uk,4,wikidata,Gwent Police,,302,none
haitianembassy.co.uk,4,wikidata,"Embassy of Haiti, London",central,301,none
hampshirealert.co.uk,4,linkgraph,Linked from 3 public-sector domains,,HttpConnectTimeoutException: HTTP connect timed out,none
hampshirehospitals.nhs.uk,4,linkgraph,Linked from 4 public-sector domains,,301,none
hanlons.co.uk,4,linkgraph,Linked from 4 public-sector domains,,200,none
havenscommunities.org.uk,4,wikidata,The Havens Community Council,,SSLHandshakeException: (certificate_unknown) PKIX path building failed: sun.security.provider.certpath.SunCertPathBuilderException: unable to find valid certification path to requested target,none
haylincolnshire.co.uk,4,linkgraph,Linked from 4 public-sector domains,,200,none
healthandcarenotts.co.uk,4,linkgraph,Linked from 4 public-sector domains,,200,none
healthcarecentrallondon.co.uk,4,linkgraph,Linked from 4 public-sector domains,,200,none
healthwatch-centralbedfordshire.org.uk,4,wikidata,Healthwatch Central Bedfordshire,,200,none
healthwatchbarkinganddagenham.co.uk,4,wikidata,Healthwatch Barking and Dagenham,,301,none
healthwatchbarnet.co.uk,4,wikidata,Healthwatch Barnet,,301,none
healthwatchbarnsley.co.uk,4,wikidata,Healthwatch Barnsley,,200,none
healthwatchbathnes.co.uk,4,wikidata,Healthwatch Bath and North East Somerset,,200,none
healthwatchbexley.co.uk,4,wikidata,Healthwatch Bexley,,301,none
healthwatchbirmingham.co.uk,4,wikidata,Healthwatch Birmingham,,301,0 healthwatchbirmingham-co-uk.mail.protection.outlook.com.
healthwatchblackburnwithdarwen.co.uk,4,wikidata,Healthwatch Blackburn with Darwen,,200,10 mail.healthwatchblackburnwithdarwen.co.uk.
healthwatchblackpool.co.uk,4,wikidata,Healthwatch Blackpool,,200,0 healthwatchblackpool-co-uk.mail.protection.outlook.com.
healthwatchbolton.co.uk,4,wikidata,Healthwatch Bolton,,301,none
healthwatchbracknellforest.co.uk,4,wikidata,Healthwatch Bracknell Forest,,301,0 healthwatchbracknellforest-co-uk.mail.protection.outlook.com.
healthwatchbradford.co.uk,4,wikidata,Healthwatch Bradford,,301,none
healthwatchbrent.co.uk,4,wikidata,Healthwatch Brent,,HttpConnectTimeoutException: HTTP connect timed out,10 healthwatchbrent-co-uk.mail.protection.outlook.com.
healthwatchbrightonandhove.co.uk,4,wikidata,Healthwatch Brighton and Hove,,HttpConnectTimeoutException: HTTP connect timed out,none
healthwatchbristol.co.uk,4,wikidata,Healthwatch Bristol,,HttpConnectTimeoutException: HTTP connect timed out,none
healthwatchbromley.co.uk,4,wikidata,Healthwatch Bromley,,HttpConnectTimeoutException: HTTP connect timed out,none
healthwatchbucks.co.uk,4,wikidata,Healthwatch Buckinghamshire,,HttpConnectTimeoutException: HTTP connect timed out,none
healthwatchbury.co.uk,4,wikidata,Healthwatch Bury,,HttpConnectTimeoutException: HTTP connect timed out,10 healthwatchbury-co-uk.mail.protection.outlook.com.
healthwatchcalderdale.co.uk,4,wikidata,Healthwatch Calderdale,,HttpConnectTimeoutException: HTTP connect timed out,none
healthwatchcamden.co.uk,4,wikidata,Healthwatch Camden,,HttpConnectTimeoutException: HTTP connect timed out,none
healthwatchcheshireeast.co.uk,4,wikidata,Healthwatch Cheshire East,,200,none
healthwatchcornwall.co.uk,4,wikidata,Healthwatch Cornwall,,301,none
healthwatchcountydurham.co.uk,4,wikidata,Healthwatch County Durham,,301,none
healthwatchcoventry.co.uk,4,wikidata,Healthwatch Coventry,,301,none
healthwatchcroydon.co.uk,4,wikidata,Healthwatch Croydon,,301,none
healthwatchcumbria.co.uk,4,wikidata,Healthwatch Cumbria,,521,none
healthwatchcwac.org.uk,4,wikidata,Healthwatch Cheshire West,,200,none
healthwatchcwl.co.uk,4,wikidata,Healthwatch Central West London,,200,none
healthwatchdarlington.co.uk,4,wikidata,Healthwatch Darlington,,301,none
healthwatchderby.co.uk,4,wikidata,Healthwatch Derby,,301,100 healthwatchderby-co-uk.mail.protection.outlook.com.
healthwatchderbyshire.co.uk,4,wikidata,Healthwatch Derbyshire,,301,none
healthwatchdevon.co.uk,4,wikidata,Healthwatch Devon,,301,10 antispam.acronyms.co.uk.; 10 antispam2.acronyms.co.uk.
healthwatchdoncaster.org.uk,4,wikidata,Healthwatch Doncaster,,301,none
healthwatchdudley.co.uk,4,wikidata,Healthwatch Dudley,,301,none
healthwatchealing.co.uk,4,wikidata,Healthwatch Ealing,,ConnectException,none
healthwatcheastridingofyorkshire.co.uk,4,wikidata,Healthwatch East Riding of Yorkshire,,HttpTimeoutException: request timed out,none
healthwatcheastsussex.co.uk,4,wikidata,Healthwatch East Sussex,,301,0 healthwatcheastsussex-co-uk.mail.protection.outlook.com.
healthwatchenfield.co.uk,4,wikidata,Healthwatch Enfield,,301,0 healthwatchenfield-co-uk.mail.protection.outlook.com.
healthwatchessex.org.uk,4,wikidata,Healthwatch Essex,,200,0 healthwatchessex-org-uk.mail.protection.outlook.com.
healthwatchgateshead.co.uk,4,wikidata,Healthwatch Gateshead,,301,none
healthwatchgloucestershire.co.uk,4,wikidata,Healthwatch Gloucestershire,,301,none
healthwatchgreenwich.co.uk,4,wikidata,Healthwatch Greenwich,,HttpConnectTimeoutException: HTTP connect timed out,0 healthwatchgreenwich-co-uk.mail.protection.outlook.com.
healthwatchhackney.co.uk,4,wikidata,Healthwatch Hackney,,301,none
healthwatchhalton.co.uk,4,wikidata,Healthwatch Halton,,HttpConnectTimeoutException: HTTP connect timed out,none
healthwatchhampshire.co.uk,4,wikidata,Healthwatch Hampshire,,HttpConnectTimeoutException: HTTP connect timed out,30 healthwatchhampshire-co-uk.mail.protection.outlook.com.
healthwatchharingey.org.uk,4,wikidata,Healthwatch Haringey,,HttpConnectTimeoutException: HTTP connect timed out,0 healthwatchharingey-org-uk.mail.protection.outlook.com.
healthwatchharrow.co.uk,4,wikidata,Healthwatch Harrow,,200,none
healthwatchhartlepool.co.uk,4,wikidata,Healthwatch Hartlepool,,301,none
healthwatchhavering.co.uk,4,wikidata,Healthwatch Havering,,SSLException: (internal_error) Received fatal alert: internal_error,none
healthwatchherefordshire.co.uk,4,wikidata,Healthwatch Herefordshire,,301,none
healthwatchhertfordshire.co.uk,4,wikidata,Healthwatch Hertfordshire,,301,0 healthwatchhertfordshire-co-uk.mail.protection.outlook.com.
healthwatchhillingdon.org.uk,4,wikidata,Healthwatch Hillingdon,,200,none
healthwatchhounslow.co.uk,4,wikidata,Healthwatch Hounslow,,301,none
healthwatchisleofwight.co.uk,4,wikidata,Healthwatch Isle of Wight,,HttpConnectTimeoutException: HTTP connect timed out,none
healthwatchislesofscilly.co.uk,4,wikidata,Healthwatch Isles of Scilly,,HttpConnectTimeoutException: HTTP connect timed out,none
healthwatchislington.co.uk,4,wikidata,Healthwatch Islington,,HttpConnectTimeoutException: HTTP connect timed out,none
healthwatchkent.co.uk,4,wikidata,Healthwatch Kent,,HttpConnectTimeoutException: HTTP connect timed out,none
healthwatchkingstonuponhull.co.uk,4,wikidata,Healthwatch Kingston Upon Hull,,HttpConnectTimeoutException: HTTP connect timed out,none
healthwatchkingstonuponthames.org.uk,4,wikidata,Healthwatch Kingston upon Thames,,HttpConnectTimeoutException: HTTP connect timed out,none
healthwatchkirklees.co.uk,4,wikidata,Healthwatch Kirklees,,HttpConnectTimeoutException: HTTP connect timed out,none
healthwatchknowsley.co.uk,4,wikidata,Healthwatch Knowsley,,HttpConnectTimeoutException: HTTP connect timed out,none
healthwatchlambeth.org.uk,4,wikidata,Healthwatch Lambeth,,HttpConnectTimeoutException: HTTP connect timed out,none
healthwatchlancashire.co.uk,4,wikidata,Healthwatch Lancashire,,HttpConnectTimeoutException: HTTP connect timed out,none
healthwatchleeds.co.uk,4,wikidata,Healthwatch Leeds,,HttpConnectTimeoutException: HTTP connect timed out,none
healthwatchleicester.co.uk,4,wikidata,Healthwatch Leicester,,HttpConnectTimeoutException: HTTP connect timed out,none
healthwatchleicestershire.co.uk,4,wikidata,Healthwatch Leicestershire,,HttpConnectTimeoutException: HTTP connect timed out,none
healthwatchlewisham.co.uk,4,wikidata,Healthwatch Lewisham,,HttpConnectTimeoutException: HTTP connect timed out,none
healthwatchlincolnshire.co.uk,4,wikidata,Healthwatch Lincolnshire,,HttpConnectTimeoutException: HTTP connect timed out,none
healthwatchliverpool.co.uk,4,wikidata,Healthwatch Liverpool,,HttpConnectTimeoutException: HTTP connect timed out,10 healthwatchliverpool-co-uk.mail.protection.outlook.com.
healthwatchluton.co.uk,4,wikidata,Healthwatch Luton,,HttpConnectTimeoutException: HTTP connect timed out,none
healthwatchmanchester.co.uk,4,wikidata,Healthwatch Manchester,,HttpConnectTimeoutException: HTTP connect timed out,30 mx3.pushex.com.; 30 mx4.pushex.com.; 30 mx1.pushex.com.; 30 mx2.pushex.com.
healthwatchmedway.co.uk,4,wikidata,Healthwatch Medway,,200,none
healthwatchmerton.co.uk,4,wikidata,Healthwatch Merton,,HttpConnectTimeoutException: HTTP connect timed out,none
healthwatchmiddlesbrough.co.uk,4,wikidata,Healthwatch Middlesbrough,,HttpConnectTimeoutException: HTTP connect timed out,none
healthwatchmiltonkeynes.co.uk,4,wikidata,Healthwatch Milton Keynes,,HttpConnectTimeoutException: HTTP connect timed out,0 healthwatchmiltonkeynes-co-uk.mail.protection.outlook.com.
healthwatchnewcastle.org.uk,4,wikidata,Healthwatch Newcastle upon Tyne,,301,0 healthwatchnewcastle-org-uk.mail.protection.outlook.com.
healthwatchnewham.co.uk,4,wikidata,Healthwatch Newham,,HttpConnectTimeoutException: HTTP connect timed out,none
healthwatchnorthamptonshire.co.uk,4,wikidata,Healthwatch Northamptonshire,,HttpConnectTimeoutException: HTTP connect timed out,none
healthwatchnortheastlincolnshire.co.uk,4,wikidata,Healthwatch North East Lincolnshire,,HttpConnectTimeoutException: HTTP connect timed out,0 healthwatchnortheastlincolnshire-co-uk.mail.protection.outlook.com.
healthwatchnorthlincolnshire.co.uk,4,wikidata,Healthwatch North Lincolnshire,,HttpTimeoutException: request timed out,none
healthwatchnorthumberland.co.uk,4,wikidata,Healthwatch Northumberland,,301,none
healthwatchnorthyorkshire.co.uk,4,wikidata,Healthwatch North Yorkshire,,301,none
healthwatchnottingham.co.uk,4,wikidata,Healthwatch Nottingham city,,301,0 healthwatchnottingham-co-uk.mail.protection.outlook.com.
healthwatchnottinghamshire.co.uk,4,wikidata,Healthwatch Nottinghamshire,,301,none
healthwatcholdham.co.uk,4,wikidata,Healthwatch Oldham,,301,none
healthwatchoxfordshire.co.uk,4,wikidata,Healthwatch Oxfordshire,,401,none
healthwatchplymouth.co.uk,4,wikidata,Healthwatch Plymouth,,301,none
healthwatchportsmouth.co.uk,4,wikidata,Healthwatch Portsmouth,,301,none
healthwatchreading.co.uk,4,wikidata,Healthwatch Reading,,301,none
healthwatchredbridge.co.uk,4,wikidata,Healthwatch Redbridge,,301,none
healthwatchredcarandcleveland.co.uk,4,wikidata,Healthwatch Redcar & Cleveland,,301,10 mail.healthwatchredcarandcleveland.co.uk.
healthwatchrichmond.co.uk,4,wikidata,Healthwatch Richmond upon Thames,,301,0 aspmx.l.google.com.; 5 alt1.aspmx.l.google.com.; 10 aspmx3.googlemail.com.; 10 aspmx2.googlemail.com.; 5 alt2.aspmx.l.google.com.
healthwatchrochdale.org.uk,4,wikidata,Healthwatch Rochdale,,200,none
healthwatchrotherham.org.uk,4,wikidata,Healthwatch Rotherham,,200,none
healthwatchrutland.co.uk,4,wikidata,Healthwatch Rutland,,301,0 healthwatchrutland-co-uk.mail.protection.outlook.com.
healthwatchsalford.co.uk,4,wikidata,Healthwatch Salford,,301,none
healthwatchsandwell.co.uk,4,wikidata,Healthwatch Sandwell,,301,none
healthwatchsefton.co.uk,4,wikidata,Healthwatch Sefton,,301,none
healthwatchsheffield.co.uk,4,wikidata,Healthwatch Sheffield,,301,none
healthwatchshropshire.co.uk,4,wikidata,Healthwatch Shropshire,,301,41 mx4.mtaroutes.com.; 30 mx3.mtaroutes.com.; 10 mx1.mtaroutes.com.; 20 mx2.mtaroutes.com.
healthwatchslough.co.uk,4,wikidata,Healthwatch Slough,,301,none
healthwatchsolihull.org.uk,4,wikidata,Healthwatch Solihull,,SSLHandshakeException: (certificate_expired) PKIX path validation failed: java.security.cert.CertPathValidatorException: validity check failed,0 healthwatchsolihull-org-uk.mail.protection.outlook.com.
healthwatchsomerset.co.uk,4,wikidata,Healthwatch Somerset,,301,none
healthwatchsouthampton.co.uk,4,wikidata,Healthwatch Southampton,,200,0 healthwatchsouthampton-co-uk.mail.protection.outlook.com.
healthwatchsouthend.co.uk,4,wikidata,Healthwatch Southend,,301,none
healthwatchsouthglos.co.uk,4,wikidata,Healthwatch South Gloucestershire,,301,none
healthwatchsouthtyneside.co.uk,4,wikidata,Healthwatch South Tyneside,,301,none
healthwatchsouthwark.co.uk,4,wikidata,Healthwatch Southwark,,301,1 healthwatchsouthwark-co-uk.mail.protection.outlook.com.
healthwatchsthelens.co.uk,4,wikidata,Healthwatch St Helens,,301,0 healthwatchsthelens-co-uk.mail.protection.outlook.com.
healthwatchstockport.co.uk,4,wikidata,Healthwatch Stockport,,SSLHandshakeException: (certificate_expired) PKIX path validation failed: java.security.cert.CertPathValidatorException: validity check failed,none
healthwatchstocktonontees.co.uk,4,wikidata,Healthwatch Stockton-on-tees,,301,none
healthwatchstokeontrent.co.uk,4,wikidata,Healthwatch Stoke-on-Trent,,301,none
healthwatchsuffolk.co.uk,4,wikidata,Healthwatch Suffolk,,200,0 healthwatchsuffolk-co-uk.mail.protection.outlook.com.
healthwatchsurrey.co.uk,4,wikidata,Healthwatch Surrey,,301,none
healthwatchsutton.org.uk,4,wikidata,Healthwatch Sutton,,301,0 healthwatchsutton-org-uk.mail.protection.outlook.com.
healthwatchswindon.org.uk,4,wikidata,Healthwatch Swindon,,HttpConnectTimeoutException: HTTP connect timed out,10 mx01.hornetsecurity.com.; 20 mx02.hornetsecurity.com.; 30 mx03.hornetsecurity.com.; 40 mx04.hornetsecurity.com.
healthwatchtameside.co.uk,4,wikidata,Healthwatch Tameside,,301,none
healthwatchtelfordandwrekin.org.uk,4,wikidata,Healthwatch Telford & Wrekin,,HttpConnectTimeoutException: HTTP connect timed out,none
healthwatchtorbay.org.uk,4,wikidata,Healthwatch Torbay,,HttpConnectTimeoutException: HTTP connect timed out,none
healthwatchtowerhamlets.co.uk,4,wikidata,Healthwatch Tower Hamlets,,HttpConnectTimeoutException: HTTP connect timed out,0 healthwatchtowerhamlets-co-uk.mail.protection.outlook.com.
healthwatchtrafford.co.uk,4,wikidata,Healthwatch Trafford,,HttpConnectTimeoutException: HTTP connect timed out,none
healthwatchwakefield.co.uk,4,wikidata,Healthwatch Wakefield,,HttpConnectTimeoutException: HTTP connect timed out,none
healthwatchwalsall.co.uk,4,wikidata,Healthwatch Walsall,,HttpConnectTimeoutException: HTTP connect timed out,none
healthwatchwalthamforest.co.uk,4,wikidata,Healthwatch Waltham Forest,,HttpConnectTimeoutException: HTTP connect timed out,10 healthwatchwalthamforest-co-uk.mail.protection.outlook.com.
healthwatchwam.co.uk,4,wikidata,"Healthwatch Windsor, Ascot & Maidenhead",,HttpConnectTimeoutException: HTTP connect timed out,none
healthwatchwandsworth.co.uk,4,wikidata,Healthwatch Wandsworth,,200,none
healthwatchwarrington.co.uk,4,wikidata,Healthwatch Warrington,,HttpConnectTimeoutException: HTTP connect timed out,none
healthwatchwarwickshire.co.uk,4,wikidata,Healthwatch Warwickshire,,HttpConnectTimeoutException: HTTP connect timed out,none
healthwatchwestberkshire.co.uk,4,wikidata,Healthwatch West Berkshire,,HttpConnectTimeoutException: HTTP connect timed out,none
healthwatchwestsussex.co.uk,4,wikidata,Healthwatch West Sussex,,301,none
healthwatchwokingham.co.uk,4,wikidata,Healthwatch Wokingham,,301,none
healthwatchwolverhampton.co.uk,4,wikidata,Healthwatch Wolverhampton,,301,none
healthwatchworcestershire.co.uk,4,wikidata,Healthwatch Worcestershire,,301,none
healthwatchyork.co.uk,4,wikidata,Healthwatch York,,301,none
hearing.nihr.ac.uk,4,wikidata,NIHR Nottingham Hearing Biomedical Research Unit,,ConnectException,none
herefordshireandworcestershire.icb.nhs.uk,4,wikidata,NHS Herefordshire and Worcestershire Integrated Care Board,,200,none
herts.police.uk,4,wikidata,Hertfordshire Constabulary,,302,none
hey.nhs.uk,4,linkgraph,Linked from 3 public-sector domains,,HttpConnectTimeoutException: HTTP connect timed out,none
hial.co.uk,4,wikidata,Highlands and Islands Airports,central-1,301,none
hie.co.uk,4,wikidata,Highlands and Islands Enterprise,central-1,301,none
hiowhealthcare.nhs.uk,4,linkgraph,Linked from 4 public-sector domains,,200,10 hiowhealthcare-nhs-uk.mail.protection.outlook.com.
hirwaunandpenderyncc.org.uk,4,wikidata,Hirwaun & Penderyn Community Council,,HttpConnectTimeoutException: HTTP connect timed out,none
hma.co.uk,4,linkgraph,Linked from 3 public-sector domains,,301,none
hmcoastguard.uk,4,wikidata,His Majesty's Coastguard,central,200,none
hpa.org.uk,4,wikidata,Health Protection Agency,central-1,HttpConnectTimeoutException: HTTP connect timed out,none
hps.scot.nhs.uk,4,wikidata,Health Protection Scotland,,200,none
hscbusiness.hscni.net,4,directory,HSC Business Services Organisation (Northern Ireland) (Executive non-departmental public body),central-1,301,none
humberandnorthyorkshire.icb.nhs.uk,4,wikidata,NHS Humber and North Yorkshire Integrated Care Board,,200,none
humberandnorthyorkshire.org.uk,4,linkgraph,Linked from 4 public-sector domains,,200,30 mail.humberandnorthyorkshire.org.uk.
humberbridge.co.uk,4,wikidata,Humber Bridge Board,,403,none
humberside-probation.org.uk,4,wikidata,Humberside Probation Trust,,301,none
humberside.police.uk,4,wikidata,Humberside Police,,302,none
hwfire.org.uk,4,wikidata,Hereford and Worcester Fire and Rescue Service,,301,5 hwfire-org-uk.mail.protection.outlook.com.
i-connectdata.co.uk,4,linkgraph,Linked from 3 public-sector domains,,302,none
improvement.nhs.uk,4,wikidata,NHS Improvement,,301,10 mail.monitor.gov.uk.
improvinglivesnw.org.uk,4,linkgraph,Linked from 3 public-sector domains,,301,none
international.gouv.qc.ca,4,wikidata,Quebec Government Office in London,,SSLHandshakeException: (certificate_unknown) No subject alternative DNS name matching international.gouv.qc.ca found.,none
ipt-uk.com,4,directory,Investigatory Powers Tribunal (Tribunal),,HttpTimeoutException: request timed out,none
itseeze-nottingham.co.uk,4,linkgraph,Linked from 3 public-sector domains,,301,1 mx36.protectedservice.net.; 1 mx16.protectedservice.net.; 1 mx46.protectedservice.net.; 1 mx26.protectedservice.net.
jnrcomputers.co.uk,4,linkgraph,Linked from 3 public-sector domains,,200,0 jnrcomputers-co-uk.mail.protection.outlook.com.
kajima.co.uk,4,linkgraph,Linked from 3 public-sector domains,,200,10 eu-smtp-inbound-2.mimecast.com.; 10 eu-smtp-inbound-1.mimecast.com.
kent.police.uk,4,wikidata,Kent Police,,302,none
kentandessex-sfc.co.uk,4,wikidata,Kent and Essex Inshore Fisheries and Conservation Authority,,HttpConnectTimeoutException: HTTP connect timed out,none
kentandmedway.icb.nhs.uk,4,wikidata,NHS Kent and Medway Integrated Care Board,,HttpConnectTimeoutException: HTTP connect timed out,none
koha-ptfs.co.uk,4,linkgraph,Linked from 4 public-sector domains,,HttpConnectTimeoutException: HTTP connect timed out,none
lancashire.police.uk,4,wikidata,Lancashire Constabulary,,HttpConnectTimeoutException: HTTP connect timed out,none
lancashireprobation.co.uk,4,wikidata,Lancashire Probation Trust,,HttpConnectTimeoutException: HTTP connect timed out,none
lancsfirerescue.org.uk,4,wikidata,Lancashire Fire and Rescue Service,,HttpConnectTimeoutException: HTTP connect timed out,10 d223786.b.ess.uk.barracudanetworks.com.; 5 d223786.a.ess.uk.barracudanetworks.com.
landcommission.gov.scot,4,wikidata,Scottish Land Commission,central-1,HttpConnectTimeoutException: HTTP connect timed out,none
lands-tribunal-scotland.org.uk,4,wikidata,Lands Tribunal for Scotland,central-1,HttpConnectTimeoutException: HTTP connect timed out,10 mail.lands-tribunal-scotland.org.uk.
langstonecommunitycouncil.org.uk,4,wikidata,Langstone Community Council,,HttpConnectTimeoutException: HTTP connect timed out,none
lbfire.org.uk,4,wikidata,Lothian and Borders Fire Brigade,,HttpConnectTimeoutException: HTTP connect timed out,none
learninghub.nhs.uk,4,linkgraph,Linked from 3 public-sector domains,,HttpConnectTimeoutException: HTTP connect timed out,none
leedsth.nhs.uk,4,linkgraph,Linked from 4 public-sector domains,,HttpConnectTimeoutException: HTTP connect timed out,none
leeswoodcommunity.org.uk,4,wikidata,Leeswood Community Council,,HttpConnectTimeoutException: HTTP connect timed out,none
legaldeposit.org.uk,4,wikidata,Agency for the Legal Deposit Libraries,,HttpConnectTimeoutException: HTTP connect timed out,none
leicsrespiratorybru.nihr.ac.uk,4,wikidata,NIHR Leicester Respiratory Biomedical Research Unit,,HttpConnectTimeoutException: HTTP connect timed out,none
lerwick-harbour.co.uk,4,wikidata,Lerwick Port Authority,,HttpConnectTimeoutException: HTTP connect timed out,none
lesotholondon.org.uk,4,wikidata,"High Commission of Lesotho, London",central,HttpConnectTimeoutException: HTTP connect timed out,0 lesotholondon.org.uk.
lgbce.org.uk,4,wikidata,Local Government Boundary Commission for England,central-1,HttpConnectTimeoutException: HTTP connect timed out,none
library.nhs.uk,4,linkgraph,Linked from 3 public-sector domains,,HttpConnectTimeoutException: HTTP connect timed out,none
librarymanagementcloud.co.uk,4,linkgraph,Linked from 3 public-sector domains,,HttpConnectTimeoutException: HTTP connect timed out,none
lisvanecommunity.org.uk,4,wikidata,Lisvane Community Council,,HttpConnectTimeoutException: HTTP connect timed out,none
livewellwithpain.co.uk,4,linkgraph,Linked from 4 public-sector domains,,HttpConnectTimeoutException: HTTP connect timed out,none
livi.co.uk,4,linkgraph,Linked from 3 public-sector domains,,HttpConnectTimeoutException: HTTP connect timed out,none
llanbradachcc.co.uk,4,wikidata,Llanbradach and Pwllypant Community Council,,301,10 mail.llanbradachcc.co.uk.
llanddoged-maenan.org.uk,4,wikidata,Llanddoged and Maenan Community Council,,HttpConnectTimeoutException: HTTP connect timed out,none
llanddulascc.org.uk,4,wikidata,Llanddulas and Rhyd-y-Foel Community Council,,HttpConnectTimeoutException: HTTP connect timed out,none
llandybie.org.uk,4,wikidata,Llandybie Community Council,,HttpConnectTimeoutException: HTTP connect timed out,20 mx1.123-reg.co.uk.; 10 mx0.123-reg.co.uk.
llanellycc.org.uk,4,wikidata,Llanelly Community Council,,HttpConnectTimeoutException: HTTP connect timed out,10 mx.stackmail.com.
llanfaches.co.uk,4,wikidata,Llanvaches Community Council,,ConnectException,none
llangollen-ruralcc.co.uk,4,wikidata,Llangollen Rural Community Council,,301,none
llangunnorcommunitycouncil.co.uk,4,wikidata,Llangunnor Community Council,,HttpConnectTimeoutException: HTTP connect timed out,10 mx1.emailsrvr.com.; 20 mx2.emailsrvr.com.
llangwm.org.uk,4,wikidata,Llangwm Community Council,,302,20 alpha1sys2.alpha1teclabs.com.; 10 alpha1sys3.alpha1teclabs.com.
llanhennockcc.co.uk,4,wikidata,Llanhennock Community Council,,ConnectException,none
llanovercommunitycouncil.org.uk,4,wikidata,Llanover Community Council,,ConnectException,none
llantiliocrossennycc.co.uk,4,wikidata,Llantilio Crossenny Community Council,,ConnectException,none
llantiliopertholeycc.org.uk,4,wikidata,Llantilio Pertholey Community Council,,SSLHandshakeException: Remote host terminated the handshake,none
llanwernvillage.org.uk,4,wikidata,Llanwern Community Council,,200,none
lmbru.leeds.ac.uk,4,wikidata,NIHR Leeds Musculosketal Biomedical Research Centre,,301,none
london.mfa.gov.hu,4,wikidata,"Embassy of Hungary, London",central,SSLHandshakeException: (certificate_unknown) PKIX path building failed: sun.security.provider.certpath.SunCertPathBuilderException: unable to find valid certification path to requested target,10 mailb.london.mfa.gov.hu.; 10 maila.london.mfa.gov.hu.
londonchamber.co.uk,4,wikidata,London Chamber of Commerce & Industry,,301,none
londoncrc.org.uk,4,wikidata,London Probation Trust,,HttpConnectTimeoutException: HTTP connect timed out,none
lpft.nhs.uk,4,linkgraph,Linked from 3 public-sector domains,,SSLHandshakeException: (certificate_unknown) PKIX path building failed: sun.security.provider.certpath.SunCertPathBuilderException: unable to find valid certification path to requested target,none
lta.org.uk,4,linkgraph,Linked from 4 public-sector domains,,301,none
lullabytrust.org.uk,4,linkgraph,Linked from 3 public-sector domains,,301,none
m-w.co.uk,4,linkgraph,Linked from 4 public-sector domains,,301,10 mw-co-uk0c.mail.protection.outlook.com.
maesycwmmercommunitycouncil.org.uk,4,wikidata,Maesycwmmer Community Council,,301,10 mail.maesycwmmercommunitycouncil.org.uk.
magorundy.org.uk,4,wikidata,Magor with Undy Community Council,,HttpConnectTimeoutException: HTTP connect timed out,none
malawihighcommission.co.uk,4,wikidata,"High Commission of Malawi, London",central,200,none
maldiveshighcommission.uk,4,wikidata,"High Commission of the Maldives, London",central,SSLHandshakeException: (unrecognized_name) Received fatal alert: unrecognized_name,none
masts.ac.uk,4,wikidata,Marine Alliance for Science and Technology for Scotland,,200,none
matherncc.co.uk,4,wikidata,Mathern Community Council,,HttpConnectTimeoutException: HTTP connect timed out,none
medicodigital.co.uk,4,linkgraph,Linked from 3 public-sector domains,,HttpConnectTimeoutException: HTTP connect timed out,none
menshealthforum.org.uk,4,linkgraph,Linked from 3 public-sector domains,,HttpConnectTimeoutException: HTTP connect timed out,none
merseycare.nhs.uk,4,linkgraph,Linked from 4 public-sector domains,,HttpConnectTimeoutException: HTTP connect timed out,none
mft.nhs.uk,4,linkgraph,Linked from 3 public-sector domains,,200,none
midmerseyda.nhs.uk,4,linkgraph,Linked from 4 public-sector domains,,HttpConnectTimeoutException: HTTP connect timed out,none
mindmate.org.uk,4,linkgraph,Linked from 3 public-sector domains,,HttpConnectTimeoutException: HTTP connect timed out,10 mx4.34sp.com.; 10 mx3.34sp.com.
mindwell-leeds.org.uk,4,linkgraph,Linked from 3 public-sector domains,,HttpConnectTimeoutException: HTTP connect timed out,10 mail.mindwell-leeds.org.uk.
mod.police.uk,4,wikidata,Ministry of Defence Police,,HttpConnectTimeoutException: HTTP connect timed out,none
mofaic.gov.ae,4,wikidata,"Embassy of the United Arab Emirates, London",central,IOException: HTTP/1.1 header parser received no bytes,none
momsystems.co.uk,4,linkgraph,Linked from 3 public-sector domains,,HttpConnectTimeoutException: HTTP connect timed out,none
moneyadviceservice.org.uk,4,wikidata,The Money Advice Service,,301,none
mozambiquehighcommission.org.uk,4,wikidata,High Commission of Mozambique in the United Kingdom,central,200,none
mrc-centre.cam.ac.uk,4,wikidata,Medical Research Council Centre Cambridge,,ConnectException,none
mse.nhs.uk,4,linkgraph,Linked from 3 public-sector domains,,307,none
mwcscot.org.uk,4,wikidata,Mental Welfare Commission for Scotland,central-1,200,none
myhealth-devon.nhs.uk,4,linkgraph,Linked from 3 public-sector domains,,200,10 mx.stackmail.com.
myparishcouncil.co.uk,4,linkgraph,Linked from 3 public-sector domains,,200,none
nabis.police.uk,4,wikidata,National Ballistics Intelligence Service,,ConnectException,none
nao.org.uk,4,wikidata,National Audit Office,,301,10 nao-org-uk.mail.protection.outlook.com.
nashcommunitycouncil.org.uk,4,wikidata,Nash Community Council,,200,none
nationalforest.org,4,directory,National Forest Company (Other),,301,10 nationalforest-org.mail.protection.outlook.com.
nationaltrust.org.uk,4,linkgraph,Linked from 4 public-sector domains,,301,none
nddcbru.org.uk,4,wikidata,NIHR Nottingham Digestive Diseases Biomedical Research Unit,,405,10 mx0.123-reg.co.uk.; 20 mx1.123-reg.co.uk.
neechamber.co.uk,4,wikidata,North East England Chamber of Commerce,,SSLHandshakeException: (certificate_unknown) No subject alternative DNS name matching neechamber.co.uk found.,none
neighbourhoodalert.co.uk,4,linkgraph,Linked from 4 public-sector domains,,HttpConnectTimeoutException: HTTP connect timed out,none
nenc-healthiertogether.nhs.uk,4,linkgraph,Linked from 4 public-sector domains,,301,none
nes.scot.nhs.uk,4,wikidata,NHS Education for Scotland,,200,10 nes-scot-nhs-uk.mail.protection.outlook.com.
neso.energy,4,directory,National Energy System Operator (Public corporation),,301,none
nets.nihr.ac.uk,4,wikidata,NIHR Evaluation Trials and Studies Coordinating Centre,,ConnectException,none
newtredegarcommunitycouncil.org.uk,4,wikidata,New Tredegar Community Council,,301,none
nexus.org.uk,4,wikidata,Nexus,,200,0 nexus-org-uk.mail.protection.outlook.com.
nhsdorset.nhs.uk,4,linkgraph,Linked from 4 public-sector domains,,200,none
nhsfindyourplace.co.uk,4,linkgraph,Linked from 3 public-sector domains,,301,10 alt4.aspmx.l.google.com.; 5 alt2.aspmx.l.google.com.; 1 aspmx.l.google.com.; 10 alt3.aspmx.l.google.com.; 5 alt1.aspmx.l.google.com.
nhsprofessionals.nhs.uk,4,linkgraph,Linked from 3 public-sector domains,,HttpConnectTimeoutException: HTTP connect timed out,none
nibusinessinfo.co.uk,4,linkgraph,Linked from 4 public-sector domains,,301,none
nigeriahc.org.uk,4,wikidata,"High Commission of Nigeria, London",central,301,none
nls.uk,4,wikidata,National Library of Scotland,central-1,301,none
nms.ac.uk,4,wikidata,National Museums Scotland,central-1,403,20 d216171.b.ess.uk.barracudanetworks.com.; 10 d216171.a.ess.uk.barracudanetworks.com.
nomisweb.co.uk,4,linkgraph,Linked from 3 public-sector domains,,ConnectException,10 nomisweb-co-uk.mail.protection.outlook.com.
norfolkcommunityhealthandcare.nhs.uk,4,linkgraph,Linked from 3 public-sector domains,,301,none
north-wales.police.uk,4,wikidata,North Wales Police,,ConnectException,none
northeastlondon.icb.nhs.uk,4,wikidata,NHS North East London Integrated Care Board,,200,none
northophallcommunitycouncil.btck.co.uk,4,wikidata,Northop Hall Community Council,,403,none
northstaffsccg.nhs.uk,4,wikidata,NHS North Staffordshire Clinical Commissioning Group,,HttpConnectTimeoutException: HTTP connect timed out,none
northumbria.nhs.uk,4,linkgraph,Linked from 3 public-sector domains,,301,5 eu-smtp-inbound-psc-1.mimecast.com.; 5 eu-smtp-inbound-psc-2.mimecast.com.
northumbria.police.uk,4,wikidata,Northumbria Police,,ConnectException,none
nottinghamshire.police.uk,4,wikidata,Nottinghamshire Police,,302,0 nottinghamshire-police-uk.mail.protection.outlook.com.
nottinghamshirehealthcare.nhs.uk,4,linkgraph,Linked from 3 public-sector domains,,307,none
npas.police.uk,4,wikidata,National Police Air Service,,301,10 npas-police-uk.mail.protection.outlook.com.
npsa.nhs.uk,4,wikidata,National Patient Safety Agency,,HttpConnectTimeoutException: HTTP connect timed out,none
nwales-fireservice.org.uk,4,wikidata,North Wales Fire and Rescue Service,,301,none
nwis.nhs.wales,4,directory,NHS Wales Informatics Service (Other),,301,none
ogmorevalecommunitycouncil.co.uk,4,wikidata,Ogmore Valley Community Council,,301,none
ohpa.org.uk,4,wikidata,Office of the Health Professions Adjudicator,,ConnectException,none
oiahe.org.uk,4,wikidata,Office of the Independent Adjudicator for Higher Education,,301,0 oiahe-org-uk.mail.protection.outlook.com.
oldhamccg.nhs.uk,4,wikidata,Oldham Clinical Commissioning Group,,SSLHandshakeException: Remote host terminated the handshake,none
oldstmellonscommunitycouncil.org.uk,4,wikidata,Old St Mellons Community Council,,200,none
ombudsman.wales,4,directory,Public Services Ombudsman for Wales (Other),,HttpConnectTimeoutException: HTTP connect timed out,0 ombudsman-wales.mail.protection.outlook.com.
oriel.nhs.uk,4,linkgraph,Linked from 3 public-sector domains,,HttpConnectTimeoutException: HTTP connect timed out,none
osfcni.org.uk,4,wikidata,Office of the Social Fund Commissioner (Northern Ireland),,HttpConnectTimeoutException: HTTP connect timed out,none
osteopathy.org.uk,4,wikidata,General Osteopathic Council,,HttpConnectTimeoutException: HTTP connect timed out,10 eu-smtp-inbound-1.mimecast.com.; 10 eu-smtp-inbound-2.mimecast.com.
otrmdc.co.uk,4,wikidata,Old Trafford Regeneration Mayoral Development Corporation,,HttpConnectTimeoutException: HTTP connect timed out,0 otrmdc-co-uk.mail.protection.outlook.com.
ourdorset.org.uk,4,linkgraph,Linked from 4 public-sector domains,,HttpConnectTimeoutException: HTTP connect timed out,none
oxford.msk.bru.nihr.ac.uk,4,wikidata,NIHR Oxford Musculoskeletal Biomedical Research Unit,,HttpConnectTimeoutException: HTTP connect timed out,none
oxfordshireccg.nhs.uk,4,wikidata,NHS Oxfordshire Clinical Commissioning Group,,HttpConnectTimeoutException: HTTP connect timed out,none
pancreasbru.co.uk,4,wikidata,NIHR Liverpool Pancreatic Biomedical Research Unit,,HttpConnectTimeoutException: HTTP connect timed out,none
paradescommission.org,4,directory,Parades Commission for Northern Ireland (Executive non-departmental public body),central-1,HttpConnectTimeoutException: HTTP connect timed out,none
paraguayembassy.co.uk,4,wikidata,"Embassy of Paraguay, London",central,HttpConnectTimeoutException: HTTP connect timed out,none
parishcouncilwebsites.org.uk,4,linkgraph,Linked from 3 public-sector domains,,HttpConnectTimeoutException: HTTP connect timed out,none
parkingmax.co.uk,4,linkgraph,Linked from 3 public-sector domains,,HttpConnectTimeoutException: HTTP connect timed out,none
parliamentarystandards.org.uk,4,wikidata,Independent Parliamentary Standards Authority,central,HttpConnectTimeoutException: HTTP connect timed out,20 cluster5a.eu.messagelabs.com.; 10 cluster5.eu.messagelabs.com.
parolecomni.org.uk,4,wikidata,Parole Commissioners for Northern Ireland,central-1,HttpConnectTimeoutException: HTTP connect timed out,none
patscotland.org.uk,4,wikidata,Pensions Appeal Tribunal Scotland,central-1,HttpConnectTimeoutException: HTTP connect timed out,10 cluster5.eu.messagelabs.com.; 20 cluster5a.eu.messagelabs.com.
pensiondetails.co.uk,4,linkgraph,Linked from 4 public-sector domains,,HttpConnectTimeoutException: HTTP connect timed out,5 mxa-00479303.gslb.pphosted.com.; 5 mxb-00479303.gslb.pphosted.com.
pensions.gov.scot,4,wikidata,Scottish Public Pensions Agency,central-1,200,none
phe.org.uk,4,linkgraph,Linked from 3 public-sector domains,,HttpConnectTimeoutException: HTTP connect timed out,none
phrc.lshtm.ac.uk,4,wikidata,Public Health Research Consortium,,HttpConnectTimeoutException: HTTP connect timed out,none
phw.nhs.wales,4,directory,Public Health Wales (Other),,200,none
platform4.com,4,directory,Platform4 (Public corporation),,HttpTimeoutException: request timed out,none
pnghighcomm.org.uk,4,wikidata,"High Commission of Papua New Guinea, London",central,SSLHandshakeException: (certificate_expired) PKIX path validation failed: java.security.cert.CertPathValidatorException: validity check failed,none
policeombudsman.org,4,directory,Office of the Police Ombudsman for Northern Ireland (Other),,SSLHandshakeException: (certificate_unknown) No subject alternative DNS name matching policeombudsman.org found.,10 mx-01-eu-west-1.prod.hydra.sophos.com.; 20 mx-02-eu-west-1.prod.hydra.sophos.com.
pontlliw-tircoed.org.uk,4,wikidata,Pontlliw and Tircoed Community Council,,SSLHandshakeException: (certificate_unknown) No subject alternative DNS name matching pontlliw-tircoed.org.uk found.,none
porthosp.nhs.uk,4,linkgraph,Linked from 3 public-sector domains,,301,none
portland-port.co.uk,4,wikidata,Portland Harbour Authority,,301,none
portofberwick.co.uk,4,wikidata,Port of Berwick,,200,none
portoffelixstowe.co.uk,4,wikidata,Port of Felixstowe Police,,403,none
portoflarne.co.uk,4,wikidata,Port of Larne Police,,301,none
portofliverpool.police.uk,4,wikidata,Port of Liverpool Police,,SSLException: (internal_error) Received fatal alert: internal_error,none
portoflondon.co.uk,4,wikidata,Port of London Authority,,403,none
portofsunderland.org.uk,4,wikidata,Port of Sunderland,,200,none
portoftyne.co.uk,4,wikidata,Port of Tyne,,301,none
portonbiopharma.com,4,directory,Porton Biopharma Limited (Other),,200,none
powysthb.wales.nhs.uk,4,wikidata,Powys Teaching Health Board,,ConnectException,none
pplinnovate.co.uk,4,linkgraph,Linked from 3 public-sector domains,,301,none
publicengagement.ac.uk,4,wikidata,National Co-ordinating Centre for Public Engagement,,301,0 publicengagement.ac.uk.
publichealth.hscni.net,4,directory,Public Health Agency (Northern Ireland) (Other),,301,none
qeiicentre.london,4,directory,Queen Elizabeth II Conference Centre (Executive agency),,200,5 qeiicentre-london.mail.protection.outlook.com.
qmscotland.co.uk,4,wikidata,Quality Meat Scotland,central-1,200,none
queenelizabetholympicpark.co.uk,4,wikidata,London Legacy Development Corporation,,301,5 cluster-e.mailcontrol.com.; 5 cluster-g.mailcontrol.com.; 5 cluster-j.mailcontrol.com.; 5 cluster-b.mailcontrol.com.; 21 cluster4a.eu.messagelabs.com.; 5 cluster-d.mailcontrol.com.; 5 cluster-h.mailcontrol.com.; 11 cluster4.eu.messagelabs.com.
raglancc.org.uk,4,wikidata,Raglan Community Council,,HttpConnectTimeoutException: HTTP connect timed out,none
rbfrs.co.uk,4,wikidata,Royal Berkshire Fire and Rescue Service,,HttpConnectTimeoutException: HTTP connect timed out,none
rbge.org.uk,4,wikidata,Royal Botanic Garden Edinburgh,central-1,HttpConnectTimeoutException: HTTP connect timed out,5 rbge-org-uk.mail.protection.outlook.com.
redtractor.org.uk,4,wikidata,Assured Food Standards,,HttpConnectTimeoutException: HTTP connect timed out,none
relate.org.uk,4,linkgraph,Linked from 3 public-sector domains,,301,none
reportfraud.police.uk,4,linkgraph,Linked from 4 public-sector domains,,HttpConnectTimeoutException: HTTP connect timed out,none
research.cmft.nhs.uk,4,wikidata,NIHR Manchester Musculoskeletal Biomedical Research Unit,,HttpConnectTimeoutException: HTTP connect timed out,none
rlss.org.uk,4,linkgraph,Linked from 3 public-sector domains,,HttpConnectTimeoutException: HTTP connect timed out,none
rnib.org.uk,4,linkgraph,Linked from 3 public-sector domains,,HttpConnectTimeoutException: HTTP connect timed out,none
royalberkshire.nhs.uk,4,linkgraph,Linked from 3 public-sector domains,,HttpConnectTimeoutException: HTTP connect timed out,none
royaldevon.nhs.uk,4,linkgraph,Linked from 3 public-sector domains,,HttpConnectTimeoutException: HTTP connect timed out,none
royalmarsden.nhs.uk,4,linkgraph,Linked from 3 public-sector domains,,301,5 alt1.aspmx.l.google.com.; 10 alt3.aspmx.l.google.com.; 5 alt2.aspmx.l.google.com.; 10 alt4.aspmx.l.google.com.; 1 aspmx.l.google.com.
royalmint.com,4,directory,Royal Mint (Other),,HttpConnectTimeoutException: HTTP connect timed out,40 uk.mx4.mx25.net.; 10 886.royalmint.com.royalmint.com.; 20 uk.mx2.mx25.net.; 30 uk.mx3.mailanyone.net.; 10 uk.mx1.mailanyone.net.
royalsurrey.nhs.uk,4,linkgraph,Linked from 3 public-sector domains,,HttpConnectTimeoutException: HTTP connect timed out,none
rspca.org.uk,4,linkgraph,Linked from 3 public-sector domains,,HttpConnectTimeoutException: HTTP connect timed out,1 smtp.google.com.
rus.rusemb.org.uk,4,wikidata,"Embassy of Russia, London",central,HttpConnectTimeoutException: HTTP connect timed out,none
sandwellandwestbhamccg.nhs.uk,4,wikidata,NHS Sandwell and West Birmingham Clinical Commissioning Group,,HttpConnectTimeoutException: HTTP connect timed out,none
sane.org.uk,4,linkgraph,Linked from 3 public-sector domains,,301,0 sane-org-uk.mail.protection.outlook.com.
sccl.nhs.uk,4,wikidata,Supply Chain Coordination Limited,,301,none
scie.org.uk,4,wikidata,Social Care Institute for Excellence,,HttpConnectTimeoutException: HTTP connect timed out,none
scleddaucommunitycouncil.org.uk,4,wikidata,Scleddau Community Council,,ConnectException,none
scotblood.co.uk,4,wikidata,Scottish National Blood Transfusion Service,,HttpConnectTimeoutException: HTTP connect timed out,none
scottish-land-court.org.uk,4,wikidata,Scottish Land Court,central-1,SSLHandshakeException: (certificate_unknown) No subject alternative DNS name matching scottish-land-court.org.uk found.,10 mail.scottish-land-court.org.uk.
scottishcanals.co.uk,4,wikidata,Scottish Canals,central-1,405,5 scottishcanals-co-uk.mail.protection.outlook.com.
scottishfuturestrust.org.uk,4,wikidata,Scottish Futures Trust,central-1,HttpConnectTimeoutException: HTTP connect timed out,none
scottishlegalcomplaints.org.uk,4,wikidata,Scottish Legal Complaints Commission,central-1,301,0 scottishlegalcomplaints-org-uk.mail.protection.outlook.com.
scottishscience.org.uk,4,wikidata,Scottish Science Advisory Council,,200,none
scwcsu.nhs.uk,4,linkgraph,Linked from 3 public-sector domains,,HttpTimeoutException: request timed out,none
sehd.scot.nhs.uk,4,wikidata,Health and Social Care Directorates,,ConnectException,50 mail2.nhs.uk.; 50 mail.nhs.uk.
sepa.org.uk,4,wikidata,Scottish Environment Protection Agency,central-1,301,10 sepa-org-uk.mail.protection.outlook.com.
sfc.ac.uk,4,wikidata,Scottish Funding Council,central-1,SSLHandshakeException: (certificate_unknown) No subject alternative DNS name matching sfc.ac.uk found.,none
sfh-tr.nhs.uk,4,linkgraph,Linked from 4 public-sector domains,,200,none
sheffieldforgemasters.com,4,directory,Sheffield Forgemasters International Ltd (Public corporation),,200,10 eu-smtp-inbound-2.mimecast.com.; 10 eu-smtp-inbound-1.mimecast.com.
shirenewtoncc.org.uk,4,wikidata,Shirenewton Community Council,,301,none
sibgroup.org.uk,4,wikidata,Communitybuilders,,301,0 sibgroup-org-uk.mail.protection.outlook.com.
signhealth.org.uk,4,linkgraph,Linked from 3 public-sector domains,,200,none
skillsdevelopmentscotland.co.uk,4,wikidata,Skills Development Scotland,central-1,301,none
slcc.co.uk,4,linkgraph,Linked from 3 public-sector domains,,403,none
smd.qmul.ac.uk,4,wikidata,NIHR Barts Cardiovascular Biomedical Research Unit,,ConnectException,none
socialsecurity.gov.scot,4,wikidata,Social Security Scotland,central-1,301,10 gw000222-eu.fortimail.com.
solicitorstribunal.org.uk,4,wikidata,Solicitors Disciplinary Tribunal,,200,10 eu-smtp-inbound-2.mimecast.com.; 10 eu-smtp-inbound-1.mimecast.com.
south-wales.police.uk,4,wikidata,South Wales Police,,ConnectException,none
southamptonwestpcn.co.uk,4,linkgraph,Linked from 3 public-sector domains,,301,none
southbankcentre.co.uk,4,wikidata,National Poetry Library,,301,none
southernsfc.org.uk,4,wikidata,Southern Inshore Fisheries and Conservation Authority,,301,none
southwestyorkshire.nhs.uk,4,linkgraph,Linked from 4 public-sector domains,,301,none
southyorks.police.uk,4,wikidata,South Yorkshire Police,,302,none
southyorkshire.icb.nhs.uk,4,wikidata,NHS South Yorkshire Integrated Care Board,,200,none
spa.police.uk,4,wikidata,Scottish Police Authority,central-1,301,1 spa-police-uk.mail.protection.outlook.com.
spacecraft.co.uk,4,linkgraph,Linked from 4 public-sector domains,,SSLHandshakeException: (certificate_expired) PKIX path validation failed: java.security.cert.CertPathValidatorException: validity check failed,none
sphr.nihr.ac.uk,4,wikidata,NIHR School for Public Health Research,,200,none
spis.police.uk,4,wikidata,Scottish Police Services Authority – Information Communications Technology,,ConnectException,none
sport.wales,4,directory,Sports Council for Wales (Other),,200,none
sportengland.org,4,directory,Sport England (Executive non-departmental public body),central-1,301,none
sportscotland.org.uk,4,wikidata,Sportscotland,central-1,200,none
spsa.police.uk,4,wikidata,Scottish Police Services Authority,,ConnectException,none
spso.org.uk,4,wikidata,Scottish Public Services Ombudsman,central-1,301,none
spt.co.uk,4,wikidata,Strathclyde Partnership for Transport,,301,none
sqa.org.uk,4,wikidata,Scottish Qualifications Authority,central-1,301,none
sra.org.uk,4,wikidata,Solicitors Regulation Authority,,301,none
staffordshire.police.uk,4,wikidata,Staffordshire Police,,ConnectException,none
standardscommissionscotland.org.uk,4,wikidata,Standards Commission for Scotland,central-1,301,none
starvanscouncil.co.uk,4,wikidata,St Arvans Community Council,,SSLHandshakeException: Remote host terminated the handshake,none
staywise.co.uk,4,linkgraph,Linked from 3 public-sector domains,,200,0 staywise-co-uk.mail.protection.outlook.com.
stfaganscommunitycouncil.org.uk,4,wikidata,St Fagans Community Council,,ConnectException,none
sthk.nhs.uk,4,linkgraph,Linked from 3 public-sector domains,,301,none
stockportmdc.co.uk,4,wikidata,Stockport Town Centre West Mayoral Development Corporation,,200,20 mx2.cloudhosting.uk.; 10 mx1.cloudhosting.uk.
stonewall.org.uk,4,linkgraph,Linked from 3 public-sector domains,,HttpConnectTimeoutException: HTTP connect timed out,none
stsft.nhs.uk,4,linkgraph,Linked from 3 public-sector domains,,HttpConnectTimeoutException: HTTP connect timed out,none
stwater.co.uk,4,wikidata,Severn Trent Water Authority,,HttpConnectTimeoutException: HTTP connect timed out,none
sudan-embassy.co.uk,4,wikidata,"Embassy of Sudan, London",central,HttpConnectTimeoutException: HTTP connect timed out,none
suffolk.police.uk,4,wikidata,Suffolk Constabulary,,HttpConnectTimeoutException: HTTP connect timed out,none
suffolkchamber.co.uk,4,wikidata,Suffolk Chamber of Commerce,,HttpConnectTimeoutException: HTTP connect timed out,40 uk.mx4.mx25.net.; 10 uk.mx1.mailanyone.net.; 30 uk.mx3.mailanyone.net.; 20 uk.mx2.mx25.net.
summerreadingchallenge.org.uk,4,linkgraph,Linked from 3 public-sector domains,,HttpConnectTimeoutException: HTTP connect timed out,none
supplychain.nhs.uk,4,wikidata,NHS Supply Chain,,HttpConnectTimeoutException: HTTP connect timed out,0 supplychain-nhs-uk.mail.protection.outlook.com.
surreyandsussex.nhs.uk,4,linkgraph,Linked from 3 public-sector domains,,HttpConnectTimeoutException: HTTP connect timed out,none
sussex.ics.nhs.uk,4,wikidata,NHS Sussex Integrated Care Board,,503,none
svghighcom.co.uk,4,wikidata,"High Commission of Saint Vincent and the Grenadines, London",central,HttpConnectTimeoutException: HTTP connect timed out,none
sybhealthiertogether.nhs.uk,4,linkgraph,Linked from 3 public-sector domains,,200,none
tfwm.org.uk,4,wikidata,Transport for West Midlands,,301,none
thaiembassyuk.org.uk,4,wikidata,"Embassy of Thailand, London",central,"SSLException: Unrecognized SSL message, plaintext connection?",none
thehelix.co.uk,4,wikidata,The Helix,,301,none
thehideout.co.uk,4,linkgraph,Linked from 3 public-sector domains,,HttpConnectTimeoutException: HTTP connect timed out,10 thehideout-co-uk.mail.protection.outlook.com.
themix.org.uk,4,linkgraph,Linked from 3 public-sector domains,,HttpConnectTimeoutException: HTTP connect timed out,0 themix-org-uk.mail.protection.outlook.com.
thetakeoverpanel.org.uk,4,wikidata,Panel on Takeovers and Mergers,central,301,10 eu-smtp-inbound-2.mimecast.com.; 10 eu-smtp-inbound-1.mimecast.com.
thewnc.org.uk,4,wikidata,Women's National Commission,,301,none
toolkitfiles.co.uk,4,linkgraph,Linked from 3 public-sector domains,,ConnectException,none
toolkitwebsites.co.uk,4,linkgraph,Linked from 4 public-sector domains,,301,10 mx001.cloudeu.xion.oxcs.net.; 20 mx002.cloudeu.xion.oxcs.net.
transport.gov.scot,4,wikidata,Transport Scotland,central-1,301,none
travelhealthpro.org.uk,4,linkgraph,Linked from 3 public-sector domains,,200,none
trearddurcommunitycouncil.co.uk,4,wikidata,Trearddur Community Council,,200,none
trefriwcommunitycouncil.co.uk,4,wikidata,Trefriw Community Council,,301,none
trellechunited.org.uk,4,wikidata,Trellech United Community Council,,SSLException: (internal_error) Received fatal alert: internal_error,none
tsh.scot.nhs.uk,4,wikidata,The State Hospitals Board for Scotland,central-1,ConnectException,none
turkmenembassy.org.uk,4,wikidata,Embassy of Turkmenistan in the United Kingdom,central,301,none
ucl.ac.uk,4,wikidata,NIHR Queen Square Dementia Biomedical Research Unit,,301,none
uhb.nhs.uk,4,linkgraph,Linked from 3 public-sector domains,,ConnectException,0 uhb-nhs-uk.mail.protection.outlook.com.
uhbristol.nhs.uk,4,wikidata,NIHR Bristol Nutrition Biomedical Research Unit,,200,none
uhd.nhs.uk,4,linkgraph,Linked from 3 public-sector domains,,ConnectException,none
uhs.nhs.uk,4,linkgraph,Linked from 4 public-sector domains,,301,none
ukcrcexpmed.org.uk,4,wikidata,NIHR Bristol Cardiovascular Biomedical Research Unit,,HttpConnectTimeoutException: HTTP connect timed out,none
uknnl.com,4,directory,United Kingdom National Nuclear Laboratory (Public corporation),,200,10 uknnl-com.mail.protection.outlook.com.
understandingpatientdata.org.uk,4,linkgraph,Linked from 3 public-sector domains,,301,0 understandingpatientdata-org-uk.mail.protection.outlook.com.
unesco.org.uk,4,wikidata,United Kingdom National Commission for UNESCO,,200,none
unicef.org.uk,4,linkgraph,Linked from 4 public-sector domains,,301,none
upstairsatthegrill.co.uk,4,wikidata,"Old Custom House Building, Chester",,200,none
veteranaware.nhs.uk,4,linkgraph,Linked from 3 public-sector domains,,200,none
victimsupport.org.uk,4,linkgraph,Linked from 3 public-sector domains,,301,none
wales.nhs.uk,4,linkgraph,Linked from 3 public-sector domains,,HttpConnectTimeoutException: HTTP connect timed out,none
wearewithyou.org.uk,4,linkgraph,Linked from 3 public-sector domains,,301,none
webjects.co.uk,4,linkgraph,Linked from 3 public-sector domains,,301,none
websitesforparishcouncils.co.uk,4,linkgraph,Linked from 3 public-sector domains,,HttpTimeoutException: request timed out,none
welshlanguagetribunal.gov.wales,4,wikidata,Welsh Language Tribunal,,HttpConnectTimeoutException: HTTP connect timed out,none
west-midlands.police.uk,4,wikidata,Central Motorway Police Group,,302,none
westernweb.co.uk,4,linkgraph,Linked from 3 public-sector domains,,301,none
westlondon.nhs.uk,4,linkgraph,Linked from 3 public-sector domains,,301,none
what0-18.nhs.uk,4,linkgraph,Linked from 4 public-sector domains,,301,10 feedback-smtp.eu-west-2.amazonses.com.
whh.nhs.uk,4,linkgraph,Linked from 4 public-sector domains,,301,none
which.co.uk,4,linkgraph,Linked from 3 public-sector domains,,301,10 eu-smtp-inbound-2.mimecast.com.; 10 eu-smtp-inbound-1.mimecast.com.
whiteribbon.org.uk,4,linkgraph,Linked from 4 public-sector domains,,301,1 whiteribbon-org-uk.mail.protection.outlook.com.
www2.le.ac.uk,4,wikidata,NIHR Leicester Cardiovascular Biomedical Research Unit,,HttpConnectTimeoutException: HTTP connect timed out,none
wypartnership.co.uk,4,linkgraph,Linked from 3 public-sector domains,,HttpConnectTimeoutException: HTTP connect timed out,none
yemenembassy.co.uk,4,wikidata,"Embassy of Yemen, London",central,HttpConnectTimeoutException: HTTP connect timed out,none
zerowastescotland.org.uk,4,wikidata,Zero Waste Scotland,central-1,HttpConnectTimeoutException: HTTP connect timed out,none
abuhb.nhs.wales,3,wikidata,Aneurin Bevan University Health Board,,HttpConnectTimeoutException: HTTP connect timed out,none
ageingresearch.org,3,wikidata,NIHR Newcastle Dementia Biomedical Research Unit,,HttpConnectTimeoutException: HTTP connect timed out,none
ambafrance-uk.org,3,wikidata,"Embassy of France, London",central,HttpConnectTimeoutException: HTTP connect timed out,5 mta-gw.infomaniak.ch.
ambardc.london,3,wikidata,"Embassy of the Democratic Republic of the Congo, London",central,HttpConnectTimeoutException: HTTP connect timed out,none
ambasadat.net,3,wikidata,"Embassy of Kosovo, London",central,HttpConnectTimeoutException: HTTP connect timed out,20 mx2.emailsrvr.com.; 10 mx1.emailsrvr.com.
audit.scot,3,wikidata,Audit Scotland,central-1,200,none
audit.wales,3,wikidata,Auditor General for Wales,central-1,HttpConnectTimeoutException: HTTP connect timed out,10 mxb-004ee501.gslb.pphosted.com.; 10 mxa-004ee501.gslb.pphosted.com.
bahamashclondon.net,3,wikidata,"High Commission of the Bahamas, London",central,HttpConnectTimeoutException: HTTP connect timed out,none
bcuhb.nhs.wales,3,wikidata,Betsi Cadwaladr University Health Board,,HttpConnectTimeoutException: HTTP connect timed out,none
belfastairport.com,3,wikidata,Belfast International Airport Constabulary,,HttpConnectTimeoutException: HTTP connect timed out,none
betws.wordpress.com,3,wikidata,Betws Community Council,,HttpConnectTimeoutException: HTTP connect timed out,none
bgateway.com,3,wikidata,Business Gateway,central-1,HttpConnectTimeoutException: HTTP connect timed out,0 bgateway-com.mail.protection.outlook.com.
bishtoncommunitycouncil.webs.com,3,wikidata,Bishton Community Council,,ConnectException,none
bnl.bm,3,wikidata,Bermuda National Library,,301,0 mail.bnl.bm.
britishirishchamber.com,3,wikidata,British Irish Chamber of Commerce,,301,none
caerwentcc.com,3,wikidata,Caerwent Community Council,,200,none
cardiffharbour.com,3,wikidata,Cardiff Harbour Authority,,301,none
careinspectorate.com,3,wikidata,Care Inspectorate,central-1,301,10 careinspectorate-com.mail.protection.outlook.com.
cavuhb.nhs.wales,3,wikidata,Cardiff and Vale University Health Board,,200,none
cdffc.llyw.cymru,3,wikidata,Democracy and Boundary Commission Cymru,,200,none
cil.ie,3,wikidata,Commissioners of Irish Lights,,HttpConnectTimeoutException: HTTP connect timed out,none
cjini.org,3,wikidata,Criminal Justice Inspection Northern Ireland,central-1,301,10 mx-01-eu-west-1.prod.hydra.sophos.com.; 20 mx-02-eu-west-1.prod.hydra.sophos.com.
cmoptions.org,3,wikidata,Child Maintenance Options,,HttpConnectTimeoutException: HTTP connect timed out,none
coedpoeth.com,3,wikidata,Coedpoeth Community Council,,405,none
commerce.co.fk,3,wikidata,Falkland Islands Chamber of Commerce,,301,none
communityjustice.scot,3,wikidata,Community Justice Scotland,central-1,200,none
counciltaxreductionreview.scot,3,wikidata,Council Tax Reduction Review Panel,central-1,SSLHandshakeException: (certificate_expired) PKIX path validation failed: java.security.cert.CertPathValidatorException: validity check failed,none
courtofthelordlyon.scot,3,wikidata,Court of the Lord Lyon,central-1,200,0 courtofthelordlyon.scot.
cppih.org,3,wikidata,Commission for Patient and Public Involvement in Health,,403,none
creativescotland.com,3,wikidata,Creative Scotland,central-1,301,none
croeso.cymru,3,wikidata,Visit Wales,,301,none
crucorney.wales,3,wikidata,Crucorney Community Council,,301,none
ctmuhb.nhs.wales,3,wikidata,Cwm Taf Morgannwg University Health Board,,200,none
cyprusinuk.com,3,wikidata,"High Commission of Cyprus, London",central,200,none
dartharbour.org,3,wikidata,Dart Harbour & Navigation Authority,,301,none
dgcommunity.net,3,wikidata,Dumfries and Galloway Fire and Rescue Service,,HttpConnectTimeoutException: HTTP connect timed out,none
dinaspowys.org,3,wikidata,Dinas Powys Community Council,,HttpConnectTimeoutException: HTTP connect timed out,none
dwqr.scot,3,wikidata,Drinking Water Quality Regulator,central-1,HttpConnectTimeoutException: HTTP connect timed out,none
ebcda.org,3,wikidata,East Belfast Community Development Agency,,HttpConnectTimeoutException: HTTP connect timed out,0 ebcda-org.mail.protection.outlook.com.
edinburgh.diplo.de,3,wikidata,"Consulate General of Germany, Edinburgh",central-1,HttpConnectTimeoutException: HTTP connect timed out,10 mx1.bund.de.; 10 mx2.bund.de.
eeas.europa.eu,3,wikidata,Delegation of the European Union to the United Kingdom,,200,10 mxa-00338601.gslb.pphosted.com.; 10 mxb-00338601.gslb.pphosted.com.
eiscouncil.org,3,wikidata,Electric Infrastructure Security Council,,HttpConnectTimeoutException: HTTP connect timed out,none
emb.scot,3,wikidata,Electoral Management Board for Scotland,,HttpConnectTimeoutException: HTTP connect timed out,none
ersg-global.com,3,wikidata,ersg,,HttpConnectTimeoutException: HTTP connect timed out,none
ervia.ie,3,wikidata,Ervia,,HttpConnectTimeoutException: HTTP connect timed out,10 ervia-ie.mail.protection.outlook.com.
esfrs.org,3,wikidata,East Sussex Fire & Rescue Service,,HttpConnectTimeoutException: HTTP connect timed out,30 d237122.b.ess.uk.barracudanetworks.com.; 20 d237122.a.ess.uk.barracudanetworks.com.
estyn.llyw.cymru,3,wikidata,Estyn,central-1,HttpConnectTimeoutException: HTTP connect timed out,none
fergusonmarine.com,3,wikidata,Ferguson Marine,,HttpConnectTimeoutException: HTTP connect timed out,none
finlandabroad.fi,3,wikidata,Embassy of Finland in London,central,301,10 mail.valtori.fi.
gaidhlig.scot,3,wikidata,Bòrd na Gàidhlig,central-1,302,0 gaidhlig-scot.mail.protection.outlook.com.
gdc-uk.org,3,wikidata,General Dental Council,,SSLHandshakeException: (certificate_unknown) No subject alternative DNS name matching gdc-uk.org found.,none
generalregulatorychamber.scot,3,wikidata,General Regulatory Chamber,central-1,403,none
ghanahighcommissionuk.com,3,wikidata,"High Commission of Ghana, London",central,HttpConnectTimeoutException: HTTP connect timed out,none
gig.cymru,3,wikidata,NHS Wales,central-1,HttpConnectTimeoutException: HTTP connect timed out,0 gig-cymru.mail.protection.outlook.com.
gmc-uk.org,3,wikidata,General Medical Council,,HttpConnectTimeoutException: HTTP connect timed out,10 mxa-005a8e01.gslb.pphosted.com.; 10 mxb-005a8e01.gslb.pphosted.com.
gofalcymdeithasol.cymru,3,wikidata,Social Care Wales,central-1,200,none
greaterbirminghamchambers.com,3,wikidata,Greater Birmingham Chambers of Commerce,,301,none
grosmont.wales,3,wikidata,Grosmont Community Council,,200,0 grosmont.wales.
hcpc-uk.org,3,wikidata,Health and Care Professions Council,central,301,none
hduhb.nhs.wales,3,wikidata,Hywel Dda University Health Board,,200,none
healthandeducationchamber.scot,3,wikidata,Health and Education Chamber,central-1,200,none
healthcareimprovementscotland.org,3,wikidata,Healthcare Improvement Scotland,central-1,301,none
healthwatchsunderland.com,3,wikidata,Healthwatch Sunderland,,301,none
healthwatchthurrock.org,3,wikidata,Healthwatch Thurrock,,301,none
healthwatchwigan.org,3,wikidata,Healthwatch Wigan,,ConnectException,none
hifrs.org,3,wikidata,Highlands and Islands Fire and Rescue Service,,200,none
historicenvironment.scot,3,wikidata,Historic Environment Scotland,central-1,403,none
housingandpropertychamber.scot,3,wikidata,Housing and Property Chamber,central-1,200,none
ihrc.org,3,wikidata,Islamic Human Rights Commission,,HttpConnectTimeoutException: HTTP connect timed out,0 ihrc-org.mail.protection.outlook.com.
ilf.scot,3,wikidata,Independent Living Fund Scotland,central-1,200,none
instytutpolski.pl,3,wikidata,Polish Cultural Institute in London,,IOException: Received RST_STREAM: Internal error,10 mx1.instytutpolski.pl.
ireland.com,3,wikidata,Tourism Ireland,,301,none
jhcuk.org,3,wikidata,Jamaican High Commission in London,central,SSLException: (internal_error) Received fatal alert: internal_error,none
kent.fire-uk.org,3,wikidata,Kent Fire and Rescue Service,,301,none
killaycommunitycouncil.com,3,wikidata,Upper Killay Community Council,,200,none
kilwinningcc.org,3,wikidata,Kilwinning Community Council,,ConnectException,none
lancasterport.org,3,wikidata,Lancaster Port Commission,,HttpTimeoutException: request timed out,0 lancasterport-org.mail.protection.outlook.com.
library.wales,3,wikidata,National Library of Wales,,301,none
llanarth.org,3,wikidata,Llanarth Community Council,,ConnectException,none
llanbadoc.org,3,wikidata,Llanbadoc Community Council,,301,none
llanrhydithon.wordpress.com,3,wikidata,Llanfihangel Rhydithon Community Council,,200,none
llyfrgell.cymru,3,wikidata,National Library of Wales,,301,0 llyfrgell-cymru.mail.protection.outlook.com.
lochlomond-trossachs.org,3,wikidata,Loch Lomond and the Trossachs National Park Authority,central-1,301,5 lochlomondtrossachs-org02e.mail.protection.outlook.com.
london.europarl.europa.eu,3,wikidata,European Parliament Liaison Office in London,,302,none
london.mfa.ee,3,wikidata,Embassy of Estonia in London,central,200,none
london.mfa.ir,3,wikidata,"Embassy of Iran, London",central,307,none
london.veleposlanistvo.si,3,wikidata,"Embassy of Slovenia, London",central,SSLHandshakeException: Remote host terminated the handshake,none
londra.mae.ro,3,wikidata,"Embassy of Romania, London",central,503,none
londres.embaixadaportugal.mne.pt,3,wikidata,"Embassy of Portugal, London",central,IOException: EOF reached while reading,none
londres.mae.lu,3,wikidata,"Embassy of Luxembourg, London",central,HttpConnectTimeoutException: HTTP connect timed out,none
lothian.fire-uk.org,3,wikidata,Lothian and Borders Fire Brigade,,HttpConnectTimeoutException: HTTP connect timed out,none
mabws.net,3,wikidata,Llanrhian Community Council,,HttpConnectTimeoutException: HTTP connect timed out,none
marshfieldcommunitycouncil.org,3,wikidata,Marshfield Community Council,,HttpConnectTimeoutException: HTTP connect timed out,none
mdg-london.org,3,wikidata,embassy of Madagascar in the United Kingdom,central,HttpConnectTimeoutException: HTTP connect timed out,none
michaelston-y-fedw.com,3,wikidata,Michaelstone-y-Fedw Community Council,,HttpConnectTimeoutException: HTTP connect timed out,none
mzv.cz,3,wikidata,"Embassy of the Czech Republic, London",central,302,none
mzv.sk,3,wikidata,"Embassy of Slovakia, London",central,301,none
nationalgalleries.org,3,wikidata,National Galleries Scotland,central-1,301,none
nature.scot,3,wikidata,NatureScot,central-1,HttpConnectTimeoutException: HTTP connect timed out,none
newradnor.net,3,wikidata,New Radnor Community Council,,HttpConnectTimeoutException: HTTP connect timed out,none
nhs.wales,3,wikidata,NHS Wales,central-1,HttpConnectTimeoutException: HTTP connect timed out,none
nhs24.scot,3,wikidata,NHS 24,central-1,HttpConnectTimeoutException: HTTP connect timed out,10 mailforward.iomart.com.
nhsnss.org,3,wikidata,NHS National Services Scotland,central-1,HttpConnectTimeoutException: HTTP connect timed out,10 mail.joker.com.
niccy.org,3,wikidata,"Commissioner for Children and Young People, Northern Ireland",,HttpConnectTimeoutException: HTTP connect timed out,0 niccy-org.mail.protection.outlook.com.
nifrs.org,3,wikidata,Northern Ireland Fire and Rescue Service,,HttpConnectTimeoutException: HTTP connect timed out,none
nmc-uk.org,3,wikidata,Nursing and Midwifery Council,,HttpConnectTimeoutException: HTTP connect timed out,10 eu-smtp-inbound-2.mimecast.com.; 10 eu-smtp-inbound-1.mimecast.com.
norway.no,3,wikidata,"Embassy of Norway, London",central,301,none
ntslf.org,3,wikidata,National Tidal and Sea Level Facility,,200,none
nzembassy.com,3,wikidata,"High Commission of New Zealand, London",central,HttpConnectTimeoutException: HTTP connect timed out,none
office-angels.com,3,wikidata,Office Angels,,HttpConnectTimeoutException: HTTP connect timed out,none
old-bailey.com,3,wikidata,Old Bailey,,200,none
pcc-scotland.org,3,wikidata,Police Complaints Commissioner for Scotland,,HttpConnectTimeoutException: HTTP connect timed out,none
peelports.com,3,wikidata,Clyde Port Authority,,HttpConnectTimeoutException: HTTP connect timed out,none
penhowcommunity.org,3,wikidata,Penhow Community Council,,HttpTimeoutException: request timed out,none
pentyrch.cc,3,wikidata,Pentrych Community Council,,301,none
penycaecc.plus.com,3,wikidata,Pen-y-cae Community Council,,ConnectException,10 mx.enmail.co.
pfsld.com,3,wikidata,Police Forensic Science Laboratory Dundee,,SSLHandshakeException: (certificate_unknown) No subject alternative DNS name matching pfsld.com found.,none
pharmacyregulation.org,3,wikidata,General Pharmaceutical Council,central-1,301,none
pirc.scot,3,wikidata,Police Investigations and Review Commissioner,central-1,301,none
portskwettcc.org,3,wikidata,Portskewett Community Council,,ConnectException,none
publichealthscotland.scot,3,wikidata,Public Health Scotland,,200,none
qatarembassy.info,3,wikidata,"Embassy of Qatar, London",central,SSLException: (internal_error) Received fatal alert: internal_error,none
radyrandmorganstown.org,3,wikidata,Radyr and Morganstown Community Council,,520,none
railholdings.scot,3,wikidata,Scottish Rail Holdings,central-1,200,none
rbcc.com,3,wikidata,Russo-British Chamber of Commerce,,HttpConnectTimeoutException: HTTP connect timed out,none
rcips.ky,3,wikidata,Royal Cayman Islands Police Service,,302,none
re.ukri.org,3,wikidata,Research England,,302,none
redress.scot,3,wikidata,Redress Scotland,central-1,200,10 gw000222-eu.fortimail.com.
reed.com,3,wikidata,Reed,,301,none
rma.scot,3,wikidata,Risk Management Authority,central-1,301,none
roadworks.scot,3,wikidata,Scottish Road Works Commissioner,central-1,200,10 sedsh08.sedsh.gov.uk.
rogerstonecommunitycouncil.com,3,wikidata,Rogerstone Community Council,,SSLHandshakeException: Remote host terminated the handshake,none
rwandahc.org,3,wikidata,"High Commission of Rwanda, London",central,301,none
scotslanguage.com,3,wikidata,Scots Language Centre,,301,none
scottishambulance.com,3,wikidata,Scottish Ambulance Service,central-1,301,none
scottishhumanrights.com,3,wikidata,Scottish Human Rights Commission,central-1,301,none
scottishparoleboard.scot,3,wikidata,Parole Board for Scotland,central-1,200,none
scrp.scot,3,wikidata,School Closure Review Panels,central-1,200,none
selondonics.org,3,wikidata,NHS South East London Integrated Care Board,,301,none
sibni.org,3,wikidata,Strategic Investment Board,,200,none
slhc-uk.org,3,wikidata,"High Commission of Sierra Leone, London",central,301,none
socialcare.wales,3,wikidata,Social Care Wales,central-1,200,none
socialsecuritychamber.scot,3,wikidata,Social Security Chamber,central-1,403,none
southteesdc.com,3,wikidata,South Tees Development Corporation,,405,none
sssc.uk.com,3,wikidata,Scottish Social Services Council,central-1,403,none
storbritannien.um.dk,3,wikidata,"Embassy of Denmark, London",central,301,none
strathclydefire.org,3,wikidata,Strathclyde Fire and Rescue Service,,HttpConnectTimeoutException: HTTP connect timed out,0 strathclydefire-org.mail.protection.outlook.com.; 10 mail3.strathclydefire.org.; 5 mail.strathclydefire.org.
swanseabay.nhs.wales,3,wikidata,Swansea Bay University Health Board,,200,none
swedenabroad.com,3,wikidata,"Embassy of Sweden, London",central,301,none
talhaiarn.cymru,3,wikidata,Llanfairtalhaiarn Community Council,,301,none
taxtribunals.scot,3,wikidata,Tax Chamber,central-1,200,none
tfgm.com,3,wikidata,Transport for Greater Manchester,,202,none
tfw.wales,3,wikidata,Transport for Wales,,200,0 tfw-wales.mail.protection.outlook.com.
thebank.scot,3,wikidata,Scottish National Investment Bank,central-1,301,none
transportforedinburgh.com,3,wikidata,Transport for Edinburgh,,HttpTimeoutException: request timed out,0 transportforedinburgh-com.mail.protection.outlook.com.
uk.ambafrance.org,3,wikidata,"Consulate General of France, Edinburgh",,301,none
uk.diplo.de,3,wikidata,"Embassy of Germany, London",central,200,none
uk.mfa.am,3,wikidata,"Embassy of Armenia, London",central,301,none
uk.mfa.lt,3,wikidata,"Embassy of Lithuania, London",central,403,10 mxs1.urm.lt.
uk.mvep.hr,3,wikidata,"Embassy of Croatia, London",central,ConnectException,none
ukas.com,3,wikidata,United Kingdom Accreditation Service,,301,none
uksacb.org,3,wikidata,Saudi Arabia Cultural Bureau in London,,200,none
unitedkingdom.nlembassy.org,3,wikidata,"Embassy of the Netherlands, London",central,ConnectException,none
visitbritain.com,3,wikidata,VisitBritain,,301,none
visitscotland.com,3,wikidata,VisitScotland,central-1,301,none
visitwales.com,3,wikidata,Visit Wales,,301,10 mail.safenames.hosting.
wics.scot,3,wikidata,Water Industry Commission for Scotland,central-1,200,10 eu-smtp-inbound-2.mimecast.com.; 10 eu-smtp-inbound-1.mimecast.com.
wmfs.net,3,wikidata,West Midlands Fire Service,,301,20 d205278.b.ess.uk.barracudanetworks.com.; 20 d205278.a.ess.uk.barracudanetworks.com.
ysbytyifan.org,3,wikidata,Ysbyty Ifan Community Council,,301,none
healthwatchdorset.co.uk,2,wikidata;wikidata;wikidata,Healthwatch Poole | Healthwatch Bournemouth | Healthwatch Dorset,,301,none
