subdomain,parent_domain,http_status,mx
1ngi.gateshead.gov.uk,gov.uk,Connection timed out after 3002 milliseconds,none
3bwpoc.westminster.gov.uk,gov.uk,Connection timed out after 3002 milliseconds,10 west-exchhs.3bwpoc.westminster.gov.uk.
3g.thurrock.gov.uk,gov.uk,Could not resolve host: 3g.thurrock.gov.uk,none
a1.manchester.gov.uk,gov.uk,Could not resolve host: a1.manchester.gov.uk,none
abacus.essexcc.gov.uk,gov.uk,Could not resolve host: abacus.essexcc.gov.uk,none
abacusextranet.liverpool.gov.uk,gov.uk,Could not resolve host: abacusextranet.liverpool.gov.uk,none
abacustest.essexcc.gov.uk,gov.uk,Could not resolve host: abacustest.essexcc.gov.uk,none
abacustest.liverpool.gov.uk,gov.uk,Could not resolve host: abacustest.liverpool.gov.uk,none
abacustraining.liverpool.gov.uk,gov.uk,Could not resolve host: abacustraining.liverpool.gov.uk,none
abca.walsall.gov.uk,gov.uk,Could not resolve host: abca.walsall.gov.uk,none
aberdeencity.gov.uk,gov.uk,301,10 cust42656-2-in.mailcontrol.com.; 10 cust42656-1-in.mailcontrol.com.
aberdeenshire.gov.uk,gov.uk,200,5 aberdeenshire-gov-uk.mail.protection.outlook.com.
abs.bolton.gov.uk,gov.uk,Could not resolve host: abs.bolton.gov.uk,none
absencereporting.greenwich.gov.uk,gov.uk,Could not resolve host: absencereporting.greenwich.gov.uk,none
academyvisits.bolton.gov.uk,gov.uk,Connection timed out after 3002 milliseconds,none
access.armagh.gov.uk,gov.uk,Could not resolve host: access.armagh.gov.uk,none
access.babergh.gov.uk,gov.uk,Could not resolve host: access.babergh.gov.uk,none
access.derrycity.gov.uk,gov.uk,Could not resolve host: access.derrycity.gov.uk,none
access.firescotland.gov.uk,gov.uk,Could not resolve host: access.firescotland.gov.uk,none
access.gateshead.gov.uk,gov.uk,Connection timed out after 3002 milliseconds,none
access.halton.gov.uk,gov.uk,Resolving timed out after 3000 milliseconds,none
access.havering.gov.uk,gov.uk,Resolving timed out after 3001 milliseconds,none
access.hinckley-bosworth.gov.uk,gov.uk,Could not resolve host: access.hinckley-bosworth.gov.uk,none
access.leicester.gov.uk,gov.uk,Could not resolve host: access.leicester.gov.uk,none
access.lichfielddc.gov.uk,gov.uk,Could not resolve host: access.lichfielddc.gov.uk,none
access.lincoln.gov.uk,gov.uk,Could not resolve host: access.lincoln.gov.uk,none
access.milton-keynes.gov.uk,gov.uk,Resolving timed out after 3001 milliseconds,none
access.mole-valley.gov.uk,gov.uk,Could not resolve host: access.mole-valley.gov.uk,none
access.oadby-wigston.gov.uk,gov.uk,Resolving timed out after 3000 milliseconds,none
access.ofsted.gov.uk,gov.uk,Resolving timed out after 3000 milliseconds,none
access.shropshire.gov.uk,gov.uk,Connection timed out after 3002 milliseconds,none
access.snh.gov.uk,gov.uk,Resolving timed out after 3000 milliseconds,none
access.tpr.gov.uk,gov.uk,Could not resolve host: access.tpr.gov.uk,none
access.westoxon.gov.uk,gov.uk,Resolving timed out after 3001 milliseconds,none
access.wyreforestdc.gov.uk,gov.uk,Resolving timed out after 3000 milliseconds,none
access2.shropshire.gov.uk,gov.uk,Resolving timed out after 3001 milliseconds,none
accessgateway.lincolnshire.gov.uk,gov.uk,Resolving timed out after 3000 milliseconds,none
accmap.rotherham.gov.uk,gov.uk,Could not resolve host: accmap.rotherham.gov.uk,none
accountsonline.camden.gov.uk,gov.uk,520,none
activesync.nihe.gov.uk,gov.uk,Resolving timed out after 3005 milliseconds,none
actoncopenhagen.decc.gov.uk,gov.uk,Could not resolve host: actoncopenhagen.decc.gov.uk,none
ad.torridge.gov.uk,gov.uk,Could not resolve host: ad.torridge.gov.uk,none
adcaccess.adur.gov.uk,gov.uk,Resolving timed out after 3002 milliseconds,none
addressbook.newham.gov.uk,gov.uk,Could not resolve host: addressbook.newham.gov.uk,none
adelante.chichester.gov.uk,gov.uk,Resolving timed out after 3000 milliseconds,none
adfs.ealing.gov.uk,gov.uk,Resolving timed out after 3001 milliseconds,none
admin.armagh.gov.uk,gov.uk,Could not resolve host: admin.armagh.gov.uk,none
admin.eca.gov.uk,gov.uk,Resolving timed out after 3000 milliseconds,none
admin.events.businesslink.gov.uk,gov.uk,SSL: no alternative certificate subject name matches target hostname 'admin.events.businesslink.gov.uk',none
admin.everychildmatters.gov.uk,gov.uk,Resolving timed out after 3001 milliseconds,none
admin.kentparishes.gov.uk,gov.uk,Resolving timed out after 3003 milliseconds,none
admin.legislation.gov.uk,gov.uk,Resolving timed out after 3001 milliseconds,none
admin.localdirect.gov.uk,gov.uk,SSL: no alternative certificate subject name matches target hostname 'admin.localdirect.gov.uk',none
admin.open.kent.gov.uk,gov.uk,Could not resolve host: admin.open.kent.gov.uk,none
admin.parentscentre.gov.uk,gov.uk,Could not resolve host: admin.parentscentre.gov.uk,none
admin.signon.defra.gov.uk,gov.uk,302,none
admin.sns.gov.uk,gov.uk,Could not resolve host: admin.sns.gov.uk,none
admin.teachernet.gov.uk,gov.uk,Could not resolve host: admin.teachernet.gov.uk,none
administration.thepensionsregulator.gov.uk,gov.uk,302,none
adminnationalcareersservice.direct.gov.uk,gov.uk,Could not resolve host: adminnationalcareersservice.direct.gov.uk,none
admissions.bury.gov.uk,gov.uk,403,none
admissions.eastsussex.gov.uk,gov.uk,Connection timed out after 3006 milliseconds,none
admissions.medway.gov.uk,gov.uk,403,none
admissions.oxfordshire.gov.uk,gov.uk,Connection timed out after 3002 milliseconds,none
admissions.peterborough.gov.uk,gov.uk,200,none
admissions.plymouth.gov.uk,gov.uk,403,none
admissions.portsmouth.gov.uk,gov.uk,Connection timed out after 3002 milliseconds,none
admissions.rotherham.gov.uk,gov.uk,200,dig error
admissions.thurrock.gov.uk,gov.uk,200,none
admissions.warwickshire.gov.uk,gov.uk,Could not resolve host: admissions.warwickshire.gov.uk,none
admissions.wiltshire.gov.uk,gov.uk,Connection timed out after 3002 milliseconds,none
adulteducation.cornwall.gov.uk,gov.uk,Could not resolve host: adulteducation.cornwall.gov.uk,none
adulteducation.kingston.gov.uk,gov.uk,Could not resolve host: adulteducation.kingston.gov.uk,none
adultlearninggrant.lsc.gov.uk,gov.uk,Could not resolve host: adultlearninggrant.lsc.gov.uk,none
advancedbookings.worcester.gov.uk,gov.uk,Could not resolve host: advancedbookings.worcester.gov.uk,none
advertisingrates.ofmdfmni.gov.uk,gov.uk,SSL: no alternative certificate subject name matches target hostname 'advertisingrates.ofmdfmni.gov.uk',none
ae01.ofsted.gov.uk,gov.uk,Connection timed out after 3003 milliseconds,none
aecenrol.westsussex.gov.uk,gov.uk,Connection timed out after 3004 milliseconds,none
aeedge.calderdale.gov.uk,gov.uk,Could not resolve host: aeedge.calderdale.gov.uk,none
ag.hullcc.gov.uk,gov.uk,Connection timed out after 3002 milliseconds,none
ag.sevenoaks.gov.uk,gov.uk,Could not resolve host: ag.sevenoaks.gov.uk,none
agate.rochdale.gov.uk,gov.uk,Could not resolve host: agate.rochdale.gov.uk,none
agma.gov.uk,gov.uk,Could not resolve host: agma.gov.uk,0 agma-gov-uk.mail.protection.outlook.com.
agon.uksport.gov.uk,gov.uk,Could not resolve host: agon.uksport.gov.uk,none
agw.staffordshire.gov.uk,gov.uk,Connection timed out after 3002 milliseconds,none
aic.mhra.gov.uk,gov.uk,Could not resolve host: aic.mhra.gov.uk,none
aims.buyingsolutions.gov.uk,gov.uk,Could not resolve host: aims.buyingsolutions.gov.uk,none
aims.defra.gov.uk,gov.uk,Could not resolve host: aims.defra.gov.uk,none
alba.northlan.gov.uk,gov.uk,Connection timed out after 3001 milliseconds,none
alert.birminghamprepared.gov.uk,gov.uk,Could not resolve host: alert.birminghamprepared.gov.uk,none
allocations.tda.gov.uk,gov.uk,Could not resolve host: allocations.tda.gov.uk,none
alope.eastdorsetdc.gov.uk,gov.uk,Could not resolve host: alope.eastdorsetdc.gov.uk,none
alpha.shropshirefire.gov.uk,gov.uk,Connection timed out after 3002 milliseconds,none
am2010.walsall.gov.uk,gov.uk,Could not resolve host: am2010.walsall.gov.uk,none
amber.carmarthenshire.gov.uk,gov.uk,Could not resolve host: amber.carmarthenshire.gov.uk,none
ames.defra.gov.uk,gov.uk,Could not resolve host: ames.defra.gov.uk,none
amestraining.defra.gov.uk,gov.uk,302,none
ams.uksport.gov.uk,gov.uk,Connection timed out after 3000 milliseconds,none
analytics.hse.gov.uk,gov.uk,Connection timed out after 3002 milliseconds,none
anglesey.gov.uk,gov.uk,301,10 eu-smtp-inbound-1.mimecast.com.; 10 eu-smtp-inbound-2.mimecast.com.
angliarevenues.gov.uk,gov.uk,SSL: no alternative certificate subject name matches target hostname 'angliarevenues.gov.uk',0 angliarevenues-gov-uk.mail.protection.outlook.com.
angus.gov.uk,gov.uk,301,0 angus-gov-uk.mail.protection.outlook.com.
annual.standardsforengland.gov.uk,gov.uk,Could not resolve host: annual.standardsforengland.gov.uk,none
antrim.gov.uk,gov.uk,Could not resolve host: antrim.gov.uk,5 mail.antrim.gov.uk.
anycomms.centralbedfordshire.gov.uk,gov.uk,302,none
anytime.northtyneside.gov.uk,gov.uk,Connection timed out after 3002 milliseconds,none
anywhere.bolton.gov.uk,gov.uk,Could not resolve host: anywhere.bolton.gov.uk,none
anywhere.dacorum.gov.uk,gov.uk,Could not resolve host: anywhere.dacorum.gov.uk,none
anywhere.staffordbc.gov.uk,gov.uk,Could not resolve host: anywhere.staffordbc.gov.uk,none
anywhere.sthelens.gov.uk,gov.uk,Could not resolve host: anywhere.sthelens.gov.uk,none
ap2.niassembly.gov.uk,gov.uk,Connection timed out after 3001 milliseconds,none
ap22-0029.nottscc.gov.uk,gov.uk,Could not resolve host: ap22-0029.nottscc.gov.uk,none
apd.nelincs.gov.uk,gov.uk,Connection timed out after 3002 milliseconds,none
api-portal.tfl.gov.uk,gov.uk,Could not resolve host: api-portal.tfl.gov.uk,none
api.swale.gov.uk,gov.uk,TLS connect error: error:0A000410:SSL routines::ssl/tls alert handshake failure,10 smtp-ca.kcn.org.uk.; 20 smtp-ma.kcn.org.uk.
apollo.southkesteven.gov.uk,gov.uk,Connection timed out after 3001 milliseconds,none
aportal.niassembly.gov.uk,gov.uk,Could not resolve host: aportal.niassembly.gov.uk,none
app-sparnet-ext.devon.gov.uk,gov.uk,Could not resolve host: app-sparnet-ext.devon.gov.uk,none
appealsservicejudiciary.gov.uk,gov.uk,Could not resolve host: appealsservicejudiciary.gov.uk,none
applications.barnsley.gov.uk,gov.uk,Could not resolve host: applications.barnsley.gov.uk,none
applications.dcal-fishingni.gov.uk,gov.uk,Could not resolve host: applications.dcal-fishingni.gov.uk,none
applications.drdni.gov.uk,gov.uk,Could not resolve host: applications.drdni.gov.uk,none
applications.eppingforestdc.gov.uk,gov.uk,Could not resolve host: applications.eppingforestdc.gov.uk,none
applications.historic-scotland.gov.uk,gov.uk,Connection timed out after 3001 milliseconds,none
applications.huntsdc.gov.uk,gov.uk,Could not resolve host: applications.huntsdc.gov.uk,none
applications.lsc.gov.uk,gov.uk,Could not resolve host: applications.lsc.gov.uk,none
applications.planningni.gov.uk,gov.uk,Could not resolve host: applications.planningni.gov.uk,none
applications.redditchbc.gov.uk,gov.uk,Could not resolve host: applications.redditchbc.gov.uk,none
applications.roadsni.gov.uk,gov.uk,Could not resolve host: applications.roadsni.gov.uk,none
applications.sthelens.gov.uk,gov.uk,Connection timed out after 3002 milliseconds,none
applications.wyreforestdc.gov.uk,gov.uk,Could not resolve host: applications.wyreforestdc.gov.uk,none
apprenticeshipvacancymatchingservice.lsc.gov.uk,gov.uk,Could not resolve host: apprenticeshipvacancymatchingservice.lsc.gov.uk,none
apps.aylesburyvaledc.gov.uk,gov.uk,Could not resolve host: apps.aylesburyvaledc.gov.uk,none
apps.buckscc.gov.uk,gov.uk,Could not resolve host: apps.buckscc.gov.uk,none
apps.cambridge.gov.uk,gov.uk,Could not resolve host: apps.cambridge.gov.uk,none
apps.erewash.gov.uk,gov.uk,Could not resolve host: apps.erewash.gov.uk,none
apps.lincolnshire.gov.uk,gov.uk,503,none
apps.luton.gov.uk,gov.uk,403,none
apps.oisc.gov.uk,gov.uk,Connection timed out after 3002 milliseconds,none
apps.peterborough.gov.uk,gov.uk,Could not resolve host: apps.peterborough.gov.uk,none
apps.preston.gov.uk,gov.uk,Could not resolve host: apps.preston.gov.uk,none
apps.salford.gov.uk,gov.uk,Connection timed out after 3002 milliseconds,none
apps.southend.gov.uk,gov.uk,Connection timed out after 3002 milliseconds,none
apps.wakefield.gov.uk,gov.uk,200,none
apps.wrexham.gov.uk,gov.uk,Connection timed out after 3001 milliseconds,none
apps02.exeter.gov.uk,gov.uk,200,none
apps1.buckscc.gov.uk,gov.uk,Could not resolve host: apps1.buckscc.gov.uk,none
apps1.suffolkcoastal.gov.uk,gov.uk,Could not resolve host: apps1.suffolkcoastal.gov.uk,none
apps2.buckscc.gov.uk,gov.uk,Could not resolve host: apps2.buckscc.gov.uk,none
apps2.lbhf.gov.uk,gov.uk,Could not resolve host: apps2.lbhf.gov.uk,none
apps2.suffolkcoastal.gov.uk,gov.uk,Could not resolve host: apps2.suffolkcoastal.gov.uk,none
apps3.suffolkcoastal.gov.uk,gov.uk,Could not resolve host: apps3.suffolkcoastal.gov.uk,none
appweb.caerphilly.gov.uk,gov.uk,Could not resolve host: appweb.caerphilly.gov.uk,none
arc3.cambridgeshire.gov.uk,gov.uk,Connection timed out after 3002 milliseconds,none
archive.tameside.gov.uk,gov.uk,Connection timed out after 3002 milliseconds,none
archive.wrexham.gov.uk,gov.uk,Could not resolve host: archive.wrexham.gov.uk,none
archmglisol.bridgend.gov.uk,gov.uk,Connection timed out after 3002 milliseconds,none
arlein.wefo.cymru.gov.uk,gov.uk,Resolving timed out after 3001 milliseconds,dig error
arolwg.gwynedd.gov.uk,gov.uk,200,none
arun.gov.uk,gov.uk,307,10 d210669.a.ess.uk.barracudanetworks.com.; 20 d210669.b.ess.uk.barracudanetworks.com.
as.cwa.salford.gov.uk,gov.uk,Could not resolve host: as.cwa.salford.gov.uk,none
as.lincolnshire.gov.uk,gov.uk,Could not resolve host: as.lincolnshire.gov.uk,none
asb.portsmouth.gov.uk,gov.uk,Connection timed out after 3002 milliseconds,none
asbo.salford.gov.uk,gov.uk,Connection timed out after 3002 milliseconds,none
asc.eastsussex.gov.uk,gov.uk,Could not resolve host: asc.eastsussex.gov.uk,none
ascrmtrain.skillsfundingagency.bis.gov.uk,gov.uk,Could not resolve host: ascrmtrain.skillsfundingagency.bis.gov.uk,10 cluster.gsi.messagelabs.com.; 20 cluster.gsi2.messagelabs.com.
ask.bournemouth.gov.uk,gov.uk,Could not resolve host: ask.bournemouth.gov.uk,none
aspire.peterborough.gov.uk,gov.uk,Could not resolve host: aspire.peterborough.gov.uk,none
assessors.saa.gov.uk,gov.uk,302,10 mail.connectinternetsolutions.com.
assets.contractsfinder.businesslink.gov.uk,gov.uk,Connection timed out after 3002 milliseconds,none
assets.digital.cabinet-office.gov.uk,gov.uk,301,none
athenaaccess.lda.gov.uk,gov.uk,Could not resolve host: athenaaccess.lda.gov.uk,none
athenatransfer.lda.gov.uk,gov.uk,Could not resolve host: athenatransfer.lda.gov.uk,none
atlasweb.warwickshire.gov.uk,gov.uk,302,none
atmsbookings.staffordshire.gov.uk,gov.uk,Connection timed out after 3002 milliseconds,none
attachment.redbridge.gov.uk,gov.uk,Connection timed out after 3002 milliseconds,none
audit-commission.gov.uk,gov.uk,Could not resolve host: audit-commission.gov.uk,20 cluster8a.eu.messagelabs.com.; 10 cluster8.eu.messagelabs.com.
auth.pnp.ogcbuyingsolutions.gov.uk,gov.uk,Could not resolve host: auth.pnp.ogcbuyingsolutions.gov.uk,none
authborg-staging.dwp.gov.uk,gov.uk,Could not resolve host: authborg-staging.dwp.gov.uk,none
authborg.dwp.gov.uk,gov.uk,Could not resolve host: authborg.dwp.gov.uk,none
authenticate.fi.gateway.gov.uk,gov.uk,Could not resolve host: authenticate.fi.gateway.gov.uk,none
authenticate.gateway.gov.uk,gov.uk,Could not resolve host: authenticate.gateway.gov.uk,none
authenticate.publications.teachernet.gov.uk,gov.uk,Could not resolve host: authenticate.publications.teachernet.gov.uk,none
authenticated.croydon.gov.uk,gov.uk,Could not resolve host: authenticated.croydon.gov.uk,none
authority.standardsforengland.gov.uk,gov.uk,Could not resolve host: authority.standardsforengland.gov.uk,none
autodiscover.ad.torridge.gov.uk,gov.uk,Could not resolve host: autodiscover.ad.torridge.gov.uk,none
autodiscover.adur-worthing.gov.uk,gov.uk,Could not resolve host: autodiscover.adur-worthing.gov.uk,none
autodiscover.ballymoney.gov.uk,gov.uk,Could not resolve host: autodiscover.ballymoney.gov.uk,none
autodiscover.banbury.gov.uk,gov.uk,Failed to connect to autodiscover.banbury.gov.uk port 443 after 178 ms: Could not connect to server,none
autodiscover.bicester.gov.uk,gov.uk,Failed to connect to autodiscover.bicester.gov.uk port 443 after 1079 ms: Could not connect to server,none
autodiscover.boston.gov.uk,gov.uk,Failed to connect to autodiscover.boston.gov.uk port 443 after 195 ms: Could not connect to server,none
autodiscover.brighton-hove.gov.uk,gov.uk,Failed to connect to autodiscover.brighton-hove.gov.uk port 443 after 43 ms: Could not connect to server,none
autodiscover.broads-authority.gov.uk,gov.uk,Failed to connect to autodiscover.broads-authority.gov.uk port 443 after 23 ms: Could not connect to server,none
autodiscover.bury.gov.uk,gov.uk,Failed to connect to autodiscover.bury.gov.uk port 443 after 176 ms: Could not connect to server,none
autodiscover.calderdale.gov.uk,gov.uk,Failed to connect to autodiscover.calderdale.gov.uk port 443 after 177 ms: Could not connect to server,none
autodiscover.camden.gov.uk,gov.uk,Failed to connect to autodiscover.camden.gov.uk port 443 after 32 ms: Could not connect to server,none
autodiscover.cannockchasedc.gov.uk,gov.uk,Failed to connect to autodiscover.cannockchasedc.gov.uk port 443 after 152 ms: Could not connect to server,none
autodiscover.castlepoint.gov.uk,gov.uk,Connection timed out after 3002 milliseconds,none
autodiscover.ceredigion.gov.uk,gov.uk,400,none
autodiscover.cheshirefire.gov.uk,gov.uk,Failed to connect to autodiscover.cheshirefire.gov.uk port 443 after 126 ms: Could not connect to server,none
autodiscover.chippenham.gov.uk,gov.uk,Failed to connect to autodiscover.chippenham.gov.uk port 443 after 127 ms: Could not connect to server,none
autodiscover.chorley.gov.uk,gov.uk,Failed to connect to autodiscover.chorley.gov.uk port 443 after 143 ms: Could not connect to server,none
autodiscover.christchurchandeastdorset.gov.uk,gov.uk,Could not resolve host: autodiscover.christchurchandeastdorset.gov.uk,4 christchurchandeastdorset-gov-uk.mail.protection.outlook.com.
autodiscover.consumerdirect-westmidlands.gov.uk,gov.uk,Could not resolve host: autodiscover.consumerdirect-westmidlands.gov.uk,none
autodiscover.coventry.gcsx.gov.uk,gov.uk,Could not resolve host: autodiscover.coventry.gcsx.gov.uk,none
autodiscover.coventry.gov.uk,gov.uk,Failed to connect to autodiscover.coventry.gov.uk port 443 after 32 ms: Could not connect to server,none
autodiscover.crawley.gov.uk,gov.uk,Failed to connect to autodiscover.crawley.gov.uk port 443 after 99 ms: Could not connect to server,none
autodiscover.dartmoor-npa.gov.uk,gov.uk,Could not resolve host: autodiscover.dartmoor-npa.gov.uk,none
autodiscover.dartmoor.gov.uk,gov.uk,Failed to connect to autodiscover.dartmoor.gov.uk port 443 after 36 ms: Could not connect to server,none
autodiscover.derbys-fire.gov.uk,gov.uk,Failed to connect to autodiscover.derbys-fire.gov.uk port 443 after 1565 ms: Could not connect to server,none
autodiscover.derbyshire.gov.uk,gov.uk,Failed to connect to autodiscover.derbyshire.gov.uk port 443 after 79 ms: Could not connect to server,none
autodiscover.derrycity.gov.uk,gov.uk,Could not resolve host: autodiscover.derrycity.gov.uk,none
autodiscover.devonbuildingcontrol.gov.uk,gov.uk,Could not resolve host: autodiscover.devonbuildingcontrol.gov.uk,none
autodiscover.durham.gov.uk,gov.uk,403,none
autodiscover.eastlothian.gov.uk,gov.uk,Failed to connect to autodiscover.eastlothian.gov.uk port 443 after 44 ms: Could not connect to server,none
autodiscover.educ.somerset.gov.uk,gov.uk,Failed to connect to autodiscover.educ.somerset.gov.uk port 443 after 65 ms: Could not connect to server,none
autodiscover.education.doncaster.gov.uk,gov.uk,Could not resolve host: autodiscover.education.doncaster.gov.uk,none
autodiscover.environment-agency.gov.uk,gov.uk,Failed to connect to autodiscover.environment-agency.gov.uk port 443 after 63 ms: Could not connect to server,none
autodiscover.gloscc.gov.uk,gov.uk,Could not resolve host: autodiscover.gloscc.gov.uk,none
autodiscover.gloucestershire.gov.uk,gov.uk,Connection timed out after 3002 milliseconds,none
autodiscover.harrogate.gov.uk,gov.uk,Failed to connect to autodiscover.harrogate.gov.uk port 443 after 221 ms: Could not connect to server,none
autodiscover.highpeak.gov.uk,gov.uk,Failed to connect to autodiscover.highpeak.gov.uk port 443 after 50 ms: Could not connect to server,none
autodiscover.historic-scotland.gov.uk,gov.uk,Could not resolve host: autodiscover.historic-scotland.gov.uk,none
autodiscover.hounslow.gov.uk,gov.uk,Failed to connect to autodiscover.hounslow.gov.uk port 443 after 52 ms: Could not connect to server,none
autodiscover.int.crawley.gov.uk,gov.uk,Could not resolve host: autodiscover.int.crawley.gov.uk,none
autodiscover.internal.westminster.gov.uk,gov.uk,Could not resolve host: autodiscover.internal.westminster.gov.uk,none
autodiscover.lbbd.gov.uk,gov.uk,Failed to connect to autodiscover.lbbd.gov.uk port 443 after 25 ms: Could not connect to server,none
autodiscover.lbhf.gov.uk,gov.uk,403,none
autodiscover.lbwf.gov.uk,gov.uk,Could not resolve host: autodiscover.lbwf.gov.uk,none
autodiscover.leeds.gov.uk,gov.uk,Could not resolve host: autodiscover.leeds.gov.uk,none
autodiscover.lewisham.gov.uk,gov.uk,Connection timed out after 3002 milliseconds,none
autodiscover.liverpool.gov.uk,gov.uk,302,none
autodiscover.magherafelt.gov.uk,gov.uk,Could not resolve host: autodiscover.magherafelt.gov.uk,none
autodiscover.malvernhills.gov.uk,gov.uk,Could not resolve host: autodiscover.malvernhills.gov.uk,none
autodiscover.mansfield.gov.uk,gov.uk,Failed to connect to autodiscover.mansfield.gov.uk port 443 after 221 ms: Could not connect to server,none
autodiscover.melton.gov.uk,gov.uk,302,none
autodiscover.merseytravel.gov.uk,gov.uk,Failed to connect to autodiscover.merseytravel.gov.uk port 443 after 146 ms: Could not connect to server,none
autodiscover.mhs.gov.uk,gov.uk,Could not resolve host: autodiscover.mhs.gov.uk,none
autodiscover.mpa.gov.uk,gov.uk,Could not resolve host: autodiscover.mpa.gov.uk,none
autodiscover.nao.gsi.gov.uk,gov.uk,Could not resolve host: autodiscover.nao.gsi.gov.uk,none
autodiscover.nelincs.gcsx.gov.uk,gov.uk,Could not resolve host: autodiscover.nelincs.gcsx.gov.uk,none
autodiscover.nelincs.gov.uk,gov.uk,Failed to connect to autodiscover.nelincs.gov.uk port 443 after 1229 ms: Could not connect to server,none
autodiscover.newcastle-staffs.gov.uk,gov.uk,Failed to connect to autodiscover.newcastle-staffs.gov.uk port 443 after 195 ms: Could not connect to server,none
autodiscover.newcastle.gov.uk,gov.uk,Connection timed out after 3002 milliseconds,none
autodiscover.northyorksfire.gov.uk,gov.uk,Failed to connect to autodiscover.northyorksfire.gov.uk port 443 after 70 ms: Could not connect to server,none
autodiscover.nottinghamcity.gov.uk,gov.uk,Failed to connect to autodiscover.nottinghamcity.gov.uk port 443 after 53 ms: Could not connect to server,none
autodiscover.nottscc.gov.uk,gov.uk,Failed to connect to autodiscover.nottscc.gov.uk port 443 after 66 ms: Could not connect to server,none
autodiscover.nwleicestershire.gov.uk,gov.uk,Failed to connect to autodiscover.nwleicestershire.gov.uk port 443 after 61 ms: Could not connect to server,none
autodiscover.peakdistrict.gov.uk,gov.uk,Failed to connect to autodiscover.peakdistrict.gov.uk port 443 after 71 ms: Could not connect to server,none
autodiscover.rbkc.gov.uk,gov.uk,Failed to connect to autodiscover.rbkc.gov.uk port 443 after 29 ms: Could not connect to server,none
autodiscover.remoteworking.colchester.gov.uk,gov.uk,Could not resolve host: autodiscover.remoteworking.colchester.gov.uk,none
autodiscover.salford.gov.uk,gov.uk,Failed to connect to autodiscover.salford.gov.uk port 443 after 1094 ms: Could not connect to server,none
autodiscover.schools.nottscc.gov.uk,gov.uk,Connection timed out after 3001 milliseconds,none
autodiscover.scotborders.gov.uk,gov.uk,Connection timed out after 3001 milliseconds,none
autodiscover.secouncils.gov.uk,gov.uk,Failed to connect to autodiscover.secouncils.gov.uk port 443 after 164 ms: Could not connect to server,none
autodiscover.somerset.gov.uk,gov.uk,Failed to connect to autodiscover.somerset.gov.uk port 443 after 191 ms: Could not connect to server,none
autodiscover.south-ayrshire.gov.uk,gov.uk,302,none
autodiscover.southsomerset.gov.uk,gov.uk,Failed to connect to autodiscover.southsomerset.gov.uk port 443 after 165 ms: Could not connect to server,none
autodiscover.sstaffs.gov.uk,gov.uk,Failed to connect to autodiscover.sstaffs.gov.uk port 443 after 154 ms: Could not connect to server,none
autodiscover.staffordbc.gov.uk,gov.uk,Failed to connect to autodiscover.staffordbc.gov.uk port 443 after 157 ms: Could not connect to server,none
autodiscover.surreyheath.gov.uk,gov.uk,Failed to connect to autodiscover.surreyheath.gov.uk port 443 after 175 ms: Could not connect to server,none
autodiscover.teignbridge.gcsx.gov.uk,gov.uk,Could not resolve host: autodiscover.teignbridge.gcsx.gov.uk,none
autodiscover.teignbridge.gov.uk,gov.uk,"OpenSSL SSL_read: OpenSSL/3.5.3: error:0A000126:SSL routines::unexpected eof while reading, errno 0",none
autodiscover.teignmouth-devon.gov.uk,gov.uk,Failed to connect to autodiscover.teignmouth-devon.gov.uk port 443 after 32 ms: Could not connect to server,none
autodiscover.test.rbkc.gov.uk,gov.uk,Failed to connect to autodiscover.test.rbkc.gov.uk port 443 after 31 ms: Could not connect to server,none
autodiscover.thurrock.gov.uk,gov.uk,302,none
autodiscover.trafficpenaltytribunal.gov.uk,gov.uk,403,none
autodiscover.uksport.gov.uk,gov.uk,Failed to connect to autodiscover.uksport.gov.uk port 443 after 49 ms: Could not connect to server,none
autodiscover.walthamforest.gov.uk,gov.uk,Connection timed out after 3000 milliseconds,none
autodiscover.warrington.gov.uk,gov.uk,Connection timed out after 3001 milliseconds,none
autodiscover.west-dunbarton.gov.uk,gov.uk,Connection timed out after 3001 milliseconds,none
autodiscover.westminster.gov.uk,gov.uk,403,none
autodiscover.westyorksfire.gov.uk,gov.uk,Failed to connect to autodiscover.westyorksfire.gov.uk port 443 after 48 ms: Could not connect to server,none
autodiscover.wiltshire.gov.uk,gov.uk,Failed to connect to autodiscover.wiltshire.gov.uk port 443 after 46 ms: Could not connect to server,none
autodiscover.worcester.gov.uk,gov.uk,Failed to connect to autodiscover.worcester.gov.uk port 443 after 164 ms: Could not connect to server,none
autodiscover.wrexham.gov.uk,gov.uk,Failed to connect to autodiscover.wrexham.gov.uk port 443 after 208 ms: Could not connect to server,none
av.armagh.gov.uk,gov.uk,Could not resolve host: av.armagh.gov.uk,none
av.audit-scotland.gov.uk,gov.uk,Could not resolve host: av.audit-scotland.gov.uk,none
av.buckscc.gov.uk,gov.uk,Could not resolve host: av.buckscc.gov.uk,none
av.camden.gov.uk,gov.uk,Could not resolve host: av.camden.gov.uk,none
av.ceredigion.gov.uk,gov.uk,Connection timed out after 3002 milliseconds,none
av.leicester.gov.uk,gov.uk,Could not resolve host: av.leicester.gov.uk,none
av.wakefield.gov.uk,gov.uk,Connection timed out after 3002 milliseconds,none
av06xms.mpa.gov.uk,gov.uk,Could not resolve host: av06xms.mpa.gov.uk,none
av07xms.mpa.gov.uk,gov.uk,Could not resolve host: av07xms.mpa.gov.uk,none
avmedia.walthamforest.gov.uk,gov.uk,Could not resolve host: avmedia.walthamforest.gov.uk,none
awc.reading.gov.uk,gov.uk,Could not resolve host: awc.reading.gov.uk,none
awc1.reading.gov.uk,gov.uk,Could not resolve host: awc1.reading.gov.uk,none
axisinet.wirral.gov.uk,gov.uk,Could not resolve host: axisinet.wirral.gov.uk,none
aylesbury.gov.uk,gov.uk,Could not resolve host: aylesbury.gov.uk,0 aylesbury-gov-uk.mail.protection.outlook.com.
aylesburyvaledc.gov.uk,gov.uk,Could not resolve host: aylesburyvaledc.gov.uk,0 aylesburyvaledc-gov-uk.mail.protection.outlook.com.
b1.dmz.manchester.gov.uk,gov.uk,Could not resolve host: b1.dmz.manchester.gov.uk,none
backup.derrycity.gov.uk,gov.uk,Could not resolve host: backup.derrycity.gov.uk,none
baexch2010.broads-authority.gov.uk,gov.uk,Could not resolve host: baexch2010.broads-authority.gov.uk,none
ballymoney2.dalriada.ballymoney.gov.uk,gov.uk,Could not resolve host: ballymoney2.dalriada.ballymoney.gov.uk,none
banbury.gov.uk,gov.uk,Operation timed out after 3001 milliseconds with 0 bytes received,10 banbury-gov-uk.mx1.arsmtp.com.; 20 banbury-gov-uk.mx2.arsmtp.com.
barking-dagenham.gov.uk,gov.uk,403,10 barkingdagenham-gov-uk01i.mail.protection.outlook.com.
basingstoke.gov.uk,gov.uk,SSL certificate problem: unable to get local issuer certificate,0 basingstoke-gov-uk.mail.protection.outlook.com.
bassetlaw.gov.uk,gov.uk,302,10 eu-smtp-inbound-1.mimecast.com.; 10 eu-smtp-inbound-2.mimecast.com.
bathnes.gov.uk,gov.uk,301,10 d239861.a.ess.uk.barracudanetworks.com.; 20 d239861.b.ess.uk.barracudanetworks.com.
batransandbareports.voa.gov.uk,gov.uk,200,none
bc.newtownabbey.gov.uk,gov.uk,Could not resolve host: bc.newtownabbey.gov.uk,none
bccremote.birmingham.gov.uk,gov.uk,Could not resolve host: bccremote.birmingham.gov.uk,none
bccreports.birmingham.gov.uk,gov.uk,Connection timed out after 3002 milliseconds,none
bcmsforum.defra.gov.uk,gov.uk,Could not resolve host: bcmsforum.defra.gov.uk,none
bcp.tpr.gov.uk,gov.uk,Could not resolve host: bcp.tpr.gov.uk,none
becs.reading.gov.uk,gov.uk,Could not resolve host: becs.reading.gov.uk,none
bedford.gov.uk,gov.uk,Could not resolve host: bedford.gov.uk,5 d203984.a.ess.uk.barracudanetworks.com.; 10 d203984.b.ess.uk.barracudanetworks.com.
bedscc.gov.uk,gov.uk,Could not resolve host: bedscc.gov.uk,none
benefitforms.merton.gov.uk,gov.uk,Could not resolve host: benefitforms.merton.gov.uk,none
benefits.redbridge.gov.uk,gov.uk,Could not resolve host: benefits.redbridge.gov.uk,none
benefitsonline.edinburgh.gov.uk,gov.uk,Could not resolve host: benefitsonline.edinburgh.gov.uk,none
benforms.babergh.gov.uk,gov.uk,Could not resolve host: benforms.babergh.gov.uk,none
beta.companieshouse.gov.uk,gov.uk,301,none
beta.shropshirefire.gov.uk,gov.uk,Could not resolve host: beta.shropshirefire.gov.uk,none
bexley.gov.uk,gov.uk,302,20 cluster-b.mailcontrol.com.; 10 cluster-J.mailcontrol.com.; 15 Cluster-A.mailcontrol.com.
bexssl.bexley.gov.uk,gov.uk,404,none
bfanywhere.bracknell-forest.gov.uk,gov.uk,Could not resolve host: bfanywhere.bracknell-forest.gov.uk,none
biz.bournemouth.gov.uk,gov.uk,Could not resolve host: biz.bournemouth.gov.uk,none
bl.oft-tools.oft.gov.uk,gov.uk,Could not resolve host: bl.oft-tools.oft.gov.uk,none
blaby.gov.uk,gov.uk,302,0 blaby-gov-uk.mail.protection.outlook.com.
bliss.businesslink.gov.uk,gov.uk,Could not resolve host: bliss.businesslink.gov.uk,none
blood.uksport.gov.uk,gov.uk,Could not resolve host: blood.uksport.gov.uk,none
bluebadge.buckscc.gov.uk,gov.uk,Could not resolve host: bluebadge.buckscc.gov.uk,none
bluebadge.direct.gov.uk,gov.uk,301,none
bluebadge2.direct.gov.uk,gov.uk,301,none
bms.derby.gov.uk,gov.uk,Could not resolve host: bms.derby.gov.uk,none
bobcon.broxbourne.gov.uk,gov.uk,Could not resolve host: bobcon.broxbourne.gov.uk,none
bolsover.gov.uk,gov.uk,301,20 mail.bolsover.gov.uk.; 10 prefilter.emailsecurity.trendmicro.eu.; 5 bolsover-gov-uk.mail.protection.outlook.com.
bolton.gov.uk,gov.uk,301,0 bolton-gov-uk.mail.protection.outlook.com.
bookapc.carmarthenshire.gov.uk,gov.uk,Connection timed out after 3002 milliseconds,none
bookings.hambleton.gov.uk,gov.uk,Could not resolve host: bookings.hambleton.gov.uk,none
bookings.merton.gov.uk,gov.uk,302,none
bookings.newtownabbey.gov.uk,gov.uk,Could not resolve host: bookings.newtownabbey.gov.uk,none
bookleisure.sandwell.gov.uk,gov.uk,Could not resolve host: bookleisure.sandwell.gov.uk,none
booklibrarycomputer.derby.gov.uk,gov.uk,404,none
books.hse.gov.uk,gov.uk,200,none
boroughs.tfl.gov.uk,gov.uk,503,none
box.eduwight.iow.gov.uk,gov.uk,Could not resolve host: box.eduwight.iow.gov.uk,none
boxoffice.npt.gov.uk,gov.uk,Could not resolve host: boxoffice.npt.gov.uk,none
boxoffice.renfrewshire.gov.uk,gov.uk,Could not resolve host: boxoffice.renfrewshire.gov.uk,none
bradmail.bradford.gov.uk,gov.uk,Connection timed out after 3002 milliseconds,none
brand.environment-agency.gov.uk,gov.uk,Could not resolve host: brand.environment-agency.gov.uk,none
brand.lsc.gov.uk,gov.uk,Could not resolve host: brand.lsc.gov.uk,none
brand.skillsfundingagency.bis.gov.uk,gov.uk,Could not resolve host: brand.skillsfundingagency.bis.gov.uk,20 cluster.gsi2.messagelabs.com.; 10 cluster.gsi.messagelabs.com.
brand.ypla.gov.uk,gov.uk,Could not resolve host: brand.ypla.gov.uk,none
brand2.environment-agency.gov.uk,gov.uk,Could not resolve host: brand2.environment-agency.gov.uk,none
breckland.gov.uk,gov.uk,301,10 cust2016-1.in.mailcontrol.com.; 10 cust2016-1.out.mailcontrol.com.; 10 cust2016-2.in.mailcontrol.com.; 0 breckland-gov-uk.mail.protection.outlook.com.; 10 cust2016-2.out.mailcontrol.com.
bridgend.gov.uk,gov.uk,301,10 mx1.hc686-26.c3s2.iphmx.com.; 10 mx2.hc686-26.c3s2.iphmx.com.
brindley.halton.gov.uk,gov.uk,Connection timed out after 3002 milliseconds,none
bristol.gov.uk,gov.uk,301,0 bristol-gov-uk.mail.protection.outlook.com.
brit.uktradeinvest.gov.uk,gov.uk,Connection timed out after 3002 milliseconds,none
bromley.gov.uk,gov.uk,301,10 cust71045-2.in.mailcontrol.com.; 10 cust71045-1.in.mailcontrol.com.
bromsgrove.gov.uk,gov.uk,Connection timed out after 3002 milliseconds,5 mail3.redditchbc.gov.uk.
bsam.dudley.gov.uk,gov.uk,Could not resolve host: bsam.dudley.gov.uk,none
bsmail.intra.salisburycitycouncil.gov.uk,gov.uk,Could not resolve host: bsmail.intra.salisburycitycouncil.gov.uk,none
bso.bradford.gov.uk,gov.uk,Connection timed out after 3002 milliseconds,none
btw040.telford.gov.uk,gov.uk,Could not resolve host: btw040.telford.gov.uk,none
bury.gov.uk,gov.uk,Connection timed out after 3002 milliseconds,10 bury-gov-uk.mail.protection.outlook.com.
business.camden.gov.uk,gov.uk,403,none
business.wales.gov.uk,gov.uk,Could not resolve host: business.wales.gov.uk,none
businesslink-cis.online.hmrc.gov.uk,gov.uk,Could not resolve host: businesslink-cis.online.hmrc.gov.uk,none
businesslink-customs.hmrc.gov.uk,gov.uk,Could not resolve host: businesslink-customs.hmrc.gov.uk,none
businesslink-online.hmrc.gov.uk,gov.uk,Could not resolve host: businesslink-online.hmrc.gov.uk,none
businesslink-paye.online.hmrc.gov.uk,gov.uk,Could not resolve host: businesslink-paye.online.hmrc.gov.uk,none
businesslink-st.online.hmrc.gov.uk,gov.uk,Could not resolve host: businesslink-st.online.hmrc.gov.uk,none
businesslink.gov.uk,gov.uk,SSL: no alternative certificate subject name matches target hostname 'businesslink.gov.uk',none
businessoffers.tfl.gov.uk,gov.uk,Could not resolve host: businessoffers.tfl.gov.uk,none
businessonline.leeds.gov.uk,gov.uk,Could not resolve host: businessonline.leeds.gov.uk,none
businessplan.teesvalleyunlimited.gov.uk,gov.uk,Could not resolve host: businessplan.teesvalleyunlimited.gov.uk,none
businessportal.southeastiep.gov.uk,gov.uk,Could not resolve host: businessportal.southeastiep.gov.uk,none
buyingsolutions.gov.uk,gov.uk,Could not resolve host: buyingsolutions.gov.uk,none
buywithconfidence.gov.uk,gov.uk,302,none
bv06xms.mpa.gov.uk,gov.uk,Could not resolve host: bv06xms.mpa.gov.uk,none
c1.manchester.gov.uk,gov.uk,Could not resolve host: c1.manchester.gov.uk,none
caerdydd.gov.uk,gov.uk,SSL: no alternative certificate subject name matches target hostname 'caerdydd.gov.uk',none
cafcass.gov.uk,gov.uk,301,none
cag.mansfield.gov.uk,gov.uk,Could not resolve host: cag.mansfield.gov.uk,none
cag.midsussex.gov.uk,gov.uk,Could not resolve host: cag.midsussex.gov.uk,none
cag.rhondda-cynon-taf.gov.uk,gov.uk,Connection timed out after 3002 milliseconds,none
cag1.devon.gov.uk,gov.uk,Could not resolve host: cag1.devon.gov.uk,none
cag1.north-herts.gov.uk,gov.uk,Could not resolve host: cag1.north-herts.gov.uk,none
cag2.devon.gov.uk,gov.uk,Could not resolve host: cag2.devon.gov.uk,none
cagaac01.wiltsfire.gov.uk,gov.uk,Could not resolve host: cagaac01.wiltsfire.gov.uk,none
cals.northamptonshire.gov.uk,gov.uk,Could not resolve host: cals.northamptonshire.gov.uk,none
cambridgeshire.gov.uk,gov.uk,301,10 ccc.in.tmes.trendmicro.eu.
candidate.faststream.gov.uk,gov.uk,Failed to connect to candidate.faststream.gov.uk port 443 after 25 ms: Could not connect to server,none
cannon.wigan.gov.uk,gov.uk,Could not resolve host: cannon.wigan.gov.uk,none
cannon.wiganmbc.gov.uk,gov.uk,Could not resolve host: cannon.wiganmbc.gov.uk,none
canterbury.gov.uk,gov.uk,301,1 canterbury-gov-uk.mail.protection.outlook.com.
capita.slough.gov.uk,gov.uk,Could not resolve host: capita.slough.gov.uk,none
capp.westdorset-dc.gov.uk,gov.uk,Could not resolve host: capp.westdorset-dc.gov.uk,none
cardiff.gov.uk,gov.uk,Connection timed out after 3001 milliseconds,10 mail2.cardiff.gov.uk.; 10 mail4.cardiff.gov.uk.; 10 mail3.cardiff.gov.uk.
careers-test.havering.gov.uk,gov.uk,Could not resolve host: careers-test.havering.gov.uk,none
careers.havering.gov.uk,gov.uk,Connection timed out after 3002 milliseconds,none
careers.richmond.gov.uk,gov.uk,Could not resolve host: careers.richmond.gov.uk,none
careers.tfl.gov.uk,gov.uk,302,none
careersblog.buckscc.gov.uk,gov.uk,Could not resolve host: careersblog.buckscc.gov.uk,none
careforms.bristol.gov.uk,gov.uk,Could not resolve host: careforms.bristol.gov.uk,none
careproviders.thurrock.gov.uk,gov.uk,302,none
careraware.warwickshire.gov.uk,gov.uk,200,none
caretaking.towerhamlets.gov.uk,gov.uk,Could not resolve host: caretaking.towerhamlets.gov.uk,none
carshare.warwickshire.gov.uk,gov.uk,Could not resolve host: carshare.warwickshire.gov.uk,none
cas.lblmain.lewisham.gov.uk,gov.uk,Could not resolve host: cas.lblmain.lewisham.gov.uk,none
cashint01.oltps.sthelens.gov.uk,gov.uk,Could not resolve host: cashint01.oltps.sthelens.gov.uk,none
casserve.nao.gsi.gov.uk,gov.uk,Could not resolve host: casserve.nao.gsi.gov.uk,none
casserve1.nao.gsi.gov.uk,gov.uk,Could not resolve host: casserve1.nao.gsi.gov.uk,none
catseye.seemis.gov.uk,gov.uk,Could not resolve host: catseye.seemis.gov.uk,none
cbcexc01.castlereagh.gov.uk,gov.uk,Could not resolve host: cbcexc01.castlereagh.gov.uk,none
cbcmailcas.int.crawley.gov.uk,gov.uk,Could not resolve host: cbcmailcas.int.crawley.gov.uk,none
cbfbc.bracknell-forest.gov.uk,gov.uk,Could not resolve host: cbfbc.bracknell-forest.gov.uk,none
cccportal.canterbury.gov.uk,gov.uk,Could not resolve host: cccportal.canterbury.gov.uk,none
cclf.legalservices.gov.uk,gov.uk,Could not resolve host: cclf.legalservices.gov.uk,none
ccmremote.birmingham.gov.uk,gov.uk,Could not resolve host: ccmremote.birmingham.gov.uk,none
ccr.legalservices.gov.uk,gov.uk,Could not resolve host: ccr.legalservices.gov.uk,none
ccr.lsc.gov.uk,gov.uk,Could not resolve host: ccr.lsc.gov.uk,none
ccrsvss.legalservices.gov.uk,gov.uk,Could not resolve host: ccrsvss.legalservices.gov.uk,none
ccw.gov.uk,gov.uk,Could not resolve host: ccw.gov.uk,none
cdcparisweb.cherwell.gov.uk,gov.uk,Could not resolve host: cdcparisweb.cherwell.gov.uk,none
cdms.ukti.gov.uk,gov.uk,Could not resolve host: cdms.ukti.gov.uk,none
celc.redbridge.gov.uk,gov.uk,Failed to connect to celc.redbridge.gov.uk port 443 after 42 ms: Could not connect to server,none
cert.dundeecity.gov.uk,gov.uk,Could not resolve host: cert.dundeecity.gov.uk,none
cesmo.dstl.gov.uk,gov.uk,Could not resolve host: cesmo.dstl.gov.uk,none
cfpub.tameside.gov.uk,gov.uk,Connection timed out after 3002 milliseconds,none
charnwood.gov.uk,gov.uk,301,none
chat.liverpool.gov.uk,gov.uk,Connection timed out after 3002 milliseconds,none
chelmsfordbc.gov.uk,gov.uk,Could not resolve host: chelmsfordbc.gov.uk,none
cherwell-dc.gov.uk,gov.uk,302,none
cherwellandsouthnorthants.gov.uk,gov.uk,302,none
cheshire.gov.uk,gov.uk,Could not resolve host: cheshire.gov.uk,none
cheshireeast.gov.uk,gov.uk,Could not resolve host: cheshireeast.gov.uk,0 cheshireeast-gov-uk.mail.protection.outlook.com.
cheshirefire.gov.uk,gov.uk,301,none
cheshirewestandchester.gov.uk,gov.uk,301,none
childcare.milton-keynes.gov.uk,gov.uk,Could not resolve host: childcare.milton-keynes.gov.uk,none
childrenscentres.dudley.gov.uk,gov.uk,Could not resolve host: childrenscentres.dudley.gov.uk,none
childrenscommissioner.gov.uk,gov.uk,TLS connect error: error:0A000410:SSL routines::ssl/tls alert handshake failure,10 childrenscommissioner-gov-uk.mail.protection.outlook.com.
chl.ofsted.gov.uk,gov.uk,Could not resolve host: chl.ofsted.gov.uk,none
chwiliadgwaith.direct.gov.uk,gov.uk,Could not resolve host: chwiliadgwaith.direct.gov.uk,none
cica.gov.uk,gov.uk,301,none
cirencester.gov.uk,gov.uk,200,none
citizen.brentwood.gov.uk,gov.uk,Failed to connect to citizen.brentwood.gov.uk port 443 after 59 ms: Could not connect to server,none
citrix.audit-scotland.gov.uk,gov.uk,Could not resolve host: citrix.audit-scotland.gov.uk,none
citrix.clevelandfire.gov.uk,gov.uk,Connection timed out after 3002 milliseconds,none
citrix.dsfire.gov.uk,gov.uk,Could not resolve host: citrix.dsfire.gov.uk,none
citrix.eldc.gov.uk,gov.uk,Failed to connect to citrix.eldc.gov.uk port 443 after 53 ms: Could not connect to server,none
citrix.essexcc.gov.uk,gov.uk,Could not resolve host: citrix.essexcc.gov.uk,none
citrix.feta.gov.uk,gov.uk,Could not resolve host: citrix.feta.gov.uk,none
citrix.gloucestershire.gov.uk,gov.uk,Could not resolve host: citrix.gloucestershire.gov.uk,none
citrix.havering.gov.uk,gov.uk,Connection timed out after 3002 milliseconds,none
citrix.middlesbrough.gov.uk,gov.uk,Could not resolve host: citrix.middlesbrough.gov.uk,none
citrix.socitm.gov.uk,gov.uk,Could not resolve host: citrix.socitm.gov.uk,none
citrix.southnorthants.gov.uk,gov.uk,Could not resolve host: citrix.southnorthants.gov.uk,none
citrix.stedsbc.gov.uk,gov.uk,Could not resolve host: citrix.stedsbc.gov.uk,none
citrix.teignbridge.gov.uk,gov.uk,Could not resolve host: citrix.teignbridge.gov.uk,none
citrix.torbay.gov.uk,gov.uk,Could not resolve host: citrix.torbay.gov.uk,none
citrix.uktradeinvest.gov.uk,gov.uk,Connection timed out after 3001 milliseconds,none
citrixagw.east-northamptonshire.gov.uk,gov.uk,Could not resolve host: citrixagw.east-northamptonshire.gov.uk,none
citrixgateway.fareham.gov.uk,gov.uk,Could not resolve host: citrixgateway.fareham.gov.uk,none
cityoflondon.gov.uk,gov.uk,301,none
civilservicelearning.civilservice.gov.uk,gov.uk,Connection timed out after 3002 milliseconds,none
cjb-mgtinfo.scotland.gov.uk,gov.uk,Connection timed out after 3002 milliseconds,none
cla.education.gov.uk,gov.uk,503,none
claonlineadvice.justice.gov.uk,gov.uk,Could not resolve host: claonlineadvice.justice.gov.uk,none
clauat.dfes.gov.uk,gov.uk,Could not resolve host: clauat.dfes.gov.uk,none
clientaccess.northamptonshire.gov.uk,gov.uk,Could not resolve host: clientaccess.northamptonshire.gov.uk,none
clms.gse.gov.uk,gov.uk,Could not resolve host: clms.gse.gov.uk,none
clmsqa.gse.gov.uk,gov.uk,Could not resolve host: clmsqa.gse.gov.uk,none
clsmobile.chester-le-street.gov.uk,gov.uk,Could not resolve host: clsmobile.chester-le-street.gov.uk,none
cmis.derby.gov.uk,gov.uk,Could not resolve host: cmis.derby.gov.uk,none
cmis.dudley.gov.uk,gov.uk,302,none
cms.bis.gov.uk,gov.uk,Could not resolve host: cms.bis.gov.uk,20 cluster.gsi2.messagelabs.com.; 10 cluster.gsi.messagelabs.com.
cms.civilservice.gov.uk,gov.uk,Connection timed out after 3002 milliseconds,none
cms.manchester.gov.uk,gov.uk,301,none
cms.wiltshire.gov.uk,gov.uk,Could not resolve host: cms.wiltshire.gov.uk,none
colchester.gov.uk,gov.uk,301,0 colchester-gov-uk.mail.protection.outlook.com.
colin.suffolkcc.gov.uk,gov.uk,Could not resolve host: colin.suffolkcc.gov.uk,none
collaboration.london.gov.uk,gov.uk,Could not resolve host: collaboration.london.gov.uk,none
collectdata.education.gov.uk,gov.uk,403,none
collectdatauat.education.gov.uk,gov.uk,503,none
comms.civilservice.gov.uk,gov.uk,301,none
communicate.hfea.gov.uk,gov.uk,Could not resolve host: communicate.hfea.gov.uk,none
communicationcentre.dwp.gov.uk,gov.uk,Could not resolve host: communicationcentre.dwp.gov.uk,none
communities.gov.uk,gov.uk,301,none
communitypayback.cjsonline.gov.uk,gov.uk,Could not resolve host: communitypayback.cjsonline.gov.uk,none
companieshouse-online.hmrc.gov.uk,gov.uk,Could not resolve host: companieshouse-online.hmrc.gov.uk,none
compass.hertscc.gov.uk,gov.uk,Could not resolve host: compass.hertscc.gov.uk,none
conf.taysidefire.gov.uk,gov.uk,Connection timed out after 3002 milliseconds,none
conference.taysidefire.gov.uk,gov.uk,Failed to connect to conference.taysidefire.gov.uk port 443 after 2101 ms: Could not connect to server,none
conference.westyorksfire.gov.uk,gov.uk,Could not resolve host: conference.westyorksfire.gov.uk,none
confirm.bolton.gov.uk,gov.uk,Could not resolve host: confirm.bolton.gov.uk,none
confirm.derbyshire.gov.uk,gov.uk,302,none
confirm.redbridge.gov.uk,gov.uk,Could not resolve host: confirm.redbridge.gov.uk,none
confirm.telford.gov.uk,gov.uk,Could not resolve host: confirm.telford.gov.uk,none
congestioncharging.tfl.gov.uk,gov.uk,302,none
connect.allerdale.gov.uk,gov.uk,Could not resolve host: connect.allerdale.gov.uk,none
connect.angus.gov.uk,gov.uk,Could not resolve host: connect.angus.gov.uk,none
connect.derby.gov.uk,gov.uk,302,none
connect.dsfire.gov.uk,gov.uk,Could not resolve host: connect.dsfire.gov.uk,none
connect.dundeecity.gov.uk,gov.uk,Connection timed out after 3002 milliseconds,none
connect.eastleigh.gov.uk,gov.uk,Could not resolve host: connect.eastleigh.gov.uk,none
connect.gateshead.gov.uk,gov.uk,Could not resolve host: connect.gateshead.gov.uk,none
connect.haringey.gov.uk,gov.uk,Could not resolve host: connect.haringey.gov.uk,none
connect.hullcc.gov.uk,gov.uk,Could not resolve host: connect.hullcc.gov.uk,none
connect.manchesterfire.gov.uk,gov.uk,Could not resolve host: connect.manchesterfire.gov.uk,none
connect.norfolk.gov.uk,gov.uk,Could not resolve host: connect.norfolk.gov.uk,none
connect.plymouth.gov.uk,gov.uk,Connection timed out after 3002 milliseconds,none
connect.rctcbc.gov.uk,gov.uk,Could not resolve host: connect.rctcbc.gov.uk,none
connect.staffordshire.gov.uk,gov.uk,Could not resolve host: connect.staffordshire.gov.uk,none
connect.surreycc.gov.uk,gov.uk,302,none
connect.swale.gov.uk,gov.uk,Connection timed out after 3002 milliseconds,none
connect.tewkesbury.gov.uk,gov.uk,Could not resolve host: connect.tewkesbury.gov.uk,none
connect.threerivers.gov.uk,gov.uk,200,none
connect.ukti.gov.uk,gov.uk,Could not resolve host: connect.ukti.gov.uk,none
connect.watford.gov.uk,gov.uk,200,none
connect.waveney.gov.uk,gov.uk,Connection timed out after 3001 milliseconds,none
connect.westlancs.gov.uk,gov.uk,Connection timed out after 3002 milliseconds,none
connect.westlothian.gov.uk,gov.uk,Connection timed out after 3001 milliseconds,none
connect.westminster.gov.uk,gov.uk,Could not resolve host: connect.westminster.gov.uk,none
connect.wolverhampton.gov.uk,gov.uk,200,none
connect2.buckscc.gov.uk,gov.uk,Could not resolve host: connect2.buckscc.gov.uk,none
connect2.environment-agency.gov.uk,gov.uk,Could not resolve host: connect2.environment-agency.gov.uk,none
connect2.liverpool.gov.uk,gov.uk,Connection timed out after 3001 milliseconds,none
connect2.monitor-nhsft.gov.uk,gov.uk,Could not resolve host: connect2.monitor-nhsft.gov.uk,none
connect2.swindon.gov.uk,gov.uk,Could not resolve host: connect2.swindon.gov.uk,none
connecta.brent.gov.uk,gov.uk,Could not resolve host: connecta.brent.gov.uk,none
consult-cy.environment-agency.gov.uk,gov.uk,Could not resolve host: consult-cy.environment-agency.gov.uk,none
consult.environment-agency.gov.uk,gov.uk,Could not resolve host: consult.environment-agency.gov.uk,none
consult.herefordshire.gov.uk,gov.uk,Recv failure: Connexion ré-initialisée par le correspondant,10 mx0.herefordshire.gov.uk.; 0 mail.herefordshire.gov.uk.; 10 mx1.herefordshire.gov.uk.
consult.justice.gov.uk,gov.uk,200,none
consult.leeds.gov.uk,gov.uk,Could not resolve host: consult.leeds.gov.uk,none
consult.legalservices.gov.uk,gov.uk,Could not resolve host: consult.legalservices.gov.uk,none
consult.london.gov.uk,gov.uk,200,none
consult.northamptonshire.gov.uk,gov.uk,Could not resolve host: consult.northamptonshire.gov.uk,10 mail.hosting.inovem.com.
consult.scotland.gov.uk,gov.uk,301,none
consult.sheffield.gov.uk,gov.uk,Could not resolve host: consult.sheffield.gov.uk,none
consult.thanet.gov.uk,gov.uk,Could not resolve host: consult.thanet.gov.uk,none
consult.thurrock.gov.uk,gov.uk,200,none
consultation.colchester.gov.uk,gov.uk,Connection timed out after 3002 milliseconds,none
consultation.derbys-fire.gov.uk,gov.uk,Could not resolve host: consultation.derbys-fire.gov.uk,none
consultation.dft.gov.uk,gov.uk,Could not resolve host: consultation.dft.gov.uk,none
consultation.gateshead.gov.uk,gov.uk,Connection timed out after 3002 milliseconds,none
consultation.scottishboundaries.gov.uk,gov.uk,Could not resolve host: consultation.scottishboundaries.gov.uk,none
consultations.greenwich.gov.uk,gov.uk,Could not resolve host: consultations.greenwich.gov.uk,none
consultations.tfl.gov.uk,gov.uk,301,none
consultsheffield.sheffield.gov.uk,gov.uk,Could not resolve host: consultsheffield.sheffield.gov.uk,none
consumer-forms.direct.gov.uk,gov.uk,410,none
consumer-tools.direct.gov.uk,gov.uk,410,none
consumerdirect.gov.uk,gov.uk,Could not resolve host: consumerdirect.gov.uk,none
contact.camden.gov.uk,gov.uk,403,none
contactpoint.herefordshire.gov.uk,gov.uk,Could not resolve host: contactpoint.herefordshire.gov.uk,none
contacts.telford.gov.uk,gov.uk,Could not resolve host: contacts.telford.gov.uk,none
contender.lambeth.gov.uk,gov.uk,403,none
content.ukba.homeoffice.gov.uk,gov.uk,Could not resolve host: content.ukba.homeoffice.gov.uk,none
contracts.cabinetoffice.gov.uk,gov.uk,Connection timed out after 3002 milliseconds,none
contractsfinder.businesslink.gov.uk,gov.uk,Connection timed out after 3002 milliseconds,none
control-c.regulatorsdevelopment.hse.gov.uk,gov.uk,Connection timed out after 3001 milliseconds,none
copenhagen.southtyneside.gov.uk,gov.uk,404,none
copyright.ukho.gov.uk,gov.uk,Could not resolve host: copyright.ukho.gov.uk,none
corby.gov.uk,gov.uk,301,none
core.mhs.gov.uk,gov.uk,Could not resolve host: core.mhs.gov.uk,none
core.tameside.gov.uk,gov.uk,Connection timed out after 3002 milliseconds,none
coreapps.mhs.gov.uk,gov.uk,Could not resolve host: coreapps.mhs.gov.uk,none
cornwall.gov.uk,gov.uk,301,none
countybuildings.south-ayrshire.gov.uk,gov.uk,Could not resolve host: countybuildings.south-ayrshire.gov.uk,none
courtfines.direct.gov.uk,gov.uk,301,none
cpadapter.bury.gov.uk,gov.uk,Could not resolve host: cpadapter.bury.gov.uk,none
cpd.dcsf.gov.uk,gov.uk,Could not resolve host: cpd.dcsf.gov.uk,none
cpdproviders.bolton.gov.uk,gov.uk,Could not resolve host: cpdproviders.bolton.gov.uk,none
cpfr.bathnes.gov.uk,gov.uk,Could not resolve host: cpfr.bathnes.gov.uk,none
cpms.teachernet.gov.uk,gov.uk,Could not resolve host: cpms.teachernet.gov.uk,none
cra.monmouthshire.gov.uk,gov.uk,Connection timed out after 3002 milliseconds,none
crc.environment-agency.gov.uk,gov.uk,Could not resolve host: crc.environment-agency.gov.uk,none
crewing.cambsfire.gov.uk,gov.uk,200,none
critical.wychavon.gov.uk,gov.uk,Connection timed out after 3002 milliseconds,none
crm.coventry.gov.uk,gov.uk,Could not resolve host: crm.coventry.gov.uk,10 eu-smtp-inbound-psc-1.mimecast.com.; 10 eu-smtp-inbound-psc-2.mimecast.com.
crm.eastdevon.gov.uk,gov.uk,404,none
crm.uktradeinvest.gov.uk,gov.uk,Connection timed out after 3002 milliseconds,none
crmplatform.coventry.gov.uk,gov.uk,Could not resolve host: crmplatform.coventry.gov.uk,none
crmportal.gloucester.gov.uk,gov.uk,Could not resolve host: crmportal.gloucester.gov.uk,none
crux.wearvalley.gov.uk,gov.uk,Could not resolve host: crux.wearvalley.gov.uk,none
cryptocard.thurrock.gov.uk,gov.uk,Could not resolve host: cryptocard.thurrock.gov.uk,none
cryptshare.cornwall.gov.uk,gov.uk,Could not resolve host: cryptshare.cornwall.gov.uk,none
cs.havering.gov.uk,gov.uk,Connection timed out after 3002 milliseconds,none
cs.taysidefire.gov.uk,gov.uk,Connection timed out after 3002 milliseconds,none
csaccess.walthamforest.gov.uk,gov.uk,Could not resolve host: csaccess.walthamforest.gov.uk,none
csadmin.walthamforest.gov.uk,gov.uk,Could not resolve host: csadmin.walthamforest.gov.uk,none
csapps.norfolk.gov.uk,gov.uk,200,none
csc.calderdale.gov.uk,gov.uk,Could not resolve host: csc.calderdale.gov.uk,none
csc1.leics.gov.uk,gov.uk,Could not resolve host: csc1.leics.gov.uk,none
csdir01.lbwf.gov.uk,gov.uk,Could not resolve host: csdir01.lbwf.gov.uk,none
csdwm.kent.gov.uk,gov.uk,Could not resolve host: csdwm.kent.gov.uk,none
csedge.lbwf.gov.uk,gov.uk,Could not resolve host: csedge.lbwf.gov.uk,none
csepwin.tfl.gov.uk,gov.uk,Could not resolve host: csepwin.tfl.gov.uk,none
csforums.hartlepool.gov.uk,gov.uk,Could not resolve host: csforums.hartlepool.gov.uk,none
csg.chester.gov.uk,gov.uk,Could not resolve host: csg.chester.gov.uk,none
csg.havering.gov.uk,gov.uk,Connection timed out after 3002 milliseconds,none
csg.middlesbrough.gov.uk,gov.uk,Could not resolve host: csg.middlesbrough.gov.uk,none
csg.northyorks.gov.uk,gov.uk,Could not resolve host: csg.northyorks.gov.uk,none
csg.nwleics.gov.uk,gov.uk,Could not resolve host: csg.nwleics.gov.uk,none
csg.sheffield.gov.uk,gov.uk,Could not resolve host: csg.sheffield.gov.uk,none
csg.stoke.gov.uk,gov.uk,Could not resolve host: csg.stoke.gov.uk,none
csg.westdorset-dc.gov.uk,gov.uk,Could not resolve host: csg.westdorset-dc.gov.uk,none
csg1.wakefield.gov.uk,gov.uk,Could not resolve host: csg1.wakefield.gov.uk,none
csg2.wakefield.gov.uk,gov.uk,Could not resolve host: csg2.wakefield.gov.uk,none
csg3.ealing.gov.uk,gov.uk,Connection timed out after 3002 milliseconds,none
csmeet.walthamforest.gov.uk,gov.uk,Could not resolve host: csmeet.walthamforest.gov.uk,none
css-hx.gra.businesslink.gov.uk,gov.uk,Could not resolve host: css-hx.gra.businesslink.gov.uk,none
css.sevenoaks.gov.uk,gov.uk,Could not resolve host: css.sevenoaks.gov.uk,none
csweb01.walthamforest.gov.uk,gov.uk,Could not resolve host: csweb01.walthamforest.gov.uk,none
cswebconf.walthamforest.gov.uk,gov.uk,Could not resolve host: cswebconf.walthamforest.gov.uk,none
ctstatements.bristol.gov.uk,gov.uk,Could not resolve host: ctstatements.bristol.gov.uk,none
ctx.middevon.gov.uk,gov.uk,Could not resolve host: ctx.middevon.gov.uk,none
ctxgway.nuneatonandbedworth.gov.uk,gov.uk,Could not resolve host: ctxgway.nuneatonandbedworth.gov.uk,none
ctxnfuse1.nuneatonandbedworth.gov.uk,gov.uk,Could not resolve host: ctxnfuse1.nuneatonandbedworth.gov.uk,none
ctxweb.babergh.gov.uk,gov.uk,Could not resolve host: ctxweb.babergh.gov.uk,none
cumbria.gov.uk,gov.uk,302,20 cumbria-gov-uk.mail.protection.outlook.com.
custserv.tfl.gov.uk,gov.uk,Could not resolve host: custserv.tfl.gov.uk,none
cwa.argyll-bute.gov.uk,gov.uk,Could not resolve host: cwa.argyll-bute.gov.uk,none
cwa.salford.gov.uk,gov.uk,502,none
cwa.salford.gov.uk.salford.gov.uk,gov.uk,SSL: no alternative certificate subject name matches target hostname 'cwa.salford.gov.uk.salford.gov.uk',none
cwa.south-ayrshire.gov.uk,gov.uk,Could not resolve host: cwa.south-ayrshire.gov.uk,none
cwi.cityoflondon.gov.uk,gov.uk,Could not resolve host: cwi.cityoflondon.gov.uk,none
cwidr.cityoflondon.gov.uk,gov.uk,Could not resolve host: cwidr.cityoflondon.gov.uk,none
cx.bradford.gov.uk,gov.uk,Could not resolve host: cx.bradford.gov.uk,none
cxcag.bradford.gov.uk,gov.uk,Could not resolve host: cxcag.bradford.gov.uk,none
cxcag2.bradford.gov.uk,gov.uk,Could not resolve host: cxcag2.bradford.gov.uk,none
cymru.gov.uk,gov.uk,Connection timed out after 3003 milliseconds,none
cyngor2.gwynedd.gov.uk,gov.uk,Could not resolve host: cyngor2.gwynedd.gov.uk,none
cyp.halton.gov.uk,gov.uk,Could not resolve host: cyp.halton.gov.uk,none
cypu.dfes.gov.uk,gov.uk,Connection timed out after 3002 milliseconds,none
czone.eastsussex.gov.uk,gov.uk,200,none
da.basingstoke.gov.uk,gov.uk,Could not resolve host: da.basingstoke.gov.uk,none
da.havering.gov.uk,gov.uk,Could not resolve host: da.havering.gov.uk,none
da.manchester.gov.uk,gov.uk,Could not resolve host: da.manchester.gov.uk,none
da.swindon.gov.uk,gov.uk,Could not resolve host: da.swindon.gov.uk,none
da.wiltshire.gov.uk,gov.uk,Could not resolve host: da.wiltshire.gov.uk,none
dardni.gov.uk,gov.uk,Recv failure: Connexion ré-initialisée par le correspondant,none
darlington.gov.uk,gov.uk,302,none
dashboard.cabinetoffice.gov.uk,gov.uk,Connection timed out after 3002 milliseconds,none
data.education.gov.uk,gov.uk,Failed to connect to data.education.gov.uk port 443 after 155 ms: Could not connect to server,none
data2.dfes.gov.uk,gov.uk,Connection timed out after 3002 milliseconds,none
dataprovision.tda.gov.uk,gov.uk,Could not resolve host: dataprovision.tda.gov.uk,none
dataroom.bournemouth.gov.uk,gov.uk,Could not resolve host: dataroom.bournemouth.gov.uk,none
datauat.education.gov.uk,gov.uk,Failed to connect to datauat.education.gov.uk port 443 after 153 ms: Could not connect to server,none
db.cornwall.gov.uk,gov.uk,301,none
db.londoncareplacements.gov.uk,gov.uk,Could not resolve host: db.londoncareplacements.gov.uk,none
dbs-subscriber.homeoffice.gov.uk,gov.uk,Connection timed out after 3002 milliseconds,none
dccxpcnfuse.remote.derby.gov.uk,gov.uk,Could not resolve host: dccxpcnfuse.remote.derby.gov.uk,none
dcsfdata.dcsf.gov.uk,gov.uk,Could not resolve host: dcsfdata.dcsf.gov.uk,none
death-tellusonce.direct.gov.uk,gov.uk,Connection timed out after 3001 milliseconds,none
decc.gov.uk,gov.uk,SSL: no alternative certificate subject name matches target hostname 'decc.gov.uk',none
decisionmaking.wolverhampton.gov.uk,gov.uk,Connection timed out after 3002 milliseconds,none
declaration.uksport.gov.uk,gov.uk,Could not resolve host: declaration.uksport.gov.uk,none
decs.buyingsolutions.gov.uk,gov.uk,Could not resolve host: decs.buyingsolutions.gov.uk,none
defra.gov.uk,gov.uk,SSL: no alternative certificate subject name matches target hostname 'defra.gov.uk',none
defraconnect.defra.gov.uk,gov.uk,Could not resolve host: defraconnect.defra.gov.uk,none
democonsultation.coi.gov.uk,gov.uk,Could not resolve host: democonsultation.coi.gov.uk,none
democracy.brent.gov.uk,gov.uk,302,none
democracy.cheltenham.gov.uk,gov.uk,302,none
democracy.peterborough.gov.uk,gov.uk,403,none
democratic.warwickshire.gov.uk,gov.uk,Connection timed out after 3000 milliseconds,none
denbighshire.gov.uk,gov.uk,301,none
derbys-fire.gov.uk,gov.uk,301,0 derbysfire-gov-uk01e.mail.protection.outlook.com.
derbyshire.gov.uk,gov.uk,Could not resolve host: derbyshire.gov.uk,5 derbyshire-gov-uk.mail.protection.outlook.com.
desk.harrow.gov.uk,gov.uk,Could not resolve host: desk.harrow.gov.uk,none
desktop.edinburgh.gov.uk,gov.uk,Could not resolve host: desktop.edinburgh.gov.uk,none
desktop.harrow.gov.uk,gov.uk,Could not resolve host: desktop.harrow.gov.uk,none
desktop.lambeth.gov.uk,gov.uk,Connection timed out after 3002 milliseconds,none
dev.nfi.gov.uk,gov.uk,Connection timed out after 3002 milliseconds,none
dev.york.gov.uk,gov.uk,403,none
devapps.uttlesford.gov.uk,gov.uk,Connection timed out after 3001 milliseconds,none
devonline.gov.uk,gov.uk,Could not resolve host: devonline.gov.uk,none
dhreportserver.dh.gov.uk,gov.uk,Could not resolve host: dhreportserver.dh.gov.uk,none
dialin.audit-scotland.gov.uk,gov.uk,Could not resolve host: dialin.audit-scotland.gov.uk,none
dialin.buckscc.gov.uk,gov.uk,Could not resolve host: dialin.buckscc.gov.uk,none
dialin.chichester.gov.uk,gov.uk,Could not resolve host: dialin.chichester.gov.uk,none
dialin.firescotland.gov.uk,gov.uk,Could not resolve host: dialin.firescotland.gov.uk,none
dialin.gmpa.gov.uk,gov.uk,Could not resolve host: dialin.gmpa.gov.uk,none
dialin.halton.gov.uk,gov.uk,Could not resolve host: dialin.halton.gov.uk,none
dialin.havering.gov.uk,gov.uk,Could not resolve host: dialin.havering.gov.uk,none
dialin.ofsted.gov.uk,gov.uk,Could not resolve host: dialin.ofsted.gov.uk,none
dialin.salford.gov.uk,gov.uk,Could not resolve host: dialin.salford.gov.uk,none
dialin.spin.sps.gov.uk,gov.uk,Could not resolve host: dialin.spin.sps.gov.uk,none
dialin.staffordbc.gov.uk,gov.uk,Could not resolve host: dialin.staffordbc.gov.uk,none
dialin.westyorksfire.gov.uk,gov.uk,Could not resolve host: dialin.westyorksfire.gov.uk,none
digitv.gov.uk,gov.uk,Could not resolve host: digitv.gov.uk,none
diogel.siryfflint.gov.uk,gov.uk,Resolving timed out after 3000 milliseconds,none
direct.companieshouse.gov.uk,gov.uk,Could not resolve host: direct.companieshouse.gov.uk,none
direct.gov.uk,gov.uk,SSL: no alternative certificate subject name matches target hostname 'direct.gov.uk',none
directgov-cis.online.hmrc.gov.uk,gov.uk,Could not resolve host: directgov-cis.online.hmrc.gov.uk,none
directgov-customs.hmrc.gov.uk,gov.uk,Could not resolve host: directgov-customs.hmrc.gov.uk,none
directgov-online.hmrc.gov.uk,gov.uk,Could not resolve host: directgov-online.hmrc.gov.uk,none
directgov-paye.online.hmrc.gov.uk,gov.uk,Could not resolve host: directgov-paye.online.hmrc.gov.uk,none
directgov-st.online.hmrc.gov.uk,gov.uk,Could not resolve host: directgov-st.online.hmrc.gov.uk,none
directory.warwickshire.gov.uk,gov.uk,302,none
dirweb.ofsted.gov.uk,gov.uk,Could not resolve host: dirweb.ofsted.gov.uk,none
dirwebfarm01.nottscc.gov.uk,gov.uk,Connection timed out after 3002 milliseconds,none
disclosure.copfs.gov.uk,gov.uk,Connection timed out after 3002 milliseconds,none
dlcu.homeoffice.gov.uk,gov.uk,Could not resolve host: dlcu.homeoffice.gov.uk,none
dleu.drugs.gov.uk,gov.uk,Could not resolve host: dleu.drugs.gov.uk,none
dleuadmin.drugs.gov.uk,gov.uk,Could not resolve host: dleuadmin.drugs.gov.uk,none
dmt-login.dwp.gov.uk,gov.uk,Could not resolve host: dmt-login.dwp.gov.uk,none
dmzedgs001.havering.gov.uk,gov.uk,Could not resolve host: dmzedgs001.havering.gov.uk,none
dnpmail.dartmoor-npa.gov.uk,gov.uk,Could not resolve host: dnpmail.dartmoor-npa.gov.uk,none
dnpmail.dartmoor.gov.uk,gov.uk,Could not resolve host: dnpmail.dartmoor.gov.uk,none
docs.gateway.gov.uk,gov.uk,Could not resolve host: docs.gateway.gov.uk,none
doitonline.midsussex.gov.uk,gov.uk,Could not resolve host: doitonline.midsussex.gov.uk,none
dolly.wigan.gov.uk,gov.uk,Could not resolve host: dolly.wigan.gov.uk,none
domweb.renfrewshire.gov.uk,gov.uk,Could not resolve host: domweb.renfrewshire.gov.uk,none
doncaster.gov.uk,gov.uk,301,0 doncaster-gov-uk.mail.protection.outlook.com.
dotgovlabs.direct.gov.uk,gov.uk,410,none
download.cwa.salford.gov.uk,gov.uk,Could not resolve host: download.cwa.salford.gov.uk,none
dpsprojects.kirklees.gov.uk,gov.uk,Could not resolve host: dpsprojects.kirklees.gov.uk,none
drain.london.gov.uk,gov.uk,Could not resolve host: drain.london.gov.uk,none
drexcaw2k31.nottinghamcity.gov.uk,gov.uk,Could not resolve host: drexcaw2k31.nottinghamcity.gov.uk,none
drhtsw2k31.nottinghamcity.gov.uk,gov.uk,Could not resolve host: drhtsw2k31.nottinghamcity.gov.uk,none
driverpracticaltest.direct.gov.uk,gov.uk,301,none
drs.justice.gov.uk,gov.uk,Could not resolve host: drs.justice.gov.uk,none
drsslvpn.standardsforengland.gov.uk,gov.uk,Could not resolve host: drsslvpn.standardsforengland.gov.uk,none
dsa.dft.gov.uk,gov.uk,Could not resolve host: dsa.dft.gov.uk,none
dsa.transportoffice.gov.uk,gov.uk,Could not resolve host: dsa.transportoffice.gov.uk,none
dsda.walsall.gov.uk,gov.uk,Could not resolve host: dsda.walsall.gov.uk,none
dsfire.gov.uk,gov.uk,301,none
dso.uktradeinvest.gov.uk,gov.uk,Connection timed out after 3002 milliseconds,none
dudley.gov.uk,gov.uk,301,none
durham.gov.uk,gov.uk,200,none
dv1.devon.gov.uk,gov.uk,Could not resolve host: dv1.devon.gov.uk,none
dvlaonline.dft.gov.uk,gov.uk,SSL certificate problem: unable to get local issuer certificate,none
e-library.eastsussex.gov.uk,gov.uk,Could not resolve host: e-library.eastsussex.gov.uk,none
e-services.eastherts.gov.uk,gov.uk,Resolving timed out after 3000 milliseconds,none
e1.stockport.gov.uk,gov.uk,Could not resolve host: e1.stockport.gov.uk,none
ea.fsa.gov.uk,gov.uk,Could not resolve host: ea.fsa.gov.uk,none
ealing.gov.uk,gov.uk,Connection timed out after 3003 milliseconds,none
eas-pilot1-authentication.gateway.gov.uk,gov.uk,Could not resolve host: eas-pilot1-authentication.gateway.gov.uk,none
eas.warrington.gov.uk,gov.uk,Could not resolve host: eas.warrington.gov.uk,none
easowa.blackpool.gov.uk,gov.uk,Could not resolve host: easowa.blackpool.gov.uk,none
eastdevon.gov.uk,gov.uk,Connection timed out after 3002 milliseconds,none
eastdunbarton.gov.uk,gov.uk,Could not resolve host: eastdunbarton.gov.uk,none
easthants.gov.uk,gov.uk,301,none
eastlothian.gov.uk,gov.uk,301,none
eastmidlandsfire-recruitment.gov.uk,gov.uk,Could not resolve host: eastmidlandsfire-recruitment.gov.uk,none
eastrenfrewshire.gov.uk,gov.uk,403,0 eastrenfrewshire-gov-uk.mail.protection.outlook.com.
eastriding.gov.uk,gov.uk,301,none
eaststaffsbc.gov.uk,gov.uk,Connection timed out after 3002 milliseconds,none
easylink.westsomerset.gov.uk,gov.uk,Could not resolve host: easylink.westsomerset.gov.uk,none
easytide.ukho.gov.uk,gov.uk,301,none
ebcremote.elmbridge.gov.uk,gov.uk,Could not resolve host: ebcremote.elmbridge.gov.uk,none
ebcvpn.elmbridge.gov.uk,gov.uk,Could not resolve host: ebcvpn.elmbridge.gov.uk,none
ebenefits.cambridge.gov.uk,gov.uk,Connection timed out after 3002 milliseconds,none
ebenefits.north-herts.gov.uk,gov.uk,Could not resolve host: ebenefits.north-herts.gov.uk,none
ebenefits.rotherham.gov.uk,gov.uk,Could not resolve host: ebenefits.rotherham.gov.uk,none
ebill.bathnes.gov.uk,gov.uk,Could not resolve host: ebill.bathnes.gov.uk,none
ebill.rushmoor.gov.uk,gov.uk,Could not resolve host: ebill.rushmoor.gov.uk,none
ebill.tandridge.gov.uk,gov.uk,Could not resolve host: ebill.tandridge.gov.uk,none
ebilling.aylesburyvaledc.gov.uk,gov.uk,Could not resolve host: ebilling.aylesburyvaledc.gov.uk,none
ebilling.companieshouse.gov.uk,gov.uk,Could not resolve host: ebilling.companieshouse.gov.uk,none
ebiz.bolton.gov.uk,gov.uk,Connection timed out after 3002 milliseconds,none
ebooking.horsham.gov.uk,gov.uk,Could not resolve host: ebooking.horsham.gov.uk,none
ebooking.north-dorset.gov.uk,gov.uk,Could not resolve host: ebooking.north-dorset.gov.uk,none
ebookings.surreycc.gov.uk,gov.uk,Could not resolve host: ebookings.surreycc.gov.uk,none
ebr.companieshouse.gov.uk,gov.uk,Could not resolve host: ebr.companieshouse.gov.uk,none
ebusiness.horsham.gov.uk,gov.uk,Connection timed out after 3002 milliseconds,none
ebusiness.lbbd.gov.uk,gov.uk,Could not resolve host: ebusiness.lbbd.gov.uk,none
ebusiness.voa.gov.uk,gov.uk,302,none
ecaf-live.redbridge.gov.uk,gov.uk,Could not resolve host: ecaf-live.redbridge.gov.uk,none
ecaf-train.redbridge.gov.uk,gov.uk,Could not resolve host: ecaf-train.redbridge.gov.uk,none
ecaf.dudley.gov.uk,gov.uk,Could not resolve host: ecaf.dudley.gov.uk,none
ecaf.halton.gov.uk,gov.uk,Could not resolve host: ecaf.halton.gov.uk,none
ecaf.reading.gov.uk,gov.uk,Could not resolve host: ecaf.reading.gov.uk,none
ecaf.slough.gov.uk,gov.uk,Connection timed out after 3002 milliseconds,none
ecaf.sthelens.gov.uk,gov.uk,302,none
ecaflive.n-somerset.gov.uk,gov.uk,Could not resolve host: ecaflive.n-somerset.gov.uk,none
ecitizen.bexley.gov.uk,gov.uk,Connection timed out after 3002 milliseconds,none
ecitizen.chorley.gov.uk,gov.uk,Operation timed out after 3001 milliseconds with 0 bytes received,none
ecloud.education.gov.uk,gov.uk,Could not resolve host: ecloud.education.gov.uk,none
econnect.walsall.gov.uk,gov.uk,Could not resolve host: econnect.walsall.gov.uk,none
econsultation.decc.gov.uk,gov.uk,Could not resolve host: econsultation.decc.gov.uk,none
econsultation.planningportal.gov.uk,gov.uk,Could not resolve host: econsultation.planningportal.gov.uk,none
ecw.hmrc.gov.uk,gov.uk,302,none
edenmail.eden.gov.uk,gov.uk,Could not resolve host: edenmail.eden.gov.uk,none
edge-ext.taysidefire.gov.uk,gov.uk,Failed to connect to edge-ext.taysidefire.gov.uk port 443 after 1085 ms: Could not connect to server,none
edge.cityoflondon.gov.uk,gov.uk,Could not resolve host: edge.cityoflondon.gov.uk,none
edge.corpoflondon.gov.uk,gov.uk,Could not resolve host: edge.corpoflondon.gov.uk,none
edge.hfea.gov.uk,gov.uk,Could not resolve host: edge.hfea.gov.uk,none
ednet.liverpool.gov.uk,gov.uk,Connection timed out after 3002 milliseconds,none
edon.businesslink.gov.uk,gov.uk,301,none
edrs.lsc.gov.uk,gov.uk,Could not resolve host: edrs.lsc.gov.uk,none
edu-cas.argyll-bute.gov.uk,gov.uk,Resolving timed out after 3000 milliseconds,none
edu-fs.argyll-bute.gov.uk,gov.uk,Connection timed out after 3001 milliseconds,none
educas1.education.doncaster.gov.uk,gov.uk,Could not resolve host: educas1.education.doncaster.gov.uk,none
educas2.education.doncaster.gov.uk,gov.uk,Could not resolve host: educas2.education.doncaster.gov.uk,none
education.barnsley.gov.uk,gov.uk,Could not resolve host: education.barnsley.gov.uk,none
education.doncaster.gov.uk,gov.uk,Could not resolve host: education.doncaster.gov.uk,none
education.gov.uk,gov.uk,301,10 education-gov-uk.mail.protection.outlook.com.
education.staffordshire.gov.uk,gov.uk,Connection timed out after 3002 milliseconds,none
educationalvisits.essexcc.gov.uk,gov.uk,Could not resolve host: educationalvisits.essexcc.gov.uk,none
educnet.gloucestershire.gov.uk,gov.uk,200,none
eduinfo.croydon.gov.uk,gov.uk,Could not resolve host: eduinfo.croydon.gov.uk,none
edulidp01.hants.gov.uk,gov.uk,Could not resolve host: edulidp01.hants.gov.uk,none
edulive.blaenau-gwent.gov.uk,gov.uk,Connection timed out after 3002 milliseconds,none
eduonline.southwark.gov.uk,gov.uk,Connection timed out after 3002 milliseconds,none
eduweb.northamptonshire.gov.uk,gov.uk,Could not resolve host: eduweb.northamptonshire.gov.uk,none
eduwight.iow.gov.uk,gov.uk,Could not resolve host: eduwight.iow.gov.uk,none
eforms.barnet.gov.uk,gov.uk,Could not resolve host: eforms.barnet.gov.uk,none
eforms.carlisle.gov.uk,gov.uk,SSL: no alternative certificate subject name matches target hostname 'eforms.carlisle.gov.uk',none
eforms.chichester.gov.uk,gov.uk,Could not resolve host: eforms.chichester.gov.uk,none
eforms.crawley.gov.uk,gov.uk,Could not resolve host: eforms.crawley.gov.uk,none
eforms.eastcambs.gov.uk,gov.uk,Could not resolve host: eforms.eastcambs.gov.uk,none
eforms.eden.gov.uk,gov.uk,SSL certificate problem: unable to get local issuer certificate,none
eforms.greenwich.gov.uk,gov.uk,Could not resolve host: eforms.greenwich.gov.uk,none
eforms.hambleton.gov.uk,gov.uk,Could not resolve host: eforms.hambleton.gov.uk,none
eforms.highland.gov.uk,gov.uk,Connection timed out after 3002 milliseconds,none
eforms.hounslow.gov.uk,gov.uk,307,none
eforms.lancashire.gov.uk,gov.uk,Could not resolve host: eforms.lancashire.gov.uk,none
eforms.legalservices.gov.uk,gov.uk,Could not resolve host: eforms.legalservices.gov.uk,none
eforms.lincolnshire.gov.uk,gov.uk,Connection timed out after 3002 milliseconds,none
eforms.scotborders.gov.uk,gov.uk,Could not resolve host: eforms.scotborders.gov.uk,none
eforms.secure.haringey.gov.uk,gov.uk,404,none
eforms.southwark.gov.uk,gov.uk,Could not resolve host: eforms.southwark.gov.uk,none
eforms.stedmundsbury.gov.uk,gov.uk,Could not resolve host: eforms.stedmundsbury.gov.uk,none
eforms.stevenage.gov.uk,gov.uk,Connection timed out after 3002 milliseconds,none
eforms.teignbridge.gov.uk,gov.uk,Connection timed out after 3002 milliseconds,none
eforms.westlothian.gov.uk,gov.uk,Could not resolve host: eforms.westlothian.gov.uk,none
eforms.woking.gov.uk,gov.uk,Could not resolve host: eforms.woking.gov.uk,none
efs.environment-agency.gov.uk,gov.uk,Could not resolve host: efs.environment-agency.gov.uk,none
eft.enfield.gov.uk,gov.uk,Connection timed out after 3002 milliseconds,none
egft.brent.gov.uk,gov.uk,Could not resolve host: egft.brent.gov.uk,none
ehasdocs.cornwall.gov.uk,gov.uk,Could not resolve host: ehasdocs.cornwall.gov.uk,none
ehcb.westminster.gov.uk,gov.uk,Connection timed out after 3002 milliseconds,none
ehcs.statistics.gov.uk,gov.uk,Could not resolve host: ehcs.statistics.gov.uk,none
ehdcmeetings.eastherts.gov.uk,gov.uk,Could not resolve host: ehdcmeetings.eastherts.gov.uk,none
ekhr.selfservice.dover.gov.uk,gov.uk,Connection timed out after 3001 milliseconds,none
elearning.metoffice.gov.uk,gov.uk,Connection timed out after 3002 milliseconds,none
elearningregistration.salford.gov.uk,gov.uk,Could not resolve host: elearningregistration.salford.gov.uk,none
elibrary.harrow.gov.uk,gov.uk,Could not resolve host: elibrary.harrow.gov.uk,none
elmbridge.gov.uk,gov.uk,403,none
elms.businesslink.gov.uk,gov.uk,Could not resolve host: elms.businesslink.gov.uk,none
email.bexley.gov.uk,gov.uk,Connection timed out after 3002 milliseconds,none
email.breckland.gov.uk,gov.uk,Connection timed out after 3002 milliseconds,none
email.brent.gov.uk,gov.uk,Could not resolve host: email.brent.gov.uk,none
email.dpm.cabinetoffice.gov.uk,gov.uk,Failed to connect to email.dpm.cabinetoffice.gov.uk port 443 after 119 ms: Could not connect to server,none
email.havant.gov.uk,gov.uk,Could not resolve host: email.havant.gov.uk,none
email.ipswich.gov.uk,gov.uk,Connection timed out after 3002 milliseconds,none
email.leics.gov.uk,gov.uk,Failed to connect to email.leics.gov.uk port 443 after 173 ms: Could not connect to server,none
email.midbeds.gov.uk,gov.uk,Could not resolve host: email.midbeds.gov.uk,none
email.nottscc.gov.uk,gov.uk,Recv failure: Connexion ré-initialisée par le correspondant,none
email.number10.gov.uk,gov.uk,SSL: no alternative certificate subject name matches target hostname 'email.number10.gov.uk',none
email.nwleicestershire.gov.uk,gov.uk,302,none
email.surreyheath.gov.uk,gov.uk,302,none
email.winchester.gov.uk,gov.uk,Connection timed out after 3002 milliseconds,none
email.wrexham.gov.uk,gov.uk,Could not resolve host: email.wrexham.gov.uk,none
email2.surreyheath.gov.uk,gov.uk,Could not resolve host: email2.surreyheath.gov.uk,none
emaildvla.direct.gov.uk,gov.uk,Could not resolve host: emaildvla.direct.gov.uk,none
emcouncils.gov.uk,gov.uk,301,none
emerge.essexcc.gov.uk,gov.uk,Could not resolve host: emerge.essexcc.gov.uk,none
emm.dudley.gov.uk,gov.uk,Could not resolve host: emm.dudley.gov.uk,none
employees.mhs.gov.uk,gov.uk,Could not resolve host: employees.mhs.gov.uk,none
ems.bexley.gov.uk,gov.uk,404,none
ems.bolton.gov.uk,gov.uk,200,none
ems.bromley.gov.uk,gov.uk,504,none
ems.calderdale.gov.uk,gov.uk,403,none
ems.croydon.gov.uk,gov.uk,Connection timed out after 3002 milliseconds,none
ems.durham.gov.uk,gov.uk,TLS connect error: error:0A000126:SSL routines::unexpected eof while reading,none
ems.leicester.gov.uk,gov.uk,Could not resolve host: ems.leicester.gov.uk,none
ems.northlincs.gov.uk,gov.uk,"OpenSSL SSL_read: OpenSSL/3.5.3: error:0A000126:SSL routines::unexpected eof while reading, errno 0",none
ems.nottinghamcity.gov.uk,gov.uk,200,none
ems.rochdale.gov.uk,gov.uk,Could not resolve host: ems.rochdale.gov.uk,none
ems.rutland.gov.uk,gov.uk,Could not resolve host: ems.rutland.gov.uk,none
ems.southampton.gov.uk,gov.uk,200,none
ems.staffordshire.gov.uk,gov.uk,502,none
ems.swansea.gov.uk,gov.uk,Could not resolve host: ems.swansea.gov.uk,none
ems.swindon.gov.uk,gov.uk,Could not resolve host: ems.swindon.gov.uk,none
ems.wandsworth.gov.uk,gov.uk,Connection timed out after 3002 milliseconds,none
ems.westberks.gov.uk,gov.uk,502,none
ems.westminster.gov.uk,gov.uk,Connection timed out after 3002 milliseconds,none
ems.wiganmbc.gov.uk,gov.uk,403,none
emsgov.birmingham.gov.uk,gov.uk,Connection timed out after 3001 milliseconds,none
emsi.cornwall.gov.uk,gov.uk,Connection timed out after 3002 milliseconds,none
emsi.sthelens.gov.uk,gov.uk,Connection timed out after 3002 milliseconds,none
emsi.worcestershire.gov.uk,gov.uk,200,none
emsonline.blackpool.gov.uk,gov.uk,403,none
emsonline.buckscc.gov.uk,gov.uk,Could not resolve host: emsonline.buckscc.gov.uk,none
emsonline.eastriding.gov.uk,gov.uk,200,none
emsonline.essexcc.gov.uk,gov.uk,Could not resolve host: emsonline.essexcc.gov.uk,none
emsonline.gloucestershire.gov.uk,gov.uk,200,none
emsonline.hartlepool.gov.uk,gov.uk,Could not resolve host: emsonline.hartlepool.gov.uk,none
emsonline.hullcc.gov.uk,gov.uk,Connection timed out after 3002 milliseconds,none
emsonline.iow.gov.uk,gov.uk,307,none
emsonline.kent.gov.uk,gov.uk,Connection timed out after 3002 milliseconds,none
emsonline.leics.gov.uk,gov.uk,Could not resolve host: emsonline.leics.gov.uk,none
emsonline.liverpool.gov.uk,gov.uk,200,none
emsonline.luton.gov.uk,gov.uk,307,none
emsonline.nelincs.gov.uk,gov.uk,Could not resolve host: emsonline.nelincs.gov.uk,none
emsonline.nottscc.gov.uk,gov.uk,Recv failure: Connexion ré-initialisée par le correspondant,none
emsonline.somerset.gov.uk,gov.uk,403,none
emsonline.stockton.gov.uk,gov.uk,Could not resolve host: emsonline.stockton.gov.uk,none
emss.leics.gov.uk,gov.uk,Could not resolve host: emss.leics.gov.uk,none
emyr.dataunitwales.gov.uk,gov.uk,Connection timed out after 3001 milliseconds,none
enable.eastsussex.gov.uk,gov.uk,Connection timed out after 3002 milliseconds,none
engage.hm-treasury.gov.uk,gov.uk,Could not resolve host: engage.hm-treasury.gov.uk,none
engage.traintogain.gov.uk,gov.uk,Could not resolve host: engage.traintogain.gov.uk,none
enrol.bournemouth.gov.uk,gov.uk,Could not resolve host: enrol.bournemouth.gov.uk,none
enrol.herefordshire.gov.uk,gov.uk,Connection timed out after 3002 milliseconds,none
enrol.kirklees.gov.uk,gov.uk,Could not resolve host: enrol.kirklees.gov.uk,none
enrol.norfolk.gov.uk,gov.uk,Could not resolve host: enrol.norfolk.gov.uk,none
enrol.stockton.gov.uk,gov.uk,Operation timed out after 3001 milliseconds with 0 bytes received,none
environment-agency.gov.uk,gov.uk,Recv failure: Connexion ré-initialisée par le correspondant,0 environmentagency-gov-uk02i.mail.protection.outlook.com.
environment.greenwich.gov.uk,gov.uk,Could not resolve host: environment.greenwich.gov.uk,none
epay.cannockchasedc.gov.uk,gov.uk,Could not resolve host: epay.cannockchasedc.gov.uk,none
epay.carlisle.gov.uk,gov.uk,SSL: no alternative certificate subject name matches target hostname 'epay.carlisle.gov.uk',none
epay.ealing.gov.uk,gov.uk,Could not resolve host: epay.ealing.gov.uk,none
epay.lichfielddc.gov.uk,gov.uk,Could not resolve host: epay.lichfielddc.gov.uk,none
epay.newcastle-staffs.gov.uk,gov.uk,Could not resolve host: epay.newcastle-staffs.gov.uk,none
epay.southwark.gov.uk,gov.uk,Could not resolve host: epay.southwark.gov.uk,none
epay.staffordshire.gov.uk,gov.uk,Could not resolve host: epay.staffordshire.gov.uk,none
epay.staffsmoorlands.gov.uk,gov.uk,Connection timed out after 3002 milliseconds,none
epayments.aylesburyvaledc.gov.uk,gov.uk,Could not resolve host: epayments.aylesburyvaledc.gov.uk,none
epayments.conwy.gov.uk,gov.uk,Could not resolve host: epayments.conwy.gov.uk,none
epayments.greenwich.gov.uk,gov.uk,Could not resolve host: epayments.greenwich.gov.uk,none
epayments.hambleton.gov.uk,gov.uk,Could not resolve host: epayments.hambleton.gov.uk,none
epayments.ipswich.gov.uk,gov.uk,200,none
epayments.lancashire.gov.uk,gov.uk,Could not resolve host: epayments.lancashire.gov.uk,none
epayments.leics.gov.uk,gov.uk,Could not resolve host: epayments.leics.gov.uk,none
epayments.mendip.gov.uk,gov.uk,Could not resolve host: epayments.mendip.gov.uk,none
epayments.rushcliffe.gov.uk,gov.uk,Could not resolve host: epayments.rushcliffe.gov.uk,none
epayments.west-dunbarton.gov.uk,gov.uk,Could not resolve host: epayments.west-dunbarton.gov.uk,none
epayroll.essex.gov.uk,gov.uk,Could not resolve host: epayroll.essex.gov.uk,none
epayrolltest.essex.gov.uk,gov.uk,Connection timed out after 3002 milliseconds,none
epep.hullcc.gov.uk,gov.uk,Connection timed out after 3002 milliseconds,none
epep.lincolnshire.gov.uk,gov.uk,Connection timed out after 3002 milliseconds,none
epm.ofgem.gov.uk,gov.uk,Could not resolve host: epm.ofgem.gov.uk,8 ofgem-gov-uk.mail.protection.outlook.com.
eprocurement.tfl.gov.uk,gov.uk,Connection timed out after 3002 milliseconds,none
epublic.carlisle.gov.uk,gov.uk,Could not resolve host: epublic.carlisle.gov.uk,none
equipment.staffordshire.gov.uk,gov.uk,Could not resolve host: equipment.staffordshire.gov.uk,none
ercselfservice.eastrenfrewshire.gov.uk,gov.uk,Could not resolve host: ercselfservice.eastrenfrewshire.gov.uk,none
erdf.communities.gov.uk,gov.uk,Could not resolve host: erdf.communities.gov.uk,none
ereceipts.scotborders.gov.uk,gov.uk,Could not resolve host: ereceipts.scotborders.gov.uk,none
ereg.lrni.gov.uk,gov.uk,Could not resolve host: ereg.lrni.gov.uk,none
ereturns.staffordshire.gov.uk,gov.uk,Could not resolve host: ereturns.staffordshire.gov.uk,none
ericom.education.doncaster.gov.uk,gov.uk,Could not resolve host: ericom.education.doncaster.gov.uk,none
eryrimail.eryri-npa.gov.uk,gov.uk,Could not resolve host: eryrimail.eryri-npa.gov.uk,none
esap.sthelens.gov.uk,gov.uk,Could not resolve host: esap.sthelens.gov.uk,none
esd.dwp.gov.uk,gov.uk,Could not resolve host: esd.dwp.gov.uk,none
esd.leics.gov.uk,gov.uk,Could not resolve host: esd.leics.gov.uk,none
eserv.rushcliffe.gov.uk,gov.uk,Could not resolve host: eserv.rushcliffe.gov.uk,none
eservice.rushcliffe.gov.uk,gov.uk,Could not resolve host: eservice.rushcliffe.gov.uk,none
eservices.hinckley-bosworth.gov.uk,gov.uk,404,none
eservices.ruralni.gov.uk,gov.uk,Could not resolve host: eservices.ruralni.gov.uk,none
eservices1.bradford.gov.uk,gov.uk,Could not resolve host: eservices1.bradford.gov.uk,none
esi.essexcc.gov.uk,gov.uk,Could not resolve host: esi.essexcc.gov.uk,none
esi2calculator.hmrc.gov.uk,gov.uk,SSL: no alternative certificate subject name matches target hostname 'esi2calculator.hmrc.gov.uk',none
esourcing.justice.gov.uk,gov.uk,Connection timed out after 3002 milliseconds,none
esp.bookings.merton.gov.uk,gov.uk,Resolving timed out after 3001 milliseconds,none
esp.stirling.gov.uk,gov.uk,Could not resolve host: esp.stirling.gov.uk,none
esrvs.north-herts.gov.uk,gov.uk,Could not resolve host: esrvs.north-herts.gov.uk,none
estart.barnet.gov.uk,gov.uk,Connection timed out after 3002 milliseconds,none
estart.dudley.gov.uk,gov.uk,Could not resolve host: estart.dudley.gov.uk,none
estart.nottscc.gov.uk,gov.uk,Recv failure: Connexion ré-initialisée par le correspondant,none
estart.portsmouth.gov.uk,gov.uk,Connection timed out after 3003 milliseconds,none
estart.shropshire.gov.uk,gov.uk,Could not resolve host: estart.shropshire.gov.uk,none
estart.wokingham.gov.uk,gov.uk,Could not resolve host: estart.wokingham.gov.uk,none
estarttraining.dudley.gov.uk,gov.uk,Could not resolve host: estarttraining.dudley.gov.uk,none
estates.warwickdc.gov.uk,gov.uk,404,none
etendering.barnet.gov.uk,gov.uk,Could not resolve host: etendering.barnet.gov.uk,none
etl.decc.gov.uk,gov.uk,Connection timed out after 3002 milliseconds,none
eud.hants.gov.uk,gov.uk,Connection timed out after 3002 milliseconds,none
euets.environment-agency.gov.uk,gov.uk,Could not resolve host: euets.environment-agency.gov.uk,none
evapp.fco.gov.uk,gov.uk,Connection timed out after 3002 milliseconds,none
events.business.wales.gov.uk,gov.uk,Could not resolve host: events.business.wales.gov.uk,none
events.businesslink.gov.uk,gov.uk,301,none
events.cpni.gov.uk,gov.uk,Could not resolve host: events.cpni.gov.uk,none
evolution.sia.homeoffice.gov.uk,gov.uk,Could not resolve host: evolution.sia.homeoffice.gov.uk,none
ewf.companieshouse.gov.uk,gov.uk,302,none
ex-hubcas-had.eastlothian.gov.uk,gov.uk,Could not resolve host: ex-hubcas-had.eastlothian.gov.uk,none
ex-hubcas-mac.eastlothian.gov.uk,gov.uk,Could not resolve host: ex-hubcas-mac.eastlothian.gov.uk,none
ex01.fdean.gov.uk,gov.uk,Could not resolve host: ex01.fdean.gov.uk,none
ex03.fdean.gov.uk,gov.uk,Could not resolve host: ex03.fdean.gov.uk,none
exca-nlb-01.south-ayrshire.gov.uk,gov.uk,Could not resolve host: exca-nlb-01.south-ayrshire.gov.uk,none
exch-cas1.ad.torridge.gov.uk,gov.uk,Could not resolve host: exch-cas1.ad.torridge.gov.uk,none
exch.derbys-fire.gov.uk,gov.uk,Could not resolve host: exch.derbys-fire.gov.uk,none
exch01.derbys-fire.gov.uk,gov.uk,Could not resolve host: exch01.derbys-fire.gov.uk,none
exch02.derbys-fire.gov.uk,gov.uk,Could not resolve host: exch02.derbys-fire.gov.uk,none
exch2010cass1.ceredigion.gov.uk,gov.uk,Could not resolve host: exch2010cass1.ceredigion.gov.uk,none
exchange.derbys-fire.gov.uk,gov.uk,Resolving timed out after 3000 milliseconds,none
exchange.durham.gov.uk,gov.uk,Could not resolve host: exchange.durham.gov.uk,none
exchange.gravesham.gov.uk,gov.uk,Connection timed out after 3002 milliseconds,none
exchange.malvernhills.gov.uk,gov.uk,Connection timed out after 3002 milliseconds,none
exchange.nalc.gov.uk,gov.uk,Could not resolve host: exchange.nalc.gov.uk,none
exchange.thepensionsregulator.gov.uk,gov.uk,302,none
exchange1.derbys-fire.gov.uk,gov.uk,Could not resolve host: exchange1.derbys-fire.gov.uk,none
exchange2.derbys-fire.gov.uk,gov.uk,Could not resolve host: exchange2.derbys-fire.gov.uk,none
exchange2k7.malvernhills.gov.uk,gov.uk,Could not resolve host: exchange2k7.malvernhills.gov.uk,none
exchange3.derbys-fire.gov.uk,gov.uk,Could not resolve host: exchange3.derbys-fire.gov.uk,none
exchangedelegation.westminster.gov.uk,gov.uk,Could not resolve host: exchangedelegation.westminster.gov.uk,none
exchsrv.east-northamptonshire.gov.uk,gov.uk,Could not resolve host: exchsrv.east-northamptonshire.gov.uk,none
exhu-srv-01.south-ayrshire.gov.uk,gov.uk,Could not resolve host: exhu-srv-01.south-ayrshire.gov.uk,none
exhu-srv-02.south-ayrshire.gov.uk,gov.uk,Could not resolve host: exhu-srv-02.south-ayrshire.gov.uk,none
exmail.brighton-hove.gov.uk,gov.uk,Could not resolve host: exmail.brighton-hove.gov.uk,none
exmail2.brighton-hove.gov.uk,gov.uk,Could not resolve host: exmail2.brighton-hove.gov.uk,none
ext.fconet.fco.gov.uk,gov.uk,Could not resolve host: ext.fconet.fco.gov.uk,none
ext.wyreforestdc.gov.uk,gov.uk,Could not resolve host: ext.wyreforestdc.gov.uk,none
external.northyorksfire.gov.uk,gov.uk,404,none
external.torfaen.gov.uk,gov.uk,Connection timed out after 3002 milliseconds,none
external.wyreforestdc.gov.uk,gov.uk,Could not resolve host: external.wyreforestdc.gov.uk,none
externalappstest.mhra.gov.uk,gov.uk,200,none
externalsearch.lsc.gov.uk,gov.uk,Could not resolve host: externalsearch.lsc.gov.uk,none
extra.nottinghamcity.gov.uk,gov.uk,Connection timed out after 3002 milliseconds,none
extranet.bromley.gov.uk,gov.uk,Could not resolve host: extranet.bromley.gov.uk,none
extranet.chester-le-street.gov.uk,gov.uk,Could not resolve host: extranet.chester-le-street.gov.uk,none
extranet.gloucestershire.gov.uk,gov.uk,Could not resolve host: extranet.gloucestershire.gov.uk,none
extranet.herefordshire.gov.uk,gov.uk,Connection timed out after 3002 milliseconds,none
extranet.highpeak.gov.uk,gov.uk,Could not resolve host: extranet.highpeak.gov.uk,40 uk.mx4.mx25.net.; 30 uk.mx3.mailanyone.net.; 10 uk.mx1.mailanyone.net.; 20 uk.mx2.mx25.net.
extranet.hmprisonservice.gov.uk,gov.uk,Connection timed out after 3002 milliseconds,none
extranet.icp.islington.gov.uk,gov.uk,Could not resolve host: extranet.icp.islington.gov.uk,none
extranet.kingston.gov.uk,gov.uk,Could not resolve host: extranet.kingston.gov.uk,none
extranet.lambeth.gov.uk,gov.uk,Connection timed out after 3001 milliseconds,none
extranet.london.gov.uk,gov.uk,Could not resolve host: extranet.london.gov.uk,none
extranet.luton.gov.uk,gov.uk,Connection timed out after 3002 milliseconds,none
extranet.mendip.gov.uk,gov.uk,Could not resolve host: extranet.mendip.gov.uk,none
extranet.nwra.gov.uk,gov.uk,Could not resolve host: extranet.nwra.gov.uk,none
extranet.orr.gov.uk,gov.uk,Connection timed out after 3002 milliseconds,none
extranet.pkc.gov.uk,gov.uk,Could not resolve host: extranet.pkc.gov.uk,none
extranet.southbeds.gov.uk,gov.uk,Could not resolve host: extranet.southbeds.gov.uk,none
extranet.staffordshire.gov.uk,gov.uk,Connection timed out after 3002 milliseconds,none
extranet.sutton.gov.uk,gov.uk,Could not resolve host: extranet.sutton.gov.uk,none
extranet.tauntondeane.gov.uk,gov.uk,Could not resolve host: extranet.tauntondeane.gov.uk,none
extranet.tfl.gov.uk,gov.uk,Connection timed out after 3002 milliseconds,none
extranet.uksport.gov.uk,gov.uk,Could not resolve host: extranet.uksport.gov.uk,none
extranet.uktradeinvest.gov.uk,gov.uk,Could not resolve host: extranet.uktradeinvest.gov.uk,none
extranet1.stroud.gov.uk,gov.uk,Could not resolve host: extranet1.stroud.gov.uk,none
extranet2.stroud.gov.uk,gov.uk,Could not resolve host: extranet2.stroud.gov.uk,none
extweb.ofsted.gov.uk,gov.uk,Connection timed out after 3002 milliseconds,none
exwebmail.walsall.gov.uk,gov.uk,Could not resolve host: exwebmail.walsall.gov.uk,none
exwhel.argyll-bute.gov.uk,gov.uk,Could not resolve host: exwhel.argyll-bute.gov.uk,none
exwkil.argyll-bute.gov.uk,gov.uk,Could not resolve host: exwkil.argyll-bute.gov.uk,none
exws.scotcourts.gov.uk,gov.uk,Connection timed out after 3001 milliseconds,none
exws.southlanarkshire.gov.uk,gov.uk,Could not resolve host: exws.southlanarkshire.gov.uk,none
exws.stockport.gov.uk,gov.uk,Could not resolve host: exws.stockport.gov.uk,none
exws1.waverley.gov.uk,gov.uk,Could not resolve host: exws1.waverley.gov.uk,none
exwssa01.south-ayrshire.gov.uk,gov.uk,Could not resolve host: exwssa01.south-ayrshire.gov.uk,none
exwssb01.scotborders.gov.uk,gov.uk,Could not resolve host: exwssb01.scotborders.gov.uk,none
eyss.ofsted.gov.uk,gov.uk,Connection timed out after 3002 milliseconds,none
familyinfoservice.sthelens.gov.uk,gov.uk,403,none
farmsurveys.defra.gov.uk,gov.uk,Could not resolve host: farmsurveys.defra.gov.uk,none
farrell.wigan.gov.uk,gov.uk,Connection timed out after 3002 milliseconds,none
fastweb.welhat.gov.uk,gov.uk,Could not resolve host: fastweb.welhat.gov.uk,none
fc4u.falkirk.gov.uk,gov.uk,Connection timed out after 3002 milliseconds,none
fco.gov.uk,gov.uk,SSL: no alternative certificate subject name matches target hostname 'fco.gov.uk',none
fconet.fco.gov.uk,gov.uk,Could not resolve host: fconet.fco.gov.uk,none
fdean.gov.uk,gov.uk,200,none
federation.torbay.gov.uk,gov.uk,404,none
fedge.salford.gov.uk,gov.uk,502,none
fedge10.salford.gov.uk,gov.uk,502,none
feedback.coi.gov.uk,gov.uk,Could not resolve host: feedback.coi.gov.uk,none
feedback.lewisham.gov.uk,gov.uk,Connection timed out after 3002 milliseconds,none
feedback.shropshire.gov.uk,gov.uk,Could not resolve host: feedback.shropshire.gov.uk,none
fepd.gov.uk,gov.uk,Could not resolve host: fepd.gov.uk,none
feweb.chichester.gov.uk,gov.uk,Could not resolve host: feweb.chichester.gov.uk,none
fife.gov.uk,gov.uk,403,none
files.coi.gov.uk,gov.uk,Could not resolve host: files.coi.gov.uk,none
files.scotcourts.gov.uk,gov.uk,Connection timed out after 3002 milliseconds,none
files.walsall.gov.uk,gov.uk,Could not resolve host: files.walsall.gov.uk,none
filmapp.rbkc.gov.uk,gov.uk,Could not resolve host: filmapp.rbkc.gov.uk,none
financegraduates.civilservice.gov.uk,gov.uk,Connection timed out after 3002 milliseconds,none
financialsanctions.hm-treasury.gov.uk,gov.uk,Could not resolve host: financialsanctions.hm-treasury.gov.uk,none
finforms.wigan.gov.uk,gov.uk,200,none
firebuy.gov.uk,gov.uk,Could not resolve host: firebuy.gov.uk,none
firepass.charnwood.gov.uk,gov.uk,Could not resolve host: firepass.charnwood.gov.uk,none
firepass.pembrokeshire.gov.uk,gov.uk,Could not resolve host: firepass.pembrokeshire.gov.uk,none
fireview.derbys-fire.gov.uk,gov.uk,Resolving timed out after 3001 milliseconds,none
firewall.redditchbc.gov.uk,gov.uk,Could not resolve host: firewall.redditchbc.gov.uk,none
fis.brent.gov.uk,gov.uk,200,none
fishregister.gov.uk,gov.uk,Connection timed out after 3002 milliseconds,none
fisonline.lancashire.gov.uk,gov.uk,Could not resolve host: fisonline.lancashire.gov.uk,none
fixit.stirling.gov.uk,gov.uk,Could not resolve host: fixit.stirling.gov.uk,none
flex.ipswich.gov.uk,gov.uk,Could not resolve host: flex.ipswich.gov.uk,none
flintmap.flintshire.gov.uk,gov.uk,Resolving timed out after 3001 milliseconds,none
fmdaml1.defra.gov.uk,gov.uk,Could not resolve host: fmdaml1.defra.gov.uk,none
fms.derby.gov.uk,gov.uk,Could not resolve host: fms.derby.gov.uk,none
fmstest.derby.gov.uk,gov.uk,Could not resolve host: fmstest.derby.gov.uk,none
fmstrain.derby.gov.uk,gov.uk,Could not resolve host: fmstrain.derby.gov.uk,none
focusweb.nafn.gov.uk,gov.uk,Could not resolve host: focusweb.nafn.gov.uk,none
forestofdean.gov.uk,gov.uk,Could not resolve host: forestofdean.gov.uk,none
forestweb.nfdc.gov.uk,gov.uk,Connection timed out after 3002 milliseconds,none
form4.doh.gov.uk,gov.uk,Resolving timed out after 3001 milliseconds,none
form4uat.doh.gov.uk,gov.uk,Could not resolve host: form4uat.doh.gov.uk,none
forms.aberdeencity.gov.uk,gov.uk,Could not resolve host: forms.aberdeencity.gov.uk,none
forms.adur.gov.uk,gov.uk,Could not resolve host: forms.adur.gov.uk,none
forms.babergh.gov.uk,gov.uk,Could not resolve host: forms.babergh.gov.uk,none
forms.barrowbc.gov.uk,gov.uk,Connection timed out after 3002 milliseconds,none
forms.brent.gov.uk,gov.uk,Connection timed out after 3002 milliseconds,none
forms.cambridge.gov.uk,gov.uk,200,none
forms.camden.gov.uk,gov.uk,Could not resolve host: forms.camden.gov.uk,none
forms.cornwall.gov.uk,gov.uk,200,none
forms.direct.gov.uk,gov.uk,Could not resolve host: forms.direct.gov.uk,none
forms.dudley.gov.uk,gov.uk,200,none
forms.enfield.gov.uk,gov.uk,200,none
forms.harlow.gov.uk,gov.uk,Could not resolve host: forms.harlow.gov.uk,none
forms.hullcc.gov.uk,gov.uk,Connection timed out after 3002 milliseconds,none
forms.informationcommissioner.gov.uk,gov.uk,Could not resolve host: forms.informationcommissioner.gov.uk,none
forms.kingston.gov.uk,gov.uk,Could not resolve host: forms.kingston.gov.uk,none
forms.lancashire.gov.uk,gov.uk,Could not resolve host: forms.lancashire.gov.uk,none
forms.leics.gov.uk,gov.uk,301,none
forms.lincoln.gov.uk,gov.uk,Could not resolve host: forms.lincoln.gov.uk,none
forms.maldon.gov.uk,gov.uk,Could not resolve host: forms.maldon.gov.uk,none
forms.merton.gov.uk,gov.uk,302,none
forms.monmouthshire.gov.uk,gov.uk,Could not resolve host: forms.monmouthshire.gov.uk,none
forms.nwleics.gov.uk,gov.uk,Connection timed out after 3001 milliseconds,none
forms.ofsted.gov.uk,gov.uk,404,none
forms.preston.gov.uk,gov.uk,Could not resolve host: forms.preston.gov.uk,none
forms.redditchbc.gov.uk,gov.uk,Connection timed out after 3002 milliseconds,none
forms.salford.gov.uk,gov.uk,502,none
forms.sandwell.gov.uk,gov.uk,Could not resolve host: forms.sandwell.gov.uk,none
forms.shetland.gov.uk,gov.uk,Could not resolve host: forms.shetland.gov.uk,none
forms.shropshire.gov.uk,gov.uk,Could not resolve host: forms.shropshire.gov.uk,none
forms.south-norfolk.gov.uk,gov.uk,Could not resolve host: forms.south-norfolk.gov.uk,none
forms.southbeds.gov.uk,gov.uk,Could not resolve host: forms.southbeds.gov.uk,none
forms.southkesteven.gov.uk,gov.uk,Connection timed out after 3002 milliseconds,none
forms.sutton.gov.uk,gov.uk,Could not resolve host: forms.sutton.gov.uk,none
forms.swindon.gov.uk,gov.uk,Failed to connect to forms.swindon.gov.uk port 443 after 55 ms: Could not connect to server,none
forms.thepensionsregulator.gov.uk,gov.uk,200,none
forms.wakefield.gov.uk,gov.uk,Connection timed out after 3001 milliseconds,none
forms.warwickshire.gov.uk,gov.uk,Could not resolve host: forms.warwickshire.gov.uk,none
forms.wiltshire.gov.uk,gov.uk,Could not resolve host: forms.wiltshire.gov.uk,none
forms2.camden.gov.uk,gov.uk,Could not resolve host: forms2.camden.gov.uk,none
forsbenchmarking.tfl.gov.uk,gov.uk,Connection timed out after 3002 milliseconds,none
forsdlc.tfl.gov.uk,gov.uk,Could not resolve host: forsdlc.tfl.gov.uk,none
forums.lsc.gov.uk,gov.uk,Could not resolve host: forums.lsc.gov.uk,none
frameworki.derbyshire.gov.uk,gov.uk,Could not resolve host: frameworki.derbyshire.gov.uk,none
freightclpt.tfl.gov.uk,gov.uk,Connection timed out after 3002 milliseconds,none
fs.collaboration.pm.culture.gov.uk,gov.uk,Could not resolve host: fs.collaboration.pm.culture.gov.uk,none
fs.swansea-edunet.gov.uk,gov.uk,Could not resolve host: fs.swansea-edunet.gov.uk,none
fsa.gov.uk,gov.uk,Could not resolve host: fsa.gov.uk,none
fsavets.mhs.gov.uk,gov.uk,Could not resolve host: fsavets.mhs.gov.uk,none
fsiavailability.wiltsfire.gov.uk,gov.uk,Could not resolve host: fsiavailability.wiltsfire.gov.uk,none
fsipayroll.derbys-fire.gov.uk,gov.uk,302,none
fsm.education.gov.uk,gov.uk,Could not resolve host: fsm.education.gov.uk,none
fsm2.education.gov.uk,gov.uk,200,none
ftp.basingstoke.gov.uk,gov.uk,Connection timed out after 3003 milliseconds,none
ftp.nwleics.gov.uk,gov.uk,200,none
ftps.newcastle.gov.uk,gov.uk,Could not resolve host: ftps.newcastle.gov.uk,none
fwd.environment-agency.gov.uk,gov.uk,Could not resolve host: fwd.environment-agency.gov.uk,none
fylde.gov.uk,gov.uk,301,none
gad.gov.uk,gov.uk,Could not resolve host: gad.gov.uk,none
galaxy.southkesteven.gov.uk,gov.uk,Connection timed out after 3002 milliseconds,none
galileo.northumberland.gov.uk,gov.uk,Could not resolve host: galileo.northumberland.gov.uk,none
ganymede.spelthorne.gov.uk,gov.uk,Could not resolve host: ganymede.spelthorne.gov.uk,none
gatekeeper.tendringdc.gov.uk,gov.uk,Could not resolve host: gatekeeper.tendringdc.gov.uk,none
gatekeeper.west-norfolk.gov.uk,gov.uk,Connection timed out after 3002 milliseconds,none
gateshead.gov.uk,gov.uk,403,none
gateway.adur-worthing.gov.uk,gov.uk,Could not resolve host: gateway.adur-worthing.gov.uk,none
gateway.adur.gov.uk,gov.uk,Could not resolve host: gateway.adur.gov.uk,none
gateway.bury.gov.uk,gov.uk,Could not resolve host: gateway.bury.gov.uk,none
gateway.caerphilly.gov.uk,gov.uk,Could not resolve host: gateway.caerphilly.gov.uk,none
gateway.castlepoint.gov.uk,gov.uk,Connection timed out after 3002 milliseconds,none
gateway.centralbedfordshire.gov.uk,gov.uk,Could not resolve host: gateway.centralbedfordshire.gov.uk,none
gateway.conwy.gov.uk,gov.uk,Connection timed out after 3002 milliseconds,none
gateway.ddfire.gov.uk,gov.uk,Could not resolve host: gateway.ddfire.gov.uk,none
gateway.derbyshire.gov.uk,gov.uk,Could not resolve host: gateway.derbyshire.gov.uk,none
gateway.fsa.gov.uk,gov.uk,Could not resolve host: gateway.fsa.gov.uk,none
gateway.halton.gov.uk,gov.uk,Connection timed out after 3001 milliseconds,none
gateway.harborough.gov.uk,gov.uk,Resolving timed out after 3000 milliseconds,dig error
gateway.harrogate.gov.uk,gov.uk,Could not resolve host: gateway.harrogate.gov.uk,none
gateway.hullcc.gov.uk,gov.uk,Connection timed out after 3001 milliseconds,none
gateway.ingatestone-fryerningpc.gov.uk,gov.uk,Connection timed out after 3002 milliseconds,none
gateway.kirklees.gov.uk,gov.uk,Could not resolve host: gateway.kirklees.gov.uk,none
gateway.lancashire.gov.uk,gov.uk,Connection timed out after 3002 milliseconds,none
gateway.lsc.gov.uk,gov.uk,Could not resolve host: gateway.lsc.gov.uk,none
gateway.melton.gov.uk,gov.uk,Could not resolve host: gateway.melton.gov.uk,none
gateway.mhs.gov.uk,gov.uk,Could not resolve host: gateway.mhs.gov.uk,none
gateway.midsussex.gov.uk,gov.uk,Could not resolve host: gateway.midsussex.gov.uk,none
gateway.northlanarkshire.gov.uk,gov.uk,Connection timed out after 3002 milliseconds,none
gateway.nuneatonandbedworth.gov.uk,gov.uk,Could not resolve host: gateway.nuneatonandbedworth.gov.uk,none
gateway.parking-appeals.gov.uk,gov.uk,Could not resolve host: gateway.parking-appeals.gov.uk,none
gateway.rushcliffe.gov.uk,gov.uk,Could not resolve host: gateway.rushcliffe.gov.uk,none
gateway.snh.gov.uk,gov.uk,403,none
gateway.southend.gov.uk,gov.uk,Could not resolve host: gateway.southend.gov.uk,none
gateway.westdorset-dc.gov.uk,gov.uk,Could not resolve host: gateway.westdorset-dc.gov.uk,none
gateway.woking.gov.uk,gov.uk,Could not resolve host: gateway.woking.gov.uk,none
gateway.wrexham.gov.uk,gov.uk,Could not resolve host: gateway.wrexham.gov.uk,none
gateway1.birmingham.gov.uk,gov.uk,Connection timed out after 3002 milliseconds,none
gateway1.blackpool.gov.uk,gov.uk,Could not resolve host: gateway1.blackpool.gov.uk,none
gateway1.parking-appeals.gov.uk,gov.uk,Could not resolve host: gateway1.parking-appeals.gov.uk,none
gateway1.vpn.ofsted.gov.uk,gov.uk,Connection timed out after 3002 milliseconds,none
gateway2.birmingham.gov.uk,gov.uk,Connection timed out after 3002 milliseconds,none
gateway2.blackpool.gov.uk,gov.uk,Could not resolve host: gateway2.blackpool.gov.uk,none
gateway2.bury.gov.uk,gov.uk,Could not resolve host: gateway2.bury.gov.uk,none
gateway2.vpn.ofsted.gov.uk,gov.uk,Connection timed out after 3002 milliseconds,none
gateway3.blackpool.gov.uk,gov.uk,Could not resolve host: gateway3.blackpool.gov.uk,none
gatewayz.fsa.gov.uk,gov.uk,Could not resolve host: gatewayz.fsa.gov.uk,none
gcn.civilservice.gov.uk,gov.uk,Could not resolve host: gcn.civilservice.gov.uk,none
gcsportal.peterborough.gov.uk,gov.uk,Could not resolve host: gcsportal.peterborough.gov.uk,none
geis.lancashire.gov.uk,gov.uk,Connection timed out after 3002 milliseconds,none
geohubniservices.osni.gov.uk,gov.uk,Connection timed out after 3002 milliseconds,none
geohubniservicesmo.osni.gov.uk,gov.uk,Connection timed out after 3002 milliseconds,none
george.redbridge.gov.uk,gov.uk,Could not resolve host: george.redbridge.gov.uk,none
getonlineweek.myguide.gov.uk,gov.uk,Could not resolve host: getonlineweek.myguide.gov.uk,none
gifts.lambeth.gov.uk,gov.uk,Could not resolve host: gifts.lambeth.gov.uk,none
gis.south-ayrshire.gov.uk,gov.uk,Recv failure: Connexion ré-initialisée par le correspondant,none
gisweb.chichester.gov.uk,gov.uk,Could not resolve host: gisweb.chichester.gov.uk,none
gizmo.eastcambs.gov.uk,gov.uk,Could not resolve host: gizmo.eastcambs.gov.uk,none
gla.defra.gov.uk,gov.uk,Connection timed out after 3002 milliseconds,none
global.nas.gov.uk,gov.uk,Could not resolve host: global.nas.gov.uk,none
gloucestershire.gov.uk,gov.uk,200,none
gmpte.gov.uk,gov.uk,Could not resolve host: gmpte.gov.uk,none
gnm.tfl.gov.uk,gov.uk,Could not resolve host: gnm.tfl.gov.uk,none
go.bracknell-forest.gov.uk,gov.uk,403,none
go.norfolk.gov.uk,gov.uk,Could not resolve host: go.norfolk.gov.uk,none
goggins.intra.hambleton.gov.uk,gov.uk,Could not resolve host: goggins.intra.hambleton.gov.uk,none
gor.environment-agency.gov.uk,gov.uk,200,none
gorititl.environment-agency.gov.uk,gov.uk,200,none
gormley.wigan.gov.uk,gov.uk,Could not resolve host: gormley.wigan.gov.uk,none
gortest.environment-agency.gov.uk,gov.uk,Connection timed out after 3002 milliseconds,none
gov.uk,gov.uk,301,none
govusers.saa.gov.uk,gov.uk,302,none
govx.socitm.gov.uk,gov.uk,Could not resolve host: govx.socitm.gov.uk,none
gpsesourcing.cabinetoffice.gov.uk,gov.uk,Could not resolve host: gpsesourcing.cabinetoffice.gov.uk,none
gpsfleetportal.cabinetoffice.gov.uk,gov.uk,Connection timed out after 3002 milliseconds,none
gqla.qcda.gov.uk,gov.uk,Could not resolve host: gqla.qcda.gov.uk,none
graduates.tfl.gov.uk,gov.uk,Failed to connect to graduates.tfl.gov.uk port 443 after 283 ms: Could not connect to server,none
graduatetalentpoolsearch.direct.gov.uk,gov.uk,301,none
great-yarmouth.gov.uk,gov.uk,Could not resolve host: great-yarmouth.gov.uk,none
gro.gov.uk,gov.uk,SSL certificate problem: unable to get local issuer certificate,none
group.tfl.gov.uk,gov.uk,Could not resolve host: group.tfl.gov.uk,none
groups.communities.gov.uk,gov.uk,Could not resolve host: groups.communities.gov.uk,none
gsi.easthants.gov.uk,gov.uk,Could not resolve host: gsi.easthants.gov.uk,none
guildford.gov.uk,gov.uk,200,10 cust61027-1.in.mailcontrol.com.; 20 cust61027-2.in.mailcontrol.com.
gw.stirling.gov.uk,gov.uk,Could not resolve host: gw.stirling.gov.uk,none
gw1-extranet.hmprisonservice.gov.uk,gov.uk,Connection timed out after 3002 milliseconds,none
gw1-portal.hmprisonservice.gov.uk,gov.uk,Connection timed out after 3002 milliseconds,none
gw1.lambeth.gov.uk,gov.uk,Connection timed out after 3002 milliseconds,none
gw2-extranet.hmprisonservice.gov.uk,gov.uk,Connection timed out after 3002 milliseconds,none
gw2-portal.hmprisonservice.gov.uk,gov.uk,Connection timed out after 3002 milliseconds,none
gw2.lambeth.gov.uk,gov.uk,Connection timed out after 3001 milliseconds,none
gw3-portal.hmprisonservice.gov.uk,gov.uk,Connection timed out after 3002 milliseconds,none
gwa.cambridge.gov.uk,gov.uk,Could not resolve host: gwa.cambridge.gov.uk,none
gwise.aberdeencity.gov.uk,gov.uk,Could not resolve host: gwise.aberdeencity.gov.uk,none
halls.bookings.merton.gov.uk,gov.uk,Could not resolve host: halls.bookings.merton.gov.uk,none
halton.gov.uk,gov.uk,404,none
handh.peterborough.gov.uk,gov.uk,Connection timed out after 3002 milliseconds,none
handson.hse.gov.uk,gov.uk,Connection timed out after 3002 milliseconds,none
hants.gov.uk,gov.uk,403,10 hants-gov-uk.mail.protection.outlook.com.
haringey.gov.uk,gov.uk,200,none
harpenden.gov.uk,gov.uk,200,none
harrogate.gov.uk,gov.uk,Could not resolve host: harrogate.gov.uk,10 harrogate-gov-uk.mail.protection.outlook.com.
harrow.gov.uk,gov.uk,301,none
haw-mail-01.scotborders.gov.uk,gov.uk,Could not resolve host: haw-mail-01.scotborders.gov.uk,none
hbclaims.newcastle.gov.uk,gov.uk,Could not resolve host: hbclaims.newcastle.gov.uk,none
hbcmail.harrogate.gov.uk,gov.uk,Could not resolve host: hbcmail.harrogate.gov.uk,none
hbeform-web.gedling.gov.uk,gov.uk,Connection timed out after 3002 milliseconds,none
hbform.bournemouth.gov.uk,gov.uk,Could not resolve host: hbform.bournemouth.gov.uk,none
hcsspauth.hants.gov.uk,gov.uk,Could not resolve host: hcsspauth.hants.gov.uk,none
healthinequalities.london.gov.uk,gov.uk,Could not resolve host: healthinequalities.london.gov.uk,none
heartylives.hullcc.gov.uk,gov.uk,Connection timed out after 3002 milliseconds,none
helensburghsp.argyll-bute.gov.uk,gov.uk,Could not resolve host: helensburghsp.argyll-bute.gov.uk,none
helpdesk.derbys-fire.gov.uk,gov.uk,Could not resolve host: helpdesk.derbys-fire.gov.uk,none
helpdesk.dev.gateway.gov.uk,gov.uk,Could not resolve host: helpdesk.dev.gateway.gov.uk,none
helpdesk.fi.gateway.gov.uk,gov.uk,Could not resolve host: helpdesk.fi.gateway.gov.uk,none
helpdesk.gateway.gov.uk,gov.uk,Could not resolve host: helpdesk.gateway.gov.uk,none
helpgydaswyddigwag.businesslink.gov.uk,gov.uk,Could not resolve host: helpgydaswyddigwag.businesslink.gov.uk,none
herefordshire.gov.uk,gov.uk,SSL: no alternative certificate subject name matches target hostname 'herefordshire.gov.uk',none
hermes.northlanarkshire.gov.uk,gov.uk,Could not resolve host: hermes.northlanarkshire.gov.uk,none
hfea.gov.uk,gov.uk,301,none
hfeacwa01.hfea.gov.uk,gov.uk,Could not resolve host: hfeacwa01.hfea.gov.uk,none
hfeaocs01.hfea.gov.uk,gov.uk,Could not resolve host: hfeaocs01.hfea.gov.uk,none
hfsv.dsfire.gov.uk,gov.uk,Could not resolve host: hfsv.dsfire.gov.uk,none
hifrs.highland.gov.uk,gov.uk,Could not resolve host: hifrs.highland.gov.uk,10 highland-gov-uk.mail.protection.outlook.com.
highspeedrail.dft.gov.uk,gov.uk,Could not resolve host: highspeedrail.dft.gov.uk,none
hillingdon.gov.uk,gov.uk,Could not resolve host: hillingdon.gov.uk,none
hinckley-bosworth.gov.uk,gov.uk,Could not resolve host: hinckley-bosworth.gov.uk,none
hint.harborough.gov.uk,gov.uk,Could not resolve host: hint.harborough.gov.uk,none
historic-scotland.gov.uk,gov.uk,Could not resolve host: historic-scotland.gov.uk,none
hmic.gov.uk,gov.uk,Could not resolve host: hmic.gov.uk,none
home.chorley.gov.uk,gov.uk,Could not resolve host: home.chorley.gov.uk,none
homechoice.northampton.gov.uk,gov.uk,Could not resolve host: homechoice.northampton.gov.uk,none
homeoffice.gov.uk,gov.uk,Could not resolve host: homeoffice.gov.uk,none
homeseekers.bromley.gov.uk,gov.uk,Could not resolve host: homeseekers.bromley.gov.uk,none
homespot.falkirk.gov.uk,gov.uk,405,none
homeworker.cherwellandsouthnorthants.gov.uk,gov.uk,Could not resolve host: homeworker.cherwellandsouthnorthants.gov.uk,none
homeworker2.cherwell.gov.uk,gov.uk,Could not resolve host: homeworker2.cherwell.gov.uk,none
homeworking.barnsley.gov.uk,gov.uk,Could not resolve host: homeworking.barnsley.gov.uk,none
homeworking.education.doncaster.gov.uk,gov.uk,Could not resolve host: homeworking.education.doncaster.gov.uk,none
hop.reading.gov.uk,gov.uk,Could not resolve host: hop.reading.gov.uk,none
horizon.halton.gov.uk,gov.uk,200,none
host.staffordbc.gov.uk,gov.uk,Connection timed out after 3002 milliseconds,none
hosting.secouncils.gov.uk,gov.uk,Could not resolve host: hosting.secouncils.gov.uk,none
hotdesk.tynedale.gov.uk,gov.uk,Could not resolve host: hotdesk.tynedale.gov.uk,none
housing.christchurchandeastdorset.gov.uk,gov.uk,Could not resolve host: housing.christchurchandeastdorset.gov.uk,4 christchurchandeastdorset-gov-uk.mail.protection.outlook.com.
housing.voa.gov.uk,gov.uk,200,none
housing.wycombe.gov.uk,gov.uk,Could not resolve host: housing.wycombe.gov.uk,none
housingapp.greenwich.gov.uk,gov.uk,Could not resolve host: housingapp.greenwich.gov.uk,none
housingapplication.lambeth.gov.uk,gov.uk,200,none
housingapplications.aberdeencity.gov.uk,gov.uk,Could not resolve host: housingapplications.aberdeencity.gov.uk,none
housingcos.brighton-hove.gov.uk,gov.uk,Could not resolve host: housingcos.brighton-hove.gov.uk,none
housingrepairs.camden.gov.uk,gov.uk,Could not resolve host: housingrepairs.camden.gov.uk,none
hq-hub-01.scotborders.gov.uk,gov.uk,Could not resolve host: hq-hub-01.scotborders.gov.uk,none
hq-hub-02.scotborders.gov.uk,gov.uk,Could not resolve host: hq-hub-02.scotborders.gov.uk,none
hq-hubnlb-01.scotborders.gov.uk,gov.uk,Could not resolve host: hq-hubnlb-01.scotborders.gov.uk,none
hq.merseyside-probation.gov.uk,gov.uk,Could not resolve host: hq.merseyside-probation.gov.uk,none
hr.bury.gov.uk,gov.uk,Could not resolve host: hr.bury.gov.uk,none
hr.calderdale.gov.uk,gov.uk,Could not resolve host: hr.calderdale.gov.uk,none
hr.merseyside-probation.gov.uk,gov.uk,Could not resolve host: hr.merseyside-probation.gov.uk,none
hrb.stockport.gov.uk,gov.uk,Could not resolve host: hrb.stockport.gov.uk,none
hrportal.aylesburyvaledc.gov.uk,gov.uk,Could not resolve host: hrportal.aylesburyvaledc.gov.uk,none
hrportal.lsc.gov.uk,gov.uk,Could not resolve host: hrportal.lsc.gov.uk,none
hs-training.metoffice.gov.uk,gov.uk,Could not resolve host: hs-training.metoffice.gov.uk,none
hsgintegrator.towerhamlets.gov.uk,gov.uk,Could not resolve host: hsgintegrator.towerhamlets.gov.uk,none
hsgmobile.wrexham.gov.uk,gov.uk,Could not resolve host: hsgmobile.wrexham.gov.uk,none
hta.gov.uk,gov.uk,301,15 cust4810-2.out.mailcontrol.com.; 15 cust4810-1.out.mailcontrol.com.; 15 cust4810-1.in.mailcontrol.com.; 15 cust4810-2.in.mailcontrol.com.
hub.xml.info4local.gov.uk,gov.uk,Could not resolve host: hub.xml.info4local.gov.uk,none
hwys.cctv.hackney.gov.uk,gov.uk,Could not resolve host: hwys.cctv.hackney.gov.uk,none
hyfforddiant.arlein.wefo.cymru.gov.uk,gov.uk,Could not resolve host: hyfforddiant.arlein.wefo.cymru.gov.uk,none
iacl.bis.gov.uk,gov.uk,Connection timed out after 3002 milliseconds,none
iag.portsmouth.gov.uk,gov.uk,Connection timed out after 3002 milliseconds,none
ibistro.cambridgeshire.gov.uk,gov.uk,Connection timed out after 3002 milliseconds,none
ibistrotest.cambridgeshire.gov.uk,gov.uk,Could not resolve host: ibistrotest.cambridgeshire.gov.uk,none
ibsopenaccess.hullcc.gov.uk,gov.uk,Failed to connect to ibsopenaccess.hullcc.gov.uk port 443 after 1543 ms: Could not connect to server,none
icarus.durham.gov.uk,gov.uk,Could not resolve host: icarus.durham.gov.uk,none
icasework.sheffield.gov.uk,gov.uk,Could not resolve host: icasework.sheffield.gov.uk,none
icm.fdean.gov.uk,gov.uk,Could not resolve host: icm.fdean.gov.uk,none
icms.peterborough.gov.uk,gov.uk,Connection timed out after 3002 milliseconds,none
ico.gov.uk,gov.uk,Could not resolve host: ico.gov.uk,none
iconnect.colchester.gov.uk,gov.uk,Could not resolve host: iconnect.colchester.gov.uk,none
iconweb.cravendc.gov.uk,gov.uk,Could not resolve host: iconweb.cravendc.gov.uk,none
ictsupport.staffordshire.gov.uk,gov.uk,Connection timed out after 3002 milliseconds,none
ideas.mhra.gov.uk,gov.uk,Connection timed out after 3002 milliseconds,none
iderby.derby.gov.uk,gov.uk,Could not resolve host: iderby.derby.gov.uk,none
idp-death-tellusonce.direct.gov.uk,gov.uk,Connection timed out after 3002 milliseconds,none
idp.nottscc.gov.uk,gov.uk,Connection timed out after 3002 milliseconds,none
ids.mcga.gov.uk,gov.uk,Connection timed out after 3002 milliseconds,none
idv.gateway.gov.uk,gov.uk,Could not resolve host: idv.gateway.gov.uk,none
ilaps.defra.gov.uk,gov.uk,Could not resolve host: ilaps.defra.gov.uk,none
imail.lbbd.gov.uk,gov.uk,Could not resolve host: imail.lbbd.gov.uk,none
img-hx.gra.businesslink.gov.uk,gov.uk,Could not resolve host: img-hx.gra.businesslink.gov.uk,none
immform.dh.gov.uk,gov.uk,Could not resolve host: immform.dh.gov.uk,none
immformservices.immform.dh.gov.uk,gov.uk,Could not resolve host: immformservices.immform.dh.gov.uk,none
immigrationappealsonline.justice.gov.uk,gov.uk,Could not resolve host: immigrationappealsonline.justice.gov.uk,none
ines.esf.gov.uk,gov.uk,Could not resolve host: ines.esf.gov.uk,none
inetgateway.edinburgh.gov.uk,gov.uk,Could not resolve host: inetgateway.edinburgh.gov.uk,none
inferno.seemis.gov.uk,gov.uk,Could not resolve host: inferno.seemis.gov.uk,none
info.kentparishes.gov.uk,gov.uk,Could not resolve host: info.kentparishes.gov.uk,none
info4local.gov.uk,gov.uk,Could not resolve host: info4local.gov.uk,none
infogateway.ofsted.gov.uk,gov.uk,Could not resolve host: infogateway.ofsted.gov.uk,none
inform.thurrock.gov.uk,gov.uk,Could not resolve host: inform.thurrock.gov.uk,none
insight.dfid.gov.uk,gov.uk,Could not resolve host: insight.dfid.gov.uk,none
insight.hullcc.gov.uk,gov.uk,Could not resolve host: insight.hullcc.gov.uk,none
insite.northdevon.gov.uk,gov.uk,Could not resolve host: insite.northdevon.gov.uk,none
insolvency.detini.gov.uk,gov.uk,Could not resolve host: insolvency.detini.gov.uk,none
insolvencydirect.gov.uk,gov.uk,Could not resolve host: insolvencydirect.gov.uk,none
integrated-regulation-test.environment-agency.gov.uk,gov.uk,Could not resolve host: integrated-regulation-test.environment-agency.gov.uk,none
integrated-regulation.environment-agency.gov.uk,gov.uk,Could not resolve host: integrated-regulation.environment-agency.gov.uk,none
interactive.dwp.gov.uk,gov.uk,SSL certificate problem: certificate has expired,none
interactive.stockport.gov.uk,gov.uk,200,none
interform.communities.gov.uk,gov.uk,Operation timed out after 3001 milliseconds with 0 bytes received,none
interim.connect.ukti.gov.uk,gov.uk,Could not resolve host: interim.connect.ukti.gov.uk,none
internal.westminster.gov.uk,gov.uk,Could not resolve host: internal.westminster.gov.uk,none
international.kent.gov.uk,gov.uk,Connection timed out after 3000 milliseconds,none
intouch.dfid.gov.uk,gov.uk,Could not resolve host: intouch.dfid.gov.uk,none
intouch2.dfid.gov.uk,gov.uk,Could not resolve host: intouch2.dfid.gov.uk,none
intouch3.dfid.gov.uk,gov.uk,Could not resolve host: intouch3.dfid.gov.uk,none
intouch5.dfid.gov.uk,gov.uk,Could not resolve host: intouch5.dfid.gov.uk,none
intouch6.dfid.gov.uk,gov.uk,Could not resolve host: intouch6.dfid.gov.uk,none
intranet.eastlothian.gov.uk,gov.uk,Could not resolve host: intranet.eastlothian.gov.uk,none
intranet.havant.gov.uk,gov.uk,Connection timed out after 3002 milliseconds,none
intranet.havering.gov.uk,gov.uk,Connection timed out after 3002 milliseconds,none
intranet.lsc.gov.uk,gov.uk,Could not resolve host: intranet.lsc.gov.uk,none
intranet.nottscc.gov.uk,gov.uk,Recv failure: Connexion ré-initialisée par le correspondant,none
intranet.shetland.gov.uk,gov.uk,503,none
intranet.skillsfundingagency.bis.gov.uk,gov.uk,Could not resolve host: intranet.skillsfundingagency.bis.gov.uk,none
intranet.ypla.gov.uk,gov.uk,Could not resolve host: intranet.ypla.gov.uk,none
intranet2.shetland.gov.uk,gov.uk,500,none
inverclyde.gov.uk,gov.uk,Recv failure: Connexion ré-initialisée par le correspondant,none
ipas.horsham.gov.uk,gov.uk,Could not resolve host: ipas.horsham.gov.uk,none
ipay.smbc.sandwell.gov.uk,gov.uk,Could not resolve host: ipay.smbc.sandwell.gov.uk,none
ipo.gov.uk,gov.uk,403,0 ipo-gov-uk.mail.protection.outlook.com.
ips.gov.uk,gov.uk,Could not resolve host: ips.gov.uk,none
ipswich.gov.uk,gov.uk,301,none
iqc.n-somerset.gov.uk,gov.uk,Connection timed out after 3002 milliseconds,none
iris.tfl.gov.uk,gov.uk,Could not resolve host: iris.tfl.gov.uk,none
irs.derbys-fire.gov.uk,gov.uk,Could not resolve host: irs.derbys-fire.gov.uk,none
irs.xml.fire.gov.uk,gov.uk,Could not resolve host: irs.xml.fire.gov.uk,none
irxm.monitor-nhsft.gov.uk,gov.uk,Could not resolve host: irxm.monitor-nhsft.gov.uk,none
is.stirling.gov.uk,gov.uk,Could not resolve host: is.stirling.gov.uk,none
island.barnet.gov.uk,gov.uk,Could not resolve host: island.barnet.gov.uk,none
isportal.london.gov.uk,gov.uk,Could not resolve host: isportal.london.gov.uk,none
ispwebsites.lsc.gov.uk,gov.uk,Could not resolve host: ispwebsites.lsc.gov.uk,none
isupplier-test.havering.gov.uk,gov.uk,Could not resolve host: isupplier-test.havering.gov.uk,none
isupplier.havering.gov.uk,gov.uk,Could not resolve host: isupplier.havering.gov.uk,none
it.civilservice.gov.uk,gov.uk,SSL: no alternative certificate subject name matches target hostname 'it.civilservice.gov.uk',none
itadmn01a.nottscc.gov.uk,gov.uk,Could not resolve host: itadmn01a.nottscc.gov.uk,none
itmail01b.nottscc.gov.uk,gov.uk,Could not resolve host: itmail01b.nottscc.gov.uk,none
itmail01c.nottscc.gov.uk,gov.uk,Could not resolve host: itmail01c.nottscc.gov.uk,none
itportal.decc.gov.uk,gov.uk,Connection timed out after 3002 milliseconds,none
its.haringey.gov.uk,gov.uk,Could not resolve host: its.haringey.gov.uk,none
itsacr02a.nottscc.gov.uk,gov.uk,Could not resolve host: itsacr02a.nottscc.gov.uk,none
itsallaboutme.warrington.gov.uk,gov.uk,Could not resolve host: itsallaboutme.warrington.gov.uk,none
itservicedesk.testvalley.gov.uk,gov.uk,Could not resolve host: itservicedesk.testvalley.gov.uk,none
itsm.warwickshire.gov.uk,gov.uk,200,none
itsopgroups.communities.gov.uk,gov.uk,Could not resolve host: itsopgroups.communities.gov.uk,none
ive.newport.gov.uk,gov.uk,Connection timed out after 3002 milliseconds,none
ive.valeroyal.gov.uk,gov.uk,Could not resolve host: ive.valeroyal.gov.uk,none
ix.eastsussex.gov.uk,gov.uk,Could not resolve host: ix.eastsussex.gov.uk,none
ix.eastsussexcc.gov.uk,gov.uk,SSL: no alternative certificate subject name matches target hostname 'ix.eastsussexcc.gov.uk',none
izone.uksport.gov.uk,gov.uk,Could not resolve host: izone.uksport.gov.uk,none
izonedevl.uksport.gov.uk,gov.uk,Could not resolve host: izonedevl.uksport.gov.uk,none
jaas.jac.judiciary.gov.uk,gov.uk,Failed to connect to jaas.jac.judiciary.gov.uk port 443 after 66 ms: Could not connect to server,none
jadu.derby.gov.uk,gov.uk,Could not resolve host: jadu.derby.gov.uk,none
jasper.carmarthenshire.gov.uk,gov.uk,Could not resolve host: jasper.carmarthenshire.gov.uk,none
jobcentreplus.gov.uk,gov.uk,SSL: no alternative certificate subject name matches target hostname 'jobcentreplus.gov.uk',none
jobs-test.hounslow.gov.uk,gov.uk,Could not resolve host: jobs-test.hounslow.gov.uk,none
jobs-test.london-fire.gov.uk,gov.uk,Could not resolve host: jobs-test.london-fire.gov.uk,none
jobs-test.peterborough.gov.uk,gov.uk,Connection timed out after 3002 milliseconds,none
jobs-train.hounslow.gov.uk,gov.uk,Could not resolve host: jobs-train.hounslow.gov.uk,none
jobs-train.peterborough.gov.uk,gov.uk,Connection timed out after 3001 milliseconds,none
jobs.bournemouth.gov.uk,gov.uk,Could not resolve host: jobs.bournemouth.gov.uk,none
jobs.brighton-hove.gov.uk,gov.uk,301,none
jobs.buckscc.gov.uk,gov.uk,Could not resolve host: jobs.buckscc.gov.uk,0 jobs-buckscc-gov-uk.mail.protection.outlook.com.
jobs.calderdale.gov.uk,gov.uk,Could not resolve host: jobs.calderdale.gov.uk,none
jobs.cardiff.gov.uk,gov.uk,Could not resolve host: jobs.cardiff.gov.uk,none
jobs.civilservice.gov.uk,gov.uk,Could not resolve host: jobs.civilservice.gov.uk,none
jobs.coi.gov.uk,gov.uk,Could not resolve host: jobs.coi.gov.uk,none
jobs.coventry.gov.uk,gov.uk,Could not resolve host: jobs.coventry.gov.uk,none
jobs.derby.gov.uk,gov.uk,Could not resolve host: jobs.derby.gov.uk,none
jobs.greenwich.gov.uk,gov.uk,Could not resolve host: jobs.greenwich.gov.uk,none
jobs.haringey.gov.uk,gov.uk,Could not resolve host: jobs.haringey.gov.uk,none
jobs.harrogate.gov.uk,gov.uk,Could not resolve host: jobs.harrogate.gov.uk,none
jobs.havering.gov.uk,gov.uk,503,none
jobs.hillingdon.gov.uk,gov.uk,302,none
jobs.hounslow.gov.uk,gov.uk,Could not resolve host: jobs.hounslow.gov.uk,none
jobs.kingston.gov.uk,gov.uk,Could not resolve host: jobs.kingston.gov.uk,none
jobs.lbhf.gov.uk,gov.uk,Could not resolve host: jobs.lbhf.gov.uk,none
jobs.leeds.gov.uk,gov.uk,200,none
jobs.lewisham.gov.uk,gov.uk,Could not resolve host: jobs.lewisham.gov.uk,none
jobs.lincolnshire.gov.uk,gov.uk,Could not resolve host: jobs.lincolnshire.gov.uk,none
jobs.london-fire.gov.uk,gov.uk,302,none
jobs.luton.gov.uk,gov.uk,307,none
jobs.merton.gov.uk,gov.uk,301,none
jobs.oxfordshire.gov.uk,gov.uk,200,none
jobs.peterborough.gov.uk,gov.uk,200,none
jobs.redbridge.gov.uk,gov.uk,302,none
jobs.rhondda-cynon-taff.gov.uk,gov.uk,Failed to connect to jobs.rhondda-cynon-taff.gov.uk port 443 after 47 ms: Could not connect to server,none
jobs.richmond.gov.uk,gov.uk,Could not resolve host: jobs.richmond.gov.uk,none
jobs.south-norfolk.gov.uk,gov.uk,Could not resolve host: jobs.south-norfolk.gov.uk,none
jobs.southkesteven.gov.uk,gov.uk,Connection timed out after 3002 milliseconds,none
jobs.sutton.gov.uk,gov.uk,Could not resolve host: jobs.sutton.gov.uk,none
jobs.telford.gov.uk,gov.uk,Could not resolve host: jobs.telford.gov.uk,none
jobs.wakefield.gov.uk,gov.uk,Connection timed out after 3002 milliseconds,none
jobs.wandsworth.gov.uk,gov.uk,Connection timed out after 3002 milliseconds,none
jobs.wiltshire.gov.uk,gov.uk,403,none
jobs.wycombe.gov.uk,gov.uk,Could not resolve host: jobs.wycombe.gov.uk,none
jobsearch.direct.gov.uk,gov.uk,Could not resolve host: jobsearch.direct.gov.uk,none
jobsearch.kent.gov.uk,gov.uk,200,none
jobsfiles.civilservice.gov.uk,gov.uk,Could not resolve host: jobsfiles.civilservice.gov.uk,none
jobshop.gateshead.gov.uk,gov.uk,404,none
jobsstatic.civilservice.gov.uk,gov.uk,Could not resolve host: jobsstatic.civilservice.gov.uk,none
jobvacancies.businesslink.gov.uk,gov.uk,Could not resolve host: jobvacancies.businesslink.gov.uk,none
jobvacancies.ftp.businesslink.gov.uk,gov.uk,Could not resolve host: jobvacancies.ftp.businesslink.gov.uk,none
jobvacancies.schemas.businesslink.gov.uk,gov.uk,Could not resolve host: jobvacancies.schemas.businesslink.gov.uk,none
jobvacancies.services.businesslink.gov.uk,gov.uk,Could not resolve host: jobvacancies.services.businesslink.gov.uk,none
jobvacancieshelp.businesslink.gov.uk,gov.uk,Could not resolve host: jobvacancieshelp.businesslink.gov.uk,none
jobwarehouse.businesslink.gov.uk,gov.uk,301,none
jools.dfpni.gov.uk,gov.uk,Could not resolve host: jools.dfpni.gov.uk,none
jras-test.cps.gov.uk,gov.uk,Could not resolve host: jras-test.cps.gov.uk,none
jras.cps.gov.uk,gov.uk,Could not resolve host: jras.cps.gov.uk,none
js-hx.gra.businesslink.gov.uk,gov.uk,Could not resolve host: js-hx.gra.businesslink.gov.uk,none
juniper.coi.gov.uk,gov.uk,Could not resolve host: juniper.coi.gov.uk,none
justice.gov.uk,gov.uk,Could not resolve host: justice.gov.uk,none
justiceandcommunities.scotland.gov.uk,gov.uk,Connection timed out after 3002 milliseconds,none
k7.liverpool.gov.uk,gov.uk,Connection timed out after 3002 milliseconds,none
kendal.welhat.gov.uk,gov.uk,Could not resolve host: kendal.welhat.gov.uk,none
kent.gov.uk,gov.uk,Could not resolve host: kent.gov.uk,none
keys.northyorks.gov.uk,gov.uk,Could not resolve host: keys.northyorks.gov.uk,none
keys.ogcbs.gov.uk,gov.uk,Could not resolve host: keys.ogcbs.gov.uk,none
keys.southtyneside.gov.uk,gov.uk,Could not resolve host: keys.southtyneside.gov.uk,none
keyserver.sthelens.gov.uk,gov.uk,Connection timed out after 3001 milliseconds,none
kirklees.gov.uk,gov.uk,301,0 kirklees-gov-uk.mail.protection.outlook.com.
knowsley.gov.uk,gov.uk,301,none
kohalibrary.halton.gov.uk,gov.uk,Could not resolve host: kohalibrary.halton.gov.uk,none
kohastaff.halton.gov.uk,gov.uk,200,none
ktac.nlawarp.gov.uk,gov.uk,Could not resolve host: ktac.nlawarp.gov.uk,none
lagan.winchester.gov.uk,gov.uk,Could not resolve host: lagan.winchester.gov.uk,none
lalpac.flintshire.gov.uk,gov.uk,Resolving timed out after 3000 milliseconds,none
lalpac.sthelens.gov.uk,gov.uk,Could not resolve host: lalpac.sthelens.gov.uk,none
lalpac.wyrebc.gov.uk,gov.uk,Could not resolve host: lalpac.wyrebc.gov.uk,none
lalpacweb.blackpool.gov.uk,gov.uk,Could not resolve host: lalpacweb.blackpool.gov.uk,none
lancaster.gov.uk,gov.uk,Could not resolve host: lancaster.gov.uk,none
landcharges.teignbridge.gov.uk,gov.uk,Could not resolve host: landcharges.teignbridge.gov.uk,none
landregistry.gov.uk,gov.uk,SSL: no alternative certificate subject name matches target hostname 'landregistry.gov.uk',none
landsearches.staffordshire.gov.uk,gov.uk,Could not resolve host: landsearches.staffordshire.gov.uk,none
laportal.ofsted.gov.uk,gov.uk,Could not resolve host: laportal.ofsted.gov.uk,none
larissa.spelthorne.gov.uk,gov.uk,200,none
lass.london.gov.uk,gov.uk,Operation timed out after 3002 milliseconds with 0 bytes received,none
lbbpensions.barnet.gov.uk,gov.uk,Connection timed out after 3002 milliseconds,none
lbbstaffmail.bromley.gov.uk,gov.uk,Could not resolve host: lbbstaffmail.bromley.gov.uk,none
lbh-vmw-p-exc20.lbhf.gov.uk,gov.uk,Could not resolve host: lbh-vmw-p-exc20.lbhf.gov.uk,none
lbhf.gov.uk,gov.uk,301,none
lbhlynv001.havering.gov.uk,gov.uk,Could not resolve host: lbhlynv001.havering.gov.uk,none
lbhlynv002.havering.gov.uk,gov.uk,Could not resolve host: lbhlynv002.havering.gov.uk,none
lbmns.merton.gov.uk,gov.uk,Connection timed out after 3002 milliseconds,none
lbmsecure.merton.gov.uk,gov.uk,Resolving timed out after 3000 milliseconds,none
lbs-remoteaccess.southwark.gov.uk,gov.uk,Could not resolve host: lbs-remoteaccess.southwark.gov.uk,none
lcc-euq1.lincolnshire.gov.uk,gov.uk,Connection timed out after 3002 milliseconds,none
lcc-euq2.lincolnshire.gov.uk,gov.uk,Connection timed out after 3002 milliseconds,none
lcc-euq3.lincolnshire.gov.uk,gov.uk,Could not resolve host: lcc-euq3.lincolnshire.gov.uk,none
lcc-securemail1.lincolnshire.gov.uk,gov.uk,Could not resolve host: lcc-securemail1.lincolnshire.gov.uk,none
lccdataexchange.lincolnshire.gov.uk,gov.uk,Connection timed out after 3002 milliseconds,none
lccenurseries.liverpool.gov.uk,gov.uk,Could not resolve host: lccenurseries.liverpool.gov.uk,none
lccestart.liverpool.gov.uk,gov.uk,SSL certificate problem: unable to get local issuer certificate,none
lccpmf.liverpool.gov.uk,gov.uk,Could not resolve host: lccpmf.liverpool.gov.uk,none
lccpoc.leics.gov.uk,gov.uk,Could not resolve host: lccpoc.leics.gov.uk,none
lccsecure.lancashire.gov.uk,gov.uk,Could not resolve host: lccsecure.lancashire.gov.uk,none
lccsecure2.lancashire.gov.uk,gov.uk,Connection timed out after 3002 milliseconds,none
lccsecure3.lancashire.gov.uk,gov.uk,Connection timed out after 3002 milliseconds,none
lccwebaccess.lincolnshire.gov.uk,gov.uk,Connection timed out after 3002 milliseconds,none
lcrdc.londoncouncils.gov.uk,gov.uk,Could not resolve host: lcrdc.londoncouncils.gov.uk,none
lcsa.gateshead.gov.uk,gov.uk,200,none
lda.gov.uk,gov.uk,Could not resolve host: lda.gov.uk,none
ldcmail.lewes.gov.uk,gov.uk,Could not resolve host: ldcmail.lewes.gov.uk,none
ldcremote.lewes.gov.uk,gov.uk,Could not resolve host: ldcremote.lewes.gov.uk,none
ldd.london.gov.uk,gov.uk,200,none
ldfconsultation.southwark.gov.uk,gov.uk,Could not resolve host: ldfconsultation.southwark.gov.uk,none
ldfweb.whitehorsedc.gov.uk,gov.uk,Could not resolve host: ldfweb.whitehorsedc.gov.uk,none
lea-eas.somerset.gov.uk,gov.uk,Could not resolve host: lea-eas.somerset.gov.uk,none
lea-owa.somerset.gov.uk,gov.uk,Could not resolve host: lea-owa.somerset.gov.uk,none
leadershipandmanagement.lsc.gov.uk,gov.uk,Could not resolve host: leadershipandmanagement.lsc.gov.uk,none
learned.liverpool.gov.uk,gov.uk,Could not resolve host: learned.liverpool.gov.uk,none
learnerportal.oxfordshire.gov.uk,gov.uk,Could not resolve host: learnerportal.oxfordshire.gov.uk,none
learnerrecord.uklrs.miap.gov.uk,gov.uk,Could not resolve host: learnerrecord.uklrs.miap.gov.uk,none
learnersupport.direct.gov.uk,gov.uk,Could not resolve host: learnersupport.direct.gov.uk,none
learning.calderdale.gov.uk,gov.uk,302,none
learning.environment-agency.gov.uk,gov.uk,Could not resolve host: learning.environment-agency.gov.uk,none
learning.myoxfordshire.gov.uk,gov.uk,Could not resolve host: learning.myoxfordshire.gov.uk,none
learningzone.coi.gov.uk,gov.uk,Could not resolve host: learningzone.coi.gov.uk,none
learningzone.eastsussex.gov.uk,gov.uk,Connection timed out after 3000 milliseconds,none
leavingcareconsultation.dcsf.gov.uk,gov.uk,Could not resolve host: leavingcareconsultation.dcsf.gov.uk,none
leeds.gov.uk,gov.uk,Could not resolve host: leeds.gov.uk,10 eu-smtp-inbound-1.mimecast.com.; 10 eu-smtp-inbound-2.mimecast.com.
legacy.calderdale.gov.uk,gov.uk,Could not resolve host: legacy.calderdale.gov.uk,none
legacy.cherwell-dc.gov.uk,gov.uk,Could not resolve host: legacy.cherwell-dc.gov.uk,none
legacy.cheshirefire.gov.uk,gov.uk,Connection timed out after 3002 milliseconds,none
legacy.nelincs.gov.uk,gov.uk,Connection timed out after 3002 milliseconds,none
legacy.newcastle.gov.uk,gov.uk,Could not resolve host: legacy.newcastle.gov.uk,none
legacy.sstaffs.gov.uk,gov.uk,Could not resolve host: legacy.sstaffs.gov.uk,none
legacy.thurrock.gov.uk,gov.uk,Could not resolve host: legacy.thurrock.gov.uk,none
legacy.uksport.gov.uk,gov.uk,Could not resolve host: legacy.uksport.gov.uk,none
legalservices.gov.uk,gov.uk,SSL: no alternative certificate subject name matches target hostname 'legalservices.gov.uk',none
leicester.gov.uk,gov.uk,403,none
leisure-web.gedling.gov.uk,gov.uk,Could not resolve host: leisure-web.gedling.gov.uk,none
leisure.barking-dagenham.gov.uk,gov.uk,Could not resolve host: leisure.barking-dagenham.gov.uk,none
leisurebooking.castlepoint.gov.uk,gov.uk,Connection timed out after 3002 milliseconds,none
leisurebooking.newcastle-staffs.gov.uk,gov.uk,Could not resolve host: leisurebooking.newcastle-staffs.gov.uk,none
leisurebooking.secure.haringey.gov.uk,gov.uk,Could not resolve host: leisurebooking.secure.haringey.gov.uk,none
leisurebookings.flintshire.gov.uk,gov.uk,Resolving timed out after 3000 milliseconds,none
leisurebookings.gateshead.gov.uk,gov.uk,Connection timed out after 3002 milliseconds,none
leisurebookings.huntsdc.gov.uk,gov.uk,Connection timed out after 3001 milliseconds,none
leisurebookings.westoxon.gov.uk,gov.uk,Could not resolve host: leisurebookings.westoxon.gov.uk,none
leisurecentres.monmouthshire.gov.uk,gov.uk,Connection timed out after 3002 milliseconds,none
leisurelifestylebookings.caerphilly.gov.uk,gov.uk,Connection timed out after 3002 milliseconds,none
lestotal.gateshead.gov.uk,gov.uk,Could not resolve host: lestotal.gateshead.gov.uk,none
lewisham.gov.uk,gov.uk,403,none
lg.newham.gov.uk,gov.uk,Connection timed out after 3000 milliseconds,none
lha-direct.voa.gov.uk,gov.uk,Could not resolve host: lha-direct.voa.gov.uk,none
lhc.gov.uk,gov.uk,Could not resolve host: lhc.gov.uk,30 ms87683348.msv1.invalid.outlook.com.; 5 lhc-gov-uk.mail.eo.outlook.com.; 30 ms56637063.msv1.invalid.outlook.com.; 0 lhc-gov-uk.mail.protection.outlook.com.
lib.argyll-bute.gov.uk,gov.uk,Connection timed out after 3000 milliseconds,none
libcat.kent.gov.uk,gov.uk,Connection timed out after 3001 milliseconds,none
libcat.oxfordshire.gov.uk,gov.uk,Resolving timed out after 3001 milliseconds,dig error
libcat.renfrewshire.gov.uk,gov.uk,Could not resolve host: libcat.renfrewshire.gov.uk,none
libcat.walsall.gov.uk,gov.uk,Could not resolve host: libcat.walsall.gov.uk,none
libraries.midlothian.gov.uk,gov.uk,Could not resolve host: libraries.midlothian.gov.uk,none
libraries.redcar-cleveland.gov.uk,gov.uk,200,none
libraries.torbay.gov.uk,gov.uk,Could not resolve host: libraries.torbay.gov.uk,none
libraries.wiltshire.gov.uk,gov.uk,Could not resolve host: libraries.wiltshire.gov.uk,none
library.bury.gov.uk,gov.uk,Could not resolve host: library.bury.gov.uk,none
library.eastriding.gov.uk,gov.uk,200,none
library.newcastle.gov.uk,gov.uk,302,none
library.south-ayrshire.gov.uk,gov.uk,502,none
library.warwickshire.gov.uk,gov.uk,200,none
librarycatalogue.manchester.gov.uk,gov.uk,Could not resolve host: librarycatalogue.manchester.gov.uk,none
librarysearch.scotborders.gov.uk,gov.uk,Could not resolve host: librarysearch.scotborders.gov.uk,none
lic.south-norfolk.gov.uk,gov.uk,Could not resolve host: lic.south-norfolk.gov.uk,none
licences.westdevon.gov.uk,gov.uk,Could not resolve host: licences.westdevon.gov.uk,none
licensing.allerdale.gov.uk,gov.uk,Connection timed out after 3002 milliseconds,none
licensing.barrowbc.gov.uk,gov.uk,Could not resolve host: licensing.barrowbc.gov.uk,none
licensing.bolton.gov.uk,gov.uk,Connection timed out after 3002 milliseconds,none
licensing.breckland.gov.uk,gov.uk,Could not resolve host: licensing.breckland.gov.uk,none
licensing.burnley.gov.uk,gov.uk,200,none
licensing.carlisle.gov.uk,gov.uk,Operation timed out after 3002 milliseconds with 0 bytes received,none
licensing.castlepoint.gov.uk,gov.uk,Connection timed out after 3002 milliseconds,none
licensing.conwy.gov.uk,gov.uk,Could not resolve host: licensing.conwy.gov.uk,none
licensing.easthants.gov.uk,gov.uk,200,none
licensing.exeter.gov.uk,gov.uk,Connection timed out after 3002 milliseconds,none
licensing.fylde.gov.uk,gov.uk,Connection timed out after 3002 milliseconds,none
licensing.havant.gov.uk,gov.uk,Connection timed out after 3002 milliseconds,none
licensing.kennet.gov.uk,gov.uk,Could not resolve host: licensing.kennet.gov.uk,none
licensing.lancaster.gov.uk,gov.uk,200,none
licensing.liverpool.gov.uk,gov.uk,302,none
licensing.newcastle-staffs.gov.uk,gov.uk,200,none
licensing.north-dorset.gov.uk,gov.uk,Could not resolve host: licensing.north-dorset.gov.uk,none
licensing.northampton.gov.uk,gov.uk,Could not resolve host: licensing.northampton.gov.uk,none
licensing.northdevon.gov.uk,gov.uk,Connection timed out after 3002 milliseconds,none
licensing.pendle.gov.uk,gov.uk,Connection timed out after 3002 milliseconds,none
licensing.plymouth.gov.uk,gov.uk,SSL certificate problem: unable to get local issuer certificate,none
licensing.ribblevalley.gov.uk,gov.uk,302,none
licensing.rochdale.gov.uk,gov.uk,200,none
licensing.rossendalebc.gov.uk,gov.uk,Could not resolve host: licensing.rossendalebc.gov.uk,none
licensing.rushcliffe.gov.uk,gov.uk,Could not resolve host: licensing.rushcliffe.gov.uk,none
licensing.scambs.gov.uk,gov.uk,Could not resolve host: licensing.scambs.gov.uk,none
licensing.scarborough.gov.uk,gov.uk,Connection timed out after 3001 milliseconds,none
licensing.shropshire.gov.uk,gov.uk,Failed to connect to licensing.shropshire.gov.uk port 443 after 522 ms: Could not connect to server,none
licensing.southribble.gov.uk,gov.uk,Connection timed out after 3002 milliseconds,none
licensing.sstaffs.gov.uk,gov.uk,Could not resolve host: licensing.sstaffs.gov.uk,none
licensing.suffolkcoastal.gov.uk,gov.uk,Could not resolve host: licensing.suffolkcoastal.gov.uk,none
licensing.teignbridge.gov.uk,gov.uk,Could not resolve host: licensing.teignbridge.gov.uk,none
licensing.torridge.gov.uk,gov.uk,Could not resolve host: licensing.torridge.gov.uk,none
licensing.uttlesford.gov.uk,gov.uk,Failed to connect to licensing.uttlesford.gov.uk port 443 after 39 ms: Could not connect to server,none
licensing.wakefield.gov.uk,gov.uk,SSL certificate problem: unable to get local issuer certificate,none
licensing.warrington.gov.uk,gov.uk,Connection timed out after 3001 milliseconds,none
licensing.west-lindsey.gov.uk,gov.uk,302,none
licensing.westdorset-dc.gov.uk,gov.uk,Could not resolve host: licensing.westdorset-dc.gov.uk,none
licensing.wigan.gov.uk,gov.uk,Could not resolve host: licensing.wigan.gov.uk,none
licensingportal.warrington.gov.uk,gov.uk,Connection timed out after 3002 milliseconds,none
lichfielddc.gov.uk,gov.uk,301,10 eu-smtp-inbound-psc-2.mimecast.com.; 10 eu-smtp-inbound-psc-1.mimecast.com.
lilo.leeds.gov.uk,gov.uk,Could not resolve host: lilo.leeds.gov.uk,none
lincoln.gov.uk,gov.uk,301,none
lincolnshire.gov.uk,gov.uk,301,none
link.seemis.gov.uk,gov.uk,Could not resolve host: link.seemis.gov.uk,none
linkuplinkin.hmg.gov.uk,gov.uk,Could not resolve host: linkuplinkin.hmg.gov.uk,none
lists.mi5.gov.uk,gov.uk,Could not resolve host: lists.mi5.gov.uk,none
live-events.coi.gov.uk,gov.uk,Could not resolve host: live-events.coi.gov.uk,none
live.ofsted.gov.uk,gov.uk,Could not resolve host: live.ofsted.gov.uk,none
llagnet.gov.uk,gov.uk,Could not resolve host: llagnet.gov.uk,none
llpgport.oltps.sthelens.gov.uk,gov.uk,Connection timed out after 3002 milliseconds,none
lm.audit-scotland.gov.uk,gov.uk,Could not resolve host: lm.audit-scotland.gov.uk,none
lms.consumerdirect.gov.uk,gov.uk,Could not resolve host: lms.consumerdirect.gov.uk,none
lms.warwickshire.gov.uk,gov.uk,SSL: no alternative certificate subject name matches target hostname 'lms.warwickshire.gov.uk',none
lmtraining.lsc.gov.uk,gov.uk,Could not resolve host: lmtraining.lsc.gov.uk,none
local.n-kesteven.gov.uk,gov.uk,Could not resolve host: local.n-kesteven.gov.uk,none
localview.birmingham.gov.uk,gov.uk,Could not resolve host: localview.birmingham.gov.uk,none
localview.lancaster.gov.uk,gov.uk,Could not resolve host: localview.lancaster.gov.uk,none
localview.staffordshire.gov.uk,gov.uk,Connection timed out after 3001 milliseconds,none
logasnet.communities.gov.uk,gov.uk,530,none
logasnet.communities.gsi.gov.uk,gov.uk,Could not resolve host: logasnet.communities.gsi.gov.uk,none
login.cookstown.gov.uk,gov.uk,Could not resolve host: login.cookstown.gov.uk,none
login.dwpe-services.direct.gov.uk,gov.uk,Could not resolve host: login.dwpe-services.direct.gov.uk,none
login.hmrc.gov.uk,gov.uk,Could not resolve host: login.hmrc.gov.uk,none
login.metoffice.gov.uk,gov.uk,Could not resolve host: login.metoffice.gov.uk,none
login.nottscc.gov.uk,gov.uk,Connection timed out after 3002 milliseconds,none
login.s-norfolk.gov.uk,gov.uk,Could not resolve host: login.s-norfolk.gov.uk,none
login.thepensionsregulator.gov.uk,gov.uk,405,none
logon.csvacs.gov.uk,gov.uk,Could not resolve host: logon.csvacs.gov.uk,none
logon.metoffice.gov.uk,gov.uk,200,none
logonpre.metoffice.gov.uk,gov.uk,200,none
london-fire.gov.uk,gov.uk,307,none
london.gov.uk,gov.uk,301,none
londoncareplacements.gov.uk,gov.uk,Could not resolve host: londoncareplacements.gov.uk,none
londonloop.tfl.gov.uk,gov.uk,Could not resolve host: londonloop.tfl.gov.uk,none
londonsummit.gov.uk,gov.uk,Could not resolve host: londonsummit.gov.uk,none
lookinglocal.gov.uk,gov.uk,302,none
lowemissionzone.tfl.gov.uk,gov.uk,302,none
lp-advance.buckscc.gov.uk,gov.uk,Could not resolve host: lp-advance.buckscc.gov.uk,none
lpe.bury.gov.uk,gov.uk,Could not resolve host: lpe.bury.gov.uk,none
lpe.n-kesteven.gov.uk,gov.uk,Could not resolve host: lpe.n-kesteven.gov.uk,none
lrc.businesslink.gov.uk,gov.uk,301,none
ls-av.uksport.gov.uk,gov.uk,Could not resolve host: ls-av.uksport.gov.uk,none
ls-wc.uksport.gov.uk,gov.uk,Could not resolve host: ls-wc.uksport.gov.uk,none
ls-ws.uksport.gov.uk,gov.uk,Could not resolve host: ls-ws.uksport.gov.uk,none
lscrecruitment.lsc.gov.uk,gov.uk,Could not resolve host: lscrecruitment.lsc.gov.uk,none
lucas.tfl.gov.uk,gov.uk,Could not resolve host: lucas.tfl.gov.uk,none
lvproperty.staffordshire.gov.uk,gov.uk,Connection timed out after 3002 milliseconds,none
lws.stockport.gov.uk,gov.uk,503,none
lync.antrim.gov.uk,gov.uk,Could not resolve host: lync.antrim.gov.uk,none
lync.buckscc.gov.uk,gov.uk,Could not resolve host: lync.buckscc.gov.uk,none
lync.camden.gov.uk,gov.uk,Could not resolve host: lync.camden.gov.uk,none
lync.sps.gov.uk,gov.uk,Connection timed out after 3002 milliseconds,none
lync.uksport.gov.uk,gov.uk,Could not resolve host: lync.uksport.gov.uk,none
lyncdiscover.argyll-bute.gov.uk,gov.uk,Could not resolve host: lyncdiscover.argyll-bute.gov.uk,none
lyncdiscover.armagh.gov.uk,gov.uk,Could not resolve host: lyncdiscover.armagh.gov.uk,none
lyncdiscover.audit-scotland.gov.uk,gov.uk,Could not resolve host: lyncdiscover.audit-scotland.gov.uk,none
lyncdiscover.camden.gov.uk,gov.uk,530,none
lyncdiscover.chichester.gov.uk,gov.uk,Could not resolve host: lyncdiscover.chichester.gov.uk,none
lyncdiscover.gmpa.gov.uk,gov.uk,Could not resolve host: lyncdiscover.gmpa.gov.uk,none
lyncdiscover.nottscc.gov.uk,gov.uk,Could not resolve host: lyncdiscover.nottscc.gov.uk,none
lyncdiscover.salford.gov.uk,gov.uk,Could not resolve host: lyncdiscover.salford.gov.uk,none
lyncdiscover.scotcourts.gov.uk,gov.uk,Connection timed out after 3002 milliseconds,none
lyncdiscover.south-ayrshire.gov.uk,gov.uk,Connection timed out after 3002 milliseconds,none
lyncdiscover.stockport.gov.uk,gov.uk,Could not resolve host: lyncdiscover.stockport.gov.uk,none
lyncdiscover.taysidefire.gov.uk,gov.uk,Could not resolve host: lyncdiscover.taysidefire.gov.uk,none
lyncdiscoverinternal.scotcourts.gov.uk,gov.uk,Could not resolve host: lyncdiscoverinternal.scotcourts.gov.uk,none
lyncexternal.audit-scotland.gov.uk,gov.uk,Could not resolve host: lyncexternal.audit-scotland.gov.uk,none
lyncexternal.halton.gov.uk,gov.uk,Could not resolve host: lyncexternal.halton.gov.uk,none
lyncws.sps.gov.uk,gov.uk,Connection timed out after 3002 milliseconds,none
lynx2.lbhf.gov.uk,gov.uk,Connection timed out after 3002 milliseconds,none
lysolbryntirion.bridgend.gov.uk,gov.uk,Connection timed out after 3002 milliseconds,none
m2012.uksport.gov.uk,gov.uk,Could not resolve host: m2012.uksport.gov.uk,none
m3.walsall.gov.uk,gov.uk,Could not resolve host: m3.walsall.gov.uk,none
magnum.gmpte.gov.uk,gov.uk,Could not resolve host: magnum.gmpte.gov.uk,none
maidstone.gov.uk,gov.uk,403,none
mail.aaib.gov.uk,gov.uk,Could not resolve host: mail.aaib.gov.uk,none
mail.armagh.gov.uk,gov.uk,Could not resolve host: mail.armagh.gov.uk,none
mail.banbridge.gov.uk,gov.uk,Could not resolve host: mail.banbridge.gov.uk,none
mail.beacons-npa.gov.uk,gov.uk,Connection timed out after 3002 milliseconds,none
mail.bicester.gov.uk,gov.uk,SSL: no alternative certificate subject name matches target hostname 'mail.bicester.gov.uk',none
mail.birmingham.gov.uk,gov.uk,Connection timed out after 3002 milliseconds,none
mail.blackburn.gov.uk,gov.uk,Could not resolve host: mail.blackburn.gov.uk,none
mail.bude-stratton.gov.uk,gov.uk,Operation timed out after 3001 milliseconds with 0 bytes received,none
mail.bury.gov.uk,gov.uk,Connection timed out after 3002 milliseconds,none
mail.campbell-park.gov.uk,gov.uk,Operation timed out after 3001 milliseconds with 0 bytes received,none
mail.castlepoint.gov.uk,gov.uk,Could not resolve host: mail.castlepoint.gov.uk,none
mail.chippenham.gov.uk,gov.uk,SSL: no alternative certificate subject name matches target hostname 'mail.chippenham.gov.uk',none
mail.cookstown.gov.uk,gov.uk,Could not resolve host: mail.cookstown.gov.uk,none
mail.croydon.gov.uk,gov.uk,Could not resolve host: mail.croydon.gov.uk,none
mail.derbyshire.gov.uk,gov.uk,Could not resolve host: mail.derbyshire.gov.uk,none
mail.durhamcity.gov.uk,gov.uk,Could not resolve host: mail.durhamcity.gov.uk,none
mail.eastlothian.gov.uk,gov.uk,Could not resolve host: mail.eastlothian.gov.uk,none
mail.edinburgh.gov.uk,gov.uk,Connection timed out after 3002 milliseconds,none
mail.environment-agency.gov.uk,gov.uk,Resolving timed out after 3000 milliseconds,dig error
mail.envirowise.gov.uk,gov.uk,Could not resolve host: mail.envirowise.gov.uk,none
mail.erewash.gov.uk,gov.uk,Connection timed out after 3003 milliseconds,none
mail.falkirk.gov.uk,gov.uk,Could not resolve host: mail.falkirk.gov.uk,none
mail.firescotland.gov.uk,gov.uk,Could not resolve host: mail.firescotland.gov.uk,none
mail.fscc.gov.uk,gov.uk,Could not resolve host: mail.fscc.gov.uk,none
mail.gateshead.gov.uk,gov.uk,Connection timed out after 3002 milliseconds,none
mail.gloucestershire.gov.uk,gov.uk,Connection timed out after 3002 milliseconds,none
mail.harrogate.gov.uk,gov.uk,Could not resolve host: mail.harrogate.gov.uk,none
mail.historic-scotland.gov.uk,gov.uk,Could not resolve host: mail.historic-scotland.gov.uk,none
mail.larne.gov.uk,gov.uk,Could not resolve host: mail.larne.gov.uk,none
mail.lbwf.gov.uk,gov.uk,Could not resolve host: mail.lbwf.gov.uk,none
mail.lichfielddc.gov.uk,gov.uk,Connection timed out after 3002 milliseconds,none
mail.liverpool.gov.uk,gov.uk,302,none
mail.magherafelt.gov.uk,gov.uk,Could not resolve host: mail.magherafelt.gov.uk,none
mail.mansfield.gov.uk,gov.uk,302,none
mail.mawwfire.gov.uk,gov.uk,Connection timed out after 3002 milliseconds,none
mail.melton.gov.uk,gov.uk,Connection timed out after 3001 milliseconds,none
mail.mhs.gov.uk,gov.uk,Could not resolve host: mail.mhs.gov.uk,none
mail.middevon.gov.uk,gov.uk,Connection timed out after 3002 milliseconds,none
mail.midlothian.gov.uk,gov.uk,Could not resolve host: mail.midlothian.gov.uk,none
mail.n-somerset.gov.uk,gov.uk,Connection timed out after 3002 milliseconds,none
mail.nafn.gov.uk,gov.uk,Connection timed out after 3002 milliseconds,none
mail.nereo.gov.uk,gov.uk,Connection timed out after 3003 milliseconds,none
mail.newcastle.gov.uk,gov.uk,Could not resolve host: mail.newcastle.gov.uk,none
mail.north-dorset.gov.uk,gov.uk,Could not resolve host: mail.north-dorset.gov.uk,none
mail.northdevon.gov.uk,gov.uk,Could not resolve host: mail.northdevon.gov.uk,none
mail.northyorksfire.gov.uk,gov.uk,Could not resolve host: mail.northyorksfire.gov.uk,none
mail.nottscc.gov.uk,gov.uk,Connection timed out after 3003 milliseconds,none
mail.ofgem.gov.uk,gov.uk,Could not resolve host: mail.ofgem.gov.uk,none
mail.ofsted.gov.uk,gov.uk,Recv failure: Connexion ré-initialisée par le correspondant,none
mail.peakdistrict.gov.uk,gov.uk,Could not resolve host: mail.peakdistrict.gov.uk,none
mail.remoteworking.colchester.gov.uk,gov.uk,Could not resolve host: mail.remoteworking.colchester.gov.uk,none
mail.schools.nottscc.gov.uk,gov.uk,Could not resolve host: mail.schools.nottscc.gov.uk,none
mail.secouncils.gov.uk,gov.uk,Connection timed out after 3002 milliseconds,none
mail.sedgefield.gov.uk,gov.uk,Could not resolve host: mail.sedgefield.gov.uk,none
mail.sestran.gov.uk,gov.uk,Could not resolve host: mail.sestran.gov.uk,none
mail.smbc.sandwell.gov.uk,gov.uk,Could not resolve host: mail.smbc.sandwell.gov.uk,none
mail.somerset.gov.uk,gov.uk,Connection timed out after 3002 milliseconds,none
mail.south-ayrshire.gov.uk,gov.uk,302,none
mail.staffordshire.gov.uk,gov.uk,Connection timed out after 3002 milliseconds,none
mail.stneots-tc.gov.uk,gov.uk,Connection timed out after 3001 milliseconds,none
mail.swcouncils.gov.uk,gov.uk,Could not resolve host: mail.swcouncils.gov.uk,none
mail.teignmouth-devon.gov.uk,gov.uk,403,none
mail.telford.gov.uk,gov.uk,Could not resolve host: mail.telford.gov.uk,none
mail.thurrock.gov.uk,gov.uk,Failed to connect to mail.thurrock.gov.uk port 443 after 31 ms: Could not connect to server,none
mail.towerhamlets.gov.uk,gov.uk,Could not resolve host: mail.towerhamlets.gov.uk,none
mail.uksport.gov.uk,gov.uk,Connection timed out after 3002 milliseconds,none
mail.walthamforest.gov.uk,gov.uk,Could not resolve host: mail.walthamforest.gov.uk,none
mail.warrington.gov.uk,gov.uk,Connection timed out after 3002 milliseconds,none
mail.westdorset-dc.gov.uk,gov.uk,Could not resolve host: mail.westdorset-dc.gov.uk,none
mail.wiltsfire.gov.uk,gov.uk,Could not resolve host: mail.wiltsfire.gov.uk,none
mail.wiltshire.gov.uk,gov.uk,Connection timed out after 3003 milliseconds,none
mail1.barclayscyclehire.tfl.gov.uk,gov.uk,Could not resolve host: mail1.barclayscyclehire.tfl.gov.uk,none
mail1.gloucester.gov.uk,gov.uk,Could not resolve host: mail1.gloucester.gov.uk,none
mailbackup.warrington.gov.uk,gov.uk,Connection timed out after 3002 milliseconds,none
mailgate.chelmsfordbc.gov.uk,gov.uk,Could not resolve host: mailgate.chelmsfordbc.gov.uk,none
mailgate.lbwf.gov.uk,gov.uk,Could not resolve host: mailgate.lbwf.gov.uk,none
mailgate.redcar-cleveland.gov.uk,gov.uk,Could not resolve host: mailgate.redcar-cleveland.gov.uk,none
mailgate.sevenoakstown.gov.uk,gov.uk,Connection timed out after 3002 milliseconds,none
mailhost.carmarthenshire.gov.uk,gov.uk,Connection timed out after 3002 milliseconds,none
mailserv.parking-adjudication.gov.uk,gov.uk,Connection timed out after 3002 milliseconds,none
mailserv.parking-appeals.gov.uk,gov.uk,Could not resolve host: mailserv.parking-appeals.gov.uk,none
mailserv.trafficpenaltytribunal.gov.uk,gov.uk,Could not resolve host: mailserv.trafficpenaltytribunal.gov.uk,none
mailworking.barnsley.gov.uk,gov.uk,Could not resolve host: mailworking.barnsley.gov.uk,none
malvernhills.gov.uk,gov.uk,307,none
manage.ukba.homeoffice.gov.uk,gov.uk,Could not resolve host: manage.ukba.homeoffice.gov.uk,none
mansfield.gov.uk,gov.uk,301,none
map.westminster.gov.uk,gov.uk,Could not resolve host: map.westminster.gov.uk,none
mapit2.nottscc.gov.uk,gov.uk,Recv failure: Connexion ré-initialisée par le correspondant,none
maps.aylesburyvaledc.gov.uk,gov.uk,Could not resolve host: maps.aylesburyvaledc.gov.uk,none
maps.bracknell-forest.gov.uk,gov.uk,Could not resolve host: maps.bracknell-forest.gov.uk,none
maps.osni.gov.uk,gov.uk,SSL: no alternative certificate subject name matches target hostname 'maps.osni.gov.uk',none
maps.salford.gov.uk,gov.uk,Could not resolve host: maps.salford.gov.uk,none
maps.telford.gov.uk,gov.uk,200,none
maypole.wigan.gov.uk,gov.uk,Connection timed out after 3000 milliseconds,none
mbcmsx001.internal.melton.gov.uk,gov.uk,Could not resolve host: mbcmsx001.internal.melton.gov.uk,none
mbg.reading.gov.uk,gov.uk,Could not resolve host: mbg.reading.gov.uk,none
mcc-exch01.parking-adjudication.gov.uk,gov.uk,Could not resolve host: mcc-exch01.parking-adjudication.gov.uk,none
mcga.gov.uk,gov.uk,Connection timed out after 3002 milliseconds,none
mcr.eaststaffsbc.gov.uk,gov.uk,Could not resolve host: mcr.eaststaffsbc.gov.uk,none
mcrgateway.salford.gov.uk,gov.uk,502,none
mcs.tfl.gov.uk,gov.uk,Resolving timed out after 3000 milliseconds,none
mdm.peterborough.gov.uk,gov.uk,Could not resolve host: mdm.peterborough.gov.uk,none
me.nottscc.gov.uk,gov.uk,Connection timed out after 3001 milliseconds,none
me.reading.gov.uk,gov.uk,Could not resolve host: me.reading.gov.uk,none
media.gra.businesslink.gov.uk,gov.uk,Could not resolve host: media.gra.businesslink.gov.uk,none
media.number10.gov.uk,gov.uk,Could not resolve host: media.number10.gov.uk,none
medway.gov.uk,gov.uk,301,none
meet.audit-scotland.gov.uk,gov.uk,Could not resolve host: meet.audit-scotland.gov.uk,none
meet.buckscc.gov.uk,gov.uk,Could not resolve host: meet.buckscc.gov.uk,none
meet.cannockchasedc.gov.uk,gov.uk,Could not resolve host: meet.cannockchasedc.gov.uk,none
meet.chichester.gov.uk,gov.uk,Could not resolve host: meet.chichester.gov.uk,none
meet.firescotland.gov.uk,gov.uk,Could not resolve host: meet.firescotland.gov.uk,none
meet.gmpa.gov.uk,gov.uk,Could not resolve host: meet.gmpa.gov.uk,none
meet.halton.gov.uk,gov.uk,Could not resolve host: meet.halton.gov.uk,none
meet.havering.gov.uk,gov.uk,503,none
meet.ofsted.gov.uk,gov.uk,Could not resolve host: meet.ofsted.gov.uk,none
meet.salford.gov.uk,gov.uk,502,none
meet.spin.sps.gov.uk,gov.uk,Could not resolve host: meet.spin.sps.gov.uk,none
meet.staffordbc.gov.uk,gov.uk,Could not resolve host: meet.staffordbc.gov.uk,none
meet.westyorksfire.gov.uk,gov.uk,Could not resolve host: meet.westyorksfire.gov.uk,none
meetings.brighton-hove.gov.uk,gov.uk,Could not resolve host: meetings.brighton-hove.gov.uk,none
meetings.gmpa.gov.uk,gov.uk,Could not resolve host: meetings.gmpa.gov.uk,none
melton.gov.uk,gov.uk,302,5 mail.lictp.co.uk.
members.blackpool.gov.uk,gov.uk,Could not resolve host: members.blackpool.gov.uk,none
members.brentwood.gov.uk,gov.uk,Failed to connect to members.brentwood.gov.uk port 443 after 30 ms: Could not connect to server,none
members.historic-scotland.gov.uk,gov.uk,404,none
members.newcastle-staffs.gov.uk,gov.uk,Could not resolve host: members.newcastle-staffs.gov.uk,none
members.westminster.gov.uk,gov.uk,Connection timed out after 3002 milliseconds,none
members.wycombe.gov.uk,gov.uk,Could not resolve host: members.wycombe.gov.uk,none
membersportal.basingstoke.gov.uk,gov.uk,Connection timed out after 3002 milliseconds,none
merton.gov.uk,gov.uk,301,none
messaging.herefordshire.gov.uk,gov.uk,Connection timed out after 3002 milliseconds,none
metoffice.gov.uk,gov.uk,301,8 expmgw01.metoffice.gov.uk.; 10 expmgw02.metoffice.gov.uk.
mgi.fsa.gov.uk,gov.uk,Could not resolve host: mgi.fsa.gov.uk,none
mgipre.fsa.gov.uk,gov.uk,Could not resolve host: mgipre.fsa.gov.uk,none
mhdc-ex2010.malvernhills.gov.uk,gov.uk,Could not resolve host: mhdc-ex2010.malvernhills.gov.uk,none
mhs.gov.uk,gov.uk,Could not resolve host: mhs.gov.uk,none
mi-vsp.maidstone.gov.uk,gov.uk,Could not resolve host: mi-vsp.maidstone.gov.uk,none
mi.derby.gov.uk,gov.uk,Could not resolve host: mi.derby.gov.uk,none
mias.derby.gov.uk,gov.uk,Could not resolve host: mias.derby.gov.uk,none
milton-keynes.gov.uk,gov.uk,301,none
ministers.culture.gov.uk,gov.uk,Could not resolve host: ministers.culture.gov.uk,none
mis.fi.gateway.gov.uk,gov.uk,Could not resolve host: mis.fi.gateway.gov.uk,none
mis.gateway.gov.uk,gov.uk,Could not resolve host: mis.gateway.gov.uk,none
mksmartconnect.milton-keynes.gov.uk,gov.uk,Could not resolve host: mksmartconnect.milton-keynes.gov.uk,none
mla.gov.uk,gov.uk,Could not resolve host: mla.gov.uk,none
mm.hinckley-bosworth.gov.uk,gov.uk,302,none
mmail.wirral.gov.uk,gov.uk,Could not resolve host: mmail.wirral.gov.uk,none
mmu.cabinetoffice.gov.uk,gov.uk,Connection timed out after 3002 milliseconds,none
mmu.coi.gov.uk,gov.uk,Could not resolve host: mmu.coi.gov.uk,none
mo.lsc.gov.uk,gov.uk,Could not resolve host: mo.lsc.gov.uk,none
mobile.birmingham.gov.uk,gov.uk,Connection timed out after 3002 milliseconds,none
mobile.bolsover.gov.uk,gov.uk,403,none
mobile.bolton.gov.uk,gov.uk,Connection timed out after 3002 milliseconds,none
mobile.bournemouth.gov.uk,gov.uk,Could not resolve host: mobile.bournemouth.gov.uk,none
mobile.colchester.gov.uk,gov.uk,Could not resolve host: mobile.colchester.gov.uk,none
mobile.confirm.haringey.gov.uk,gov.uk,Could not resolve host: mobile.confirm.haringey.gov.uk,none
mobile.durham.gov.uk,gov.uk,Connection timed out after 3002 milliseconds,none
mobile.edinburgh.gov.uk,gov.uk,Could not resolve host: mobile.edinburgh.gov.uk,none
mobile.harrow.gov.uk,gov.uk,Could not resolve host: mobile.harrow.gov.uk,none
mobile.lgiu.gov.uk,gov.uk,Could not resolve host: mobile.lgiu.gov.uk,none
mobile.northamptonshire.gov.uk,gov.uk,Could not resolve host: mobile.northamptonshire.gov.uk,none
mobile.northyorksfire.gov.uk,gov.uk,Could not resolve host: mobile.northyorksfire.gov.uk,none
mobile.ryedale.gov.uk,gov.uk,Could not resolve host: mobile.ryedale.gov.uk,none
mobile.sandwell.gov.uk,gov.uk,Connection timed out after 3001 milliseconds,none
mobile.selby.gov.uk,gov.uk,Could not resolve host: mobile.selby.gov.uk,none
mobile.southribble.gov.uk,gov.uk,Connection timed out after 3002 milliseconds,none
mobile.staffordshire.gov.uk,gov.uk,Connection timed out after 3001 milliseconds,none
mobile.stockton.gov.uk,gov.uk,403,none
mobile.stroud.gov.uk,gov.uk,Could not resolve host: mobile.stroud.gov.uk,none
mobile.swale.gov.uk,gov.uk,Connection timed out after 3001 milliseconds,none
mobile.swansea-edunet.gov.uk,gov.uk,Could not resolve host: mobile.swansea-edunet.gov.uk,none
mobile.swansea.gov.uk,gov.uk,Connection timed out after 3001 milliseconds,none
mobile.telford.gov.uk,gov.uk,Could not resolve host: mobile.telford.gov.uk,none
mobile.trafford.gov.uk,gov.uk,503,none
mobile.ukhoftp.gov.uk,gov.uk,Could not resolve host: mobile.ukhoftp.gov.uk,none
mobile.uttlesford.gov.uk,gov.uk,Failed to connect to mobile.uttlesford.gov.uk port 443 after 43 ms: Could not connect to server,none
mobile.west-norfolk.gov.uk,gov.uk,Connection timed out after 3001 milliseconds,none
mobile.winchester.gov.uk,gov.uk,Could not resolve host: mobile.winchester.gov.uk,none
mobile.worcester.gov.uk,gov.uk,Could not resolve host: mobile.worcester.gov.uk,none
mobilebc.croydon.gov.uk,gov.uk,Could not resolve host: mobilebc.croydon.gov.uk,none
mobiledevices.harrow.gov.uk,gov.uk,Could not resolve host: mobiledevices.harrow.gov.uk,none
mobilestreetscene.croydon.gov.uk,gov.uk,Could not resolve host: mobilestreetscene.croydon.gov.uk,none
mobileworking.gateshead.gov.uk,gov.uk,Could not resolve host: mobileworking.gateshead.gov.uk,none
mobmail.aylesburyvaledc.gov.uk,gov.uk,Could not resolve host: mobmail.aylesburyvaledc.gov.uk,none
moderngov.cheshireeast.gov.uk,gov.uk,302,none
moderngov.newcastle-staffs.gov.uk,gov.uk,302,none
moderngov.sthelens.gov.uk,gov.uk,Connection timed out after 3002 milliseconds,none
modipunit.ukti.gov.uk,gov.uk,Could not resolve host: modipunit.ukti.gov.uk,none
mole-valley.gov.uk,gov.uk,Connection timed out after 3001 milliseconds,none
moodle.dudley.gov.uk,gov.uk,Connection timed out after 3002 milliseconds,none
moodle.sthelens.gov.uk,gov.uk,Connection timed out after 3002 milliseconds,none
moodle.surreycc.gov.uk,gov.uk,Could not resolve host: moodle.surreycc.gov.uk,none
moowa.cheltenham.gov.uk,gov.uk,Could not resolve host: moowa.cheltenham.gov.uk,none
mopw.cheltenham.gov.uk,gov.uk,Could not resolve host: mopw.cheltenham.gov.uk,none
morganite.carmarthenshire.gov.uk,gov.uk,Could not resolve host: morganite.carmarthenshire.gov.uk,none
mortgagesupport-mi.communities.gov.uk,gov.uk,Could not resolve host: mortgagesupport-mi.communities.gov.uk,none
moss.derby.gov.uk,gov.uk,Could not resolve host: moss.derby.gov.uk,none
motoring.direct.gov.uk,gov.uk,301,none
moveit.copfs.gov.uk,gov.uk,Connection timed out after 3002 milliseconds,none
mpa-cas.mpa.gov.uk,gov.uk,Could not resolve host: mpa-cas.mpa.gov.uk,none
mplus.warwickshire.gov.uk,gov.uk,Could not resolve host: mplus.warwickshire.gov.uk,none
ms.fs4b.wales.gov.uk,gov.uk,Could not resolve host: ms.fs4b.wales.gov.uk,none
mutuals.fsa.gov.uk,gov.uk,Could not resolve host: mutuals.fsa.gov.uk,none
mutualsadmin.fsa.gov.uk,gov.uk,Could not resolve host: mutualsadmin.fsa.gov.uk,none
my.bracknell-forest.gov.uk,gov.uk,Could not resolve host: my.bracknell-forest.gov.uk,none
my.civilservice.gov.uk,gov.uk,SSL: no alternative certificate subject name matches target hostname 'my.civilservice.gov.uk',none
my.corby.gov.uk,gov.uk,Could not resolve host: my.corby.gov.uk,none
my.croydon.gov.uk,gov.uk,SSL certificate problem: certificate has expired,none
my.tfl.gov.uk,gov.uk,Could not resolve host: my.tfl.gov.uk,none
my.towerhamlets.gov.uk,gov.uk,Connection timed out after 3002 milliseconds,none
myaccount.aylesburyvaledc.gov.uk,gov.uk,Could not resolve host: myaccount.aylesburyvaledc.gov.uk,none
myaccount.cheshireeast.gov.uk,gov.uk,Could not resolve host: myaccount.cheshireeast.gov.uk,none
myaccount.croydon.gov.uk,gov.uk,Could not resolve host: myaccount.croydon.gov.uk,none
myaccount.edinburgh.gov.uk,gov.uk,Could not resolve host: myaccount.edinburgh.gov.uk,none
myaccount.fi.gateway.gov.uk,gov.uk,Could not resolve host: myaccount.fi.gateway.gov.uk,none
myaccount.gateway.gov.uk,gov.uk,Could not resolve host: myaccount.gateway.gov.uk,none
myaccount.hackney.gov.uk,gov.uk,Could not resolve host: myaccount.hackney.gov.uk,none
myaccount.lbbd.gov.uk,gov.uk,Could not resolve host: myaccount.lbbd.gov.uk,none
myaccount.lewisham.gov.uk,gov.uk,SSL: no alternative certificate subject name matches target hostname 'myaccount.lewisham.gov.uk',none
myaccount.n-somerset.gov.uk,gov.uk,301,none
myaccount.newham.gov.uk,gov.uk,302,none
myaccount.richmond.gov.uk,gov.uk,Could not resolve host: myaccount.richmond.gov.uk,none
myaccount.runnymede.gov.uk,gov.uk,Could not resolve host: myaccount.runnymede.gov.uk,none
myaccount.southwark.gov.uk,gov.uk,200,none
myaccount.stoke.gov.uk,gov.uk,SSL: no alternative certificate subject name matches target hostname 'myaccount.stoke.gov.uk',none
myaccount.sutton.gov.uk,gov.uk,302,none
myaccount.testvalley.gov.uk,gov.uk,Could not resolve host: myaccount.testvalley.gov.uk,none
myaccount.west-lindsey.gov.uk,gov.uk,Could not resolve host: myaccount.west-lindsey.gov.uk,none
myaccounts.northampton.gov.uk,gov.uk,Could not resolve host: myaccounts.northampton.gov.uk,none
myaccounts.scambs.gov.uk,gov.uk,Could not resolve host: myaccounts.scambs.gov.uk,none
myaccounts.towerhamlets.gov.uk,gov.uk,Could not resolve host: myaccounts.towerhamlets.gov.uk,none
myapps.centralbedfordshire.gov.uk,gov.uk,Could not resolve host: myapps.centralbedfordshire.gov.uk,none
myapps.oxfordshire.gov.uk,gov.uk,Could not resolve host: myapps.oxfordshire.gov.uk,none
myapps2.centralbedfordshire.gov.uk,gov.uk,Could not resolve host: myapps2.centralbedfordshire.gov.uk,none
myattachments.oxfordshire.gov.uk,gov.uk,Could not resolve host: myattachments.oxfordshire.gov.uk,none
mychildcare.tfl.gov.uk,gov.uk,Connection timed out after 3002 milliseconds,none
mycitrix.harrow.gov.uk,gov.uk,Could not resolve host: mycitrix.harrow.gov.uk,none
mycommittee.oxfordshire.gov.uk,gov.uk,Resolving timed out after 3000 milliseconds,none
myconnections.oxfordshire.gov.uk,gov.uk,Could not resolve host: myconnections.oxfordshire.gov.uk,none
myconsultations.oxfordshire.gov.uk,gov.uk,Could not resolve host: myconsultations.oxfordshire.gov.uk,none
mycouncil.surreycc.gov.uk,gov.uk,200,none
mydesktop.southsomerset.gov.uk,gov.uk,Could not resolve host: mydesktop.southsomerset.gov.uk,none
mydocs.oxfordshire.gov.uk,gov.uk,Could not resolve host: mydocs.oxfordshire.gov.uk,none
myeaccount.islington.gov.uk,gov.uk,301,none
myestart.oxfordshire.gov.uk,gov.uk,Could not resolve host: myestart.oxfordshire.gov.uk,none
myfiles.oxfordshire.gov.uk,gov.uk,Resolving timed out after 3000 milliseconds,none
myharrowaccount.harrow.gov.uk,gov.uk,Could not resolve host: myharrowaccount.harrow.gov.uk,none
myjobscotland.gov.uk,gov.uk,200,none
mylo.dcsf.gov.uk,gov.uk,Could not resolve host: mylo.dcsf.gov.uk,none
mymail.brighton-hove.gov.uk,gov.uk,Could not resolve host: mymail.brighton-hove.gov.uk,none
mymail.leeds.gov.uk,gov.uk,Could not resolve host: mymail.leeds.gov.uk,none
mymail.midbeds.gov.uk,gov.uk,Could not resolve host: mymail.midbeds.gov.uk,none
mymail.oxfordshire.gov.uk,gov.uk,Could not resolve host: mymail.oxfordshire.gov.uk,none
mymail.preston.gov.uk,gov.uk,Connection timed out after 3002 milliseconds,none
mymail.southsomerset.gov.uk,gov.uk,Could not resolve host: mymail.southsomerset.gov.uk,none
mymail.torridge.gov.uk,gov.uk,Could not resolve host: mymail.torridge.gov.uk,none
mymail2.brighton-hove.gov.uk,gov.uk,Could not resolve host: mymail2.brighton-hove.gov.uk,none
mymailarchive.oxfordshire.gov.uk,gov.uk,Resolving timed out after 3000 milliseconds,none
mymodus.oxfordshire.gov.uk,gov.uk,Could not resolve host: mymodus.oxfordshire.gov.uk,none
myoffice.huntsdc.gov.uk,gov.uk,Connection timed out after 3002 milliseconds,none
myopac.oxfordshire.gov.uk,gov.uk,301,none
mypension.sppa.gov.uk,gov.uk,302,none
myperfplus.oxfordshire.gov.uk,gov.uk,Could not resolve host: myperfplus.oxfordshire.gov.uk,none
myportal.westberks.gov.uk,gov.uk,Connection timed out after 3002 milliseconds,none
mysay.torfaen.gov.uk,gov.uk,SSL certificate problem: certificate has expired,none
myservice.gateshead.gov.uk,gov.uk,200,none
mysite.derbys-fire.gov.uk,gov.uk,Could not resolve host: mysite.derbys-fire.gov.uk,none
mysite.lsc.gov.uk,gov.uk,Could not resolve host: mysite.lsc.gov.uk,none
mysite.somerset.gov.uk,gov.uk,Could not resolve host: mysite.somerset.gov.uk,none
mysites.bournemouth.gov.uk,gov.uk,Could not resolve host: mysites.bournemouth.gov.uk,none
mysites.monitor-nhsft.gov.uk,gov.uk,Could not resolve host: mysites.monitor-nhsft.gov.uk,none
myview.cne-siar.gov.uk,gov.uk,Could not resolve host: myview.cne-siar.gov.uk,none
myview.leicester.gov.uk,gov.uk,Connection timed out after 3002 milliseconds,none
myvirtualdesk.westlothian.gov.uk,gov.uk,Could not resolve host: myvirtualdesk.westlothian.gov.uk,none
mywork.oxfordshire.gov.uk,gov.uk,Could not resolve host: mywork.oxfordshire.gov.uk,none
mywork.torridge.gov.uk,gov.uk,Could not resolve host: mywork.torridge.gov.uk,none
myworkspace.eastriding.gov.uk,gov.uk,302,none
mywsus.oxfordshire.gov.uk,gov.uk,Resolving timed out after 3001 milliseconds,none
n-somerset.gov.uk,gov.uk,403,none
n3portal.essexcc.gov.uk,gov.uk,Could not resolve host: n3portal.essexcc.gov.uk,none
naomail.nao.gsi.gov.uk,gov.uk,Could not resolve host: naomail.nao.gsi.gov.uk,none
nationalcareersservice.direct.gov.uk,gov.uk,301,none
nationalcitizenservice.direct.gov.uk,gov.uk,301,none
nca-aa.qcda.gov.uk,gov.uk,Could not resolve host: nca-aa.qcda.gov.uk,none
nca-pr.qcda.gov.uk,gov.uk,Could not resolve host: nca-pr.qcda.gov.uk,none
ncatools.qcda.gov.uk,gov.uk,Could not resolve host: ncatools.qcda.gov.uk,none
nccexmail.nottinghamcity.gov.uk,gov.uk,Connection timed out after 3002 milliseconds,none
nccsec.newport.gov.uk,gov.uk,500,none
nda.gov.uk,gov.uk,SSL: no alternative certificate subject name matches target hostname 'nda.gov.uk',none
nddc-bla-mxs-01.north-dorset.gov.uk,gov.uk,Could not resolve host: nddc-bla-mxs-01.north-dorset.gov.uk,none
ndms.derby.gov.uk,gov.uk,Could not resolve host: ndms.derby.gov.uk,none
ndo.hmrc.gov.uk,gov.uk,Could not resolve host: ndo.hmrc.gov.uk,none
nds.coi.gov.uk,gov.uk,Could not resolve host: nds.coi.gov.uk,none
nelcaa1.nelincs.gov.uk,gov.uk,Could not resolve host: nelcaa1.nelincs.gov.uk,none
nelcaa2.nelincs.gov.uk,gov.uk,Could not resolve host: nelcaa2.nelincs.gov.uk,none
nelhubcas01.nelincs.gov.uk,gov.uk,Could not resolve host: nelhubcas01.nelincs.gov.uk,none
nelhubcas02.nelincs.gov.uk,gov.uk,Could not resolve host: nelhubcas02.nelincs.gov.uk,none
nelhubcas03.nelincs.gov.uk,gov.uk,Could not resolve host: nelhubcas03.nelincs.gov.uk,none
nelhubcas04.nelincs.gov.uk,gov.uk,Could not resolve host: nelhubcas04.nelincs.gov.uk,none
neoteris.durham.gov.uk,gov.uk,Could not resolve host: neoteris.durham.gov.uk,none
neoteris.gad.gov.uk,gov.uk,Could not resolve host: neoteris.gad.gov.uk,none
netilla.southsomerset.gov.uk,gov.uk,Could not resolve host: netilla.southsomerset.gov.uk,none
netilla.staffordbc.gov.uk,gov.uk,Could not resolve host: netilla.staffordbc.gov.uk,none
new.hmce.gov.uk,gov.uk,Connection timed out after 3002 milliseconds,none
newark-sherwooddc.gov.uk,gov.uk,200,none
newcastle-staffs.gov.uk,gov.uk,Could not resolve host: newcastle-staffs.gov.uk,none
newcastle.gov.uk,gov.uk,307,none
newham.gov.uk,gov.uk,301,10 newham-gov-uk.mail.protection.outlook.com.
newintranet.lsc.gov.uk,gov.uk,Could not resolve host: newintranet.lsc.gov.uk,none
news.nottscc.gov.uk,gov.uk,Connection timed out after 3002 milliseconds,none
news.warwickshire.gov.uk,gov.uk,Could not resolve host: news.warwickshire.gov.uk,none
newsearch.lsc.gov.uk,gov.uk,Could not resolve host: newsearch.lsc.gov.uk,none
newwaytoplan.tfl.gov.uk,gov.uk,Could not resolve host: newwaytoplan.tfl.gov.uk,none
nextstep.direct.gov.uk,gov.uk,410,none
nfcdd.environment-agency.gov.uk,gov.uk,Could not resolve host: nfcdd.environment-agency.gov.uk,none
nfcddtraining.environment-agency.gov.uk,gov.uk,Could not resolve host: nfcddtraining.environment-agency.gov.uk,none
nfuse.lbbd.gov.uk,gov.uk,Could not resolve host: nfuse.lbbd.gov.uk,none
nfuse.leeds.gov.uk,gov.uk,Could not resolve host: nfuse.leeds.gov.uk,none
nfuse.stoke.gov.uk,gov.uk,SSL certificate problem: unable to get local issuer certificate,none
nfuse2.leeds.gov.uk,gov.uk,Could not resolve host: nfuse2.leeds.gov.uk,none
nio.gov.uk,gov.uk,SSL: no alternative certificate subject name matches target hostname 'nio.gov.uk',none
nlbp-b4-dc-fw01.barnet.gov.uk,gov.uk,Connection timed out after 3002 milliseconds,none
nme.bolton.gov.uk,gov.uk,Connection timed out after 3002 milliseconds,none
noms.gov.uk,gov.uk,Could not resolve host: noms.gov.uk,none
norfolkrevenuespartnership.gov.uk,gov.uk,Could not resolve host: norfolkrevenuespartnership.gov.uk,none
norlink.norfolk.gov.uk,gov.uk,SSL: no alternative certificate subject name matches target hostname 'norlink.norfolk.gov.uk',none
north-dorset.gov.uk,gov.uk,Could not resolve host: north-dorset.gov.uk,none
north-herts.gov.uk,gov.uk,Could not resolve host: north-herts.gov.uk,none
northdown.gov.uk,gov.uk,Could not resolve host: northdown.gov.uk,none
northlan.gov.uk,gov.uk,301,none
northlanarkshire.gov.uk,gov.uk,301,none
northtyneside.gov.uk,gov.uk,Could not resolve host: northtyneside.gov.uk,none
northyorks.gov.uk,gov.uk,Could not resolve host: northyorks.gov.uk,none
northyorksfire.gov.uk,gov.uk,301,5 northyorksfire-gov-uk.mail.protection.outlook.com.
nossl.businesslink.gov.uk,gov.uk,Could not resolve host: nossl.businesslink.gov.uk,none
nottinghamshire.gov.uk,gov.uk,302,none
nottscc.gov.uk,gov.uk,Could not resolve host: nottscc.gov.uk,none
npslba.teachernet.gov.uk,gov.uk,Could not resolve host: npslba.teachernet.gov.uk,none
npt.gov.uk,gov.uk,404,10 npt.in.tmes.trendmicro.eu.
npwd.environment-agency.gov.uk,gov.uk,200,none
ns.wyreforestdc.gov.uk,gov.uk,Could not resolve host: ns.wyreforestdc.gov.uk,none
nscag.north-herts.gov.uk,gov.uk,Could not resolve host: nscag.north-herts.gov.uk,none
nservices.salford.gov.uk,gov.uk,502,none
nsp1.cambridgeshire.gov.uk,gov.uk,Could not resolve host: nsp1.cambridgeshire.gov.uk,none
nsp1.dundeecity.gov.uk,gov.uk,Could not resolve host: nsp1.dundeecity.gov.uk,none
nsp1.stockton.gov.uk,gov.uk,Could not resolve host: nsp1.stockton.gov.uk,none
nsp2.cambridgeshire.gov.uk,gov.uk,Could not resolve host: nsp2.cambridgeshire.gov.uk,none
nsp2.dundeecity.gov.uk,gov.uk,Could not resolve host: nsp2.dundeecity.gov.uk,none
nsp2.stockton.gov.uk,gov.uk,Could not resolve host: nsp2.stockton.gov.uk,none
nsp3.cambridgeshire.gov.uk,gov.uk,Could not resolve host: nsp3.cambridgeshire.gov.uk,none
nuneatonandbedworth.gov.uk,gov.uk,301,none
nwhoit.gwynedd.gov.uk,gov.uk,Could not resolve host: nwhoit.gwynedd.gov.uk,none
nwtra.gwynedd.gov.uk,gov.uk,Could not resolve host: nwtra.gwynedd.gov.uk,none
nyfra-exc-dr02.northyorksfire.gov.uk,gov.uk,Could not resolve host: nyfra-exc-dr02.northyorksfire.gov.uk,none
nyfra-exc07-01.northyorksfire.gov.uk,gov.uk,Could not resolve host: nyfra-exc07-01.northyorksfire.gov.uk,none
nyfra-exc07-02.northyorksfire.gov.uk,gov.uk,Could not resolve host: nyfra-exc07-02.northyorksfire.gov.uk,none
nyfra-exc10-01.northyorksfire.gov.uk,gov.uk,Could not resolve host: nyfra-exc10-01.northyorksfire.gov.uk,none
nyfra-exc10-02.northyorksfire.gov.uk,gov.uk,Could not resolve host: nyfra-exc10-02.northyorksfire.gov.uk,none
nyfra-exc10-dag.northyorksfire.gov.uk,gov.uk,Could not resolve host: nyfra-exc10-dag.northyorksfire.gov.uk,none
nyfra-exc10-dr1.northyorksfire.gov.uk,gov.uk,Could not resolve host: nyfra-exc10-dr1.northyorksfire.gov.uk,none
nyfra-exc10-dr2.northyorksfire.gov.uk,gov.uk,Could not resolve host: nyfra-exc10-dr2.northyorksfire.gov.uk,none
oab.hounslow.gov.uk,gov.uk,Could not resolve host: oab.hounslow.gov.uk,none
oac.chorley.gov.uk,gov.uk,Could not resolve host: oac.chorley.gov.uk,none
oadby-wigston.gov.uk,gov.uk,301,none
occ.sthelens.gov.uk,gov.uk,200,none
ocs.argyll-bute.gov.uk,gov.uk,Connection timed out after 3002 milliseconds,none
ocs.audit-scotland.gov.uk,gov.uk,Could not resolve host: ocs.audit-scotland.gov.uk,none
ocs.cheshirefire.gov.uk,gov.uk,Could not resolve host: ocs.cheshirefire.gov.uk,none
ocs.conwy.gov.uk,gov.uk,Could not resolve host: ocs.conwy.gov.uk,none
ocs.hfea.gov.uk,gov.uk,Could not resolve host: ocs.hfea.gov.uk,none
ocs.mhra.gov.uk,gov.uk,Connection timed out after 3002 milliseconds,none
ocs.south-ayrshire.gov.uk,gov.uk,Could not resolve host: ocs.south-ayrshire.gov.uk,none
ocs.telford.gov.uk,gov.uk,Could not resolve host: ocs.telford.gov.uk,none
ocs2.salford.gov.uk.salford.gov.uk,gov.uk,SSL: no alternative certificate subject name matches target hostname 'ocs2.salford.gov.uk.salford.gov.uk',none
ocs2010webext.taysidefire.gov.uk,gov.uk,Failed to connect to ocs2010webext.taysidefire.gov.uk port 443 after 2150 ms: Could not connect to server,none
ocsproxy.corpoflondon.gov.uk,gov.uk,Could not resolve host: ocsproxy.corpoflondon.gov.uk,none
ocsweb.corpoflondon.gov.uk,gov.uk,Could not resolve host: ocsweb.corpoflondon.gov.uk,none
ocsweb.ofsted.gov.uk,gov.uk,Could not resolve host: ocsweb.ofsted.gov.uk,none
ocsweb.telford.gov.uk,gov.uk,Could not resolve host: ocsweb.telford.gov.uk,none
odx.hounslow.gov.uk,gov.uk,Connection timed out after 3002 milliseconds,none
oelas.mla.gov.uk,gov.uk,Could not resolve host: oelas.mla.gov.uk,none
officelink.sefton.gov.uk,gov.uk,Could not resolve host: officelink.sefton.gov.uk,none
ofgem.gov.uk,gov.uk,301,8 ofgem-gov-uk.mail.protection.outlook.com.
ofqual.gov.uk,gov.uk,301,0 ofqual-gov-uk.mail.protection.outlook.com.
ofsted.gov.uk,gov.uk,SSL: no alternative certificate subject name matches target hostname 'ofsted.gov.uk',none
oft-tools.oft.gov.uk,gov.uk,Could not resolve host: oft-tools.oft.gov.uk,none
ogc.gov.uk,gov.uk,Could not resolve host: ogc.gov.uk,none
ojc.judicialcomplaints.gov.uk,gov.uk,Could not resolve host: ojc.judicialcomplaints.gov.uk,none
ojc.judiciary.gov.uk,gov.uk,Failed to connect to ojc.judiciary.gov.uk port 443 after 47 ms: Could not connect to server,none
ola.kent.gov.uk,gov.uk,Connection timed out after 3002 milliseconds,none
oldham.gov.uk,gov.uk,301,none
oldlcp.londoncareplacements.gov.uk,gov.uk,Could not resolve host: oldlcp.londoncareplacements.gov.uk,none
olf.ipo.gov.uk,gov.uk,Connection timed out after 3002 milliseconds,none
oma.lichfielddc.gov.uk,gov.uk,Could not resolve host: oma.lichfielddc.gov.uk,none
oma.melton.gov.uk,gov.uk,Connection timed out after 3002 milliseconds,none
omis.uktradeinvest.gov.uk,gov.uk,Connection timed out after 3001 milliseconds,none
oncore.cornwall.gov.uk,gov.uk,Could not resolve host: oncore.cornwall.gov.uk,none
one.croydon.gov.uk,gov.uk,Could not resolve host: one.croydon.gov.uk,none
one.southend.gov.uk,gov.uk,403,none
oneonline.monmouthshire.gov.uk,gov.uk,502,none
onespace.tfl.gov.uk,gov.uk,Could not resolve host: onespace.tfl.gov.uk,none
online-services.lincoln.gov.uk,gov.uk,Could not resolve host: online-services.lincoln.gov.uk,none
online.basildon.gov.uk,gov.uk,Could not resolve host: online.basildon.gov.uk,none
online.birmingham.gov.uk,gov.uk,Could not resolve host: online.birmingham.gov.uk,none
online.bradford.gov.uk,gov.uk,Could not resolve host: online.bradford.gov.uk,none
online.businesslink.gov.uk,gov.uk,301,none
online.carmarthenshire.gov.uk,gov.uk,Recv failure: Connexion ré-initialisée par le correspondant,none
online.contractsfinder.businesslink.gov.uk,gov.uk,Connection timed out after 3002 milliseconds,none
online.dudley.gov.uk,gov.uk,302,none
online.gateshead.gov.uk,gov.uk,307,none
online.havering.gov.uk,gov.uk,503,none
online.hmrc.gov.uk,gov.uk,302,none
online.lbbd.gov.uk,gov.uk,Connection timed out after 3002 milliseconds,none
online.norfolk.gov.uk,gov.uk,Could not resolve host: online.norfolk.gov.uk,none
online.norwich.gov.uk,gov.uk,Could not resolve host: online.norwich.gov.uk,none
online.ofsted.gov.uk,gov.uk,Could not resolve host: online.ofsted.gov.uk,none
online.ogcbuyingsolutions.gov.uk,gov.uk,Could not resolve host: online.ogcbuyingsolutions.gov.uk,none
online.rochdale.gov.uk,gov.uk,Could not resolve host: online.rochdale.gov.uk,none
online.surreycc.gov.uk,gov.uk,Could not resolve host: online.surreycc.gov.uk,none
online.ukwelcomes.businesslink.gov.uk,gov.uk,SSL: no alternative certificate subject name matches target hostname 'online.ukwelcomes.businesslink.gov.uk',none
online.wefo.wales.gov.uk,gov.uk,Resolving timed out after 3001 milliseconds,none
onlineadmissions.leics.gov.uk,gov.uk,Could not resolve host: onlineadmissions.leics.gov.uk,none
onlineappeals.patas.gov.uk,gov.uk,Could not resolve host: onlineappeals.patas.gov.uk,none
onlinebenefitclaim.basildon.gov.uk,gov.uk,200,none
onlineforms.sthelens.gov.uk,gov.uk,200,none
onlinerepairs.birmingham.gov.uk,gov.uk,SSL certificate problem: unable to get local issuer certificate,none
onlineservices.courtsni.gov.uk,gov.uk,Connection timed out after 3001 milliseconds,none
onlineservices.leeds.gov.uk,gov.uk,Could not resolve host: onlineservices.leeds.gov.uk,none
onlineservices.milton-keynes.gov.uk,gov.uk,Could not resolve host: onlineservices.milton-keynes.gov.uk,none
opac-lib.smbc.sandwell.gov.uk,gov.uk,Could not resolve host: opac-lib.smbc.sandwell.gov.uk,none
opac-sls.smbc.sandwell.gov.uk,gov.uk,Could not resolve host: opac-sls.smbc.sandwell.gov.uk,none
opac.newport.gov.uk,gov.uk,Could not resolve host: opac.newport.gov.uk,none
open.gedling.gov.uk,gov.uk,403,none
open.kent.gov.uk,gov.uk,Connection timed out after 3001 milliseconds,none
open.voa.gov.uk,gov.uk,403,none
openaccess.babergh.gov.uk,gov.uk,Could not resolve host: openaccess.babergh.gov.uk,none
opengov.ambervalley.gov.uk,gov.uk,Could not resolve host: opengov.ambervalley.gov.uk,none
openmobile.midsuffolk.gov.uk,gov.uk,Could not resolve host: openmobile.midsuffolk.gov.uk,none
opss.statistics.gov.uk,gov.uk,Connection timed out after 3002 milliseconds,none
orderline.qcda.gov.uk,gov.uk,Could not resolve host: orderline.qcda.gov.uk,none
organicimports.defra.gov.uk,gov.uk,Could not resolve host: organicimports.defra.gov.uk,none
organicimportsmaster.defra.gov.uk,gov.uk,Could not resolve host: organicimportsmaster.defra.gov.uk,none
orrdat.orr.gov.uk,gov.uk,Connection timed out after 3002 milliseconds,none
oss.lancashire.gov.uk,gov.uk,Connection timed out after 3002 milliseconds,none
otleytowncouncil.gov.uk,gov.uk,301,none
outlook.adur-worthing.gov.uk,gov.uk,Could not resolve host: outlook.adur-worthing.gov.uk,none
outlook.adur.gov.uk,gov.uk,Could not resolve host: outlook.adur.gov.uk,none
outlook.brbr.gov.uk,gov.uk,Could not resolve host: outlook.brbr.gov.uk,none
outlook.broads-authority.gov.uk,gov.uk,Could not resolve host: outlook.broads-authority.gov.uk,none
outlook.christchurchandeastdorset.gov.uk,gov.uk,Could not resolve host: outlook.christchurchandeastdorset.gov.uk,none
outlook.derbys-fire.gov.uk,gov.uk,Could not resolve host: outlook.derbys-fire.gov.uk,none
outlook.lincolnshire.gov.uk,gov.uk,Could not resolve host: outlook.lincolnshire.gov.uk,none
outlook.liverpool.gov.uk,gov.uk,Could not resolve host: outlook.liverpool.gov.uk,none
outlook.oxford.gov.uk,gov.uk,Could not resolve host: outlook.oxford.gov.uk,none
outlook.worthing.gov.uk,gov.uk,Could not resolve host: outlook.worthing.gov.uk,none
outreach.hullcc.gov.uk,gov.uk,Could not resolve host: outreach.hullcc.gov.uk,none
owa-1.lambeth.gov.uk,gov.uk,Could not resolve host: owa-1.lambeth.gov.uk,none
owa.ambervalley.gov.uk,gov.uk,Could not resolve host: owa.ambervalley.gov.uk,none
owa.ballymoney.gov.uk,gov.uk,Could not resolve host: owa.ballymoney.gov.uk,none
owa.bolton.gov.uk,gov.uk,Connection timed out after 3002 milliseconds,none
owa.boston.gov.uk,gov.uk,Could not resolve host: owa.boston.gov.uk,none
owa.bury.gov.uk,gov.uk,Could not resolve host: owa.bury.gov.uk,none
owa.carlisle.gov.uk,gov.uk,SSL: no alternative certificate subject name matches target hostname 'owa.carlisle.gov.uk',none
owa.castlepoint.gov.uk,gov.uk,Could not resolve host: owa.castlepoint.gov.uk,none
owa.ceop.gov.uk,gov.uk,Connection timed out after 3002 milliseconds,none
owa.colerainebc.gov.uk,gov.uk,Could not resolve host: owa.colerainebc.gov.uk,none
owa.cravendc.gov.uk,gov.uk,Could not resolve host: owa.cravendc.gov.uk,none
owa.ddfire.gov.uk,gov.uk,Could not resolve host: owa.ddfire.gov.uk,none
owa.doncaster.gov.uk,gov.uk,Could not resolve host: owa.doncaster.gov.uk,none
owa.dsfire.gov.uk,gov.uk,Could not resolve host: owa.dsfire.gov.uk,none
owa.eastleigh.gov.uk,gov.uk,Could not resolve host: owa.eastleigh.gov.uk,none
owa.environment-agency.gov.uk,gov.uk,Could not resolve host: owa.environment-agency.gov.uk,none
owa.fareham.gov.uk,gov.uk,Could not resolve host: owa.fareham.gov.uk,none
owa.fdean.gov.uk,gov.uk,Could not resolve host: owa.fdean.gov.uk,none
owa.gedling.gov.uk,gov.uk,Could not resolve host: owa.gedling.gov.uk,none
owa.hants.gov.uk,gov.uk,Connection timed out after 3002 milliseconds,none
owa.harrogate.gov.uk,gov.uk,Could not resolve host: owa.harrogate.gov.uk,none
owa.historic-scotland.gov.uk,gov.uk,Could not resolve host: owa.historic-scotland.gov.uk,none
owa.hounslow.gov.uk,gov.uk,Could not resolve host: owa.hounslow.gov.uk,none
owa.improvementeast.gov.uk,gov.uk,Could not resolve host: owa.improvementeast.gov.uk,none
owa.lbbd.gov.uk,gov.uk,Could not resolve host: owa.lbbd.gov.uk,none
owa.linets.gov.uk,gov.uk,Could not resolve host: owa.linets.gov.uk,none
owa.londoncouncils.gov.uk,gov.uk,SSL: no alternative certificate subject name matches target hostname 'owa.londoncouncils.gov.uk',none
owa.lsc.gov.uk,gov.uk,Could not resolve host: owa.lsc.gov.uk,none
owa.mansfield.gov.uk,gov.uk,Could not resolve host: owa.mansfield.gov.uk,none
owa.melton.gov.uk,gov.uk,Could not resolve host: owa.melton.gov.uk,none
owa.merton.gov.uk,gov.uk,SSL: no alternative certificate subject name matches target hostname 'owa.merton.gov.uk',none
owa.midsussex.gov.uk,gov.uk,Could not resolve host: owa.midsussex.gov.uk,none
owa.milton-keynes.gov.uk,gov.uk,Connection timed out after 3002 milliseconds,none
owa.nelincs.gov.uk,gov.uk,Could not resolve host: owa.nelincs.gov.uk,none
owa.newcastle-staffs.gov.uk,gov.uk,Could not resolve host: owa.newcastle-staffs.gov.uk,none
owa.newham.gov.uk,gov.uk,Failed to connect to owa.newham.gov.uk port 443 after 61 ms: Could not connect to server,none
owa.newtownabbey.gov.uk,gov.uk,Could not resolve host: owa.newtownabbey.gov.uk,none
owa.northyorksfire.gov.uk,gov.uk,Could not resolve host: owa.northyorksfire.gov.uk,none
owa.redbridge.gov.uk,gov.uk,Could not resolve host: owa.redbridge.gov.uk,none
owa.remotenetworking.colchester.gov.uk,gov.uk,Could not resolve host: owa.remotenetworking.colchester.gov.uk,none
owa.rochford.gov.uk,gov.uk,Could not resolve host: owa.rochford.gov.uk,none
owa.rushmoor.gov.uk,gov.uk,403,none
owa.schools.nottscc.gov.uk,gov.uk,Could not resolve host: owa.schools.nottscc.gov.uk,none
owa.scotborders.gov.uk,gov.uk,Could not resolve host: owa.scotborders.gov.uk,none
owa.scotcourts.gov.uk,gov.uk,Connection timed out after 3002 milliseconds,none
owa.selby.gov.uk,gov.uk,Could not resolve host: owa.selby.gov.uk,none
owa.staffordbc.gov.uk,gov.uk,Connection timed out after 3002 milliseconds,none
owa.tameside.gov.uk,gov.uk,Connection timed out after 3002 milliseconds,none
owa.tcfl.gov.uk,gov.uk,Could not resolve host: owa.tcfl.gov.uk,none
owa.teignbridge.gov.uk,gov.uk,Could not resolve host: owa.teignbridge.gov.uk,none
owa.teignmouth-devon.gov.uk,gov.uk,403,none
owa.testvalley.gov.uk,gov.uk,Could not resolve host: owa.testvalley.gov.uk,none
owa.westdevon.gov.uk,gov.uk,Could not resolve host: owa.westdevon.gov.uk,none
owa.westyorksfire.gov.uk,gov.uk,Connection timed out after 3002 milliseconds,none
owa.woking.gov.uk,gov.uk,Could not resolve host: owa.woking.gov.uk,none
owa.worcestershire.gov.uk,gov.uk,Could not resolve host: owa.worcestershire.gov.uk,none
owa2.lbbd.gov.uk,gov.uk,Could not resolve host: owa2.lbbd.gov.uk,none
owa2007.westminster.gov.uk,gov.uk,Could not resolve host: owa2007.westminster.gov.uk,none
oxfordshire.gov.uk,gov.uk,301,0 oxfordshire-gov-uk.mail.protection.outlook.com.
oyster.tfl.gov.uk,gov.uk,302,none
p1.manchester.gov.uk,gov.uk,Could not resolve host: p1.manchester.gov.uk,none
p11-servcent.nottscc.gov.uk,gov.uk,Recv failure: Connexion ré-initialisée par le correspondant,none
pa.chichester.gov.uk,gov.uk,Could not resolve host: pa.chichester.gov.uk,none
pages.civilservice.gov.uk,gov.uk,Connection timed out after 3002 milliseconds,none
palbase.torfaen.gov.uk,gov.uk,Connection timed out after 3002 milliseconds,none
pam.merton.gov.uk,gov.uk,Resolving timed out after 3000 milliseconds,none
pandemicflu.direct.gov.uk,gov.uk,Could not resolve host: pandemicflu.direct.gov.uk,none
pandemicflu.mhra.gov.uk,gov.uk,Connection timed out after 3002 milliseconds,none
parking.bournemouth.gov.uk,gov.uk,Connection timed out after 3002 milliseconds,none
parking.calderdale.gov.uk,gov.uk,Connection timed out after 3001 milliseconds,none
parking.cheltenham.gov.uk,gov.uk,200,none
parking.chichester.gov.uk,gov.uk,Could not resolve host: parking.chichester.gov.uk,none
parking.ealing.gov.uk,gov.uk,Could not resolve host: parking.ealing.gov.uk,none
parking.hastings.gov.uk,gov.uk,Could not resolve host: parking.hastings.gov.uk,none
parking.northdevon.gov.uk,gov.uk,Connection timed out after 3002 milliseconds,none
parking.reading.gov.uk,gov.uk,SSL certificate problem: certificate has expired,none
parking.sevenoaks.gov.uk,gov.uk,302,none
parking.tmbc.gov.uk,gov.uk,200,none
parking.york.gov.uk,gov.uk,200,none
parkingpermit.hackney.gov.uk,gov.uk,Could not resolve host: parkingpermit.hackney.gov.uk,none
pars.sheffield.gov.uk,gov.uk,Could not resolve host: pars.sheffield.gov.uk,none
partner.edinburgh.gov.uk,gov.uk,Connection timed out after 3002 milliseconds,none
partner.highland.gov.uk,gov.uk,Connection timed out after 3002 milliseconds,none
partner.wyreforestdc.gov.uk,gov.uk,Could not resolve host: partner.wyreforestdc.gov.uk,none
partnerportal.dwp.gov.uk,gov.uk,Connection timed out after 3002 milliseconds,none
partnerremote.birmingham.gov.uk,gov.uk,Could not resolve host: partnerremote.birmingham.gov.uk,none
partners.basingstoke.gov.uk,gov.uk,Could not resolve host: partners.basingstoke.gov.uk,none
partners.knowsley.gov.uk,gov.uk,Connection timed out after 3002 milliseconds,none
partners.mhs.gov.uk,gov.uk,Could not resolve host: partners.mhs.gov.uk,none
partners.torfaen.gov.uk,gov.uk,Connection timed out after 3002 milliseconds,5 hosting.inovem.com.
partnerteams.lsc.gov.uk,gov.uk,Could not resolve host: partnerteams.lsc.gov.uk,none
partnerweb.westminster.gov.uk,gov.uk,Could not resolve host: partnerweb.westminster.gov.uk,none
passport.hart.gov.uk,gov.uk,Could not resolve host: passport.hart.gov.uk,none
passports.ips.gov.uk,gov.uk,Could not resolve host: passports.ips.gov.uk,none
pathway.brighton-hove.gov.uk,gov.uk,Could not resolve host: pathway.brighton-hove.gov.uk,none
pay.cornwall.gov.uk,gov.uk,Connection timed out after 3002 milliseconds,none
pay.eastcambs.gov.uk,gov.uk,Connection timed out after 3002 milliseconds,none
pay.exeter.gov.uk,gov.uk,Could not resolve host: pay.exeter.gov.uk,none
pay.kingston.gov.uk,gov.uk,Could not resolve host: pay.kingston.gov.uk,none
pay.tandridge.gov.uk,gov.uk,Could not resolve host: pay.tandridge.gov.uk,none
pay.thurrock.gov.uk,gov.uk,Could not resolve host: pay.thurrock.gov.uk,none
payandworkrights.direct.gov.uk,gov.uk,Failed to connect to payandworkrights.direct.gov.uk port 443 after 32 ms: Could not connect to server,none
paye.online.hmrc.gov.uk,gov.uk,Could not resolve host: paye.online.hmrc.gov.uk,none
paylink.merton.gov.uk,gov.uk,Could not resolve host: paylink.merton.gov.uk,none
paylinkxml.carmarthenshire.gov.uk,gov.uk,Could not resolve host: paylinkxml.carmarthenshire.gov.uk,none
payment.brentwood.gov.uk,gov.uk,Failed to connect to payment.brentwood.gov.uk port 443 after 59 ms: Could not connect to server,none
payment.secure.test.haringey.gov.uk,gov.uk,Connection timed out after 3002 milliseconds,none
payments.allerdale.gov.uk,gov.uk,Could not resolve host: payments.allerdale.gov.uk,none
payments.barking-dagenham.gov.uk,gov.uk,Could not resolve host: payments.barking-dagenham.gov.uk,none
payments.bolton.gov.uk,gov.uk,Connection timed out after 3002 milliseconds,none
payments.camden.gov.uk,gov.uk,302,none
payments.crawley.gov.uk,gov.uk,Connection timed out after 3002 milliseconds,none
payments.dudley.gov.uk,gov.uk,Could not resolve host: payments.dudley.gov.uk,none
payments.edinburgh.gov.uk,gov.uk,Could not resolve host: payments.edinburgh.gov.uk,none
payments.gateway.gov.uk,gov.uk,Could not resolve host: payments.gateway.gov.uk,none
payments.gloucestershire.gov.uk,gov.uk,Could not resolve host: payments.gloucestershire.gov.uk,none
payments.havering.gov.uk,gov.uk,503,none
payments.leeds.gov.uk,gov.uk,Could not resolve host: payments.leeds.gov.uk,none
payments.merthyr.gov.uk,gov.uk,Connection timed out after 3001 milliseconds,none
payments.merton.gov.uk,gov.uk,Could not resolve host: payments.merton.gov.uk,none
payments.monmouthshire.gov.uk,gov.uk,Connection timed out after 3002 milliseconds,none
payments.n-somerset.gov.uk,gov.uk,Could not resolve host: payments.n-somerset.gov.uk,none
payments.newcastle.gov.uk,gov.uk,Could not resolve host: payments.newcastle.gov.uk,none
payments.newham.gov.uk,gov.uk,302,none
payments.northdevon.gov.uk,gov.uk,Could not resolve host: payments.northdevon.gov.uk,none
payments.oxford.gov.uk,gov.uk,Connection timed out after 3001 milliseconds,none
payments.reading.gov.uk,gov.uk,Could not resolve host: payments.reading.gov.uk,none
payments.redbridge.gov.uk,gov.uk,Could not resolve host: payments.redbridge.gov.uk,none
payments.rhondda-cynon-taff.gov.uk,gov.uk,Connection timed out after 3002 milliseconds,none
payments.rotherham.gov.uk,gov.uk,Could not resolve host: payments.rotherham.gov.uk,none
payments.shropshire.gov.uk,gov.uk,Could not resolve host: payments.shropshire.gov.uk,none
payments.south-suffolk.gov.uk,gov.uk,Could not resolve host: payments.south-suffolk.gov.uk,none
payments.tewkesbury.gov.uk,gov.uk,Could not resolve host: payments.tewkesbury.gov.uk,none
payments.waveney.gov.uk,gov.uk,Could not resolve host: payments.waveney.gov.uk,none
payments.westberks.gov.uk,gov.uk,Connection timed out after 3001 milliseconds,none
payments.westminster.gov.uk,gov.uk,Could not resolve host: payments.westminster.gov.uk,none
payments.wycombe.gov.uk,gov.uk,Could not resolve host: payments.wycombe.gov.uk,none
payments.wyrebc.gov.uk,gov.uk,Could not resolve host: payments.wyrebc.gov.uk,none
payments2.castlepoint.gov.uk,gov.uk,Could not resolve host: payments2.castlepoint.gov.uk,none
payrollss.oltps.sthelens.gov.uk,gov.uk,Could not resolve host: payrollss.oltps.sthelens.gov.uk,none
pbl.chichester.gov.uk,gov.uk,Connection timed out after 3001 milliseconds,none
pcbooking.leics.gov.uk,gov.uk,Could not resolve host: pcbooking.leics.gov.uk,none
pcbooking.redbridge.gov.uk,gov.uk,302,none
pcbooking.staffordshire.gov.uk,gov.uk,Could not resolve host: pcbooking.staffordshire.gov.uk,none
pcn.birmingham.gov.uk,gov.uk,302,none
pcn.cityoflondon.gov.uk,gov.uk,Operation timed out after 3002 milliseconds with 0 bytes received,none
pcn.testvalley.gov.uk,gov.uk,403,none
pcn.winchester.gov.uk,gov.uk,Could not resolve host: pcn.winchester.gov.uk,none
pcs.planningni.gov.uk,gov.uk,Connection timed out after 3002 milliseconds,none
pct.ipo.gov.uk,gov.uk,Connection timed out after 3002 milliseconds,none
pda.kent.gov.uk,gov.uk,Connection timed out after 3002 milliseconds,none
pdimsen01.leeds.gov.uk,gov.uk,Could not resolve host: pdimsen01.leeds.gov.uk,none
pegasus.durham.gov.uk,gov.uk,Could not resolve host: pegasus.durham.gov.uk,none
pembrokeshire.gov.uk,gov.uk,301,none
penaltynotice.direct.gov.uk,gov.uk,301,none
pensions.southwark.gov.uk,gov.uk,SSL: no alternative certificate subject name matches target hostname 'pensions.southwark.gov.uk',none
pensions.staffordshire.gov.uk,gov.uk,Could not resolve host: pensions.staffordshire.gov.uk,10 pensions-staffordshire-gov-uk.mail.protection.outlook.com.
pensionschemes.hmrc.gov.uk,gov.uk,Could not resolve host: pensionschemes.hmrc.gov.uk,none
pensionsmemberservice.tfl.gov.uk,gov.uk,Recv failure: Connexion ré-initialisée par le correspondant,none
pensionsonline.gloucestershire.gov.uk,gov.uk,Could not resolve host: pensionsonline.gloucestershire.gov.uk,none
pensionwise.tpr.gov.uk,gov.uk,Could not resolve host: pensionwise.tpr.gov.uk,none
peoinside.reading.gov.uk,gov.uk,Could not resolve host: peoinside.reading.gov.uk,none
performance-plus.sandwell.gov.uk,gov.uk,Could not resolve host: performance-plus.sandwell.gov.uk,none
performancemanager.dorsetcc.gov.uk,gov.uk,Could not resolve host: performancemanager.dorsetcc.gov.uk,none
perfplus.rotherham.gov.uk,gov.uk,Could not resolve host: perfplus.rotherham.gov.uk,none
permits.bexley.gov.uk,gov.uk,Connection timed out after 3002 milliseconds,none
personaltravelsolutions.tfl.gov.uk,gov.uk,Could not resolve host: personaltravelsolutions.tfl.gov.uk,none
peterborough.gov.uk,gov.uk,Could not resolve host: peterborough.gov.uk,none
petscarriers.defra.gov.uk,gov.uk,Could not resolve host: petscarriers.defra.gov.uk,none
pfms.london.gov.uk,gov.uk,Could not resolve host: pfms.london.gov.uk,none
pgpmail.dumgal.gov.uk,gov.uk,Could not resolve host: pgpmail.dumgal.gov.uk,none
pharmacopoeia.gov.uk,gov.uk,Could not resolve host: pharmacopoeia.gov.uk,none
phobos.durham.gov.uk,gov.uk,Could not resolve host: phobos.durham.gov.uk,none
phoenix.darlington.gov.uk,gov.uk,Connection timed out after 3002 milliseconds,none
phoenix.wigan.gov.uk,gov.uk,Could not resolve host: phoenix.wigan.gov.uk,none
photocard.tfl.gov.uk,gov.uk,Could not resolve host: photocard.tfl.gov.uk,none
photolibrary.tfl.gov.uk,gov.uk,Could not resolve host: photolibrary.tfl.gov.uk,none
pifec01.leeds.gov.uk,gov.uk,Could not resolve host: pifec01.leeds.gov.uk,none
pifec02.leeds.gov.uk,gov.uk,Could not resolve host: pifec02.leeds.gov.uk,none
pimsweb.tameside.gov.uk,gov.uk,Could not resolve host: pimsweb.tameside.gov.uk,none
pitches.bookings.merton.gov.uk,gov.uk,Could not resolve host: pitches.bookings.merton.gov.uk,none
pkc.gov.uk,gov.uk,Could not resolve host: pkc.gov.uk,none
placemap.planningni.gov.uk,gov.uk,Connection timed out after 3002 milliseconds,none
planaccess.oltps.sthelens.gov.uk,gov.uk,Connection timed out after 3002 milliseconds,none
planning-applications.midlothian.gov.uk,gov.uk,302,none
planning.broads-authority.gov.uk,gov.uk,302,none
planning.telford.gov.uk,gov.uk,Could not resolve host: planning.telford.gov.uk,none
planning.warwickshire.gov.uk,gov.uk,301,none
planningpublicaccess.hullcc.gov.uk,gov.uk,Connection timed out after 3002 milliseconds,none
planningtogether.torfaen.gov.uk,gov.uk,Connection timed out after 3002 milliseconds,none
pltasdfg.merton.gov.uk,gov.uk,Could not resolve host: pltasdfg.merton.gov.uk,none
plugincargrant.dft.gov.uk,gov.uk,Could not resolve host: plugincargrant.dft.gov.uk,none
politics.leics.gov.uk,gov.uk,200,none
portal.angus.gov.uk,gov.uk,Could not resolve host: portal.angus.gov.uk,none
portal.armagh.gov.uk,gov.uk,Could not resolve host: portal.armagh.gov.uk,none
portal.aylesburyvaledc.gov.uk,gov.uk,Could not resolve host: portal.aylesburyvaledc.gov.uk,none
portal.bedford.gov.uk,gov.uk,Could not resolve host: portal.bedford.gov.uk,none
portal.bedscc.gov.uk,gov.uk,Could not resolve host: portal.bedscc.gov.uk,none
portal.breckland.gov.uk,gov.uk,Connection timed out after 3002 milliseconds,none
portal.brent.gov.uk,gov.uk,Could not resolve host: portal.brent.gov.uk,none
portal.brighton-hove.gov.uk,gov.uk,Could not resolve host: portal.brighton-hove.gov.uk,none
portal.castlepoint.gov.uk,gov.uk,Connection timed out after 3002 milliseconds,none
portal.collaboration.pm.culture.gov.uk,gov.uk,Could not resolve host: portal.collaboration.pm.culture.gov.uk,none
portal.crewe-nantwich.gov.uk,gov.uk,Could not resolve host: portal.crewe-nantwich.gov.uk,none
portal.crm.sandwell.gov.uk,gov.uk,Could not resolve host: portal.crm.sandwell.gov.uk,none
portal.denbighshire.gov.uk,gov.uk,Could not resolve host: portal.denbighshire.gov.uk,none
portal.derbys-fire.gov.uk,gov.uk,Could not resolve host: portal.derbys-fire.gov.uk,none
portal.derbyshire.gov.uk,gov.uk,Could not resolve host: portal.derbyshire.gov.uk,none
portal.doncaster.gov.uk,gov.uk,Could not resolve host: portal.doncaster.gov.uk,none
portal.east-ayrshire.gov.uk,gov.uk,Could not resolve host: portal.east-ayrshire.gov.uk,none
portal.eastsussex.gov.uk,gov.uk,SSL certificate problem: unable to get local issuer certificate,none
portal.estate.fco.gov.uk,gov.uk,Failed to connect to portal.estate.fco.gov.uk port 443 after 52 ms: Could not connect to server,none
portal.exeter.gov.uk,gov.uk,200,none
portal.gloucestershire.gov.uk,gov.uk,Could not resolve host: portal.gloucestershire.gov.uk,none
portal.halton.gov.uk,gov.uk,Connection timed out after 3002 milliseconds,none
portal.hfea.gov.uk,gov.uk,302,none
portal.hmprisonservice.gov.uk,gov.uk,Could not resolve host: portal.hmprisonservice.gov.uk,none
portal.immform.dh.gov.uk,gov.uk,Could not resolve host: portal.immform.dh.gov.uk,none
portal.kent.gov.uk,gov.uk,Could not resolve host: portal.kent.gov.uk,none
portal.leicester.gov.uk,gov.uk,Recv failure: Connexion ré-initialisée par le correspondant,none
portal.limavady.gov.uk,gov.uk,Could not resolve host: portal.limavady.gov.uk,none
portal.liverpool.gov.uk,gov.uk,Connection timed out after 3002 milliseconds,none
portal.mhra.gov.uk,gov.uk,Could not resolve host: portal.mhra.gov.uk,none
portal.middlesbrough.gov.uk,gov.uk,Could not resolve host: portal.middlesbrough.gov.uk,none
portal.midlothian.gov.uk,gov.uk,Could not resolve host: portal.midlothian.gov.uk,none
portal.monitor-nhsft.gov.uk,gov.uk,Could not resolve host: portal.monitor-nhsft.gov.uk,none
portal.n-somerset.gov.uk,gov.uk,Could not resolve host: portal.n-somerset.gov.uk,none
portal.newcastle-staffs.gov.uk,gov.uk,200,none
portal.newtownabbey.gov.uk,gov.uk,Could not resolve host: portal.newtownabbey.gov.uk,none
portal.norwich.gov.uk,gov.uk,Could not resolve host: portal.norwich.gov.uk,none
portal.nottscc.gov.uk,gov.uk,SSL: no alternative certificate subject name matches target hostname 'portal.nottscc.gov.uk',none
portal.ofsted.gov.uk,gov.uk,404,none
portal.oldham.gov.uk,gov.uk,Connection timed out after 3002 milliseconds,none
portal.omagh.gov.uk,gov.uk,Could not resolve host: portal.omagh.gov.uk,none
portal.orkney.gov.uk,gov.uk,Could not resolve host: portal.orkney.gov.uk,none
portal.powys.gov.uk,gov.uk,Connection timed out after 3002 milliseconds,none
portal.purbeck-dc.gov.uk,gov.uk,Could not resolve host: portal.purbeck-dc.gov.uk,none
portal.redbridge.gov.uk,gov.uk,Connection timed out after 3003 milliseconds,none
portal.rimnet.gov.uk,gov.uk,Could not resolve host: portal.rimnet.gov.uk,none
portal.sandwell.gov.uk,gov.uk,Could not resolve host: portal.sandwell.gov.uk,none
portal.scotborders.gov.uk,gov.uk,Could not resolve host: portal.scotborders.gov.uk,none
portal.sevenoaks.gov.uk,gov.uk,503,none
portal.sfo.gov.uk,gov.uk,Could not resolve host: portal.sfo.gov.uk,none
portal.sholland.gov.uk,gov.uk,Connection timed out after 3002 milliseconds,none
portal.solihull.gov.uk,gov.uk,Failed to connect to portal.solihull.gov.uk port 443 after 33 ms: Could not connect to server,none
portal.southend.gov.uk,gov.uk,Could not resolve host: portal.southend.gov.uk,none
portal.southtyneside.gov.uk,gov.uk,Could not resolve host: portal.southtyneside.gov.uk,none
portal.southwest-ra.gov.uk,gov.uk,Could not resolve host: portal.southwest-ra.gov.uk,none
portal.stevenage.gov.uk,gov.uk,Could not resolve host: portal.stevenage.gov.uk,none
portal.stoke.gov.uk,gov.uk,200,none
portal.testvalley.gov.uk,gov.uk,Could not resolve host: portal.testvalley.gov.uk,none
portal.training.noms.gov.uk,gov.uk,Could not resolve host: portal.training.noms.gov.uk,none
portal.ukba.homeoffice.gov.uk,gov.uk,Could not resolve host: portal.ukba.homeoffice.gov.uk,none
portal.uksport.gov.uk,gov.uk,403,none
portal.westdevon.gov.uk,gov.uk,Could not resolve host: portal.westdevon.gov.uk,none
portal.westminster.gov.uk,gov.uk,301,none
portal.winchester.gov.uk,gov.uk,Could not resolve host: portal.winchester.gov.uk,none
portal.worcestershire.gov.uk,gov.uk,Could not resolve host: portal.worcestershire.gov.uk,none
portal.wyreforestdc.gov.uk,gov.uk,Connection timed out after 3002 milliseconds,none
portal1.ne-derbyshire.gov.uk,gov.uk,Connection timed out after 3002 milliseconds,none
portal1.npt.gov.uk,gov.uk,Connection timed out after 3002 milliseconds,none
portal1.teignbridge.gov.uk,gov.uk,Could not resolve host: portal1.teignbridge.gov.uk,none
portal2.basingstoke.gov.uk,gov.uk,Connection timed out after 3002 milliseconds,none
porth.rctcbc.gov.uk,gov.uk,Connection timed out after 3002 milliseconds,none
portsmouth.gov.uk,gov.uk,301,10 portsmouthcc-gov-uk.mail.protection.outlook.com.
postbox.hullcc.gov.uk,gov.uk,Could not resolve host: postbox.hullcc.gov.uk,none
postman.rushcliffe.gov.uk,gov.uk,Could not resolve host: postman.rushcliffe.gov.uk,none
poultryregister.defra.gov.uk,gov.uk,Could not resolve host: poultryregister.defra.gov.uk,none
powysid.powys.gov.uk,gov.uk,Could not resolve host: powysid.powys.gov.uk,none
powysmail.powys.gov.uk,gov.uk,Could not resolve host: powysmail.powys.gov.uk,none
ppms.angus.gov.uk,gov.uk,Could not resolve host: ppms.angus.gov.uk,none
pportal.cjsonline.gov.uk,gov.uk,403,none
pprweb.north-dorset.gov.uk,gov.uk,Could not resolve host: pprweb.north-dorset.gov.uk,none
pra.pkc.gov.uk,gov.uk,Could not resolve host: pra.pkc.gov.uk,none
prap-staging.dwp.gov.uk,gov.uk,Could not resolve host: prap-staging.dwp.gov.uk,none
prap.dwp.gov.uk,gov.uk,302,none
premises.brighton-hove.gov.uk,gov.uk,Could not resolve host: premises.brighton-hove.gov.uk,none
prerelease.statistics.gov.uk,gov.uk,Connection timed out after 3002 milliseconds,none
pressoffice.statistics.gov.uk,gov.uk,Connection timed out after 3002 milliseconds,none
printdesign.walsall.gov.uk,gov.uk,Could not resolve host: printdesign.walsall.gov.uk,none
prism.dfes.gov.uk,gov.uk,Could not resolve host: prism.dfes.gov.uk,none
prism.manchester.gov.uk,gov.uk,Could not resolve host: prism.manchester.gov.uk,none
prismplus.dfes.gov.uk,gov.uk,Could not resolve host: prismplus.dfes.gov.uk,none
processmaps.scotland.gov.uk,gov.uk,Connection timed out after 3002 milliseconds,none
procure4london.gov.uk,gov.uk,Could not resolve host: procure4london.gov.uk,none
procurement.bristol.gov.uk,gov.uk,Failed to connect to procurement.bristol.gov.uk port 443 after 27 ms: Could not connect to server,none
procurementtendering.secure.haringey.gov.uk,gov.uk,Could not resolve host: procurementtendering.secure.haringey.gov.uk,none
proffiliausgiliauysgolionyngnghymru.gov.uk,gov.uk,Could not resolve host: proffiliausgiliauysgolionyngnghymru.gov.uk,none
projects.dfid.gov.uk,gov.uk,Connection timed out after 3002 milliseconds,none
projects.qcda.gov.uk,gov.uk,Could not resolve host: projects.qcda.gov.uk,none
propertysearch.bury.gov.uk,gov.uk,Could not resolve host: propertysearch.bury.gov.uk,none
protect.cpni.gov.uk,gov.uk,Could not resolve host: protect.cpni.gov.uk,none
protectedemail.hants.gov.uk,gov.uk,Connection timed out after 3001 milliseconds,none
protectinginfo.nationalschool.gov.uk,gov.uk,Could not resolve host: protectinginfo.nationalschool.gov.uk,none
protocoltraining.coventry.gov.uk,gov.uk,Could not resolve host: https,none
providers.lsc.gov.uk,gov.uk,Could not resolve host: providers.lsc.gov.uk,none
psgateway.eden.gov.uk,gov.uk,Could not resolve host: psgateway.eden.gov.uk,none
psremote.birmingham.gov.uk,gov.uk,Could not resolve host: psremote.birmingham.gov.uk,none
pt.dsa.gov.uk,gov.uk,Could not resolve host: pt.dsa.gov.uk,none
ptweb.norfolk.gov.uk,gov.uk,Could not resolve host: ptweb.norfolk.gov.uk,none
pub.exeter.gov.uk,gov.uk,Connection timed out after 3002 milliseconds,none
public.derbys-fire.gov.uk,gov.uk,Could not resolve host: public.derbys-fire.gov.uk,none
public01.milton-keynes.gov.uk,gov.uk,Could not resolve host: public01.milton-keynes.gov.uk,none
public02.milton-keynes.gov.uk,gov.uk,Could not resolve host: public02.milton-keynes.gov.uk,none
public2.redcar-cleveland.gov.uk,gov.uk,Could not resolve host: public2.redcar-cleveland.gov.uk,none
publicaccess.glasgow.gov.uk,gov.uk,SSL certificate problem: unable to get local issuer certificate,none
publicaccess.redditchbc.gov.uk,gov.uk,Connection timed out after 3002 milliseconds,none
publications.dcsf.gov.uk,gov.uk,Could not resolve host: publications.dcsf.gov.uk,none
publications.environment-agency.gov.uk,gov.uk,Could not resolve host: publications.environment-agency.gov.uk,none
publications.everychildmatters.gov.uk,gov.uk,Could not resolve host: publications.everychildmatters.gov.uk,none
publications.teachernet.gov.uk,gov.uk,Could not resolve host: publications.teachernet.gov.uk,none
publicityregister.coi.gov.uk,gov.uk,Could not resolve host: publicityregister.coi.gov.uk,none
pubmaps.ceredigion.gov.uk,gov.uk,Could not resolve host: pubmaps.ceredigion.gov.uk,none
pupil-tracking.sandwell.gov.uk,gov.uk,200,none
pupilmail.northumberland.gov.uk,gov.uk,Could not resolve host: pupilmail.northumberland.gov.uk,none
push.chorley.gov.uk,gov.uk,Could not resolve host: push.chorley.gov.uk,none
px.eastriding.gov.uk,gov.uk,Could not resolve host: px.eastriding.gov.uk,none
px.warrington.gov.uk,gov.uk,Connection timed out after 3002 milliseconds,none
pyramid.tfl.gov.uk,gov.uk,Could not resolve host: pyramid.tfl.gov.uk,none
pyramiddr.fco.gov.uk,gov.uk,Connection timed out after 3002 milliseconds,none
qavs.direct.gov.uk,gov.uk,301,none
qcda.gov.uk,gov.uk,Could not resolve host: qcda.gov.uk,none
queensawards.bis.gov.uk,gov.uk,SSL: no alternative certificate subject name matches target hostname 'queensawards.bis.gov.uk',none
quickplace.birmingham.gov.uk,gov.uk,Could not resolve host: quickplace.birmingham.gov.uk,none
quickr.bradford.gov.uk,gov.uk,Could not resolve host: quickr.bradford.gov.uk,none
quickr.renfrewshire.gov.uk,gov.uk,Could not resolve host: quickr.renfrewshire.gov.uk,none
quickserver03.westsussex.gov.uk,gov.uk,Could not resolve host: quickserver03.westsussex.gov.uk,none
r-custserv.tfl.gov.uk,gov.uk,Could not resolve host: r-custserv.tfl.gov.uk,none
r1.manchester.gov.uk,gov.uk,Could not resolve host: r1.manchester.gov.uk,none
ra.gateway.gov.uk,gov.uk,Could not resolve host: ra.gateway.gov.uk,none
ra.tameside.gov.uk,gov.uk,Connection timed out after 3002 milliseconds,none
ra1.dumgal.gov.uk,gov.uk,Could not resolve host: ra1.dumgal.gov.uk,none
ra2.dumgal.gov.uk,gov.uk,Could not resolve host: ra2.dumgal.gov.uk,none
radiuswebpublic.bromsgrove.gov.uk,gov.uk,Could not resolve host: radiuswebpublic.bromsgrove.gov.uk,none
rail-reg.gov.uk,gov.uk,SSL certificate problem: certificate has expired,none
raildata.orr.gov.uk,gov.uk,Could not resolve host: raildata.orr.gov.uk,none
raise.bury.gov.uk,gov.uk,Could not resolve host: raise.bury.gov.uk,none
raphael.seemis.gov.uk,gov.uk,Could not resolve host: raphael.seemis.gov.uk,none
ras.angus.gov.uk,gov.uk,Could not resolve host: ras.angus.gov.uk,none
ras.brent.gov.uk,gov.uk,Connection timed out after 3002 milliseconds,none
ras.cravendc.gov.uk,gov.uk,Could not resolve host: ras.cravendc.gov.uk,none
ras.kent.gov.uk,gov.uk,Could not resolve host: ras.kent.gov.uk,none
ras.selby.gov.uk,gov.uk,Could not resolve host: ras.selby.gov.uk,none
ras.sheffield.gov.uk,gov.uk,Connection timed out after 3002 milliseconds,none
rashq.wyreforestdc.gov.uk,gov.uk,Connection timed out after 3001 milliseconds,none
ratingsportal.food.gov.uk,gov.uk,200,none
rb1.stockport.gov.uk,gov.uk,Could not resolve host: rb1.stockport.gov.uk,none
rba3.hertscc.gov.uk,gov.uk,Could not resolve host: rba3.hertscc.gov.uk,none
rbcnsp1.redditchbc.gov.uk,gov.uk,Could not resolve host: rbcnsp1.redditchbc.gov.uk,none
rbcnsp2.redditchbc.gov.uk,gov.uk,Could not resolve host: rbcnsp2.redditchbc.gov.uk,none
rbcweb2.redditchbc.gov.uk,gov.uk,Could not resolve host: rbcweb2.redditchbc.gov.uk,none
rbhaccess.rochdale.gov.uk,gov.uk,Failed to connect to rbhaccess.rochdale.gov.uk port 443 after 23 ms: Could not connect to server,none
rbkc-exch3b.rbkc.gov.uk,gov.uk,Could not resolve host: rbkc-exch3b.rbkc.gov.uk,none
rbkesn.kingston.gov.uk,gov.uk,Could not resolve host: rbkesn.kingston.gov.uk,none
rbservices.n-kesteven.gov.uk,gov.uk,Could not resolve host: rbservices.n-kesteven.gov.uk,none
rbwm.gov.uk,gov.uk,301,none
rca.recruit.tda.gov.uk,gov.uk,Could not resolve host: rca.recruit.tda.gov.uk,none
rctgate.rhondda-cynon-taf.gov.uk,gov.uk,Could not resolve host: rctgate.rhondda-cynon-taf.gov.uk,none
rctsctraining.rctcbc.gov.uk,gov.uk,Failed to connect to rctsctraining.rctcbc.gov.uk port 443 after 41 ms: Could not connect to server,none
rds.derbys-fire.gov.uk,gov.uk,302,dig error
rds.eppingforestdc.gov.uk,gov.uk,403,none
rdsgateway.derbys-fire.gov.uk,gov.uk,Could not resolve host: rdsgateway.derbys-fire.gov.uk,none
rduevent.dfpni.gov.uk,gov.uk,Could not resolve host: rduevent.dfpni.gov.uk,none
reading.gov.uk,gov.uk,301,1 mx2.hc1760-84.c3s2.iphmx.com.; 1 mx1.hc1760-84.c3s2.iphmx.com.
recoverysite.orr.gov.uk,gov.uk,Connection timed out after 3002 milliseconds,none
recruitment.carmarthenshire.gov.uk,gov.uk,Recv failure: Connexion ré-initialisée par le correspondant,none
recruitment.edinburgh.gov.uk,gov.uk,Could not resolve host: recruitment.edinburgh.gov.uk,none
recruitment.hse.gov.uk,gov.uk,Connection timed out after 3002 milliseconds,none
recruitment.london.gov.uk,gov.uk,Could not resolve host: recruitment.london.gov.uk,none
recruittest.barnet.gov.uk,gov.uk,Connection timed out after 3002 milliseconds,none
recruittrain.barnet.gov.uk,gov.uk,Connection timed out after 3002 milliseconds,none
redcar-cleveland.gov.uk,gov.uk,Could not resolve host: redcar-cleveland.gov.uk,none
redkite.derbys-fire.gov.uk,gov.uk,Could not resolve host: redkite.derbys-fire.gov.uk,none
redroutepayments.tfl.gov.uk,gov.uk,302,none
redundancyni.gov.uk,gov.uk,Connection timed out after 3002 milliseconds,none
refit.hse.gov.uk,gov.uk,Connection timed out after 3002 milliseconds,none
refocus.princeofwales.gov.uk,gov.uk,Could not resolve host: refocus.princeofwales.gov.uk,none
register.hm-treasury.gov.uk,gov.uk,Could not resolve host: register.hm-treasury.gov.uk,none
register.metoffice.gov.uk,gov.uk,302,none
registeradeath.bournemouth.gov.uk,gov.uk,Could not resolve host: registeradeath.bournemouth.gov.uk,none
registerpre.metoffice.gov.uk,gov.uk,302,none
registrar.bookings.merton.gov.uk,gov.uk,Could not resolve host: registrar.bookings.merton.gov.uk,none
registrars.bracknell-forest.gov.uk,gov.uk,Could not resolve host: registrars.bracknell-forest.gov.uk,none
registrars.essexcc.gov.uk,gov.uk,Could not resolve host: registrars.essexcc.gov.uk,none
registrationbooking.oxfordshire.gov.uk,gov.uk,Could not resolve host: registrationbooking.oxfordshire.gov.uk,none
registrationbookings.warwickshire.gov.uk,gov.uk,Could not resolve host: registrationbookings.warwickshire.gov.uk,none
regulatorsdevelopment.hse.gov.uk,gov.uk,Could not resolve host: regulatorsdevelopment.hse.gov.uk,none
reigate-banstead.gov.uk,gov.uk,301,none
release.planningportal.gov.uk,gov.uk,Could not resolve host: release.planningportal.gov.uk,none
rem.whitehorsedc.gov.uk,gov.uk,Could not resolve host: rem.whitehorsedc.gov.uk,none
remote-access.croydon.gov.uk,gov.uk,Could not resolve host: remote-access.croydon.gov.uk,none
remote-dr.essex-fire.gov.uk,gov.uk,Could not resolve host: remote-dr.essex-fire.gov.uk,none
remote-working.islington.gov.uk,gov.uk,Could not resolve host: remote-working.islington.gov.uk,none
remote.ambervalley.gov.uk,gov.uk,Connection timed out after 3002 milliseconds,none
remote.antrim.gov.uk,gov.uk,Could not resolve host: remote.antrim.gov.uk,none
remote.ashford.gov.uk,gov.uk,Could not resolve host: remote.ashford.gov.uk,none
remote.banbridge.gov.uk,gov.uk,Could not resolve host: remote.banbridge.gov.uk,none
remote.banbury.gov.uk,gov.uk,Connection timed out after 3002 milliseconds,none
remote.bicester.gov.uk,gov.uk,SSL: no alternative certificate subject name matches target hostname 'remote.bicester.gov.uk',none
remote.blacksluiceidb.gov.uk,gov.uk,Connection timed out after 3002 milliseconds,none
remote.bradford.gov.uk,gov.uk,Could not resolve host: remote.bradford.gov.uk,none
remote.braintree.gov.uk,gov.uk,Could not resolve host: remote.braintree.gov.uk,none
remote.brbr.gov.uk,gov.uk,Could not resolve host: remote.brbr.gov.uk,none
remote.breckland.gov.uk,gov.uk,Could not resolve host: remote.breckland.gov.uk,none
remote.cherwellandsouthnorthants.gov.uk,gov.uk,Connection timed out after 3002 milliseconds,none
remote.cheshire.gov.uk,gov.uk,Could not resolve host: remote.cheshire.gov.uk,none
remote.christchurch.gov.uk,gov.uk,Could not resolve host: remote.christchurch.gov.uk,none
remote.cityofworcester.gov.uk,gov.uk,Connection timed out after 3002 milliseconds,none
remote.cornwall.gov.uk,gov.uk,Could not resolve host: remote.cornwall.gov.uk,none
remote.crawley.gov.uk,gov.uk,Connection timed out after 3002 milliseconds,none
remote.crowboroughtowncouncil.gov.uk,gov.uk,Could not resolve host: remote.crowboroughtowncouncil.gov.uk,none
remote.derby.gov.uk,gov.uk,403,none
remote.dudley.gov.uk,gov.uk,Could not resolve host: remote.dudley.gov.uk,none
remote.eastlothian.gov.uk,gov.uk,Could not resolve host: remote.eastlothian.gov.uk,none
remote.edinburgh.gov.uk,gov.uk,Could not resolve host: remote.edinburgh.gov.uk,none
remote.education.doncaster.gov.uk,gov.uk,Could not resolve host: remote.education.doncaster.gov.uk,none
remote.essex-fire.gov.uk,gov.uk,Could not resolve host: remote.essex-fire.gov.uk,none
remote.essexcc.gov.uk,gov.uk,Could not resolve host: remote.essexcc.gov.uk,none
remote.firebuy.gov.uk,gov.uk,Could not resolve host: remote.firebuy.gov.uk,none
remote.folkestone-tc.gov.uk,gov.uk,Could not resolve host: remote.folkestone-tc.gov.uk,none
remote.gedling.gov.uk,gov.uk,Connection timed out after 3002 milliseconds,none
remote.harrow.gov.uk,gov.uk,Could not resolve host: remote.harrow.gov.uk,none
remote.havering.gov.uk,gov.uk,302,none
remote.herefordshire.gov.uk,gov.uk,Could not resolve host: remote.herefordshire.gov.uk,none
remote.hertsmere.gov.uk,gov.uk,Could not resolve host: remote.hertsmere.gov.uk,none
remote.hullcc.gov.uk,gov.uk,Failed to connect to remote.hullcc.gov.uk port 443 after 2284 ms: Could not connect to server,none
remote.kent.gov.uk,gov.uk,Could not resolve host: remote.kent.gov.uk,none
remote.knowsley.gov.uk,gov.uk,Connection timed out after 3002 milliseconds,none
remote.lake-district.gov.uk,gov.uk,Connection timed out after 3002 milliseconds,none
remote.lancaster.gov.uk,gov.uk,Could not resolve host: remote.lancaster.gov.uk,none
remote.leicester.gov.uk,gov.uk,Connection timed out after 3002 milliseconds,none
remote.mendip.gov.uk,gov.uk,Connection timed out after 3002 milliseconds,none
remote.merseytravel.gov.uk,gov.uk,Could not resolve host: remote.merseytravel.gov.uk,none
remote.middlesbrough.gov.uk,gov.uk,Could not resolve host: remote.middlesbrough.gov.uk,none
remote.midsussex.gov.uk,gov.uk,Could not resolve host: remote.midsussex.gov.uk,none
remote.monmouthshire.gov.uk,gov.uk,Connection timed out after 3002 milliseconds,none
remote.nationalarchives.gov.uk,gov.uk,Could not resolve host: remote.nationalarchives.gov.uk,none
remote.newcastle.gov.uk,gov.uk,Connection timed out after 3004 milliseconds,none
remote.newforestnpa.gov.uk,gov.uk,Could not resolve host: remote.newforestnpa.gov.uk,none
remote.northamptonshire.gov.uk,gov.uk,Could not resolve host: remote.northamptonshire.gov.uk,none
remote.northyorksfire.gov.uk,gov.uk,Connection timed out after 3002 milliseconds,none
remote.nottscc.gov.uk,gov.uk,Could not resolve host: remote.nottscc.gov.uk,none
remote.nuneatonandbedworth.gov.uk,gov.uk,Could not resolve host: remote.nuneatonandbedworth.gov.uk,none
remote.nwleicestershire.gov.uk,gov.uk,Connection timed out after 3002 milliseconds,none
remote.otleytowncouncil.gov.uk,gov.uk,Connection timed out after 3001 milliseconds,none
remote.oxford.gov.uk,gov.uk,Could not resolve host: remote.oxford.gov.uk,none
remote.portsmouth.gov.uk,gov.uk,Could not resolve host: remote.portsmouth.gov.uk,none
remote.psc.gov.uk,gov.uk,Could not resolve host: remote.psc.gov.uk,none
remote.rbkc.gov.uk,gov.uk,Could not resolve host: remote.rbkc.gov.uk,none
remote.redbridge.gov.uk,gov.uk,Connection timed out after 3002 milliseconds,none
remote.redcar-cleveland.gov.uk,gov.uk,Could not resolve host: remote.redcar-cleveland.gov.uk,none
remote.redditchbc.gov.uk,gov.uk,Could not resolve host: remote.redditchbc.gov.uk,none
remote.ringwood.gov.uk,gov.uk,Connection timed out after 3002 milliseconds,none
remote.rushcliffe.gov.uk,gov.uk,Could not resolve host: remote.rushcliffe.gov.uk,none
remote.rushmoor.gov.uk,gov.uk,Could not resolve host: remote.rushmoor.gov.uk,none
remote.rutland.gov.uk,gov.uk,Could not resolve host: remote.rutland.gov.uk,none
remote.schools.nottscc.gov.uk,gov.uk,Could not resolve host: remote.schools.nottscc.gov.uk,none
remote.scotcourts.gov.uk,gov.uk,Failed to connect to remote.scotcourts.gov.uk port 443 after 42 ms: Could not connect to server,none
remote.selseytowncouncil.gov.uk,gov.uk,Connection timed out after 3003 milliseconds,none
remote.solihull.gov.uk,gov.uk,Could not resolve host: remote.solihull.gov.uk,none
remote.somerset.gov.uk,gov.uk,Connection timed out after 3003 milliseconds,none
remote.spelthorne.gov.uk,gov.uk,Connection timed out after 3002 milliseconds,none
remote.stevenage.gov.uk,gov.uk,Connection timed out after 3001 milliseconds,none
remote.sussex-ifca.gov.uk,gov.uk,Could not resolve host: remote.sussex-ifca.gov.uk,none
remote.thurrock.gov.uk,gov.uk,Could not resolve host: remote.thurrock.gov.uk,none
remote.truro.gov.uk,gov.uk,Could not resolve host: remote.truro.gov.uk,none
remote.tunbridgewells.gov.uk,gov.uk,SSL: no alternative certificate subject name matches target hostname 'remote.tunbridgewells.gov.uk',none
remote.uttlesford.gov.uk,gov.uk,Failed to connect to remote.uttlesford.gov.uk port 443 after 57 ms: Could not connect to server,none
remote.wealden.gov.uk,gov.uk,Could not resolve host: remote.wealden.gov.uk,none
remote.wellingborough.gov.uk,gov.uk,Could not resolve host: remote.wellingborough.gov.uk,none
remote.westminster.gov.uk,gov.uk,Could not resolve host: remote.westminster.gov.uk,none
remote.wlga.gov.uk,gov.uk,Connection timed out after 3002 milliseconds,none
remote.wrwa.gov.uk,gov.uk,Could not resolve host: remote.wrwa.gov.uk,none
remote.wyreforestdc.gov.uk,gov.uk,Could not resolve host: remote.wyreforestdc.gov.uk,none
remote1.fenland.gov.uk,gov.uk,404,none
remote1.hertsmere.gov.uk,gov.uk,SSL certificate problem: unable to get local issuer certificate,none
remote1.leicester.gov.uk,gov.uk,Could not resolve host: remote1.leicester.gov.uk,none
remote2.birmingham.gov.uk,gov.uk,Could not resolve host: remote2.birmingham.gov.uk,none
remote2.leicester.gov.uk,gov.uk,Could not resolve host: remote2.leicester.gov.uk,none
remote2.rugby.gov.uk,gov.uk,Connection timed out after 3002 milliseconds,none
remote2.scotcourts.gov.uk,gov.uk,Connection timed out after 3002 milliseconds,none
remoteaccess.cambsfire.gov.uk,gov.uk,Could not resolve host: remoteaccess.cambsfire.gov.uk,none
remoteaccess.horsham.gov.uk,gov.uk,Connection timed out after 3002 milliseconds,none
remoteaccess.northwarks.gov.uk,gov.uk,Connection timed out after 3002 milliseconds,none
remoteedu.falkirk.gov.uk,gov.uk,Could not resolve host: remoteedu.falkirk.gov.uk,none
remoteoffice.barnet.gov.uk,gov.uk,Could not resolve host: remoteoffice.barnet.gov.uk,none
remotepartnerweb.westminster.gov.uk,gov.uk,Could not resolve host: remotepartnerweb.westminster.gov.uk,none
remotesupport.basingstoke.gov.uk,gov.uk,Could not resolve host: remotesupport.basingstoke.gov.uk,none
remotevpn.northamptonshire.gov.uk,gov.uk,Could not resolve host: remotevpn.northamptonshire.gov.uk,none
remoteworking.colchester.gov.uk,gov.uk,Connection timed out after 3002 milliseconds,none
remoteworking.falkirk.gov.uk,gov.uk,Could not resolve host: remoteworking.falkirk.gov.uk,none
renewablesandchp.ofgem.gov.uk,gov.uk,SSL: no alternative certificate subject name matches target hostname 'renewablesandchp.ofgem.gov.uk',none
renewals.merseytravel.gov.uk,gov.uk,Connection timed out after 3002 milliseconds,none
report.sfo.gov.uk,gov.uk,Could not resolve host: report.sfo.gov.uk,none
reporting.cabinetoffice.gov.uk,gov.uk,Connection timed out after 3002 milliseconds,none
reporting.defra.gov.uk,gov.uk,Could not resolve host: reporting.defra.gov.uk,none
reporting.direct.gov.uk,gov.uk,301,none
reports.defra.gov.uk,gov.uk,Could not resolve host: reports.defra.gov.uk,none
reports.fsa.gov.uk,gov.uk,Could not resolve host: reports.fsa.gov.uk,none
reports.gateway.lsc.gov.uk,gov.uk,Could not resolve host: reports.gateway.lsc.gov.uk,none
reports.london.gov.uk,gov.uk,Connection timed out after 3001 milliseconds,none
reports.telford.gov.uk,gov.uk,Could not resolve host: reports.telford.gov.uk,none
reports.uksport.gov.uk,gov.uk,Could not resolve host: reports.uksport.gov.uk,none
reps.luton.gov.uk,gov.uk,Connection timed out after 3002 milliseconds,none
research.coi.gov.uk,gov.uk,Could not resolve host: research.coi.gov.uk,none
research.mla.gov.uk,gov.uk,Could not resolve host: research.mla.gov.uk,none
resexcaw2k31.nottinghamcity.gov.uk,gov.uk,Could not resolve host: resexcaw2k31.nottinghamcity.gov.uk,none
resexcaw2k32.nottinghamcity.gov.uk,gov.uk,Could not resolve host: resexcaw2k32.nottinghamcity.gov.uk,none
resexcaw2k33.nottinghamcity.gov.uk,gov.uk,Could not resolve host: resexcaw2k33.nottinghamcity.gov.uk,none
resexhtsw2k31.nottinghamcity.gov.uk,gov.uk,Could not resolve host: resexhtsw2k31.nottinghamcity.gov.uk,none
resexhtsw2k32.nottinghamcity.gov.uk,gov.uk,Could not resolve host: resexhtsw2k32.nottinghamcity.gov.uk,none
resilience-extranet.gov.uk,gov.uk,Could not resolve host: resilience-extranet.gov.uk,none
resourcelink.coventry.gov.uk,gov.uk,200,none
responsecp.calderdale.gov.uk,gov.uk,Connection timed out after 3002 milliseconds,none
restats.decc.gov.uk,gov.uk,SSL: no alternative certificate subject name matches target hostname 'restats.decc.gov.uk',none
rev.south-norfolk.gov.uk,gov.uk,Could not resolve host: rev.south-norfolk.gov.uk,none
revben.oltps.sthelens.gov.uk,gov.uk,200,none
revenues.castlepoint.gov.uk,gov.uk,Could not resolve host: revenues.castlepoint.gov.uk,none
revenues.christchurch.gov.uk,gov.uk,Could not resolve host: revenues.christchurch.gov.uk,none
revenues.eastdorsetdc.gov.uk,gov.uk,Could not resolve host: revenues.eastdorsetdc.gov.uk,none
revenues.rugby.gov.uk,gov.uk,Connection timed out after 3002 milliseconds,none
reverse.westyorksfire.gov.uk,gov.uk,Could not resolve host: reverse.westyorksfire.gov.uk,none
revsandbens.merton.gov.uk,gov.uk,Could not resolve host: revsandbens.merton.gov.uk,none
richmond.gov.uk,gov.uk,200,5 richmond-gov-uk.mail.protection.outlook.com.
richmondshire.gov.uk,gov.uk,302,none
ripa.homeoffice.gov.uk,gov.uk,Could not resolve host: ripa.homeoffice.gov.uk,none
risk.croydon.gov.uk,gov.uk,Could not resolve host: risk.croydon.gov.uk,none
rite.berr.gov.uk,gov.uk,Connection timed out after 3002 milliseconds,none
rite.bis.gov.uk,gov.uk,Connection timed out after 3002 milliseconds,none
riteplus.berr.gov.uk,gov.uk,Connection timed out after 3002 milliseconds,none
riteplus.bis.gov.uk,gov.uk,Connection timed out after 3002 milliseconds,none
rits.ofqual.gov.uk,gov.uk,Could not resolve host: rits.ofqual.gov.uk,none
river.barnet.gov.uk,gov.uk,Could not resolve host: river.barnet.gov.uk,none
rms.collaboration.pm.culture.gov.uk,gov.uk,Could not resolve host: rms.collaboration.pm.culture.gov.uk,none
rms.hantsfire.gov.uk,gov.uk,Could not resolve host: rms.hantsfire.gov.uk,none
rmsmobile.newham.gov.uk,gov.uk,Could not resolve host: rmsmobile.newham.gov.uk,none
rmt.trafford.gov.uk,gov.uk,Connection timed out after 3002 milliseconds,none
rnn.cabinetoffice.gov.uk,gov.uk,Could not resolve host: rnn.cabinetoffice.gov.uk,none
roadcasualtiesonline.dft.gov.uk,gov.uk,301,none
roam.dcsf.gov.uk,gov.uk,Could not resolve host: roam.dcsf.gov.uk,none
roam.dfes.gov.uk,gov.uk,Resolving timed out after 3000 milliseconds,none
rocp.salford.gov.uk,gov.uk,502,none
rocp10.salford.gov.uk,gov.uk,502,none
roi.aib.gov.uk,gov.uk,Could not resolve host: roi.aib.gov.uk,none
ronimg.gro.gov.uk,gov.uk,Could not resolve host: ronimg.gro.gov.uk,none
rontest.gro.gov.uk,gov.uk,404,none
rontranet.gro.gov.uk,gov.uk,404,none
rotherham.gov.uk,gov.uk,301,none
rover.daventrydc.gov.uk,gov.uk,Could not resolve host: rover.daventrydc.gov.uk,none
rover.northamptonshire.gov.uk,gov.uk,Could not resolve host: rover.northamptonshire.gov.uk,none
rp.chichester.gov.uk,gov.uk,Could not resolve host: rp.chichester.gov.uk,none
rp01.firescotland.gov.uk,gov.uk,Connection timed out after 3002 milliseconds,none
rpc.coventry.gov.uk,gov.uk,Could not resolve host: rpc.coventry.gov.uk,none
rpc2.coventry.gov.uk,gov.uk,Could not resolve host: rpc2.coventry.gov.uk,none
rsa.niassembly.gov.uk,gov.uk,Connection timed out after 3002 milliseconds,none
rsr-portal.sepa.gov.uk,gov.uk,Could not resolve host: rsr-portal.sepa.gov.uk,none
ru.ukho.gov.uk,gov.uk,Could not resolve host: ru.ukho.gov.uk,none
rugby.gov.uk,gov.uk,200,none
rushmoor.gov.uk,gov.uk,301,5 rushmoor-gov-uk.mail.protection.outlook.com.
rutherford.gmpte.gov.uk,gov.uk,Could not resolve host: rutherford.gmpte.gov.uk,none
rw.qcda.gov.uk,gov.uk,Could not resolve host: rw.qcda.gov.uk,none
rws.education.gov.uk,gov.uk,Could not resolve host: rws.education.gov.uk,none
s1.stockport.gov.uk,gov.uk,Could not resolve host: s1.stockport.gov.uk,none
sa.dover.gov.uk,gov.uk,Could not resolve host: sa.dover.gov.uk,none
sa.education.gov.uk,gov.uk,Could not resolve host: sa.education.gov.uk,none
sa.lancashire.gov.uk,gov.uk,Connection timed out after 3002 milliseconds,none
sag.fera.defra.gov.uk,gov.uk,Could not resolve host: sag.fera.defra.gov.uk,none
salford.gov.uk,gov.uk,SSL: no alternative certificate subject name matches target hostname 'salford.gov.uk',10 mailmx.salford.gov.uk.
sam.barnet.gov.uk,gov.uk,301,none
sam.bournemouth.gov.uk,gov.uk,Could not resolve host: sam.bournemouth.gov.uk,none
sandbox.londoncareplacements.gov.uk,gov.uk,Could not resolve host: sandbox.londoncareplacements.gov.uk,none
sbc-asa.ad.slough.gov.uk,gov.uk,Could not resolve host: sbc-asa.ad.slough.gov.uk,none
sbc-excas.staffordbc.gov.uk,gov.uk,Could not resolve host: sbc-excas.staffordbc.gov.uk,none
sbc.wellingborough.gov.uk,gov.uk,Could not resolve host: sbc.wellingborough.gov.uk,none
sbcmobile.horsham.gov.uk,gov.uk,Could not resolve host: sbcmobile.horsham.gov.uk,none
sbcvo.staffordbc.gov.uk,gov.uk,Connection timed out after 3002 milliseconds,none
sbmobile.birmingham.gov.uk,gov.uk,Connection timed out after 3002 milliseconds,none
sbremote.birmingham.gov.uk,gov.uk,Could not resolve host: sbremote.birmingham.gov.uk,none
sbs.firebuy.gov.uk,gov.uk,Could not resolve host: sbs.firebuy.gov.uk,none
scca.surreycc.gov.uk,gov.uk,Could not resolve host: scca.surreycc.gov.uk,none
sccasavpn01.sheffield.gov.uk,gov.uk,Could not resolve host: sccasavpn01.sheffield.gov.uk,none
sccgateway.southampton.gov.uk,gov.uk,302,none
sccgateway2.southampton.gov.uk,gov.uk,Could not resolve host: sccgateway2.southampton.gov.uk,none
sccmail.southampton.gov.uk,gov.uk,Could not resolve host: sccmail.southampton.gov.uk,none
sccpartner.southampton.gov.uk,gov.uk,Could not resolve host: sccpartner.southampton.gov.uk,none
schadm.northumberland.gov.uk,gov.uk,SSL certificate problem: unable to get local issuer certificate,none
school.eastsussex.gov.uk,gov.uk,Could not resolve host: school.eastsussex.gov.uk,none
schooladmissions.northtyneside.gov.uk,gov.uk,Connection timed out after 3002 milliseconds,none
schoolapplications.kirklees.gov.uk,gov.uk,Could not resolve host: schoolapplications.kirklees.gov.uk,none
schoolmail.torfaen.gov.uk,gov.uk,Connection timed out after 3002 milliseconds,none
schoolparty.tfl.gov.uk,gov.uk,Could not resolve host: schoolparty.tfl.gov.uk,none
schoolprofile.teachernet.gov.uk,gov.uk,Could not resolve host: schoolprofile.teachernet.gov.uk,none
schools.angus.gov.uk,gov.uk,Could not resolve host: schools.angus.gov.uk,none
schools.carmarthenshire.gov.uk,gov.uk,Could not resolve host: schools.carmarthenshire.gov.uk,none
schools.northtyneside.gov.uk,gov.uk,Could not resolve host: schools.northtyneside.gov.uk,none
schools.nottscc.gov.uk,gov.uk,Could not resolve host: schools.nottscc.gov.uk,none
schools.sefton.gov.uk,gov.uk,Could not resolve host: schools.sefton.gov.uk,none
schoolshr.birmingham.gov.uk,gov.uk,Could not resolve host: schoolshr.birmingham.gov.uk,none
schoolsmail.southglos.gov.uk,gov.uk,Connection timed out after 3000 milliseconds,none
schoolsmail.suffolk.gov.uk,gov.uk,Connection timed out after 3002 milliseconds,none
schoolsonline.wokingham.gov.uk,gov.uk,403,none
schoolsrecruitment.dcsf.gov.uk,gov.uk,Could not resolve host: schoolsrecruitment.dcsf.gov.uk,none
schoolsrecruitment.education.gov.uk,gov.uk,SSL: no alternative certificate subject name matches target hostname 'schoolsrecruitment.education.gov.uk',none
schoolssla.cornwall.gov.uk,gov.uk,Could not resolve host: schoolssla.cornwall.gov.uk,none
schoolsweb.buckscc.gov.uk,gov.uk,301,none
schoolvisitsystem.brighton-hove.gov.uk,gov.uk,Could not resolve host: schoolvisitsystem.brighton-hove.gov.uk,none
sci.walsall.gov.uk,gov.uk,Could not resolve host: sci.walsall.gov.uk,none
science.vla.gov.uk,gov.uk,Could not resolve host: science.vla.gov.uk,none
scilly.gov.uk,gov.uk,200,0 scilly-gov-uk.mail.protection.outlook.com.
scm.bristol.gov.uk,gov.uk,Connection timed out after 3002 milliseconds,none
scncag.stockport.gov.uk,gov.uk,Could not resolve host: scncag.stockport.gov.uk,none
scncsg.stockport.gov.uk,gov.uk,Connection timed out after 3002 milliseconds,none
scnowa1.stockport.gov.uk,gov.uk,Connection timed out after 3002 milliseconds,none
scords.gov.uk,gov.uk,301,none
scotborders.gov.uk,gov.uk,301,0 scotborders-gov-uk.mail.protection.outlook.com.
scotland.gov.uk,gov.uk,301,none
scpp.manchester.gov.uk,gov.uk,Could not resolve host: scpp.manchester.gov.uk,none
scrappy2.cms.nics.gov.uk,gov.uk,Could not resolve host: scrappy2.cms.nics.gov.uk,none
scripts.historic-scotland.gov.uk,gov.uk,400,none
scsslvpn.stirling.gov.uk,gov.uk,Could not resolve host: scsslvpn.stirling.gov.uk,none
scwd.stockport.gov.uk,gov.uk,403,none
sdc.webtrends.nics.gov.uk,gov.uk,Could not resolve host: sdc.webtrends.nics.gov.uk,none
sdt.fi.gateway.gov.uk,gov.uk,Could not resolve host: sdt.fi.gateway.gov.uk,none
sdt.gateway.gov.uk,gov.uk,Could not resolve host: sdt.gateway.gov.uk,none
search.mi5.gov.uk,gov.uk,Could not resolve host: search.mi5.gov.uk,none
search.telford.gov.uk,gov.uk,Could not resolve host: search.telford.gov.uk,none
secmail.lewisham.gov.uk,gov.uk,Could not resolve host: secmail.lewisham.gov.uk,none
secure-access.cne-siar.gov.uk,gov.uk,Could not resolve host: secure-access.cne-siar.gov.uk,none
secure-auth.croydon.gov.uk,gov.uk,Connection timed out after 3002 milliseconds,none
secure-mail.cne-siar.gov.uk,gov.uk,Could not resolve host: secure-mail.cne-siar.gov.uk,none
secure-transfer.sandwell.gov.uk,gov.uk,SSL certificate problem: self-signed certificate in certificate chain,none
secure.aberdeencity.gov.uk,gov.uk,Connection timed out after 3002 milliseconds,none
secure.ace.gov.uk,gov.uk,Could not resolve host: secure.ace.gov.uk,none
secure.adur-worthing.gov.uk,gov.uk,Connection timed out after 3002 milliseconds,none
secure.alsf.defra.gov.uk,gov.uk,Could not resolve host: secure.alsf.defra.gov.uk,none
secure.amls.defra.gov.uk,gov.uk,Could not resolve host: secure.amls.defra.gov.uk,none
secure.apptest1.defra.gov.uk,gov.uk,Could not resolve host: secure.apptest1.defra.gov.uk,none
secure.apptest2.defra.gov.uk,gov.uk,Could not resolve host: secure.apptest2.defra.gov.uk,none
secure.apptest3.defra.gov.uk,gov.uk,Could not resolve host: secure.apptest3.defra.gov.uk,none
secure.apptest4.defra.gov.uk,gov.uk,Could not resolve host: secure.apptest4.defra.gov.uk,none
secure.apptest5.defra.gov.uk,gov.uk,Could not resolve host: secure.apptest5.defra.gov.uk,none
secure.apptest6.defra.gov.uk,gov.uk,Could not resolve host: secure.apptest6.defra.gov.uk,none
secure.apptest7.defra.gov.uk,gov.uk,Could not resolve host: secure.apptest7.defra.gov.uk,none
secure.ashford.gov.uk,gov.uk,403,none
secure.babergh.gov.uk,gov.uk,Could not resolve host: secure.babergh.gov.uk,none
secure.better-regs-hampton.defra.gov.uk,gov.uk,Could not resolve host: secure.better-regs-hampton.defra.gov.uk,none
secure.breedsatrisk.defra.gov.uk,gov.uk,Could not resolve host: secure.breedsatrisk.defra.gov.uk,none
secure.bridgend.gov.uk,gov.uk,Could not resolve host: secure.bridgend.gov.uk,none
secure.broadland.gov.uk,gov.uk,Could not resolve host: secure.broadland.gov.uk,none
secure.broxbourne.gov.uk,gov.uk,Connection timed out after 3002 milliseconds,none
secure.broxtowe.gov.uk,gov.uk,Failed to connect to secure.broxtowe.gov.uk port 443 after 116 ms: Could not connect to server,none
secure.carlisle.gov.uk,gov.uk,Could not resolve host: secure.carlisle.gov.uk,none
secure.chas.gov.uk,gov.uk,Could not resolve host: secure.chas.gov.uk,none
secure.chelmsford.gov.uk,gov.uk,Could not resolve host: secure.chelmsford.gov.uk,none
secure.chester.gov.uk,gov.uk,Could not resolve host: secure.chester.gov.uk,none
secure.chesterfield.gov.uk,gov.uk,Connection timed out after 3002 milliseconds,none
secure.colchester.gov.uk,gov.uk,Could not resolve host: secure.colchester.gov.uk,none
secure.consumerdirect.gov.uk,gov.uk,Could not resolve host: secure.consumerdirect.gov.uk,none
secure.corpdir.defra.gov.uk,gov.uk,Could not resolve host: secure.corpdir.defra.gov.uk,none
secure.crbonline.gov.uk,gov.uk,302,none
secure.croydon.gov.uk,gov.uk,SSL certificate problem: unable to get local issuer certificate,none
secure.csl.gov.uk,gov.uk,Could not resolve host: secure.csl.gov.uk,none
secure.cw.defra.gov.uk,gov.uk,Could not resolve host: secure.cw.defra.gov.uk,none
secure.cwr.defra.gov.uk,gov.uk,Could not resolve host: secure.cwr.defra.gov.uk,none
secure.darlington.gov.uk,gov.uk,Could not resolve host: secure.darlington.gov.uk,none
secure.dartmoor-npa.gov.uk,gov.uk,Could not resolve host: secure.dartmoor-npa.gov.uk,none
secure.dartmoor.gov.uk,gov.uk,Could not resolve host: secure.dartmoor.gov.uk,none
secure.dcsf.gov.uk,gov.uk,Could not resolve host: secure.dcsf.gov.uk,none
secure.delparley.defra.gov.uk,gov.uk,Could not resolve host: secure.delparley.defra.gov.uk,none
secure.derby.gov.uk,gov.uk,302,none
secure.dev.gateway.gov.uk,gov.uk,Could not resolve host: secure.dev.gateway.gov.uk,none
secure.dfes.gov.uk,gov.uk,Could not resolve host: secure.dfes.gov.uk,none
secure.disinfectants.defra.gov.uk,gov.uk,Could not resolve host: secure.disinfectants.defra.gov.uk,none
secure.dundeecity.gov.uk,gov.uk,SSL certificate problem: certificate has expired,none
secure.durham.gov.uk,gov.uk,Could not resolve host: secure.durham.gov.uk,none
secure.dvlaregistrations.direct.gov.uk,gov.uk,Connection timed out after 3002 milliseconds,none
secure.dwp.gov.uk,gov.uk,200,none
secure.eastbourne.gov.uk,gov.uk,Could not resolve host: secure.eastbourne.gov.uk,none
secure.eastdevon.gov.uk,gov.uk,Could not resolve host: secure.eastdevon.gov.uk,none
secure.eastdorsetdc.gov.uk,gov.uk,Could not resolve host: secure.eastdorsetdc.gov.uk,none
secure.easthants.gov.uk,gov.uk,Could not resolve host: secure.easthants.gov.uk,10 secure-easthants-gov-uk.mail.protection.outlook.com.
secure.edomero.defra.gov.uk,gov.uk,302,none
secure.ehmi.defra.gov.uk,gov.uk,Could not resolve host: secure.ehmi.defra.gov.uk,none
secure.ehmipeach.defra.gov.uk,gov.uk,Could not resolve host: secure.ehmipeach.defra.gov.uk,none
secure.eln.defra.gov.uk,gov.uk,Could not resolve host: secure.eln.defra.gov.uk,none
secure.emissionsregistry.environment-agency.gov.uk,gov.uk,Could not resolve host: secure.emissionsregistry.environment-agency.gov.uk,none
secure.eol.defra.gov.uk,gov.uk,Could not resolve host: secure.eol.defra.gov.uk,none
secure.escience.defra.gov.uk,gov.uk,Could not resolve host: secure.escience.defra.gov.uk,none
secure.essexcc.gov.uk,gov.uk,Could not resolve host: secure.essexcc.gov.uk,none
secure.etr.defra.gov.uk,gov.uk,Could not resolve host: secure.etr.defra.gov.uk,none
secure.fera.defra.gov.uk,gov.uk,Could not resolve host: secure.fera.defra.gov.uk,none
secure.fi.gateway.gov.uk,gov.uk,Could not resolve host: secure.fi.gateway.gov.uk,none
secure.flintshire.gov.uk,gov.uk,Could not resolve host: secure.flintshire.gov.uk,none
secure.gamblingcommission.gov.uk,gov.uk,403,none
secure.gateway.gov.uk,gov.uk,Could not resolve host: secure.gateway.gov.uk,none
secure.gravesham.gov.uk,gov.uk,Could not resolve host: secure.gravesham.gov.uk,none
secure.guildford.gov.uk,gov.uk,Could not resolve host: secure.guildford.gov.uk,none
secure.hackney.gov.uk,gov.uk,Could not resolve host: secure.hackney.gov.uk,none
secure.haringey.gov.uk,gov.uk,Could not resolve host: secure.haringey.gov.uk,none
secure.harrogate.gov.uk,gov.uk,302,none
secure.hartlepool.gov.uk,gov.uk,200,none
secure.highpeak.gov.uk,gov.uk,Could not resolve host: secure.highpeak.gov.uk,none
secure.hmce.gov.uk,gov.uk,302,none
secure.islington.gov.uk,gov.uk,Could not resolve host: secure.islington.gov.uk,none
secure.kettering.gov.uk,gov.uk,Could not resolve host: secure.kettering.gov.uk,none
secure.knowsley.gov.uk,gov.uk,Connection timed out after 3002 milliseconds,none
secure.lambeth.gov.uk,gov.uk,Could not resolve host: secure.lambeth.gov.uk,none
secure.lasupport.defra.gov.uk,gov.uk,Could not resolve host: secure.lasupport.defra.gov.uk,none
secure.lats.defra.gov.uk,gov.uk,Could not resolve host: secure.lats.defra.gov.uk,none
secure.laws.gla.gov.uk,gov.uk,Connection timed out after 3002 milliseconds,none
secure.leeds.gov.uk,gov.uk,200,none
secure.leicester.gov.uk,gov.uk,Failed to connect to secure.leicester.gov.uk port 443 after 36 ms: Could not connect to server,none
secure.lewisham.gov.uk,gov.uk,Could not resolve host: secure.lewisham.gov.uk,none
secure.limavady.gov.uk,gov.uk,Could not resolve host: secure.limavady.gov.uk,none
secure.london.gov.uk,gov.uk,Could not resolve host: secure.london.gov.uk,none
secure.maidstone.gov.uk,gov.uk,Could not resolve host: secure.maidstone.gov.uk,none
secure.manchester.gov.uk,gov.uk,301,none
secure.mendip.gov.uk,gov.uk,Could not resolve host: secure.mendip.gov.uk,none
secure.metoffice.gov.uk,gov.uk,Could not resolve host: secure.metoffice.gov.uk,none
secure.midlothian.gov.uk,gov.uk,Connection timed out after 3002 milliseconds,none
secure.midsussex.gov.uk,gov.uk,Could not resolve host: secure.midsussex.gov.uk,none
secure.millennium.gov.uk,gov.uk,Could not resolve host: secure.millennium.gov.uk,none
secure.monmouthshire.gov.uk,gov.uk,Could not resolve host: secure.monmouthshire.gov.uk,none
secure.moray.gov.uk,gov.uk,403,none
secure.mpa.gov.uk,gov.uk,Could not resolve host: secure.mpa.gov.uk,none
secure.nationalparks.gov.uk,gov.uk,Could not resolve host: secure.nationalparks.gov.uk,none
secure.net.countryside.gov.uk,gov.uk,Could not resolve host: secure.net.countryside.gov.uk,none
secure.north-dorset.gov.uk,gov.uk,Could not resolve host: secure.north-dorset.gov.uk,none
secure.northampton.gov.uk,gov.uk,Connection timed out after 3002 milliseconds,none
secure.northdown.gov.uk,gov.uk,Could not resolve host: secure.northdown.gov.uk,none
secure.northwarks.gov.uk,gov.uk,Could not resolve host: secure.northwarks.gov.uk,none
secure.nottinghamcity.gov.uk,gov.uk,Could not resolve host: secure.nottinghamcity.gov.uk,none
secure.nottinghamshire.gov.uk,gov.uk,Recv failure: Connexion ré-initialisée par le correspondant,none
secure.payments.gateway.gov.uk,gov.uk,Could not resolve host: secure.payments.gateway.gov.uk,none
secure.pesticides.gov.uk,gov.uk,200,none
secure.planningportal.gov.uk,gov.uk,Could not resolve host: secure.planningportal.gov.uk,none
secure.plymouth.gov.uk,gov.uk,Could not resolve host: secure.plymouth.gov.uk,none
secure.portal.defra.gov.uk,gov.uk,Could not resolve host: secure.portal.defra.gov.uk,none
secure.poultry.defra.gov.uk,gov.uk,Could not resolve host: secure.poultry.defra.gov.uk,none
secure.poultryregister.defra.gov.uk,gov.uk,Could not resolve host: secure.poultryregister.defra.gov.uk,none
secure.pp.defra.gov.uk,gov.uk,Could not resolve host: secure.pp.defra.gov.uk,none
secure.preview.bcms.gov.uk,gov.uk,Could not resolve host: secure.preview.bcms.gov.uk,none
secure.projrep.defra.gov.uk,gov.uk,Could not resolve host: secure.projrep.defra.gov.uk,none
secure.rbkc.gov.uk,gov.uk,Could not resolve host: secure.rbkc.gov.uk,none
secure.rds.defra.gov.uk,gov.uk,Could not resolve host: secure.rds.defra.gov.uk,none
secure.reh.defra.gov.uk,gov.uk,Could not resolve host: secure.reh.defra.gov.uk,none
secure.rochford.gov.uk,gov.uk,SSL certificate problem: certificate has expired,none
secure.salford.gov.uk,gov.uk,502,none
secure.scarborough.gov.uk,gov.uk,Could not resolve host: secure.scarborough.gov.uk,none
secure.sdeforms.defra.gov.uk,gov.uk,Could not resolve host: secure.sdeforms.defra.gov.uk,none
secure.seedcert.defra.gov.uk,gov.uk,302,none
secure.services.defra.gov.uk,gov.uk,403,none
secure.southampton.gov.uk,gov.uk,Could not resolve host: secure.southampton.gov.uk,none
secure.staffordshireprepared.gov.uk,gov.uk,Could not resolve host: secure.staffordshireprepared.gov.uk,none
secure.sthelens.gov.uk,gov.uk,Could not resolve host: secure.sthelens.gov.uk,none
secure.studentfinance.direct.gov.uk,gov.uk,Could not resolve host: secure.studentfinance.direct.gov.uk,none
secure.suffolkcc.gov.uk,gov.uk,503,none
secure.tameside.gov.uk,gov.uk,200,none
secure.telford.gov.uk,gov.uk,403,none
secure.tes.dwp.gov.uk,gov.uk,Could not resolve host: secure.tes.dwp.gov.uk,none
secure.testalsf.defra.gov.uk,gov.uk,Could not resolve host: secure.testalsf.defra.gov.uk,none
secure.testbar.defra.gov.uk,gov.uk,Could not resolve host: secure.testbar.defra.gov.uk,none
secure.testdelparley.defra.gov.uk,gov.uk,Could not resolve host: secure.testdelparley.defra.gov.uk,none
secure.testehmi.defra.gov.uk,gov.uk,Could not resolve host: secure.testehmi.defra.gov.uk,none
secure.testehmipeach.defra.gov.uk,gov.uk,Could not resolve host: secure.testehmipeach.defra.gov.uk,none
secure.testeln.defra.gov.uk,gov.uk,Could not resolve host: secure.testeln.defra.gov.uk,none
secure.testlats.defra.gov.uk,gov.uk,Could not resolve host: secure.testlats.defra.gov.uk,none
secure.testlaws.gla.gov.uk,gov.uk,Could not resolve host: secure.testlaws.gla.gov.uk,none
secure.testpeach.defra.gov.uk,gov.uk,Could not resolve host: secure.testpeach.defra.gov.uk,none
secure.testreh.defra.gov.uk,gov.uk,Could not resolve host: secure.testreh.defra.gov.uk,none
secure.testsdforum.defra.gov.uk,gov.uk,Could not resolve host: secure.testsdforum.defra.gov.uk,none
secure.testvebus.defra.gov.uk,gov.uk,Could not resolve host: secure.testvebus.defra.gov.uk,none
secure.testwfaweb.defra.gov.uk,gov.uk,Could not resolve host: secure.testwfaweb.defra.gov.uk,none
secure.testwiisol.defra.gov.uk,gov.uk,Could not resolve host: secure.testwiisol.defra.gov.uk,none
secure.thanet.gov.uk,gov.uk,Could not resolve host: secure.thanet.gov.uk,none
secure.thepensionservice.gov.uk,gov.uk,Could not resolve host: secure.thepensionservice.gov.uk,none
secure.thepensionsregulator.gov.uk,gov.uk,403,none
secure.torbay.gov.uk,gov.uk,403,none
secure.torridge.gov.uk,gov.uk,Could not resolve host: secure.torridge.gov.uk,none
secure.tunbridgewells.gov.uk,gov.uk,403,none
secure.vebus.defra.gov.uk,gov.uk,Could not resolve host: secure.vebus.defra.gov.uk,none
secure.wandsworth.gov.uk,gov.uk,Could not resolve host: secure.wandsworth.gov.uk,none
secure.warrington.gov.uk,gov.uk,Could not resolve host: secure.warrington.gov.uk,none
secure.waveney.gov.uk,gov.uk,Could not resolve host: secure.waveney.gov.uk,none
secure.wcrd.defra.gov.uk,gov.uk,Could not resolve host: secure.wcrd.defra.gov.uk,none
secure.webservice.defra.gov.uk,gov.uk,Could not resolve host: secure.webservice.defra.gov.uk,none
secure.west-norfolk.gov.uk,gov.uk,Could not resolve host: secure.west-norfolk.gov.uk,none
secure.westlancs.gov.uk,gov.uk,Connection timed out after 3002 milliseconds,none
secure.westlancsdc.gov.uk,gov.uk,Could not resolve host: secure.westlancsdc.gov.uk,none
secure.westminster.gov.uk,gov.uk,Connection timed out after 3002 milliseconds,none
secure.wfa.webservice.defra.gov.uk,gov.uk,Could not resolve host: secure.wfa.webservice.defra.gov.uk,none
secure.wfaweb12.defra.gov.uk,gov.uk,Could not resolve host: secure.wfaweb12.defra.gov.uk,none
secure.wholefarm.defra.gov.uk,gov.uk,Could not resolve host: secure.wholefarm.defra.gov.uk,none
secure.wiisol.defra.gov.uk,gov.uk,Could not resolve host: secure.wiisol.defra.gov.uk,none
secure.wms.defra.gov.uk,gov.uk,Could not resolve host: secure.wms.defra.gov.uk,none
secure.wokingham.gov.uk,gov.uk,Could not resolve host: secure.wokingham.gov.uk,none
secure.wolverhampton.gov.uk,gov.uk,Could not resolve host: secure.wolverhampton.gov.uk,none
secure.worcester.gov.uk,gov.uk,Could not resolve host: secure.worcester.gov.uk,none
secure.worthing.gov.uk,gov.uk,Could not resolve host: secure.worthing.gov.uk,none
secure.wyreforestdc.gov.uk,gov.uk,Could not resolve host: secure.wyreforestdc.gov.uk,none
secure1.hyndburnbc.gov.uk,gov.uk,Connection timed out after 3002 milliseconds,none
secure2.colchester.gov.uk,gov.uk,Could not resolve host: secure2.colchester.gov.uk,none
secure2.derby.gov.uk,gov.uk,Could not resolve host: secure2.derby.gov.uk,none
secure2.devon.gov.uk,gov.uk,Could not resolve host: secure2.devon.gov.uk,none
secure2.fera.defra.gov.uk,gov.uk,Could not resolve host: secure2.fera.defra.gov.uk,none
secure2.hyndburnbc.gov.uk,gov.uk,Could not resolve host: secure2.hyndburnbc.gov.uk,none
secure2.mpa.gov.uk,gov.uk,Could not resolve host: secure2.mpa.gov.uk,none
secure3.cumbria.gov.uk,gov.uk,200,none
secureaccess.defra.gov.uk,gov.uk,Could not resolve host: secureaccess.defra.gov.uk,none
secureapps.staffordshire.gov.uk,gov.uk,Connection timed out after 3002 milliseconds,none
securecommunities.hse.gov.uk,gov.uk,Could not resolve host: securecommunities.hse.gov.uk,none
securedatatransfer.teachernet.gov.uk,gov.uk,Could not resolve host: securedatatransfer.teachernet.gov.uk,none
securedev.dwp.gov.uk,gov.uk,Connection timed out after 3002 milliseconds,none
securegsmail.reading.gov.uk,gov.uk,Could not resolve host: securegsmail.reading.gov.uk,none
secureies.dwp.gov.uk,gov.uk,301,none
secureiestest.dwp.gov.uk,gov.uk,Could not resolve host: secureiestest.dwp.gov.uk,none
secureleisurebooking.northwarks.gov.uk,gov.uk,Could not resolve host: secureleisurebooking.northwarks.gov.uk,none
securemail.bedford.gov.uk,gov.uk,Could not resolve host: securemail.bedford.gov.uk,none
securemail.cheshiresharedservices.gov.uk,gov.uk,Could not resolve host: securemail.cheshiresharedservices.gov.uk,none
securemail.dudley.gov.uk,gov.uk,Could not resolve host: securemail.dudley.gov.uk,none
securemail.gateshead.gov.uk,gov.uk,Connection timed out after 3002 milliseconds,none
securemail.lancashire.gov.uk,gov.uk,200,none
securemail.plymouth.gov.uk,gov.uk,Could not resolve host: securemail.plymouth.gov.uk,none
securemail.portsmouthcc.gov.uk,gov.uk,Connection timed out after 3002 milliseconds,none
securemail.powys.gov.uk,gov.uk,Could not resolve host: securemail.powys.gov.uk,none
securemail.southbeds.gov.uk,gov.uk,Could not resolve host: securemail.southbeds.gov.uk,none
securemail.tpr.gov.uk,gov.uk,Could not resolve host: securemail.tpr.gov.uk,none
securemail.westberks.gov.uk,gov.uk,Connection timed out after 3002 milliseconds,none
securemail.york.gov.uk,gov.uk,Connection timed out after 3002 milliseconds,none
securemessaging.eastriding.gov.uk,gov.uk,Connection timed out after 3001 milliseconds,none
securemobile.tmbc.gov.uk,gov.uk,Connection timed out after 3002 milliseconds,none
securenafn2.nafn.gov.uk,gov.uk,Connection timed out after 3002 milliseconds,none
secureonline.dwp.gov.uk,gov.uk,Connection timed out after 3002 milliseconds,none
secureportal.edu.clacks.gov.uk,gov.uk,Could not resolve host: secureportal.edu.clacks.gov.uk,none
secureselfservice.northwarks.gov.uk,gov.uk,Could not resolve host: secureselfservice.northwarks.gov.uk,none
secureservices.iow.gov.uk,gov.uk,Could not resolve host: secureservices.iow.gov.uk,none
securessl.dwp.gov.uk,gov.uk,Could not resolve host: securessl.dwp.gov.uk,none
securetest.tes.dwp.gov.uk,gov.uk,Could not resolve host: securetest.tes.dwp.gov.uk,none
securetest.thepensionservice.gov.uk,gov.uk,Could not resolve host: securetest.thepensionservice.gov.uk,none
securetransfer.rutland.gov.uk,gov.uk,302,none
securetst.devon.gov.uk,gov.uk,Connection timed out after 3002 milliseconds,none
secureupdate.dwp.gov.uk,gov.uk,Connection timed out after 3002 milliseconds,none
secureupdate1.dwp.gov.uk,gov.uk,Connection timed out after 3002 milliseconds,none
secureweb.ribblevalley.gov.uk,gov.uk,Could not resolve host: secureweb.ribblevalley.gov.uk,none
secureweb1.essexcc.gov.uk,gov.uk,Could not resolve host: secureweb1.essexcc.gov.uk,none
secureweb2.essexcc.gov.uk,gov.uk,Could not resolve host: secureweb2.essexcc.gov.uk,none
secureweb3.essexcc.gov.uk,gov.uk,Could not resolve host: secureweb3.essexcc.gov.uk,none
security.redditchbc.gov.uk,gov.uk,Could not resolve host: security.redditchbc.gov.uk,none
sedgemoor.gov.uk,gov.uk,301,none
sedsh04.sedsh.gov.uk,gov.uk,Could not resolve host: sedsh04.sedsh.gov.uk,none
sefton.gov.uk,gov.uk,200,none
selfserv.cornwall.gov.uk,gov.uk,Connection timed out after 3002 milliseconds,none
selfserv.newcastle-staffs.gov.uk,gov.uk,Could not resolve host: selfserv.newcastle-staffs.gov.uk,none
selfserve.bolton.gov.uk,gov.uk,Connection timed out after 3002 milliseconds,none
selfserve.canterbury.gov.uk,gov.uk,Could not resolve host: selfserve.canterbury.gov.uk,none
selfserve.eastleigh.gov.uk,gov.uk,Could not resolve host: selfserve.eastleigh.gov.uk,none
selfserve.melton.gov.uk,gov.uk,SSL: no alternative certificate subject name matches target hostname 'selfserve.melton.gov.uk',none
selfserve.n-kesteven.gov.uk,gov.uk,Could not resolve host: selfserve.n-kesteven.gov.uk,none
selfserve.sefton.gov.uk,gov.uk,Could not resolve host: selfserve.sefton.gov.uk,none
selfserve.southbeds.gov.uk,gov.uk,Could not resolve host: selfserve.southbeds.gov.uk,none
selfserve.sutton.gov.uk,gov.uk,Could not resolve host: selfserve.sutton.gov.uk,none
selfserve.swale.gov.uk,gov.uk,Connection timed out after 3002 milliseconds,none
selfserve.testvalley.gov.uk,gov.uk,Could not resolve host: selfserve.testvalley.gov.uk,none
selfserve.wycombe.gov.uk,gov.uk,Could not resolve host: selfserve.wycombe.gov.uk,none
selfservetest.testvalley.gov.uk,gov.uk,Could not resolve host: selfservetest.testvalley.gov.uk,none
selfservice.blackpool.gov.uk,gov.uk,302,none
selfservice.centralsussex.gov.uk,gov.uk,Could not resolve host: selfservice.centralsussex.gov.uk,none
selfservice.cherwell.gov.uk,gov.uk,Could not resolve host: selfservice.cherwell.gov.uk,none
selfservice.colchester.gov.uk,gov.uk,Connection timed out after 3002 milliseconds,none
selfservice.derbyshiredales.gov.uk,gov.uk,Could not resolve host: selfservice.derbyshiredales.gov.uk,none
selfservice.gateshead.gov.uk,gov.uk,404,none
selfservice.hackney.gov.uk,gov.uk,Could not resolve host: selfservice.hackney.gov.uk,none
selfservice.kettering.gov.uk,gov.uk,301,none
selfservice.ne-derbyshire.gov.uk,gov.uk,403,none
selfservice.northyorks.gov.uk,gov.uk,200,none
selfservice.preston.gov.uk,gov.uk,Connection timed out after 3002 milliseconds,none
selfservice.welhat.gov.uk,gov.uk,Recv failure: Connexion ré-initialisée par le correspondant,none
selfservice.woking.gov.uk,gov.uk,302,none
selseytowncouncil.gov.uk,gov.uk,403,none
sentry.ipo.gov.uk,gov.uk,Could not resolve host: sentry.ipo.gov.uk,none
servicedesk.coventry.gov.uk,gov.uk,Could not resolve host: servicedesk.coventry.gov.uk,none
servicereview.argyll-bute.gov.uk,gov.uk,Could not resolve host: servicereview.argyll-bute.gov.uk,none
services.businesslink.gov.uk,gov.uk,Could not resolve host: services.businesslink.gov.uk,none
services.eastsussex.gov.uk,gov.uk,Could not resolve host: services.eastsussex.gov.uk,none
services.edrs.lsc.gov.uk,gov.uk,Could not resolve host: services.edrs.lsc.gov.uk,none
services.metoffice.gov.uk,gov.uk,Could not resolve host: services.metoffice.gov.uk,none
services.mhra.gov.uk,gov.uk,200,none
services.newport.gov.uk,gov.uk,Could not resolve host: services.newport.gov.uk,none
services.salford.gov.uk,gov.uk,403,none
services.sstaffs.gov.uk,gov.uk,403,none
services.wiltshire.gov.uk,gov.uk,200,none
sewconsortium.caerphilly.gov.uk,gov.uk,Could not resolve host: sewconsortium.caerphilly.gov.uk,none
sfb.teachernet.gov.uk,gov.uk,Could not resolve host: sfb.teachernet.gov.uk,none
sflg.gov.uk,gov.uk,Could not resolve host: sflg.gov.uk,none
sfo.gov.uk,gov.uk,TLS connect error: error:0A000410:SSL routines::ssl/tls alert handshake failure,none
sfs.lewisham.gov.uk,gov.uk,Connection timed out after 3002 milliseconds,none
sftp.dvani.gov.uk,gov.uk,Could not resolve host: sftp.dvani.gov.uk,none
sftp.essex-fire.gov.uk,gov.uk,200,none
sftp.northumberland.gov.uk,gov.uk,Could not resolve host: sftp.northumberland.gov.uk,none
sg.reading.gov.uk,gov.uk,Could not resolve host: sg.reading.gov.uk,none
sgd.ealing.gov.uk,gov.uk,Could not resolve host: sgd.ealing.gov.uk,none
sgd1.ealing.gov.uk,gov.uk,Could not resolve host: sgd1.ealing.gov.uk,none
sgd2.ealing.gov.uk,gov.uk,Could not resolve host: sgd2.ealing.gov.uk,none
sgs.gloucestershire.gov.uk,gov.uk,Could not resolve host: sgs.gloucestershire.gov.uk,none
sgs.merseyfire.gov.uk,gov.uk,Could not resolve host: sgs.merseyfire.gov.uk,none
sharepoint.lewisham.gov.uk,gov.uk,Connection timed out after 3002 milliseconds,none
sharepoint.stedsbc.gov.uk,gov.uk,Could not resolve host: sharepoint.stedsbc.gov.uk,none
sharp.direct.gov.uk,gov.uk,Could not resolve host: sharp.direct.gov.uk,none
shc.lsc.gov.uk,gov.uk,Could not resolve host: shc.lsc.gov.uk,none
sheffield.gov.uk,gov.uk,301,none
shepway.gov.uk,gov.uk,Could not resolve host: shepway.gov.uk,none
shibb.ws.seemis.gov.uk,gov.uk,Could not resolve host: shibb.ws.seemis.gov.uk,none
sholland.gov.uk,gov.uk,403,none
shop.dft.gov.uk,gov.uk,301,none
shop.tfl.gov.uk,gov.uk,Could not resolve host: shop.tfl.gov.uk,none
shop.windsor.gov.uk,gov.uk,Connection timed out after 3002 milliseconds,none
shrewsbury.shropshirefire.gov.uk,gov.uk,Could not resolve host: shrewsbury.shropshirefire.gov.uk,none
shropshire.gov.uk,gov.uk,301,none
shropshirefire.gov.uk,gov.uk,301,none
sia.homeoffice.gov.uk,gov.uk,Could not resolve host: sia.homeoffice.gov.uk,none
sict.bolton.gov.uk,gov.uk,Could not resolve host: sict.bolton.gov.uk,none
sid.southsomerset.gov.uk,gov.uk,Could not resolve host: sid.southsomerset.gov.uk,none
sidem.hackney.gov.uk,gov.uk,Could not resolve host: sidem.hackney.gov.uk,none
sidem.portsmouth.gov.uk,gov.uk,Could not resolve host: sidem.portsmouth.gov.uk,none
signon.defra.gov.uk,gov.uk,Could not resolve host: signon.defra.gov.uk,none
sihpilot.leics.gov.uk,gov.uk,Could not resolve host: sihpilot.leics.gov.uk,none
silvan.eforestry.gov.uk,gov.uk,Connection timed out after 3002 milliseconds,none
silvan.forestry.gov.uk,gov.uk,Could not resolve host: silvan.forestry.gov.uk,none
sims.somerset.gov.uk,gov.uk,Could not resolve host: sims.somerset.gov.uk,none
simscloud.eastriding.gov.uk,gov.uk,Could not resolve host: simscloud.eastriding.gov.uk,none
singleview.sthelens.gov.uk,gov.uk,302,none
sip.argyll-bute.gov.uk,gov.uk,Could not resolve host: sip.argyll-bute.gov.uk,none
sip.armagh.gov.uk,gov.uk,Could not resolve host: sip.armagh.gov.uk,none
sip.audit-scotland.gov.uk,gov.uk,Could not resolve host: sip.audit-scotland.gov.uk,none
sip.basingstoke.gov.uk,gov.uk,Could not resolve host: sip.basingstoke.gov.uk,none
sip.bolton.gov.uk,gov.uk,Could not resolve host: sip.bolton.gov.uk,none
sip.brighton-hove.gov.uk,gov.uk,Could not resolve host: sip.brighton-hove.gov.uk,none
sip.buckscc.gov.uk,gov.uk,Could not resolve host: sip.buckscc.gov.uk,none
sip.camden.gov.uk,gov.uk,Could not resolve host: sip.camden.gov.uk,none
sip.cannockchasedc.gov.uk,gov.uk,Could not resolve host: sip.cannockchasedc.gov.uk,none
sip.ceredigion.gov.uk,gov.uk,Connection timed out after 3002 milliseconds,none
sip.chichester.gov.uk,gov.uk,Could not resolve host: sip.chichester.gov.uk,none
sip.cityoflondon.gov.uk,gov.uk,Could not resolve host: sip.cityoflondon.gov.uk,none
sip.corpoflondon.gov.uk,gov.uk,Could not resolve host: sip.corpoflondon.gov.uk,none
sip.firescotland.gov.uk,gov.uk,Could not resolve host: sip.firescotland.gov.uk,none
sip.gmpa.gov.uk,gov.uk,Could not resolve host: sip.gmpa.gov.uk,none
sip.havering.gov.uk,gov.uk,Connection timed out after 3002 milliseconds,none
sip.hfea.gov.uk,gov.uk,Could not resolve host: sip.hfea.gov.uk,none
sip.lbwf.gov.uk,gov.uk,Could not resolve host: sip.lbwf.gov.uk,none
sip.leicester.gov.uk,gov.uk,Could not resolve host: sip.leicester.gov.uk,none
sip.leicesterpublichealth.gov.uk,gov.uk,Could not resolve host: sip.leicesterpublichealth.gov.uk,none
sip.ofsted.gov.uk,gov.uk,Could not resolve host: sip.ofsted.gov.uk,none
sip.ofsteded.ofsted.gov.uk,gov.uk,Could not resolve host: sip.ofsteded.ofsted.gov.uk,none
sip.rctcbc.gov.uk,gov.uk,Could not resolve host: sip.rctcbc.gov.uk,none
sip.salford.gov.uk,gov.uk,Could not resolve host: sip.salford.gov.uk,none
sip.scotborders.gov.uk,gov.uk,Could not resolve host: sip.scotborders.gov.uk,none
sip.scotcourts.gov.uk,gov.uk,Connection timed out after 3002 milliseconds,none
sip.south-ayrshire.gov.uk,gov.uk,Connection timed out after 3000 milliseconds,none
sip.southlanarkshire.gov.uk,gov.uk,Could not resolve host: sip.southlanarkshire.gov.uk,none
sip.spin.sps.gov.uk,gov.uk,Could not resolve host: sip.spin.sps.gov.uk,none
sip.staffordbc.gov.uk,gov.uk,Could not resolve host: sip.staffordbc.gov.uk,none
sip.stockport.gov.uk,gov.uk,Could not resolve host: sip.stockport.gov.uk,none
sip.taysidefire.gov.uk,gov.uk,Connection timed out after 3002 milliseconds,none
sip.telford.gov.uk,gov.uk,Could not resolve host: sip.telford.gov.uk,none
sip.uksport.gov.uk,gov.uk,Could not resolve host: sip.uksport.gov.uk,none
sip.wakefield.gov.uk,gov.uk,Could not resolve host: sip.wakefield.gov.uk,none
sip.walthamforest.gov.uk,gov.uk,Could not resolve host: sip.walthamforest.gov.uk,none
sip.waverley.gov.uk,gov.uk,Could not resolve host: sip.waverley.gov.uk,none
sip.westyorksfire.gov.uk,gov.uk,Could not resolve host: sip.westyorksfire.gov.uk,none
sip2.argyll-bute.gov.uk,gov.uk,Could not resolve host: sip2.argyll-bute.gov.uk,none
sip2.scotborders.gov.uk,gov.uk,Could not resolve host: sip2.scotborders.gov.uk,none
sipehdc.eastherts.gov.uk,gov.uk,Could not resolve host: sipehdc.eastherts.gov.uk,none
sipexternal.chichester.gov.uk,gov.uk,Could not resolve host: sipexternal.chichester.gov.uk,none
sivalidation.opsi.gov.uk,gov.uk,SSL: no alternative certificate subject name matches target hostname 'sivalidation.opsi.gov.uk',none
skillsprofilesschoolsinwales.gov.uk,gov.uk,Could not resolve host: skillsprofilesschoolsinwales.gov.uk,none
slam.lambeth.gov.uk,gov.uk,Could not resolve host: slam.lambeth.gov.uk,none
slc.milton-keynes.gov.uk,gov.uk,Could not resolve host: slc.milton-keynes.gov.uk,none
sld.suffolkcc.gov.uk,gov.uk,Could not resolve host: sld.suffolkcc.gov.uk,none
slgportal.tameside.gov.uk,gov.uk,Failed to connect to slgportal.tameside.gov.uk port 443 after 33 ms: Could not connect to server,none
slough.gov.uk,gov.uk,Could not resolve host: slough.gov.uk,none
slp.somerset.gov.uk,gov.uk,Could not resolve host: slp.somerset.gov.uk,none
slp1.somerset.gov.uk,gov.uk,Could not resolve host: slp1.somerset.gov.uk,none
slp2.somerset.gov.uk,gov.uk,Could not resolve host: slp2.somerset.gov.uk,none
slp3.somerset.gov.uk,gov.uk,Could not resolve host: slp3.somerset.gov.uk,none
slp4.somerset.gov.uk,gov.uk,Could not resolve host: slp4.somerset.gov.uk,none
sm.dover.gov.uk,gov.uk,Could not resolve host: sm.dover.gov.uk,none
smail.landregistry.gov.uk,gov.uk,Could not resolve host: smail.landregistry.gov.uk,none
smallsteps4life.direct.gov.uk,gov.uk,410,none
smartcard.caerphilly.gov.uk,gov.uk,Could not resolve host: smartcard.caerphilly.gov.uk,none
smartsignup.bolton.gov.uk,gov.uk,Could not resolve host: smartsignup.bolton.gov.uk,none
smm.swindon.gov.uk,gov.uk,Connection timed out after 3002 milliseconds,none
smtp.west-dunbarton.gov.uk,gov.uk,Could not resolve host: smtp.west-dunbarton.gov.uk,none
smurf.orkney.gov.uk,gov.uk,200,none
snaponline.derbys-fire.gov.uk,gov.uk,Could not resolve host: snaponline.derbys-fire.gov.uk,none
snaponline.warwickshire.gov.uk,gov.uk,Could not resolve host: snaponline.warwickshire.gov.uk,none
socialmarketingportal.dh.gov.uk,gov.uk,Could not resolve host: socialmarketingportal.dh.gov.uk,none
somerset.gov.uk,gov.uk,301,none
sophosmail.renfrewshire.gov.uk,gov.uk,Could not resolve host: sophosmail.renfrewshire.gov.uk,none
sor.ofgem.gov.uk,gov.uk,200,none
sourcing.hmrc.gov.uk,gov.uk,Could not resolve host: sourcing.hmrc.gov.uk,none
sourcing.homeoffice.gov.uk,gov.uk,Connection timed out after 3001 milliseconds,none
south-ayrshire.gov.uk,gov.uk,403,10 southayrshire-gov-uk01c.mail.protection.outlook.com.
southglos.gov.uk,gov.uk,301,none
southkesteven.gov.uk,gov.uk,301,none
southlakeland.gov.uk,gov.uk,Connection timed out after 3001 milliseconds,0 southlakeland-gov-uk.mail.protection.outlook.com.
southoxon.gov.uk,gov.uk,Failed to connect to southoxon.gov.uk port 443 after 27 ms: Could not connect to server,none
southtyneside.gov.uk,gov.uk,403,none
southwark.gov.uk,gov.uk,301,none
southwest-ra.gov.uk,gov.uk,Could not resolve host: southwest-ra.gov.uk,none
sp-test.birmingham.gov.uk,gov.uk,Could not resolve host: sp-test.birmingham.gov.uk,none
sp.birmingham.gov.uk,gov.uk,Could not resolve host: sp.birmingham.gov.uk,none
sp.bournemouth.gov.uk,gov.uk,Could not resolve host: sp.bournemouth.gov.uk,none
sp.calderdale.gov.uk,gov.uk,Could not resolve host: sp.calderdale.gov.uk,none
sp1.northeastiep.gov.uk,gov.uk,Could not resolve host: sp1.northeastiep.gov.uk,none
sp2.northeastiep.gov.uk,gov.uk,Could not resolve host: sp2.northeastiep.gov.uk,none
spelnet.spelthorne.gov.uk,gov.uk,Could not resolve host: spelnet.spelthorne.gov.uk,none
spire.defra.gov.uk,gov.uk,Could not resolve host: spire.defra.gov.uk,none
spm.southwark.gov.uk,gov.uk,Could not resolve host: spm.southwark.gov.uk,none
spmail.lewisham.gov.uk,gov.uk,Could not resolve host: spmail.lewisham.gov.uk,none
spocc.stockton.gov.uk,gov.uk,Operation timed out after 3001 milliseconds with 0 bytes received,none
spocc.sutton.gov.uk,gov.uk,Could not resolve host: spocc.sutton.gov.uk,none
spoccnet.camden.gov.uk,gov.uk,Could not resolve host: spoccnet.camden.gov.uk,none
spoccnet.lambeth.gov.uk,gov.uk,Could not resolve host: spoccnet.lambeth.gov.uk,none
spoccnet.reading.gov.uk,gov.uk,Could not resolve host: spoccnet.reading.gov.uk,none
spoccnet.wokingham.gov.uk,gov.uk,Could not resolve host: spoccnet.wokingham.gov.uk,none
spook.eldc.gov.uk,gov.uk,Could not resolve host: spook.eldc.gov.uk,none
sport.chelmsford.gov.uk,gov.uk,Could not resolve host: sport.chelmsford.gov.uk,none
sportsprojects.uktradeinvest.gov.uk,gov.uk,Connection timed out after 3001 milliseconds,none
spreturns.eastsussex.gov.uk,gov.uk,302,none
sps2ksrv.towerhamlets.gov.uk,gov.uk,Connection timed out after 3002 milliseconds,none
spsonline.rpa.gov.uk,gov.uk,Recv failure: Connexion ré-initialisée par le correspondant,none
sqwmbc.walsall.gov.uk,gov.uk,Could not resolve host: sqwmbc.walsall.gov.uk,none
sra.derbyshire.gov.uk,gov.uk,Could not resolve host: sra.derbyshire.gov.uk,none
sra1.walthamforest.gov.uk,gov.uk,Connection timed out after 3002 milliseconds,none
sra2.cjsrascotland.gov.uk,gov.uk,Could not resolve host: sra2.cjsrascotland.gov.uk,none
sscportal.sstaffs.gov.uk,gov.uk,Could not resolve host: sscportal.sstaffs.gov.uk,none
sscvexchcas01.sstaffs.gov.uk,gov.uk,Could not resolve host: sscvexchcas01.sstaffs.gov.uk,none
ssdatabase.dfes.gov.uk,gov.uk,Connection timed out after 3002 milliseconds,none
ssdonline.nottscc.gov.uk,gov.uk,Recv failure: Connexion ré-initialisée par le correspondant,none
ssl.aberdeencity.gov.uk,gov.uk,Connection timed out after 3002 milliseconds,none
ssl.belfastcity.gov.uk,gov.uk,400,none
ssl.enfield.gov.uk,gov.uk,Connection timed out after 3002 milliseconds,none
ssl.maldon.gov.uk,gov.uk,Could not resolve host: ssl.maldon.gov.uk,none
ssl.preston.gov.uk,gov.uk,Could not resolve host: ssl.preston.gov.uk,none
ssl.southribble.gov.uk,gov.uk,Connection timed out after 3002 milliseconds,none
sslvpn.bournemouth.gov.uk,gov.uk,Could not resolve host: sslvpn.bournemouth.gov.uk,none
sslvpn.luton.gov.uk,gov.uk,Connection timed out after 3002 milliseconds,none
sslvpn.northumberland.gov.uk,gov.uk,Could not resolve host: sslvpn.northumberland.gov.uk,none
sslvpn.rushmoor.gov.uk,gov.uk,Connection timed out after 3002 milliseconds,none
sslvpn.standardsforengland.gov.uk,gov.uk,Could not resolve host: sslvpn.standardsforengland.gov.uk,none
sso.nottscc.gov.uk,gov.uk,Connection timed out after 3001 milliseconds,none
sspr.leics.gov.uk,gov.uk,Could not resolve host: sspr.leics.gov.uk,none
ssrpmportal.northumberland.gov.uk,gov.uk,Could not resolve host: ssrpmportal.northumberland.gov.uk,none
sst.kirklees.gov.uk,gov.uk,302,none
sst.nottscc.gov.uk,gov.uk,Connection timed out after 3002 milliseconds,none
sstisa.nottscc.gov.uk,gov.uk,Connection timed out after 3002 milliseconds,none
st.courtsni.gov.uk,gov.uk,Connection timed out after 3002 milliseconds,none
st.online.hmrc.gov.uk,gov.uk,Could not resolve host: st.online.hmrc.gov.uk,none
staff.blackpool.gov.uk,gov.uk,Could not resolve host: staff.blackpool.gov.uk,none
staff.croydon.gov.uk,gov.uk,Connection timed out after 3001 milliseconds,none
staff.devon.gov.uk,gov.uk,Could not resolve host: staff.devon.gov.uk,none
staff.hounslow.gov.uk,gov.uk,Could not resolve host: staff.hounslow.gov.uk,none
staff.rossendale.gov.uk,gov.uk,Could not resolve host: staff.rossendale.gov.uk,none
staff.shropshire.gov.uk,gov.uk,Could not resolve host: staff.shropshire.gov.uk,none
staffmail.warwickdc.gov.uk,gov.uk,Could not resolve host: staffmail.warwickdc.gov.uk,none
staffportal.surreyheath-online.gov.uk,gov.uk,Could not resolve host: staffportal.surreyheath-online.gov.uk,none
staffsmoorlands.gov.uk,gov.uk,SSL certificate problem: unable to get local issuer certificate,none
stage.bonavacantia.gov.uk,gov.uk,Could not resolve host: stage.bonavacantia.gov.uk,none
staging.cap-payments.defra.gov.uk,gov.uk,Could not resolve host: staging.cap-payments.defra.gov.uk,none
staging.faststream.gov.uk,gov.uk,Connection timed out after 3002 milliseconds,none
staging.ines.esf.gov.uk,gov.uk,Connection timed out after 3002 milliseconds,none
staging.tfl.gov.uk,gov.uk,Could not resolve host: staging.tfl.gov.uk,none
stagingadmin.eca.gov.uk,gov.uk,Could not resolve host: stagingadmin.eca.gov.uk,none
stargate.derwentside.gov.uk,gov.uk,Could not resolve host: stargate.derwentside.gov.uk,none
statement.secure.haringey.gov.uk,gov.uk,Could not resolve host: statement.secure.haringey.gov.uk,none
statistics.defra.gov.uk,gov.uk,Could not resolve host: statistics.defra.gov.uk,none
stats.companieshouse.gov.uk,gov.uk,Could not resolve host: stats.companieshouse.gov.uk,none
stockport.gov.uk,gov.uk,Failed to connect to stockport.gov.uk port 443 after 57 ms: Could not connect to server,none
stourvalleypartnership.gov.uk,gov.uk,Could not resolve host: stourvalleypartnership.gov.uk,none
stowonthewold-tc.gov.uk,gov.uk,200,0 stowonthewold-tc.gov.uk.
strangfordemergencies.roadsni.gov.uk,gov.uk,Could not resolve host: strangfordemergencies.roadsni.gov.uk,none
stratford.gov.uk,gov.uk,301,none
stratus.wales.gov.uk,gov.uk,Connection timed out after 3002 milliseconds,none
sts-death-tellusonce.direct.gov.uk,gov.uk,Could not resolve host: sts-death-tellusonce.direct.gov.uk,none
sts.london.gov.uk,gov.uk,Could not resolve host: sts.london.gov.uk,none
sts.niassembly.gov.uk,gov.uk,Connection timed out after 3002 milliseconds,none
submissions.epetitions.direct.gov.uk,gov.uk,Could not resolve host: submissions.epetitions.direct.gov.uk,none
subscriptions.mhra.gov.uk,gov.uk,302,10 mx.public.govdelivery.com.; 30 mx2.public.govdelivery.com.; 30 mx2.service.govdelivery.com.; 10 mx.service.govdelivery.com.
suffolkcoastal.gov.uk,gov.uk,Failed to connect to suffolkcoastal.gov.uk port 443 after 20 ms: Could not connect to server,none
sums.nottscc.gov.uk,gov.uk,Could not resolve host: sums.nottscc.gov.uk,none
sunderland.gov.uk,gov.uk,403,none
supplier.edinburgh.gov.uk,gov.uk,Connection timed out after 3001 milliseconds,none
supplier.wyreforestdc.gov.uk,gov.uk,Could not resolve host: supplier.wyreforestdc.gov.uk,none
supplierportal.dfid.gov.uk,gov.uk,Could not resolve host: supplierportal.dfid.gov.uk,none
supply4london.gov.uk,gov.uk,Could not resolve host: supply4london.gov.uk,none
support.eastlothian.gov.uk,gov.uk,Could not resolve host: support.eastlothian.gov.uk,none
support.gloucestershire.gov.uk,gov.uk,Could not resolve host: support.gloucestershire.gov.uk,none
support.havering.gov.uk,gov.uk,Could not resolve host: support.havering.gov.uk,none
support.newcastle-staffs.gov.uk,gov.uk,Could not resolve host: support.newcastle-staffs.gov.uk,none
support.worcestershire.gov.uk,gov.uk,Could not resolve host: support.worcestershire.gov.uk,none
support1.newcastle-staffs.gov.uk,gov.uk,Could not resolve host: support1.newcastle-staffs.gov.uk,none
surreyfirst.gov.uk,gov.uk,Could not resolve host: surreyfirst.gov.uk,none
surreyheath.gov.uk,gov.uk,403,none
surreymaps.surreycc.gov.uk,gov.uk,Could not resolve host: surreymaps.surreycc.gov.uk,none
surreyportal.surreycc.gov.uk,gov.uk,Connection timed out after 3002 milliseconds,none
survey.ccw.gov.uk,gov.uk,Could not resolve host: survey.ccw.gov.uk,none
survey.chelmsford.gov.uk,gov.uk,Connection timed out after 3002 milliseconds,none
survey.legalservices.gov.uk,gov.uk,Could not resolve host: survey.legalservices.gov.uk,none
surveys.carlisle.gov.uk,gov.uk,SSL: no alternative certificate subject name matches target hostname 'surveys.carlisle.gov.uk',none
surveys.merseytravel.gov.uk,gov.uk,Could not resolve host: surveys.merseytravel.gov.uk,none
surveys.oft.gov.uk,gov.uk,Could not resolve host: surveys.oft.gov.uk,none
sussex-ifca.gov.uk,gov.uk,TLS connect error: error:0A000458:SSL routines::tlsv1 unrecognized name,none
suttonextranet.sutton.gov.uk,gov.uk,Could not resolve host: suttonextranet.sutton.gov.uk,none
svd.eastsussex.gov.uk,gov.uk,Could not resolve host: svd.eastsussex.gov.uk,none
svexch.nulbc.newcastle-staffs.gov.uk,gov.uk,Could not resolve host: svexch.nulbc.newcastle-staffs.gov.uk,none
svexchtmp.nulbc.newcastle-staffs.gov.uk,gov.uk,Could not resolve host: svexchtmp.nulbc.newcastle-staffs.gov.uk,none
svpn.richmondshire.gov.uk,gov.uk,Connection timed out after 3002 milliseconds,none
svrshir169.gloscc.gov.uk,gov.uk,Could not resolve host: svrshir169.gloscc.gov.uk,none
svrshir170.gloscc.gov.uk,gov.uk,Could not resolve host: svrshir170.gloscc.gov.uk,none
svrshir171.gloscc.gov.uk,gov.uk,Could not resolve host: svrshir171.gloscc.gov.uk,none
svsportal.south-derbys.gov.uk,gov.uk,Could not resolve host: svsportal.south-derbys.gov.uk,none
swansea-edunet.gov.uk,gov.uk,Failed to connect to swansea-edunet.gov.uk port 443 after 104 ms: Could not connect to server,none
swd.enfield.gov.uk,gov.uk,Connection timed out after 3002 milliseconds,none
swineflu.mhra.gov.uk,gov.uk,Connection timed out after 3002 milliseconds,none
switch.phoenix.agma.gov.uk,gov.uk,Connection timed out after 3002 milliseconds,none
swmprobation.gov.uk,gov.uk,Could not resolve host: swmprobation.gov.uk,none
swyddi.caerdydd.gov.uk,gov.uk,Could not resolve host: swyddi.caerdydd.gov.uk,none
swyddigwag.businesslink.gov.uk,gov.uk,Could not resolve host: swyddigwag.businesslink.gov.uk,none
syfireex01.syfire.gov.uk,gov.uk,Could not resolve host: syfireex01.syfire.gov.uk,none
sync.tfl.gov.uk,gov.uk,Could not resolve host: sync.tfl.gov.uk,none
synergy.bournemouth.gov.uk,gov.uk,Could not resolve host: synergy.bournemouth.gov.uk,none
syremote.syfire.gov.uk,gov.uk,Could not resolve host: syremote.syfire.gov.uk,none
systemteams.lsc.gov.uk,gov.uk,Could not resolve host: systemteams.lsc.gov.uk,none
t-snap.tfl.gov.uk,gov.uk,Could not resolve host: t-snap.tfl.gov.uk,none
t1.admin.signon.defra.gov.uk,gov.uk,302,none
t1.manchester.gov.uk,gov.uk,Could not resolve host: t1.manchester.gov.uk,none
t1.secure.amls.defra.gov.uk,gov.uk,302,none
t1.secure.edomero.defra.gov.uk,gov.uk,302,none
t1.secure.ehmi.defra.gov.uk,gov.uk,Could not resolve host: t1.secure.ehmi.defra.gov.uk,none
t1.secure.ehmipeach.defra.gov.uk,gov.uk,Could not resolve host: t1.secure.ehmipeach.defra.gov.uk,none
t1.secure.portal.defra.gov.uk,gov.uk,Could not resolve host: t1.secure.portal.defra.gov.uk,none
t1.secure.seedcert.defra.gov.uk,gov.uk,302,none
t1.secure.services.defra.gov.uk,gov.uk,Could not resolve host: t1.secure.services.defra.gov.uk,none
t1.secure.vebus.defra.gov.uk,gov.uk,Could not resolve host: t1.secure.vebus.defra.gov.uk,none
t1.secure.webservice.defra.gov.uk,gov.uk,Could not resolve host: t1.secure.webservice.defra.gov.uk,none
t1.secure.wholefarm.defra.gov.uk,gov.uk,Could not resolve host: t1.secure.wholefarm.defra.gov.uk,none
t1.signon.defra.gov.uk,gov.uk,200,none
t1.webservice.genesisdcs.defra.gov.uk,gov.uk,Connection timed out after 3002 milliseconds,none
t1.webservice.secure.ddts.defra.gov.uk,gov.uk,403,none
t2.reports.defra.gov.uk,gov.uk,Could not resolve host: t2.reports.defra.gov.uk,none
t2.secure.portal.defra.gov.uk,gov.uk,Could not resolve host: t2.secure.portal.defra.gov.uk,none
t2.secure.services.defra.gov.uk,gov.uk,403,none
t2.secure.webservice.defra.gov.uk,gov.uk,Could not resolve host: t2.secure.webservice.defra.gov.uk,none
t2.secure.wms.defra.gov.uk,gov.uk,Could not resolve host: t2.secure.wms.defra.gov.uk,none
talenthealthcheck.uksport.gov.uk,gov.uk,Could not resolve host: talenthealthcheck.uksport.gov.uk,none
talenttracker.uksport.gov.uk,gov.uk,Could not resolve host: talenttracker.uksport.gov.uk,none
talklondon.london.gov.uk,gov.uk,301,none
tandridge.gov.uk,gov.uk,200,none
taphdir.tfl.gov.uk,gov.uk,Could not resolve host: taphdir.tfl.gov.uk,none
tariff.business.scotland.gov.uk,gov.uk,Could not resolve host: tariff.business.scotland.gov.uk,none
tariff.business.wales.gov.uk,gov.uk,Could not resolve host: tariff.business.wales.gov.uk,none
tariff.businesslink.gov.uk,gov.uk,301,none
tass.gov.uk,gov.uk,200,none
taxandbenefits.bolton.gov.uk,gov.uk,404,none
taxi-licensing.sefton.gov.uk,gov.uk,Could not resolve host: taxi-licensing.sefton.gov.uk,none
tcbcone.torfaen.gov.uk,gov.uk,502,none
tcbcsecure.torfaen.gov.uk,gov.uk,Connection timed out after 3002 milliseconds,none
tcitrix.aylesburyvaledc.gov.uk,gov.uk,Could not resolve host: tcitrix.aylesburyvaledc.gov.uk,none
tda.gov.uk,gov.uk,Could not resolve host: tda.gov.uk,none
tdc-mg-dmz.thanet.gov.uk,gov.uk,Could not resolve host: tdc-mg-dmz.thanet.gov.uk,none
tdcca.thanet.gov.uk,gov.uk,Could not resolve host: tdcca.thanet.gov.uk,none
tdccap.thanet.gov.uk,gov.uk,Could not resolve host: tdccap.thanet.gov.uk,none
teacher.eastsussex.gov.uk,gov.uk,Could not resolve host: teacher.eastsussex.gov.uk,none
teamsites.brighton-hove.gov.uk,gov.uk,Could not resolve host: teamsites.brighton-hove.gov.uk,none
teamsites.lsc.gov.uk,gov.uk,Could not resolve host: teamsites.lsc.gov.uk,none
teamwork.shropshire.gov.uk,gov.uk,Could not resolve host: teamwork.shropshire.gov.uk,none
teignbridge.gov.uk,gov.uk,Could not resolve host: teignbridge.gov.uk,none
teleworking.liverpool.gov.uk,gov.uk,Connection timed out after 3002 milliseconds,none
telford.gov.uk,gov.uk,200,0 telford-gov-uk.mail.protection.outlook.com.
telfordjobs.telford.gov.uk,gov.uk,Could not resolve host: telfordjobs.telford.gov.uk,none
tellflex.torfaen.gov.uk,gov.uk,SSL certificate problem: certificate has expired,none
tempest.fsa.gov.uk,gov.uk,Could not resolve host: tempest.fsa.gov.uk,none
tendering.coventry.gov.uk,gov.uk,Failed to connect to tendering.coventry.gov.uk port 443 after 42 ms: Could not connect to server,none
tenders.metoffice.gov.uk,gov.uk,TLS connect error: error:0A000458:SSL routines::tlsv1 unrecognized name,none
tenders.weymouth.gov.uk,gov.uk,Could not resolve host: tenders.weymouth.gov.uk,none
terminal.fco.gov.uk,gov.uk,Resolving timed out after 3000 milliseconds,none
test-onlineadmissions.leics.gov.uk,gov.uk,Could not resolve host: test-onlineadmissions.leics.gov.uk,none
test.econsultation.planningportal.gov.uk,gov.uk,Could not resolve host: test.econsultation.planningportal.gov.uk,none
test.mobile.confirm.haringey.gov.uk,gov.uk,Could not resolve host: test.mobile.confirm.haringey.gov.uk,none
test.nationalarchives.gov.uk,gov.uk,Could not resolve host: test.nationalarchives.gov.uk,none
test.points.homeoffice.gov.uk,gov.uk,Connection timed out after 3002 milliseconds,none
test.rbkc.gov.uk,gov.uk,Could not resolve host: test.rbkc.gov.uk,none
test.voa.gov.uk,gov.uk,Connection timed out after 3002 milliseconds,none
test2recruitment.lsc.gov.uk,gov.uk,Could not resolve host: test2recruitment.lsc.gov.uk,none
testadmin.sns.gov.uk,gov.uk,Could not resolve host: testadmin.sns.gov.uk,none
testdb.londoncareplacements.gov.uk,gov.uk,Could not resolve host: testdb.londoncareplacements.gov.uk,none
testdis.melton.gov.uk,gov.uk,Connection timed out after 3002 milliseconds,none
testebiz.bolton.gov.uk,gov.uk,Connection timed out after 3002 milliseconds,none
testfmdaml1.defra.gov.uk,gov.uk,Could not resolve host: testfmdaml1.defra.gov.uk,none
testinfogateway.ofsted.gov.uk,gov.uk,Connection timed out after 3002 milliseconds,none
testlandlordportal.liverpool.gov.uk,gov.uk,Connection timed out after 3002 milliseconds,none
testonline.ofsted.gov.uk,gov.uk,Could not resolve host: testonline.ofsted.gov.uk,none
testportal.ofsted.gov.uk,gov.uk,Connection timed out after 3002 milliseconds,none
testrecruitment.lsc.gov.uk,gov.uk,Could not resolve host: testrecruitment.lsc.gov.uk,none
testsystems.wycombe.gov.uk,gov.uk,Could not resolve host: testsystems.wycombe.gov.uk,none
testvalley.gov.uk,gov.uk,200,none
tewkesbury.gov.uk,gov.uk,200,none
tf.hounslow.gov.uk,gov.uk,Could not resolve host: tf.hounslow.gov.uk,none
tflrdp.tfl.gov.uk,gov.uk,Could not resolve host: tflrdp.tfl.gov.uk,none
thanet.gov.uk,gov.uk,301,none
thanetforms.thanet.gov.uk,gov.uk,Could not resolve host: thanetforms.thanet.gov.uk,none
thechest.nwce.gov.uk,gov.uk,Could not resolve host: thechest.nwce.gov.uk,none
theorytest.direct.gov.uk,gov.uk,301,none
thesource.lsc.gov.uk,gov.uk,Could not resolve host: thesource.lsc.gov.uk,none
thinclient.peterborough.gov.uk,gov.uk,Could not resolve host: thinclient.peterborough.gov.uk,none
thinclienthelp.peterborough.gov.uk,gov.uk,Could not resolve host: thinclienthelp.peterborough.gov.uk,none
thirdpartysupport.defra.gov.uk,gov.uk,Could not resolve host: thirdpartysupport.defra.gov.uk,none
thirdsectorfunding.greenwich.gov.uk,gov.uk,Could not resolve host: thirdsectorfunding.greenwich.gov.uk,none
thurrock.gov.uk,gov.uk,301,none
thurrockperforms.thurrock.gov.uk,gov.uk,Could not resolve host: thurrockperforms.thurrock.gov.uk,none
tic.buckscc.gov.uk,gov.uk,Could not resolve host: tic.buckscc.gov.uk,none
tickets-staging.historic-scotland.gov.uk,gov.uk,403,none
tickets.historic-scotland.gov.uk,gov.uk,403,none
tickets.kirklees.gov.uk,gov.uk,Could not resolve host: tickets.kirklees.gov.uk,none
tickets.medway.gov.uk,gov.uk,Could not resolve host: tickets.medway.gov.uk,none
tickets.welhat.gov.uk,gov.uk,Could not resolve host: tickets.welhat.gov.uk,none
tira.seemis.gov.uk,gov.uk,Could not resolve host: tira.seemis.gov.uk,none
tmbc.gov.uk,gov.uk,Could not resolve host: tmbc.gov.uk,none
tnccat01.fsa.gov.uk,gov.uk,Could not resolve host: tnccat01.fsa.gov.uk,none
token.peterborough.gov.uk,gov.uk,Could not resolve host: token.peterborough.gov.uk,none
tolls.broads-authority.gov.uk,gov.uk,SSL certificate problem: unable to get local issuer certificate,none
toplevel.horsham.gov.uk,gov.uk,Could not resolve host: toplevel.horsham.gov.uk,none
torbay.gov.uk,gov.uk,301,none
torfmail.torfaen.gov.uk,gov.uk,302,none
torridge.gov.uk,gov.uk,403,none
totalmobile.derby.gov.uk,gov.uk,Could not resolve host: totalmobile.derby.gov.uk,none
totalmobile.midlothian.gov.uk,gov.uk,Could not resolve host: totalmobile.midlothian.gov.uk,none
totalmobile.reading.gov.uk,gov.uk,Could not resolve host: totalmobile.reading.gov.uk,none
totalweb.lancaster.gov.uk,gov.uk,Could not resolve host: totalweb.lancaster.gov.uk,none
trac.dataco.coi.gov.uk,gov.uk,Could not resolve host: trac.dataco.coi.gov.uk,none
trafficfines.camden.gov.uk,gov.uk,Could not resolve host: trafficfines.camden.gov.uk,none
trafficimages.camden.gov.uk,gov.uk,403,none
trafford.gov.uk,gov.uk,403,none
training.cpni.gov.uk,gov.uk,Could not resolve host: training.cpni.gov.uk,none
training.newcastle-staffs.gov.uk,gov.uk,Could not resolve host: training.newcastle-staffs.gov.uk,none
training.online.wefo.wales.gov.uk,gov.uk,Connection timed out after 3002 milliseconds,none
training.www.defraconnect.defra.gov.uk,gov.uk,Could not resolve host: training.www.defraconnect.defra.gov.uk,none
trainingilaps.defra.gov.uk,gov.uk,Could not resolve host: trainingilaps.defra.gov.uk,none
traintogainbrokers.lsc.gov.uk,gov.uk,Could not resolve host: traintogainbrokers.lsc.gov.uk,none
transfer.angus.gov.uk,gov.uk,Operation timed out after 3002 milliseconds with 0 bytes received,none
travelpass.gloucestershire.gov.uk,gov.uk,Connection timed out after 3002 milliseconds,none
trent.nwml.gov.uk,gov.uk,Could not resolve host: trent.nwml.gov.uk,none
trs.fsa.gov.uk,gov.uk,Could not resolve host: trs.fsa.gov.uk,none
trsdr.fsa.gov.uk,gov.uk,Could not resolve host: trsdr.fsa.gov.uk,none
ts.londoncouncils.gov.uk,gov.uk,Could not resolve host: ts.londoncouncils.gov.uk,none
tshq.scotcourts.gov.uk,gov.uk,Connection timed out after 3002 milliseconds,none
tssplansregistry.dft.gov.uk,gov.uk,Could not resolve host: tssplansregistry.dft.gov.uk,none
twww.hertscc.gov.uk,gov.uk,Could not resolve host: twww.hertscc.gov.uk,none
ua.dvlaonline.gov.uk,gov.uk,Could not resolve host: ua.dvlaonline.gov.uk,none
uag01.derbys-fire.gov.uk,gov.uk,Could not resolve host: uag01.derbys-fire.gov.uk,none
uag02.derbys-fire.gov.uk,gov.uk,Could not resolve host: uag02.derbys-fire.gov.uk,none
uat-content.ukba.homeoffice.gov.uk,gov.uk,Could not resolve host: uat-content.ukba.homeoffice.gov.uk,none
uat-portal.ukba.homeoffice.gov.uk,gov.uk,Could not resolve host: uat-portal.ukba.homeoffice.gov.uk,none
uat.interim.connect.ukti.gov.uk,gov.uk,Could not resolve host: uat.interim.connect.ukti.gov.uk,none
uat.modipunit.ukti.gov.uk,gov.uk,Could not resolve host: uat.modipunit.ukti.gov.uk,none
uatomis.uktradeinvest.gov.uk,gov.uk,Could not resolve host: uatomis.uktradeinvest.gov.uk,none
uatrenewables.ofgem.gov.uk,gov.uk,Could not resolve host: uatrenewables.ofgem.gov.uk,none
ubi.courtfunds.gov.uk,gov.uk,Connection timed out after 3002 milliseconds,none
ubp.buckscc.gov.uk,gov.uk,Could not resolve host: ubp.buckscc.gov.uk,none
uc.argyll-bute.gov.uk,gov.uk,Could not resolve host: uc.argyll-bute.gov.uk,none
uc.nottscc.gov.uk,gov.uk,Could not resolve host: uc.nottscc.gov.uk,none
uc.scotborders.gov.uk,gov.uk,SSL certificate problem: self-signed certificate,none
uc.scotcourts.gov.uk,gov.uk,Connection timed out after 3002 milliseconds,none
uc.south-ayrshire.gov.uk,gov.uk,Connection timed out after 3002 milliseconds,none
uc.southlanarkshire.gov.uk,gov.uk,Could not resolve host: uc.southlanarkshire.gov.uk,none
uc.stockport.gov.uk,gov.uk,Could not resolve host: uc.stockport.gov.uk,none
uc.waverley.gov.uk,gov.uk,Could not resolve host: uc.waverley.gov.uk,none
ucedge.basingstoke.gov.uk,gov.uk,Could not resolve host: ucedge.basingstoke.gov.uk,none
ucwebfarm01.nottscc.gov.uk,gov.uk,Connection timed out after 3002 milliseconds,none
udchome.uttlesford.gov.uk,gov.uk,Connection timed out after 3002 milliseconds,none
uds.essex.gov.uk,gov.uk,Connection timed out after 3001 milliseconds,none
uh.manchester.gov.uk,gov.uk,Could not resolve host: uh.manchester.gov.uk,none
ukapis.homeoffice.gov.uk,gov.uk,200,none
ukbabooking.homeoffice.gov.uk,gov.uk,Could not resolve host: ukbabooking.homeoffice.gov.uk,none
ukbars.defra.gov.uk,gov.uk,Could not resolve host: ukbars.defra.gov.uk,none
ukfssweb.food.gov.uk,gov.uk,Could not resolve host: ukfssweb.food.gov.uk,none
ukhocontracts.ukho.gov.uk,gov.uk,Could not resolve host: ukhocontracts.ukho.gov.uk,none
uksexch01.uksport.gov.uk,gov.uk,Could not resolve host: uksexch01.uksport.gov.uk,none
ukshost.uksport.gov.uk,gov.uk,Could not resolve host: ukshost.uksport.gov.uk,none
ukslyncedge01.uksport.gov.uk,gov.uk,Could not resolve host: ukslyncedge01.uksport.gov.uk,none
ukslyncfe01.uksport.gov.uk,gov.uk,Could not resolve host: ukslyncfe01.uksport.gov.uk,none
ukslyncmon01.uksport.gov.uk,gov.uk,Could not resolve host: ukslyncmon01.uksport.gov.uk,none
ukvisas.gov.uk,gov.uk,Could not resolve host: ukvisas.gov.uk,0 .
ukwelcomes.businesslink.gov.uk,gov.uk,301,none
uln.securedatatransfer.teachernet.gov.uk,gov.uk,Could not resolve host: uln.securedatatransfer.teachernet.gov.uk,none
umbr2.cabinetoffice.gov.uk,gov.uk,Connection timed out after 3002 milliseconds,none
umbr3.cabinetoffice.gov.uk,gov.uk,Connection timed out after 3001 milliseconds,none
umbr4.cabinetoffice.gov.uk,gov.uk,Could not resolve host: umbr4.cabinetoffice.gov.uk,none
umbr5.cabinetoffice.gov.uk,gov.uk,Could not resolve host: umbr5.cabinetoffice.gov.uk,none
umbrella.sthelens.gov.uk,gov.uk,Could not resolve host: umbrella.sthelens.gov.uk,none
unistats.direct.gov.uk,gov.uk,Connection timed out after 3002 milliseconds,none
update.cabinetoffice.gov.uk,gov.uk,Could not resolve host: update.cabinetoffice.gov.uk,none
update.dpm.cabinetoffice.gov.uk,gov.uk,Could not resolve host: update.dpm.cabinetoffice.gov.uk,none
updates.buckscc.gov.uk,gov.uk,Could not resolve host: updates.buckscc.gov.uk,none
updates.ukho.gov.uk,gov.uk,503,none
upload.legislation.gov.uk,gov.uk,Could not resolve host: upload.legislation.gov.uk,none
upload.ukwelcomes.businesslink.gov.uk,gov.uk,SSL: no alternative certificate subject name matches target hostname 'upload.ukwelcomes.businesslink.gov.uk',none
urbaline.london.gov.uk,gov.uk,Could not resolve host: urbaline.london.gov.uk,none
urbandesign.tfl.gov.uk,gov.uk,Connection timed out after 3002 milliseconds,none
useradmin.cjsonline.gov.uk,gov.uk,Connection timed out after 3002 milliseconds,none
v-civiexfe01.salford.gov.uk,gov.uk,Could not resolve host: v-civiexfe01.salford.gov.uk,none
v-civiexfe02.salford.gov.uk,gov.uk,502,none
v-civiexfe03.salford.gov.uk,gov.uk,502,none
v-civiexfe04.salford.gov.uk,gov.uk,Could not resolve host: v-civiexfe04.salford.gov.uk,none
v-civiocsweb01.salford.gov.uk,gov.uk,Could not resolve host: v-civiocsweb01.salford.gov.uk,none
v-civirdsweb01.salford.gov.uk,gov.uk,502,none
vacancies.dft.gov.uk,gov.uk,Could not resolve host: vacancies.dft.gov.uk,none
vacancies.swale.gov.uk,gov.uk,Connection timed out after 3002 milliseconds,none
valeofglamorgan.gov.uk,gov.uk,301,none
vasis.education.gov.uk,gov.uk,Connection timed out after 3002 milliseconds,none
vcstest.bolton.gov.uk,gov.uk,Could not resolve host: vcstest.bolton.gov.uk,none
vdesktop.tpr.gov.uk,gov.uk,Could not resolve host: vdesktop.tpr.gov.uk,none
vdi.thurrock.gov.uk,gov.uk,Could not resolve host: vdi.thurrock.gov.uk,none
vebustest.defra.gov.uk,gov.uk,Could not resolve host: vebustest.defra.gov.uk,none
vehicleleasing.buyingsolutions.gov.uk,gov.uk,Could not resolve host: vehicleleasing.buyingsolutions.gov.uk,none
vendors.hounslow.gov.uk,gov.uk,Could not resolve host: vendors.hounslow.gov.uk,none
vetting.fco.gov.uk,gov.uk,Could not resolve host: vetting.fco.gov.uk,none
view-cs.derbys-fire.gov.uk,gov.uk,Could not resolve host: view-cs.derbys-fire.gov.uk,none
view.derbys-fire.gov.uk,gov.uk,Could not resolve host: view.derbys-fire.gov.uk,none
viewpoint.blackburn.gov.uk,gov.uk,Could not resolve host: viewpoint.blackburn.gov.uk,none
viewpoint.merton.gov.uk,gov.uk,Could not resolve host: viewpoint.merton.gov.uk,none
vir.estyn.gov.uk,gov.uk,Could not resolve host: vir.estyn.gov.uk,none
virtual.estate.fco.gov.uk,gov.uk,Could not resolve host: virtual.estate.fco.gov.uk,none
virtuallibrary.lincolnshire.gov.uk,gov.uk,Connection timed out after 3002 milliseconds,none
visitorshop.tfl.gov.uk,gov.uk,301,none
vm.reading.gov.uk,gov.uk,Could not resolve host: vm.reading.gov.uk,none
vmail.epsom-ewell.gov.uk,gov.uk,Could not resolve host: vmail.epsom-ewell.gov.uk,none
vmcolocs02.corpoflondon.gov.uk,gov.uk,Could not resolve host: vmcolocs02.corpoflondon.gov.uk,none
voca.tfl.gov.uk,gov.uk,Could not resolve host: voca.tfl.gov.uk,none
voffice.merseysidewda.gov.uk,gov.uk,Connection timed out after 3002 milliseconds,none
voltage-pp-0000.bracknell-forest.gov.uk,gov.uk,Could not resolve host: voltage-pp-0000.bracknell-forest.gov.uk,none
voltage-pp-0000.eastsussex.gov.uk,gov.uk,302,none
voltage-pp-0000.islington.gov.uk,gov.uk,Could not resolve host: voltage-pp-0000.islington.gov.uk,none
voltage-pp-0000.lbbd.gov.uk,gov.uk,Could not resolve host: voltage-pp-0000.lbbd.gov.uk,none
voltage-ps-0000.islington.gov.uk,gov.uk,Could not resolve host: voltage-ps-0000.islington.gov.uk,none
voltage-ps-0000.lbbd.gov.uk,gov.uk,Could not resolve host: voltage-ps-0000.lbbd.gov.uk,none
vpn.broadland.gov.uk,gov.uk,Could not resolve host: vpn.broadland.gov.uk,none
vpn.carlisle.gov.uk,gov.uk,SSL: no alternative certificate subject name matches target hostname 'vpn.carlisle.gov.uk',none
vpn.chesterfield.gov.uk,gov.uk,Could not resolve host: vpn.chesterfield.gov.uk,none
vpn.chichester.gov.uk,gov.uk,Connection timed out after 3002 milliseconds,none
vpn.derbys-fire.gov.uk,gov.uk,404,none
vpn.doncaster.gov.uk,gov.uk,302,none
vpn.enfield.gov.uk,gov.uk,Could not resolve host: vpn.enfield.gov.uk,none
vpn.eppingforestdc.gov.uk,gov.uk,Could not resolve host: vpn.eppingforestdc.gov.uk,none
vpn.gmpte.gov.uk,gov.uk,Could not resolve host: vpn.gmpte.gov.uk,none
vpn.monitor-nhsft.gov.uk,gov.uk,Could not resolve host: vpn.monitor-nhsft.gov.uk,none
vpn.pendle.gov.uk,gov.uk,Connection timed out after 3002 milliseconds,none
vpn.renfrewshire.gov.uk,gov.uk,Could not resolve host: vpn.renfrewshire.gov.uk,none
vpn.ryedale.gov.uk,gov.uk,Connection timed out after 3002 milliseconds,none
vpn.taysidefire.gov.uk,gov.uk,Failed to connect to vpn.taysidefire.gov.uk port 443 after 2090 ms: Could not connect to server,none
vpn.tsol.gov.uk,gov.uk,Could not resolve host: vpn.tsol.gov.uk,none
vpn.warwickshire.gov.uk,gov.uk,Connection timed out after 3002 milliseconds,none
vpn.welhat.gov.uk,gov.uk,Connection timed out after 3002 milliseconds,none
vpn.winchester.gov.uk,gov.uk,Could not resolve host: vpn.winchester.gov.uk,none
vpn.wyreforestdc.gov.uk,gov.uk,Could not resolve host: vpn.wyreforestdc.gov.uk,none
vpn01.moray.gov.uk,gov.uk,404,none
vpn1.nottscc.gov.uk,gov.uk,Could not resolve host: vpn1.nottscc.gov.uk,none
vpn2.dumgal.gov.uk,gov.uk,Could not resolve host: vpn2.dumgal.gov.uk,none
vsa.tfl.gov.uk,gov.uk,Could not resolve host: vsa.tfl.gov.uk,none
vsat.nactso.gov.uk,gov.uk,Connection timed out after 3002 milliseconds,none
vsp.ipo.gov.uk,gov.uk,Could not resolve host: vsp.ipo.gov.uk,none
vstg.securedatatransfer.teachernet.gov.uk,gov.uk,Could not resolve host: vstg.securedatatransfer.teachernet.gov.uk,none
vstg.uln.securedatatransfer.teachernet.gov.uk,gov.uk,Could not resolve host: vstg.uln.securedatatransfer.teachernet.gov.uk,none
vwg.agma.gov.uk,gov.uk,Connection timed out after 3002 milliseconds,none
w4.chelmsford.gov.uk,gov.uk,Could not resolve host: w4.chelmsford.gov.uk,none
wakefield.gov.uk,gov.uk,TLS connect error: error:0A000458:SSL routines::tlsv1 unrecognized name,none
wales.gov.uk,gov.uk,Connection timed out after 3002 milliseconds,none
walsall.gov.uk,gov.uk,SSL: no alternative certificate subject name matches target hostname 'walsall.gov.uk',10 walsall-gov-uk.mail.protection.outlook.com.
walthamforest.gov.uk,gov.uk,301,none
wam.highland.gov.uk,gov.uk,302,none
wao.gov.uk,gov.uk,301,none
wap-exch-ch1.admin.brighton-hove.gov.uk,gov.uk,Could not resolve host: wap-exch-ch1.admin.brighton-hove.gov.uk,none
wap-exch-ch2.admin.brighton-hove.gov.uk,gov.uk,Could not resolve host: wap-exch-ch2.admin.brighton-hove.gov.uk,none
wap-ocs-extedge1.brighton-hove.gov.uk,gov.uk,Could not resolve host: wap-ocs-extedge1.brighton-hove.gov.uk,none
wap-ocs-wc1.brighton-hove.gov.uk,gov.uk,Could not resolve host: wap-ocs-wc1.brighton-hove.gov.uk,none
warrington.gov.uk,gov.uk,Could not resolve host: warrington.gov.uk,none
warringtondirect.warrington.gov.uk,gov.uk,200,none
warwickdc.gov.uk,gov.uk,302,10 eu-smtp-inbound-2.mimecast.com.; 10 eu-smtp-inbound-1.mimecast.com.
wave-uat.brighton-hove.gov.uk,gov.uk,Could not resolve host: wave-uat.brighton-hove.gov.uk,none
wave.brighton-hove.gov.uk,gov.uk,Could not resolve host: wave.brighton-hove.gov.uk,none
wave4schools.brighton-hove.gov.uk,gov.uk,Could not resolve host: wave4schools.brighton-hove.gov.uk,none
wc.buckscc.gov.uk,gov.uk,Could not resolve host: wc.buckscc.gov.uk,none
wc.leicester.gov.uk,gov.uk,Could not resolve host: wc.leicester.gov.uk,none
wcbc-cas1.wcbcmad.wrexham.gov.uk,gov.uk,Could not resolve host: wcbc-cas1.wcbcmad.wrexham.gov.uk,none
wcbc-cas2.wcbcmad.wrexham.gov.uk,gov.uk,Could not resolve host: wcbc-cas2.wcbcmad.wrexham.gov.uk,none
wcedge.calderdale.gov.uk,gov.uk,Connection timed out after 3002 milliseconds,none
wcehdc.eastherts.gov.uk,gov.uk,Could not resolve host: wcehdc.eastherts.gov.uk,none
wck2.companieshouse.gov.uk,gov.uk,200,none
wcsbc.staffordbc.gov.uk,gov.uk,Connection timed out after 3002 milliseconds,none
wdcexchht1.west-dunbarton.gov.uk,gov.uk,Could not resolve host: wdcexchht1.west-dunbarton.gov.uk,none
wdcexchht2.west-dunbarton.gov.uk,gov.uk,Could not resolve host: wdcexchht2.west-dunbarton.gov.uk,none
wdcmail.wycombe.gov.uk,gov.uk,Could not resolve host: wdcmail.wycombe.gov.uk,none
wdcmdm.west-dunbarton.gov.uk,gov.uk,Could not resolve host: wdcmdm.west-dunbarton.gov.uk,none
wdt.cambridgeshire.gov.uk,gov.uk,Connection timed out after 3002 milliseconds,none
we01.ofsted.gov.uk,gov.uk,Connection timed out after 3002 milliseconds,none
web.barclayscyclehire.tfl.gov.uk,gov.uk,Could not resolve host: web.barclayscyclehire.tfl.gov.uk,none
web.firescotland.gov.uk,gov.uk,Failed to connect to web.firescotland.gov.uk port 443 after 1093 ms: Could not connect to server,none
web.gravesham.gov.uk,gov.uk,301,none
web.tameside.gov.uk,gov.uk,Could not resolve host: web.tameside.gov.uk,none
web1.hullcc.gov.uk,gov.uk,Connection timed out after 3002 milliseconds,none
web2.hullcc.gov.uk,gov.uk,Connection timed out after 3002 milliseconds,none
web2.newforest.gov.uk,gov.uk,Could not resolve host: web2.newforest.gov.uk,none
web3.blackpool.gov.uk,gov.uk,Could not resolve host: web3.blackpool.gov.uk,none
web3.chelmsfordbc.gov.uk,gov.uk,Could not resolve host: web3.chelmsfordbc.gov.uk,none
web3.newforest.gov.uk,gov.uk,Connection timed out after 3002 milliseconds,none
web4.newforest.gov.uk,gov.uk,Could not resolve host: web4.newforest.gov.uk,none
web5.hullcc.gov.uk,gov.uk,Failed to connect to web5.hullcc.gov.uk port 443 after 2145 ms: Could not connect to server,none
webacc.vca.gov.uk,gov.uk,Connection timed out after 3002 milliseconds,none
webaccess.lincolnshire.gov.uk,gov.uk,Could not resolve host: webaccess.lincolnshire.gov.uk,none
webaccess.rimnet.gov.uk,gov.uk,Could not resolve host: webaccess.rimnet.gov.uk,none
webaccess.sheffield.gov.uk,gov.uk,Connection timed out after 3002 milliseconds,none
webaccess.tamworth.gov.uk,gov.uk,Could not resolve host: webaccess.tamworth.gov.uk,none
webapp.grampian-vjb.gov.uk,gov.uk,Could not resolve host: webapp.grampian-vjb.gov.uk,none
webapp.lanarkshire-vjb.gov.uk,gov.uk,Could not resolve host: webapp.lanarkshire-vjb.gov.uk,none
webapp1.fylde.gov.uk,gov.uk,Could not resolve host: webapp1.fylde.gov.uk,none
webapp1.somerset.gov.uk,gov.uk,SSL certificate problem: unable to get local issuer certificate,none
webapps.allerdale.gov.uk,gov.uk,Could not resolve host: webapps.allerdale.gov.uk,none
webcomp.wiltshire.gov.uk,gov.uk,Could not resolve host: webcomp.wiltshire.gov.uk,none
webcon.basingstoke.gov.uk,gov.uk,Could not resolve host: webcon.basingstoke.gov.uk,none
webcon.havering.gov.uk,gov.uk,Connection timed out after 3002 milliseconds,none
webcon.wakefield.gov.uk,gov.uk,Connection timed out after 3002 milliseconds,none
webconf.armagh.gov.uk,gov.uk,Could not resolve host: webconf.armagh.gov.uk,none
webconf.audit-scotland.gov.uk,gov.uk,Could not resolve host: webconf.audit-scotland.gov.uk,none
webconf.bolton.gov.uk,gov.uk,Connection timed out after 3002 milliseconds,none
webconf.camden.gov.uk,gov.uk,Could not resolve host: webconf.camden.gov.uk,none
webconf.ceredigion.gov.uk,gov.uk,Connection timed out after 3002 milliseconds,none
webconf.firescotland.gov.uk,gov.uk,Connection timed out after 3002 milliseconds,none
webconf.halton.gov.uk,gov.uk,Connection timed out after 3001 milliseconds,none
webconf.newham.gov.uk,gov.uk,Could not resolve host: webconf.newham.gov.uk,none
webconf.ofsted.gov.uk,gov.uk,Could not resolve host: webconf.ofsted.gov.uk,none
webconf.rctcbc.gov.uk,gov.uk,Could not resolve host: webconf.rctcbc.gov.uk,none
webconf.walthamforest.gov.uk,gov.uk,Connection timed out after 3002 milliseconds,none
webcrm.towerhamlets.gov.uk,gov.uk,Connection timed out after 3002 milliseconds,none
webcrmtest.towerhamlets.gov.uk,gov.uk,Connection timed out after 3002 milliseconds,none
webdb4.patent.gov.uk,gov.uk,Could not resolve host: webdb4.patent.gov.uk,none
webforms.cherwell.gov.uk,gov.uk,Could not resolve host: webforms.cherwell.gov.uk,none
webforms.towerhamlets.gov.uk,gov.uk,Could not resolve host: webforms.towerhamlets.gov.uk,none
webgate.tauntondeane.gov.uk,gov.uk,Could not resolve host: webgate.tauntondeane.gov.uk,none
webgis.derbys-fire.gov.uk,gov.uk,Could not resolve host: webgis.derbys-fire.gov.uk,none
webmail.audit-commission.gov.uk,gov.uk,Connection timed out after 3002 milliseconds,none
webmail.aylesburyvaledc.gov.uk,gov.uk,Could not resolve host: webmail.aylesburyvaledc.gov.uk,none
webmail.banbury.gov.uk,gov.uk,Connection timed out after 3001 milliseconds,none
webmail.bicester.gov.uk,gov.uk,SSL: no alternative certificate subject name matches target hostname 'webmail.bicester.gov.uk',none
webmail.bournemouth.gov.uk,gov.uk,Could not resolve host: webmail.bournemouth.gov.uk,none
webmail.braintree.gov.uk,gov.uk,Could not resolve host: webmail.braintree.gov.uk,none
webmail.broadland.gov.uk,gov.uk,Could not resolve host: webmail.broadland.gov.uk,none
webmail.broads-authority.gov.uk,gov.uk,Could not resolve host: webmail.broads-authority.gov.uk,none
webmail.broxbourne.gov.uk,gov.uk,SSL certificate problem: self-signed certificate,none
webmail.caerphilly.gov.uk,gov.uk,Could not resolve host: webmail.caerphilly.gov.uk,none
webmail.cannockchasedc.gov.uk,gov.uk,Connection timed out after 3003 milliseconds,none
webmail.carmarthenshire.gov.uk,gov.uk,Failed to connect to webmail.carmarthenshire.gov.uk port 443 after 37 ms: Could not connect to server,none
webmail.ceredigion.gov.uk,gov.uk,400,none
webmail.cherwell-dc.gov.uk,gov.uk,Could not resolve host: webmail.cherwell-dc.gov.uk,none
webmail.cherwellandsouthnorthants.gov.uk,gov.uk,Could not resolve host: webmail.cherwellandsouthnorthants.gov.uk,none
webmail.cheshirefire.gov.uk,gov.uk,Connection timed out after 3002 milliseconds,none
webmail.chesterfield.gov.uk,gov.uk,Could not resolve host: webmail.chesterfield.gov.uk,none
webmail.chichester.gov.uk,gov.uk,Connection timed out after 3001 milliseconds,none
webmail.chippenham.gov.uk,gov.uk,SSL: no alternative certificate subject name matches target hostname 'webmail.chippenham.gov.uk',none
webmail.christchurch.gov.uk,gov.uk,Could not resolve host: webmail.christchurch.gov.uk,none
webmail.cirencester.gov.uk,gov.uk,200,none
webmail.cornwall.gov.uk,gov.uk,Connection timed out after 3003 milliseconds,none
webmail.cosla.gov.uk,gov.uk,Could not resolve host: webmail.cosla.gov.uk,none
webmail.cotswold.gov.uk,gov.uk,Could not resolve host: webmail.cotswold.gov.uk,none
webmail.coventry.gov.uk,gov.uk,SSL: no alternative certificate subject name matches target hostname 'webmail.coventry.gov.uk',none
webmail.crawley.gov.uk,gov.uk,Could not resolve host: webmail.crawley.gov.uk,none
webmail.crewe-nantwich.gov.uk,gov.uk,Could not resolve host: webmail.crewe-nantwich.gov.uk,none
webmail.dataunitwales.gov.uk,gov.uk,Connection timed out after 3002 milliseconds,none
webmail.daventrydc.gov.uk,gov.uk,Could not resolve host: webmail.daventrydc.gov.uk,none
webmail.derbyshire.gov.uk,gov.uk,Could not resolve host: webmail.derbyshire.gov.uk,none
webmail.dorsetcc.gov.uk,gov.uk,Could not resolve host: webmail.dorsetcc.gov.uk,none
webmail.dungannon.gov.uk,gov.uk,Could not resolve host: webmail.dungannon.gov.uk,none
webmail.eastdorsetdc.gov.uk,gov.uk,Could not resolve host: webmail.eastdorsetdc.gov.uk,none
webmail.eastgrinstead.gov.uk,gov.uk,200,none
webmail.edu.clacks.gov.uk,gov.uk,Could not resolve host: webmail.edu.clacks.gov.uk,none
webmail.education.doncaster.gov.uk,gov.uk,Could not resolve host: webmail.education.doncaster.gov.uk,none
webmail.eelga.gov.uk,gov.uk,Could not resolve host: webmail.eelga.gov.uk,none
webmail.essexcc.gov.uk,gov.uk,Could not resolve host: webmail.essexcc.gov.uk,none
webmail.greenwich.gov.uk,gov.uk,Could not resolve host: webmail.greenwich.gov.uk,none
webmail.halton.gov.uk,gov.uk,302,none
webmail.hambleton.gov.uk,gov.uk,Could not resolve host: webmail.hambleton.gov.uk,none
webmail.harborough.gov.uk,gov.uk,Could not resolve host: webmail.harborough.gov.uk,none
webmail.haringey.gov.uk,gov.uk,Could not resolve host: webmail.haringey.gov.uk,none
webmail.havering.gov.uk,gov.uk,Could not resolve host: webmail.havering.gov.uk,none
webmail.herefordshire.gov.uk,gov.uk,Connection timed out after 3002 milliseconds,none
webmail.highpeak.gov.uk,gov.uk,Connection timed out after 3002 milliseconds,none
webmail.horsham.gov.uk,gov.uk,Connection timed out after 3002 milliseconds,none
webmail.hyndburnbc.gov.uk,gov.uk,Connection timed out after 3002 milliseconds,none
webmail.kent.gov.uk,gov.uk,Could not resolve host: webmail.kent.gov.uk,none
webmail.lake-district.gov.uk,gov.uk,Connection timed out after 3002 milliseconds,none
webmail.lancaster.gov.uk,gov.uk,Could not resolve host: webmail.lancaster.gov.uk,none
webmail.landregistry.gov.uk,gov.uk,Could not resolve host: webmail.landregistry.gov.uk,none
webmail.lbwf.gov.uk,gov.uk,Connection timed out after 3002 milliseconds,none
webmail.leeds.gov.uk,gov.uk,Could not resolve host: webmail.leeds.gov.uk,none
webmail.leicester.gov.uk,gov.uk,Connection timed out after 3002 milliseconds,none
webmail.liverpool.gov.uk,gov.uk,SSL: no alternative certificate subject name matches target hostname 'webmail.liverpool.gov.uk',none
webmail.magherafelt.gov.uk,gov.uk,Could not resolve host: webmail.magherafelt.gov.uk,none
webmail.malvernhills.gov.uk,gov.uk,Could not resolve host: webmail.malvernhills.gov.uk,none
webmail.merseyfire.gov.uk,gov.uk,Connection timed out after 3002 milliseconds,none
webmail.middlesbrough.gov.uk,gov.uk,Could not resolve host: webmail.middlesbrough.gov.uk,none
webmail.midsussex.gov.uk,gov.uk,Could not resolve host: webmail.midsussex.gov.uk,none
webmail.monmouthshire.gov.uk,gov.uk,Connection timed out after 3002 milliseconds,none
webmail.mpa.gov.uk,gov.uk,Could not resolve host: webmail.mpa.gov.uk,none
webmail.newcastle.gov.uk,gov.uk,Could not resolve host: webmail.newcastle.gov.uk,none
webmail.northumberland.gov.uk,gov.uk,Could not resolve host: webmail.northumberland.gov.uk,none
webmail.northyorksfire.gov.uk,gov.uk,Connection timed out after 3002 milliseconds,none
webmail.notts-fire.gov.uk,gov.uk,Could not resolve host: webmail.notts-fire.gov.uk,none
webmail.nw-ifca.gov.uk,gov.uk,Connection timed out after 3002 milliseconds,none
webmail.oldham.gov.uk,gov.uk,Could not resolve host: webmail.oldham.gov.uk,none
webmail.pendle.gov.uk,gov.uk,Could not resolve host: webmail.pendle.gov.uk,none
webmail.psc.gov.uk,gov.uk,Could not resolve host: webmail.psc.gov.uk,none
webmail.richmondshire.gov.uk,gov.uk,Could not resolve host: webmail.richmondshire.gov.uk,none
webmail.rother.gov.uk,gov.uk,Could not resolve host: webmail.rother.gov.uk,none
webmail.salford.gov.uk,gov.uk,502,none
webmail.scarborough.gov.uk,gov.uk,Failed to connect to webmail.scarborough.gov.uk port 443 after 51 ms: Could not connect to server,none
webmail.shetland.gov.uk,gov.uk,301,none
webmail.south-ayrshire.gov.uk,gov.uk,Could not resolve host: webmail.south-ayrshire.gov.uk,none
webmail.southampton.gov.uk,gov.uk,Connection timed out after 3002 milliseconds,none
webmail.southlanarkshire.gov.uk,gov.uk,Connection timed out after 3002 milliseconds,none
webmail.southsomerset.gov.uk,gov.uk,Could not resolve host: webmail.southsomerset.gov.uk,none
webmail.staffordbc.gov.uk,gov.uk,Connection timed out after 3002 milliseconds,none
webmail.staffsmoorlands.gov.uk,gov.uk,Could not resolve host: webmail.staffsmoorlands.gov.uk,none
webmail.stevenage.gov.uk,gov.uk,Could not resolve host: webmail.stevenage.gov.uk,none
webmail.tamworth.gov.uk,gov.uk,302,none
webmail.teignbridge.gov.uk,gov.uk,Could not resolve host: webmail.teignbridge.gov.uk,none
webmail.telford.gov.uk,gov.uk,Could not resolve host: webmail.telford.gov.uk,none
webmail.test.rbkc.gov.uk,gov.uk,Could not resolve host: webmail.test.rbkc.gov.uk,none
webmail.tfl.gov.uk,gov.uk,Could not resolve host: webmail.tfl.gov.uk,none
webmail.thurrock.gov.uk,gov.uk,Failed to connect to webmail.thurrock.gov.uk port 443 after 37 ms: Could not connect to server,none
webmail.trafficpenaltytribunal.gov.uk,gov.uk,Could not resolve host: webmail.trafficpenaltytribunal.gov.uk,none
webmail.walsall.gov.uk,gov.uk,Could not resolve host: webmail.walsall.gov.uk,none
webmail.walthamforest.gov.uk,gov.uk,Connection timed out after 3000 milliseconds,none
webmail.wcbcmad.wrexham.gov.uk,gov.uk,Could not resolve host: webmail.wcbcmad.wrexham.gov.uk,none
webmail.welhat.gov.uk,gov.uk,Could not resolve host: webmail.welhat.gov.uk,none
webmail.westberks.gov.uk,gov.uk,Connection timed out after 3002 milliseconds,none
webmail.westlothian.gov.uk,gov.uk,Operation timed out after 3003 milliseconds with 0 bytes received,none
webmail.worcestershire.gov.uk,gov.uk,Connection timed out after 3003 milliseconds,none
webmail.wrexham.gov.uk,gov.uk,Could not resolve host: webmail.wrexham.gov.uk,none
webmail.wyrebc.gov.uk,gov.uk,Could not resolve host: webmail.wyrebc.gov.uk,none
webmail.wyreforestdc.gov.uk,gov.uk,Connection timed out after 3002 milliseconds,none
webmail.york.gov.uk,gov.uk,Could not resolve host: webmail.york.gov.uk,none
webmail07.west-dunbarton.gov.uk,gov.uk,Could not resolve host: webmail07.west-dunbarton.gov.uk,none
webmail1.fylde.gov.uk,gov.uk,Could not resolve host: webmail1.fylde.gov.uk,none
webmail1.lancashire.gov.uk,gov.uk,Operation timed out after 3002 milliseconds with 0 bytes received,none
webmail1.leics.gov.uk,gov.uk,Could not resolve host: webmail1.leics.gov.uk,none
webmail2.aylesburyvaledc.gov.uk,gov.uk,Could not resolve host: webmail2.aylesburyvaledc.gov.uk,none
webmail2010.coventry.gov.uk,gov.uk,Connection timed out after 3001 milliseconds,none
webmail3.lancashire.gov.uk,gov.uk,Connection timed out after 3002 milliseconds,none
webmail65.walthamforest.gov.uk,gov.uk,Could not resolve host: webmail65.walthamforest.gov.uk,none
webpayments.rutland.gov.uk,gov.uk,Could not resolve host: webpayments.rutland.gov.uk,none
webpayments.york.gov.uk,gov.uk,Could not resolve host: webpayments.york.gov.uk,none
webportal.conwy.gov.uk,gov.uk,Could not resolve host: webportal.conwy.gov.uk,none
webportal.slough.gov.uk,gov.uk,Could not resolve host: webportal.slough.gov.uk,none
webservice.genesisdcs.defra.gov.uk,gov.uk,200,none
webservice.lincolnshire.gov.uk,gov.uk,Connection timed out after 3002 milliseconds,none
webservice.secure.ddts.defra.gov.uk,gov.uk,403,none
webservice.testgenesisdcs.defra.gov.uk,gov.uk,Could not resolve host: webservice.testgenesisdcs.defra.gov.uk,none
webservice2.ddts.defra.gov.uk,gov.uk,Could not resolve host: webservice2.ddts.defra.gov.uk,none
webservice2.secure.ddts.defra.gov.uk,gov.uk,Could not resolve host: webservice2.secure.ddts.defra.gov.uk,none
webservice2.testddts.defra.gov.uk,gov.uk,Could not resolve host: webservice2.testddts.defra.gov.uk,none
webservice3.ddts.defra.gov.uk,gov.uk,Could not resolve host: webservice3.ddts.defra.gov.uk,none
webservice3.secure.ddts.defra.gov.uk,gov.uk,Could not resolve host: webservice3.secure.ddts.defra.gov.uk,none
webservice3.testddts.defra.gov.uk,gov.uk,Could not resolve host: webservice3.testddts.defra.gov.uk,none
webservices.hmrc.gov.uk,gov.uk,200,none
webtop.wyre.gov.uk,gov.uk,Could not resolve host: webtop.wyre.gov.uk,none
webtop.wyrebc.gov.uk,gov.uk,Could not resolve host: webtop.wyrebc.gov.uk,none
webuser.dorsetcc.gov.uk,gov.uk,Could not resolve host: webuser.dorsetcc.gov.uk,none
webvpn.chester.gov.uk,gov.uk,Could not resolve host: webvpn.chester.gov.uk,none
webvpn.highland.gov.uk,gov.uk,Could not resolve host: webvpn.highland.gov.uk,10 highland-gov-uk.mail.protection.outlook.com.
webvpn.luton.gov.uk,gov.uk,Could not resolve host: webvpn.luton.gov.uk,none
webvpn2.highland.gov.uk,gov.uk,Could not resolve host: webvpn2.highland.gov.uk,none
webyots.middlesbrough.gov.uk,gov.uk,Could not resolve host: webyots.middlesbrough.gov.uk,none
wedge10.salford.gov.uk,gov.uk,502,none
wes.argyll-bute.gov.uk,gov.uk,Could not resolve host: wes.argyll-bute.gov.uk,none
wes.scotborders.gov.uk,gov.uk,Could not resolve host: wes.scotborders.gov.uk,none
wes.scotcourts.gov.uk,gov.uk,Could not resolve host: wes.scotcourts.gov.uk,none
wes.south-ayrshire.gov.uk,gov.uk,Connection timed out after 3002 milliseconds,none
wes.southlanarkshire.gov.uk,gov.uk,Could not resolve host: wes.southlanarkshire.gov.uk,none
wes.stockport.gov.uk,gov.uk,Could not resolve host: wes.stockport.gov.uk,none
wes.waverley.gov.uk,gov.uk,Could not resolve host: wes.waverley.gov.uk,none
wes2.argyll-bute.gov.uk,gov.uk,Could not resolve host: wes2.argyll-bute.gov.uk,none
wes2.scotborders.gov.uk,gov.uk,Recv failure: Connexion ré-initialisée par le correspondant,none
west-lindsey.gov.uk,gov.uk,SSL: no alternative certificate subject name matches target hostname 'west-lindsey.gov.uk',none
west-norfolk.gov.uk,gov.uk,301,none
westberks.gov.uk,gov.uk,200,none
westdevon.gov.uk,gov.uk,405,10 eu-smtp-inbound-1.mimecast.com.; 10 eu-smtp-inbound-2.mimecast.com.
westminster.gov.uk,gov.uk,301,none
westoxon.gov.uk,gov.uk,200,none
westsussex.gov.uk,gov.uk,302,none
westwey.gov.uk,gov.uk,Could not resolve host: westwey.gov.uk,none
westyorksfire.gov.uk,gov.uk,301,5 cust73622-1.in.mailcontrol.com.; 50 otherspool.core.kcom.com.; 40 mailspool.core.kcom.com.; 60 mail3.westyorksfire.gov.uk.; 15 cust73622-s.out.mailcontrol.com.; 10 cust73622-2.in.mailcontrol.com.
wfghcasarray.lbwf.gov.uk,gov.uk,Could not resolve host: wfghcasarray.lbwf.gov.uk,none
wfghcasht01.lbwf.gov.uk,gov.uk,Could not resolve host: wfghcasht01.lbwf.gov.uk,none
wfghcasht02.lbwf.gov.uk,gov.uk,Could not resolve host: wfghcasht02.lbwf.gov.uk,none
wfghly5.lbwf.gov.uk,gov.uk,Could not resolve host: wfghly5.lbwf.gov.uk,none
wfh.scambs.gov.uk,gov.uk,Could not resolve host: wfh.scambs.gov.uk,none
wfrgcasarray.lbwf.gov.uk,gov.uk,Could not resolve host: wfrgcasarray.lbwf.gov.uk,none
wfrgcasht01.lbwf.gov.uk,gov.uk,Could not resolve host: wfrgcasht01.lbwf.gov.uk,none
wfrgcasht02.lbwf.gov.uk,gov.uk,Could not resolve host: wfrgcasht02.lbwf.gov.uk,none
wfrgly3.lbwf.gov.uk,gov.uk,Could not resolve host: wfrgly3.lbwf.gov.uk,none
wfrgly4.lbwf.gov.uk,gov.uk,Could not resolve host: wfrgly4.lbwf.gov.uk,none
wharfe.nwml.gov.uk,gov.uk,Could not resolve host: wharfe.nwml.gov.uk,none
whatson.tameside.gov.uk,gov.uk,Connection timed out after 3002 milliseconds,none
whitbytowncouncil.gov.uk,gov.uk,Could not resolve host: whitbytowncouncil.gov.uk,none
whitehorsedc.gov.uk,gov.uk,301,none
whitehouse.suffolk.gov.uk,gov.uk,Could not resolve host: whitehouse.suffolk.gov.uk,none
wi2.nelincs.gov.uk,gov.uk,Could not resolve host: wi2.nelincs.gov.uk,none
wide.hants.gov.uk,gov.uk,Could not resolve host: wide.hants.gov.uk,none
wifi.bolton.gov.uk,gov.uk,Connection timed out after 3001 milliseconds,none
wiltshire.gov.uk,gov.uk,Could not resolve host: wiltshire.gov.uk,0 wiltshire-gov-uk.mail.protection.outlook.com.
wirral.gov.uk,gov.uk,301,10 wirral-gov-uk.mail.protection.outlook.com.
wlgaex01.wlga.gov.uk,gov.uk,Connection timed out after 3002 milliseconds,none
wlgaowa1.wlga.gov.uk,gov.uk,Connection timed out after 3002 milliseconds,none
wm.calderdale.gov.uk,gov.uk,Could not resolve host: wm.calderdale.gov.uk,none
wm.harrow.gov.uk,gov.uk,Could not resolve host: wm.harrow.gov.uk,none
wme2007.westminster.gov.uk,gov.uk,Could not resolve host: wme2007.westminster.gov.uk,none
wmf-commonstandardforequalities.gov.uk,gov.uk,Could not resolve host: wmf-commonstandardforequalities.gov.uk,none
wms.defra.gov.uk,gov.uk,Could not resolve host: wms.defra.gov.uk,none
wokingham.gov.uk,gov.uk,SSL certificate problem: certificate has expired,0 wokingham-gov-uk.mail.protection.outlook.com.
worcestershire.gov.uk,gov.uk,Could not resolve host: worcestershire.gov.uk,none
working.islington.gov.uk,gov.uk,SSL: no alternative certificate subject name matches target hostname 'working.islington.gov.uk',none
workspace.eastriding.gov.uk,gov.uk,Connection timed out after 3001 milliseconds,none
workspace.idea.gov.uk,gov.uk,Could not resolve host: workspace.idea.gov.uk,none
workspace.westlothian.gov.uk,gov.uk,Could not resolve host: workspace.westlothian.gov.uk,none
wow.wiltshire.gov.uk,gov.uk,Could not resolve host: wow.wiltshire.gov.uk,none
wp.walsall.gov.uk,gov.uk,Could not resolve host: wp.walsall.gov.uk,none
ws.hmrc.gov.uk,gov.uk,Could not resolve host: ws.hmrc.gov.uk,none
wsb.walsall.gov.uk,gov.uk,Could not resolve host: wsb.walsall.gov.uk,none
wsr.theorytest.direct.gov.uk,gov.uk,SSL: no alternative certificate subject name matches target hostname 'wsr.theorytest.direct.gov.uk',none
wsvprd1a.theorytest.direct.gov.uk,gov.uk,SSL: no alternative certificate subject name matches target hostname 'wsvprd1a.theorytest.direct.gov.uk',none
wsvprd1b.theorytest.direct.gov.uk,gov.uk,SSL: no alternative certificate subject name matches target hostname 'wsvprd1b.theorytest.direct.gov.uk',none
wvmprexcas01.internal.westminster.gov.uk,gov.uk,Could not resolve host: wvmprexcas01.internal.westminster.gov.uk,none
wvmprexcas01.westminster.gov.uk,gov.uk,Could not resolve host: wvmprexcas01.westminster.gov.uk,none
ww10.south-ayrshire.gov.uk,gov.uk,Could not resolve host: ww10.south-ayrshire.gov.uk,none
ww10.swindon.gov.uk,gov.uk,Could not resolve host: ww10.swindon.gov.uk,none
ww2.brighton-hove.gov.uk,gov.uk,Could not resolve host: ww2.brighton-hove.gov.uk,none
ww2.durham.gov.uk,gov.uk,Connection timed out after 3002 milliseconds,none
ww2.rossendale.gov.uk,gov.uk,Could not resolve host: ww2.rossendale.gov.uk,none
ww2.southsomerset.gov.uk,gov.uk,Could not resolve host: ww2.southsomerset.gov.uk,none
ww2.swindon.gov.uk,gov.uk,SSL certificate problem: unable to get local issuer certificate,none
ww2.watford.gov.uk,gov.uk,Could not resolve host: ww2.watford.gov.uk,none
ww2.westberks.gov.uk,gov.uk,Connection timed out after 3001 milliseconds,none
ww3.swindon.gov.uk,gov.uk,Connection timed out after 3001 milliseconds,none
ww4.runnymede.gov.uk,gov.uk,Could not resolve host: ww4.runnymede.gov.uk,none
ww5.swindon.gov.uk,gov.uk,302,none
ww6.south-ayrshire.gov.uk,gov.uk,Connection timed out after 3002 milliseconds,none
ww6.swindon.gov.uk,gov.uk,200,none
ww7.south-ayrshire.gov.uk,gov.uk,Connection timed out after 3002 milliseconds,none
ww7.swindon.gov.uk,gov.uk,Connection timed out after 3002 milliseconds,none
www.abcalculator.bis.gov.uk,gov.uk,SSL: no alternative certificate subject name matches target hostname 'www.abcalculator.bis.gov.uk',none
www.aberdeencity.gov.uk,gov.uk,200,none
www.academyvisits.bolton.gov.uk,gov.uk,Connection timed out after 3002 milliseconds,none
www.access.derrycity.gov.uk,gov.uk,Could not resolve host: www.access.derrycity.gov.uk,none
www.access.firescotland.gov.uk,gov.uk,Could not resolve host: www.access.firescotland.gov.uk,none
www.access.mole-valley.gov.uk,gov.uk,Could not resolve host: www.access.mole-valley.gov.uk,none
www.activesync.nihe.gov.uk,gov.uk,Could not resolve host: www.activesync.nihe.gov.uk,none
www.admin.ukti.gov.uk,gov.uk,Could not resolve host: www.admin.ukti.gov.uk,none
www.admissionsonline.norfolk.gov.uk,gov.uk,302,none
www.advancedbookings.worcester.gov.uk,gov.uk,Could not resolve host: www.advancedbookings.worcester.gov.uk,none
www.ag.north-ayrshire.gov.uk,gov.uk,Could not resolve host: www.ag.north-ayrshire.gov.uk,none
www.agma.gov.uk,gov.uk,Connection timed out after 3002 milliseconds,none
www.aimstest.dh.gov.uk,gov.uk,Could not resolve host: www.aimstest.dh.gov.uk,none
www.ambervalley.gov.uk,gov.uk,200,none
www.amethyst.gov.uk,gov.uk,Could not resolve host: www.amethyst.gov.uk,none
www.angliarevenues.gov.uk,gov.uk,200,none
www.angus.gov.uk,gov.uk,Could not resolve host: www.angus.gov.uk,none
www.animalhealthscotland.gov.uk,gov.uk,Could not resolve host: www.animalhealthscotland.gov.uk,none
www.anywhere.dacorum.gov.uk,gov.uk,Could not resolve host: www.anywhere.dacorum.gov.uk,none
www.api.swale.gov.uk,gov.uk,Could not resolve host: www.api.swale.gov.uk,none
www.apps.lbhf.gov.uk,gov.uk,Could not resolve host: www.apps.lbhf.gov.uk,none
www.apps1.lbhf.gov.uk,gov.uk,Connection timed out after 3002 milliseconds,none
www.apps2.lbhf.gov.uk,gov.uk,Connection timed out after 3002 milliseconds,none
www.apps3.lbhf.gov.uk,gov.uk,Could not resolve host: www.apps3.lbhf.gov.uk,none
www.aquadat.gov.uk,gov.uk,Could not resolve host: www.aquadat.gov.uk,none
www.arolwg.gwynedd.gov.uk,gov.uk,Could not resolve host: www.arolwg.gwynedd.gov.uk,none
www.artl.ros.gov.uk,gov.uk,Could not resolve host: www.artl.ros.gov.uk,none
www.artl.train.ros.gov.uk,gov.uk,Could not resolve host: www.artl.train.ros.gov.uk,none
www.as.lincolnshire.gov.uk,gov.uk,Could not resolve host: www.as.lincolnshire.gov.uk,none
www.ashfield-dc.gov.uk,gov.uk,Could not resolve host: www.ashfield-dc.gov.uk,none
www.asjudiciary.gov.uk,gov.uk,Could not resolve host: www.asjudiciary.gov.uk,none
www.assets.contractsfinder.businesslink.gov.uk,gov.uk,Could not resolve host: www.assets.contractsfinder.businesslink.gov.uk,none
www.atas.fco.gov.uk,gov.uk,Connection timed out after 3002 milliseconds,none
www.athenatransfer.lda.gov.uk,gov.uk,Could not resolve host: www.athenatransfer.lda.gov.uk,none
www.avonfrs.gov.uk,gov.uk,Could not resolve host: www.avonfrs.gov.uk,none
www.axisinet.wirral.gov.uk,gov.uk,Could not resolve host: www.axisinet.wirral.gov.uk,none
www.aylesburyvaledc.gov.uk,gov.uk,Could not resolve host: www.aylesburyvaledc.gov.uk,none
www.b3.manchester.gov.uk,gov.uk,Could not resolve host: www.b3.manchester.gov.uk,none
www.backup.derrycity.gov.uk,gov.uk,Could not resolve host: www.backup.derrycity.gov.uk,none
www.barnet.gov.uk,gov.uk,200,none
www.basingstoke.gov.uk,gov.uk,SSL certificate problem: unable to get local issuer certificate,none
www.bassetlaw.gov.uk,gov.uk,Could not resolve host: www.bassetlaw.gov.uk,none
www.benefits.north-ayrshire.gov.uk,gov.uk,Could not resolve host: www.benefits.north-ayrshire.gov.uk,none
www.beta.companieshouse.gov.uk,gov.uk,Could not resolve host: www.beta.companieshouse.gov.uk,none
www.biapreview.homeoffice.gov.uk,gov.uk,SSL: no alternative certificate subject name matches target hostname 'www.biapreview.homeoffice.gov.uk',none
www.bim.ukti.gov.uk,gov.uk,Could not resolve host: www.bim.ukti.gov.uk,none
www.birmingham.gov.uk,gov.uk,403,none
www.bis.gov.uk,gov.uk,SSL: no alternative certificate subject name matches target hostname 'www.bis.gov.uk',none
www.blackpool.gov.uk,gov.uk,301,none
www.blaenau-gwent.gov.uk,gov.uk,200,none
www.blpd.gov.uk,gov.uk,Could not resolve host: www.blpd.gov.uk,none
www.bluelight.gov.uk,gov.uk,Could not resolve host: www.bluelight.gov.uk,none
www.bonavacantia.gov.uk,gov.uk,SSL: no alternative certificate subject name matches target hostname 'www.bonavacantia.gov.uk',none
www.bournemouth.gov.uk,gov.uk,SSL: no alternative certificate subject name matches target hostname 'www.bournemouth.gov.uk',none
www.boxoffice.npt.gov.uk,gov.uk,Could not resolve host: www.boxoffice.npt.gov.uk,none
www.braintree.gov.uk,gov.uk,200,none
www.brand.environment-agency.gov.uk,gov.uk,Could not resolve host: www.brand.environment-agency.gov.uk,none
www.brand2.environment-agency.gov.uk,gov.uk,Could not resolve host: www.brand2.environment-agency.gov.uk,none
www.brent.gov.uk,gov.uk,403,none
www.bromley.gov.uk,gov.uk,200,none
www.broxtowe.gov.uk,gov.uk,200,none
www.buckshomechoice.gov.uk,gov.uk,Could not resolve host: www.buckshomechoice.gov.uk,none
www.burnley.gov.uk,gov.uk,301,none
www.bury.gov.uk,gov.uk,200,none
www.business.scotland.gov.uk,gov.uk,301,none
www.businessadviceday.gov.uk,gov.uk,SSL: no alternative certificate subject name matches target hostname 'www.businessadviceday.gov.uk',none
www.businessgateway.scotland.gov.uk,gov.uk,Could not resolve host: www.businessgateway.scotland.gov.uk,none
www.businessportal.southeastiep.gov.uk,gov.uk,Could not resolve host: www.businessportal.southeastiep.gov.uk,none
www.cafcass.gov.uk,gov.uk,200,none
www.calderdale.gov.uk,gov.uk,200,none
www.cals.northamptonshire.gov.uk,gov.uk,Could not resolve host: www.cals.northamptonshire.gov.uk,none
www.camden.gov.uk,gov.uk,403,none
www.cannockchasedc.gov.uk,gov.uk,200,none
www.canterbury.gov.uk,gov.uk,200,none
www.capita.slough.gov.uk,gov.uk,Could not resolve host: www.capita.slough.gov.uk,none
www.caradon.gov.uk,gov.uk,Could not resolve host: www.caradon.gov.uk,none
www.cas.dh.gov.uk,gov.uk,Could not resolve host: www.cas.dh.gov.uk,none
www.cbcexc01.castlereagh.gov.uk,gov.uk,Could not resolve host: www.cbcexc01.castlereagh.gov.uk,none
www.cdb.consumerdirect.gov.uk,gov.uk,Could not resolve host: www.cdb.consumerdirect.gov.uk,none
www.centralbedfordshire.gov.uk,gov.uk,Could not resolve host: www.centralbedfordshire.gov.uk,none
www.ceop.gov.uk,gov.uk,Could not resolve host: www.ceop.gov.uk,none
www.cep.dh.gov.uk,gov.uk,Could not resolve host: www.cep.dh.gov.uk,none
www.charitycommission.gov.uk,gov.uk,SSL: no alternative certificate subject name matches target hostname 'www.charitycommission.gov.uk',none
www.charnwood.gov.uk,gov.uk,200,none
www.cheltenham.gov.uk,gov.uk,200,none
www.cherwell.gov.uk,gov.uk,200,none
www.cheshirefire.gov.uk,gov.uk,404,none
www.chevening.fco.gov.uk,gov.uk,Connection timed out after 3002 milliseconds,none
www.childcare.milton-keynes.gov.uk,gov.uk,Could not resolve host: www.childcare.milton-keynes.gov.uk,none
www.childrencentre.sheffield.gov.uk,gov.uk,Could not resolve host: www.childrencentre.sheffield.gov.uk,none
www.childrenscommissioner.gov.uk,gov.uk,200,none
www.childtrustfund.gov.uk,gov.uk,SSL: no alternative certificate subject name matches target hostname 'www.childtrustfund.gov.uk',none
www.chl.ofsted.gov.uk,gov.uk,Could not resolve host: www.chl.ofsted.gov.uk,none
www.cica.gov.uk,gov.uk,301,none
www.citrix.angliarevenues.gov.uk,gov.uk,Could not resolve host: www.citrix.angliarevenues.gov.uk,none
www.citrix.forest-heath.gov.uk,gov.uk,Could not resolve host: www.citrix.forest-heath.gov.uk,none
www.citrix.gloucestershire.gov.uk,gov.uk,Could not resolve host: www.citrix.gloucestershire.gov.uk,none
www.citrix.middlesbrough.gov.uk,gov.uk,Could not resolve host: www.citrix.middlesbrough.gov.uk,none
www.citrix.stedsbc.gov.uk,gov.uk,Could not resolve host: www.citrix.stedsbc.gov.uk,none
www.citrix.teignbridge.gov.uk,gov.uk,Could not resolve host: www.citrix.teignbridge.gov.uk,none
www.civilservice.gov.uk,gov.uk,SSL: no alternative certificate subject name matches target hostname 'www.civilservice.gov.uk',none
www.civilserviceappealboard.gov.uk,gov.uk,Could not resolve host: www.civilserviceappealboard.gov.uk,none
www.cla.education.gov.uk,gov.uk,Could not resolve host: www.cla.education.gov.uk,none
www.claimsregulation.gov.uk,gov.uk,SSL: no alternative certificate subject name matches target hostname 'www.claimsregulation.gov.uk',none
www.cm.ukti.gov.uk,gov.uk,Could not resolve host: www.cm.ukti.gov.uk,none
www.cms.wiltshire.gov.uk,gov.uk,Could not resolve host: www.cms.wiltshire.gov.uk,none
www.coi.gov.uk,gov.uk,Could not resolve host: www.coi.gov.uk,none
www.colchester.gov.uk,gov.uk,200,none
www.collaboration.culture.gov.uk,gov.uk,Could not resolve host: www.collaboration.culture.gov.uk,none
www.collaboration.pm.culture.gov.uk,gov.uk,Could not resolve host: www.collaboration.pm.culture.gov.uk,none
www.collectdata.education.gov.uk,gov.uk,Could not resolve host: www.collectdata.education.gov.uk,none
www.collectdatauat.education.gov.uk,gov.uk,Could not resolve host: www.collectdatauat.education.gov.uk,none
www.communicationcentre.dwp.gov.uk,gov.uk,Could not resolve host: www.communicationcentre.dwp.gov.uk,none
www.communities.odpm.gov.uk,gov.uk,Could not resolve host: www.communities.odpm.gov.uk,none
www.confirm.bolton.gov.uk,gov.uk,SSL: no alternative certificate subject name matches target hostname 'www.confirm.bolton.gov.uk',none
www.connect.eastleigh.gov.uk,gov.uk,Could not resolve host: www.connect.eastleigh.gov.uk,none
www.connect.forest-heath.gov.uk,gov.uk,Could not resolve host: www.connect.forest-heath.gov.uk,none
www.connect.swale.gov.uk,gov.uk,Could not resolve host: www.connect.swale.gov.uk,none
www.consult.northamptonshire.gov.uk,gov.uk,Could not resolve host: www.consult.northamptonshire.gov.uk,none
www.consultation.rbkc.gov.uk,gov.uk,Connection timed out after 3002 milliseconds,none
www.contractsfinder.businesslink.gov.uk,gov.uk,Could not resolve host: www.contractsfinder.businesslink.gov.uk,none
www.copeland.gov.uk,gov.uk,200,none
www.core.mhs.gov.uk,gov.uk,Could not resolve host: www.core.mhs.gov.uk,none
www.cornwall.gov.uk,gov.uk,200,none
www.courtsandtribunalsni.gov.uk,gov.uk,Could not resolve host: www.courtsandtribunalsni.gov.uk,none
www.courtservice.gov.uk,gov.uk,Could not resolve host: www.courtservice.gov.uk,none
www.courtsni.gov.uk,gov.uk,Connection timed out after 3002 milliseconds,none
www.coventry.gov.uk,gov.uk,200,none
www.cpas.dh.gov.uk,gov.uk,Could not resolve host: www.cpas.dh.gov.uk,none
www.cpdproviders.bolton.gov.uk,gov.uk,Connection timed out after 3002 milliseconds,none
www.cpni.gov.uk,gov.uk,403,none
www.cps.gov.uk,gov.uk,200,none
www.crm.eastdevon.gov.uk,gov.uk,Could not resolve host: www.crm.eastdevon.gov.uk,none
www.crmstaffs.gov.uk,gov.uk,Could not resolve host: www.crmstaffs.gov.uk,none
www.crw.gov.uk,gov.uk,Could not resolve host: www.crw.gov.uk,none
www.csg.middlesbrough.gov.uk,gov.uk,Could not resolve host: www.csg.middlesbrough.gov.uk,none
www.csg.stoke.gov.uk,gov.uk,Could not resolve host: www.csg.stoke.gov.uk,none
www.csg1.wakefield.gov.uk,gov.uk,Could not resolve host: www.csg1.wakefield.gov.uk,none
www.csg2.wakefield.gov.uk,gov.uk,Could not resolve host: www.csg2.wakefield.gov.uk,none
www.cyngor2.gwynedd.gov.uk,gov.uk,Could not resolve host: www.cyngor2.gwynedd.gov.uk,none
www.da.basingstoke.gov.uk,gov.uk,Could not resolve host: www.da.basingstoke.gov.uk,none
www.data.education.gov.uk,gov.uk,Could not resolve host: www.data.education.gov.uk,none
www.data.gov.uk,gov.uk,200,none
www.datacollection.dcsf.gov.uk,gov.uk,Could not resolve host: www.datacollection.dcsf.gov.uk,none
www.datauat.education.gov.uk,gov.uk,Could not resolve host: www.datauat.education.gov.uk,none
www.defraconnect.defra.gov.uk,gov.uk,Could not resolve host: www.defraconnect.defra.gov.uk,none
www.derby.gov.uk,gov.uk,200,none
www.derbys-fire.gov.uk,gov.uk,Could not resolve host: www.derbys-fire.gov.uk,none
www.devon.gov.uk,gov.uk,Could not resolve host: www.devon.gov.uk,none
www.devonjobs.gov.uk,gov.uk,Could not resolve host: www.devonjobs.gov.uk,none
www.devonline.gov.uk,gov.uk,Could not resolve host: www.devonline.gov.uk,none
www.devontenders.gov.uk,gov.uk,Could not resolve host: www.devontenders.gov.uk,none
www.dfid.gov.uk,gov.uk,SSL: no alternative certificate subject name matches target hostname 'www.dfid.gov.uk',none
www.dft.gov.uk,gov.uk,Could not resolve host: www.dft.gov.uk,none
www.digitv.gov.uk,gov.uk,Could not resolve host: www.digitv.gov.uk,none
www.direct.companieshouse.gov.uk,gov.uk,Could not resolve host: www.direct.companieshouse.gov.uk,none
www.doncaster.gov.uk,gov.uk,403,none
www.dover.gov.uk,gov.uk,301,none
www.dro.insolvencydirect.gov.uk,gov.uk,Could not resolve host: www.dro.insolvencydirect.gov.uk,none
www.dsfire.gov.uk,gov.uk,200,none
www.dstl.gov.uk,gov.uk,SSL: no alternative certificate subject name matches target hostname 'www.dstl.gov.uk',none
www.dudley.gov.uk,gov.uk,302,none
www.durhamcity.gov.uk,gov.uk,Could not resolve host: www.durhamcity.gov.uk,none
www.dvla.gov.uk,gov.uk,Could not resolve host: www.dvla.gov.uk,none
www.dvtaonlineni.gov.uk,gov.uk,Could not resolve host: www.dvtaonlineni.gov.uk,none
www.dwpe-services.direct.gov.uk,gov.uk,301,none
www.e-chorley.gov.uk,gov.uk,Could not resolve host: www.e-chorley.gov.uk,none
www.e-services.manchester.gov.uk,gov.uk,Could not resolve host: www.e-services.manchester.gov.uk,none
www.east-ayrshire.gov.uk,gov.uk,301,none
www.east-northamptonshire.gov.uk,gov.uk,301,none
www.eastlothian.gov.uk,gov.uk,200,none
www.eastrenfrewshire.gov.uk,gov.uk,403,none
www.eastriding.gov.uk,gov.uk,200,none
www.eastsussex.gov.uk,gov.uk,200,none
www.easylink.westsomerset.gov.uk,gov.uk,Could not resolve host: www.easylink.westsomerset.gov.uk,none
www.ebilling.companieshouse.gov.uk,gov.uk,Could not resolve host: www.ebilling.companieshouse.gov.uk,none
www.ebookings.bedford.gov.uk,gov.uk,Could not resolve host: www.ebookings.bedford.gov.uk,none
www.ebr.companieshouse.gov.uk,gov.uk,Could not resolve host: www.ebr.companieshouse.gov.uk,none
www.eca.gov.uk,gov.uk,Could not resolve host: www.eca.gov.uk,none
www.ecaf.slough.gov.uk,gov.uk,Could not resolve host: www.ecaf.slough.gov.uk,none
www.ecommunities.dft.gov.uk,gov.uk,Could not resolve host: www.ecommunities.dft.gov.uk,none
www.eden.gov.uk,gov.uk,200,none
www.edinburgh.gov.uk,gov.uk,Could not resolve host: www.edinburgh.gov.uk,none
www.edubase.gov.uk,gov.uk,Could not resolve host: www.edubase.gov.uk,none
www.education.hants.gov.uk,gov.uk,Connection timed out after 3002 milliseconds,none
www.edulidp01.hants.gov.uk,gov.uk,Could not resolve host: www.edulidp01.hants.gov.uk,none
www.eduweb.northamptonshire.gov.uk,gov.uk,Could not resolve host: www.eduweb.northamptonshire.gov.uk,none
www.eficts.norfolk.gov.uk,gov.uk,403,none
www.eforms.rbkc.gov.uk,gov.uk,Failed to connect to www.eforms.rbkc.gov.uk port 443 after 30 ms: Could not connect to server,none
www.eforms.teignbridge.gov.uk,gov.uk,Could not resolve host: www.eforms.teignbridge.gov.uk,none
www.eldc.gov.uk,gov.uk,TLS connect error: error:0A000458:SSL routines::tlsv1 unrecognized name,none
www.elearning.metoffice.gov.uk,gov.uk,Could not resolve host: www.elearning.metoffice.gov.uk,none
www.elmbridge.gov.uk,gov.uk,403,none
www.email.ipswich.gov.uk,gov.uk,Could not resolve host: www.email.ipswich.gov.uk,none
www.emasys.dfes.gov.uk,gov.uk,Resolving timed out after 3000 milliseconds,none
www.emcouncils.gov.uk,gov.uk,200,none
www.ems.rutland.gov.uk,gov.uk,Could not resolve host: www.ems.rutland.gov.uk,none
www.enfield.gov.uk,gov.uk,Could not resolve host: www.enfield.gov.uk,none
www.environment-agency.gov.uk,gov.uk,301,none
www.epay.forest-heath.gov.uk,gov.uk,Could not resolve host: www.epay.forest-heath.gov.uk,none
www.epay.lbhf.gov.uk,gov.uk,Could not resolve host: www.epay.lbhf.gov.uk,none
www.epay1.forest-heath.gov.uk,gov.uk,Could not resolve host: www.epay1.forest-heath.gov.uk,none
www.epayments.conwy.gov.uk,gov.uk,Could not resolve host: www.epayments.conwy.gov.uk,none
www.epayments.ipswich.gov.uk,gov.uk,Could not resolve host: www.epayments.ipswich.gov.uk,none
www.epayments.leics.gov.uk,gov.uk,Could not resolve host: www.epayments.leics.gov.uk,none
www.epayments.liverpool.gov.uk,gov.uk,SSL: no alternative certificate subject name matches target hostname 'www.epayments.liverpool.gov.uk',none
www.epayments.mendip.gov.uk,gov.uk,Could not resolve host: www.epayments.mendip.gov.uk,none
www.epayments.rushcliffe.gov.uk,gov.uk,Could not resolve host: www.epayments.rushcliffe.gov.uk,none
www.epims.ogc.gov.uk,gov.uk,Could not resolve host: www.epims.ogc.gov.uk,none
www.epsom-ewell.gov.uk,gov.uk,200,none
www.erecruitment.manchester.gov.uk,gov.uk,Could not resolve host: www.erecruitment.manchester.gov.uk,none
www.ers.north-ayrshire.gov.uk,gov.uk,Could not resolve host: www.ers.north-ayrshire.gov.uk,none
www.esales.eforestry.gov.uk,gov.uk,Connection timed out after 3002 milliseconds,none
www.escience.defra.gov.uk,gov.uk,Could not resolve host: www.escience.defra.gov.uk,none
www.eserv.rushcliffe.gov.uk,gov.uk,Could not resolve host: www.eserv.rushcliffe.gov.uk,none
www.eservices.ros.gov.uk,gov.uk,Could not resolve host: www.eservices.ros.gov.uk,none
www.eservices.ruralni.gov.uk,gov.uk,Could not resolve host: www.eservices.ruralni.gov.uk,none
www.eservices.train.ros.gov.uk,gov.uk,Could not resolve host: www.eservices.train.ros.gov.uk,none
www.esinet.norfolk.gov.uk,gov.uk,200,none
www.essex.gov.uk,gov.uk,200,none
www.estart.manchester.gov.uk,gov.uk,Could not resolve host: www.estart.manchester.gov.uk,none
www.eunet.kent.gov.uk,gov.uk,Could not resolve host: www.eunet.kent.gov.uk,none
www.eurosys.scotland.gov.uk,gov.uk,Connection timed out after 3002 milliseconds,none
www.events.business.wales.gov.uk,gov.uk,Could not resolve host: www.events.business.wales.gov.uk,none
www.events.businesslink.gov.uk,gov.uk,SSL: no alternative certificate subject name matches target hostname 'www.events.businesslink.gov.uk',none
www.ewf.companieshouse.gov.uk,gov.uk,Could not resolve host: www.ewf.companieshouse.gov.uk,none
www.exchange.gov.uk,gov.uk,Connection timed out after 3002 milliseconds,none
www.exchange.nalc.gov.uk,gov.uk,Could not resolve host: www.exchange.nalc.gov.uk,none
www.exportcontroldb.berr.gov.uk,gov.uk,Connection timed out after 3002 milliseconds,none
www.exportcontroldb.bis.gov.uk,gov.uk,Failed to connect to www.exportcontroldb.bis.gov.uk port 443 after 128 ms: Could not connect to server,none
www.external.torfaen.gov.uk,gov.uk,Could not resolve host: www.external.torfaen.gov.uk,none
www.extranet.gloucestershire.gov.uk,gov.uk,Could not resolve host: www.extranet.gloucestershire.gov.uk,none
www.falkirk.gov.uk,gov.uk,Could not resolve host: www.falkirk.gov.uk,none
www.fareham.gov.uk,gov.uk,Could not resolve host: www.fareham.gov.uk,none
www.fconet.fco.gov.uk,gov.uk,Connection timed out after 3002 milliseconds,none
www.fdean.gov.uk,gov.uk,200,none
www.fedge10.salford.gov.uk,gov.uk,SSL: no alternative certificate subject name matches target hostname 'www.fedge10.salford.gov.uk',none
www.feedback.lewisham.gov.uk,gov.uk,Could not resolve host: www.feedback.lewisham.gov.uk,none
www.fieldservices-scotland.gov.uk,gov.uk,Could not resolve host: www.fieldservices-scotland.gov.uk,none
www.fnp.dh.gov.uk,gov.uk,Could not resolve host: www.fnp.dh.gov.uk,none
www.forestofdean.gov.uk,gov.uk,Could not resolve host: www.forestofdean.gov.uk,none
www.forms.bedford.gov.uk,gov.uk,SSL: no alternative certificate subject name matches target hostname 'www.forms.bedford.gov.uk',none
www.forms.ofsted.gov.uk,gov.uk,Could not resolve host: www.forms.ofsted.gov.uk,none
www.forms.portsmouth.gov.uk,gov.uk,Could not resolve host: www.forms.portsmouth.gov.uk,none
www.forms.preston.gov.uk,gov.uk,Could not resolve host: www.forms.preston.gov.uk,none
www.forms.sheffield.gov.uk,gov.uk,Could not resolve host: www.forms.sheffield.gov.uk,none
www.forms.south-norfolk.gov.uk,gov.uk,Could not resolve host: www.forms.south-norfolk.gov.uk,none
www.forms2.portsmouth.gov.uk,gov.uk,Could not resolve host: www.forms2.portsmouth.gov.uk,none
www.fs.swansea-edunet.gov.uk,gov.uk,Could not resolve host: www.fs.swansea-edunet.gov.uk,none
www.fsa.gov.uk,gov.uk,Could not resolve host: www.fsa.gov.uk,none
www.fsavets.mhs.gov.uk,gov.uk,Could not resolve host: www.fsavets.mhs.gov.uk,none
www.fsm.education.gov.uk,gov.uk,Could not resolve host: www.fsm.education.gov.uk,none
www.fsm2.education.gov.uk,gov.uk,Could not resolve host: www.fsm2.education.gov.uk,none
www.fylde.gov.uk,gov.uk,301,none
www.gad.gov.uk,gov.uk,SSL: no alternative certificate subject name matches target hostname 'www.gad.gov.uk',none
www.gateshead.gov.uk,gov.uk,Could not resolve host: www.gateshead.gov.uk,none
www.gateway.adur-worthing.gov.uk,gov.uk,Could not resolve host: www.gateway.adur-worthing.gov.uk,none
www.gateway.adur.gov.uk,gov.uk,Could not resolve host: www.gateway.adur.gov.uk,none
www.gateway.conwy.gov.uk,gov.uk,Could not resolve host: www.gateway.conwy.gov.uk,none
www.gateway.ingatestone-fryerningpc.gov.uk,gov.uk,Could not resolve host: www.gateway.ingatestone-fryerningpc.gov.uk,none
www.gateway.mhs.gov.uk,gov.uk,Could not resolve host: www.gateway.mhs.gov.uk,none
www.gateway.rushcliffe.gov.uk,gov.uk,Could not resolve host: www.gateway.rushcliffe.gov.uk,none
www.gizmo.eastcambs.gov.uk,gov.uk,Could not resolve host: www.gizmo.eastcambs.gov.uk,none
www.gla.gov.uk,gov.uk,301,none
www.gloucester.gov.uk,gov.uk,200,none
www.gloucestershire.gov.uk,gov.uk,200,none
www.gosport.gov.uk,gov.uk,200,none
www.gov.uk,gov.uk,200,none
www.gravesham.gov.uk,gov.uk,200,none
www.gro.gov.uk,gov.uk,SSL certificate problem: unable to get local issuer certificate,none
www.groni.gov.uk,gov.uk,Could not resolve host: www.groni.gov.uk,none
www.guildford.gov.uk,gov.uk,200,none
www.hackney.gov.uk,gov.uk,200,none
www.halton.gov.uk,gov.uk,302,none
www.handson.hse.gov.uk,gov.uk,Could not resolve host: www.handson.hse.gov.uk,none
www.harborough.gov.uk,gov.uk,Could not resolve host: www.harborough.gov.uk,none
www.harpenden.gov.uk,gov.uk,200,none
www.harrogate.gov.uk,gov.uk,301,none
www.harrow.gov.uk,gov.uk,Could not resolve host: www.harrow.gov.uk,none
www.hastings.gov.uk,gov.uk,200,none
www.havering.gov.uk,gov.uk,200,none
www.hcsspauth.hants.gov.uk,gov.uk,Could not resolve host: www.hcsspauth.hants.gov.uk,none
www.healthierfoodmark.dh.gov.uk,gov.uk,Could not resolve host: www.healthierfoodmark.dh.gov.uk,none
www.highways.gov.uk,gov.uk,Could not resolve host: www.highways.gov.uk,none
www.hillingdon.gov.uk,gov.uk,302,none
www.hinckley-bosworth.gov.uk,gov.uk,Could not resolve host: www.hinckley-bosworth.gov.uk,none
www.historic-scotland.gov.uk,gov.uk,Could not resolve host: www.historic-scotland.gov.uk,none
www.hmce.gov.uk,gov.uk,301,none
www.hmcourts-service.gov.uk,gov.uk,Could not resolve host: www.hmcourts-service.gov.uk,none
www.hmic.gov.uk,gov.uk,Could not resolve host: www.hmic.gov.uk,none
www.homecareorders.rbkc.gov.uk,gov.uk,Could not resolve host: www.homecareorders.rbkc.gov.uk,none
www.homeofficesurveys.homeoffice.gov.uk,gov.uk,403,none
www.host.staffordbc.gov.uk,gov.uk,Could not resolve host: www.host.staffordbc.gov.uk,none
www.hosting.secouncils.gov.uk,gov.uk,Could not resolve host: www.hosting.secouncils.gov.uk,none
www.hs-training.metoffice.gov.uk,gov.uk,Could not resolve host: www.hs-training.metoffice.gov.uk,none
www.hse.gov.uk,gov.uk,200,none
www.hub.info4local.gov.uk,gov.uk,Could not resolve host: www.hub.info4local.gov.uk,none
www.hubedit.statistics.gov.uk,gov.uk,Connection timed out after 3002 milliseconds,none
www.hubpreview.statistics.gov.uk,gov.uk,Connection timed out after 3002 milliseconds,none
www.ico.gov.uk,gov.uk,Could not resolve host: www.ico.gov.uk,none
www.iconweb.cravendc.gov.uk,gov.uk,Could not resolve host: www.iconweb.cravendc.gov.uk,none
www.ictcareers.justice.gov.uk,gov.uk,Connection timed out after 3002 milliseconds,none
www.identity.ukti.gov.uk,gov.uk,Could not resolve host: www.identity.ukti.gov.uk,none
www.identity.uktradeinvest.gov.uk,gov.uk,Connection timed out after 3002 milliseconds,none
www.identitycards.gov.uk,gov.uk,Could not resolve host: www.identitycards.gov.uk,none
www.idp.nottscc.gov.uk,gov.uk,Could not resolve host: www.idp.nottscc.gov.uk,none
www.ilatest.saas.gov.uk,gov.uk,Could not resolve host: www.ilatest.saas.gov.uk,none
www.immformreportserveruat.dh.gov.uk,gov.uk,Could not resolve host: www.immformreportserveruat.dh.gov.uk,none
www.immformstst.dh.gov.uk,gov.uk,Could not resolve host: www.immformstst.dh.gov.uk,none
www.immformuat.dh.gov.uk,gov.uk,Could not resolve host: www.immformuat.dh.gov.uk,none
www.innovationlaunchpad.cabinetoffice.gov.uk,gov.uk,Connection timed out after 3002 milliseconds,none
www.insite.northdevon.gov.uk,gov.uk,Could not resolve host: www.insite.northdevon.gov.uk,none
www.insolvency.gov.uk,gov.uk,Could not resolve host: www.insolvency.gov.uk,none
www.insolvencydirect.gov.uk,gov.uk,Could not resolve host: www.insolvencydirect.gov.uk,none
www.international.kent.gov.uk,gov.uk,Connection timed out after 3001 milliseconds,none
www.intra.staffordshire.gov.uk,gov.uk,Could not resolve host: www.intra.staffordshire.gov.uk,none
www.intranet.nottscc.gov.uk,gov.uk,Could not resolve host: www.intranet.nottscc.gov.uk,none
www.intranet.shetland.gov.uk,gov.uk,Could not resolve host: www.intranet.shetland.gov.uk,none
www.intranet2.shetland.gov.uk,gov.uk,Could not resolve host: www.intranet2.shetland.gov.uk,none
www.inverclyde.gov.uk,gov.uk,Could not resolve host: www.inverclyde.gov.uk,none
www.ipo.gov.uk,gov.uk,403,none
www.ips.gov.uk,gov.uk,Could not resolve host: www.ips.gov.uk,none
www.ipswich.gov.uk,gov.uk,200,none
www.ir-online.gov.uk,gov.uk,SSL: no alternative certificate subject name matches target hostname 'www.ir-online.gov.uk',none
www.iragentreg.gov.uk,gov.uk,TLS connect error: error:0A000438:SSL routines::tlsv1 alert internal error,none
www.irs.fire.gov.uk,gov.uk,Could not resolve host: www.irs.fire.gov.uk,none
www.irxm.monitor-nhsft.gov.uk,gov.uk,Could not resolve host: www.irxm.monitor-nhsft.gov.uk,none
www.islington.gov.uk,gov.uk,200,none
www.jaas.judicialappointments.gov.uk,gov.uk,Could not resolve host: www.jaas.judicialappointments.gov.uk,none
www.jobs-test.peterborough.gov.uk,gov.uk,Could not resolve host: www.jobs-test.peterborough.gov.uk,none
www.jobs-train.peterborough.gov.uk,gov.uk,Could not resolve host: www.jobs-train.peterborough.gov.uk,none
www.jobs.belfastcity.gov.uk,gov.uk,Could not resolve host: www.jobs.belfastcity.gov.uk,none
www.jobs.brighton-hove.gov.uk,gov.uk,SSL: no alternative certificate subject name matches target hostname 'www.jobs.brighton-hove.gov.uk',none
www.jobs.enfield.gov.uk,gov.uk,Could not resolve host: www.jobs.enfield.gov.uk,none
www.jobs.lbhf.gov.uk,gov.uk,Could not resolve host: www.jobs.lbhf.gov.uk,none
www.jobs.peterborough.gov.uk,gov.uk,Could not resolve host: www.jobs.peterborough.gov.uk,none
www.jobs.rbkc.gov.uk,gov.uk,Connection timed out after 3001 milliseconds,none
www.jobs.south-norfolk.gov.uk,gov.uk,Could not resolve host: www.jobs.south-norfolk.gov.uk,none
www.justice.gov.uk,gov.uk,200,0 .
www.kentparishes.gov.uk,gov.uk,Could not resolve host: www.kentparishes.gov.uk,none
www.kerrier.gov.uk,gov.uk,Could not resolve host: www.kerrier.gov.uk,none
www.keytosuccess.dcsf.gov.uk,gov.uk,Could not resolve host: www.keytosuccess.dcsf.gov.uk,none
www.keytosuccess.education.gov.uk,gov.uk,Could not resolve host: www.keytosuccess.education.gov.uk,none
www.kingston.gov.uk,gov.uk,200,none
www.knowsley.gov.uk,gov.uk,200,none
www.lancaster.gov.uk,gov.uk,Connection timed out after 3002 milliseconds,none
www.landcharges.teignbridge.gov.uk,gov.uk,Could not resolve host: www.landcharges.teignbridge.gov.uk,none
www.landlordregistrationscotland.gov.uk,gov.uk,301,none
www.landregistry.gov.uk,gov.uk,SSL: no alternative certificate subject name matches target hostname 'www.landregistry.gov.uk',none
www.las.portsmouth.gov.uk,gov.uk,Connection timed out after 3001 milliseconds,none
www.lbhf.gov.uk,gov.uk,404,none
www.lbmns.merton.gov.uk,gov.uk,Could not resolve host: www.lbmns.merton.gov.uk,none
www.lcc-euq1.lincolnshire.gov.uk,gov.uk,Could not resolve host: www.lcc-euq1.lincolnshire.gov.uk,none
www.lccpoc.leics.gov.uk,gov.uk,Could not resolve host: www.lccpoc.leics.gov.uk,none
www.lea.manchester.gov.uk,gov.uk,Connection timed out after 3002 milliseconds,none
www.leicestershire.gov.uk,gov.uk,403,none
www.leics.gov.uk,gov.uk,Could not resolve host: www.leics.gov.uk,none
www.leisure.kennet.gov.uk,gov.uk,Could not resolve host: www.leisure.kennet.gov.uk,none
www.leisurebooking.newcastle-staffs.gov.uk,gov.uk,Could not resolve host: www.leisurebooking.newcastle-staffs.gov.uk,none
www.leisurebookings.bedford.gov.uk,gov.uk,Connection timed out after 3002 milliseconds,none
www.leisurebookings.birmingham.gov.uk,gov.uk,Could not resolve host: www.leisurebookings.birmingham.gov.uk,none
www.lhc.gov.uk,gov.uk,SSL: no alternative certificate subject name matches target hostname 'www.lhc.gov.uk',none
www.libcat.oxfordshire.gov.uk,gov.uk,301,none
www.licensing.manchester.gov.uk,gov.uk,Could not resolve host: www.licensing.manchester.gov.uk,none
www.licensing.newcastle-staffs.gov.uk,gov.uk,Could not resolve host: www.licensing.newcastle-staffs.gov.uk,none
www.licensing.ribblevalley.gov.uk,gov.uk,Could not resolve host: www.licensing.ribblevalley.gov.uk,none
www.licensing.rushcliffe.gov.uk,gov.uk,Could not resolve host: www.licensing.rushcliffe.gov.uk,none
www.licensing.southribble.gov.uk,gov.uk,Could not resolve host: www.licensing.southribble.gov.uk,none
www.lichfielddc.gov.uk,gov.uk,200,none
www.lincoln.gov.uk,gov.uk,200,none
www.linets.gov.uk,gov.uk,Could not resolve host: www.linets.gov.uk,none
www.lms.consumerdirect.gov.uk,gov.uk,Could not resolve host: www.lms.consumerdirect.gov.uk,none
www.locate.fco.gov.uk,gov.uk,Could not resolve host: www.locate.fco.gov.uk,none
www.login.metoffice.gov.uk,gov.uk,Could not resolve host: www.login.metoffice.gov.uk,none
www.login.s-norfolk.gov.uk,gov.uk,Could not resolve host: www.login.s-norfolk.gov.uk,none
www.login.ukti.gov.uk,gov.uk,Could not resolve host: www.login.ukti.gov.uk,none
www.logon.metoffice.gov.uk,gov.uk,Could not resolve host: www.logon.metoffice.gov.uk,none
www.logonpre.metoffice.gov.uk,gov.uk,Could not resolve host: www.logonpre.metoffice.gov.uk,none
www.london.gov.uk,gov.uk,200,none
www.londoncareplacements.gov.uk,gov.uk,Could not resolve host: www.londoncareplacements.gov.uk,none
www.londonlibraries.gov.uk,gov.uk,Could not resolve host: www.londonlibraries.gov.uk,none
www.lrni.gov.uk,gov.uk,Could not resolve host: www.lrni.gov.uk,none
www.lsc.gov.uk,gov.uk,Could not resolve host: www.lsc.gov.uk,none
www.lynx2.lbhf.gov.uk,gov.uk,Could not resolve host: www.lynx2.lbhf.gov.uk,none
www.mail.beacons-npa.gov.uk,gov.uk,Connection timed out after 3002 milliseconds,none
www.mail.bicester.gov.uk,gov.uk,SSL: no alternative certificate subject name matches target hostname 'www.mail.bicester.gov.uk',none
www.mail.chippenham.gov.uk,gov.uk,SSL: no alternative certificate subject name matches target hostname 'www.mail.chippenham.gov.uk',none
www.mail.firescotland.gov.uk,gov.uk,Could not resolve host: www.mail.firescotland.gov.uk,none
www.mail.gloucestershire.gov.uk,gov.uk,Could not resolve host: www.mail.gloucestershire.gov.uk,none
www.mail.lichfielddc.gov.uk,gov.uk,Could not resolve host: www.mail.lichfielddc.gov.uk,none
www.mail.mhs.gov.uk,gov.uk,Could not resolve host: www.mail.mhs.gov.uk,none
www.mail.nottscc.gov.uk,gov.uk,Could not resolve host: www.mail.nottscc.gov.uk,none
www.mail.ofgem.gov.uk,gov.uk,Connection timed out after 3002 milliseconds,none
www.mail.ofsted.gov.uk,gov.uk,Could not resolve host: www.mail.ofsted.gov.uk,none
www.mail.schools.nottscc.gov.uk,gov.uk,Could not resolve host: www.mail.schools.nottscc.gov.uk,none
www.mail.secouncils.gov.uk,gov.uk,Could not resolve host: www.mail.secouncils.gov.uk,none
www.mail.warrington.gov.uk,gov.uk,Could not resolve host: www.mail.warrington.gov.uk,none
www.mailgate.chelmsfordbc.gov.uk,gov.uk,Could not resolve host: www.mailgate.chelmsfordbc.gov.uk,none
www.mailgate.sevenoakstown.gov.uk,gov.uk,Could not resolve host: www.mailgate.sevenoakstown.gov.uk,none
www.mailserv.trafficpenaltytribunal.gov.uk,gov.uk,Could not resolve host: www.mailserv.trafficpenaltytribunal.gov.uk,none
www.mansfield.gov.uk,gov.uk,Could not resolve host: www.mansfield.gov.uk,none
www.mediastore.portsmouth.gov.uk,gov.uk,Connection timed out after 3002 milliseconds,none
www.medway.gov.uk,gov.uk,200,none
www.melton.gov.uk,gov.uk,200,none
www.members.newcastle-staffs.gov.uk,gov.uk,Could not resolve host: www.members.newcastle-staffs.gov.uk,none
www.members.surreyheath-online.gov.uk,gov.uk,Could not resolve host: www.members.surreyheath-online.gov.uk,none
www.membersportal.basingstoke.gov.uk,gov.uk,Could not resolve host: www.membersportal.basingstoke.gov.uk,none
www.merton.gov.uk,gov.uk,200,none
www.mesals.bromley.gov.uk,gov.uk,Could not resolve host: www.mesals.bromley.gov.uk,none
www.mhtscotland.gov.uk,gov.uk,Could not resolve host: www.mhtscotland.gov.uk,none
www.mi5.gov.uk,gov.uk,403,none
www.mi5careers.gov.uk,gov.uk,Could not resolve host: www.mi5careers.gov.uk,none
www.midlothian.gov.uk,gov.uk,200,none
www.milton-keynes.gov.uk,gov.uk,200,none
www.mksmartconnect.milton-keynes.gov.uk,gov.uk,Could not resolve host: www.mksmartconnect.milton-keynes.gov.uk,none
www.mobile.lgiu.gov.uk,gov.uk,Could not resolve host: www.mobile.lgiu.gov.uk,none
www.mobile.southribble.gov.uk,gov.uk,Could not resolve host: www.mobile.southribble.gov.uk,none
www.mobile.swale.gov.uk,gov.uk,Could not resolve host: www.mobile.swale.gov.uk,none
www.mobile.trafford.gov.uk,gov.uk,Could not resolve host: www.mobile.trafford.gov.uk,none
www.moderngov.newcastle-staffs.gov.uk,gov.uk,Could not resolve host: www.moderngov.newcastle-staffs.gov.uk,none
www.moneyclaim.gov.uk,gov.uk,301,none
www.myaccounts.scambs.gov.uk,gov.uk,Could not resolve host: www.myaccounts.scambs.gov.uk,none
www.myaccounts.towerhamlets.gov.uk,gov.uk,Connection timed out after 3002 milliseconds,none
www.mymail.torridge.gov.uk,gov.uk,Could not resolve host: www.mymail.torridge.gov.uk,none
www.n-kesteven.gov.uk,gov.uk,200,none
www.n-somerset.gov.uk,gov.uk,Could not resolve host: www.n-somerset.gov.uk,none
www.nationalarchives.gov.uk,gov.uk,Could not resolve host: www.nationalarchives.gov.uk,none
www.nationalparks.gov.uk,gov.uk,Could not resolve host: www.nationalparks.gov.uk,none
www.ncdc.gov.uk,gov.uk,Could not resolve host: www.ncdc.gov.uk,none
www.ncis.gov.uk,gov.uk,Could not resolve host: www.ncis.gov.uk,none
www.nda.gov.uk,gov.uk,SSL: no alternative certificate subject name matches target hostname 'www.nda.gov.uk',none
www.nelincs.gov.uk,gov.uk,200,none
www.neuadddewisant.caerdydd.gov.uk,gov.uk,Connection timed out after 3002 milliseconds,none
www.newcastle-staffs.gov.uk,gov.uk,200,none
www.newcastle.gov.uk,gov.uk,307,none
www.newforest.gov.uk,gov.uk,403,none
www.news.warwickshire.gov.uk,gov.uk,Could not resolve host: www.news.warwickshire.gov.uk,none
www.newsroom.uktradeinvest.gov.uk,gov.uk,SSL: no alternative certificate subject name matches target hostname 'www.newsroom.uktradeinvest.gov.uk',none
www.newtheatre.caerdydd.gov.uk,gov.uk,Could not resolve host: www.newtheatre.caerdydd.gov.uk,none
www.newtheatre.cardiff.gov.uk,gov.uk,Could not resolve host: www.newtheatre.cardiff.gov.uk,none
www.nfi.gov.uk,gov.uk,200,none
www.nfuse.stoke.gov.uk,gov.uk,Could not resolve host: www.nfuse.stoke.gov.uk,none
www.nhsaccea.dh.gov.uk,gov.uk,Connection timed out after 3002 milliseconds,none
www.nhspa.gov.uk,gov.uk,Could not resolve host: www.nhspa.gov.uk,none
www.nicsrecruitment.gov.uk,gov.uk,Could not resolve host: www.nicsrecruitment.gov.uk,none
www.nio.gov.uk,gov.uk,SSL: no alternative certificate subject name matches target hostname 'www.nio.gov.uk',none
www.nisranet.gov.uk,gov.uk,Could not resolve host: www.nisranet.gov.uk,none
www.north-herts.gov.uk,gov.uk,Could not resolve host: www.north-herts.gov.uk,none
www.northamptonshire.gov.uk,gov.uk,200,none
www.northdown.gov.uk,gov.uk,Could not resolve host: www.northdown.gov.uk,none
www.northlanarkshire.gov.uk,gov.uk,200,none
www.northtyneside.gov.uk,gov.uk,200,none
www.northyorksfire.gov.uk,gov.uk,200,none
www.nottinghamshire.gov.uk,gov.uk,200,none
www.nuneatonandbedworth.gov.uk,gov.uk,200,none
www.nwhoit.gwynedd.gov.uk,gov.uk,Could not resolve host: www.nwhoit.gwynedd.gov.uk,none
www.nwtra.gwynedd.gov.uk,gov.uk,Could not resolve host: www.nwtra.gwynedd.gov.uk,none
www.ocs.conwy.gov.uk,gov.uk,Could not resolve host: www.ocs.conwy.gov.uk,none
www.ocsweb.ofsted.gov.uk,gov.uk,Could not resolve host: www.ocsweb.ofsted.gov.uk,none
www.ofsted.gov.uk,gov.uk,SSL: no alternative certificate subject name matches target hostname 'www.ofsted.gov.uk',none
www.ofwat.gov.uk,gov.uk,403,none
www.og.berr.gov.uk,gov.uk,Connection timed out after 3002 milliseconds,none
www.og.decc.gov.uk,gov.uk,Connection timed out after 3002 milliseconds,none
www.ola.kent.gov.uk,gov.uk,Could not resolve host: www.ola.kent.gov.uk,none
www.oma.lichfielddc.gov.uk,gov.uk,Could not resolve host: www.oma.lichfielddc.gov.uk,none
www.onetoonetuitiondata.dcsf.gov.uk,gov.uk,Could not resolve host: www.onetoonetuitiondata.dcsf.gov.uk,none
www.onetoonetuitiondata.education.gov.uk,gov.uk,SSL: no alternative certificate subject name matches target hostname 'www.onetoonetuitiondata.education.gov.uk',none
www.online.contractsfinder.businesslink.gov.uk,gov.uk,Could not resolve host: www.online.contractsfinder.businesslink.gov.uk,none
www.onlineservices.milton-keynes.gov.uk,gov.uk,Could not resolve host: www.onlineservices.milton-keynes.gov.uk,none
www.opsi.gov.uk,gov.uk,301,none
www.orderline.dh.gov.uk,gov.uk,Could not resolve host: www.orderline.dh.gov.uk,none
www.outlook.adur-worthing.gov.uk,gov.uk,Could not resolve host: www.outlook.adur-worthing.gov.uk,none
www.outlook.adur.gov.uk,gov.uk,Could not resolve host: www.outlook.adur.gov.uk,none
www.owa.carlisle.gov.uk,gov.uk,Could not resolve host: www.owa.carlisle.gov.uk,none
www.owa.ceop.gov.uk,gov.uk,Could not resolve host: www.owa.ceop.gov.uk,none
www.owa.colerainebc.gov.uk,gov.uk,Could not resolve host: www.owa.colerainebc.gov.uk,none
www.owa.hants.gov.uk,gov.uk,Could not resolve host: www.owa.hants.gov.uk,none
www.owa.linets.gov.uk,gov.uk,Could not resolve host: www.owa.linets.gov.uk,none
www.owa.milton-keynes.gov.uk,gov.uk,Could not resolve host: www.owa.milton-keynes.gov.uk,none
www.owa.newham.gov.uk,gov.uk,Could not resolve host: www.owa.newham.gov.uk,none
www.owa.newtownabbey.gov.uk,gov.uk,Could not resolve host: www.owa.newtownabbey.gov.uk,none
www.owa.staffordbc.gov.uk,gov.uk,Could not resolve host: www.owa.staffordbc.gov.uk,none
www.owa.teignbridge.gov.uk,gov.uk,Could not resolve host: www.owa.teignbridge.gov.uk,none
www.owa.westdevon.gov.uk,gov.uk,Could not resolve host: www.owa.westdevon.gov.uk,none
www.oxfordshire.gov.uk,gov.uk,200,dig error
www.palbase.torfaen.gov.uk,gov.uk,Could not resolve host: www.palbase.torfaen.gov.uk,none
www.parking-appeals.gov.uk,gov.uk,Could not resolve host: www.parking-appeals.gov.uk,none
www.parking.northdevon.gov.uk,gov.uk,Could not resolve host: www.parking.northdevon.gov.uk,none
www.parking.stockton.gov.uk,gov.uk,Could not resolve host: www.parking.stockton.gov.uk,none
www.partners.knowsley.gov.uk,gov.uk,Could not resolve host: www.partners.knowsley.gov.uk,none
www.partners.mhs.gov.uk,gov.uk,Could not resolve host: www.partners.mhs.gov.uk,none
www.passport-application.gov.uk,gov.uk,Could not resolve host: www.passport-application.gov.uk,none
www.payment.secure.haringey.gov.uk,gov.uk,Connection timed out after 3002 milliseconds,none
www.payments.bolton.gov.uk,gov.uk,Could not resolve host: www.payments.bolton.gov.uk,none
www.payments.merthyr.gov.uk,gov.uk,Could not resolve host: www.payments.merthyr.gov.uk,none
www.payments.north-ayrshire.gov.uk,gov.uk,Connection timed out after 3002 milliseconds,none
www.payments.northdevon.gov.uk,gov.uk,Could not resolve host: www.payments.northdevon.gov.uk,none
www.payments.stoke.gov.uk,gov.uk,Could not resolve host: www.payments.stoke.gov.uk,none
www.payments.wyrebc.gov.uk,gov.uk,Could not resolve host: www.payments.wyrebc.gov.uk,none
www.penaltynotice.direct.gov.uk,gov.uk,Could not resolve host: www.penaltynotice.direct.gov.uk,none
www.pendle.gov.uk,gov.uk,200,none
www.pensions.rbkc.gov.uk,gov.uk,SSL certificate problem: self-signed certificate,none
www.peterborough.gov.uk,gov.uk,200,none
www.pharmacopoeia.gov.uk,gov.uk,Could not resolve host: www.pharmacopoeia.gov.uk,none
www.phoenix.darlington.gov.uk,gov.uk,Could not resolve host: www.phoenix.darlington.gov.uk,none
www.planningni.gov.uk,gov.uk,Connection timed out after 3002 milliseconds,none
www.planningtogether.torfaen.gov.uk,gov.uk,Could not resolve host: www.planningtogether.torfaen.gov.uk,none
www.plugincargrant.dft.gov.uk,gov.uk,Could not resolve host: www.plugincargrant.dft.gov.uk,none
www.pnp.ogcbuyingsolutions.gov.uk,gov.uk,Could not resolve host: www.pnp.ogcbuyingsolutions.gov.uk,none
www.points.homeoffice.gov.uk,gov.uk,404,none
www.portal.armagh.gov.uk,gov.uk,Could not resolve host: www.portal.armagh.gov.uk,none
www.portal.east-ayrshire.gov.uk,gov.uk,Could not resolve host: www.portal.east-ayrshire.gov.uk,none
www.portal.kent.gov.uk,gov.uk,Could not resolve host: www.portal.kent.gov.uk,none
www.portal.limavady.gov.uk,gov.uk,Could not resolve host: www.portal.limavady.gov.uk,none
www.portal.middlesbrough.gov.uk,gov.uk,Could not resolve host: www.portal.middlesbrough.gov.uk,none
www.portal.newcastle-staffs.gov.uk,gov.uk,Could not resolve host: www.portal.newcastle-staffs.gov.uk,none
www.portal.newtownabbey.gov.uk,gov.uk,Could not resolve host: www.portal.newtownabbey.gov.uk,none
www.portal.oldham.gov.uk,gov.uk,Could not resolve host: www.portal.oldham.gov.uk,none
www.portal.omagh.gov.uk,gov.uk,Could not resolve host: www.portal.omagh.gov.uk,none
www.portal.sholland.gov.uk,gov.uk,Could not resolve host: www.portal.sholland.gov.uk,none
www.portal.south-derbys.gov.uk,gov.uk,Could not resolve host: www.portal.south-derbys.gov.uk,none
www.portal.westdevon.gov.uk,gov.uk,Could not resolve host: www.portal.westdevon.gov.uk,none
www.portal1.npt.gov.uk,gov.uk,Could not resolve host: www.portal1.npt.gov.uk,none
www.portal2.basingstoke.gov.uk,gov.uk,Could not resolve host: www.portal2.basingstoke.gov.uk,none
www.possessionclaim.gov.uk,gov.uk,301,none
www.postman.rushcliffe.gov.uk,gov.uk,Could not resolve host: www.postman.rushcliffe.gov.uk,none
www.prerelease.statistics.gov.uk,gov.uk,Connection timed out after 3002 milliseconds,none
www.princeofwales.gov.uk,gov.uk,Could not resolve host: www.princeofwales.gov.uk,none
www.prism.dfes.gov.uk,gov.uk,Could not resolve host: www.prism.dfes.gov.uk,none
www.procure4london.gov.uk,gov.uk,Could not resolve host: www.procure4london.gov.uk,none
www.procurement.bristol.gov.uk,gov.uk,Could not resolve host: www.procurement.bristol.gov.uk,none
www.procurementgraduates.civilservice.gov.uk,gov.uk,Connection timed out after 3002 milliseconds,none
www.proffiliausgiliauysgolionyngnghymru.gov.uk,gov.uk,Could not resolve host: www.proffiliausgiliauysgolionyngnghymru.gov.uk,none
www.projectnuts.uksport.gov.uk,gov.uk,Could not resolve host: www.projectnuts.uksport.gov.uk,none
www.projects.manchester.gov.uk,gov.uk,Could not resolve host: www.projects.manchester.gov.uk,none
www.public.surreyheath-online.gov.uk,gov.uk,Could not resolve host: www.public.surreyheath-online.gov.uk,none
www.public01.milton-keynes.gov.uk,gov.uk,Could not resolve host: www.public01.milton-keynes.gov.uk,none
www.public02.milton-keynes.gov.uk,gov.uk,Could not resolve host: www.public02.milton-keynes.gov.uk,none
www.publications.dfes.gov.uk,gov.uk,Could not resolve host: www.publications.dfes.gov.uk,none
www.publications.environment-agency.gov.uk,gov.uk,Could not resolve host: www.publications.environment-agency.gov.uk,none
www.publiccontractsscotland.gov.uk,gov.uk,200,none
www.publictendersscotland.publiccontractsscotland.gov.uk,gov.uk,302,none
www.qttender.bury.gov.uk,gov.uk,Connection timed out after 3002 milliseconds,none
www.quickrplaces.dh.gov.uk,gov.uk,Could not resolve host: www.quickrplaces.dh.gov.uk,none
www.ra1.north-ayrshire.gov.uk,gov.uk,Could not resolve host: www.ra1.north-ayrshire.gov.uk,none
www.ra2.north-ayrshire.gov.uk,gov.uk,Could not resolve host: www.ra2.north-ayrshire.gov.uk,none
www.rail-reg.gov.uk,gov.uk,SSL certificate problem: certificate has expired,none
www.ratingsportal.food.gov.uk,gov.uk,Could not resolve host: www.ratingsportal.food.gov.uk,none
www.rbkc.gov.uk,gov.uk,200,none
www.rca.recruit.tda.gov.uk,gov.uk,Could not resolve host: www.rca.recruit.tda.gov.uk,none
www.rds.eppingforestdc.gov.uk,gov.uk,Could not resolve host: www.rds.eppingforestdc.gov.uk,none
www.rduevent.dfpni.gov.uk,gov.uk,Could not resolve host: www.rduevent.dfpni.gov.uk,none
www.reader.ukti.gov.uk,gov.uk,Could not resolve host: www.reader.ukti.gov.uk,none
www.reading.gov.uk,gov.uk,Could not resolve host: www.reading.gov.uk,none
www.redbridge.gov.uk,gov.uk,404,none
www.redcar-cleveland.gov.uk,gov.uk,403,none
www.redditchbc.gov.uk,gov.uk,Could not resolve host: www.redditchbc.gov.uk,none
www.reg.monitor-nhsft.gov.uk,gov.uk,Could not resolve host: www.reg.monitor-nhsft.gov.uk,none
www.register.metoffice.gov.uk,gov.uk,Could not resolve host: www.register.metoffice.gov.uk,none
www.registerpre.metoffice.gov.uk,gov.uk,Could not resolve host: www.registerpre.metoffice.gov.uk,none
www.registrar.bookings.merton.gov.uk,gov.uk,Could not resolve host: www.registrar.bookings.merton.gov.uk,none
www.remote.ashford.gov.uk,gov.uk,Could not resolve host: www.remote.ashford.gov.uk,none
www.remote.cityofworcester.gov.uk,gov.uk,Could not resolve host: www.remote.cityofworcester.gov.uk,none
www.remote.crowboroughtowncouncil.gov.uk,gov.uk,Could not resolve host: www.remote.crowboroughtowncouncil.gov.uk,none
www.remote.firebuy.gov.uk,gov.uk,Could not resolve host: www.remote.firebuy.gov.uk,none
www.remote.folkestone-tc.gov.uk,gov.uk,Could not resolve host: www.remote.folkestone-tc.gov.uk,none
www.remote.knowsley.gov.uk,gov.uk,Could not resolve host: www.remote.knowsley.gov.uk,none
www.remote.middlesbrough.gov.uk,gov.uk,Could not resolve host: www.remote.middlesbrough.gov.uk,none
www.remote.rushcliffe.gov.uk,gov.uk,Could not resolve host: www.remote.rushcliffe.gov.uk,none
www.remote.rutland.gov.uk,gov.uk,Could not resolve host: www.remote.rutland.gov.uk,none
www.remote.selseytowncouncil.gov.uk,gov.uk,Could not resolve host: www.remote.selseytowncouncil.gov.uk,none
www.remote.sussex-ifca.gov.uk,gov.uk,Could not resolve host: www.remote.sussex-ifca.gov.uk,none
www.remote.truro.gov.uk,gov.uk,Could not resolve host: www.remote.truro.gov.uk,none
www.remote2.rugby.gov.uk,gov.uk,Could not resolve host: www.remote2.rugby.gov.uk,none
www.remoteaccess.northwarks.gov.uk,gov.uk,Could not resolve host: www.remoteaccess.northwarks.gov.uk,none
www.remotevpn.northamptonshire.gov.uk,gov.uk,Could not resolve host: www.remotevpn.northamptonshire.gov.uk,none
www.remoteworking.colchester.gov.uk,gov.uk,Could not resolve host: www.remoteworking.colchester.gov.uk,none
www.renewablesandchp.ofgem.gov.uk,gov.uk,SSL: no alternative certificate subject name matches target hostname 'www.renewablesandchp.ofgem.gov.uk',none
www.restats.decc.gov.uk,gov.uk,Could not resolve host: www.restats.decc.gov.uk,none
www.rev.south-norfolk.gov.uk,gov.uk,Could not resolve host: www.rev.south-norfolk.gov.uk,none
www.revbens.manchester.gov.uk,gov.uk,Connection timed out after 3002 milliseconds,none
www.revenues.rugby.gov.uk,gov.uk,Could not resolve host: www.revenues.rugby.gov.uk,none
www.ribblevalley.gov.uk,gov.uk,200,none
www.richmondshire.gov.uk,gov.uk,302,none
www.rimnet.gov.uk,gov.uk,Could not resolve host: www.rimnet.gov.uk,none
www.rms.hantsfire.gov.uk,gov.uk,Could not resolve host: www.rms.hantsfire.gov.uk,none
www.roam.dcsf.gov.uk,gov.uk,Could not resolve host: www.roam.dcsf.gov.uk,none
www.roam.dfes.gov.uk,gov.uk,Resolving timed out after 3000 milliseconds,dig error
www.rochford.gov.uk,gov.uk,403,none
www.rohs.bis.gov.uk,gov.uk,Connection timed out after 3002 milliseconds,none
www.rohs.gov.uk,gov.uk,Could not resolve host: www.rohs.gov.uk,none
www.rossendale.gov.uk,gov.uk,200,none
www.rother.gov.uk,gov.uk,200,none
www.rotherham.gov.uk,gov.uk,200,none
www.rover.northamptonshire.gov.uk,gov.uk,Could not resolve host: www.rover.northamptonshire.gov.uk,none
www.royal.gov.uk,gov.uk,301,none
www.rp01.firescotland.gov.uk,gov.uk,Could not resolve host: www.rp01.firescotland.gov.uk,none
www.rpa.gov.uk,gov.uk,SSL: no alternative certificate subject name matches target hostname 'www.rpa.gov.uk',none
www.runnymede.gov.uk,gov.uk,200,none
www.rushmoor.gov.uk,gov.uk,200,none
www.rws.education.gov.uk,gov.uk,Could not resolve host: www.rws.education.gov.uk,none
www.ryedale.gov.uk,gov.uk,Could not resolve host: www.ryedale.gov.uk,none
www.sa.dover.gov.uk,gov.uk,Could not resolve host: www.sa.dover.gov.uk,none
www.sa.education.gov.uk,gov.uk,Could not resolve host: www.sa.education.gov.uk,none
www.saas.gov.uk,gov.uk,200,none
www.saferderbyshire.gov.uk,gov.uk,301,none
www.sandwell.gov.uk,gov.uk,200,none
www.sbcvo.staffordbc.gov.uk,gov.uk,Could not resolve host: www.sbcvo.staffordbc.gov.uk,none
www.schoolextranet.stockton.gov.uk,gov.uk,Could not resolve host: www.schoolextranet.stockton.gov.uk,none
www.schoolmail.torfaen.gov.uk,gov.uk,Could not resolve host: www.schoolmail.torfaen.gov.uk,none
www.schoolsurf.suffolkcc.gov.uk,gov.uk,Could not resolve host: www.schoolsurf.suffolkcc.gov.uk,none
www.scilly.gov.uk,gov.uk,200,none
www.scm.bristol.gov.uk,gov.uk,Could not resolve host: www.scm.bristol.gov.uk,none
www.scotborders.gov.uk,gov.uk,200,none
www.scotcourts.gov.uk,gov.uk,200,none
www.scottish-rural-priorities.gov.uk,gov.uk,Could not resolve host: www.scottish-rural-priorities.gov.uk,none
www.scottishchildcare.gov.uk,gov.uk,Connection timed out after 3002 milliseconds,none
www.scottishcitizen.gov.uk,gov.uk,Could not resolve host: www.scottishcitizen.gov.uk,none
www.secmail.lewisham.gov.uk,gov.uk,Could not resolve host: www.secmail.lewisham.gov.uk,none
www.secure-transfer.statistics.gov.uk,gov.uk,Connection timed out after 3002 milliseconds,none
www.secure.adur-worthing.gov.uk,gov.uk,Could not resolve host: www.secure.adur-worthing.gov.uk,none
www.secure.ashford.gov.uk,gov.uk,Could not resolve host: www.secure.ashford.gov.uk,none
www.secure.chelmsford.gov.uk,gov.uk,Could not resolve host: www.secure.chelmsford.gov.uk,none
www.secure.chesterfield.gov.uk,gov.uk,Could not resolve host: www.secure.chesterfield.gov.uk,none
www.secure.dover.gov.uk,gov.uk,Could not resolve host: www.secure.dover.gov.uk,none
www.secure.durham.gov.uk,gov.uk,Could not resolve host: www.secure.durham.gov.uk,none
www.secure.hseni.gov.uk,gov.uk,200,none
www.secure.knowsley.gov.uk,gov.uk,Could not resolve host: www.secure.knowsley.gov.uk,none
www.secure.lewisham.gov.uk,gov.uk,Could not resolve host: www.secure.lewisham.gov.uk,none
www.secure.maidstone.gov.uk,gov.uk,Could not resolve host: www.secure.maidstone.gov.uk,none
www.secure.mendip.gov.uk,gov.uk,Could not resolve host: www.secure.mendip.gov.uk,none
www.secure.metoffice.gov.uk,gov.uk,Could not resolve host: www.secure.metoffice.gov.uk,none
www.secure.monmouthshire.gov.uk,gov.uk,Could not resolve host: www.secure.monmouthshire.gov.uk,none
www.secure.northwarks.gov.uk,gov.uk,Could not resolve host: www.secure.northwarks.gov.uk,none
www.secure.nottinghamshire.gov.uk,gov.uk,Could not resolve host: www.secure.nottinghamshire.gov.uk,none
www.secure.worcester.gov.uk,gov.uk,Could not resolve host: www.secure.worcester.gov.uk,none
www.securegsmail.reading.gov.uk,gov.uk,Could not resolve host: www.securegsmail.reading.gov.uk,none
www.secureleisurebooking.northwarks.gov.uk,gov.uk,Could not resolve host: www.secureleisurebooking.northwarks.gov.uk,none
www.securemessaging.eastriding.gov.uk,gov.uk,Could not resolve host: www.securemessaging.eastriding.gov.uk,none
www.securemobile.tmbc.gov.uk,gov.uk,Could not resolve host: www.securemobile.tmbc.gov.uk,none
www.secureselfservice.northwarks.gov.uk,gov.uk,Could not resolve host: www.secureselfservice.northwarks.gov.uk,none
www.securetransfer.rutland.gov.uk,gov.uk,Could not resolve host: www.securetransfer.rutland.gov.uk,none
www.secureweb.ribblevalley.gov.uk,gov.uk,Could not resolve host: www.secureweb.ribblevalley.gov.uk,none
www.securityservice.gov.uk,gov.uk,Could not resolve host: www.securityservice.gov.uk,none
www.seemis.gov.uk,gov.uk,Could not resolve host: www.seemis.gov.uk,none
www.selfserv.newcastle-staffs.gov.uk,gov.uk,Could not resolve host: www.selfserv.newcastle-staffs.gov.uk,none
www.selfserve.bolton.gov.uk,gov.uk,Could not resolve host: www.selfserve.bolton.gov.uk,none
www.selfserve.swale.gov.uk,gov.uk,Could not resolve host: www.selfserve.swale.gov.uk,none
www.selfservice.derbyshiredales.gov.uk,gov.uk,Could not resolve host: www.selfservice.derbyshiredales.gov.uk,none
www.selfservice.ne-derbyshire.gov.uk,gov.uk,Could not resolve host: www.selfservice.ne-derbyshire.gov.uk,none
www.services.metoffice.gov.uk,gov.uk,Could not resolve host: www.services.metoffice.gov.uk,none
www.sevenoaks.gov.uk,gov.uk,200,none
www.sflg.gov.uk,gov.uk,Could not resolve host: www.sflg.gov.uk,none
www.sfo.gov.uk,gov.uk,TLS connect error: error:0A000410:SSL routines::ssl/tls alert handshake failure,none
www.sfs.lewisham.gov.uk,gov.uk,Could not resolve host: www.sfs.lewisham.gov.uk,none
www.sgs.merseyfire.gov.uk,gov.uk,Could not resolve host: www.sgs.merseyfire.gov.uk,none
www.shepway.gov.uk,gov.uk,Could not resolve host: www.shepway.gov.uk,none
www.sholland.gov.uk,gov.uk,403,none
www.showa.dh.gov.uk,gov.uk,Could not resolve host: www.showa.dh.gov.uk,none
www.shropshire.gov.uk,gov.uk,302,none
www.shropshirefire.gov.uk,gov.uk,Could not resolve host: www.shropshirefire.gov.uk,none
www.sip.rctcbc.gov.uk,gov.uk,Could not resolve host: www.sip.rctcbc.gov.uk,none
www.sip.staffordbc.gov.uk,gov.uk,Could not resolve host: www.sip.staffordbc.gov.uk,none
www.sixsecure.somerset.gov.uk,gov.uk,Could not resolve host: www.sixsecure.somerset.gov.uk,none
www.skillsprofilesschoolsinwales.gov.uk,gov.uk,Could not resolve host: www.skillsprofilesschoolsinwales.gov.uk,none
www.slough.gov.uk,gov.uk,Could not resolve host: www.slough.gov.uk,none
www.sm.dover.gov.uk,gov.uk,Could not resolve host: www.sm.dover.gov.uk,none
www.smartsignup.bolton.gov.uk,gov.uk,Connection timed out after 3002 milliseconds,none
www.smms.coi.gov.uk,gov.uk,Could not resolve host: www.smms.coi.gov.uk,none
www.socitm.gov.uk,gov.uk,Could not resolve host: www.socitm.gov.uk,none
www.sol.eservices.ros.gov.uk,gov.uk,Could not resolve host: www.sol.eservices.ros.gov.uk,none
www.sol.sssi.ros.gov.uk,gov.uk,Could not resolve host: www.sol.sssi.ros.gov.uk,none
www.somerset.gov.uk,gov.uk,200,none
www.sor.ofgem.gov.uk,gov.uk,302,none
www.southampton.gov.uk,gov.uk,200,none
www.southeastiep.gov.uk,gov.uk,Could not resolve host: www.southeastiep.gov.uk,none
www.southend.gov.uk,gov.uk,200,none
www.southhams.gov.uk,gov.uk,405,none
www.southkesteven.gov.uk,gov.uk,200,none
www.southlanarkshire.gov.uk,gov.uk,200,none
www.southwark.gov.uk,gov.uk,200,none
www.southyorks.101.gov.uk,gov.uk,Could not resolve host: www.southyorks.101.gov.uk,none
www.southyorks.gov.uk,gov.uk,Could not resolve host: www.southyorks.gov.uk,none
www.spire.berr.gov.uk,gov.uk,Connection timed out after 3002 milliseconds,none
www.spire.bis.gov.uk,gov.uk,Failed to connect to www.spire.bis.gov.uk port 443 after 177 ms: Could not connect to server,none
www.spireuat.bis.gov.uk,gov.uk,Failed to connect to www.spireuat.bis.gov.uk port 443 after 129 ms: Could not connect to server,none
www.sssi.ros.gov.uk,gov.uk,Could not resolve host: www.sssi.ros.gov.uk,none
www.staff.surreyheath-online.gov.uk,gov.uk,Could not resolve host: www.staff.surreyheath-online.gov.uk,none
www.staffnet.cotswold.gov.uk,gov.uk,Could not resolve host: www.staffnet.cotswold.gov.uk,none
www.staffordshire.gov.uk,gov.uk,403,none
www.staffsmoorlands.gov.uk,gov.uk,SSL certificate problem: unable to get local issuer certificate,none
www.standards.dcsf.gov.uk,gov.uk,Could not resolve host: www.standards.dcsf.gov.uk,none
www.statistics.gov.uk,gov.uk,SSL: no alternative certificate subject name matches target hostname 'www.statistics.gov.uk',none
www.stats.companieshouse.gov.uk,gov.uk,Could not resolve host: www.stats.companieshouse.gov.uk,none
www.statsearch.communities.gov.uk,gov.uk,Could not resolve host: www.statsearch.communities.gov.uk,none
www.statsearchstaging.communities.gov.uk,gov.uk,Could not resolve host: www.statsearchstaging.communities.gov.uk,none
www.statutelaw.gov.uk,gov.uk,301,none
www.stdavidshall.cardiff.gov.uk,gov.uk,Connection timed out after 3002 milliseconds,none
www.stedmundsbury.gov.uk,gov.uk,Could not resolve host: www.stedmundsbury.gov.uk,none
www.stockmanagement.dh.gov.uk,gov.uk,Could not resolve host: www.stockmanagement.dh.gov.uk,none
www.stowonthewold-tc.gov.uk,gov.uk,301,none
www.stroud.gov.uk,gov.uk,200,none
www.supp.eservices.ros.gov.uk,gov.uk,Could not resolve host: www.supp.eservices.ros.gov.uk,none
www.supp.sssi.ros.gov.uk,gov.uk,Could not resolve host: www.supp.sssi.ros.gov.uk,none
www.supply2.gov.uk,gov.uk,Could not resolve host: www.supply2.gov.uk,none
www.supply4london.gov.uk,gov.uk,Could not resolve host: www.supply4london.gov.uk,none
www.support.eastlothian.gov.uk,gov.uk,Could not resolve host: www.support.eastlothian.gov.uk,none
www.support.newcastle-staffs.gov.uk,gov.uk,Could not resolve host: www.support.newcastle-staffs.gov.uk,none
www.support.surreyheath-online.gov.uk,gov.uk,Could not resolve host: www.support.surreyheath-online.gov.uk,none
www.support.worcestershire.gov.uk,gov.uk,Could not resolve host: www.support.worcestershire.gov.uk,none
www.support1.newcastle-staffs.gov.uk,gov.uk,Could not resolve host: www.support1.newcastle-staffs.gov.uk,none
www.surreycc.gov.uk,gov.uk,Could not resolve host: www.surreycc.gov.uk,none
www.surreyi.gov.uk,gov.uk,403,none
www.sutton.gov.uk,gov.uk,200,none
www.swale.gov.uk,gov.uk,Could not resolve host: www.swale.gov.uk,none
www.tan.gov.uk,gov.uk,Could not resolve host: www.tan.gov.uk,none
www.tandridge.gov.uk,gov.uk,200,none
www.tariff.business.scotland.gov.uk,gov.uk,Connection timed out after 3002 milliseconds,none
www.tariff.business.wales.gov.uk,gov.uk,Could not resolve host: www.tariff.business.wales.gov.uk,none
www.tariff.businesslink.gov.uk,gov.uk,SSL: no alternative certificate subject name matches target hostname 'www.tariff.businesslink.gov.uk',none
www.tauntondeane.gov.uk,gov.uk,Could not resolve host: www.tauntondeane.gov.uk,none
www.taxandbenefits.bolton.gov.uk,gov.uk,Could not resolve host: www.taxandbenefits.bolton.gov.uk,none
www.taxation.stockton.gov.uk,gov.uk,Connection timed out after 3002 milliseconds,none
www.taxdisc.direct.gov.uk,gov.uk,Connection timed out after 3002 milliseconds,none
www.tcbcone.torfaen.gov.uk,gov.uk,Could not resolve host: www.tcbcone.torfaen.gov.uk,none
www.tcbcsecure.torfaen.gov.uk,gov.uk,Could not resolve host: www.tcbcsecure.torfaen.gov.uk,none
www.techtest.portsmouth.gov.uk,gov.uk,Connection timed out after 3002 milliseconds,none
www.teesvalleyunlimited.gov.uk,gov.uk,Could not resolve host: www.teesvalleyunlimited.gov.uk,none
www.teignbridge.gov.uk,gov.uk,Connection timed out after 3002 milliseconds,none
www.telford.gov.uk,gov.uk,200,none
www.tendering.coventry.gov.uk,gov.uk,Could not resolve host: www.tendering.coventry.gov.uk,none
www.tendringdc.gov.uk,gov.uk,200,none
www.testclaim.possessionclaim.gov.uk,gov.uk,Connection timed out after 3002 milliseconds,none
www.testvalley.gov.uk,gov.uk,200,none
www.tewkesbury.gov.uk,gov.uk,301,none
www.tfl.gov.uk,gov.uk,302,none
www.theatres.worthing.gov.uk,gov.uk,Could not resolve host: www.theatres.worthing.gov.uk,none
www.thechest.nwce.gov.uk,gov.uk,Could not resolve host: www.thechest.nwce.gov.uk,none
www.thirdsectorinvestment.dh.gov.uk,gov.uk,Could not resolve host: www.thirdsectorinvestment.dh.gov.uk,none
www.threerivers.gov.uk,gov.uk,200,none
www.thurrock.gov.uk,gov.uk,200,none
www.tickets.lisburncity.gov.uk,gov.uk,Could not resolve host: www.tickets.lisburncity.gov.uk,none
www.torbay.gov.uk,gov.uk,200,none
www.torfmail.torfaen.gov.uk,gov.uk,Could not resolve host: www.torfmail.torfaen.gov.uk,none
www.tpvs.hmrc.gov.uk,gov.uk,404,none
www.trafford.gov.uk,gov.uk,403,none
www.training.newcastle-staffs.gov.uk,gov.uk,Could not resolve host: www.training.newcastle-staffs.gov.uk,none
www.training.noms.gov.uk,gov.uk,Could not resolve host: www.training.noms.gov.uk,none
www.training01.possessionclaim.gov.uk,gov.uk,Connection timed out after 3002 milliseconds,none
www.training02.possessionclaim.gov.uk,gov.uk,Connection timed out after 3002 milliseconds,none
www.training03.possessionclaim.gov.uk,gov.uk,Connection timed out after 3002 milliseconds,none
www.training04.possessionclaim.gov.uk,gov.uk,Connection timed out after 3002 milliseconds,none
www.training05.possessionclaim.gov.uk,gov.uk,Could not resolve host: www.training05.possessionclaim.gov.uk,none
www.training06.possessionclaim.gov.uk,gov.uk,Connection timed out after 3002 milliseconds,none
www.training07.possessionclaim.gov.uk,gov.uk,Connection timed out after 3002 milliseconds,none
www.transportoffice.gov.uk,gov.uk,Could not resolve host: www.transportoffice.gov.uk,none
www.trent.nwml.gov.uk,gov.uk,Could not resolve host: www.trent.nwml.gov.uk,none
www.tribunals.gov.uk,gov.uk,Could not resolve host: www.tribunals.gov.uk,none
www.uat.artl.ros.gov.uk,gov.uk,Could not resolve host: www.uat.artl.ros.gov.uk,none
www.uat.eservices.ros.gov.uk,gov.uk,Could not resolve host: www.uat.eservices.ros.gov.uk,none
www.uat.sssi.ros.gov.uk,gov.uk,Could not resolve host: www.uat.sssi.ros.gov.uk,none
www.uat2.artl.ros.gov.uk,gov.uk,Could not resolve host: www.uat2.artl.ros.gov.uk,none
www.uat2.eservices.ros.gov.uk,gov.uk,Could not resolve host: www.uat2.eservices.ros.gov.uk,none
www.uatrenewables.ofgem.gov.uk,gov.uk,Connection timed out after 3002 milliseconds,none
www.ucedge.basingstoke.gov.uk,gov.uk,Could not resolve host: www.ucedge.basingstoke.gov.uk,none
www.ucwebfarm01.nottscc.gov.uk,gov.uk,Could not resolve host: www.ucwebfarm01.nottscc.gov.uk,none
www.uds.essex.gov.uk,gov.uk,Could not resolve host: www.uds.essex.gov.uk,none
www.ukciu.gov.uk,gov.uk,Could not resolve host: www.ukciu.gov.uk,none
www.ukfssweb.food.gov.uk,gov.uk,Could not resolve host: www.ukfssweb.food.gov.uk,none
www.ukho.gov.uk,gov.uk,301,none
www.uklrs.miap.gov.uk,gov.uk,Could not resolve host: www.uklrs.miap.gov.uk,none
www.uksport.gov.uk,gov.uk,Could not resolve host: www.uksport.gov.uk,none
www.ukti.gov.uk,gov.uk,Could not resolve host: www.ukti.gov.uk,none
www.uktradeinvest.gov.uk,gov.uk,SSL: no alternative certificate subject name matches target hostname 'www.uktradeinvest.gov.uk',none
www.unitylite.rbkc.gov.uk,gov.uk,Could not resolve host: www.unitylite.rbkc.gov.uk,none
www.uttlesford.gov.uk,gov.uk,403,none
www.vacancies.swale.gov.uk,gov.uk,Could not resolve host: www.vacancies.swale.gov.uk,none
www.vaccinesupply.dh.gov.uk,gov.uk,Could not resolve host: www.vaccinesupply.dh.gov.uk,none
www.vaccinesupplyservices.dh.gov.uk,gov.uk,Could not resolve host: www.vaccinesupplyservices.dh.gov.uk,none
www.valeroyal.gov.uk,gov.uk,Could not resolve host: www.valeroyal.gov.uk,none
www.vasis.education.gov.uk,gov.uk,Could not resolve host: www.vasis.education.gov.uk,none
www.vaxreportserver.dh.gov.uk,gov.uk,Could not resolve host: www.vaxreportserver.dh.gov.uk,none
www.viewpoint.merton.gov.uk,gov.uk,Could not resolve host: www.viewpoint.merton.gov.uk,none
www.vir.estyn.gov.uk,gov.uk,Could not resolve host: www.vir.estyn.gov.uk,none
www.visa4uk.fco.gov.uk,gov.uk,Could not resolve host: www.visa4uk.fco.gov.uk,none
www.voffice.merseysidewda.gov.uk,gov.uk,Could not resolve host: www.voffice.merseysidewda.gov.uk,none
www.vpn.chesterfield.gov.uk,gov.uk,Could not resolve host: www.vpn.chesterfield.gov.uk,none
www.walsall.gov.uk,gov.uk,301,none
www.walthamforest.gov.uk,gov.uk,200,none
www.wandsworth.gov.uk,gov.uk,200,none
www.warrington.gov.uk,gov.uk,403,none
www.warwickshire.gov.uk,gov.uk,Could not resolve host: www.warwickshire.gov.uk,none
www.wck2.companieshouse.gov.uk,gov.uk,Could not resolve host: www.wck2.companieshouse.gov.uk,none
www.wdcmdm.west-dunbarton.gov.uk,gov.uk,Could not resolve host: www.wdcmdm.west-dunbarton.gov.uk,none
www.web.firescotland.gov.uk,gov.uk,Could not resolve host: www.web.firescotland.gov.uk,none
www.web3.chelmsfordbc.gov.uk,gov.uk,Could not resolve host: www.web3.chelmsfordbc.gov.uk,none
www.webcafe.tribunals.gov.uk,gov.uk,Could not resolve host: www.webcafe.tribunals.gov.uk,none
www.webcon.basingstoke.gov.uk,gov.uk,Could not resolve host: www.webcon.basingstoke.gov.uk,none
www.webcon.wakefield.gov.uk,gov.uk,Could not resolve host: www.webcon.wakefield.gov.uk,none
www.webconf.ofsted.gov.uk,gov.uk,Could not resolve host: www.webconf.ofsted.gov.uk,none
www.webmail.banbury.gov.uk,gov.uk,Could not resolve host: www.webmail.banbury.gov.uk,none
www.webmail.cannockchasedc.gov.uk,gov.uk,Could not resolve host: www.webmail.cannockchasedc.gov.uk,none
www.webmail.cosla.gov.uk,gov.uk,Could not resolve host: www.webmail.cosla.gov.uk,none
www.webmail.dungannon.gov.uk,gov.uk,Could not resolve host: www.webmail.dungannon.gov.uk,none
www.webmail.hyndburnbc.gov.uk,gov.uk,Could not resolve host: www.webmail.hyndburnbc.gov.uk,none
www.webmail.kent.gov.uk,gov.uk,Could not resolve host: www.webmail.kent.gov.uk,none
www.webmail.magherafelt.gov.uk,gov.uk,Could not resolve host: www.webmail.magherafelt.gov.uk,none
www.webmail.merseyfire.gov.uk,gov.uk,Could not resolve host: www.webmail.merseyfire.gov.uk,none
www.webmail.middlesbrough.gov.uk,gov.uk,Could not resolve host: www.webmail.middlesbrough.gov.uk,none
www.webmail.shetland.gov.uk,gov.uk,Could not resolve host: www.webmail.shetland.gov.uk,none
www.webmail.staffordbc.gov.uk,gov.uk,Could not resolve host: www.webmail.staffordbc.gov.uk,none
www.webmail.teignbridge.gov.uk,gov.uk,Could not resolve host: www.webmail.teignbridge.gov.uk,none
www.weboutlook.stockton.gov.uk,gov.uk,Could not resolve host: www.weboutlook.stockton.gov.uk,none
www.webpayments.rutland.gov.uk,gov.uk,Could not resolve host: www.webpayments.rutland.gov.uk,none
www.webyots.middlesbrough.gov.uk,gov.uk,Could not resolve host: www.webyots.middlesbrough.gov.uk,none
www.wellingborough.gov.uk,gov.uk,301,none
www.west-lindsey.gov.uk,gov.uk,200,none
www.westberks.gov.uk,gov.uk,200,none
www.westdevon.gov.uk,gov.uk,Could not resolve host: www.westdevon.gov.uk,none
www.westgateleisure.chichester.gov.uk,gov.uk,Connection timed out after 3002 milliseconds,none
www.westminster.gov.uk,gov.uk,200,none
www.westoxon.gov.uk,gov.uk,200,none
www.westyorksprepared.gov.uk,gov.uk,Could not resolve host: www.westyorksprepared.gov.uk,none
www.weymouth.gov.uk,gov.uk,Could not resolve host: www.weymouth.gov.uk,none
www.wharfe.nwml.gov.uk,gov.uk,Could not resolve host: www.wharfe.nwml.gov.uk,none
www.whitbytowncouncil.gov.uk,gov.uk,401,none
www.whitehorsedc.gov.uk,gov.uk,200,none
www.whitehouse.suffolk.gov.uk,gov.uk,Could not resolve host: www.whitehouse.suffolk.gov.uk,none
www.wiltshire.gov.uk,gov.uk,403,none
www.windsor.gov.uk,gov.uk,Could not resolve host: www.windsor.gov.uk,none
www.wmf-commonstandardforequalities.gov.uk,gov.uk,Could not resolve host: www.wmf-commonstandardforequalities.gov.uk,none
www.woking.gov.uk,gov.uk,200,none
www.wokingham.gov.uk,gov.uk,200,none
www.wolverhampton.gov.uk,gov.uk,200,none
www.worcestershire.gov.uk,gov.uk,200,none
www.workspace.sece.gov.uk,gov.uk,Could not resolve host: www.workspace.sece.gov.uk,none
www.worktrain.gov.uk,gov.uk,Could not resolve host: www.worktrain.gov.uk,none
www.wp.dh.gov.uk,gov.uk,Could not resolve host: www.wp.dh.gov.uk,none
www.wrexham.gov.uk,gov.uk,403,none
www.www2.northamptonshire.gov.uk,gov.uk,Could not resolve host: www.www2.northamptonshire.gov.uk,none
www.www2.staffordbc.gov.uk,gov.uk,Could not resolve host: www.www2.staffordbc.gov.uk,none
www.www3.northamptonshire.gov.uk,gov.uk,Could not resolve host: www.www3.northamptonshire.gov.uk,none
www.www3.swansea.gov.uk,gov.uk,Could not resolve host: www.www3.swansea.gov.uk,none
www.www4.staffordbc.gov.uk,gov.uk,Could not resolve host: www.www4.staffordbc.gov.uk,none
www.wyrebc.gov.uk,gov.uk,Connection timed out after 3001 milliseconds,none
www.wyreforest.gov.uk,gov.uk,SSL: no alternative certificate subject name matches target hostname 'www.wyreforest.gov.uk',none
www.xmlbeta.companieshouse.gov.uk,gov.uk,Could not resolve host: www.xmlbeta.companieshouse.gov.uk,none
www.xmlgw.companieshouse.gov.uk,gov.uk,Could not resolve host: www.xmlgw.companieshouse.gov.uk,none
www.yjb.gov.uk,gov.uk,Could not resolve host: www.yjb.gov.uk,none
www.york.gov.uk,gov.uk,200,none
www1.redbridge.gov.uk,gov.uk,Could not resolve host: www1.redbridge.gov.uk,none
www1.scottishcitizen.gov.uk,gov.uk,Could not resolve host: www1.scottishcitizen.gov.uk,none
www1.secure-transfer.statistics.gov.uk,gov.uk,Connection timed out after 3002 milliseconds,none
www1.tauntondeane.gov.uk,gov.uk,Could not resolve host: www1.tauntondeane.gov.uk,none
www1.walthamforest.gov.uk,gov.uk,Could not resolve host: www1.walthamforest.gov.uk,none
www2.basildon.gov.uk,gov.uk,Could not resolve host: www2.basildon.gov.uk,none
www2.basingstoke.gov.uk,gov.uk,Connection timed out after 3002 milliseconds,none
www2.bridgnorth-dc.gov.uk,gov.uk,Could not resolve host: www2.bridgnorth-dc.gov.uk,none
www2.crw.gov.uk,gov.uk,Could not resolve host: www2.crw.gov.uk,none
www2.dudley.gov.uk,gov.uk,Connection timed out after 3002 milliseconds,none
www2.dwp.gov.uk,gov.uk,Could not resolve host: www2.dwp.gov.uk,none
www2.elmbridge.gov.uk,gov.uk,Could not resolve host: www2.elmbridge.gov.uk,none
www2.guildford.gov.uk,gov.uk,Could not resolve host: www2.guildford.gov.uk,none
www2.hertsmere.gov.uk,gov.uk,Connection timed out after 3002 milliseconds,none
www2.mansfield.gov.uk,gov.uk,Could not resolve host: www2.mansfield.gov.uk,none
www2.northamptonshire.gov.uk,gov.uk,Could not resolve host: www2.northamptonshire.gov.uk,none
www2.points.homeoffice.gov.uk,gov.uk,Connection timed out after 3002 milliseconds,none
www2.ryedale.gov.uk,gov.uk,Could not resolve host: www2.ryedale.gov.uk,none
www2.secure-transfer.statistics.gov.uk,gov.uk,Connection timed out after 3002 milliseconds,none
www2.sedgefield.gov.uk,gov.uk,Could not resolve host: www2.sedgefield.gov.uk,none
www2.staffordbc.gov.uk,gov.uk,Connection timed out after 3002 milliseconds,none
www2.surreycc.gov.uk,gov.uk,Could not resolve host: www2.surreycc.gov.uk,none
www2.walsall.gov.uk,gov.uk,403,none
www3.camden.gov.uk,gov.uk,200,none
www3.harrow.gov.uk,gov.uk,Could not resolve host: www3.harrow.gov.uk,none
www3.hertsmere.gov.uk,gov.uk,Could not resolve host: www3.hertsmere.gov.uk,none
www3.kingston.gov.uk,gov.uk,Could not resolve host: www3.kingston.gov.uk,none
www3.northamptonshire.gov.uk,gov.uk,Could not resolve host: www3.northamptonshire.gov.uk,none
www3.points.homeoffice.gov.uk,gov.uk,Could not resolve host: www3.points.homeoffice.gov.uk,none
www3.swansea.gov.uk,gov.uk,Connection timed out after 3002 milliseconds,none
www4.devon.gov.uk,gov.uk,Connection timed out after 3001 milliseconds,none
www4.dudley.gov.uk,gov.uk,Could not resolve host: www4.dudley.gov.uk,none
www4.hertsmere.gov.uk,gov.uk,Could not resolve host: www4.hertsmere.gov.uk,none
www4.shropshire-cc.gov.uk,gov.uk,Could not resolve host: www4.shropshire-cc.gov.uk,none
www4.staffordbc.gov.uk,gov.uk,Could not resolve host: www4.staffordbc.gov.uk,none
www5.shropshire-cc.gov.uk,gov.uk,Could not resolve host: www5.shropshire-cc.gov.uk,none
www6.northyorks.gov.uk,gov.uk,200,none
www6.theorytest.direct.gov.uk,gov.uk,SSL: no alternative certificate subject name matches target hostname 'www6.theorytest.direct.gov.uk',none
www7.theorytest.direct.gov.uk,gov.uk,SSL: no alternative certificate subject name matches target hostname 'www7.theorytest.direct.gov.uk',none
www8.theorytest.direct.gov.uk,gov.uk,SSL: no alternative certificate subject name matches target hostname 'www8.theorytest.direct.gov.uk',none
www9.theorytest.direct.gov.uk,gov.uk,SSL: no alternative certificate subject name matches target hostname 'www9.theorytest.direct.gov.uk',none
wyreforestdc.gov.uk,gov.uk,301,none
xda.merseytravel.gov.uk,gov.uk,Could not resolve host: xda.merseytravel.gov.uk,none
xen.gmpte.gov.uk,gov.uk,Could not resolve host: xen.gmpte.gov.uk,none
xmail.tmc.independent.gov.uk,gov.uk,Could not resolve host: xmail.tmc.independent.gov.uk,none
xmlbeta.companieshouse.gov.uk,gov.uk,Could not resolve host: xmlbeta.companieshouse.gov.uk,none
xmlgw.companieshouse.gov.uk,gov.uk,Could not resolve host: xmlgw.companieshouse.gov.uk,none
xnet1.rbkc.gov.uk,gov.uk,Connection timed out after 3002 milliseconds,none
xnet2.rbkc.gov.uk,gov.uk,Failed to connect to xnet2.rbkc.gov.uk port 443 after 51 ms: Could not connect to server,none
xtranet.hambleton.gov.uk,gov.uk,Could not resolve host: xtranet.hambleton.gov.uk,none
your.caerphilly.gov.uk,gov.uk,Could not resolve host: your.caerphilly.gov.uk,none
yourcareyourchoice.bury.gov.uk,gov.uk,Could not resolve host: yourcareyourchoice.bury.gov.uk,none
yourcareyourway.lambeth.gov.uk,gov.uk,Connection timed out after 3002 milliseconds,none
youthzone.warwickshire.gov.uk,gov.uk,Connection timed out after 3000 milliseconds,none
zipapps.lincolnshire.gov.uk,gov.uk,Connection timed out after 3002 milliseconds,none
