hostname,http_status,mx
2016.feuerwehr-burghaslach.de,ConnectException,5 smtpin.rzone.de.
aa1.de,200,none
aachen.de,301,none
aachen.ihk.de,301,none
abvt.wsv.de,301,none
abwasserverband-bs.de,301,none
acatech.de,301,20 mx2.mas.t-systems-service.com.; 10 mx1.mas.t-systems-service.com.; 30 mx3.mas.t-systems-service.com.
adenauerhaus.de,200,none
adk.de,502,none
adlkofen.feuerwehren.bayern,200,none
ae.mpg.de,SSLHandshakeException: (certificate_unknown) PKIX path building failed: sun.security.provider.certpath.SunCertPathBuilderException: unable to find valid certification path to requested target,none
aei.mpg.de,301,none
aelf-an.bayern.de,200,none
aesthetics.mpg.de,SSLHandshakeException: (certificate_unknown) PKIX path building failed: sun.security.provider.certpath.SunCertPathBuilderException: unable to find valid certification path to requested target,none
afw.lff-rlp.de,HttpConnectTimeoutException: HTTP connect timed out,none
ag-aachen.nrw.de,SSLHandshakeException: (certificate_unknown) No subject alternative DNS name matching ag-aachen.nrw.de found.,none
ag-ahaus.nrw.de,SSLHandshakeException: (certificate_unknown) No subject alternative DNS name matching ag-ahaus.nrw.de found.,none
ag-ahlen.nrw.de,SSLHandshakeException: (certificate_unknown) No subject alternative DNS name matching ag-ahlen.nrw.de found.,none
ag-altena.nrw.de,SSLHandshakeException: (certificate_unknown) No subject alternative DNS name matching ag-altena.nrw.de found.,60 relay7v.it.nrw.de.; 40 relay7m.it.nrw.de.
ag-arnsberg.nrw.de,HttpConnectTimeoutException: HTTP connect timed out,none
ag-asl.sachsen-anhalt.de,HttpConnectTimeoutException: HTTP connect timed out,none
ag-badberleburg.nrw.de,HttpConnectTimeoutException: HTTP connect timed out,none
ag-badfreienwalde.brandenburg.de,HttpConnectTimeoutException: HTTP connect timed out,none
ag-badhersfeld.justiz.hessen.de,HttpConnectTimeoutException: HTTP connect timed out,none
ag-badoeynhausen.nrw.de,SSLHandshakeException: (certificate_unknown) No subject alternative DNS name matching ag-badoeynhausen.nrw.de found.,none
ag-bbg.sachsen-anhalt.de,400,none
ag-beckum.nrw.de,SSLHandshakeException: (certificate_unknown) No subject alternative DNS name matching ag-beckum.nrw.de found.,40 relay7m.it.nrw.de.; 60 relay7v.it.nrw.de.
ag-bergheim.nrw.de,SSLHandshakeException: (certificate_unknown) No subject alternative DNS name matching ag-bergheim.nrw.de found.,none
ag-bergisch-gladbach.nrw.de,SSLHandshakeException: (certificate_unknown) No subject alternative DNS name matching ag-bergisch-gladbach.nrw.de found.,40 relay7m.it.nrw.de.; 60 relay7v.it.nrw.de.
ag-bernau.brandenburg.de,302,none
ag-bielefeld.nrw.de,SSLHandshakeException: (certificate_unknown) No subject alternative DNS name matching ag-bielefeld.nrw.de found.,none
ag-blomberg.nrw.de,SSLHandshakeException: (certificate_unknown) No subject alternative DNS name matching ag-blomberg.nrw.de found.,none
ag-bocholt.nrw.de,SSLHandshakeException: (certificate_unknown) No subject alternative DNS name matching ag-bocholt.nrw.de found.,none
ag-bochum.nrw.de,SSLHandshakeException: (certificate_unknown) No subject alternative DNS name matching ag-bochum.nrw.de found.,none
ag-bonn.nrw.de,SSLHandshakeException: (certificate_unknown) No subject alternative DNS name matching ag-bonn.nrw.de found.,60 relay7v.it.nrw.de.; 40 relay7m.it.nrw.de.
ag-borken.nrw.de,HttpConnectTimeoutException: HTTP connect timed out,40 relay7m.it.nrw.de.; 60 relay7v.it.nrw.de.
ag-bottrop.nrw.de,HttpConnectTimeoutException: HTTP connect timed out,none
ag-brakel.nrw.de,HttpConnectTimeoutException: HTTP connect timed out,none
ag-brg.sachsen-anhalt.de,400,none
ag-brilon.nrw.de,SSLHandshakeException: (certificate_unknown) No subject alternative DNS name matching ag-brilon.nrw.de found.,40 relay7m.it.nrw.de.; 60 relay7v.it.nrw.de.
ag-bruehl.nrw.de,SSLHandshakeException: (certificate_unknown) No subject alternative DNS name matching ag-bruehl.nrw.de found.,none
ag-btf.sachsen-anhalt.de,400,none
ag-buende.nrw.de,HttpConnectTimeoutException: HTTP connect timed out,none
ag-castrop-rauxel.nrw.de,SSLHandshakeException: (certificate_unknown) No subject alternative DNS name matching ag-castrop-rauxel.nrw.de found.,none
ag-coesfeld.nrw.de,SSLHandshakeException: (certificate_unknown) No subject alternative DNS name matching ag-coesfeld.nrw.de found.,60 relay7v.it.nrw.de.; 40 relay7m.it.nrw.de.
ag-darmstadt.justiz.hessen.de,ConnectException,none
ag-de.sachsen-anhalt.de,400,none
ag-delbrueck.nrw.de,SSLHandshakeException: (certificate_unknown) No subject alternative DNS name matching ag-delbrueck.nrw.de found.,none
ag-detmold.nrw.de,SSLHandshakeException: (certificate_unknown) No subject alternative DNS name matching ag-detmold.nrw.de found.,none
ag-dinslaken.nrw.de,SSLHandshakeException: (certificate_unknown) No subject alternative DNS name matching ag-dinslaken.nrw.de found.,none
ag-dorsten.nrw.de,SSLHandshakeException: (certificate_unknown) No subject alternative DNS name matching ag-dorsten.nrw.de found.,40 relay7m.it.nrw.de.; 60 relay7v.it.nrw.de.
ag-dortmund.nrw.de,SSLHandshakeException: (certificate_unknown) No subject alternative DNS name matching ag-dortmund.nrw.de found.,none
ag-duelmen.nrw.de,SSLHandshakeException: (certificate_unknown) No subject alternative DNS name matching ag-duelmen.nrw.de found.,60 relay7v.it.nrw.de.; 40 relay7m.it.nrw.de.
ag-dueren.nrw.de,SSLHandshakeException: (certificate_unknown) No subject alternative DNS name matching ag-dueren.nrw.de found.,none
ag-duesseldorf.nrw.de,SSLHandshakeException: (certificate_unknown) No subject alternative DNS name matching ag-duesseldorf.nrw.de found.,none
ag-duisburg-hamborn.nrw.de,SSLHandshakeException: (certificate_unknown) No subject alternative DNS name matching ag-duisburg-hamborn.nrw.de found.,none
ag-duisburg-ruhrort.nrw.de,SSLHandshakeException: (certificate_unknown) No subject alternative DNS name matching ag-duisburg-ruhrort.nrw.de found.,40 relay7m.it.nrw.de.; 60 relay7v.it.nrw.de.
ag-duisburg.nrw.de,SSLHandshakeException: (certificate_unknown) No subject alternative DNS name matching ag-duisburg.nrw.de found.,40 relay7m.it.nrw.de.; 60 relay7v.it.nrw.de.
ag-eil.sachsen-anhalt.de,400,none
ag-emmerich.nrw.de,HttpConnectTimeoutException: HTTP connect timed out,none
ag-erkelenz.nrw.de,HttpConnectTimeoutException: HTTP connect timed out,none
ag-eschwege.justiz.hessen.de,HttpConnectTimeoutException: HTTP connect timed out,10 mx-in-20.hessen.de.; 10 mx-in-10.hessen.de.
ag-eschweiler.nrw.de,HttpConnectTimeoutException: HTTP connect timed out,none
ag-essen-borbeck.nrw.de,HttpConnectTimeoutException: HTTP connect timed out,none
ag-essen-steele.nrw.de,HttpConnectTimeoutException: HTTP connect timed out,none
ag-essen.nrw.de,HttpConnectTimeoutException: HTTP connect timed out,none
ag-euskirchen.nrw.de,SSLHandshakeException: (certificate_unknown) No subject alternative DNS name matching ag-euskirchen.nrw.de found.,none
ag-frankfurt-oder.brandenburg.de,302,none
ag-frankfurt.justiz.hessen.de,HttpConnectTimeoutException: HTTP connect timed out,none
ag-fritzlar.justiz.hessen.de,HttpConnectTimeoutException: HTTP connect timed out,none
ag-fuerstenwalde.brandenburg.de,HttpConnectTimeoutException: HTTP connect timed out,none
ag-fulda.justiz.hessen.de,HttpConnectTimeoutException: HTTP connect timed out,none
ag-ga.sachsen-anhalt.de,HttpConnectTimeoutException: HTTP connect timed out,none
ag-geilenkirchen.nrw.de,HttpConnectTimeoutException: HTTP connect timed out,none
ag-geldern.nrw.de,HttpConnectTimeoutException: HTTP connect timed out,none
ag-gelsenkirchen.nrw.de,HttpConnectTimeoutException: HTTP connect timed out,none
ag-giessen.justiz.hessen.de,HttpConnectTimeoutException: HTTP connect timed out,none
ag-gladbeck.nrw.de,HttpConnectTimeoutException: HTTP connect timed out,40 relay7m.it.nrw.de.; 60 relay7v.it.nrw.de.
ag-grevenbroich.nrw.de,HttpConnectTimeoutException: HTTP connect timed out,60 relay7v.it.nrw.de.; 40 relay7m.it.nrw.de.
ag-gronau.nrw.de,HttpConnectTimeoutException: HTTP connect timed out,none
ag-guetersloh.nrw.de,HttpConnectTimeoutException: HTTP connect timed out,none
ag-gummersbach.nrw.de,SSLHandshakeException: (certificate_unknown) No subject alternative DNS name matching ag-gummersbach.nrw.de found.,none
ag-hagen.nrw.de,SSLHandshakeException: (certificate_unknown) No subject alternative DNS name matching ag-hagen.nrw.de found.,none
ag-hal.sachsen-anhalt.de,HttpConnectTimeoutException: HTTP connect timed out,none
ag-halle.nrw.de,SSLHandshakeException: (certificate_unknown) No subject alternative DNS name matching ag-halle.nrw.de found.,none
ag-hamm.nrw.de,SSLHandshakeException: (certificate_unknown) No subject alternative DNS name matching ag-hamm.nrw.de found.,40 relay7m.it.nrw.de.; 60 relay7v.it.nrw.de.
ag-hattingen.nrw.de,HttpConnectTimeoutException: HTTP connect timed out,none
ag-hbs.sachsen-anhalt.de,HttpConnectTimeoutException: HTTP connect timed out,none
ag-hdl.sachsen-anhalt.de,400,none
ag-heinsberg.nrw.de,SSLHandshakeException: (certificate_unknown) No subject alternative DNS name matching ag-heinsberg.nrw.de found.,none
ag-herford.nrw.de,SSLHandshakeException: (certificate_unknown) No subject alternative DNS name matching ag-herford.nrw.de found.,40 relay7m.it.nrw.de.; 60 relay7v.it.nrw.de.
ag-herne-wanne.nrw.de,SSLHandshakeException: (certificate_unknown) No subject alternative DNS name matching ag-herne-wanne.nrw.de found.,none
ag-herne.nrw.de,SSLHandshakeException: (certificate_unknown) No subject alternative DNS name matching ag-herne.nrw.de found.,none
ag-hoexter.nrw.de,SSLHandshakeException: (certificate_unknown) No subject alternative DNS name matching ag-hoexter.nrw.de found.,60 relay7v.it.nrw.de.; 40 relay7m.it.nrw.de.
ag-ibbenbueren.nrw.de,SSLHandshakeException: (certificate_unknown) No subject alternative DNS name matching ag-ibbenbueren.nrw.de found.,none
ag-iserlohn.nrw.de,SSLHandshakeException: (certificate_unknown) No subject alternative DNS name matching ag-iserlohn.nrw.de found.,40 relay7m.it.nrw.de.; 60 relay7v.it.nrw.de.
ag-juelich.nrw.de,SSLHandshakeException: (certificate_unknown) No subject alternative DNS name matching ag-juelich.nrw.de found.,none
ag-kamen.nrw.de,SSLHandshakeException: (certificate_unknown) No subject alternative DNS name matching ag-kamen.nrw.de found.,none
ag-kempen.nrw.de,SSLHandshakeException: (certificate_unknown) No subject alternative DNS name matching ag-kempen.nrw.de found.,none
ag-kerpen.nrw.de,SSLHandshakeException: (certificate_unknown) No subject alternative DNS name matching ag-kerpen.nrw.de found.,none
ag-kiel.schleswig-holstein.de,HttpConnectTimeoutException: HTTP connect timed out,none
ag-kleve.nrw.de,HttpConnectTimeoutException: HTTP connect timed out,40 relay7m.it.nrw.de.; 60 relay7v.it.nrw.de.
ag-koeln.nrw.de,SSLHandshakeException: (certificate_unknown) No subject alternative DNS name matching ag-koeln.nrw.de found.,60 relay7v.it.nrw.de.; 40 relay7m.it.nrw.de.
ag-koenigswinter.nrw.de,SSLHandshakeException: (certificate_unknown) No subject alternative DNS name matching ag-koenigswinter.nrw.de found.,none
ag-koet.sachsen-anhalt.de,400,none
ag-korbach.de,ConnectException,none
ag-krefeld.nrw.de,SSLHandshakeException: (certificate_unknown) No subject alternative DNS name matching ag-krefeld.nrw.de found.,none
ag-langenfeld.nrw.de,SSLHandshakeException: (certificate_unknown) No subject alternative DNS name matching ag-langenfeld.nrw.de found.,none
ag-lemgo.nrw.de,SSLHandshakeException: (certificate_unknown) No subject alternative DNS name matching ag-lemgo.nrw.de found.,none
ag-lennestadt.nrw.de,SSLHandshakeException: (certificate_unknown) No subject alternative DNS name matching ag-lennestadt.nrw.de found.,none
ag-leverkusen.nrw.de,SSLHandshakeException: (certificate_unknown) No subject alternative DNS name matching ag-leverkusen.nrw.de found.,none
ag-lippstadt.nrw.de,SSLHandshakeException: (certificate_unknown) No subject alternative DNS name matching ag-lippstadt.nrw.de found.,none
ag-luebbecke.nrw.de,SSLHandshakeException: (certificate_unknown) No subject alternative DNS name matching ag-luebbecke.nrw.de found.,none
ag-luebeck.schleswig-holstein.de,302,none
ag-luedenscheid.nrw.de,SSLHandshakeException: (certificate_unknown) No subject alternative DNS name matching ag-luedenscheid.nrw.de found.,none
ag-luedinghausen.nrw.de,SSLHandshakeException: (certificate_unknown) No subject alternative DNS name matching ag-luedinghausen.nrw.de found.,40 relay7m.it.nrw.de.; 60 relay7v.it.nrw.de.
ag-luenen.nrw.de,SSLHandshakeException: (certificate_unknown) No subject alternative DNS name matching ag-luenen.nrw.de found.,none
ag-marburg.justiz.hessen.de,ConnectException,none
ag-marl.nrw.de,SSLHandshakeException: (certificate_unknown) No subject alternative DNS name matching ag-marl.nrw.de found.,none
ag-marsberg.nrw.de,SSLHandshakeException: (certificate_unknown) No subject alternative DNS name matching ag-marsberg.nrw.de found.,none
ag-md.sachsen-anhalt.de,400,none
ag-medebach.nrw.de,SSLHandshakeException: (certificate_unknown) No subject alternative DNS name matching ag-medebach.nrw.de found.,none
ag-meinerzhagen.nrw.de,SSLHandshakeException: (certificate_unknown) No subject alternative DNS name matching ag-meinerzhagen.nrw.de found.,none
ag-menden.nrw.de,SSLHandshakeException: (certificate_unknown) No subject alternative DNS name matching ag-menden.nrw.de found.,none
ag-mer.sachsen-anhalt.de,400,none
ag-meschede.nrw.de,SSLHandshakeException: (certificate_unknown) No subject alternative DNS name matching ag-meschede.nrw.de found.,none
ag-mettmann.nrw.de,SSLHandshakeException: (certificate_unknown) No subject alternative DNS name matching ag-mettmann.nrw.de found.,40 relay7m.it.nrw.de.; 60 relay7v.it.nrw.de.
ag-minden.nrw.de,SSLHandshakeException: (certificate_unknown) No subject alternative DNS name matching ag-minden.nrw.de found.,none
ag-moenchengladbach-rheydt.nrw.de,SSLHandshakeException: (certificate_unknown) No subject alternative DNS name matching ag-moenchengladbach-rheydt.nrw.de found.,none
ag-moenchengladbach.nrw.de,HttpConnectTimeoutException: HTTP connect timed out,40 relay7m.it.nrw.de.; 60 relay7v.it.nrw.de.
ag-moers.nrw.de,SSLHandshakeException: (certificate_unknown) No subject alternative DNS name matching ag-moers.nrw.de found.,none
ag-monschau.nrw.de,HttpConnectTimeoutException: HTTP connect timed out,none
ag-muelheim.nrw.de,HttpConnectTimeoutException: HTTP connect timed out,none
ag-muenster.nrw.de,HttpConnectTimeoutException: HTTP connect timed out,60 relay7v.it.nrw.de.; 40 relay7m.it.nrw.de.
ag-nauen.brandenburg.de,HttpConnectTimeoutException: HTTP connect timed out,none
ag-nettetal.nrw.de,SSLHandshakeException: (certificate_unknown) No subject alternative DNS name matching ag-nettetal.nrw.de found.,none
ag-neuruppin.brandenburg.de,302,none
ag-neuss.nrw.de,SSLHandshakeException: (certificate_unknown) No subject alternative DNS name matching ag-neuss.nrw.de found.,none
ag-nmb.sachsen-anhalt.de,400,none
ag-oberhausen.nrw.de,SSLHandshakeException: (certificate_unknown) No subject alternative DNS name matching ag-oberhausen.nrw.de found.,none
ag-oc.sachsen-anhalt.de,400,none
ag-offenbach.justiz.hessen.de,ConnectException,none
ag-olpe.nrw.de,SSLHandshakeException: (certificate_unknown) No subject alternative DNS name matching ag-olpe.nrw.de found.,none
ag-oranienburg.brandenburg.de,302,none
ag-paderborn.nrw.de,SSLHandshakeException: (certificate_unknown) No subject alternative DNS name matching ag-paderborn.nrw.de found.,60 relay7v.it.nrw.de.; 40 relay7m.it.nrw.de.
ag-perleberg.brandenburg.de,HttpConnectTimeoutException: HTTP connect timed out,none
ag-plettenberg.nrw.de,SSLHandshakeException: (certificate_unknown) No subject alternative DNS name matching ag-plettenberg.nrw.de found.,none
ag-qlb.sachsen-anhalt.de,HttpConnectTimeoutException: HTTP connect timed out,none
ag-rahden.nrw.de,SSLHandshakeException: (certificate_unknown) No subject alternative DNS name matching ag-rahden.nrw.de found.,none
ag-ratingen.nrw.de,HttpConnectTimeoutException: HTTP connect timed out,none
ag-recklinghausen.nrw.de,HttpConnectTimeoutException: HTTP connect timed out,40 relay7m.it.nrw.de.; 60 relay7v.it.nrw.de.
ag-remscheid.nrw.de,SSLHandshakeException: (certificate_unknown) No subject alternative DNS name matching ag-remscheid.nrw.de found.,none
ag-rheda-wiedenbrueck.nrw.de,SSLHandshakeException: (certificate_unknown) No subject alternative DNS name matching ag-rheda-wiedenbrueck.nrw.de found.,none
ag-rheinbach.nrw.de,SSLHandshakeException: (certificate_unknown) No subject alternative DNS name matching ag-rheinbach.nrw.de found.,none
ag-rheinberg.nrw.de,SSLHandshakeException: (certificate_unknown) No subject alternative DNS name matching ag-rheinberg.nrw.de found.,none
ag-rheine.nrw.de,SSLHandshakeException: (certificate_unknown) No subject alternative DNS name matching ag-rheine.nrw.de found.,none
ag-saw.sachsen-anhalt.de,400,none
ag-sbk.sachsen-anhalt.de,400,none
ag-schleiden.nrw.de,SSLHandshakeException: (certificate_unknown) No subject alternative DNS name matching ag-schleiden.nrw.de found.,none
ag-schmallenberg.nrw.de,SSLHandshakeException: (certificate_unknown) No subject alternative DNS name matching ag-schmallenberg.nrw.de found.,none
ag-schwelm.nrw.de,SSLHandshakeException: (certificate_unknown) No subject alternative DNS name matching ag-schwelm.nrw.de found.,none
ag-schwerte.nrw.de,SSLHandshakeException: (certificate_unknown) No subject alternative DNS name matching ag-schwerte.nrw.de found.,none
ag-sdd.de,303,10 mail.dnb.de.
ag-sdl.sachsen-anhalt.de,400,none
ag-senftenberg.brandenburg.de,302,none
ag-sgh.sachsen-anhalt.de,400,none
ag-siegburg.nrw.de,SSLHandshakeException: (certificate_unknown) No subject alternative DNS name matching ag-siegburg.nrw.de found.,none
ag-siegen.nrw.de,SSLHandshakeException: (certificate_unknown) No subject alternative DNS name matching ag-siegen.nrw.de found.,none
ag-soest.nrw.de,SSLHandshakeException: (certificate_unknown) No subject alternative DNS name matching ag-soest.nrw.de found.,none
ag-solingen.nrw.de,SSLHandshakeException: (certificate_unknown) No subject alternative DNS name matching ag-solingen.nrw.de found.,none
ag-steinfurt.nrw.de,SSLHandshakeException: (certificate_unknown) No subject alternative DNS name matching ag-steinfurt.nrw.de found.,40 relay7m.it.nrw.de.; 60 relay7v.it.nrw.de.
ag-tecklenburg.nrw.de,SSLHandshakeException: (certificate_unknown) No subject alternative DNS name matching ag-tecklenburg.nrw.de found.,60 relay7v.it.nrw.de.; 40 relay7m.it.nrw.de.
ag-unna.nrw.de,SSLHandshakeException: (certificate_unknown) No subject alternative DNS name matching ag-unna.nrw.de found.,none
ag-velbert.nrw.de,SSLHandshakeException: (certificate_unknown) No subject alternative DNS name matching ag-velbert.nrw.de found.,60 relay7v.it.nrw.de.; 40 relay7m.it.nrw.de.
ag-viersen.nrw.de,SSLHandshakeException: (certificate_unknown) No subject alternative DNS name matching ag-viersen.nrw.de found.,none
ag-waldbroel.nrw.de,HttpConnectTimeoutException: HTTP connect timed out,none
ag-warburg.nrw.de,HttpConnectTimeoutException: HTTP connect timed out,none
ag-warendorf.nrw.de,HttpConnectTimeoutException: HTTP connect timed out,none
ag-warstein.nrw.de,HttpConnectTimeoutException: HTTP connect timed out,60 relay7v.it.nrw.de.; 40 relay7m.it.nrw.de.
ag-wb.sachsen-anhalt.de,HttpConnectTimeoutException: HTTP connect timed out,none
ag-werl.nrw.de,HttpConnectTimeoutException: HTTP connect timed out,60 relay7v.it.nrw.de.; 40 relay7m.it.nrw.de.
ag-wesel.nrw.de,HttpConnectTimeoutException: HTTP connect timed out,none
ag-wetter.nrw.de,HttpConnectTimeoutException: HTTP connect timed out,none
ag-wiesbaden.justiz.hessen.de,HttpConnectTimeoutException: HTTP connect timed out,none
ag-wipperfuerth.nrw.de,HttpConnectTimeoutException: HTTP connect timed out,none
ag-witten.nrw.de,HttpConnectTimeoutException: HTTP connect timed out,none
ag-wr.sachsen-anhalt.de,HttpConnectTimeoutException: HTTP connect timed out,none
ag-wsf.sachsen-anhalt.de,HttpConnectTimeoutException: HTTP connect timed out,none
ag-wuppertal.nrw.de,HttpConnectTimeoutException: HTTP connect timed out,none
ag-ze.sachsen-anhalt.de,HttpConnectTimeoutException: HTTP connect timed out,none
ag-zz.sachsen-anhalt.de,HttpConnectTimeoutException: HTTP connect timed out,none
agak.justiz.rlp.de,HttpConnectTimeoutException: HTTP connect timed out,none
agand.justiz.rlp.de,HttpConnectTimeoutException: HTTP connect timed out,none
agaw.justiz.rlp.de,HttpConnectTimeoutException: HTTP connect timed out,none
agaz.justiz.rlp.de,HttpConnectTimeoutException: HTTP connect timed out,none
agbd.justiz.rlp.de,200,none
agber.justiz.rlp.de,200,none
agbi.justiz.rlp.de,200,none
agbit.justiz.rlp.de,200,none
agcoc.justiz.rlp.de,200,none
agdau.justiz.rlp.de,200,none
agdd.de,301,none
agduw.justiz.rlp.de,200,none
agdz.justiz.rlp.de,200,none
age.mpg.de,301,none
agft.justiz.rlp.de,200,none
agger.justiz.rlp.de,200,none
aggoa.justiz.rlp.de,200,none
agher.justiz.rlp.de,200,none
agj.de,HttpConnectTimeoutException: HTTP connect timed out,none
agkan.justiz.rlp.de,200,none
agkh.justiz.rlp.de,200,none
agkl.justiz.rlp.de,HttpConnectTimeoutException: HTTP connect timed out,none
agko.justiz.rlp.de,200,none
agkus.justiz.rlp.de,200,none
agld.justiz.rlp.de,200,none
aglin.justiz.rlp.de,HttpConnectTimeoutException: HTTP connect timed out,none
aglst.justiz.rlp.de,200,none
aglu.justiz.rlp.de,HttpConnectTimeoutException: HTTP connect timed out,none
agmy.justiz.rlp.de,200,none
agmz.justiz.rlp.de,200,none
agnr.justiz.rlp.de,200,none
agnw.justiz.rlp.de,200,none
agps.justiz.rlp.de,200,none
agro.justiz.rlp.de,200,none
agsob.justiz.rlp.de,200,none
agsp.justiz.rlp.de,200,none
agtr.justiz.rlp.de,200,none
agwes.justiz.rlp.de,200,none
agwil.justiz.rlp.de,200,none
agwo.justiz.rlp.de,200,none
agzw.justiz.rlp.de,200,none
ahk-balt.org,302,none
ahk.de,301,none
aholfing.de,301,none
aidenbach.de,301,none
aif.de,HttpConnectTimeoutException: HTTP connect timed out,none
aip.de,HttpConnectTimeoutException: HTTP connect timed out,none
aiterhofen.de,301,none
alb-donau-kreis.de,HttpConnectTimeoutException: HTTP connect timed out,none
albragugger.lima-city.de,HttpConnectTimeoutException: HTTP connect timed out,0 mail.lima-city.de.
alfeld.feuerwehren.bayern,200,none
algerische-botschaft.de,HttpConnectTimeoutException: HTTP connect timed out,none
allershausen.de,HttpConnectTimeoutException: HTTP connect timed out,none
alliiertenmuseum.de,HttpConnectTimeoutException: HTTP connect timed out,none
allmannshofen.de,HttpConnectTimeoutException: HTTP connect timed out,none
altenburgerland.de,HttpConnectTimeoutException: HTTP connect timed out,none
altenstadt-vg.de,HttpConnectTimeoutException: HTTP connect timed out,none
altfraunhofen.de,HttpConnectTimeoutException: HTTP connect timed out,none
altmarkkreis-salzwedel.de,HttpConnectTimeoutException: HTTP connect timed out,none
am-klosterwasser.de,301,none
amba-guinee.de,200,none
ambacam.de,302,10 w01bea09.kasserver.com.
ambardc.de,SSLHandshakeException: (certificate_unknown) No subject alternative DNS name matching ambardc.de found.,none
ambasadat.net,200,none
ambassademali.de,302,5 smtpin.rzone.de.
ambassadeniger.de,200,10 inbound-smtp.eu-west-1.amazonaws.com.
ambatchadberlin.com,SSLHandshakeException: (handshake_failure) Received fatal alert: handshake_failure,none
ambatogoberlin.de,200,none
amerbach.de,301,none
amh.de,200,none
ammerland.de,HttpConnectTimeoutException: HTTP connect timed out,none
amt-marne-nordsee.de,HttpConnectTimeoutException: HTTP connect timed out,none
amtsgericht-aalen.justiz-bw.de,301,none
amtsgericht-achern.justiz-bw.de,HttpConnectTimeoutException: HTTP connect timed out,none
amtsgericht-achim.niedersachsen.de,HttpConnectTimeoutException: HTTP connect timed out,none
amtsgericht-adelsheim.justiz-bw.de,301,none
amtsgericht-albstadt.justiz-bw.de,HttpConnectTimeoutException: HTTP connect timed out,none
amtsgericht-alfeld.niedersachsen.de,HttpConnectTimeoutException: HTTP connect timed out,none
amtsgericht-aurich.niedersachsen.de,SSLHandshakeException: (certificate_unknown) PKIX path building failed: sun.security.provider.certpath.SunCertPathBuilderException: unable to find valid certification path to requested target,none
amtsgericht-backnang.justiz-bw.de,301,none
amtsgericht-bad-gandersheim.niedersachsen.de,ConnectException,none
amtsgericht-bad-iburg.niedersachsen.de,HttpConnectTimeoutException: HTTP connect timed out,none
amtsgericht-bad-mergentheim.justiz-bw.de,301,none
amtsgericht-bad-saeckingen.justiz-bw.de,301,none
amtsgericht-bad-saulgau.justiz-bw.de,301,none
amtsgericht-bad-urach.justiz-bw.de,301,none
amtsgericht-bad-waldsee.justiz-bw.de,301,none
amtsgericht-baden-baden.justiz-bw.de,301,none
amtsgericht-balingen.justiz-bw.de,301,none
amtsgericht-bersenbrueck.niedersachsen.de,SSLHandshakeException: (certificate_unknown) PKIX path building failed: sun.security.provider.certpath.SunCertPathBuilderException: unable to find valid certification path to requested target,none
amtsgericht-besigheim.justiz-bw.de,301,none
amtsgericht-biberach.justiz-bw.de,301,none
amtsgericht-blasien.justiz-bw.de,301,none
amtsgericht-blumenthal.bremen.de,301,none
amtsgericht-boeblingen.justiz-bw.de,301,none
amtsgericht-brackenheim.justiz-bw.de,301,none
amtsgericht-brake.niedersachsen.de,ConnectException,none
amtsgericht-braunschweig.niedersachsen.de,ConnectException,none
amtsgericht-breisach.justiz-bw.de,301,none
amtsgericht-bremerhaven.bremen.de,301,none
amtsgericht-bremervoerde.niedersachsen.de,ConnectException,none
amtsgericht-bretten.justiz-bw.de,301,none
amtsgericht-bruchsal.justiz-bw.de,301,none
amtsgericht-buchen.justiz-bw.de,HttpConnectTimeoutException: HTTP connect timed out,none
amtsgericht-bueckeburg.niedersachsen.de,HttpConnectTimeoutException: HTTP connect timed out,none
amtsgericht-buehl.justiz-bw.de,HttpConnectTimeoutException: HTTP connect timed out,none
amtsgericht-burgdorf.niedersachsen.de,HttpConnectTimeoutException: HTTP connect timed out,none
amtsgericht-burgwedel.niedersachsen.de,HttpConnectTimeoutException: HTTP connect timed out,none
amtsgericht-buxtehude.niedersachsen.de,HttpConnectTimeoutException: HTTP connect timed out,none
amtsgericht-calw.justiz-bw.de,HttpConnectTimeoutException: HTTP connect timed out,none
amtsgericht-celle.niedersachsen.de,HttpConnectTimeoutException: HTTP connect timed out,none
amtsgericht-clausthal-zellerfeld.niedersachsen.de,HttpConnectTimeoutException: HTTP connect timed out,none
amtsgericht-cloppenburg.niedersachsen.de,HttpConnectTimeoutException: HTTP connect timed out,none
amtsgericht-crailsheim.justiz-bw.de,HttpConnectTimeoutException: HTTP connect timed out,none
amtsgericht-cuxhaven.niedersachsen.de,HttpConnectTimeoutException: HTTP connect timed out,none
amtsgericht-dannenberg.niedersachsen.de,HttpConnectTimeoutException: HTTP connect timed out,none
amtsgericht-delmenhorst.niedersachsen.de,HttpConnectTimeoutException: HTTP connect timed out,none
amtsgericht-diepholz.niedersachsen.de,HttpConnectTimeoutException: HTTP connect timed out,none
amtsgericht-donaueschingen.justiz-bw.de,HttpConnectTimeoutException: HTTP connect timed out,none
amtsgericht-duderstadt.niedersachsen.de,HttpConnectTimeoutException: HTTP connect timed out,none
amtsgericht-ehingen.justiz-bw.de,HttpConnectTimeoutException: HTTP connect timed out,none
amtsgericht-einbeck.niedersachsen.de,HttpConnectTimeoutException: HTTP connect timed out,none
amtsgericht-ellwangen.justiz-bw.de,301,none
amtsgericht-elze.niedersachsen.de,ConnectException,none
amtsgericht-emden.niedersachsen.de,SSLHandshakeException: (certificate_unknown) PKIX path building failed: sun.security.provider.certpath.SunCertPathBuilderException: unable to find valid certification path to requested target,none
amtsgericht-emmendingen.justiz-bw.de,301,none
amtsgericht-esslingen.justiz-bw.de,301,none
amtsgericht-ettenheim.justiz-bw.de,301,none
amtsgericht-ettlingen.justiz-bw.de,301,none
amtsgericht-freiburg.justiz-bw.de,301,none
amtsgericht-freudenstadt.justiz-bw.de,301,none
amtsgericht-geestland.niedersachsen.de,ConnectException,none
amtsgericht-geislingen.justiz-bw.de,301,none
amtsgericht-gengenbach.justiz-bw.de,HttpConnectTimeoutException: HTTP connect timed out,none
amtsgericht-gernsbach.justiz-bw.de,HttpConnectTimeoutException: HTTP connect timed out,none
amtsgericht-gifhorn.niedersachsen.de,HttpConnectTimeoutException: HTTP connect timed out,none
amtsgericht-goeppingen.justiz-bw.de,301,none
amtsgericht-goettingen.niedersachsen.de,SSLHandshakeException: (certificate_unknown) PKIX path building failed: sun.security.provider.certpath.SunCertPathBuilderException: unable to find valid certification path to requested target,none
amtsgericht-goslar.niedersachsen.de,HttpConnectTimeoutException: HTTP connect timed out,none
amtsgericht-hameln.niedersachsen.de,ConnectException,none
amtsgericht-hann-muenden.niedersachsen.de,ConnectException,none
amtsgericht-hannover.niedersachsen.de,SSLHandshakeException: (certificate_unknown) PKIX path building failed: sun.security.provider.certpath.SunCertPathBuilderException: unable to find valid certification path to requested target,none
amtsgericht-hechingen.justiz-bw.de,301,none
amtsgericht-heidelberg.justiz-bw.de,301,none
amtsgericht-heidenheim.justiz-bw.de,301,none
amtsgericht-heilbronn.justiz-bw.de,301,none
amtsgericht-helmstedt.niedersachsen.de,SSLHandshakeException: (certificate_unknown) PKIX path building failed: sun.security.provider.certpath.SunCertPathBuilderException: unable to find valid certification path to requested target,none
amtsgericht-herzberg.niedersachsen.de,SSLHandshakeException: (certificate_unknown) PKIX path building failed: sun.security.provider.certpath.SunCertPathBuilderException: unable to find valid certification path to requested target,none
amtsgericht-hildesheim.niedersachsen.de,SSLHandshakeException: (certificate_unknown) PKIX path building failed: sun.security.provider.certpath.SunCertPathBuilderException: unable to find valid certification path to requested target,none
amtsgericht-holzminden.niedersachsen.de,SSLHandshakeException: (certificate_unknown) PKIX path building failed: sun.security.provider.certpath.SunCertPathBuilderException: unable to find valid certification path to requested target,none
amtsgericht-horb.justiz-bw.de,301,none
amtsgericht-jever.niedersachsen.de,ConnectException,none
amtsgericht-karlsruhe-durlach.justiz-bw.de,301,none
amtsgericht-karlsruhe.justiz-bw.de,301,none
amtsgericht-kehl.justiz-bw.de,301,none
amtsgericht-kenzingen.justiz-bw.de,301,none
amtsgericht-kirchheim.justiz-bw.de,301,none
amtsgericht-konstanz.justiz-bw.de,HttpConnectTimeoutException: HTTP connect timed out,none
amtsgericht-kuenzelsau.justiz-bw.de,HttpConnectTimeoutException: HTTP connect timed out,none
amtsgericht-lahr.justiz-bw.de,HttpConnectTimeoutException: HTTP connect timed out,none
amtsgericht-langenburg.justiz-bw.de,HttpConnectTimeoutException: HTTP connect timed out,none
amtsgericht-leer.niedersachsen.de,HttpConnectTimeoutException: HTTP connect timed out,none
amtsgericht-lehrte.niedersachsen.de,HttpConnectTimeoutException: HTTP connect timed out,none
amtsgericht-leonberg.justiz-bw.de,301,none
amtsgericht-leutkirch.justiz-bw.de,HttpConnectTimeoutException: HTTP connect timed out,none
amtsgericht-lingen.niedersachsen.de,HttpConnectTimeoutException: HTTP connect timed out,none
amtsgericht-loerrach.justiz-bw.de,HttpConnectTimeoutException: HTTP connect timed out,none
amtsgericht-ludwigsburg.justiz-bw.de,HttpConnectTimeoutException: HTTP connect timed out,none
amtsgericht-lueneburg.niedersachsen.de,HttpConnectTimeoutException: HTTP connect timed out,none
amtsgericht-mannheim.justiz-bw.de,301,none
amtsgericht-marbach.justiz-bw.de,301,none
amtsgericht-maulbronn.justiz-bw.de,301,none
amtsgericht-meppen.niedersachsen.de,SSLHandshakeException: (certificate_unknown) PKIX path building failed: sun.security.provider.certpath.SunCertPathBuilderException: unable to find valid certification path to requested target,none
amtsgericht-mosbach.justiz-bw.de,301,none
amtsgericht-muellheim.justiz-bw.de,301,none
amtsgericht-muensingen.justiz-bw.de,301,none
amtsgericht-nagold.justiz-bw.de,301,none
amtsgericht-neresheim.justiz-bw.de,301,none
amtsgericht-neustadt.niedersachsen.de,SSLHandshakeException: (certificate_unknown) PKIX path building failed: sun.security.provider.certpath.SunCertPathBuilderException: unable to find valid certification path to requested target,none
amtsgericht-nienburg.niedersachsen.de,ConnectException,none
amtsgericht-norden.niedersachsen.de,ConnectException,none
amtsgericht-nordenham.niedersachsen.de,ConnectException,none
amtsgericht-nordhorn.niedersachsen.de,HttpConnectTimeoutException: HTTP connect timed out,none
amtsgericht-northeim.niedersachsen.de,ConnectException,none
amtsgericht-nuertingen.justiz-bw.de,301,none
amtsgericht-oberkirch.justiz-bw.de,301,none
amtsgericht-oberndorf.justiz-bw.de,301,none
amtsgericht-oehringen.justiz-bw.de,301,none
amtsgericht-offenburg.justiz-bw.de,301,none
amtsgericht-oldenburg.niedersachsen.de,SSLHandshakeException: (certificate_unknown) PKIX path building failed: sun.security.provider.certpath.SunCertPathBuilderException: unable to find valid certification path to requested target,none
amtsgericht-osnabrueck.niedersachsen.de,SSLHandshakeException: (certificate_unknown) PKIX path building failed: sun.security.provider.certpath.SunCertPathBuilderException: unable to find valid certification path to requested target,none
amtsgericht-osterholz-scharmbeck.niedersachsen.de,ConnectException,none
amtsgericht-osterode.niedersachsen.de,ConnectException,none
amtsgericht-otterndorf.niedersachsen.de,SSLHandshakeException: (certificate_unknown) PKIX path building failed: sun.security.provider.certpath.SunCertPathBuilderException: unable to find valid certification path to requested target,none
amtsgericht-papenburg.niedersachsen.de,ConnectException,none
amtsgericht-peine.niedersachsen.de,SSLHandshakeException: (certificate_unknown) PKIX path building failed: sun.security.provider.certpath.SunCertPathBuilderException: unable to find valid certification path to requested target,none
amtsgericht-pforzheim.justiz-bw.de,301,none
amtsgericht-philippsburg.justiz-bw.de,301,none
amtsgericht-radolfzell.justiz-bw.de,301,none
amtsgericht-rastatt.justiz-bw.de,301,none
amtsgericht-ravensburg.justiz-bw.de,301,none
amtsgericht-reutlingen.justiz-bw.de,301,none
amtsgericht-riedlingen.justiz-bw.de,301,none
amtsgericht-rinteln.niedersachsen.de,ConnectException,none
amtsgericht-rotenburg-wuemme.de,SSLHandshakeException: (certificate_unknown) No subject alternative DNS name matching amtsgericht-rotenburg-wuemme.de found.,10 mx04.secure-mailgate.com.; 10 mx03.secure-mailgate.com.
amtsgericht-rottenburg.justiz-bw.de,301,none
amtsgericht-rottweil.justiz-bw.de,301,none
amtsgericht-salzgitter.niedersachsen.de,SSLHandshakeException: (certificate_unknown) PKIX path building failed: sun.security.provider.certpath.SunCertPathBuilderException: unable to find valid certification path to requested target,none
amtsgericht-schoenau.justiz-bw.de,301,none
amtsgericht-schopfheim.justiz-bw.de,301,none
amtsgericht-schorndorf.justiz-bw.de,301,none
amtsgericht-schwaebisch-gmuend.justiz-bw.de,301,none
amtsgericht-schwaebisch-hall.justiz-bw.de,HttpConnectTimeoutException: HTTP connect timed out,none
amtsgericht-schwetzingen.justiz-bw.de,HttpConnectTimeoutException: HTTP connect timed out,none
amtsgericht-seesen.niedersachsen.de,HttpConnectTimeoutException: HTTP connect timed out,none
amtsgericht-sigmaringen.justiz-bw.de,HttpConnectTimeoutException: HTTP connect timed out,none
amtsgericht-singen.justiz-bw.de,HttpConnectTimeoutException: HTTP connect timed out,none
amtsgericht-sinsheim.justiz-bw.de,HttpConnectTimeoutException: HTTP connect timed out,none
amtsgericht-soltau.niedersachsen.de,HttpConnectTimeoutException: HTTP connect timed out,none
amtsgericht-spaichingen.justiz-bw.de,HttpConnectTimeoutException: HTTP connect timed out,none
amtsgericht-springe.niedersachsen.de,HttpConnectTimeoutException: HTTP connect timed out,none
amtsgericht-stade.niedersachsen.de,HttpConnectTimeoutException: HTTP connect timed out,none
amtsgericht-stadthagen.niedersachsen.de,HttpConnectTimeoutException: HTTP connect timed out,none
amtsgericht-staufen.justiz-bw.de,HttpConnectTimeoutException: HTTP connect timed out,none
amtsgericht-stockach.justiz-bw.de,HttpConnectTimeoutException: HTTP connect timed out,none
amtsgericht-stolzenau.niedersachsen.de,HttpConnectTimeoutException: HTTP connect timed out,none
amtsgericht-stuttgart-badcannstatt.justiz-bw.de,HttpConnectTimeoutException: HTTP connect timed out,none
amtsgericht-stuttgart.justiz-bw.de,HttpConnectTimeoutException: HTTP connect timed out,none
amtsgericht-syke.niedersachsen.de,SSLHandshakeException: (certificate_unknown) PKIX path building failed: sun.security.provider.certpath.SunCertPathBuilderException: unable to find valid certification path to requested target,none
amtsgericht-tauberbischofsheim.justiz-bw.de,301,none
amtsgericht-tettnang.justiz-bw.de,301,none
amtsgericht-titisee-neustadt.justiz-bw.de,301,none
amtsgericht-tostedt.niedersachsen.de,SSLHandshakeException: (certificate_unknown) PKIX path building failed: sun.security.provider.certpath.SunCertPathBuilderException: unable to find valid certification path to requested target,none
amtsgericht-tuebingen.justiz-bw.de,301,none
amtsgericht-tuttlingen.justiz-bw.de,301,none
amtsgericht-ueberlingen.justiz-bw.de,301,none
amtsgericht-ulm.justiz-bw.de,301,none
amtsgericht-vaihingen.justiz-bw.de,301,none
amtsgericht-vechta.niedersachsen.de,ConnectException,none
amtsgericht-villingen-schwenningen.justiz-bw.de,301,none
amtsgericht-waiblingen.justiz-bw.de,301,none
amtsgericht-waldkirch.justiz-bw.de,301,none
amtsgericht-waldshut-tiengen.justiz-bw.de,301,none
amtsgericht-walsrode.niedersachsen.de,ConnectException,none
amtsgericht-wangen.justiz-bw.de,301,none
amtsgericht-weinheim.justiz-bw.de,301,none
amtsgericht-wennigsen.niedersachsen.de,SSLHandshakeException: (certificate_unknown) PKIX path building failed: sun.security.provider.certpath.SunCertPathBuilderException: unable to find valid certification path to requested target,none
amtsgericht-wertheim.justiz-bw.de,301,none
amtsgericht-westerstede.niedersachsen.de,ConnectException,none
amtsgericht-wiesloch.justiz-bw.de,301,none
amtsgericht-wildeshausen.niedersachsen.de,SSLHandshakeException: (certificate_unknown) PKIX path building failed: sun.security.provider.certpath.SunCertPathBuilderException: unable to find valid certification path to requested target,none
amtsgericht-wilhelmshaven.niedersachsen.de,ConnectException,none
amtsgericht-winsen.niedersachsen.de,ConnectException,none
amtsgericht-wittmund.niedersachsen.de,ConnectException,none
amtsgericht-wolfach.justiz-bw.de,301,none
amtsgericht-wolfenbuettel.niedersachsen.de,ConnectException,none
amtsgericht-wolfsburg.niedersachsen.de,SSLHandshakeException: (certificate_unknown) PKIX path building failed: sun.security.provider.certpath.SunCertPathBuilderException: unable to find valid certification path to requested target,none
amtsgericht-zeven.niedersachsen.de,ConnectException,none
amtsgericht.bremen.de,301,none
amtsgericht.hamburg.de,301,none
anh.wsv.de,ConnectException,none
anhalt-bitterfeld.de,HttpConnectTimeoutException: HTTP connect timed out,0 anhaltbitterfeld-de01e.mail.protection.outlook.com.; 100 mail1.anhalt-bitterfeld.de.
antidiskriminierungsstelle.de,303,10 mail.antidiskriminierungsstelle.de.
anwaltsgerichte-bayern.de,200,none
aoi-verband.de,301,none
aok.de,HttpConnectTimeoutException: HTTP connect timed out,none
apostelkirchengemeinde-muenster.de,200,10 mx00.ionos.de.; 10 mx01.ionos.de.
arbeitsagentur.de,301,10 mail2.arbeitsagentur.de.; 10 mail1.arbeitsagentur.de.
arbeitsgericht-braunschweig.niedersachsen.de,HttpConnectTimeoutException: HTTP connect timed out,none
arbeitsgericht-celle.niedersachsen.de,HttpConnectTimeoutException: HTTP connect timed out,none
arbeitsgericht-emden.niedersachsen.de,HttpConnectTimeoutException: HTTP connect timed out,none
arbeitsgericht-freiburg.justiz-bw.de,301,none
arbeitsgericht-goettingen.niedersachsen.de,HttpConnectTimeoutException: HTTP connect timed out,none
arbeitsgericht-hameln.niedersachsen.de,HttpConnectTimeoutException: HTTP connect timed out,none
arbeitsgericht-hannover.niedersachsen.de,HttpConnectTimeoutException: HTTP connect timed out,none
arbeitsgericht-heilbronn.justiz-bw.de,HttpConnectTimeoutException: HTTP connect timed out,none
arbeitsgericht-hildesheim.niedersachsen.de,HttpConnectTimeoutException: HTTP connect timed out,none
arbeitsgericht-karlsruhe.justiz-bw.de,HttpConnectTimeoutException: HTTP connect timed out,none
arbeitsgericht-lingen.niedersachsen.de,HttpConnectTimeoutException: HTTP connect timed out,none
arbeitsgericht-lueneburg.niedersachsen.de,HttpConnectTimeoutException: HTTP connect timed out,none
arbeitsgericht-mannheim.justiz-bw.de,301,none
arbeitsgericht-nienburg.niedersachsen.de,HttpConnectTimeoutException: HTTP connect timed out,none
arbeitsgericht-oldenburg.niedersachsen.de,SSLHandshakeException: (certificate_unknown) PKIX path building failed: sun.security.provider.certpath.SunCertPathBuilderException: unable to find valid certification path to requested target,none
arbeitsgericht-osnabrueck.niedersachsen.de,SSLHandshakeException: (certificate_unknown) PKIX path building failed: sun.security.provider.certpath.SunCertPathBuilderException: unable to find valid certification path to requested target,none
arbeitsgericht-pforzheim.justiz-bw.de,301,none
arbeitsgericht-reutlingen.justiz-bw.de,301,none
arbeitsgericht-stuttgart.justiz-bw.de,301,none
arbeitsgericht-ulm.justiz-bw.de,301,none
arbeitsgericht-verden.niedersachsen.de,SSLHandshakeException: (certificate_unknown) PKIX path building failed: sun.security.provider.certpath.SunCertPathBuilderException: unable to find valid certification path to requested target,none
arbeitsgericht-villingen-schwenningen.justiz-bw.de,301,none
arbeitsgericht-wilhelmshaven.niedersachsen.de,HttpConnectTimeoutException: HTTP connect timed out,none
arbeitsgericht.bremen.de,301,none
arbeitsgerichte.thueringen.de,HttpConnectTimeoutException: HTTP connect timed out,none
arbeitsgerichtsbarkeit.hessen.de,HttpConnectTimeoutException: HTTP connect timed out,none
arbg-aachen.nrw.de,SSLHandshakeException: (certificate_unknown) No subject alternative DNS name matching arbg-aachen.nrw.de found.,none
arbg-arnsberg.nrw.de,SSLHandshakeException: (certificate_unknown) No subject alternative DNS name matching arbg-arnsberg.nrw.de found.,none
arbg-bielefeld.nrw.de,HttpConnectTimeoutException: HTTP connect timed out,none
arbg-bocholt.nrw.de,HttpConnectTimeoutException: HTTP connect timed out,none
arbg-bochum.nrw.de,SSLHandshakeException: (certificate_unknown) No subject alternative DNS name matching arbg-bochum.nrw.de found.,40 relay7m.it.nrw.de.; 60 relay7v.it.nrw.de.
arbg-bonn.nrw.de,HttpConnectTimeoutException: HTTP connect timed out,40 relay7m.it.nrw.de.; 60 relay7v.it.nrw.de.
arbg-de.sachsen-anhalt.de,400,none
arbg-detmold.nrw.de,SSLHandshakeException: (certificate_unknown) No subject alternative DNS name matching arbg-detmold.nrw.de found.,none
arbg-dortmund.nrw.de,SSLHandshakeException: (certificate_unknown) No subject alternative DNS name matching arbg-dortmund.nrw.de found.,40 relay7m.it.nrw.de.; 60 relay7v.it.nrw.de.
arbg-duesseldorf.nrw.de,SSLHandshakeException: (certificate_unknown) No subject alternative DNS name matching arbg-duesseldorf.nrw.de found.,40 relay7m.it.nrw.de.; 60 relay7v.it.nrw.de.
arbg-duisburg.nrw.de,SSLHandshakeException: (certificate_unknown) No subject alternative DNS name matching arbg-duisburg.nrw.de found.,none
arbg-essen.nrw.de,SSLHandshakeException: (certificate_unknown) No subject alternative DNS name matching arbg-essen.nrw.de found.,none
arbg-gelsenkirchen.nrw.de,HttpConnectTimeoutException: HTTP connect timed out,none
arbg-hagen.nrw.de,SSLHandshakeException: (certificate_unknown) No subject alternative DNS name matching arbg-hagen.nrw.de found.,40 relay7m.it.nrw.de.; 60 relay7v.it.nrw.de.
arbg-hal.sachsen-anhalt.de,400,none
arbg-hamm.nrw.de,SSLHandshakeException: (certificate_unknown) No subject alternative DNS name matching arbg-hamm.nrw.de found.,none
arbg-herford.nrw.de,SSLHandshakeException: (certificate_unknown) No subject alternative DNS name matching arbg-herford.nrw.de found.,none
arbg-herne.nrw.de,SSLHandshakeException: (certificate_unknown) No subject alternative DNS name matching arbg-herne.nrw.de found.,none
arbg-iserlohn.nrw.de,SSLHandshakeException: (certificate_unknown) No subject alternative DNS name matching arbg-iserlohn.nrw.de found.,none
arbg-koeln.nrw.de,SSLHandshakeException: (certificate_unknown) No subject alternative DNS name matching arbg-koeln.nrw.de found.,none
arbg-krefeld.nrw.de,SSLHandshakeException: (certificate_unknown) No subject alternative DNS name matching arbg-krefeld.nrw.de found.,none
arbg-md.sachsen-anhalt.de,400,none
arbg-minden.nrw.de,SSLHandshakeException: (certificate_unknown) No subject alternative DNS name matching arbg-minden.nrw.de found.,none
arbg-moenchengladbach.nrw.de,SSLHandshakeException: (certificate_unknown) No subject alternative DNS name matching arbg-moenchengladbach.nrw.de found.,none
arbg-muenster.nrw.de,SSLHandshakeException: (certificate_unknown) No subject alternative DNS name matching arbg-muenster.nrw.de found.,none
arbg-oberhausen.nrw.de,SSLHandshakeException: (certificate_unknown) No subject alternative DNS name matching arbg-oberhausen.nrw.de found.,none
arbg-paderborn.nrw.de,SSLHandshakeException: (certificate_unknown) No subject alternative DNS name matching arbg-paderborn.nrw.de found.,none
arbg-rheine.nrw.de,SSLHandshakeException: (certificate_unknown) No subject alternative DNS name matching arbg-rheine.nrw.de found.,none
arbg-sdl.sachsen-anhalt.de,HttpConnectTimeoutException: HTTP connect timed out,none
arbg-siegburg.nrw.de,SSLHandshakeException: (certificate_unknown) No subject alternative DNS name matching arbg-siegburg.nrw.de found.,40 relay7m.it.nrw.de.; 60 relay7v.it.nrw.de.
arbg-siegen.nrw.de,HttpConnectTimeoutException: HTTP connect timed out,none
arbg-solingen.nrw.de,SSLHandshakeException: (certificate_unknown) No subject alternative DNS name matching arbg-solingen.nrw.de found.,none
arbg-wesel.nrw.de,HttpConnectTimeoutException: HTTP connect timed out,none
arbg-wuppertal.nrw.de,HttpConnectTimeoutException: HTTP connect timed out,none
arbgb.brandenburg.de,HttpConnectTimeoutException: HTTP connect timed out,10 pmmx-hea-p01.brandenburg.de.; 10 pmmx-hea-p02.brandenburg.de.
arbgkl.justiz.rlp.de,HttpConnectTimeoutException: HTTP connect timed out,none
arbgko.justiz.rlp.de,HttpConnectTimeoutException: HTTP connect timed out,none
arbglu.justiz.rlp.de,HttpConnectTimeoutException: HTTP connect timed out,none
arbgmz.justiz.rlp.de,200,none
arbgtr.justiz.rlp.de,200,none
archaeologie.sachsen.de,301,none
archiv.sachsen.de,301,none
archive.nrw.de,301,40 relay7m.it.nrw.de.; 60 relay7v.it.nrw.de.
archlsa.de,301,none
arl-net.de,HttpConnectTimeoutException: HTTP connect timed out,10 mail.arl-net.de.
arolsen-archives.org,200,5 mx-b.secumail.de.; 10 arolsenarchives-org01i.mail.protection.outlook.com.; 5 mx-a.secumail.de.
aschaffenburg.ihk.de,301,none
assemblee-nationale.fr,ConnectException,none
ata-dag.de,HttpConnectTimeoutException: HTTP connect timed out,10 w013af70.kasserver.com.
atb-potsdam.de,HttpConnectTimeoutException: HTTP connect timed out,10 mail.atb-potsdam.de.
auchsesheim.de,HttpConnectTimeoutException: HTTP connect timed out,10 mx03.secure-mailgate.com.; 10 mx04.secure-mailgate.com.
aufroth.de,HttpConnectTimeoutException: HTTP connect timed out,none
aurachtal.de,HttpConnectTimeoutException: HTTP connect timed out,10 aurachtal-de.mail.protection.outlook.com.
auslandsschulwesen.de,303,none
aussiedlerbeauftragte.de,HttpConnectTimeoutException: HTTP connect timed out,none
autobahn.de,307,none
avea.info,301,none
avv-augsburg.de,HttpConnectTimeoutException: HTTP connect timed out,none
avv.de,HttpConnectTimeoutException: HTTP connect timed out,none
awi.de,HttpConnectTimeoutException: HTTP connect timed out,10 a3061.mx.srv.dfn.de.; 10 b3061.mx.srv.dfn.de.; 10 c3061.mx.srv.dfn.de.
awv-net.de,HttpConnectTimeoutException: HTTP connect timed out,none
azv-grossenhain.de,HttpConnectTimeoutException: HTTP connect timed out,none
azv-hof.de,301,none
baainbw.de,HttpConnectTimeoutException: HTTP connect timed out,0 .
bad-groenenbach.de,HttpConnectTimeoutException: HTTP connect timed out,none
bad-koenigshofen-vgem.de,HttpConnectTimeoutException: HTTP connect timed out,none
bad-neustadt-vgem.de,HttpConnectTimeoutException: HTTP connect timed out,none
bad-salzuflen-lutherisch.de,200,none
badbirnbach.de,301,none
badbrueckenau.feuerwehren.bayern,200,none
baden-wuerttemberg.datenschutz.de,ConnectException,none
baden-wuerttemberg.de,302,10 mx8.kvnbw.de.; 10 mx9.kvnbw.de.; 10 mx6.kvnbw.de.; 10 mx7.kvnbw.de.
badkissingen.de,301,0 badkissingen-de.mail.protection.outlook.com.
badtennstedt.de,HttpConnectTimeoutException: HTTP connect timed out,none
bafa.de,303,10 mail2.babiel.net.
bafg.de,HttpConnectTimeoutException: HTTP connect timed out,10 ofcsgbbm.gbbmvi-wan.de.; 100 zbcsgbbm.gbbmvi-wan.de.
bafin.de,303,10 mx1.bund.de.; 10 mx2.bund.de.
bafza.de,301,100 mxlb.ispgateway.de.
bag-jugendschutz.de,HttpConnectTimeoutException: HTTP connect timed out,none
bagejsa.de,HttpConnectTimeoutException: HTTP connect timed out,none
bagkjs.de,HttpConnectTimeoutException: HTTP connect timed out,none
baldinger-vereine.de,ConnectException,none
bam.de,303,10 c1381.mx.srv.dfn.de.; 10 b1381.mx.srv.dfn.de.; 10 a1381.mx.srv.dfn.de.
bamf.de,303,none
banst-pt.de,308,30 mx3.mas.t-systems-service.com.; 20 mx2.mas.t-systems-service.com.; 10 mx1.mas.t-systems-service.com.
barnim.de,301,none
barockhaus-laufenselden.de,200,10 mail.barockhaus-laufenselden.de.
basf.com,HttpConnectTimeoutException: HTTP connect timed out,10 basf.mail.protection.outlook.com.
bast.de,302,none
bastheim.feuerwehren.bayern,200,none
bau-verkehr.thueringen.de,200,none
baua.de,301,10 mx1.bund.de.; 10 mx2.bund.de.
bauland-odenwald.de,301,none
baumwollboerse.de,200,none
bauumwelt.bremen.de,HttpConnectTimeoutException: HTTP connect timed out,none
baw.de,301,none
bayerdilling.de,200,10 dueing.kasserver.com.
bayern.de,302,10 mail.bayern.de.
bayern.landtag.de,ConnectException,none
bayern.verfassungsgerichtshof.de,ConnectException,none
bayreuth.ihk.de,SSLHandshakeException: (certificate_unknown) PKIX path building failed: sun.security.provider.certpath.SunCertPathBuilderException: unable to find valid certification path to requested target,none
bdn.dk,200,none
beauftragte-missbrauch.de,HttpConnectTimeoutException: HTTP connect timed out,20 mx3.agenturserver.de.; 10 mx2.agenturserver.de.; 50 mx4.agenturserver.de.; 10 mx1.agenturserver.de.
behindertenbeauftragter.de,HttpConnectTimeoutException: HTTP connect timed out,10 mx2.bund.de.; 10 mx1.bund.de.
benediktbeuern.de,301,none
bergbaumuseum.de,301,10 d-mx020.server.est1816.de.
bergen-chiemgau.de,301,none
bergische.ihk.de,301,none
bergkirchen.net,HttpConnectTimeoutException: HTTP connect timed out,10 mail.bergkirchen.net.
berglern.feuerwehren.bayern,HttpConnectTimeoutException: HTTP connect timed out,none
berlim.embaixadaportugal.mne.pt,HttpConnectTimeoutException: HTTP connect timed out,none
berlin.bwkrankenhaus.de,HttpConnectTimeoutException: HTTP connect timed out,none
berlin.de,308,10 mailin.berlin.de.; 50 secondary.snafu.de.
berlin.embassy.mn,HttpConnectTimeoutException: HTTP connect timed out,none
berlin.embassy.qa,HttpConnectTimeoutException: HTTP connect timed out,none
berlin.europarl.europa.eu,HttpConnectTimeoutException: HTTP connect timed out,none
berlin.mae.lu,HttpConnectTimeoutException: HTTP connect timed out,none
berlin.mae.ro,HttpConnectTimeoutException: HTTP connect timed out,none
berlin.mfa.ee,HttpConnectTimeoutException: HTTP connect timed out,none
berlin.mfa.gov.hu,SSLHandshakeException: (certificate_unknown) PKIX path building failed: sun.security.provider.certpath.SunCertPathBuilderException: unable to find valid certification path to requested target,none
berlin.mofa.go.ug,HttpConnectTimeoutException: HTTP connect timed out,none
berlin.veleposlanistvo.si,HttpConnectTimeoutException: HTTP connect timed out,none
berliner-feuerwehr.de,301,none
bernbeuren.de,301,none
bernkastel-wittlich.de,301,none
berufsfeuerwehr-mainz.de,HttpConnectTimeoutException: HTTP connect timed out,10 mx00.ionos.de.; 10 mx01.ionos.de.
berufsfeuerwehr.flensburg.de,HttpConnectTimeoutException: HTTP connect timed out,none
bfaa.diplo.de,200,none
bfarm.de,303,10 mx-d1.bfarm.de.; 20 mx-d2.bfarm.de.
bfn.de,301,10 mail.bfn.de.; 20 mail2.bfn.de.
bfs.de,303,10 mx1.bund.de.; 10 mx2.bund.de.
bfu-web.de,301,10 ofcsgbbm.gbbmvi-wan.de.; 20 zbcsgbbm.gbbmvi-wan.de.
bg-verkehr.de,302,none
bgbau.de,301,none
bgc-jena.mpg.de,HttpConnectTimeoutException: HTTP connect timed out,none
bgetem.de,308,none
bghm.de,301,none
bghw.de,301,none
bgn.de,302,50 mail110b.cnuv.de.; 50 mail110a.cnuv.de.
bgrci.de,301,none
bgw-online.de,HttpConnectTimeoutException: HTTP connect timed out,10 mail109b.cnuv.de.; 10 mail109a.cnuv.de.
bi.mpg.de,HttpConnectTimeoutException: HTTP connect timed out,none
bib-demografie.de,HttpConnectTimeoutException: HTTP connect timed out,none
bibb.de,301,none
biberach.de,307,10 mx6.kvnbw.de.; 10 mx8.kvnbw.de.; 10 mx7.kvnbw.de.; 10 mx9.kvnbw.de.
bibert.de,HttpConnectTimeoutException: HTTP connect timed out,none
bienenkunde.uni-hohenheim.de,HttpConnectTimeoutException: HTTP connect timed out,none
biessenhofen.de,HttpConnectTimeoutException: HTTP connect timed out,none
big-direkt.de,HttpConnectTimeoutException: HTTP connect timed out,none
bildung.bremen.de,500,10 mx1.ondataport.de.; 10 mx2.ondataport.de.
bildung.thueringen.de,200,none
billigheim.de,HttpConnectTimeoutException: HTTP connect timed out,none
bingen.de,HttpConnectTimeoutException: HTTP connect timed out,10 mailmx0004.rlp.de.; 10 mailmx0003.rlp.de.; 10 mailmx0001.rlp.de.; 10 mailmx0002.rlp.de.
binzen.de,HttpConnectTimeoutException: HTTP connect timed out,none
bio.mpg.de,HttpConnectTimeoutException: HTTP connect timed out,10 mailhost.tuebingen.mpg.de.
biochem.mpg.de,SSLHandshakeException: (certificate_unknown) PKIX path building failed: sun.security.provider.certpath.SunCertPathBuilderException: unable to find valid certification path to requested target,none
bioeg.de,301,10 mx2.bund.de.; 10 mx1.bund.de.
biophys.mpg.de,301,none
bips-institut.de,302,none
birkenreuth.de,HttpConnectTimeoutException: HTTP connect timed out,none
bischofswiesen.feuerwehren.bayern,200,none
bismarck-stiftung.de,301,none
bisp.de,303,10 mx2.bund.de.; 10 mx1.bund.de.
bitburg-pruem.de,HttpConnectTimeoutException: HTTP connect timed out,none
bitbw.de,HttpConnectTimeoutException: HTTP connect timed out,none
bka.de,303,10 mail.publicsec.t-systems.net.
bkge.de,301,20 spamgw2.exedra.de.; 10 spamgw1.exedra.de.
bldam-brandenburg.de,HttpConnectTimeoutException: HTTP connect timed out,none
ble.de,303,none
blfd.bayern.de,200,none
blm.de,302,none
blz.bayern.de,301,none
bm.rlp.de,HttpConnectTimeoutException: HTTP connect timed out,none
bmel.de,303,0 .
bmfsfj.de,301,10 rzs02.init.de.; 10 rzs01.init.de.
bmj.de,301,none
bmwk.de,SSLHandshakeException: (certificate_unknown) No subject alternative DNS name matching bmwk.de found.,none
bnitm.de,302,10 mx04.rrz.uni-hamburg.de.; 10 mx03.rrz.uni-hamburg.de.; 10 mx05.rrz.uni-hamburg.de.
bnotk.de,301,none
bochum.de,302,none
bodensee-wasserversorgung.de,SSLHandshakeException: (certificate_unknown) PKIX path building failed: sun.security.provider.certpath.SunCertPathBuilderException: unable to find valid certification path to requested target,none
bodenseekreis.de,301,none
bodo.de,200,none
boeckler.de,301,10 mg.boeckler.de.
boell.de,301,none
boerwang.feuerwehren.bayern,200,none
bolivia.de,303,none
bonn.de,301,10 mailgw02.regioit.de.; 10 mailgw01.regioit.de.
bonn.leibniz-lib.de,307,none
botschaft-afghanistan.de,ConnectException,none
botschaft-benin.de,ConnectException,none
botschaft-costarica.de,200,none
botschaft-eritrea.de,200,none
botschaft-gabun.de,308,none
botschaft-guatemala.de,200,none
botschaft-guinea-bissau-berlin.de,301,none
botschaft-kasachstan.de,301,none
botschaft-kirgisien.de,HttpConnectTimeoutException: HTTP connect timed out,none
botschaft-madagaskar.de,HttpConnectTimeoutException: HTTP connect timed out,none
botschaft-marokko.de,SSLHandshakeException: (certificate_unknown) No subject alternative DNS name matching botschaft-marokko.de found.,none
botschaft-panama.de,200,none
botschaft-senegal.de,200,none
botschaft-venezuela.de,301,none
botschaftangola.de,301,none
botschaftbh.de,200,none
botschaftgeorgien.de,503,10 mx00.ionos.de.; 10 mx01.ionos.de.
bpb.de,301,10 mx1.bund.de.; 10 mx2.bund.de.
brain.mpg.de,301,50 b1233.mx.srv.dfn.de.; 50 a1233.mx.srv.dfn.de.; 50 c1233.mx.srv.dfn.de.
brak.de,301,0 mail.brak.de.
brandenburg.de,301,10 pmmx-hea-p01.brandenburg.de.; 10 pmmx-hea-p02.brandenburg.de.
braunschweig.ihk.de,301,none
braunschweigischelandschaft.de,301,none
breisgau-hochschwarzwald.de,301,none
bremen.de,301,none
bremische-buergerschaft.de,301,none
bremische-landesmedienanstalt.de,301,none
bruessel-nato.diplo.de,301,none
brw-haan.de,500,10 gateway.brw-haan.de.; 30 mforward.dtag.de.
bsh.de,301,10 ofcsgbbm.gbbmvi-wan.de.; 20 zbcsgbbm.gbbmvi-wan.de.
bstbk.de,301,none
bsu-bund.de,302,none
buchenwald.de,301,none
buchloe.de,HttpConnectTimeoutException: HTTP connect timed out,10 mail.buchloe.de.
buehnenversorgung.de,301,10 mx2.versorgungskammer.de.; 10 mx1.versorgungskammer.de.
buergstadt.de,HttpConnectTimeoutException: HTTP connect timed out,none
bund-der-vertriebenen.de,404,50 mx4.agenturserver.de.; 10 mx2.agenturserver.de.; 10 mx1.agenturserver.de.; 20 mx3.agenturserver.de.
bundesamtsozialesicherung.de,301,0 mail.bundesamtsozialesicherung.de.
bundesanzeiger.de,302,10 mail01.bundesanzeiger.de.; 10 mail02.bundesanzeiger.de.
bundesarbeitsgericht.de,301,20 mx2.bund.de.; 10 mx1.bund.de.
bundesarchiv.de,301,10 mx2.bund.de.; 10 mx1.bund.de.
bundesausgleichsamt.de,HttpConnectTimeoutException: HTTP connect timed out,none
bundesbank.de,301,20 cluster4a.eu.messagelabs.com.; 10 cluster4.eu.messagelabs.com.
bundesbau-bw.de,301,none
bundesdrogenbeauftragter.de,301,none
bundesdruckerei.de,302,none
bundesfinanzhof.de,301,none
bundesgerichtshof.de,303,none
bundesimmobilien.de,301,none
bundesjustizamt.de,303,10 mail.bundesjustizamt.de.
bundesjustizportal.de,HttpConnectTimeoutException: HTTP connect timed out,none
bundeskanzler.de,301,none
bundeskanzleramt.de,HttpConnectTimeoutException: HTTP connect timed out,0 bundeskanzleramt.de.
bundeskartellamt.de,303,5 smtpin.rzone.de.
bundeskunsthalle.de,301,none
bundeslotsenkammer.de,301,none
bundesnetzagentur.de,302,10 vmail1.bnetza.de.; 20 vmail2.bnetza.de.
bundespatentgericht.de,303,none
bundespolizei.de,303,10 mail.bundespolizei.de.
bundespraesident.de,303,none
bundesprogramm.de,301,10 mx1.bund.de.; 10 mx2.bund.de.
bundesrat.de,303,3 mx2.bund.de.; 3 mx1.bund.de.
bundesrechnungshof.de,303,10 bundesrechnungshof-de.mail.protection.outlook.com.
bundessortenamt.de,200,30 email.bundessortenamt.de.; 20 mforward.dtag.de.; 10 mail.bundessortenamt.de.
bundessprachenamt.de,HttpConnectTimeoutException: HTTP connect timed out,none
bundesstiftung-aufarbeitung.de,403,20 mail01.bundesstiftung-aufarbeitung.de.; 10 mrelay08.hosted-it.net.
bundesstiftung-friedensforschung.de,200,none
bundesstiftung-gleichstellung.de,301,none
bundesstiftung-helmut-kohl.de,301,none
bundesstiftung-mutter-und-kind.de,SSLHandshakeException: (certificate_unknown) PKIX path building failed: sun.security.provider.certpath.SunCertPathBuilderException: unable to find valid certification path to requested target,none
bundesverfassungsgericht.de,303,10 mx1.bund.de.; 20 mx2.bund.de.
bundeswahlleiterin.de,200,none
bundeswehr.de,301,0 .
bundeswehrkarriere.de,HttpConnectTimeoutException: HTTP connect timed out,none
burgbernheim.de,HttpConnectTimeoutException: HTTP connect timed out,none
burgebrach.de,HttpConnectTimeoutException: HTTP connect timed out,none
burgenlandkreis.de,302,none
burggriesbach.de,HttpConnectTimeoutException: HTTP connect timed out,none
burundiembassy-germany.de,HttpConnectTimeoutException: HTTP connect timed out,none
bus-clp.de,HttpConnectTimeoutException: HTTP connect timed out,5 smtpin.rzone.de.
buxach.ffw-mm.de,HttpConnectTimeoutException: HTTP connect timed out,none
bv-pfalz.de,SSLHandshakeException: (certificate_unknown) PKIX path building failed: sun.security.provider.certpath.SunCertPathBuilderException: unable to find valid certification path to requested target,none
bverwg.de,301,10 mailgate1.isp-cosimo.de.; 20 mailgate2.isp-cosimo.de.
bvo.de,200,10 mta1in.kdo.de.; 10 mta2in.kdo.de.
bvpraevention.de,HttpConnectTimeoutException: HTTP connect timed out,none
bvvg.de,HttpConnectTimeoutException: HTTP connect timed out,none
bwconsulting.de,HttpConnectTimeoutException: HTTP connect timed out,none
bzkj.de,301,none
bzst.de,303,10 lxmxext1.bfinv.de.; 20 lxmxext2.bfinv.de.
caritas.de,HttpConnectTimeoutException: HTTP connect timed out,none
catalysis.de,HttpConnectTimeoutException: HTTP connect timed out,4 smtp.catalysis.de.
cbs.mpg.de,ConnectException,none
cebus-celle.de,200,none
cec.mpg.de,SSLHandshakeException: (certificate_unknown) PKIX path building failed: sun.security.provider.certpath.SunCertPathBuilderException: unable to find valid certification path to requested target,none
china-botschaft.de,HttpConnectTimeoutException: HTTP connect timed out,none
cir.bundeswehr.de,HttpConnectTimeoutException: HTTP connect timed out,none
coburg.ihk.de,301,none
cochem-zell.de,301,none
coll.mpg.de,301,none
conact-org.de,301,none
consulfrance-munich.org,ConnectException,none
consulfrance-sarrebruck.org,HttpConnectTimeoutException: HTTP connect timed out,none
consulfrance-stuttgart.org,HttpConnectTimeoutException: HTTP connect timed out,none
contergan-infoportal.de,HttpConnectTimeoutException: HTTP connect timed out,none
continentale-bkk.de,HttpConnectTimeoutException: HTTP connect timed out,none
cottbus.ihk.de,301,none
cpfs.mpg.de,ConnectException,none
cubadiplomatica.cu,ConnectException,none
cvua-freiburg.de,200,none
cvua-mel.de,200,none
cvua-owl.de,200,5 mx.krz.de.
cvua-sigmaringen.de,200,none
d-nrw.de,200,10 mx01.kundenserver.de.; 10 mx00.kundenserver.de.
daad-akademie.de,HttpConnectTimeoutException: HTTP connect timed out,none
dagstuhl.de,301,none
dahme-spreewald.info,HttpConnectTimeoutException: HTTP connect timed out,none
dainst.org,308,none
dakks.de,301,10 mail.dakks.de.
dambachhaus.de,200,none
darmstadt.ihk.de,301,none
datenschutz-bayern.de,200,none
datenschutz-berlin.de,302,none
datenschutz-hamburg.de,200,none
datenschutz-mv.de,SSLHandshakeException: (certificate_unknown) PKIX path building failed: sun.security.provider.certpath.SunCertPathBuilderException: unable to find valid certification path to requested target,10 mx04.mvnet.de.; 10 mx03.mvnet.de.
datenschutz.bremen.de,301,none
datenschutz.hessen.de,200,none
datenschutz.rlp.de,307,10 mailmx0002.rlp.de.; 10 mailmx0001.rlp.de.; 10 mailmx0003.rlp.de.; 10 mailmx0004.rlp.de.
datenschutz.saarland.de,301,none
datenschutz.sachsen-anhalt.de,400,none
datenschutz.sachsen.de,301,20 s2vg300mr02.pzd-svn.de.; 20 s2vg300mr01.pzd-svn.de.
datenschutzzentrum.de,301,none
dbb.de,HttpConnectTimeoutException: HTTP connect timed out,none
dbfz.de,301,none
dbjr.de,HttpConnectTimeoutException: HTTP connect timed out,10 dedi5624.your-server.de.
dbu.de,HttpConnectTimeoutException: HTTP connect timed out,none
dd-wast.de,HttpConnectTimeoutException: HTTP connect timed out,none
ddz.de,HttpConnectTimeoutException: HTTP connect timed out,0 webmail.ddz.de.
de.ambafrance.org,301,none
de.berlin.mfa.ir,HttpConnectTimeoutException: HTTP connect timed out,none
de.mfa.hr,ConnectException,none
de.mfa.lt,HttpConnectTimeoutException: HTTP connect timed out,none
deggendorf.de,301,none
deginvest.de,HttpConnectTimeoutException: HTTP connect timed out,none
dehst.de,303,none
deichacht-norden.de,200,none
deichverband-erste-meile.de,200,none
deine-gesundheitswelt.de,HttpConnectTimeoutException: HTTP connect timed out,none
deiningen.de,301,none
deka.de,HttpConnectTimeoutException: HTTP connect timed out,none
demogr.mpg.de,301,none
demokratiezentrum-bw.de,200,none
denkmal.hessen.de,200,none
denkmalpflege-bw.de,HttpConnectTimeoutException: HTTP connect timed out,none
denkmalpflege.bremen.de,301,none
denkmalpflege.niedersachsen.de,SSLHandshakeException: (certificate_unknown) PKIX path building failed: sun.security.provider.certpath.SunCertPathBuilderException: unable to find valid certification path to requested target,none
dentlein.de,200,none
der-gvv.de,HttpTimeoutException: request timed out,none
der-paritaetische.de,HttpConnectTimeoutException: HTTP connect timed out,none
destatis.de,302,0 mx2.bund.de.; 0 mx1.bund.de.
desy.de,200,none
detmold-lutherisch.de,301,none
detmold.ihk.de,SSLHandshakeException: (certificate_unknown) PKIX path building failed: sun.security.provider.certpath.SunCertPathBuilderException: unable to find valid certification path to requested target,none
deutsche-finanzagentur.de,301,none
deutsche-kinemathek.de,HttpConnectTimeoutException: HTTP connect timed out,none
deutsche-rentenversicherung-nord.de,ConnectException,none
deutsche-rentenversicherung.de,302,10 mx03.drv-bund.de.; 10 mx04.drv-bund.de.; 10 mx02.drv-bund.de.; 10 mx01.drv-bund.de.
deutsche-stiftung-engagement-und-ehrenamt.de,HttpConnectTimeoutException: HTTP connect timed out,0 mail.deutsche-stiftung-engagement-und-ehrenamt.de.
deutschepost.de,301,none
deutscher-verein.de,301,none
deutsches-museum.de,301,none
deutschesheer.de,ConnectException,0 .
deutscheweine.de,301,none
deval.org,301,none
dfg.de,301,none
dfh-ufa.org,SSLHandshakeException: (certificate_unknown) No subject alternative DNS name matching dfh-ufa.org found.,none
dfs.de,302,1 dfs-de.mail.protection.outlook.com.
dge.de,307,50 mx01.dge.de.
dguv.de,301,10 mail100b.cnuv.de.; 10 mail100a.cnuv.de.
dhm.de,SSLHandshakeException: (certificate_unknown) PKIX path building failed: sun.security.provider.certpath.SunCertPathBuilderException: unable to find valid certification path to requested target,10 a1761.mx.srv.dfn.de.; 10 b1761.mx.srv.dfn.de.; 10 c1761.mx.srv.dfn.de.
diakonie.de,301,none
die-bonn.de,404,none
die-ik.de,301,none
diepholz.de,301,none
diespeck.de,HttpConnectTimeoutException: HTTP connect timed out,10 mail.diespeck.de.
dife.de,301,none
difu.de,200,10 c1221.mx.srv.dfn.de.; 10 a1221.mx.srv.dfn.de.; 10 b1221.mx.srv.dfn.de.
digital-in.de,HttpConnectTimeoutException: HTTP connect timed out,none
digitales.hessen.de,HttpConnectTimeoutException: HTTP connect timed out,10 mx-in-20.hessen.de.; 10 mx-in-10.hessen.de.
ding.eu,200,none
dipf.de,301,none
diw.de,301,none
diz-bayern.de,301,none
dji.de,301,none
dkfz.de,302,none
dla-marbach.de,SSLHandshakeException: (certificate_unknown) PKIX path building failed: sun.security.provider.certpath.SunCertPathBuilderException: unable to find valid certification path to requested target,10 mx2.belwue.de.; 10 mx1.belwue.de.; 10 mx3.belwue.de.; 10 mx4.belwue.de.
dlfr.de,HttpConnectTimeoutException: HTTP connect timed out,none
dlr-eifel.rlp.de,SSLHandshakeException: (certificate_unknown) No subject alternative DNS name matching dlr-eifel.rlp.de found.,none
dlr-mosel.rlp.de,HttpConnectTimeoutException: HTTP connect timed out,none
dlr-rheinpfalz.rlp.de,HttpConnectTimeoutException: HTTP connect timed out,none
dlr.de,308,none
dlr.rlp.de,HttpConnectTimeoutException: HTTP connect timed out,10 mailmx0001.rlp.de.; 10 mailmx0002.rlp.de.; 10 mailmx0004.rlp.de.; 10 mailmx0003.rlp.de.
dlz-it.de,HttpConnectTimeoutException: HTTP connect timed out,none
dnb.de,303,10 mail.dnb.de.
dnk.de,301,none
doerfles-online.de,HttpConnectTimeoutException: HTTP connect timed out,none
donau-heuberg.de,301,none
donau-ries.de,HttpConnectTimeoutException: HTTP connect timed out,none
donnersberg.de,HttpConnectTimeoutException: HTTP connect timed out,none
donumvitae.org,HttpConnectTimeoutException: HTTP connect timed out,none
dorfgemeinschaft-oberharthausen.de,HttpConnectTimeoutException: HTTP connect timed out,10 mail.dorfgemeinschaft-oberharthausen.de.
dorschhausen.de,200,10 mx00.ionos.de.; 10 mx01.ionos.de.
dortmund.de,301,none
dortmund.ihk24.de,301,none
dosb.de,301,none
dpma.de,200,none
dpz.eu,SSLHandshakeException: (certificate_unknown) PKIX path building failed: sun.security.provider.certpath.SunCertPathBuilderException: unable to find valid certification path to requested target,50 a1234.mx.srv.dfn.de.; 50 b1234.mx.srv.dfn.de.; 50 c1234.mx.srv.dfn.de.
dr-botschaft.de,302,10 mx00.ionos.de.; 10 mx01.ionos.de.
dresden.ihk.de,SSLHandshakeException: (certificate_unknown) No subject alternative DNS name matching dresden.ihk.de found.,none
drfz.de,301,none
drk-suchdienst.de,301,10 imap3.iap.de.
drk.de,301,none
drogenbeauftragte.de,301,none
druisheim.de,HttpConnectTimeoutException: HTTP connect timed out,none
drv-bw.de,HttpConnectTimeoutException: HTTP connect timed out,none
drv-nord.de,SSLHandshakeException: (certificate_unknown) No subject alternative DNS name matching drv-nord.de found.,none
drv-schwaben.de,SSLHandshakeException: (certificate_unknown) No subject alternative DNS name matching drv-schwaben.de found.,none
ds.mpg.de,301,50 c1234.mx.srv.dfn.de.; 50 b1234.mx.srv.dfn.de.; 50 a1234.mx.srv.dfn.de.
dschibuti-botschaft.de,301,10 mx01.goneo.de.; 10 mx02.goneo.de.
dsj.de,301,0 dsj-de.mail.protection.outlook.com.
dsm.museum,301,none
dsmz.de,301,10 c1641.mx.srv.dfn.de.; 10 b1641.mx.srv.dfn.de.; 10 a1641.mx.srv.dfn.de.
dstgb.de,301,none
dszv.it,SSLHandshakeException: (certificate_unknown) No subject alternative DNS name matching dszv.it found.,none
duerrwangen.de,301,none
duesseldorf.ihk.de,HttpConnectTimeoutException: HTTP connect timed out,10 mx04.ihk.de.; 10 mx02.ihk.de.; 10 mx01.ihk.de.
dv-bl.de,200,none
dvka.de,200,none
dvl.org,HttpConnectTimeoutException: HTTP connect timed out,none
dvr-bremen.de,HttpConnectTimeoutException: HTTP connect timed out,none
dvr.de,308,none
dvv-international.de,301,none
dw.com,301,10 dw-com.mail.protection.outlook.com.
dwd.de,302,50 zbcsgdbm.dwd.de.; 150 zbcsgdop.dwd.de.; 20 ofcsgdbm.dwd.de.; 100 ofcsgdop.dwd.de.
dwi.rwth-aachen.de,ConnectException,none
dza.de,301,none
dzhw.eu,301,none
dzi.de,HttpTimeoutException: request timed out,none
dzm-museum.de,HttpTimeoutException: request timed out,none
dzne.de,301,none
eap.brandenburg.de,HttpConnectTimeoutException: HTTP connect timed out,none
ebermannstadt.de,HttpConnectTimeoutException: HTTP connect timed out,none
ebern.de,301,none
ebert-gedenkstaette.de,200,none
ebv-oil.org,302,40 alt3.emea.email.fireeyecloud.com.; 30 alt2.emea.email.fireeyecloud.com.; 10 primary.emea.email.fireeyecloud.com.; 20 alt1.emea.email.fireeyecloud.com.
ecmi.de,301,none
edb-banken.de,200,none
edenbergen.de,303,none
effeltrich.de,200,none
eglv.de,HttpConnectTimeoutException: HTTP connect timed out,none
ego-saar.de,301,none
egyptian-embassy.de,200,none
ehenfeld.de,SSLHandshakeException: (certificate_unknown) No subject alternative DNS name matching ehenfeld.de found.,none
eichamt.sachsen.de,301,none
eichsfeld-wipperaue.de,301,none
eisenach.de,301,none
eisenbahn-unfalluntersuchung.de,301,10 ofcsgbbm.gbbmvi-wan.de.; 20 zbcsgbbm.gbbmvi-wan.de.
eithealth.eu,200,10 eithealth-eu.mail.protection.outlook.com.
elbe-heide.de,301,none
eltheim.de,500,none
em.mpg.de,HttpConnectTimeoutException: HTTP connect timed out,10 c1234.mx.srv.dfn.de.; 10 b1234.mx.srv.dfn.de.; 10 a1234.mx.srv.dfn.de.
embajada-honduras.de,200,none
embajada-uruguay.de,301,none
embapar.de,307,none
embassy-bf.org,301,20 mail.ifoncier.com.; 10 embassy-bf.org.
embassy-capeverde.de,200,none
embassy-of-mozambique.de,SSLHandshakeException: (certificate_unknown) No subject alternative DNS name matching embassy-of-mozambique.de found.,none
embassy-southsudan.de,301,none
embassyofbotswana.de,302,10 www339.your-server.de.
embl-hamburg.de,HttpConnectTimeoutException: HTTP connect timed out,none
emhof.de,HttpConnectTimeoutException: HTTP connect timed out,none
emi.fraunhofer.de,308,30 edge03.mx.fraunhofer.de.; 10 edge01.mx.fraunhofer.de.; 40 edge04.mx.fraunhofer.de.; 20 edge02.mx.fraunhofer.de.
emslaendische-landschaft.de,HttpConnectTimeoutException: HTTP connect timed out,none
emsland.de,HttpConnectTimeoutException: HTTP connect timed out,20 mail2.emsland.de.; 10 mail.emsland.de.
enas.fraunhofer.de,ConnectException,40 edge04.mx.fraunhofer.de.; 30 edge03.mx.fraunhofer.de.; 10 edge01.mx.fraunhofer.de.; 20 edge02.mx.fraunhofer.de.
engagement-global.de,301,none
enkreis.de,HttpConnectTimeoutException: HTTP connect timed out,none
entrepid.bplaced.net,403,none
enzkreis.de,HttpConnectTimeoutException: HTTP connect timed out,none
epo.org,302,none
eppenschlag.feuerwehren.bayern,200,none
erftverband.de,HttpConnectTimeoutException: HTTP connect timed out,none
erfurt.de,HttpConnectTimeoutException: HTTP connect timed out,none
erfurt.ihk.de,HttpConnectTimeoutException: HTTP connect timed out,none
erlangen-hoechstadt.de,HttpConnectTimeoutException: HTTP connect timed out,20 mx-02-eu-central-1.prod.hydra.sophos.com.; 10 mx-01-eu-central-1.prod.hydra.sophos.com.
ershausen-geismar.de,301,none
erzabtei.de,200,none
erzgebirgskreis.de,301,none
esk.fraunhofer.de,308,none
essen.de,HttpConnectTimeoutException: HTTP connect timed out,none
essen.ihk24.de,SSLHandshakeException: (certificate_unknown) PKIX path building failed: sun.security.provider.certpath.SunCertPathBuilderException: unable to find valid certification path to requested target,none
estenfeld.net,200,none
eth.mpg.de,301,none
ethikrat.org,301,none
euramet.org,301,none
eva.mpg.de,HttpConnectTimeoutException: HTTP connect timed out,none
evergabe-online.de,ConnectException,none
evolbio.mpg.de,ConnectException,none
evs.de,301,none
fa-angermuende.brandenburg.de,302,none
fa-backnang.fv-bwl.de,301,none
fa-brandenburg.brandenburg.de,302,none
fa-calau.brandenburg.de,302,none
fa-cottbus.brandenburg.de,302,none
fa-eberswalde.brandenburg.de,302,none
fa-frankfurt-oder.brandenburg.de,302,none
fa-koenigs-wusterhausen.brandenburg.de,HttpConnectTimeoutException: HTTP connect timed out,none
fa-kyritz.brandenburg.de,HttpConnectTimeoutException: HTTP connect timed out,none
fa-luckenwalde.brandenburg.de,302,none
fa-ludwigsburg.fv-bwl.de,301,none
fa-nauen.brandenburg.de,302,none
fa-oranienburg.brandenburg.de,302,none
fa-schorndorf.fv-bwl.de,301,none
fa-strausberg.brandenburg.de,302,none
fa-tauberbischofsheim.de,SSLHandshakeException: (unrecognized_name) Received fatal alert: unrecognized_name,none
fa-waiblingen.fv-bwl.de,301,none
falkenstein.feuerwehren.bayern,200,none
familie.hessen.de,HttpConnectTimeoutException: HTTP connect timed out,none
fbh-berlin.de,SSLHandshakeException: (certificate_unknown) PKIX path building failed: sun.security.provider.certpath.SunCertPathBuilderException: unable to find valid certification path to requested target,none
fbn-dummerstorf.de,SSLHandshakeException: (certificate_unknown) PKIX path building failed: sun.security.provider.certpath.SunCertPathBuilderException: unable to find valid certification path to requested target,none
feilitzsch.de,301,10 mail.bayern.de.
fep.fraunhofer.de,HttpConnectTimeoutException: HTTP connect timed out,none
fes.de,HttpConnectTimeoutException: HTTP connect timed out,none
feuerwehr-achering.de,ConnectException,none
feuerwehr-adlmannstein.de,HttpConnectTimeoutException: HTTP connect timed out,none
feuerwehr-affaltern.de,HttpConnectTimeoutException: HTTP connect timed out,none
feuerwehr-aicha.de,HttpConnectTimeoutException: HTTP connect timed out,none
feuerwehr-aichtal.de,301,none
feuerwehr-alitzheim.de,HttpConnectTimeoutException: HTTP connect timed out,none
feuerwehr-alkofen.de,HttpConnectTimeoutException: HTTP connect timed out,5 smtpin.rzone.de.
feuerwehr-altenburg.eu,SSLHandshakeException: (certificate_unknown) No subject alternative DNS name matching feuerwehr-altenburg.eu found.,10 feuerwehr-altenburg.eu.
feuerwehr-altenkreith.de,HttpConnectTimeoutException: HTTP connect timed out,none
feuerwehr-altenplos.com,ConnectException,none
feuerwehr-altfraunhofen.de,HttpConnectTimeoutException: HTTP connect timed out,none
feuerwehr-alzgern.feuerwehren.bayern,200,none
feuerwehr-anglberg.de,HttpConnectTimeoutException: HTTP connect timed out,none
feuerwehr-anning.de,HttpConnectTimeoutException: HTTP connect timed out,none
feuerwehr-anwanden-lind.de,HttpConnectTimeoutException: HTTP connect timed out,none
feuerwehr-arndorf.de,HttpConnectTimeoutException: HTTP connect timed out,none
feuerwehr-aschfeld.de,HttpConnectTimeoutException: HTTP connect timed out,none
feuerwehr-atzmannsricht.de,HttpConnectTimeoutException: HTTP connect timed out,none
feuerwehr-augsburg.de,HttpConnectTimeoutException: HTTP connect timed out,none
feuerwehr-bad-groenenbach.de,301,none
feuerwehr-bad-windsheim.de,HttpConnectTimeoutException: HTTP connect timed out,none
feuerwehr-badwildbad.de,HttpConnectTimeoutException: HTTP connect timed out,none
feuerwehr-baiershofen.de,HttpConnectTimeoutException: HTTP connect timed out,none
feuerwehr-baunach.de,SSLHandshakeException: (certificate_unknown) PKIX path building failed: sun.security.provider.certpath.SunCertPathBuilderException: unable to find valid certification path to requested target,0 feuerwehrbaunach-de02c.mail.protection.outlook.com.
feuerwehr-bautzen.de,301,none
feuerwehr-bayersried.de,HttpTimeoutException: request timed out,none
feuerwehr-behringersmuehle.jimdo.com,SSLHandshakeException: (handshake_failure) Received fatal alert: handshake_failure,none
feuerwehr-bergrheinfeld.de,301,none
feuerwehr-bernlohe.de,200,none
feuerwehr-bertoldsheim.de,SSLException: (internal_error) Received fatal alert: internal_error,none
feuerwehr-bettbrunn.de,HttpConnectTimeoutException: HTTP connect timed out,none
feuerwehr-betzenstein.de,HttpConnectTimeoutException: HTTP connect timed out,none
feuerwehr-bielefeld.de,200,10 hlf20.feuerwehr-bielefeld.de.
feuerwehr-billstedt-horn.de,301,none
feuerwehr-bischofsgruen.de,200,none
feuerwehr-blaibach.de,200,none
feuerwehr-bodenmais.de,SSLHandshakeException: (certificate_unknown) No subject alternative DNS name matching feuerwehr-bodenmais.de found.,none
feuerwehr-bodenstein.de,301,none
feuerwehr-boeblingen.de,200,none
feuerwehr-bonn.de,SSLHandshakeException: (certificate_expired) PKIX path validation failed: java.security.cert.CertPathValidatorException: validity check failed,none
feuerwehr-bremen.org,301,none
feuerwehr-bremerhaven.de,302,none
feuerwehr-brodswinden.de,301,none
feuerwehr-bruehl.de,HttpConnectTimeoutException: HTTP connect timed out,10 mx03.secure-mailgate.com.; 10 mx04.secure-mailgate.com.
feuerwehr-buchen.de,HttpConnectTimeoutException: HTTP connect timed out,none
feuerwehr-buchloe.de,301,none
feuerwehr-buergstadt.de,200,none
feuerwehr-burgberg-allgaeu.de,HttpConnectTimeoutException: HTTP connect timed out,none
feuerwehr-burgkunstadt.com,200,none
feuerwehr-burgwindheim.de,200,none
feuerwehr-buttenheim.de,301,none
feuerwehr-buxheim.de,SSLHandshakeException: (certificate_expired) PKIX path validation failed: java.security.cert.CertPathValidatorException: validity check failed,1 feuerwehrbuxheim-de02c.mail.protection.outlook.com.
feuerwehr-chieming.de,200,none
feuerwehr-colmberg.de,401,none
feuerwehr-creussen.de,SSLException: (internal_error) Received fatal alert: internal_error,10 mx00.ionos.de.; 10 mx01.ionos.de.
feuerwehr-cronheim.de,ConnectException,none
feuerwehr-darmstadt.de,307,none
feuerwehr-delmenhorst.de,302,10 mx01.ionos.de.; 10 mx00.ionos.de.
feuerwehr-dertingen.de,301,none
feuerwehr-dietldorf.de,301,none
feuerwehr-dinkelscherben.de,200,none
feuerwehr-doehlau.de,301,none
feuerwehr-donnersdorf.de,HttpTimeoutException: request timed out,5 smtpin.rzone.de.
feuerwehr-drachselsried.de,ConnectException,none
feuerwehr-duisburg.de,SSLHandshakeException: (handshake_failure) received handshake warning: unrecognized_name,none
feuerwehr-durach.de,200,none
feuerwehr-ebensfeld.de,301,10 mx01.ionos.de.; 10 mx00.ionos.de.
feuerwehr-eberswalde.de,SSLHandshakeException: (certificate_unknown) PKIX path building failed: sun.security.provider.certpath.SunCertPathBuilderException: unable to find valid certification path to requested target,none
feuerwehr-eckersdorf.de,200,none
feuerwehr-egenhofen.de,HttpConnectTimeoutException: HTTP connect timed out,none
feuerwehr-egweil.de,HttpConnectTimeoutException: HTTP connect timed out,none
feuerwehr-eichenbuehl.de,HttpConnectTimeoutException: HTTP connect timed out,10 dedivirt852.your-server.de.
feuerwehr-eitensheim.de,HttpConnectTimeoutException: HTTP connect timed out,none
feuerwehr-elbersroth.de,HttpConnectTimeoutException: HTTP connect timed out,none
feuerwehr-eltersdorf.de,HttpConnectTimeoutException: HTTP connect timed out,none
feuerwehr-eltmann.de,HttpConnectTimeoutException: HTTP connect timed out,5 smtpin.rzone.de.
feuerwehr-elztal.de,HttpConnectTimeoutException: HTTP connect timed out,10 w00a70eb.kasserver.com.
feuerwehr-engelshuett.de,HttpConnectTimeoutException: HTTP connect timed out,none
feuerwehr-eppishausen.de,SSLException: (internal_error) Received fatal alert: internal_error,none
feuerwehr-erkheim.de,HttpConnectTimeoutException: HTTP connect timed out,none
feuerwehr-ernsgaden.de,SSLHandshakeException: (handshake_failure) Received fatal alert: handshake_failure,none
feuerwehr-eschede.de,SSLHandshakeException: (certificate_unknown) PKIX path building failed: sun.security.provider.certpath.SunCertPathBuilderException: unable to find valid certification path to requested target,none
feuerwehr-esselbach.de,HttpTimeoutException: request timed out,10 mx01.ionos.de.; 10 mx00.ionos.de.
feuerwehr-esslingen.de,301,none
feuerwehr-etzelskirchen.de,200,none
feuerwehr-eutingen.de,301,none
feuerwehr-eysoelden.de,SSLHandshakeException: (handshake_failure) Received fatal alert: handshake_failure,none
feuerwehr-fahr.de,301,none
feuerwehr-faulbach.org,ConnectException,none
feuerwehr-feldheim.de,200,none
feuerwehr-fetzelhofen-ailsbach.de,SSLHandshakeException: (certificate_unknown) PKIX path building failed: sun.security.provider.certpath.SunCertPathBuilderException: unable to find valid certification path to requested target,none
feuerwehr-filderstadt.de,301,none
feuerwehr-finsterau.de,ConnectException,none
feuerwehr-fladungen.de,200,none
feuerwehr-foerbau.de,SSLHandshakeException: (certificate_unknown) No subject alternative DNS name matching feuerwehr-foerbau.de found.,10 mx.worldserver.net.
feuerwehr-forstinning.de,200,none
feuerwehr-forth.de,200,none
feuerwehr-frammersbach.de,200,none
feuerwehr-frankfurt.de,200,none
feuerwehr-frauenaurach.de,301,none
feuerwehr-freihung.de,SSLHandshakeException: (certificate_unknown) PKIX path building failed: sun.security.provider.certpath.SunCertPathBuilderException: unable to find valid certification path to requested target,10 mail.feuerwehr-freihung.de.
feuerwehr-freiroettenbach.de,SSLException: (internal_error) Received fatal alert: internal_error,10 mx01.ionos.de.; 10 mx00.ionos.de.
feuerwehr-frensdorf.de.tl,301,none
feuerwehr-fridolfing.de,ConnectException,100 mxlb.ispgateway.de.
feuerwehr-friedersreuth.de,200,10 mx00.ionos.de.; 10 mx01.ionos.de.
feuerwehr-friedrichshofen.de,HttpTimeoutException: request timed out,10 mail.feuerwehr-friedrichshofen.de.
feuerwehr-fuenfstetten.de,ConnectException,none
feuerwehr-gaibach.de,ConnectException,none
feuerwehr-gangkofen.de,503,none
feuerwehr-garham.de,301,none
feuerwehr-gattendorf.de,200,none
feuerwehr-geisfeld.de,301,10 mx1.jimdo.com.; 20 mx2.jimdo.com.
feuerwehr-geltendorf.de,200,none
feuerwehr-genderkingen.de,200,none
feuerwehr-georgenberg.de,200,none
feuerwehr-gernlinden.de,301,none
feuerwehr-gerolsbach.de,HttpTimeoutException: request timed out,none
feuerwehr-giebelstadt.de,HttpConnectTimeoutException: HTTP connect timed out,none
feuerwehr-gneiding.de,HttpConnectTimeoutException: HTTP connect timed out,5 smtpin.rzone.de.
feuerwehr-goeggelsbuch.de,HttpConnectTimeoutException: HTTP connect timed out,none
feuerwehr-goldkronach.de,HttpConnectTimeoutException: HTTP connect timed out,none
feuerwehr-gosheim.de,HttpConnectTimeoutException: HTTP connect timed out,none
feuerwehr-gottsfeld.de,HttpConnectTimeoutException: HTTP connect timed out,none
feuerwehr-grabitz.de,HttpConnectTimeoutException: HTTP connect timed out,none
feuerwehr-grafengehaig.org,301,none
feuerwehr-grafenkirchen.jimdo.com,SSLHandshakeException: (handshake_failure) Received fatal alert: handshake_failure,none
feuerwehr-grafling.de,HttpConnectTimeoutException: HTTP connect timed out,none
feuerwehr-grosshaslach.de,HttpConnectTimeoutException: HTTP connect timed out,none
feuerwehr-grosswallstadt.de,HttpConnectTimeoutException: HTTP connect timed out,none
feuerwehr-gruensfeld.de,HttpConnectTimeoutException: HTTP connect timed out,none
feuerwehr-guending.de,HttpConnectTimeoutException: HTTP connect timed out,10 webbox444.server-home.org.
feuerwehr-guenzburg.de,HttpConnectTimeoutException: HTTP connect timed out,0 feuerwehrguenzburg-de02c.mail.protection.outlook.com.
feuerwehr-habichsthal.de,HttpConnectTimeoutException: HTTP connect timed out,none
feuerwehr-hacklberg.de,SSLHandshakeException: (handshake_failure) Received fatal alert: handshake_failure,none
feuerwehr-haeder.de,ConnectException,none
feuerwehr-haidmuehle.de,200,none
feuerwehr-haig.de,HttpConnectTimeoutException: HTTP connect timed out,none
feuerwehr-hainsfarth.de,200,none
feuerwehr-halle.de,HttpConnectTimeoutException: HTTP connect timed out,none
feuerwehr-hallerndorf.de,200,none
feuerwehr-hallstadt.de,200,none
feuerwehr-hamburg.de,301,10 w0158017.kasserver.com.
feuerwehr-hamm.de,302,none
feuerwehr-hannover.de,301,none
feuerwehr-harnsbach.de.tl,200,none
feuerwehr-haslach.net,200,none
feuerwehr-hassfurt.de,200,none
feuerwehr-hattenhofen.de,HttpConnectTimeoutException: HTTP connect timed out,none
feuerwehr-hawangen.de,HttpConnectTimeoutException: HTTP connect timed out,10 mx1.jimdo.com.; 20 mx2.jimdo.com.
feuerwehr-hebertsfelden.de,404,none
feuerwehr-hechingen.com,200,none
feuerwehr-heideck.de,200,5 smtpin.rzone.de.
feuerwehr-heidelberg.de,301,10 mx9.kvnbw.de.; 10 mx7.kvnbw.de.; 10 mx6.kvnbw.de.; 10 mx8.kvnbw.de.
feuerwehr-heilsbronn.de,200,none
feuerwehr-heissesheim.de,SSLHandshakeException: (handshake_failure) Received fatal alert: handshake_failure,none
feuerwehr-helmstadt.de,301,none
feuerwehr-heppdiel.de,301,none
feuerwehr-heroldsberg.de,301,none
feuerwehr-herrnsdorf.de,200,none
feuerwehr-herzogenaurach.de,200,none
feuerwehr-hildesheim.de,SSLException: (internal_error) Received fatal alert: internal_error,10 mx00.ionos.de.; 10 mx01.ionos.de.
feuerwehr-hiltpoltstein.de,ConnectException,none
feuerwehr-himmelkron.de,SSLHandshakeException: (certificate_unknown) No subject alternative DNS name matching feuerwehr-himmelkron.de found.,10 mail.feuerwehr-himmelkron.de.
feuerwehr-hinterschmiding.de,SSLHandshakeException: (certificate_unknown) No subject alternative DNS name matching feuerwehr-hinterschmiding.de found.,none
feuerwehr-hobbach.de,200,none
feuerwehr-hockenheim.de,200,none
feuerwehr-hoechstadt.de,200,5 smtpin.rzone.de.
feuerwehr-hoell.de.tl,200,none
feuerwehr-hoerblach.de,200,none
feuerwehr-hohenstadt.com,HttpConnectTimeoutException: HTTP connect timed out,none
feuerwehr-hohenthan.de,200,none
feuerwehr-holzham.de,ConnectException,none
feuerwehr-huettendorf.de,301,none
feuerwehr-ilsfeld.de,301,10 mg.klik.de.
feuerwehr-immenreuth.de,SSLHandshakeException: (certificate_unknown) No subject alternative DNS name matching feuerwehr-immenreuth.de found.,10 mx.freenet.de.
feuerwehr-indling.de,301,none
feuerwehr-innernzell.de,400,none
feuerwehr-inning.de,302,none
feuerwehr-iserlohn.de,301,10 mx-in.kommunale.it.
feuerwehr-jengen.de,ConnectException,none
feuerwehr-jetzendorf.de,HttpConnectTimeoutException: HTTP connect timed out,none
feuerwehr-karlskron.de,HttpConnectTimeoutException: HTTP connect timed out,none
feuerwehr-karlsruhe.de,301,none
feuerwehr-karmensoelden.de,200,none
feuerwehr-kassel.eu,301,10 mx00.udag.de.; 20 mx01.udag.de.
feuerwehr-kemmern.de,301,none
feuerwehr-kerken.de,200,none
feuerwehr-kernen.de,200,none
feuerwehr-kiel.de,301,none
feuerwehr-kipfenberg.de,HttpTimeoutException: request timed out,none
feuerwehr-kirchenlaibach.de,301,none
feuerwehr-kirchheim.de,HttpConnectTimeoutException: HTTP connect timed out,none
feuerwehr-kist.feuerwehren.bayern,200,none
feuerwehr-kleinschwarzenbach.jimdo.com,SSLHandshakeException: (handshake_failure) Received fatal alert: handshake_failure,none
feuerwehr-kleinwallstadt.de,HttpConnectTimeoutException: HTTP connect timed out,none
feuerwehr-klingenberg.de,HttpConnectTimeoutException: HTTP connect timed out,none
feuerwehr-klosterbeuren.de,HttpConnectTimeoutException: HTTP connect timed out,none
feuerwehr-koenigheim.de,HttpConnectTimeoutException: HTTP connect timed out,none
feuerwehr-koesslarn.de,301,none
feuerwehr-koettmannsdorf.de,200,none
feuerwehr-kollnburg.de,200,none
feuerwehr-kondrau.de,SSLHandshakeException: (certificate_unknown) No subject alternative DNS name matching feuerwehr-kondrau.de found.,none
feuerwehr-kothen.de,200,none
feuerwehr-krautheim.de.tl,200,none
feuerwehr-krommenthal.feuerwehren.bayern,200,none
feuerwehr-kuelsheim.de,HttpConnectTimeoutException: HTTP connect timed out,10 w01808e4.kasserver.com.
feuerwehr-kuemmersbruck.de,HttpConnectTimeoutException: HTTP connect timed out,none
feuerwehr-kuenzelsau.de,HttpConnectTimeoutException: HTTP connect timed out,none
feuerwehr-kuenzing.de,301,none
feuerwehr-kulmbach.org,301,none
feuerwehr-kunreuth.de,HttpTimeoutException: request timed out,none
feuerwehr-kupferberg.de,200,none
feuerwehr-kutzenhausen.de,200,10 mail.feuerwehr-kutzenhausen.de.
feuerwehr-lahr.de,HttpConnectTimeoutException: HTTP connect timed out,none
feuerwehr-langeneck.de,200,none
feuerwehr-langenreichen.de.vu,ConnectException,none
feuerwehr-langwaid.de,200,none
feuerwehr-lechhausen.de,200,10 mx4.pub.mailpod14-cph3.one.com.; 10 mx3.pub.mailpod14-cph3.one.com.; 10 mx1.pub.mailpod14-cph3.one.com.; 10 mx2.pub.mailpod14-cph3.one.com.
feuerwehr-lederdorn.de,308,none
feuerwehr-leeder.de,SSLHandshakeException: (handshake_failure) Received fatal alert: handshake_failure,5 smtpin.rzone.de.
feuerwehr-leutstetten.de,307,10 mx00.ionos.de.; 10 mx01.ionos.de.
feuerwehr-lichtenberg-oberfranken.de,301,5 smtpin.rzone.de.
feuerwehr-lipperts.de,SSLHandshakeException: (certificate_unknown) No subject alternative DNS name matching feuerwehr-lipperts.de found.,none
feuerwehr-litzlohe.de,ConnectException,none
feuerwehr-loebelstein.de,307,none
feuerwehr-loerrach.de,200,none
feuerwehr-luetzelburg.de,301,none
feuerwehr-maebenberg.de,200,none
feuerwehr-magdeburg.de,SSLHandshakeException: (certificate_unknown) PKIX path building failed: sun.security.provider.certpath.SunCertPathBuilderException: unable to find valid certification path to requested target,none
feuerwehr-maisach.de,301,none
feuerwehr-mammendorf.de,200,none
feuerwehr-marktleugast.de,301,none
feuerwehr-marlesreuth.de,200,none
feuerwehr-martinlamitz.de,HttpTimeoutException: request timed out,none
feuerwehr-massbach.de,SSLHandshakeException: (certificate_unknown) No subject alternative DNS name matching feuerwehr-massbach.de found.,10 mail.feuerwehr-massbach.de.
feuerwehr-massing.de,SSLException: (internal_error) Received fatal alert: internal_error,none
feuerwehr-mehlmeisel.de,SSLException: (internal_error) Received fatal alert: internal_error,none
feuerwehr-memmingen.de,301,none
feuerwehr-metten.net,200,10 mx01.ionos.de.; 10 mx00.ionos.de.
feuerwehr-metzingen.de,302,none
feuerwehr-miltach.de,200,none
feuerwehr-mindelstetten.feuerwehren.bayern,HttpConnectTimeoutException: HTTP connect timed out,none
feuerwehr-mistelgau.de,SSLException: (internal_error) Received fatal alert: internal_error,10 mx01.ionos.de.; 10 mx00.ionos.de.
feuerwehr-mitterskirchen.de,SSLException: (internal_error) Received fatal alert: internal_error,10 mx00.ionos.de.; 10 mx01.ionos.de.
feuerwehr-moemlingen.de,200,none
feuerwehr-mondfeld.de,HttpConnectTimeoutException: HTTP connect timed out,none
feuerwehr-moorburg.de,HttpConnectTimeoutException: HTTP connect timed out,none
feuerwehr-morschreuth.de,HttpConnectTimeoutException: HTTP connect timed out,none
feuerwehr-mosbach.de,HttpConnectTimeoutException: HTTP connect timed out,none
feuerwehr-muehldorf.de,HttpConnectTimeoutException: HTTP connect timed out,none
feuerwehr-muellheim.de,HttpConnectTimeoutException: HTTP connect timed out,10 mx01.ionos.de.; 10 mx00.ionos.de.
feuerwehr-muenchaurach.de,HttpConnectTimeoutException: HTTP connect timed out,none
feuerwehr-muennerstadt.de,HttpConnectTimeoutException: HTTP connect timed out,none
feuerwehr-neckarelz-diedesheim.de,HttpConnectTimeoutException: HTTP connect timed out,none
feuerwehr-neckargerach.com,HttpConnectTimeoutException: HTTP connect timed out,none
feuerwehr-neckarwestheim.de,HttpConnectTimeoutException: HTTP connect timed out,5 smtpin.rzone.de.
feuerwehr-neckarzimmern.de,301,5 smtpin.rzone.de.
feuerwehr-nesselwang.de,HttpConnectTimeoutException: HTTP connect timed out,none
feuerwehr-neubau.de,HttpConnectTimeoutException: HTTP connect timed out,none
feuerwehr-neudrossenfeld.de,HttpConnectTimeoutException: HTTP connect timed out,none
feuerwehr-neuendettelsau.de,HttpConnectTimeoutException: HTTP connect timed out,10 feuerwehrneuendettelsau-de02c.mail.protection.outlook.com.
feuerwehr-neuenmarkt.jimdo.com,HttpConnectTimeoutException: HTTP connect timed out,none
feuerwehr-neuensee.de,ConnectException,none
feuerwehr-neukenroth.de,ConnectException,none
feuerwehr-neukirchen-balbini.de,SSLHandshakeException: (certificate_unknown) No subject alternative DNS name matching feuerwehr-neukirchen-balbini.de found.,10 w00c637c.kasserver.com.
feuerwehr-neukirchen.de,301,none
feuerwehr-neutiefenweg.de,SSLException: (internal_error) Received fatal alert: internal_error,10 mx01.ionos.de.; 10 mx00.ionos.de.
feuerwehr-neuwied.de,HttpConnectTimeoutException: HTTP connect timed out,none
feuerwehr-niederstimm.de,HttpConnectTimeoutException: HTTP connect timed out,none
feuerwehr-niederviehbach.de,HttpConnectTimeoutException: HTTP connect timed out,0 smtp.secureserver.net.; 10 mailstore1.secureserver.net.
feuerwehr-oberbeuren.de,HttpConnectTimeoutException: HTTP connect timed out,none
feuerwehr-oberhaid.de,ConnectException,none
feuerwehr-oberleichtersbach.de,HttpConnectTimeoutException: HTTP connect timed out,none
feuerwehr-oberstimm.net,HttpConnectTimeoutException: HTTP connect timed out,none
feuerwehr-oberstreu.de,ConnectException,none
feuerwehr-oberthulba.eu,HttpConnectTimeoutException: HTTP connect timed out,none
feuerwehr-obertiefenbach.de,200,none
feuerwehr-obertuerkheim.de,500,none
feuerwehr-obrigheim.de,200,none
feuerwehr-odelzhausen.de,301,none
feuerwehr-oerlenbach.de,301,10 mx01.ionos.de.; 10 mx00.ionos.de.
feuerwehr-offenbach.de,SSLHandshakeException: (certificate_unknown) No subject alternative DNS name matching feuerwehr-offenbach.de found.,none
feuerwehr-offenthal.de,301,none
feuerwehr-oldenburg.de,200,10 mx01.ionos.de.; 10 mx00.ionos.de.
feuerwehr-ostendorf.de,200,none
feuerwehr-osterbuch.de,SSLHandshakeException: (certificate_unknown) No subject alternative DNS name matching feuerwehr-osterbuch.de found.,none
feuerwehr-osterburken.de,303,none
feuerwehr-osternohe.de,SSLException: (internal_error) Received fatal alert: internal_error,none
feuerwehr-othfresen.de,200,none
feuerwehr-otterfing.de,200,none
feuerwehr-ottmarshausen.de,301,none
feuerwehr-ottobeuren.de,200,none
feuerwehr-oy.de,SSLHandshakeException: (certificate_expired) PKIX path validation failed: java.security.cert.CertPathValidatorException: validity check failed,none
feuerwehr-paindorf.de,SSLException: (internal_error) Received fatal alert: internal_error,none
feuerwehr-palling.de,SSLHandshakeException: (certificate_expired) PKIX path validation failed: java.security.cert.CertPathValidatorException: validity check failed,none
feuerwehr-parkstein.de,HttpTimeoutException: request timed out,none
feuerwehr-partenstein.jimdo.com,HttpConnectTimeoutException: HTTP connect timed out,none
feuerwehr-passau.de,ConnectException,none
feuerwehr-pegnitz.de,HttpConnectTimeoutException: HTTP connect timed out,none
feuerwehr-peissenberg.de,HttpConnectTimeoutException: HTTP connect timed out,10 w00cf024.kasserver.com.
feuerwehr-peterswoerth.de,200,none
feuerwehr-pfaendhausen.de,HttpConnectTimeoutException: HTTP connect timed out,none
feuerwehr-pfaffenberg.de,HttpConnectTimeoutException: HTTP connect timed out,10 w00d91b7.kasserver.com.
feuerwehr-pflochsbach.de,HttpConnectTimeoutException: HTTP connect timed out,none
feuerwehr-philippsreut.de,301,10 mx01.goneo.de.; 10 mx02.goneo.de.
feuerwehr-pietling.de,301,none
feuerwehr-piflas.de,200,none
feuerwehr-pirmasens.de,HttpConnectTimeoutException: HTTP connect timed out,none
feuerwehr-plankenfels.de,HttpConnectTimeoutException: HTTP connect timed out,none
feuerwehr-pleiskirchen.de,HttpConnectTimeoutException: HTTP connect timed out,none
feuerwehr-pleystein.de,301,10 mx.ritcms.de.
feuerwehr-pollenfeld.de,HttpConnectTimeoutException: HTTP connect timed out,none
feuerwehr-pommersfelden.de,HttpConnectTimeoutException: HTTP connect timed out,none
feuerwehr-prackenbach.de,HttpConnectTimeoutException: HTTP connect timed out,none
feuerwehr-prittriching.de,200,none
feuerwehr-quickborn.de,HttpConnectTimeoutException: HTTP connect timed out,10 www443.your-server.de.
feuerwehr-raitenhart.de,SSLHandshakeException: (certificate_unknown) No subject alternative DNS name matching feuerwehr-raitenhart.de found.,none
feuerwehr-ramsberg.de,200,none
feuerwehr-ratingen.de,301,none
feuerwehr-rederzhausen.de,301,none
feuerwehr-regenpeilstein.de,HttpConnectTimeoutException: HTTP connect timed out,none
feuerwehr-rehdorf.de,302,none
feuerwehr-reichenbuch.de,HttpConnectTimeoutException: HTTP connect timed out,none
feuerwehr-reicholzheim.de,200,none
feuerwehr-renchen.de,200,10 mx01.ionos.de.; 10 mx00.ionos.de.
feuerwehr-reyersbach.de,ConnectException,none
feuerwehr-rieblingen.de,200,5 smtpin.rzone.de.
feuerwehr-rieden.de,301,none
feuerwehr-riederau.de,200,none
feuerwehr-ries.de,ConnectException,none
feuerwehr-roedental.de,HttpTimeoutException: request timed out,5 smtpin.rzone.de.
feuerwehr-roethenbach-steinwald.de,ConnectException,none
feuerwehr-roettbach.de,ConnectException,none
feuerwehr-rohr.com,HttpConnectTimeoutException: HTTP connect timed out,none
feuerwehr-ronsberg.de,SSLHandshakeException: (certificate_expired) PKIX path validation failed: java.security.cert.CertPathValidatorException: validity check failed,0 feuerwehrronsberg-de02c.mail.protection.outlook.com.
feuerwehr-rothenkirchen.de,SSLException: (internal_error) Received fatal alert: internal_error,none
feuerwehr-rueckersbach.de,SSLHandshakeException: (certificate_unknown) No subject alternative DNS name matching feuerwehr-rueckersbach.de found.,none
feuerwehr-rueckholz.de,SSLHandshakeException: (certificate_unknown) No subject alternative DNS name matching feuerwehr-rueckholz.de found.,10 mail.feuerwehr-rueckholz.de.; 0 mail.feuerwehr-rueckholz.de.
feuerwehr-ruhmannsfelden.de,200,none
feuerwehr-ruhpolding.de,SSLHandshakeException: (certificate_expired) PKIX path validation failed: java.security.cert.CertPathValidatorException: validity check failed,none
feuerwehr-ruhstorf.de,SSLHandshakeException: (certificate_expired) PKIX path validation failed: java.security.cert.CertPathValidatorException: validity check failed,10 mailstore1.secureserver.net.; 0 smtp.secureserver.net.
feuerwehr-ruppertskirchen.de,SSLHandshakeException: (certificate_expired) PKIX path validation failed: java.security.cert.CertPathValidatorException: validity check failed,none
feuerwehr-saal.de,SSLHandshakeException: (handshake_failure) Received fatal alert: handshake_failure,none
feuerwehr-saarbruecken.de,SSLHandshakeException: (certificate_unknown) No subject alternative DNS name matching feuerwehr-saarbruecken.de found.,none
feuerwehr-sachsbach.de,ConnectException,none
feuerwehr-sackenbach.de,301,none
feuerwehr-salem.de,200,none
feuerwehr-sallingberg.de,ConnectException,none
feuerwehr-sandharlanden.de,200,10 w011d5f3.kasserver.com.
feuerwehr-sandsbach.de,SSLHandshakeException: (handshake_failure) Received fatal alert: handshake_failure,none
feuerwehr-sanktmang.de,HttpTimeoutException: request timed out,none
feuerwehr-satteldorf.de,301,none
feuerwehr-schaftlach.de,200,none
feuerwehr-schalkhausen.de,SSLHandshakeException: Remote host terminated the handshake,10 mx2.agenturserver.de.; 50 mx4.agenturserver.de.; 10 mx1.agenturserver.de.; 20 mx3.agenturserver.de.
feuerwehr-schefflenz.de,404,none
feuerwehr-scheidegg.feuerwehren.bayern,200,none
feuerwehr-schelldorf.de,200,none
feuerwehr-schesslitz.de,200,none
feuerwehr-schiltberg.de,SSLHandshakeException: (certificate_unknown) No subject alternative DNS name matching feuerwehr-schiltberg.de found.,none
feuerwehr-schlichten.de,200,10 mxext2.mailbox.org.; 10 mxext1.mailbox.org.; 10 mxext3.mailbox.org.; 10 mxext4.mailbox.org.
feuerwehr-schluesselfeld.de,HttpConnectTimeoutException: HTTP connect timed out,none
feuerwehr-schmoelz.de,HttpConnectTimeoutException: HTTP connect timed out,none
feuerwehr-schnackenwerth.de,301,none
feuerwehr-schnelldorf.de,HttpConnectTimeoutException: HTTP connect timed out,none
feuerwehr-schoenbrunn.de,HttpConnectTimeoutException: HTTP connect timed out,0 feuerwehrschoenbrunn-de02c.mail.protection.outlook.com.
feuerwehr-schoenthal.de,HttpConnectTimeoutException: HTTP connect timed out,none
feuerwehr-schoenwald.com,301,none
feuerwehr-schondra.de.tl,HttpConnectTimeoutException: HTTP connect timed out,none
feuerwehr-schonungen.de,200,none
feuerwehr-schorndorf.de,HttpConnectTimeoutException: HTTP connect timed out,none
feuerwehr-schretzheim.de,SSLHandshakeException: (certificate_expired) PKIX path validation failed: java.security.cert.CertPathValidatorException: validity check failed,none
feuerwehr-schrobenhausen.de,HttpConnectTimeoutException: HTTP connect timed out,none
feuerwehr-schuttertal.de,HttpConnectTimeoutException: HTTP connect timed out,none
feuerwehr-schwanau.de,HttpConnectTimeoutException: HTTP connect timed out,none
feuerwehr-schwebenried.de,200,none
feuerwehr-schwoersheim.de,ConnectException,none
feuerwehr-schwuerbitz.jimdo.com,HttpConnectTimeoutException: HTTP connect timed out,none
feuerwehr-seebruck.de,SSLHandshakeException: (certificate_expired) PKIX path validation failed: java.security.cert.CertPathValidatorException: validity check failed,5 smtpin.rzone.de.
feuerwehr-seelbach.de,HttpConnectTimeoutException: HTTP connect timed out,none
feuerwehr-seugast.feuerwehren.bayern,200,none
feuerwehr-sigl.de,HttpConnectTimeoutException: HTTP connect timed out,none
feuerwehr-singen.de,HttpConnectTimeoutException: HTTP connect timed out,none
feuerwehr-solnhofen.de,HttpConnectTimeoutException: HTTP connect timed out,none
feuerwehr-speichersdorf.de,HttpConnectTimeoutException: HTTP connect timed out,10 v161022.kasserver.com.
feuerwehr-spiegelau.de,HttpConnectTimeoutException: HTTP connect timed out,none
feuerwehr-stadt-wunsiedel.de,HttpConnectTimeoutException: HTTP connect timed out,none
feuerwehr-stadtprozelten.de,SSLHandshakeException: (handshake_failure) Received fatal alert: handshake_failure,none
feuerwehr-stegaurach.de,SSLException: (internal_error) Received fatal alert: internal_error,none
feuerwehr-stiefenhofen.de,301,none
feuerwehr-strassgiech.de,301,none
feuerwehr-struempfelbrunn.de,301,none
feuerwehr-stuttgart.de,301,50 mx0.feuerwehr-stuttgart.de.
feuerwehr-suess.de,ConnectException,none
feuerwehr-sugenheim.de,500,none
feuerwehr-surberg.de,SSLHandshakeException: (certificate_expired) PKIX path validation failed: java.security.cert.CertPathValidatorException: validity check failed,none
feuerwehr-tagmersheim.jimdo.com,SSLHandshakeException: (handshake_failure) Received fatal alert: handshake_failure,none
feuerwehr-tandern.de,ConnectException,100 sslmail.verwaltungsportal.de.
feuerwehr-tapfheim.de,301,10 spamschutz.webhoster.de.
feuerwehr-tauperlitz.de,200,10 mail002.webhosting.manitu.net.
feuerwehr-tengling.de,200,none
feuerwehr-tennenlohe.de,SSLException: (internal_error) Received fatal alert: internal_error,none
feuerwehr-tettau.de,ConnectException,none
feuerwehr-teugn.de,301,none
feuerwehr-theuern.jimdo.com,HttpConnectTimeoutException: HTTP connect timed out,none
feuerwehr-thoelau.de,ConnectException,none
feuerwehr-thuernstein.de,301,none
feuerwehr-thurnau.homepage.t-online.de,SSLHandshakeException: (certificate_unknown) PKIX path building failed: sun.security.provider.certpath.SunCertPathBuilderException: unable to find valid certification path to requested target,none
feuerwehr-titlmoos.de,301,none
feuerwehr-titting.de,301,none
feuerwehr-traunstein.de,SSLHandshakeException: (certificate_expired) PKIX path validation failed: java.security.cert.CertPathValidatorException: validity check failed,none
feuerwehr-trautskirchen.de,SSLHandshakeException: (handshake_failure) Received fatal alert: handshake_failure,none
feuerwehr-treffelstein.de,SSLException: (internal_error) Received fatal alert: internal_error,10 mx00.ionos.de.; 10 mx01.ionos.de.
feuerwehr-trendel.de,ConnectException,none
feuerwehr-trennfurt.de,200,none
feuerwehr-tressau.de,301,none
feuerwehr-trogen.de,HttpConnectTimeoutException: HTTP connect timed out,none
feuerwehr-trostberg.de,HttpConnectTimeoutException: HTTP connect timed out,20 mx2.quarinet.email.; 10 mx1.quarinet.email.
feuerwehr-trunkelsberg.de,HttpConnectTimeoutException: HTTP connect timed out,none
feuerwehr-tuebingen.de,HttpConnectTimeoutException: HTTP connect timed out,none
feuerwehr-tuetschengereuth.de,HttpConnectTimeoutException: HTTP connect timed out,none
feuerwehr-umpfenbach.de,HttpConnectTimeoutException: HTTP connect timed out,none
feuerwehr-unterbergen.de,ConnectException,none
feuerwehr-unterbiberg.de,HttpConnectTimeoutException: HTTP connect timed out,none
feuerwehr-unterdietfurt.de,HttpConnectTimeoutException: HTTP connect timed out,5 smtpin.rzone.de.
feuerwehr-unterleiterbach.de,200,none
feuerwehr-unterlind.de,ConnectException,none
feuerwehr-unterthuerheim.de,HttpConnectTimeoutException: HTTP connect timed out,none
feuerwehr-ursheim.de,HttpConnectTimeoutException: HTTP connect timed out,none
feuerwehr-viechtach.de,HttpConnectTimeoutException: HTTP connect timed out,none
feuerwehr-viereth.de,HttpConnectTimeoutException: HTTP connect timed out,none
feuerwehr-vierschau.de,HttpConnectTimeoutException: HTTP connect timed out,none
feuerwehr-vogtendorf.de,ConnectException,none
feuerwehr-voitenthan.de,HttpConnectTimeoutException: HTTP connect timed out,none
feuerwehr-volkratshofen.de,HttpConnectTimeoutException: HTTP connect timed out,none
feuerwehr-vorra.de,HttpConnectTimeoutException: HTTP connect timed out,none
feuerwehr-vs.de,301,none
feuerwehr-waakirchen.de,301,none
feuerwehr-waischenfeld.de,200,none
feuerwehr-waldachtal.de,301,none
feuerwehr-waldkirch.de,301,none
feuerwehr-waldthurn.de,301,none
feuerwehr-wallduern.de,HttpConnectTimeoutException: HTTP connect timed out,5 smtpin.rzone.de.
feuerwehr-wallersdorf.de,HttpConnectTimeoutException: HTTP connect timed out,none
feuerwehr-wannbach.de,ConnectException,none
feuerwehr-warmensteinach.de,HttpConnectTimeoutException: HTTP connect timed out,none
feuerwehr-wartmannsroth.de,ConnectException,none
feuerwehr-wassertruedingen.de,200,none
feuerwehr-wattendorf.de,ConnectException,none
feuerwehr-weiherhammer.de,200,none
feuerwehr-weinheim.de,301,none
feuerwehr-weinzierlein.de,ConnectException,none
feuerwehr-weissenohe.de,301,none
feuerwehr-weitnau.de,SSLHandshakeException: (certificate_unknown) No subject alternative DNS name matching feuerwehr-weitnau.de found.,none
feuerwehr-wemding.de,SSLException: (internal_error) Received fatal alert: internal_error,none
feuerwehr-wernberg.de,301,none
feuerwehr-wertheim.de,302,none
feuerwehr-wiesentheid.de,200,none
feuerwehr-wiesloch.de,301,none
feuerwehr-wildflecken.de,301,10 mx00.ionos.de.; 10 mx01.ionos.de.
feuerwehr-wilhelmsdorf.de,HttpTimeoutException: request timed out,none
feuerwehr-willmars.de,401,10 feuerwehr-willmars.de.
feuerwehr-winbuch.jimdo.com,HttpConnectTimeoutException: HTTP connect timed out,none
feuerwehr-windischeschenbach.de,SSLHandshakeException: (certificate_unknown) No subject alternative DNS name matching feuerwehr-windischeschenbach.de found.,none
feuerwehr-winhoering.de,SSLHandshakeException: (certificate_expired) PKIX path validation failed: java.security.cert.CertPathValidatorException: validity check failed,none
feuerwehr-winklarn.de,200,none
feuerwehr-wintershof.de,200,10 www368.your-server.de.
feuerwehr-wirlings.feuerwehren.bayern,HttpConnectTimeoutException: HTTP connect timed out,none
feuerwehr-wittibreut.de,SSLHandshakeException: (handshake_failure) Received fatal alert: handshake_failure,none
feuerwehr-woelbattendorf.jimdo.com,SSLHandshakeException: (handshake_failure) Received fatal alert: handshake_failure,none
feuerwehr-wolfsburg.de,200,10 mx00.ionos.de.; 10 mx01.ionos.de.
feuerwehr-woringen.de,302,0 feuerwehrworingen-de02c.mail.protection.outlook.com.
feuerwehr-wuestenrot.de,301,none
feuerwehr-wulfertshausen.de,SSLHandshakeException: (certificate_unknown) PKIX path building failed: sun.security.provider.certpath.SunCertPathBuilderException: unable to find valid certification path to requested target,none
feuerwehr-zaisering.de,HttpConnectTimeoutException: HTTP connect timed out,10 mx00.ionos.de.; 10 mx01.ionos.de.
feuerwehr-zeyern.de,HttpConnectTimeoutException: HTTP connect timed out,none
feuerwehr-ziegelhausen.de,HttpConnectTimeoutException: HTTP connect timed out,none
feuerwehr-ziemetshausen.de,301,none
feuerwehr-zoeschingen.de,SSLException: (internal_error) Received fatal alert: internal_error,none
feuerwehr-zogenreuth.de,520,5 mail.feuerwehr-zogenreuth.de.
feuerwehr-zwingenberg.de,200,none
feuerwehr.breitenlesau.com,HttpConnectTimeoutException: HTTP connect timed out,none
feuerwehr.deining.de,SSLHandshakeException: (certificate_unknown) No subject alternative DNS name matching feuerwehr.deining.de found.,none
feuerwehr.devese.net,HttpConnectTimeoutException: HTTP connect timed out,none
feuerwehr.gabelbachergreut.de,301,none
feuerwehr.giessen.de,HttpConnectTimeoutException: HTTP connect timed out,none
feuerwehr.goettingen.de,HttpConnectTimeoutException: HTTP connect timed out,none
feuerwehr.jena.de,HttpConnectTimeoutException: HTTP connect timed out,none
feuerwehr.lauingen.de,HttpConnectTimeoutException: HTTP connect timed out,none
feuerwehr.lohkirchen.de,HttpConnectTimeoutException: HTTP connect timed out,none
feuerwehr.ludwigsburg.de,HttpConnectTimeoutException: HTTP connect timed out,none
feuerwehr.mittelehrenbach.de,HttpConnectTimeoutException: HTTP connect timed out,none
feuerwehr.muenchen.de,301,none
feuerwehr.neu-ulm.de,301,none
feuerwehr.oberding.net,SSLException: (internal_error) Received fatal alert: internal_error,10 mx00.schlund.de.; 10 mx01.schlund.de.
feuerwehr.oberschoeneberg.de,200,none
feuerwehr.pforzheim.de,SSLHandshakeException: (certificate_unknown) PKIX path building failed: sun.security.provider.certpath.SunCertPathBuilderException: unable to find valid certification path to requested target,none
feuerwehr.plech.de,ConnectException,none
feuerwehr.ravensburg.de,HttpConnectTimeoutException: HTTP connect timed out,none
feuerwehr.schwennenbach.de,HttpConnectTimeoutException: HTTP connect timed out,none
feuerwehr.stadelschwarzach.de,HttpConnectTimeoutException: HTTP connect timed out,none
feuerwehr.trier.de,HttpConnectTimeoutException: HTTP connect timed out,none
feuerwehr.trockau.de,HttpConnectTimeoutException: HTTP connect timed out,none
feuerwehr.tum.de,HttpConnectTimeoutException: HTTP connect timed out,10 postrelay1.lrz.de.; 20 postrelay2.lrz.de.
feuerwehr.tunding.de,HttpConnectTimeoutException: HTTP connect timed out,none
feuerwehr.ulm.de,HttpConnectTimeoutException: HTTP connect timed out,none
feuerwehr.witten.de,SSLHandshakeException: (certificate_unknown) No subject alternative DNS name matching feuerwehr.witten.de found.,none
feuerwehr.zwickau.de,200,none
feuerwehr112.de,200,none
feuerwehrboxdorf.de,200,none
feuerwehren-gemeinde-johannesberg.de,303,10 mail.feuerwehren-gemeinde-johannesberg.de.
feuerwehren-markt-heiligenstadt.de,SSLException: (internal_error) Received fatal alert: internal_error,10 mx01.ionos.de.; 10 mx00.ionos.de.
feuerwehrgerlingen.de,200,none
feuerwehrgrossgressingen.wordpress.com,HttpConnectTimeoutException: HTTP connect timed out,none
feuerwehrhaiming.de,ConnectException,none
feuerwehrhassmersheim.de,SSLHandshakeException: (certificate_unknown) No subject alternative DNS name matching feuerwehrhassmersheim.de found.,none
feuerwehrlichtenfels.de,SSLHandshakeException: (certificate_unknown) No subject alternative DNS name matching feuerwehrlichtenfels.de found.,0 feuerwehrlichtenfels-de.mail.protection.outlook.com.
feuerwehrlimbach.de,405,none
feuerwehrpfaffengrund.de,200,none
feuerwehrreinhartshausen.npage.de,SSLHandshakeException: (certificate_unknown) No subject alternative DNS name matching feuerwehrreinhartshausen.npage.de found.,none
feuerwehrstammheim.de,200,none
feuerwehrurpharlindelbach.webador.de,HttpConnectTimeoutException: HTTP connect timed out,none
feuerwehrwaldhaeuser.wordpress.com,HttpConnectTimeoutException: HTTP connect timed out,none
feuerwehrwiesthal.de,301,10 mail.clustermail.de.
feuerwehrwolfring.de,301,none
feuerwehrzeholfing.de,307,10 .
feuerwhr-soeldenau.de,ConnectException,none
ff-ahornoed.de,SSLHandshakeException: (certificate_unknown) No subject alternative DNS name matching ff-ahornoed.de found.,none
ff-altenschwand.de,301,none
ff-altensittenbach.de,200,none
ff-altmannshausen.de,301,none
ff-aresing.de,301,none
ff-auburg.de,200,none
ff-aussernbruenst.de,SSLHandshakeException: (handshake_failure) Received fatal alert: handshake_failure,20 mail2.bytecamp.net.
ff-bad-berneck.de,200,10 mx01.ionos.de.; 10 mx00.ionos.de.
ff-bad-hoehenstadt.de,200,10 mail.fraho.eu.
ff-bindlach.de,200,10 mx01.ionos.de.; 10 mx00.ionos.de.
ff-bischberg.chayns.net,308,none
ff-boehming.de,301,none
ff-bogenberg.de,SSLHandshakeException: (handshake_failure) Received fatal alert: handshake_failure,none
ff-bruchsal.de,301,none
ff-bruck.de,302,none
ff-buchdorf.de,HttpTimeoutException: request timed out,none
ff-buechelkuehn.de,HttpConnectTimeoutException: HTTP connect timed out,none
ff-buechl.de,HttpConnectTimeoutException: HTTP connect timed out,none
ff-chamerau.de,200,0 ffchamerau-de0e.mail.protection.outlook.com.
ff-diepoltsdorf.de,SSLHandshakeException: (handshake_failure) Received fatal alert: handshake_failure,none
ff-dietersberg.de,HttpConnectTimeoutException: HTTP connect timed out,none
ff-dietmannsried.de,HttpConnectTimeoutException: HTTP connect timed out,10 mx01.ionos.de.; 10 mx00.ionos.de.
ff-doerfleins.de,500,none
ff-dressendorf.de,HttpConnectTimeoutException: HTTP connect timed out,none
ff-duggendorf.de,HttpConnectTimeoutException: HTTP connect timed out,none
ff-durlach.de,HttpConnectTimeoutException: HTTP connect timed out,none
ff-ebneth-hainweiher.home-index.de,HttpConnectTimeoutException: HTTP connect timed out,none
ff-edelsfeld.de,HttpConnectTimeoutException: HTTP connect timed out,none
ff-eidenberg.de,HttpConnectTimeoutException: HTTP connect timed out,none
ff-elfershausen.de,HttpConnectTimeoutException: HTTP connect timed out,none
ff-elsenfeld.de,301,none
ff-enchenreuth.de,SSLHandshakeException: (certificate_expired) PKIX path validation failed: java.security.cert.CertPathValidatorException: validity check failed,50 mxe929.netcup.net.; 10 mail.ff-enchenreuth.de.
ff-ensdorf.de,301,10 mx1.mailpod16-cph3.g1i.one.com.; 10 mx2.mailpod16-cph3.g1i.one.com.; 10 mx4.mailpod16-cph3.g1i.one.com.; 10 mx3.mailpod16-cph3.g1i.one.com.
ff-enzelhausen.de,ConnectException,none
ff-erlangen.de,301,none
ff-erzhaeuser.de,HttpConnectTimeoutException: HTTP connect timed out,10 mx00.ionos.de.; 10 mx01.ionos.de.
ff-feudenheim.de,HttpConnectTimeoutException: HTTP connect timed out,none
ff-frauenneuharting.de,HttpConnectTimeoutException: HTTP connect timed out,none
ff-freyung.de,HttpConnectTimeoutException: HTTP connect timed out,none
ff-frichlkofen.npage.de,SSLHandshakeException: (certificate_unknown) No subject alternative DNS name matching ff-frichlkofen.npage.de found.,none
ff-friesheim.de,200,10 mail.ff-friesheim.de.
ff-frontenhausen.de,200,none
ff-froschgrund.de.tl,200,none
ff-garsdorf.de,ConnectException,none
ff-gauaschach.de,ConnectException,none
ff-gemeinde-herrngiersdorf.de,SSLHandshakeException: (certificate_unknown) No subject alternative DNS name matching ff-gemeinde-herrngiersdorf.de found.,none
ff-gesees.de,301,none
ff-goesmes.de,SSLHandshakeException: (unrecognized_name) Received fatal alert: unrecognized_name,none
ff-grafenwiesen.de,ConnectException,none
ff-grainet.de,200,10 mx.tobit.software.; 20 secondary-mx.tobit.com.
ff-grossgruendlach.de,200,5 smtpin.rzone.de.
ff-haag.de,200,none
ff-haarbruecken.de,200,none
ff-haibuehl-ottenzell.de,301,none
ff-haimendorf.roethenbach.de,ConnectException,none
ff-hauendorf.de,200,none
ff-hausbruch.de,SSLHandshakeException: (certificate_unknown) PKIX path building failed: sun.security.provider.certpath.SunCertPathBuilderException: unable to find valid certification path to requested target,none
ff-heindlschlag.de.vu,ConnectException,none
ff-hemhofen-zeckern.de,HttpTimeoutException: request timed out,none
ff-heroldsbach-thurn.de,200,5 smtpin.rzone.de.
ff-herzogsreut.de,200,none
ff-hilgartsberg.de,ConnectException,none
ff-hintereben.de,200,none
ff-hocha.feuerwehren.bayern,200,none
ff-hoeg.de,200,none
ff-hoetzendorf.de.tl,200,none
ff-hof.de,200,none
ff-hollfeld.de,SSLHandshakeException: (certificate_unknown) No subject alternative DNS name matching ff-hollfeld.de found.,none
ff-holnstein-mittelreinbach.de,HttpConnectTimeoutException: HTTP connect timed out,none
ff-holzharlanden.de,HttpConnectTimeoutException: HTTP connect timed out,none
ff-horgauergreut.de,200,none
ff-huettenbach.de,200,none
ff-ihrlerstein.de,200,none
ff-illkofen.de,HttpConnectTimeoutException: HTTP connect timed out,none
ff-ipsheim.de,301,50 mx2f8f.netcup.net.; 10 mail.ff-ipsheim.de.
ff-jandelsbrunn.de,HttpConnectTimeoutException: HTTP connect timed out,none
ff-johannisthal.de,HttpConnectTimeoutException: HTTP connect timed out,none
ff-kaisheim.de,HttpConnectTimeoutException: HTTP connect timed out,10 mx03.secure-mailgate.com.; 10 mx04.secure-mailgate.com.
ff-kemnath.de,HttpConnectTimeoutException: HTTP connect timed out,10 mx02.goneo.de.; 10 mx01.goneo.de.
ff-kersbach.de,200,10 www386.your-server.de.
ff-kirchahorn.de,301,none
ff-kirchenreinbach.de,200,none
ff-klardorf.de,SSLHandshakeException: (certificate_unknown) No subject alternative DNS name matching ff-klardorf.de found.,none
ff-kleinberghofen.de,301,none
ff-klosterlangheim.de,200,none
ff-koeditz.de,SSLHandshakeException: (certificate_expired) PKIX path validation failed: java.security.cert.CertPathValidatorException: validity check failed,none
ff-koerzendorf.de,HttpConnectTimeoutException: HTTP connect timed out,none
ff-koetzersdorf.de,HttpConnectTimeoutException: HTTP connect timed out,5 smtpin.rzone.de.
ff-kreuzberg.de,HttpConnectTimeoutException: HTTP connect timed out,none
ff-kronstetten.feuerwehren.bayern,200,none
ff-krummennaab.de,302,none
ff-kuehlenfels.de,HttpConnectTimeoutException: HTTP connect timed out,none
ff-kulmain.de,ConnectException,none
ff-kumreut.de,ConnectException,none
ff-lackenhaeuser.de,ConnectException,none
ff-langenfeld.de,200,none
ff-langenpettenbach.de,HttpConnectTimeoutException: HTTP connect timed out,10 mx02.goneo.de.; 10 mx01.goneo.de.
ff-lauf.de,200,none
ff-lauterbrunn.de,ConnectException,none
ff-leinburg.de,200,none
ff-lienlas.de,HttpConnectTimeoutException: HTTP connect timed out,none
ff-linden.de,301,none
ff-machtilshausen.de,200,none
ff-maierhofen.de,200,none
ff-maihingen.feuerwehren.bayern,404,none
ff-margertshausen.de,SSLException: (internal_error) Received fatal alert: internal_error,none
ff-marktrodach.de,200,10 mx00.ionos.de.; 10 mx01.ionos.de.
ff-marxheim.de,200,none
ff-moeslberg.de,ConnectException,none
ff-mudau.de,301,none
ff-muehlheim-gailach.de,ConnectException,none
ff-naab.de,SSLHandshakeException: (certificate_unknown) No subject alternative DNS name matching ff-naab.de found.,none
ff-nammering.de,ConnectException,none
ff-neuburg-inn.feuerwehren.bayern,200,none
ff-neugraben.de,HttpConnectTimeoutException: HTTP connect timed out,none
ff-neukirchen-inn.de,HttpConnectTimeoutException: HTTP connect timed out,none
ff-neunhof.de,301,100 proxy2.carra-mail.de.; 10 proxy.carra-mail.de.
ff-neuschoenau.feuerwehren.bayern,404,none
ff-niederaichbach.de,200,none
ff-nued.de,200,none
ff-nuernberg.de,200,none
ff-oberbach.de,301,20 mx00.schnied.net.; 10 mx00.schnied.net.
ff-oberfuellbach.de,200,none
ff-oberhaidelbach.de,200,none
ff-oberneuching.de,ConnectException,none
ff-oberried.de,ConnectException,none
ff-oberroning.de,301,none
ff-obersunzing-niedersunzing.de,200,none
ff-oberviechtach.de,SSLHandshakeException: (handshake_failure) Received fatal alert: handshake_failure,none
ff-oberwiesenacker.de,HttpConnectTimeoutException: HTTP connect timed out,10 www80.your-server.de.
ff-ohu.de,301,none
ff-passau.de,302,none
ff-pattenhofen.feuerwehren.bayern,404,none
ff-pechgraben.de.tl,200,none
ff-pellheim.de,HttpConnectTimeoutException: HTTP connect timed out,none
ff-peterskirchen.feuerwehren.bayern,200,none
ff-pfreimd.de,HttpConnectTimeoutException: HTTP connect timed out,none
ff-piesenkam.de,HttpConnectTimeoutException: HTTP connect timed out,none
ff-pilsach.de,HttpConnectTimeoutException: HTTP connect timed out,none
ff-pirkensee.de,HttpConnectTimeoutException: HTTP connect timed out,none
ff-pittersberg.de,HttpConnectTimeoutException: HTTP connect timed out,none
ff-pommelsbrunn.feuerwehren.bayern,200,none
ff-ponholz.de,HttpConnectTimeoutException: HTTP connect timed out,none
ff-postau.jimdo.com,SSLHandshakeException: (handshake_failure) Received fatal alert: handshake_failure,none
ff-premenreuth.de,200,5 smtpin.rzone.de.
ff-rampoldstetten.feuerwehren.bayern,200,none
ff-ranna.de,200,none
ff-rathsberg.de,SSLHandshakeException: (certificate_unknown) No subject alternative DNS name matching ff-rathsberg.de found.,none
ff-rathsmannsdorf.de,301,none
ff-rattenkirchen.de,HttpConnectTimeoutException: HTTP connect timed out,none
ff-renzenhof.roethenbach.de,HttpConnectTimeoutException: HTTP connect timed out,none
ff-riedlingen.de,HttpConnectTimeoutException: HTTP connect timed out,none
ff-rinchnach.de,HttpConnectTimeoutException: HTTP connect timed out,none
ff-riw.de,HttpConnectTimeoutException: HTTP connect timed out,none
ff-ronsolden.de,ConnectException,none
ff-rosenhof.de,301,none
ff-ruderting.de,HttpConnectTimeoutException: HTTP connect timed out,none
ff-rummelsberg.bayern,200,10 mx00.ionos.de.; 10 mx01.ionos.de.
ff-saldenau.de,SSLHandshakeException: (handshake_failure) Received fatal alert: handshake_failure,5 smtpin.rzone.de.
ff-saldenburg.de,HttpConnectTimeoutException: HTTP connect timed out,10 mail1.mailhosting.a1a-server.de.
ff-salzweg.de,HttpConnectTimeoutException: HTTP connect timed out,none
ff-sandersdorf.feuerwehren.bayern,404,none
ff-sarching.de,HttpConnectTimeoutException: HTTP connect timed out,none
ff-sasel.de,200,none
ff-sattelpeilnstein.npage.de,SSLHandshakeException: (certificate_unknown) No subject alternative DNS name matching ff-sattelpeilnstein.npage.de found.,none
ff-schmiedorf.de,301,none
ff-schoellkrippen.de,SSLHandshakeException: (certificate_expired) PKIX path validation failed: java.security.cert.CertPathValidatorException: validity check failed,none
ff-schopfloch.de,200,10 ff-schopfloch.de.
ff-schorkendorf-eicha.de,ConnectException,none
ff-schwarzenbruck.de,301,none
ff-schwend.de,SSLException: (internal_error) Received fatal alert: internal_error,none
ff-seebarn.de,SSLException: (internal_error) Received fatal alert: internal_error,none
ff-seybothenreuth.de,301,none
ff-sigmertshausen.de,301,none
ff-solla.de,SSLHandshakeException: Remote host terminated the handshake,none
ff-sollbach.de,ConnectException,none
ff-stadt-sesslach.de,200,none
ff-stefling.feuerwehren.bayern,200,none
ff-sulzberg.de,405,none
ff-tabertshausen.de,SSLException: (internal_error) Received fatal alert: internal_error,none
ff-teisbach.de,ConnectException,none
ff-teublitz.de,200,none
ff-teunz.de,HttpTimeoutException: request timed out,20 mx3.agenturserver.de.; 10 mx2.agenturserver.de.; 10 mx1.agenturserver.de.; 50 mx4.agenturserver.de.
ff-thanheim.de,301,none
ff-thannberg.de,HttpConnectTimeoutException: HTTP connect timed out,none
ff-thenried.de,SSLHandshakeException: (handshake_failure) Received fatal alert: handshake_failure,none
ff-thiersbach.de,HttpConnectTimeoutException: HTTP connect timed out,none
ff-thurmansbang.de,301,0 mail.ff-thurmansbang.de.
ff-thyrnau.de,403,none
ff-tittmoning.de,301,none
ff-traidersdorf.de,SSLHandshakeException: (certificate_unknown) No subject alternative DNS name matching ff-traidersdorf.de found.,none
ff-trisching.de,SSLHandshakeException: (handshake_failure) Received fatal alert: handshake_failure,5 smtpin.rzone.de.
ff-trondorf.blogspot.de,302,none
ff-troschenreuth.de,200,none
ff-trosdorf.de,301,0 ff-trosdorf.de.
ff-uehlfeld.de,200,5 smtpin.rzone.de.
ff-unterdolling.de,HttpConnectTimeoutException: HTTP connect timed out,none
ff-untereichen.de,HttpConnectTimeoutException: HTTP connect timed out,none
ff-untersiemau.de,HttpConnectTimeoutException: HTTP connect timed out,none
ff-walchensee.de,HttpConnectTimeoutException: HTTP connect timed out,none
ff-waldbrunn.de,HttpConnectTimeoutException: HTTP connect timed out,none
ff-waltersdorf.de,HttpConnectTimeoutException: HTTP connect timed out,none
ff-warngau.de,HttpConnectTimeoutException: HTTP connect timed out,10 mx01.ionos.de.; 10 mx00.ionos.de.
ff-wasserlosen.de,SSLHandshakeException: (certificate_unknown) No subject alternative DNS name matching ff-wasserlosen.de found.,10 v099653.kasserver.com.
ff-weidmes.de,HttpConnectTimeoutException: HTTP connect timed out,none
ff-weissenbrunn.de,SSLException: (internal_error) Received fatal alert: internal_error,none
ff-wickendorf.de,200,none
ff-wildenheid.de,200,none
ff-wilhermsdorf.de,301,none
ff-windischbergerdorf.de,200,none
ff-windorf.de,302,none
ff-winkelbrunn.de,HttpTimeoutException: request timed out,none
ff-winterrieden.com,200,none
ff-wischenhofen.de,ConnectException,none
ff-woelsauerhammer.de,200,none
ff.laineck.de,HttpConnectTimeoutException: HTTP connect timed out,none
ff.sankt-englmar.de,HttpConnectTimeoutException: HTTP connect timed out,none
ffa.de,HttpConnectTimeoutException: HTTP connect timed out,none
ffamorbach.de,HttpConnectTimeoutException: HTTP connect timed out,10 mx01.ionos.de.; 10 mx00.ionos.de.
ffbierhuette.bplaced.net,403,none
fff.frohnlach.de,HttpConnectTimeoutException: HTTP connect timed out,none
fffest.de,HttpConnectTimeoutException: HTTP connect timed out,none
ffgaukoenigshofen.feuerwehren.bayern,200,none
ffhutthurm.de,SSLHandshakeException: (certificate_unknown) No subject alternative DNS name matching ffhutthurm.de found.,none
ffkatschenreuth.de,302,none
ffkirchenbirkig.de,200,none
ffkleingern.de,HttpConnectTimeoutException: HTTP connect timed out,none
ffkoenigsberg.de,200,none
ffkrondorf-richt.de,200,none
ffniederschneiding.npage.de,SSLHandshakeException: (certificate_unknown) No subject alternative DNS name matching ffniederschneiding.npage.de found.,none
ffochsenfurt.de,200,none
ffpottenstein.de,500,none
ffrottach-egern.de,301,none
ffschwandorf.de,200,none
ffschwarzenfeld.de,200,5 smtpin.rzone.de.
ffstierberg.de,ConnectException,none
ffsy.de,SSLHandshakeException: (handshake_failure) Received fatal alert: handshake_failure,none
ffw-abens.de,200,none
ffw-ag.de,503,none
ffw-aiglsbach.de,200,0 ffwaiglsbach-de0i.mail.protection.outlook.com.
ffw-alerheim.de,SSLHandshakeException: (certificate_unknown) PKIX path building failed: sun.security.provider.certpath.SunCertPathBuilderException: unable to find valid certification path to requested target,none
ffw-allhartsmais.feuerwehren.bayern,200,none
ffw-an-neuses.de,200,none
ffw-anhausen.de,301,none
ffw-arnshausen.de,301,none
ffw-arrach.de,301,10 mail.securehost.de.
ffw-atting.de,200,none
ffw-atzmannsberg-koeglitz.de,SSLHandshakeException: (certificate_expired) PKIX path validation failed: java.security.cert.CertPathValidatorException: validity check failed,none
ffw-aubstadt.de,HttpTimeoutException: request timed out,5 smtpin.rzone.de.
ffw-augsberg.de,ConnectException,none
ffw-bad-goegging.de,SSLException: (internal_error) Received fatal alert: internal_error,none
ffw-badbocklet.de,HttpConnectTimeoutException: HTTP connect timed out,none
ffw-bammersdorf.de,200,none
ffw-bayerbach.de,HttpConnectTimeoutException: HTTP connect timed out,none
ffw-birkach-am-forst.de,HttpConnectTimeoutException: HTTP connect timed out,none
ffw-bischofsmais.de,301,none
ffw-blieskastel.de,HttpConnectTimeoutException: HTTP connect timed out,none
ffw-bobengruen.de,HttpConnectTimeoutException: HTTP connect timed out,none
ffw-bonbruck.de,200,none
ffw-brebersdorf.de,HttpConnectTimeoutException: HTTP connect timed out,none
ffw-bronn.de,SSLHandshakeException: (certificate_unknown) No subject alternative DNS name matching ffw-bronn.de found.,none
ffw-bruenn.npage.de,SSLHandshakeException: (certificate_unknown) No subject alternative DNS name matching ffw-bruenn.npage.de found.,none
ffw-burgellern.homepage.t-online.de,SSLHandshakeException: (certificate_unknown) PKIX path building failed: sun.security.provider.certpath.SunCertPathBuilderException: unable to find valid certification path to requested target,none
ffw-debring.de,HttpConnectTimeoutException: HTTP connect timed out,none
ffw-dietersburg.jimdo.com,SSLHandshakeException: (handshake_failure) Received fatal alert: handshake_failure,none
ffw-dottenheim.eu,ConnectException,none
ffw-druegendorf.de,HttpConnectTimeoutException: HTTP connect timed out,none
ffw-duerrenzimmern.de,ConnectException,none
ffw-ebnath.de,SSLHandshakeException: (handshake_failure) Received fatal alert: handshake_failure,none
ffw-egloffstein.de,HttpConnectTimeoutException: HTTP connect timed out,none
ffw-eisenbrechtshofen.de,HttpConnectTimeoutException: HTTP connect timed out,10 w01879bf.kasserver.com.
ffw-ellenfeld.de,HttpConnectTimeoutException: HTTP connect timed out,none
ffw-emskeim.de,ConnectException,none
ffw-enderndorf.de,200,none
ffw-engelthal.de,SSLException: (internal_error) Received fatal alert: internal_error,10 mx00.ionos.de.; 10 mx01.ionos.de.
ffw-engolling.de,HttpConnectTimeoutException: HTTP connect timed out,none
ffw-ensfeld.de,HttpConnectTimeoutException: HTTP connect timed out,none
ffw-eresing.de,HttpConnectTimeoutException: HTTP connect timed out,none
ffw-ergoldsbach.de,200,5 smtpin.rzone.de.
ffw-eschlipp.de,SSLHandshakeException: (handshake_failure) Received fatal alert: handshake_failure,none
ffw-eslarn.de,301,none
ffw-fahrenbach.de,SSLHandshakeException: (handshake_failure) Received fatal alert: handshake_failure,none
ffw-fiegenstall.de,ConnectException,none
ffw-freudenberg.de,200,10 mx00.ionos.de.; 10 mx01.ionos.de.
ffw-fuerstenstein.de,ConnectException,none
ffw-gaiganz.de,200,5 smtpin.rzone.de.
ffw-gebelkofen.de,SSLHandshakeException: (certificate_expired) PKIX path validation failed: java.security.cert.CertPathValidatorException: validity check failed,none
ffw-gebertshofen.jimdo.com,SSLHandshakeException: (handshake_failure) Received fatal alert: handshake_failure,none
ffw-gereuth.de,200,none
ffw-gerlachshausen.de,301,10 mail.ffw-gerlachshausen.de.
ffw-glosberg.de,301,none
ffw-gotzendorf.feuerwehren.bayern,200,none
ffw-grafenreuth.de,200,none
ffw-gressthal.de,SSLHandshakeException: (certificate_unknown) No subject alternative DNS name matching ffw-gressthal.de found.,none
ffw-grossbettlingen.de,301,10 101nm.host-ing.eu.
ffw-grossheirath.de,SSLHandshakeException: (certificate_unknown) No subject alternative DNS name matching ffw-grossheirath.de found.,none
ffw-grub-frenshof.de,301,none
ffw-gsenget.de,200,none
ffw-guenching.de,ConnectException,none
ffw-gunzenheim.de,404,none
ffw-haard.de,SSLHandshakeException: (certificate_unknown) No subject alternative DNS name matching ffw-haard.de found.,none
ffw-hammer.de,SSLException: (internal_error) Received fatal alert: internal_error,5 smtpin.rzone.de.
ffw-harrling.de.tl,410,none
ffw-hasberg.de,200,none
ffw-hatzenhofen.de,301,none
ffw-hausmehring.de,301,none
ffw-heidenfeld.de,SSLHandshakeException: (certificate_unknown) No subject alternative DNS name matching ffw-heidenfeld.de found.,none
ffw-helchenbach.de,HttpConnectTimeoutException: HTTP connect timed out,none
ffw-herrenstetten.de,HttpConnectTimeoutException: HTTP connect timed out,none
ffw-heufeld.de,HttpConnectTimeoutException: HTTP connect timed out,none
ffw-himmelstadt.feuerwehren.bayern,HttpConnectTimeoutException: HTTP connect timed out,none
ffw-hitzhofen-oberzell.de,HttpConnectTimeoutException: HTTP connect timed out,none
ffw-hochstadt.de,SSLHandshakeException: (certificate_expired) PKIX path validation failed: java.security.cert.CertPathValidatorException: validity check failed,5 smtpin.rzone.de.
ffw-hoefen-waizendorf.de,HttpConnectTimeoutException: HTTP connect timed out,none
ffw-hoeflas.de,HttpConnectTimeoutException: HTTP connect timed out,none
ffw-hoerbering.iivs.de,HttpConnectTimeoutException: HTTP connect timed out,none
ffw-hof.de,HttpConnectTimeoutException: HTTP connect timed out,none
ffw-hofheim.de,HttpConnectTimeoutException: HTTP connect timed out,none
ffw-hohenau.de,HttpConnectTimeoutException: HTTP connect timed out,none
ffw-hohenberg.de,HttpConnectTimeoutException: HTTP connect timed out,none
ffw-hohenkemnath.de,200,5 smtpin.rzone.de.
ffw-holenbrunn.de,ConnectException,none
ffw-hoppachshof.de,ConnectException,none
ffw-horb.de,HttpConnectTimeoutException: HTTP connect timed out,none
ffw-indersbach.de,HttpConnectTimeoutException: HTTP connect timed out,none
ffw-inzell.de,HttpConnectTimeoutException: HTTP connect timed out,none
ffw-irnsing.de,HttpConnectTimeoutException: HTTP connect timed out,none
ffw-kainach.de,200,none
ffw-katzelsried.de,HttpConnectTimeoutException: HTTP connect timed out,none
ffw-kauernhofen.de,200,none
ffw-kirchenpingarten.de,HttpConnectTimeoutException: HTTP connect timed out,none
ffw-klafferstrass.de,HttpConnectTimeoutException: HTTP connect timed out,none
ffw-kleinrinderfeld.de,SSLException: (internal_error) Received fatal alert: internal_error,10 mx01.ionos.de.; 10 mx00.ionos.de.
ffw-klingenbrunn.de,200,none
ffw-knellendorf.de,SSLHandshakeException: (certificate_unknown) PKIX path building failed: sun.security.provider.certpath.SunCertPathBuilderException: unable to find valid certification path to requested target,10 parking5.kv.de.
ffw-kolmberg.de,200,none
ffw-konzell.de,301,none
ffw-kuermreuth.de,ConnectException,none
ffw-langengeisling.de,200,none
ffw-lappach.de,SSLHandshakeException: (certificate_unknown) PKIX path building failed: sun.security.provider.certpath.SunCertPathBuilderException: unable to find valid certification path to requested target,none
ffw-laubendorf.de,301,none
ffw-laubenzedel.de,200,none
ffw-leiblfing.de,301,none
ffw-leutenbach.de,200,10 mail.rootsvr.de.
ffw-loepsingen.de,301,10 ffw-loepsingen.de.
ffw-loh-wischlburg.de,ConnectException,none
ffw-loibling-katzbach.pytalhost.net,HttpConnectTimeoutException: HTTP connect timed out,none
ffw-loizenkirchen.de,200,10 mx01.goneo.de.; 10 mx02.goneo.de.
ffw-mainbernheim.de,301,none
ffw-maitenbeth.weebly.com,HttpConnectTimeoutException: HTTP connect timed out,none
ffw-markt-eschlkam.de,SSLHandshakeException: (certificate_unknown) No subject alternative DNS name matching ffw-markt-eschlkam.de found.,10 mail.ffw-markt-eschlkam.de.
ffw-markt-perlesreut.de,SSLException: (internal_error) Received fatal alert: internal_error,none
ffw-marktheidenfeld.de,301,none
ffw-mehring.de,200,none
ffw-meihern.de,200,10 mail.ffw-meihern.de.
ffw-mettenheim.de,301,none
ffw-missen-wilhams.de,200,none
ffw-mistendorf.de,301,10 mx00.ionos.de.; 10 mx01.ionos.de.
ffw-mitgenfeld.de,ConnectException,none
ffw-muensterschwarzach.de,200,none
ffw-muernsee.de,200,none
ffw-mundraching.de,ConnectException,none
ffw-neunhof.de,HttpConnectTimeoutException: HTTP connect timed out,none
ffw-neureichenau.de,HttpConnectTimeoutException: HTTP connect timed out,10 mx1.jimdo.com.; 20 mx2.jimdo.com.
ffw-neuses.de,HttpConnectTimeoutException: HTTP connect timed out,0 ffwneuses-de0i.mail.protection.outlook.com.
ffw-neustetten.de,HttpConnectTimeoutException: HTTP connect timed out,none
ffw-niederlindhart.de,HttpConnectTimeoutException: HTTP connect timed out,none
ffw-niedermurach.de,HttpConnectTimeoutException: HTTP connect timed out,none
ffw-obergriesbach.blogspot.de,HttpConnectTimeoutException: HTTP connect timed out,none
ffw-oberhaselbach.de,200,none
ffw-obermiethnach.de.vu,ConnectException,none
ffw-oberpiebing.de,301,none
ffw-oberpoering.de,ConnectException,none
ffw-oberrimbach.de,SSLHandshakeException: (handshake_failure) Received fatal alert: handshake_failure,none
ffw-obersteben.de,200,none
ffw-obertrubach.de,HttpConnectTimeoutException: HTTP connect timed out,5 smtpin.rzone.de.
ffw-obk.de,HttpConnectTimeoutException: HTTP connect timed out,none
ffw-ok.de,SSLException: (internal_error) Received fatal alert: internal_error,none
ffw-ortspitz-seidmar.de,ConnectException,none
ffw-pankofen.jimdo.com,HttpConnectTimeoutException: HTTP connect timed out,none
ffw-pauluszell.de,HttpConnectTimeoutException: HTTP connect timed out,none
ffw-penzenried-aschenau.de,HttpConnectTimeoutException: HTTP connect timed out,none
ffw-peterskirchen.de,HttpConnectTimeoutException: HTTP connect timed out,none
ffw-pfahldorf.de,ConnectException,none
ffw-pfronten.de,HttpConnectTimeoutException: HTTP connect timed out,10 mail.ffw-pfronten.de.
ffw-pilgramsberg.de,ConnectException,none
ffw-pittrich.de,SSLHandshakeException: (certificate_unknown) No subject alternative DNS name matching ffw-pittrich.de found.,none
ffw-pliening.de,301,none
ffw-poppberg.de,ConnectException,none
ffw-poppenhausen.de,200,none
ffw-pressig.de,ConnectException,none
ffw-priegendorf.npage.de,SSLHandshakeException: (certificate_unknown) No subject alternative DNS name matching ffw-priegendorf.npage.de found.,none
ffw-prinkofen.de,301,10 www565.your-server.de.
ffw-prosdorf.de,200,none
ffw-pullenreuth.de,200,none
ffw-ramsdorf.de,301,none
ffw-ramsenthal.de,SSLHandshakeException: (handshake_failure) Received fatal alert: handshake_failure,5 smtpin.rzone.de.
ffw-ranfels.de,HttpTimeoutException: request timed out,5 smtpin.rzone.de.
ffw-ranoldsberg.de,301,none
ffw-rehberg.de,SSLHandshakeException: (handshake_failure) Received fatal alert: handshake_failure,none
ffw-reichertsheim.de,HttpConnectTimeoutException: HTTP connect timed out,none
ffw-reichstorf.de,ConnectException,none
ffw-rentweinsdorf.de,HttpConnectTimeoutException: HTTP connect timed out,none
ffw-reutersbrunn.beepworld.de,404,none
ffw-reuth.com,HttpConnectTimeoutException: HTTP connect timed out,none
ffw-riedenberg.de,HttpConnectTimeoutException: HTTP connect timed out,none
ffw-ringelai.de,200,none
ffw-rittershausen.org,HttpConnectTimeoutException: HTTP connect timed out,none
ffw-roebersdorf.de,301,none
ffw-roggden-hettlingen.de,SSLHandshakeException: (certificate_expired) PKIX path validation failed: java.security.cert.CertPathValidatorException: validity check failed,none
ffw-rohrenfels.feuerwehren.bayern,HttpConnectTimeoutException: HTTP connect timed out,none
ffw-rosall.de,ConnectException,none
ffw-rothhausen.jimdo.com,HttpConnectTimeoutException: HTTP connect timed out,none
ffw-rottbach.de,200,none
ffw-runding.de,301,none
ffw-sandizell.de,ConnectException,none
ffw-saulburg.de,301,none
ffw-schamelsberg.de,HttpConnectTimeoutException: HTTP connect timed out,none
ffw-schederndorf.de,HttpConnectTimeoutException: HTTP connect timed out,none
ffw-schelklingen.de,HttpConnectTimeoutException: HTTP connect timed out,none
ffw-schoenbrunn-stgw.de,HttpConnectTimeoutException: HTTP connect timed out,10 mailstore1.secureserver.net.; 0 smtp.secureserver.net.
ffw-schwanham.de,HttpConnectTimeoutException: HTTP connect timed out,none
ffw-schwarzenau.de,HttpConnectTimeoutException: HTTP connect timed out,10 mail.ffw-schwarzenau.de.
ffw-seyboldsdorf.de,HttpConnectTimeoutException: HTTP connect timed out,none
ffw-siegenstein.de,SSLException: (internal_error) Received fatal alert: internal_error,none
ffw-siegsdorf.de,HttpConnectTimeoutException: HTTP connect timed out,none
ffw-spalt.de,SSLHandshakeException: (certificate_unknown) No subject alternative DNS name matching ffw-spalt.de found.,10 ffw-spalt.de.
ffw-speinshart.de,SSLHandshakeException: (handshake_failure) Received fatal alert: handshake_failure,5 smtpin.rzone.de.
ffw-stadtlauringen.de,SSLHandshakeException: (certificate_unknown) No subject alternative DNS name matching ffw-stadtlauringen.de found.,0 ffwstadtlauringen-de0i.mail.protection.outlook.com.
ffw-stappenbach.de,200,10 mail.ffw-stappenbach.de.
ffw-stepperg.de,200,none
ffw-stoeckach.de,HttpConnectTimeoutException: HTTP connect timed out,none
ffw-streit.de,HttpConnectTimeoutException: HTTP connect timed out,none
ffw-strullendorf.de,HttpConnectTimeoutException: HTTP connect timed out,50 mx0.ffw-strullendorf.de.
ffw-syrgenstein.de,HttpConnectTimeoutException: HTTP connect timed out,none
ffw-tannfeld.de,HttpConnectTimeoutException: HTTP connect timed out,none
ffw-tbb.de,HttpConnectTimeoutException: HTTP connect timed out,none
ffw-teuschnitz.de,HttpConnectTimeoutException: HTTP connect timed out,10 mx00.ionos.de.; 10 mx01.ionos.de.
ffw-thonberg.de,ConnectException,none
ffw-thuengen.de,200,none
ffw-thulba.de,ConnectException,none
ffw-thumsenreuth.net,HttpConnectTimeoutException: HTTP connect timed out,none
ffw-thurndorf.de,HttpConnectTimeoutException: HTTP connect timed out,none
ffw-trausnitz.de,HttpConnectTimeoutException: HTTP connect timed out,none
ffw-truchtlaching.de.to,HttpConnectTimeoutException: HTTP connect timed out,none
ffw-tuerkheim.de,200,10 v101364.kasserver.com.
ffw-tuntenhausen.jimdo.com,HttpConnectTimeoutException: HTTP connect timed out,none
ffw-ungelstetten.de,200,none
ffw-unterafferbach.de,302,10 mx01.ionos.de.; 10 mx00.ionos.de.
ffw-unterbechingen.de,ConnectException,none
ffw-unterglauheim.org,HttpConnectTimeoutException: HTTP connect timed out,none
ffw-unterschleichach.de,200,none
ffw-urphertshofen.de,ConnectException,none
ffw-ursensollen.de,SSLHandshakeException: (certificate_unknown) PKIX path building failed: sun.security.provider.certpath.SunCertPathBuilderException: unable to find valid certification path to requested target,none
ffw-vilsheim.de,301,none
ffw-voggendorf.de,SSLHandshakeException: (certificate_unknown) PKIX path building failed: sun.security.provider.certpath.SunCertPathBuilderException: unable to find valid certification path to requested target,none
ffw-walbenreuth.de,ConnectException,none
ffw-wald.de,301,none
ffw-waldstetten.de,307,none
ffw-waltendorf.de,200,none
ffw-waltershofen.de,200,none
ffw-wasentegernbach.de,200,none
ffw-weichering.de,200,none
ffw-weingarts.de,200,10 mail.ffw-weingarts.de.
ffw-wichsenstein.de,SSLException: (internal_error) Received fatal alert: internal_error,none
ffw-wilhelmsreut.de,200,none
ffw-woelsau.de,SSLHandshakeException: (certificate_unknown) No subject alternative DNS name matching ffw-woelsau.de found.,10 mx.freenet.de.
ffw-wohlmuthshuell.de,ConnectException,none
ffw-wolframs-eschenbach.de,301,none
ffw-wolfsberg.de,200,10 mail.schmetterling-argus.de.
ffw-wollaberg.de,SSLException: (internal_error) Received fatal alert: internal_error,10 mx01.ionos.de.; 10 mx00.ionos.de.
ffw-workerszell.de,301,1 ffwworkerszell-de0i.mail.protection.outlook.com.
ffw-zankenhausen.de,302,none
ffw-zeegendorf.de,405,none
ffw-zickhusen.de,200,none
ffw.geiselwind.de,301,none
ffw.korntal-muenchingen.de,SSLHandshakeException: Remote host terminated the handshake,none
ffw.tulling.de,301,none
ffw.weiterndorf.info,HttpConnectTimeoutException: HTTP connect timed out,none
ffw.woerlsdorf.de,HttpConnectTimeoutException: HTTP connect timed out,10 mx00.kundenserver.de.; 10 mx01.kundenserver.de.
ffwaldenreut.de.tl,HttpConnectTimeoutException: HTTP connect timed out,none
ffwbeidl.de,HttpConnectTimeoutException: HTTP connect timed out,5 smtpin.rzone.de.
ffwboehmischbruck.de,HttpConnectTimeoutException: HTTP connect timed out,none
ffwclarsbach-raitersaich.de,HttpConnectTimeoutException: HTTP connect timed out,10 mx04.secure-mailgate.com.; 10 mx03.secure-mailgate.com.
ffwelisabethszell.de,HttpConnectTimeoutException: HTTP connect timed out,none
ffwellenbach.com,HttpConnectTimeoutException: HTTP connect timed out,none
ffwgaenheim.de,HttpConnectTimeoutException: HTTP connect timed out,none
ffwgross-kleinweil.feuerwehren.bayern,HttpConnectTimeoutException: HTTP connect timed out,none
ffwgrosskoellnbach.wordpress.com,HttpConnectTimeoutException: HTTP connect timed out,none
ffwhof.de,200,none
ffwildenranna.de,ConnectException,none
ffwirlahuell.wordpress.com,HttpConnectTimeoutException: HTTP connect timed out,none
ffwkueps.de,200,none
ffwleutenbach.de,SSLException: (internal_error) Received fatal alert: internal_error,none
ffwmalgersdorf.jimdo.com,HttpConnectTimeoutException: HTTP connect timed out,none
ffwmuenchshofen.de,HttpTimeoutException: request timed out,none
ffwmunningen.de,HttpConnectTimeoutException: HTTP connect timed out,none
ffwniederschoenenfeld.com,HttpConnectTimeoutException: HTTP connect timed out,none
ffwoelsendorf.de,200,none
ffwpoxdorf.web99.de,SSLHandshakeException: (certificate_unknown) No subject alternative DNS name matching ffwpoxdorf.web99.de found.,none
ffwreimlingen.feuerwehren.bayern,HttpConnectTimeoutException: HTTP connect timed out,none
ffwsachsen.de,HttpConnectTimeoutException: HTTP connect timed out,none
ffwschwindkirchen.de,HttpConnectTimeoutException: HTTP connect timed out,5 smtpin.rzone.de.
ffwstulln.wordpress.com,HttpConnectTimeoutException: HTTP connect timed out,none
ffwthalmaessing.de,SSLHandshakeException: (certificate_unknown) PKIX path building failed: sun.security.provider.certpath.SunCertPathBuilderException: unable to find valid certification path to requested target,none
ffwthierbach.wordpress.com,HttpConnectTimeoutException: HTTP connect timed out,none
ffwtrieb.de,HttpConnectTimeoutException: HTTP connect timed out,none
ffwurz.de,SSLHandshakeException: (certificate_unknown) No subject alternative DNS name matching ffwurz.de found.,none
ffwzinzenzell.info,ConnectException,none
ffzapfendorf.feuerwehren.bayern,HttpConnectTimeoutException: HTTP connect timed out,none
fg-duesseldorf.nrw.de,SSLHandshakeException: (certificate_unknown) No subject alternative DNS name matching fg-duesseldorf.nrw.de found.,none
fg-koeln.nrw.de,SSLHandshakeException: (certificate_unknown) No subject alternative DNS name matching fg-koeln.nrw.de found.,none
fg-muenster.nrw.de,SSLHandshakeException: (certificate_unknown) No subject alternative DNS name matching fg-muenster.nrw.de found.,none
fg.sachsen-anhalt.de,400,none
fgnw.justiz.rlp.de,200,none
fh-potsdam.de,SSLHandshakeException: (certificate_unknown) PKIX path building failed: sun.security.provider.certpath.SunCertPathBuilderException: unable to find valid certification path to requested target,none
fhi.mpg.de,HttpConnectTimeoutException: HTTP connect timed out,none
filderwasser.de,200,none
finanzamt-aachen-kreis.de,HttpConnectTimeoutException: HTTP connect timed out,none
finanzamt-aachen-stadt.de,HttpConnectTimeoutException: HTTP connect timed out,none
finanzamt-ahaus.de,HttpConnectTimeoutException: HTTP connect timed out,none
finanzamt-alsfeld-lauterbach.de,HttpConnectTimeoutException: HTTP connect timed out,none
finanzamt-altena.de,HttpConnectTimeoutException: HTTP connect timed out,none
finanzamt-altenkirchen-hachenburg.de,HttpConnectTimeoutException: HTTP connect timed out,none
finanzamt-amberg.de,308,none
finanzamt-amorbach.de,302,none
finanzamt-annaberg.de,ConnectException,none
finanzamt-ansbach.de,308,none
finanzamt-arnsberg.de,HttpConnectTimeoutException: HTTP connect timed out,none
finanzamt-aschaffenburg.de,308,none
finanzamt-augsburg-land.de,308,none
finanzamt-augsburg-stadt.de,HttpConnectTimeoutException: HTTP connect timed out,none
finanzamt-bad-homburg.de,301,none
finanzamt-bad-kissingen.de,308,none
finanzamt-bad-kreuznach.de,308,30 mx-a.ktk.de.; 30 mx-b.ktk.de.
finanzamt-bad-neustadt.de,308,10 mail.bayern.de.
finanzamt-bad-toelz.de,302,10 mail.bayern.de.
finanzamt-bamberg.de,308,none
finanzamt-bautzen.de,ConnectException,none
finanzamt-bayreuth.de,308,none
finanzamt-beckum.de,HttpConnectTimeoutException: HTTP connect timed out,none
finanzamt-bensheim.de,HttpConnectTimeoutException: HTTP connect timed out,none
finanzamt-berchtesgaden.de,302,none
finanzamt-bergheim.de,HttpConnectTimeoutException: HTTP connect timed out,none
finanzamt-bergisch-gladbach.de,ConnectException,none
finanzamt-bielefeld-aussenstadt.de,HttpConnectTimeoutException: HTTP connect timed out,none
finanzamt-bielefeld-innenstadt.de,HttpConnectTimeoutException: HTTP connect timed out,none
finanzamt-bingen-alzey.de,HttpConnectTimeoutException: HTTP connect timed out,none
finanzamt-bitburg-pruem.de,HttpConnectTimeoutException: HTTP connect timed out,none
finanzamt-bochum-mitte.de,HttpConnectTimeoutException: HTTP connect timed out,none
finanzamt-bochum-sued.de,HttpConnectTimeoutException: HTTP connect timed out,none
finanzamt-bonn-aussenstadt.de,HttpConnectTimeoutException: HTTP connect timed out,none
finanzamt-bonn-innenstadt.de,HttpConnectTimeoutException: HTTP connect timed out,none
finanzamt-borken.de,HttpConnectTimeoutException: HTTP connect timed out,none
finanzamt-borna.de,HttpConnectTimeoutException: HTTP connect timed out,none
finanzamt-bottrop.de,HttpConnectTimeoutException: HTTP connect timed out,none
finanzamt-brilon.de,HttpConnectTimeoutException: HTTP connect timed out,none
finanzamt-bruehl.de,HttpConnectTimeoutException: HTTP connect timed out,none
finanzamt-buende.de,HttpConnectTimeoutException: HTTP connect timed out,none
finanzamt-burghausen.de,308,none
finanzamt-bw.fv-bwl.de,301,none
finanzamt-cham.de,HttpConnectTimeoutException: HTTP connect timed out,none
finanzamt-chemnitz-mitte.de,HttpConnectTimeoutException: HTTP connect timed out,none
finanzamt-chemnitz-sued.de,HttpConnectTimeoutException: HTTP connect timed out,none
finanzamt-coburg.de,308,none
finanzamt-coesfeld.de,HttpConnectTimeoutException: HTTP connect timed out,none
finanzamt-dachau.de,308,none
finanzamt-darmstadt.de,301,none
finanzamt-deggendorf.de,HttpConnectTimeoutException: HTTP connect timed out,none
finanzamt-detmold.de,HttpConnectTimeoutException: HTTP connect timed out,none
finanzamt-dieburg.de,301,none
finanzamt-dillenburg.de,301,none
finanzamt-dillingen.de,302,none
finanzamt-dingolfing.de,308,10 mail.bayern.de.
finanzamt-dinslaken.de,HttpConnectTimeoutException: HTTP connect timed out,none
finanzamt-doebeln.de,ConnectException,none
finanzamt-donauwoerth.de,302,none
finanzamt-dortmund-hoerde.de,HttpConnectTimeoutException: HTTP connect timed out,none
finanzamt-dortmund-ost.de,HttpConnectTimeoutException: HTTP connect timed out,none
finanzamt-dortmund-unna.de,HttpConnectTimeoutException: HTTP connect timed out,none
finanzamt-dortmund-west.de,HttpConnectTimeoutException: HTTP connect timed out,none
finanzamt-dresden-nord.de,ConnectException,none
finanzamt-dresden-sued.de,ConnectException,none
finanzamt-dueren.de,HttpConnectTimeoutException: HTTP connect timed out,none
finanzamt-duesseldorf-altstadt.de,HttpConnectTimeoutException: HTTP connect timed out,none
finanzamt-duesseldorf-mettmann.de,HttpConnectTimeoutException: HTTP connect timed out,none
finanzamt-duesseldorf-mitte.de,HttpConnectTimeoutException: HTTP connect timed out,none
finanzamt-duesseldorf-nord.de,HttpConnectTimeoutException: HTTP connect timed out,none
finanzamt-duesseldorf-sued.de,HttpConnectTimeoutException: HTTP connect timed out,none
finanzamt-duisburg-hamborn.de,HttpConnectTimeoutException: HTTP connect timed out,none
finanzamt-duisburg-sued.de,HttpConnectTimeoutException: HTTP connect timed out,none
finanzamt-duisburg-west.de,HttpConnectTimeoutException: HTTP connect timed out,none
finanzamt-ebersberg.de,HttpConnectTimeoutException: HTTP connect timed out,10 mail.bayern.de.
finanzamt-eggenfelden.de,HttpConnectTimeoutException: HTTP connect timed out,none
finanzamt-eichstaett.de,HttpConnectTimeoutException: HTTP connect timed out,none
finanzamt-eilenburg.de,ConnectException,none
finanzamt-erding.de,308,none
finanzamt-erkelenz.de,HttpConnectTimeoutException: HTTP connect timed out,none
finanzamt-erlangen.de,302,none
finanzamt-eschwege-witzenhausen.de,HttpConnectTimeoutException: HTTP connect timed out,none
finanzamt-essen-nordost.de,HttpConnectTimeoutException: HTTP connect timed out,none
finanzamt-essen-sued.de,HttpConnectTimeoutException: HTTP connect timed out,none
finanzamt-euskirchen.de,HttpConnectTimeoutException: HTTP connect timed out,none
finanzamt-forchheim.de,HttpConnectTimeoutException: HTTP connect timed out,10 mail.bayern.de.
finanzamt-frankfurt-am-main.de,301,none
finanzamt-freiberg.de,ConnectException,none
finanzamt-freising.de,308,10 mail.bayern.de.
finanzamt-freital.de,ConnectException,none
finanzamt-friedberg.de,301,none
finanzamt-fuerstenfeldbruck.de,308,10 mail.bayern.de.
finanzamt-fuerth.de,302,10 mail.bayern.de.
finanzamt-fulda.de,301,none
finanzamt-garmisch-partenkirchen.de,308,none
finanzamt-geilenkirchen.de,HttpConnectTimeoutException: HTTP connect timed out,none
finanzamt-geldern.de,HttpConnectTimeoutException: HTTP connect timed out,none
finanzamt-gelnhausen.de,301,none
finanzamt-giessen.de,301,none
finanzamt-goerlitz.de,ConnectException,none
finanzamt-grafenau.de,302,none
finanzamt-greifswald.de,SSLHandshakeException: Remote host terminated the handshake,none
finanzamt-grevenbroich.de,HttpConnectTimeoutException: HTTP connect timed out,none
finanzamt-grimma.de,ConnectException,none
finanzamt-gross-gerau.de,301,none
finanzamt-guenzburg.de,302,10 mail.bayern.de.
finanzamt-guestrow.de,SSLHandshakeException: Remote host terminated the handshake,none
finanzamt-guetersloh.de,HttpConnectTimeoutException: HTTP connect timed out,none
finanzamt-gummersbach.de,HttpConnectTimeoutException: HTTP connect timed out,none
finanzamt-gunzenhausen.de,404,none
finanzamt-hagen.de,HttpConnectTimeoutException: HTTP connect timed out,none
finanzamt-hagenow.de,SSLHandshakeException: Remote host terminated the handshake,none
finanzamt-hamm.de,HttpConnectTimeoutException: HTTP connect timed out,none
finanzamt-hanau.de,301,none
finanzamt-hattingen.de,HttpConnectTimeoutException: HTTP connect timed out,none
finanzamt-herford.de,HttpConnectTimeoutException: HTTP connect timed out,none
finanzamt-hersbruck.de,302,none
finanzamt-hersfeld-rotenburg.de,HttpConnectTimeoutException: HTTP connect timed out,none
finanzamt-hilden.de,HttpConnectTimeoutException: HTTP connect timed out,none
finanzamt-hilpoltstein.de,404,10 mail.bayern.de.
finanzamt-hoexter.de,HttpConnectTimeoutException: HTTP connect timed out,none
finanzamt-hof.de,HttpConnectTimeoutException: HTTP connect timed out,10 mail.bayern.de.
finanzamt-hofheim-am-taunus.de,301,none
finanzamt-hohenstein-ernstthal.de,ConnectException,none
finanzamt-homburg.de,HttpConnectTimeoutException: HTTP connect timed out,none
finanzamt-hoyerswerda.de,HttpConnectTimeoutException: HTTP connect timed out,none
finanzamt-ibbenbueren.de,HttpConnectTimeoutException: HTTP connect timed out,none
finanzamt-idar-oberstein.de,308,none
finanzamt-immenstadt.de,HttpConnectTimeoutException: HTTP connect timed out,none
finanzamt-ingolstadt.de,HttpConnectTimeoutException: HTTP connect timed out,none
finanzamt-iserlohn.de,HttpConnectTimeoutException: HTTP connect timed out,none
finanzamt-juelich.de,HttpConnectTimeoutException: HTTP connect timed out,none
finanzamt-kaiserslautern.de,HttpConnectTimeoutException: HTTP connect timed out,30 mx-b.ktk.de.; 30 mx-a.ktk.de.
finanzamt-kassel.de,301,none
finanzamt-kaufbeuren.de,308,10 mail.bayern.de.
finanzamt-kelheim.de,308,none
finanzamt-kempen.de,HttpConnectTimeoutException: HTTP connect timed out,none
finanzamt-kempten.de,302,10 mail.bayern.de.
finanzamt-kitzingen.de,HttpConnectTimeoutException: HTTP connect timed out,none
finanzamt-kleve.de,HttpConnectTimeoutException: HTTP connect timed out,none
finanzamt-koblenz.de,308,none
finanzamt-koeln-altstadt.de,HttpConnectTimeoutException: HTTP connect timed out,none
finanzamt-koeln-mitte.de,HttpConnectTimeoutException: HTTP connect timed out,none
finanzamt-koeln-nord.de,HttpConnectTimeoutException: HTTP connect timed out,none
finanzamt-koeln-ost.de,HttpConnectTimeoutException: HTTP connect timed out,none
finanzamt-koeln-porz.de,HttpConnectTimeoutException: HTTP connect timed out,none
finanzamt-koeln-sued.de,HttpConnectTimeoutException: HTTP connect timed out,none
finanzamt-koeln-west.de,HttpConnectTimeoutException: HTTP connect timed out,none
finanzamt-korbach-frankenberg.de,HttpConnectTimeoutException: HTTP connect timed out,none
finanzamt-krefeld.de,HttpConnectTimeoutException: HTTP connect timed out,none
finanzamt-kronach.de,308,none
finanzamt-kulmbach.de,302,none
finanzamt-kusel-landstuhl.de,308,none
finanzamt-landsberg.de,308,none
finanzamt-landshut.de,308,none
finanzamt-langen.de,301,none
finanzamt-leipzig-i.de,ConnectException,none
finanzamt-leipzig-ii.de,ConnectException,none
finanzamt-lemgo.de,HttpConnectTimeoutException: HTTP connect timed out,none
finanzamt-leverkusen.de,HttpConnectTimeoutException: HTTP connect timed out,none
finanzamt-lichtenfels.de,308,10 mail.bayern.de.
finanzamt-limburg-weilburg.de,301,none
finanzamt-lindau.de,308,none
finanzamt-lippstadt.de,HttpConnectTimeoutException: HTTP connect timed out,none
finanzamt-loebau.de,ConnectException,none
finanzamt-lohr.de,308,none
finanzamt-ludwigshafen.de,308,none
finanzamt-luebbecke.de,HttpConnectTimeoutException: HTTP connect timed out,none
finanzamt-luedenscheid.de,HttpConnectTimeoutException: HTTP connect timed out,none
finanzamt-luedinghausen.de,HttpConnectTimeoutException: HTTP connect timed out,none
finanzamt-mainz-mitte.de,ConnectException: Host is unreachable,none
finanzamt-mainz-sued.de,HttpConnectTimeoutException: HTTP connect timed out,none
finanzamt-marburg-biedenkopf.de,HttpConnectTimeoutException: HTTP connect timed out,none
finanzamt-marl.de,HttpConnectTimeoutException: HTTP connect timed out,none
finanzamt-mayen.de,308,none
finanzamt-meissen.de,HttpConnectTimeoutException: HTTP connect timed out,none
finanzamt-memmingen.de,302,none
finanzamt-merzig.de,HttpConnectTimeoutException: HTTP connect timed out,none
finanzamt-meschede.de,HttpConnectTimeoutException: HTTP connect timed out,none
finanzamt-michelstadt.de,301,none
finanzamt-miesbach.de,HttpConnectTimeoutException: HTTP connect timed out,none
finanzamt-mindelheim.de,HttpConnectTimeoutException: HTTP connect timed out,none
finanzamt-minden.de,HttpConnectTimeoutException: HTTP connect timed out,none
finanzamt-mittweida.de,ConnectException,none
finanzamt-moenchengladbach.de,HttpConnectTimeoutException: HTTP connect timed out,none
finanzamt-moers.de,HttpConnectTimeoutException: HTTP connect timed out,none
finanzamt-montabaur-diez.de,308,none
finanzamt-muehldorf.de,308,none
finanzamt-muelheim-ruhr.de,HttpConnectTimeoutException: HTTP connect timed out,none
finanzamt-muenchen.de,302,none
finanzamt-muenster-aussenstadt.de,HttpConnectTimeoutException: HTTP connect timed out,none
finanzamt-muenster-innenstadt.de,HttpConnectTimeoutException: HTTP connect timed out,none
finanzamt-neu-ulm.de,302,10 mail.bayern.de.
finanzamt-neubrandenburg.de,301,none
finanzamt-neumarkt.de,308,none
finanzamt-neunkirchen.de,ConnectException,none
finanzamt-neuss.de,HttpConnectTimeoutException: HTTP connect timed out,none
finanzamt-nidda.de,301,none
finanzamt-noerdlingen.de,302,10 mail.bayern.de.
finanzamt-nuernberg-nord.de,302,10 mail.bayern.de.
finanzamt-nuernberg-sued.de,302,none
finanzamt-oberhausen-nord.de,HttpConnectTimeoutException: HTTP connect timed out,none
finanzamt-oberhausen-sued.de,HttpConnectTimeoutException: HTTP connect timed out,none
finanzamt-offenbach.de,301,none
finanzamt-olpe.de,HttpConnectTimeoutException: HTTP connect timed out,none
finanzamt-oschatz.de,ConnectException,none
finanzamt-paderborn.de,HttpConnectTimeoutException: HTTP connect timed out,none
finanzamt-passau.de,308,none
finanzamt-pfaffenhofen.de,308,none
finanzamt-pirmasens.de,308,none
finanzamt-pirna.de,ConnectException,none
finanzamt-plauen.de,ConnectException,none
finanzamt-recklinghausen.de,HttpConnectTimeoutException: HTTP connect timed out,none
finanzamt-regensburg.de,302,none
finanzamt-remscheid.de,HttpConnectTimeoutException: HTTP connect timed out,none
finanzamt-rheingau-taunus.de,301,none
finanzamt-ribnitz-damgarten.de,SSLHandshakeException: Remote host terminated the handshake,none
finanzamt-rosenheim.de,308,none
finanzamt-rostock.de,SSLHandshakeException: Remote host terminated the handshake,10 mx04.mvnet.de.; 10 mx03.mvnet.de.
finanzamt-saarbruecken.de,ConnectException,none
finanzamt-saarlouis.de,HttpConnectTimeoutException: HTTP connect timed out,none
finanzamt-sankt-augustin.de,HttpConnectTimeoutException: HTTP connect timed out,none
finanzamt-sankt-goarshausen-sankt-goar.de,307,10 .
finanzamt-sankt-wendel.de,ConnectException,10 lmtad02.ha.saarland.de.
finanzamt-schleiden.de,HttpConnectTimeoutException: HTTP connect timed out,none
finanzamt-schrobenhausen.de,HttpConnectTimeoutException: HTTP connect timed out,none
finanzamt-schwabach.de,302,none
finanzamt-schwalm-eder.de,301,none
finanzamt-schwandorf.de,308,none
finanzamt-schwarzenberg.de,HttpConnectTimeoutException: HTTP connect timed out,none
finanzamt-schweinfurt.de,302,10 mail.bayern.de.
finanzamt-schwelm.de,HttpConnectTimeoutException: HTTP connect timed out,none
finanzamt-schwerin.de,HttpConnectTimeoutException: HTTP connect timed out,10 mx03.mvnet.de.; 10 mx04.mvnet.de.
finanzamt-siegburg.de,HttpConnectTimeoutException: HTTP connect timed out,none
finanzamt-siegen.de,HttpConnectTimeoutException: HTTP connect timed out,none
finanzamt-soest.de,HttpConnectTimeoutException: HTTP connect timed out,none
finanzamt-solingen.de,HttpConnectTimeoutException: HTTP connect timed out,none
finanzamt-speyer-germersheim.de,308,none
finanzamt-starnberg.de,308,none
finanzamt-steinfurt.de,HttpConnectTimeoutException: HTTP connect timed out,none
finanzamt-stollberg.de,ConnectException,none
finanzamt-stralsund.de,SSLHandshakeException: Remote host terminated the handshake,none
finanzamt-straubing.de,302,none
finanzamt-traunstein.de,308,none
finanzamt-trier.de,308,none
finanzamt-uffenheim.de,308,none
finanzamt-velbert.de,HttpConnectTimeoutException: HTTP connect timed out,none
finanzamt-viersen.de,HttpConnectTimeoutException: HTTP connect timed out,none
finanzamt-waldsassen.de,308,none
finanzamt-warburg.de,HttpConnectTimeoutException: HTTP connect timed out,none
finanzamt-waren.de,SSLHandshakeException: Remote host terminated the handshake,none
finanzamt-warendorf.de,HttpConnectTimeoutException: HTTP connect timed out,none
finanzamt-weiden.de,308,10 mail.bayern.de.
finanzamt-weilheim.de,302,none
finanzamt-wesel.de,HttpConnectTimeoutException: HTTP connect timed out,none
finanzamt-wetzlar.de,301,none
finanzamt-wiedenbrueck.de,HttpConnectTimeoutException: HTTP connect timed out,none
finanzamt-wiesbaden.de,301,none
finanzamt-wipperfuerth.de,HttpConnectTimeoutException: HTTP connect timed out,none
finanzamt-wismar.de,SSLHandshakeException: Remote host terminated the handshake,none
finanzamt-witten.de,HttpConnectTimeoutException: HTTP connect timed out,none
finanzamt-wittlich.de,308,30 mx-b.ktk.de.; 30 mx-a.ktk.de.
finanzamt-wolfratshausen.de,HttpConnectTimeoutException: HTTP connect timed out,10 mail.bayern.de.
finanzamt-worms-kirchheimbolanden.de,308,none
finanzamt-wuerzburg.de,HttpConnectTimeoutException: HTTP connect timed out,none
finanzamt-wunsiedel.de,302,10 mail.bayern.de.
finanzamt-wuppertal-barmen.de,HttpConnectTimeoutException: HTTP connect timed out,none
finanzamt-wuppertal-elberfeld.de,HttpConnectTimeoutException: HTTP connect timed out,none
finanzamt-zeil.de,302,none
finanzamt-zschopau.de,HttpConnectTimeoutException: HTTP connect timed out,none
finanzamt-zwickau.de,HttpConnectTimeoutException: HTTP connect timed out,none
finanzamt-zwiesel.de,HttpConnectTimeoutException: HTTP connect timed out,none
finanzamt.bayern.de,301,10 mail.bayern.de.
finanzamt.brandenburg.de,302,none
finanzamt.nrw.de,301,none
finanzamt.sachsen-anhalt.de,400,none
finanzen.bremen.de,301,none
finanzen.hessen.de,200,none
finanzen.thueringen.de,200,none
finanzgericht-bremen.de,HttpConnectTimeoutException: HTTP connect timed out,none
finanzgericht-bw.justiz-bw.de,301,none
finanzgericht-nuernberg.bayern.de,HttpConnectTimeoutException: HTTP connect timed out,none
finanzgericht.berlin.brandenburg.de,HttpConnectTimeoutException: HTTP connect timed out,none
finanzgericht.niedersachsen.de,HttpConnectTimeoutException: HTTP connect timed out,none
finanzgericht.thueringen.de,HttpConnectTimeoutException: HTTP connect timed out,none
finanzgerichte.bayern.de,HttpConnectTimeoutException: HTTP connect timed out,none
finanzgerichtsbarkeit.hessen.de,HttpConnectTimeoutException: HTTP connect timed out,none
finanzverwaltung.nrw.de,301,none
finlandabroad.fi,301,10 mail.valtori.fi.
fischereiamt.niedersachsen.de,HttpConnectTimeoutException: HTTP connect timed out,none
fit.fraunhofer.de,HttpConnectTimeoutException: HTTP connect timed out,20 edge02.mx.fraunhofer.de.; 10 edge01.mx.fraunhofer.de.; 30 edge03.mx.fraunhofer.de.; 40 edge04.mx.fraunhofer.de.
fitko.de,SSLHandshakeException: (certificate_unknown) PKIX path building failed: sun.security.provider.certpath.SunCertPathBuilderException: unable to find valid certification path to requested target,20 mx-in-10.hessen.de.; 20 mx-in-20.hessen.de.
fiz-karlsruhe.de,HttpConnectTimeoutException: HTTP connect timed out,none
fkf.mpg.de,HttpConnectTimeoutException: HTTP connect timed out,none
fli.de,301,10 mx022.fli.de.; 10 mx021.fli.de.
florian-rechtenbach.de,ConnectException,none
flucht-vertreibung-versoehnung.de,302,none
fm.baden-wuerttemberg.de,307,none
fm.rlp.de,SSLHandshakeException: (certificate_unknown) PKIX path building failed: sun.security.provider.certpath.SunCertPathBuilderException: unable to find valid certification path to requested target,none
fml.mpg.de,SSLHandshakeException: (certificate_unknown) PKIX path building failed: sun.security.provider.certpath.SunCertPathBuilderException: unable to find valid certification path to requested target,none
fml.tuebingen.mpg.de,SSLHandshakeException: (certificate_unknown) PKIX path building failed: sun.security.provider.certpath.SunCertPathBuilderException: unable to find valid certification path to requested target,none
fmn.wsv.de,301,none
fms-wm.de,301,none
fmsa.de,301,20 bmail.deutsche-finanzagentur.de.; 10 mail.deutsche-finanzagentur.de.
fnr.de,HttpConnectTimeoutException: HTTP connect timed out,none
foev-speyer.de,301,none
fokus.fraunhofer.de,HttpConnectTimeoutException: HTTP connect timed out,none
forum.fraunhofer.de,HttpConnectTimeoutException: HTTP connect timed out,none
frankenhaag.de,200,none
frankfurt-main.ihk.de,301,none
frankfurt-tourismus.de,301,none
franziskaner.net,301,none
franzoesische-kirche.de,301,none
fraport.com,HttpConnectTimeoutException: HTTP connect timed out,none
fraport.de,301,5 fraport-de.mail.protection.outlook.com.
frauen.bremen.de,301,10 mx1.ondataport.de.; 10 mx2.ondataport.de.
frauenrat.de,301,10 mx01.hornetsecurity.com.; 40 mx04.hornetsecurity.com.; 20 mx02.hornetsecurity.com.; 30 mx03.hornetsecurity.com.
fraunhofer.de,308,30 edge03.mx.fraunhofer.de.; 40 edge04.mx.fraunhofer.de.; 20 edge02.mx.fraunhofer.de.; 10 edge01.mx.fraunhofer.de.
freiheit.org,302,10 mx20.comdok.de.; 10 mx10.comdok.de.
freistaat.bayern,301,none
freiwillige-feuerwehr-niederwerrn.de,301,none
freyung-grafenau.de,301,none
friedensdienst.de,200,none
friesland.de,301,10 mta1in.kdo.de.; 10 mta2in.kdo.de.
fsk.de,301,none
ftk.de,301,20 mail2.ftk.de.; 10 mailx.ftk.de.
fueak.bayern.de,302,none
fueakbw.de,HttpConnectTimeoutException: HTTP connect timed out,none
fv-berlin.de,SSLHandshakeException: (certificate_unknown) No subject alternative DNS name matching fv-berlin.de found.,none
fvt.wsv.de,301,none
fw-frauenstetten.bplaced.net,403,10 localhost.bplaced.net.
fw-haimhausen.de,ConnectException,none
fw-heiligenstadt.de,SSLException: (internal_error) Received fatal alert: internal_error,5 smtpin.rzone.de.
fw-hof.de,SSLHandshakeException: (certificate_expired) PKIX path validation failed: java.security.cert.CertPathValidatorException: validity check failed,none
fw-isny.de,HttpConnectTimeoutException: HTTP connect timed out,none
fw-mausgesees-ebach.de,ConnectException,none
fw.hoechstaedt.de,ConnectException,none
fwbs.de,301,10 mail.fwbs.de.
fwrs.de,SSLHandshakeException: (certificate_unknown) PKIX path building failed: sun.security.provider.certpath.SunCertPathBuilderException: unable to find valid certification path to requested target,none
fz-borstel.de,301,10 mail.fz-borstel.de.
fz-juelich.de,301,10 mailgw-e01.its.kfa-juelich.de.; 10 mailgw-k01.its.kfa-juelich.de.
g-ba.de,302,none
gars.de,301,none
gdfb.de,301,none
gdke.rlp.de,200,none
gdws.wsv.de,301,none
gebcom.de,200,none
gedaechtniskirche-berlin.de,301,none
gefahrenschutzzug.de,503,none
gei.de,308,none
geisenbrunn.feuerwehren.bayern,200,none
geisenfeld.de,HttpConnectTimeoutException: HTTP connect timed out,50 mx0.geisenfeld.de.
gelsenkirchen.de,HttpConnectTimeoutException: HTTP connect timed out,none
gemeinde-alt-meteln.de,HttpConnectTimeoutException: HTTP connect timed out,none
gemeinde-emmerting.de,HttpConnectTimeoutException: HTTP connect timed out,none
gemeinde-falkenberg.de,HttpConnectTimeoutException: HTTP connect timed out,none
gemeinde-lauben.de,301,none
gemeinde-wald.de,HttpConnectTimeoutException: HTTP connect timed out,none
gensta.sachsen-anhalt.de,400,none
geo.bremen.de,HttpConnectTimeoutException: HTTP connect timed out,none
geobasis-bb.de,302,100 pmmx-hea-p01.brandenburg.de.; 100 pmmx-hea-p02.brandenburg.de.
geomar.de,301,none
gera.ihk.de,301,none
geratal.de,HttpConnectTimeoutException: HTTP connect timed out,none
gerichte.thueringen.de,200,none
germany.iom.int,HttpConnectTimeoutException: HTTP connect timed out,none
germany.mfa.am,301,none
germany.representation.ec.europa.eu,302,none
germany.travel,301,none
gerstungen.de,HttpConnectTimeoutException: HTTP connect timed out,10 mx-01-eu-central-1.prod.hydra.sophos.com.; 20 mx-02-eu-central-1.prod.hydra.sophos.com.
gerzen.de,SSLHandshakeException: (certificate_unknown) No subject alternative DNS name matching gerzen.de found.,none
geschwand.de,HttpConnectTimeoutException: HTTP connect timed out,none
gesetze-im-internet.de,ConnectException,none
gesis.org,302,none
gessertshausen.de,301,none
gesundheit.bremen.de,301,none
gesundheitsamt-bw.de,302,none
gewerbegebiet-rio.de,301,none
gfz.de,301,10 a1791.mx.srv.dfn.de.; 10 b1791.mx.srv.dfn.de.; 10 c1791.mx.srv.dfn.de.
ghanaemberlin.de,302,none
ghwk.de,301,none
giebelstadt.de,403,1 mail.bayern.de.
giessen-friedberg.ihk.de,SSLHandshakeException: (certificate_unknown) PKIX path building failed: sun.security.provider.certpath.SunCertPathBuilderException: unable to find valid certification path to requested target,none
gifhorn.de,301,none
giga-hamburg.de,429,none
giz.de,301,none
gkvi.de,200,10 mx2.aok.de.; 10 mx1.aok.de.
gluecksspiel-behoerde.de,301,none
gmschussental.de,200,0 gmschussental-de.mail.protection.outlook.com.
goerlitz.de,301,none
goessenheim.feuerwehren.bayern,200,none
goethe.de,301,none
gomaringen.de,301,10 mx9.kvnbw.de.; 10 mx8.kvnbw.de.; 10 mx6.kvnbw.de.; 10 mx7.kvnbw.de.
gorheinland.com,302,10 vrs.in.tmes.trendmicro.eu.
govdata.de,301,10 mail.govdata.de.
government-mv.de,SSLHandshakeException: (certificate_unknown) PKIX path building failed: sun.security.provider.certpath.SunCertPathBuilderException: unable to find valid certification path to requested target,none
govet.international,301,none
graefenberg.de,301,none
graefenhainichen.de,301,none
grafentraubach.de,301,none
grafrath.de,SSLException: (internal_error) Received fatal alert: internal_error,none
greifswald.de,301,10 mx01.p4.net.
grossaitingen.de,HttpConnectTimeoutException: HTTP connect timed out,none
grossberghofen.feuerwehren.bayern,200,none
grossenseebach.feuerwehren.bayern,200,none
grosswenkheim.de,SSLHandshakeException: (handshake_failure) Received fatal alert: handshake_failure,none
grs.de,301,none
grub-am-forst.de,301,none
gruibingen.de,301,none
gsi.de,SSLHandshakeException: (certificate_unknown) PKIX path building failed: sun.security.provider.certpath.SunCertPathBuilderException: unable to find valid certification path to requested target,none
gsp-sipo.de,301,10 w0121839.kasserver.com.
gsta-duesseldorf.nrw.de,SSLHandshakeException: (certificate_unknown) No subject alternative DNS name matching gsta-duesseldorf.nrw.de found.,40 relay7m.it.nrw.de.; 60 relay7v.it.nrw.de.
gsta-hamm.nrw.de,SSLHandshakeException: (certificate_unknown) No subject alternative DNS name matching gsta-hamm.nrw.de found.,none
gsta-koeln.nrw.de,SSLHandshakeException: (certificate_unknown) No subject alternative DNS name matching gsta-koeln.nrw.de found.,none
gtai.de,302,10 gtai-de.mail.protection.outlook.com.
guetersloh.de,301,none
guinea-ecuatorial.de,301,none
gundelfingen-donau.de,HttpConnectTimeoutException: HTTP connect timed out,none
gvg.org,HttpConnectTimeoutException: HTTP connect timed out,none
gvv-altshausen.de,HttpConnectTimeoutException: HTTP connect timed out,none
gvv-gullen.de,HttpConnectTimeoutException: HTTP connect timed out,none
gvv-hardheim-wallduern.de,301,none
gvv-heuberg.de,HttpConnectTimeoutException: HTTP connect timed out,10 mx6.kvnbw.de.; 10 mx7.kvnbw.de.; 10 mx9.kvnbw.de.; 10 mx8.kvnbw.de.
gvv-kw.de,HttpConnectTimeoutException: HTTP connect timed out,none
gvvschoenau.de,301,none
gwk-bonn.de,ConnectException,none
h3nv.de,HttpConnectTimeoutException: HTTP connect timed out,none
haardorf.net,200,none
haarschedl.feuerwehren.bayern,200,none
hagenbuechach.de,200,10 aspmx3.googlemail.com.; 10 aspmx5.googlemail.com.; 5 alt2.aspmx.l.google.com.; 10 aspmx2.googlemail.com.; 1 aspmx.l.google.com.; 10 aspmx4.googlemail.com.; 5 alt1.aspmx.l.google.com.
hahnbach.de,HttpConnectTimeoutException: HTTP connect timed out,none
hahnenkamm.de,HttpConnectTimeoutException: HTTP connect timed out,none
hailing.eu,200,none
hainsbach.de,200,none
halfing.de,301,10 mx01.ionos.de.; 10 mx00.ionos.de.
halle.ihk.de,HttpConnectTimeoutException: HTTP connect timed out,none
hambacher-schloss.de,200,10 mx01.hornetsecurity.com.; 20 mx02.hornetsecurity.com.; 40 mx04.hornetsecurity.com.; 30 mx03.hornetsecurity.com.
hamburg-port-authority.de,301,none
hamburg.bwkrankenhaus.de,301,none
hamburg.china-consulate.org,SSLHandshakeException: (certificate_unknown) No subject alternative DNS name matching hamburg.china-consulate.org found.,none
hamburg.de,301,100 mailin.hamburg.de.; 500 secondary.snafu.de.
hamburgische-buergerschaft.de,HttpConnectTimeoutException: HTTP connect timed out,10 mx04.secure-mailgate.com.; 10 mx03.secure-mailgate.com.
hamburgisches-verfassungsgericht.de,HttpConnectTimeoutException: HTTP connect timed out,none
hameln-pyrmont.de,HttpConnectTimeoutException: HTTP connect timed out,none
hamm.de,HttpConnectTimeoutException: HTTP connect timed out,50 mail10.hamm.de.
hanau.ihk.de,SSLHandshakeException: (certificate_expired) PKIX path validation failed: java.security.cert.CertPathValidatorException: validity check failed,none
handelskammer-bremen.de,HttpConnectTimeoutException: HTTP connect timed out,10 mx02.ihk.de.; 10 mx04.ihk.de.; 10 mx01.ihk.de.
handelskammer.se,301,none
hannover.ihk.de,301,none
happurg.de,HttpConnectTimeoutException: HTTP connect timed out,10 happurg-de.mail.protection.outlook.com.
harzregion.de,302,none
hassberge.de,HttpConnectTimeoutException: HTTP connect timed out,none
hassenbach-rhoen.de,HttpConnectTimeoutException: HTTP connect timed out,none
havariekommando.de,301,none
havelland.de,HttpConnectTimeoutException: HTTP connect timed out,none
hbh.bremen.de,HttpConnectTimeoutException: HTTP connect timed out,none
hdbg.de,HttpConnectTimeoutException: HTTP connect timed out,none
hdg.de,301,none
hef-rof.de,HttpConnectTimeoutException: HTTP connect timed out,10 smail.hef-rof.de.
heidekreis.de,HttpConnectTimeoutException: HTTP connect timed out,none
heideland-elstertal.de,SSLHandshakeException: (certificate_unknown) No subject alternative DNS name matching heideland-elstertal.de found.,none
heidelberg.de,HttpConnectTimeoutException: HTTP connect timed out,10 mx7.kvnbw.de.; 10 mx9.kvnbw.de.; 10 mx8.kvnbw.de.; 10 mx6.kvnbw.de.
heilbronn.ihk.de,HttpConnectTimeoutException: HTTP connect timed out,10 mx04.ihk.de.; 10 mx01.ihk.de.; 10 mx02.ihk.de.
heldenstein-online.de,HttpConnectTimeoutException: HTTP connect timed out,none
helmholtz-berlin.de,200,none
helmholtz-hzi.de,SSLHandshakeException: (certificate_unknown) PKIX path building failed: sun.security.provider.certpath.SunCertPathBuilderException: unable to find valid certification path to requested target,5 fm.helmholtz-hzi.de.
helmholtz-muenchen.de,301,none
helmholtz.de,301,none
helmut-schmidt.de,301,none
hennenbach.feuerwehren.bayern,200,none
herder-institut.de,301,none
hereon.de,SSLHandshakeException: (certificate_unknown) PKIX path building failed: sun.security.provider.certpath.SunCertPathBuilderException: unable to find valid certification path to requested target,none
hessdorf.de,301,none
hessen.de,200,none
hessischer-landtag.de,200,none
hettstadt.de,301,none
hetzlos.de,303,none
heustreu-vgem.de,301,none
hhi.fraunhofer.de,SSLHandshakeException: (certificate_unknown) PKIX path building failed: sun.security.provider.certpath.SunCertPathBuilderException: unable to find valid certification path to requested target,none
hirblingen.de,200,none
hk24.de,301,10 mx01.ihk.de.; 10 mx02.ihk.de.; 10 mx04.ihk.de.
hlfs.hessen.de,200,none
hochsauerlandkreis.de,301,10 mx-in.kommunale.it.
hochtaunuskreis.de,301,none
hoernergruppe.de,301,none
hofmann.info,301,none
hohe-boerde.de,301,10 mailgate1.hohe-boerde.de.
hohenlohekreis.de,302,none
hollfeld.de,301,none
honigbiene.de,301,none
hsbund.de,303,none
hss.de,301,none
hsu-hh.de,SSLHandshakeException: (certificate_expired) PKIX path validation failed: java.security.cert.CertPathValidatorException: validity check failed,20 premail.unibw-hamburg.de.
htv-heidenheim.de,301,none
huegelland-taeler.de,302,5 smtpin.rzone.de.
humboldt-foundation.de,301,none
hunderdorf.de,302,none
hvbg.hessen.de,200,none
hvv.de,301,none
hzd.hessen.de,200,none
hzdr.de,301,10 c1911.mx.srv.dfn.de.; 10 a1911.mx.srv.dfn.de.; 10 b1911.mx.srv.dfn.de.
iaf.fraunhofer.de,308,20 edge02.mx.fraunhofer.de.; 30 edge03.mx.fraunhofer.de.; 40 edge04.mx.fraunhofer.de.; 10 edge01.mx.fraunhofer.de.
iais.fraunhofer.de,ConnectException,none
iamo.de,301,none
iao.fraunhofer.de,HttpConnectTimeoutException: HTTP connect timed out,none
iap-kborn.de,HttpConnectTimeoutException: HTTP connect timed out,10 hermes.iap-kborn.de.
iap.fraunhofer.de,HttpConnectTimeoutException: HTTP connect timed out,none
ibk-heyrothsberge.sachsen-anhalt.de,400,none
ibmt.fraunhofer.de,HttpConnectTimeoutException: HTTP connect timed out,10 edge01.mx.fraunhofer.de.; 20 edge02.mx.fraunhofer.de.; 40 edge04.mx.fraunhofer.de.; 30 edge03.mx.fraunhofer.de.
ibp.fraunhofer.de,HttpConnectTimeoutException: HTTP connect timed out,40 edge04.mx.fraunhofer.de.; 30 edge03.mx.fraunhofer.de.; 10 edge01.mx.fraunhofer.de.; 20 edge02.mx.fraunhofer.de.
ice.mpg.de,301,none
ichenhausen.de,301,none
iclei-europe.org,403,none
ict.fraunhofer.de,ConnectException,none
idmt.fraunhofer.de,HttpConnectTimeoutException: HTTP connect timed out,10 edge01.mx.fraunhofer.de.; 20 edge02.mx.fraunhofer.de.; 30 edge03.mx.fraunhofer.de.; 40 edge04.mx.fraunhofer.de.
idos-research.de,HttpConnectTimeoutException: HTTP connect timed out,none
ie-freiburg.mpg.de,301,none
ieg-mainz.de,HttpConnectTimeoutException: HTTP connect timed out,100 mailgate-1.zdv.Uni-Mainz.de.; 100 mailgate-2.zdv.Uni-Mainz.de.; 100 mailgate-3.zdv.Uni-Mainz.de.
iese.fraunhofer.de,HttpConnectTimeoutException: HTTP connect timed out,none
ifa.de,HttpConnectTimeoutException: HTTP connect timed out,none
ifado.de,HttpConnectTimeoutException: HTTP connect timed out,none
ifam.fraunhofer.de,HttpConnectTimeoutException: HTTP connect timed out,none
iff.fraunhofer.de,HttpConnectTimeoutException: HTTP connect timed out,none
ifo.de,HttpConnectTimeoutException: HTTP connect timed out,none
ifw-dresden.de,HttpConnectTimeoutException: HTTP connect timed out,none
ifw-kiel.de,HttpConnectTimeoutException: HTTP connect timed out,none
ifz-muenchen.de,HttpConnectTimeoutException: HTTP connect timed out,none
igb-berlin.de,HttpConnectTimeoutException: HTTP connect timed out,none
igd.fraunhofer.de,308,none
igzev.de,200,none
ihk-arnsberg.de,200,none
ihk-berlin.de,301,none
ihk-bonn.de,307,20 www.ihk-bonn.de.; 10 mail.ihk-bonn.de.
ihk-emden.de,SSLHandshakeException: (certificate_unknown) PKIX path building failed: sun.security.provider.certpath.SunCertPathBuilderException: unable to find valid certification path to requested target,none
ihk-fulda.de,HttpConnectTimeoutException: HTTP connect timed out,none
ihk-kassel.de,HttpConnectTimeoutException: HTTP connect timed out,none
ihk-koblenz.de,301,none
ihk-koeln.de,HttpConnectTimeoutException: HTTP connect timed out,none
ihk-krefeld.de,HttpConnectTimeoutException: HTTP connect timed out,none
ihk-lahndill.de,301,none
ihk-limburg.de,HttpConnectTimeoutException: HTTP connect timed out,none
ihk-lueneburg.de,HttpConnectTimeoutException: HTTP connect timed out,10 mx02.ihk.de.; 10 mx01.ihk.de.
ihk-niederbayern.de,301,none
ihk-niederrhein.de,SSLHandshakeException: (certificate_unknown) PKIX path building failed: sun.security.provider.certpath.SunCertPathBuilderException: unable to find valid certification path to requested target,none
ihk-nordwestfalen.de,HttpConnectTimeoutException: HTTP connect timed out,none
ihk-nuernberg.de,HttpConnectTimeoutException: HTTP connect timed out,none
ihk-oldenburg.de,301,none
ihk-potsdam.de,HttpConnectTimeoutException: HTTP connect timed out,none
ihk-schleswig-holstein.de,301,none
ihk-siegen.de,HttpConnectTimeoutException: HTTP connect timed out,none
ihk-trier.de,HttpConnectTimeoutException: HTTP connect timed out,10 mail.rdts.de.
ihk.de,301,none
ihkzuschwerin.de,SSLHandshakeException: (certificate_unknown) PKIX path building failed: sun.security.provider.certpath.SunCertPathBuilderException: unable to find valid certification path to requested target,none
ihp-microelectronics.com,HttpConnectTimeoutException: HTTP connect timed out,10 cx1a.ihp-microelectronics.com.; 10 cx2a.ihp-microelectronics.com.
ihrlerstein.de,301,none
iis.fraunhofer.de,308,none
iisb.fraunhofer.de,308,none
ijab.de,200,5 ijab-de.mail.protection.outlook.com.
ikgn.de,301,none
ikgs.de,HttpTimeoutException: request timed out,none
ikk-classic.de,301,none
ikk-gesundplus.de,HttpConnectTimeoutException: HTTP connect timed out,none
ikk-suedwest.de,301,none
ikkbb.de,301,none
iks.fraunhofer.de,308,none
ikts.fraunhofer.de,HttpConnectTimeoutException: HTTP connect timed out,none
ikz-berlin.de,HttpConnectTimeoutException: HTTP connect timed out,40 a2331.mx.srv.dfn.de.; 40 b2331.mx.srv.dfn.de.; 40 c2331.mx.srv.dfn.de.
illschwang.de,301,none
ilm-kreis.de,301,none
ilmmuenster.de,SSLHandshakeException: (certificate_unknown) No subject alternative DNS name matching ilmmuenster.de found.,none
ilsfeld.de,301,none
ilt.fraunhofer.de,HttpConnectTimeoutException: HTTP connect timed out,none
im.baden-wuerttemberg.de,307,100 mail.mfg.de.
im.nrw,SSLHandshakeException: (certificate_unknown) PKIX path building failed: sun.security.provider.certpath.SunCertPathBuilderException: unable to find valid certification path to requested target,20 relay7m.it.nrw.de.; 60 relay7v.it.nrw.de.
ime.fraunhofer.de,ConnectException,none
iml.fraunhofer.de,308,none
ims.fraunhofer.de,308,none
imw.fraunhofer.de,ConnectException,none
imws.fraunhofer.de,308,none
inchenhofen.de,200,none
indonesianembassy.de,ConnectException,none
industriepark-hoechst.com,200,none
informationsfreiheit-mv.de,301,10 mx04.mvnet.de.; 10 mx03.mvnet.de.
infrastruktur-landwirtschaft.thueringen.de,200,none
ingolstadt.de,301,10 mxtls.expurgate.net.
inm-gmbh.de,SSLHandshakeException: (certificate_unknown) No subject alternative DNS name matching inm-gmbh.de found.,10 m-relay.rz.uni-saarland.de.; 20 m-relay2.rz.uni-saarland.de.
innen.hessen.de,200,10 mx-in-20.hessen.de.; 10 mx-in-10.hessen.de.
innen.thueringen.de,200,none
inneres.bremen.de,301,none
inp-greifswald.de,301,10 c1701.mx.srv.dfn.de.; 10 a1701.mx.srv.dfn.de.; 10 b1701.mx.srv.dfn.de.
institut-fuer-stadtgeschichte.de,301,none
instmikrobiobw.de,301,none
instpraevmedbw.de,301,5 smtpin.rzone.de.
instytutpolski.pl,IOException: Received RST_STREAM: Internal error,none
int.fraunhofer.de,308,none
integrationsbeauftragte.de,308,none
international-climate-initiative.com,301,none
international.gouv.qc.ca,SSLHandshakeException: (certificate_unknown) No subject alternative DNS name matching international.gouv.qc.ca found.,none
internationaler-bund.de,301,none
io-warnemuende.de,301,none
ioer.de,200,20 mailin-prim2.zih.tu-dresden.de.; 20 mailin-sek1.zih.tu-dresden.de.; 20 mailin-prim1.zih.tu-dresden.de.
iof.fraunhofer.de,308,none
iom-leipzig.de,200,none
iosb.fraunhofer.de,308,none
ip.mpg.de,302,none
ipa.fraunhofer.de,308,none
ipb-halle.de,ConnectException,none
ipfdd.de,SSLHandshakeException: (certificate_unknown) PKIX path building failed: sun.security.provider.certpath.SunCertPathBuilderException: unable to find valid certification path to requested target,none
ipht-jena.de,HttpConnectTimeoutException: HTTP connect timed out,none
ipk-gatersleben.de,301,10 a1191.mx.srv.dfn.de.; 10 b1191.mx.srv.dfn.de.; 10 c1191.mx.srv.dfn.de.
ipk.fraunhofer.de,HttpConnectTimeoutException: HTTP connect timed out,30 edge03.mx.fraunhofer.de.; 20 edge02.mx.fraunhofer.de.; 10 edge01.mx.fraunhofer.de.; 40 edge04.mx.fraunhofer.de.
ipm.fraunhofer.de,HttpConnectTimeoutException: HTTP connect timed out,none
ipms.fraunhofer.de,HttpConnectTimeoutException: HTTP connect timed out,none
ipp.mpg.de,301,10 c1234.mx.srv.dfn.de.; 10 b1234.mx.srv.dfn.de.; 10 a1234.mx.srv.dfn.de.
ipt.fraunhofer.de,HttpConnectTimeoutException: HTTP connect timed out,none
iqsh.de,301,none
iqwig.de,ConnectException,none
irb.fraunhofer.de,HttpConnectTimeoutException: HTTP connect timed out,10 edge01.mx.fraunhofer.de.; 20 edge02.mx.fraunhofer.de.; 40 edge04.mx.fraunhofer.de.; 30 edge03.mx.fraunhofer.de.
irights-lab.de,200,none
irs-net.de,HttpConnectTimeoutException: HTTP connect timed out,none
irz.de,HttpConnectTimeoutException: HTTP connect timed out,none
is.mpg.de,302,10 b2811.mx.srv.dfn.de.; 10 c2811.mx.srv.dfn.de.; 10 a2811.mx.srv.dfn.de.
isas.de,HttpConnectTimeoutException: HTTP connect timed out,50 mx1.isas.de.
isc.fraunhofer.de,HttpConnectTimeoutException: HTTP connect timed out,none
ise.fraunhofer.de,HttpConnectTimeoutException: HTTP connect timed out,none
isi.fraunhofer.de,HttpConnectTimeoutException: HTTP connect timed out,none
isit.fraunhofer.de,HttpConnectTimeoutException: HTTP connect timed out,none
isst.fraunhofer.de,HttpConnectTimeoutException: HTTP connect timed out,none
ist.fraunhofer.de,HttpConnectTimeoutException: HTTP connect timed out,none
isw-isb.de,301,none
item.fraunhofer.de,HttpConnectTimeoutException: HTTP connect timed out,none
itlos.org,301,none
itwm.fraunhofer.de,HttpConnectTimeoutException: HTTP connect timed out,none
itzbund.de,303,10 mx2.bund.de.; 10 mx1.bund.de.
itzing.de,SSLHandshakeException: (certificate_unknown) No subject alternative DNS name matching itzing.de found.,none
iud.bundeswehr.de,HttpConnectTimeoutException: HTTP connect timed out,none
iuf-duesseldorf.de,200,none
ivi.fraunhofer.de,ConnectException,none
ivv.fraunhofer.de,ConnectException,none
iwes.fraunhofer.de,308,40 edge04.mx.fraunhofer.de.; 30 edge03.mx.fraunhofer.de.; 20 edge02.mx.fraunhofer.de.; 10 edge01.mx.fraunhofer.de.
iwh-halle.de,301,10 iwhhalle-de0i.mail.protection.outlook.com.
iwm-tuebingen.de,307,none
iwm.fraunhofer.de,308,none
iws.fraunhofer.de,308,none
iwu.fraunhofer.de,ConnectException,20 edge02.mx.fraunhofer.de.; 40 edge04.mx.fraunhofer.de.; 10 edge01.mx.fraunhofer.de.; 30 edge03.mx.fraunhofer.de.
izb.fraunhofer.de,HttpConnectTimeoutException: HTTP connect timed out,none
izfp.fraunhofer.de,HttpConnectTimeoutException: HTTP connect timed out,none
izi.fraunhofer.de,HttpConnectTimeoutException: HTTP connect timed out,40 edge04.mx.fraunhofer.de.; 30 edge03.mx.fraunhofer.de.; 20 edge02.mx.fraunhofer.de.; 10 edge01.mx.fraunhofer.de.
izm.fraunhofer.de,308,none
izw-berlin.de,301,none
jaegerswald.de,303,10 s2vg300mr02.pzd-svn.de.; 10 s2vg300mr01.pzd-svn.de.
jena.de,302,10 mailrelay-dmz01.jena.de.
jesuiten.org,301,none
jm.rlp.de,SSLHandshakeException: (certificate_unknown) PKIX path building failed: sun.security.provider.certpath.SunCertPathBuilderException: unable to find valid certification path to requested target,10 mailmx0001.rlp.de.; 10 mailmx0002.rlp.de.; 10 mailmx0004.rlp.de.; 10 mailmx0003.rlp.de.
jmberlin.de,301,100 mail.jmberlin.de.; 60 mail02.jmberlin.de.
jobcenter-augsburg-stadt.de,301,none
jobcenter-blk.de,302,none
jobcenter-freising.de,301,none
johannes-diakonie.de,308,none
jordanembassy.de,200,none
jugendfeuerwehr-ettmannsdorf.home-index.de,HttpConnectTimeoutException: HTTP connect timed out,none
julius-kuehn.de,ConnectException,none
juris.de,301,none
justiz-bw.de,301,10 mail.justiz-bw.de.
justiz-coburg.de,ConnectException,none
justiz.bayern.de,302,none
justiz.bremen.de,301,none
justiz.de,301,60 relay7v.it.nrw.de.; 40 relay7m.it.nrw.de.
justiz.hamburg.de,200,none
justiz.nrw.de,301,none
justiz.sachsen.de,ConnectException,none
justiz.thueringen.de,200,10 hermes32.toringi.net.; 10 hermes31.toringi.net.
justizministerium.hessen.de,200,none
kaiserslautern-kreis.de,301,none
kambodscha-botschaft.de,301,none
kammergericht.de,ConnectException,none
kanada.ahk.de,302,none
karlsruhe.ihk.de,SSLHandshakeException: (certificate_unknown) PKIX path building failed: sun.security.provider.certpath.SunCertPathBuilderException: unable to find valid certification path to requested target,10 mx01.ihk.de.; 10 mx04.ihk.de.; 10 mx02.ihk.de.
kas.de,301,none
kasendorf.de,HttpConnectTimeoutException: HTTP connect timed out,none
kasendorf112.de,HttpConnectTimeoutException: HTTP connect timed out,5 smtpin.rzone.de.
kat-artern.de,HttpConnectTimeoutException: HTTP connect timed out,10 mx-01-eu-central-1.prod.hydra.sophos.com.; 5 mx-02-eu-central-1.prod.hydra.sophos.com.
katholische-militaerseelsorge.de,301,10 mx2.agenturserver.de.; 50 mx4.agenturserver.de.; 20 mx3.agenturserver.de.; 10 mx1.agenturserver.de.
kba.de,301,20 zbcsgbbm.gbbmvi-wan.de.; 10 ofcsgbbm.gbbmvi-wan.de.
kbb.eu,HttpConnectTimeoutException: HTTP connect timed out,none
kbs.de,SSLHandshakeException: (certificate_unknown) PKIX path building failed: sun.security.provider.certpath.SunCertPathBuilderException: unable to find valid certification path to requested target,none
kbv.de,301,1 a.mx.kbv.de.
kdo.de,HttpConnectTimeoutException: HTTP connect timed out,none
kek-spk.de,301,none
kenyaembassyberlin.de,403,none
kersbach.feuerwehren.bayern,200,none
ketterschwang.feuerwehren.bayern,200,none
kfw-entwicklungsbank.de,HttpConnectTimeoutException: HTTP connect timed out,none
kfw-ipex-bank.de,301,10 mx10.kfw.de.; 20 mx20.kfw.de.
kgst.de,200,none
kh-mosbach.de,HttpConnectTimeoutException: HTTP connect timed out,0 khmosbach-de0e.mail.protection.outlook.com.
khs-tbb.de,HttpConnectTimeoutException: HTTP connect timed out,10 khstbb-de0i.mail.protection.outlook.com.
kiliansdorf.feuerwehren.bayern,200,none
kippenheim.de,301,10 mx7.kvnbw.de.; 10 mx9.kvnbw.de.; 10 mx8.kvnbw.de.; 10 mx6.kvnbw.de.
kirchehrenbach.de,HttpConnectTimeoutException: HTTP connect timed out,none
kirchroth.feuerwehren.bayern,200,none
kit.edu,301,10 mx02.kit.edu.; 10 mx01.kit.edu.; 10 mx03.kit.edu.; 10 mx04.kit.edu.
klaeham.feuerwehren.bayern,200,none
klassik-stiftung.de,302,none
kleinerdlingen.de,200,none
kleinheubach.de,302,none
kleinsendelbach.feuerwehren.bayern,200,none
kleinwallstadt.de,HttpConnectTimeoutException: HTTP connect timed out,none
kleinwenkheim.de,200,none
kleve.polizei.nrw,200,none
kloster-marienthal.de,301,none
klosterbezirk-altzella.com,301,none
klosterkammer.de,HttpConnectTimeoutException: HTTP connect timed out,none
km-bw.de,301,none
km.bayern.de,301,none
kmk.org,301,none
koblenz.bwkrankenhaus.de,301,none
koblenz.de,HttpConnectTimeoutException: HTTP connect timed out,5 mx.kgrzdienste.koblenz.de.
kochel.de,301,none
koeln.de,SSLHandshakeException: (certificate_unknown) PKIX path building failed: sun.security.provider.certpath.SunCertPathBuilderException: unable to find valid certification path to requested target,none
kofo.mpg.de,301,none
kommando.streitkraeftebasis.de,ConnectException,none
kommunales-bildungsmonitoring.de,HttpConnectTimeoutException: HTTP connect timed out,none
konstanz.ihk.de,HttpConnectTimeoutException: HTTP connect timed out,none
kosit.de,HttpConnectTimeoutException: HTTP connect timed out,none
kothmaissling.de,SSLHandshakeException: (certificate_unknown) PKIX path building failed: sun.security.provider.certpath.SunCertPathBuilderException: unable to find valid certification path to requested target,none
kowi.de,HttpConnectTimeoutException: HTTP connect timed out,10 mx1.kowi.de.; 20 kowi-de.mail.protection.outlook.com.
krebsregister-bw.de,HttpConnectTimeoutException: HTTP connect timed out,none
kreis-ahrweiler.de,HttpConnectTimeoutException: HTTP connect timed out,none
kreis-altenkirchen.de,HttpConnectTimeoutException: HTTP connect timed out,none
kreis-alzey-worms.de,HttpConnectTimeoutException: HTTP connect timed out,none
kreis-as.de,HttpConnectTimeoutException: HTTP connect timed out,none
kreis-bad-duerkheim.de,301,none
kreis-badkreuznach.de,301,10 mailmx0001.rlp.de.; 10 mailmx0004.rlp.de.; 10 mailmx0003.rlp.de.; 10 mailmx0002.rlp.de.
kreis-bergstrasse.de,301,none
kreis-borken.de,301,none
kreis-calw.de,301,none
kreis-coesfeld.de,308,none
kreis-dueren.de,200,none
kreis-eic.de,301,none
kreis-euskirchen.de,301,none
kreis-germersheim.de,301,10 mailmx0001.rlp.de.; 10 mailmx0002.rlp.de.; 10 mailmx0003.rlp.de.; 10 mailmx0004.rlp.de.
kreis-goerlitz.de,301,none
kreis-guetersloh.de,301,none
kreis-heinsberg.de,302,none
kreis-herford.de,301,none
kreis-hoexter.de,HttpConnectTimeoutException: HTTP connect timed out,none
kreis-hz.de,307,20 mx02.kreis-hz.de.; 20 mx01.kreis-hz.de.
kreis-kleve.de,301,none
kreis-lippe.de,301,none
kreis-lup.de,301,none
kreis-meissen.de,SSLHandshakeException: (unrecognized_name) Received fatal alert: unrecognized_name,10 s2vg300mr01.pzd-svn.de.; 10 s2vg300mr02.pzd-svn.de.
kreis-mettmann.de,301,none
kreis-neuwied.de,301,none
kreis-offenbach.de,301,none
kreis-oh.de,HttpConnectTimeoutException: HTTP connect timed out,none
kreis-olpe.de,200,none
kreis-paderborn.de,301,none
kreis-pinneberg.de,SSLHandshakeException: (certificate_unknown) PKIX path building failed: sun.security.provider.certpath.SunCertPathBuilderException: unable to find valid certification path to requested target,none
kreis-re.de,302,none
kreis-reutlingen.de,301,none
kreis-sim.de,HttpConnectTimeoutException: HTTP connect timed out,10 mailmx0004.rlp.de.; 10 mailmx0002.rlp.de.; 10 mailmx0001.rlp.de.; 10 mailmx0003.rlp.de.
kreis-slf.de,HttpConnectTimeoutException: HTTP connect timed out,none
kreis-soest.de,HttpConnectTimeoutException: HTTP connect timed out,none
kreis-sonneberg.de,301,none
kreis-steinfurt.de,HttpConnectTimeoutException: HTTP connect timed out,none
kreis-stormarn.de,302,none
kreis-tir.de,HttpConnectTimeoutException: HTTP connect timed out,none
kreis-tuebingen.de,HttpConnectTimeoutException: HTTP connect timed out,none
kreis-unna.de,HttpConnectTimeoutException: HTTP connect timed out,10 mail.kreis-unna.de.
kreis-viersen.de,HttpConnectTimeoutException: HTTP connect timed out,none
kreis-warendorf.de,HttpConnectTimeoutException: HTTP connect timed out,none
kreis-wesel.de,HttpConnectTimeoutException: HTTP connect timed out,none
kreisgg.de,301,40 mx04.hornetsecurity.com.; 30 mx03.hornetsecurity.com.; 10 mx01.hornetsecurity.com.; 20 mx02.hornetsecurity.com.
kreisverkehr-sha.de,200,none
kreuzkirche-oldenburg.de,200,10 mx00.ionos.de.; 10 mx01.ionos.de.
ksv-mv.de,301,none
ksv-sachsen.de,ConnectException,none
ktbl.de,301,10 ktbl-de.mail.protection.outlook.com.
kultur.bremen.de,HttpConnectTimeoutException: HTTP connect timed out,none
kulturforum-witten.de,301,none
kulturforum.info,301,none
kulturgutverluste.de,200,10 kulturgutverluste-de.mail.protection.outlook.com.
kulturrat.de,301,none
kulturstaatsminister.de,303,none
kulturstaatsministerin.de,303,none
kulturstiftung-des-bundes.de,301,10 mail.kulturstiftung-des-bundes.de.
kultus.hessen.de,HttpConnectTimeoutException: HTTP connect timed out,none
kunstforum.net,301,50 mx4.agenturserver.de.; 10 mx2.agenturserver.de.; 10 mx1.agenturserver.de.; 20 mx3.agenturserver.de.
kuwait-botschaft.de,200,none
kvg-kiel.de,301,5 mail.kvg-kiel.de.
kvv.de,301,10 vbk.in.tmes.trendmicro.eu.
kwf-online.de,301,none
kyb.tuebingen.mpg.de,HttpConnectTimeoutException: HTTP connect timed out,none
kyffhaeuser.de,301,none
kzbv.de,301,none
lab.niedersachsen.de,SSLHandshakeException: (certificate_unknown) PKIX path building failed: sun.security.provider.certpath.SunCertPathBuilderException: unable to find valid certification path to requested target,none
ladadi.de,301,none
laendernotarkasse.de,200,none
lafin.nrw.de,ConnectException,none
lag-duesseldorf.nrw.de,SSLHandshakeException: (certificate_unknown) No subject alternative DNS name matching lag-duesseldorf.nrw.de found.,none
lag-hamm.nrw.de,SSLHandshakeException: (certificate_unknown) No subject alternative DNS name matching lag-hamm.nrw.de found.,none
lag-koeln.nrw.de,SSLHandshakeException: (certificate_unknown) No subject alternative DNS name matching lag-koeln.nrw.de found.,none
lag.bayern.de,HttpConnectTimeoutException: HTTP connect timed out,none
lag.sachsen-anhalt.de,400,none
lagb.sachsen-anhalt.de,400,none
lagrp.justiz.rlp.de,200,none
lahn-dill-kreis.de,301,50 mx3.lahn-dill-kreis.de.; 10 mx2.lahn-dill-kreis.de.
laimerstadt.de,HttpConnectTimeoutException: HTTP connect timed out,none
lallf.de,HttpConnectTimeoutException: HTTP connect timed out,none
lalling.de,HttpConnectTimeoutException: HTTP connect timed out,none
land.nrw,SSLHandshakeException: (certificate_unknown) PKIX path building failed: sun.security.provider.certpath.SunCertPathBuilderException: unable to find valid certification path to requested target,none
landesarbeitsgericht-baden-wuerttemberg.justiz-bw.de,HttpConnectTimeoutException: HTTP connect timed out,none
landesarbeitsgericht.bremen.de,HttpConnectTimeoutException: HTTP connect timed out,10 mx2.ondataport.de.; 10 mx1.ondataport.de.
landesarbeitsgericht.niedersachsen.de,HttpConnectTimeoutException: HTTP connect timed out,none
landesarchaeologie.bremen.de,HttpConnectTimeoutException: HTTP connect timed out,none
landesarchiv-bw.de,HttpConnectTimeoutException: HTTP connect timed out,none
landeseichamt.de,HttpConnectTimeoutException: HTTP connect timed out,none
landesfinanzkasse-daun.de,HttpConnectTimeoutException: HTTP connect timed out,none
landeslabor.berlin-brandenburg.de,HttpConnectTimeoutException: HTTP connect timed out,none
landesportal.bremen.de,HttpConnectTimeoutException: HTTP connect timed out,none
landesrechnungshof-sh.de,HttpConnectTimeoutException: HTTP connect timed out,none
landessozialgericht-baden-wuerttemberg.justiz-bw.de,HttpConnectTimeoutException: HTTP connect timed out,none
landessozialgericht.niedersachsen.de,HttpConnectTimeoutException: HTTP connect timed out,none
landesverfassungsgericht-mv.de,SSLHandshakeException: Remote host terminated the handshake,none
landesvermessung.sachsen.de,HttpConnectTimeoutException: HTTP connect timed out,none
landesvertretung-brandenburg.de,200,none
landesvertretung.bremen.de,HttpConnectTimeoutException: HTTP connect timed out,none
landesvertretung.sachsen.de,301,none
landgericht-aurich.niedersachsen.de,HttpConnectTimeoutException: HTTP connect timed out,none
landgericht-baden-baden.justiz-bw.de,HttpConnectTimeoutException: HTTP connect timed out,none
landgericht-braunschweig.niedersachsen.de,HttpConnectTimeoutException: HTTP connect timed out,none
landgericht-bueckeburg.niedersachsen.de,HttpConnectTimeoutException: HTTP connect timed out,none
landgericht-ellwangen.justiz-bw.de,HttpConnectTimeoutException: HTTP connect timed out,none
landgericht-freiburg.justiz-bw.de,301,none
landgericht-goettingen.niedersachsen.de,HttpConnectTimeoutException: HTTP connect timed out,none
landgericht-hannover.niedersachsen.de,HttpConnectTimeoutException: HTTP connect timed out,none
landgericht-hechingen.justiz-bw.de,HttpConnectTimeoutException: HTTP connect timed out,none
landgericht-heidelberg.justiz-bw.de,HttpConnectTimeoutException: HTTP connect timed out,none
landgericht-heilbronn.justiz-bw.de,301,none
landgericht-hildesheim.niedersachsen.de,SSLHandshakeException: (certificate_unknown) PKIX path building failed: sun.security.provider.certpath.SunCertPathBuilderException: unable to find valid certification path to requested target,none
landgericht-karlsruhe.justiz-bw.de,HttpConnectTimeoutException: HTTP connect timed out,none
landgericht-konstanz.justiz-bw.de,HttpConnectTimeoutException: HTTP connect timed out,none
landgericht-lueneburg.niedersachsen.de,SSLHandshakeException: (certificate_unknown) PKIX path building failed: sun.security.provider.certpath.SunCertPathBuilderException: unable to find valid certification path to requested target,none
landgericht-mannheim.justiz-bw.de,HttpConnectTimeoutException: HTTP connect timed out,none
landgericht-mosbach.justiz-bw.de,301,none
landgericht-offenburg.justiz-bw.de,301,none
landgericht-oldenburg.niedersachsen.de,SSLHandshakeException: (certificate_unknown) PKIX path building failed: sun.security.provider.certpath.SunCertPathBuilderException: unable to find valid certification path to requested target,none
landgericht-osnabrueck.niedersachsen.de,SSLHandshakeException: (certificate_unknown) PKIX path building failed: sun.security.provider.certpath.SunCertPathBuilderException: unable to find valid certification path to requested target,none
landgericht-ravensburg.justiz-bw.de,301,none
landgericht-rottweil.justiz-bw.de,301,none
landgericht-stade.niedersachsen.de,ConnectException,none
landgericht-stuttgart.justiz-bw.de,301,none
landgericht-tuebingen.justiz-bw.de,301,none
landgericht-ulm.justiz-bw.de,301,none
landgericht-verden.niedersachsen.de,SSLHandshakeException: (certificate_unknown) PKIX path building failed: sun.security.provider.certpath.SunCertPathBuilderException: unable to find valid certification path to requested target,none
landgericht-waldshut-tiengen.justiz-bw.de,301,none
landgericht.bremen.de,301,10 mx2.ondataport.de.; 10 mx1.ondataport.de.
landkreis-ansbach.de,301,10 mail.landratsamt-ansbach.de.
landkreis-aschaffenburg.de,301,none
landkreis-augsburg.de,301,none
landkreis-aurich.de,301,10 mailgate.landkreis-aurich.de.
landkreis-badkissingen.de,SSLHandshakeException: (certificate_unknown) No subject alternative DNS name matching landkreis-badkissingen.de found.,10 mail.landkreis-badkissingen.de.
landkreis-bamberg.de,301,none
landkreis-bautzen.de,301,none
landkreis-bayreuth.de,301,none
landkreis-birkenfeld.de,301,none
landkreis-boerde.de,302,none
landkreis-celle.de,301,10 mailproxy.lkcelle.de.
landkreis-cham.de,HttpConnectTimeoutException: HTTP connect timed out,none
landkreis-coburg.de,301,none
landkreis-cuxhaven.de,301,10 mail.landkreis-cuxhaven.de.
landkreis-dachau.de,301,none
landkreis-deggendorf.de,301,none
landkreis-dillingen.de,200,none
landkreis-dingolfing-landau.de,301,1 mail.landkreis-dingolfing-landau.de.
landkreis-eichstaett.de,301,none
landkreis-emmendingen.de,301,none
landkreis-erding.de,HttpConnectTimeoutException: HTTP connect timed out,none
landkreis-esslingen.de,HttpConnectTimeoutException: HTTP connect timed out,none
landkreis-forchheim.de,HttpConnectTimeoutException: HTTP connect timed out,none
landkreis-freising.de,HttpConnectTimeoutException: HTTP connect timed out,none
landkreis-freudenstadt.de,302,10 mx7.kvnbw.de.; 10 mx8.kvnbw.de.; 10 mx9.kvnbw.de.; 10 mx6.kvnbw.de.
landkreis-fuerth.de,HttpConnectTimeoutException: HTTP connect timed out,none
landkreis-fulda.de,HttpConnectTimeoutException: HTTP connect timed out,none
landkreis-garmisch-partenkirchen.de,HttpConnectTimeoutException: HTTP connect timed out,none
landkreis-gifhorn.de,HttpConnectTimeoutException: HTTP connect timed out,50 mx.itv-gifhorn.de.
landkreis-goeppingen.de,HttpConnectTimeoutException: HTTP connect timed out,none
landkreis-goslar.de,HttpConnectTimeoutException: HTTP connect timed out,none
landkreis-gotha.de,HttpConnectTimeoutException: HTTP connect timed out,none
landkreis-greiz.de,HttpConnectTimeoutException: HTTP connect timed out,none
landkreis-guenzburg.de,HttpConnectTimeoutException: HTTP connect timed out,none
landkreis-harburg.de,301,none
landkreis-heidenheim.de,302,none
landkreis-heilbronn.de,HttpConnectTimeoutException: HTTP connect timed out,none
landkreis-helmstedt.de,301,none
landkreis-hildburghausen.de,SSLHandshakeException: (certificate_unknown) PKIX path building failed: sun.security.provider.certpath.SunCertPathBuilderException: unable to find valid certification path to requested target,10 mail.landkreis-hildburghausen.de.
landkreis-hof.de,HttpConnectTimeoutException: HTTP connect timed out,10 mail.bayern.de.
landkreis-holzminden.de,301,10 mx1.landkreis-holzminden.de.; 10 mx.landkreis-holzminden.de.; 10 mx2.landkreis-holzminden.de.
landkreis-karlsruhe.de,301,none
landkreis-kelheim.de,301,10 mail.bayern.de.
landkreis-kitzingen.de,301,none
landkreis-konstanz.de,SSLHandshakeException: (certificate_unknown) PKIX path building failed: sun.security.provider.certpath.SunCertPathBuilderException: unable to find valid certification path to requested target,10 mx8.kvnbw.de.; 10 mx9.kvnbw.de.; 10 mx7.kvnbw.de.; 10 mx6.kvnbw.de.
landkreis-kronach.de,502,none
landkreis-kulmbach.de,302,none
landkreis-kusel.de,301,none
landkreis-landshut.de,SSLHandshakeException: Remote host terminated the handshake,10 mail.bayern.de.
landkreis-leer.de,301,none
landkreis-lichtenfels.de,301,none
landkreis-limburg-weilburg.de,301,none
landkreis-lindau.de,301,none
landkreis-ludwigsburg.de,301,none
landkreis-lueneburg.de,301,none
landkreis-miesbach.de,301,none
landkreis-miltenberg.de,HttpConnectTimeoutException: HTTP connect timed out,10 w020325e.kasserver.com.
landkreis-mittelsachsen.de,301,none
landkreis-nea.de,301,none
landkreis-neumarkt.de,301,none
landkreis-neunkirchen.de,301,none
landkreis-nordhausen.de,200,none
landkreis-nordsachsen.de,301,none
landkreis-northeim.de,301,none
landkreis-nu.de,307,none
landkreis-oder-spree.de,301,none
landkreis-osnabrueck.de,301,none
landkreis-osterholz.de,301,none
landkreis-passau.de,301,none
landkreis-peine.de,301,none
landkreis-pfaffenhofen.de,301,none
landkreis-prignitz.de,400,none
landkreis-rastatt.de,301,10 mx-02-eu-central-1.prod.hydra.sophos.com.; 10 mx-01-eu-central-1.prod.hydra.sophos.com.
landkreis-regen.de,301,none
landkreis-regensburg.de,HttpConnectTimeoutException: HTTP connect timed out,none
landkreis-rosenheim.de,301,none
landkreis-rostock.de,302,none
landkreis-rottweil.de,307,none
landkreis-schwandorf.de,301,none
landkreis-schweinfurt.de,301,none
landkreis-sigmaringen.de,307,none
landkreis-st-wendel.de,HttpConnectTimeoutException: HTTP connect timed out,none
landkreis-stade.de,HttpConnectTimeoutException: HTTP connect timed out,none
landkreis-starnberg.de,HttpConnectTimeoutException: HTTP connect timed out,none
landkreis-stendal.de,HttpConnectTimeoutException: HTTP connect timed out,none
landkreis-tuttlingen.de,HttpConnectTimeoutException: HTTP connect timed out,10 mx8.kvnbw.de.; 10 mx9.kvnbw.de.; 10 mx6.kvnbw.de.; 10 mx7.kvnbw.de.
landkreis-uelzen.de,302,none
landkreis-vechta.de,HttpConnectTimeoutException: HTTP connect timed out,none
landkreis-verden.de,HttpConnectTimeoutException: HTTP connect timed out,10 lkv.landkreis-verden.de.; 10 kvv-mail.landkreis-verden.de.
landkreis-waldeck-frankenberg.de,HttpConnectTimeoutException: HTTP connect timed out,10 mail.landkreis-waldeck-frankenberg.de.
landkreis-waldshut.de,301,10 mx8.kvnbw.de.; 10 mx6.kvnbw.de.; 10 mx7.kvnbw.de.; 10 mx9.kvnbw.de.
landkreis-wittenberg.de,HttpConnectTimeoutException: HTTP connect timed out,none
landkreis-wittmund.de,HttpConnectTimeoutException: HTTP connect timed out,10 mx01.mwej.de.; 20 mforward.dtag.de.
landkreis-wuerzburg.de,HttpConnectTimeoutException: HTTP connect timed out,none
landkreis-wunsiedel.de,HttpConnectTimeoutException: HTTP connect timed out,none
landkreis-zwickau.de,301,none
landkreisgoettingen.de,HttpConnectTimeoutException: HTTP connect timed out,20 mail2.landkreisgoettingen.de.; 10 mail1.landkreisgoettingen.de.
landkreishildesheim.de,HttpConnectTimeoutException: HTTP connect timed out,none
landkreiskassel.de,HttpConnectTimeoutException: HTTP connect timed out,10 mx3sgie.ekom21.de.; 10 mx5skas.kgrz-ks.de.; 10 mx3skas.kgrz-ks.de.; 10 mx4skas.kgrz-ks.de.
landkreisleipzig.de,HttpConnectTimeoutException: HTTP connect timed out,none
landkreistag.de,200,10 landkreistag-de.mail.protection.outlook.com.
landratsamt-roth.de,HttpConnectTimeoutException: HTTP connect timed out,none
landschaftsverband-hameln-pyrmont.de,HttpConnectTimeoutException: HTTP connect timed out,none
landschaftsverband-hildesheim.de,200,none
landschaftsverband-stade.de,301,none
landschaftsverband.lkcelle.de,ConnectException,none
landschaftsverband.org,200,none
landtag-bayern.de,ConnectException,none
landtag-bw.de,ConnectException,10 mail68.landtag-bw.de.; 10 mail67.landtag-bw.de.
landtag-mv.de,301,none
landtag-niedersachsen.de,301,none
landtag-saar.de,SSLHandshakeException: (certificate_unknown) PKIX path building failed: sun.security.provider.certpath.SunCertPathBuilderException: unable to find valid certification path to requested target,20 m-relay2.rz.uni-saarland.de.; 50 m-relay.rz.uni-saarland.de.
landtag.brandenburg.de,301,none
landtag.ltsh.de,302,none
landtag.nrw.de,302,none
landtag.sachsen-anhalt.de,301,none
landtag.sachsen.de,301,none
landwirtschaft.hessen.de,200,10 mx-in-10.hessen.de.; 10 mx-in-20.hessen.de.
langenneufnach.de,301,none
lanuk.nrw.de,302,none
laos-botschaft.de,200,none
las-bayern.de,302,10 mail.bayern.de.
lasub.smk.sachsen.de,301,20 s2vg300mr02.pzd-svn.de.; 20 s2vg300mr01.pzd-svn.de.
lasuv.sachsen.de,301,20 s2vg300mr01.pzd-svn.de.; 20 s2vg300mr02.pzd-svn.de.
lasv.brandenburg.de,302,none
lau.sachsen-anhalt.de,400,none
lav.rlp.de,SSLHandshakeException: (certificate_unknown) PKIX path building failed: sun.security.provider.certpath.SunCertPathBuilderException: unable to find valid certification path to requested target,none
laves.niedersachsen.de,SSLHandshakeException: (certificate_unknown) PKIX path building failed: sun.security.provider.certpath.SunCertPathBuilderException: unable to find valid certification path to requested target,none
lazbw.landwirtschaft-bw.de,301,none
lba.de,301,20 zbcsgbbm.gbbmvi-wan.de.; 10 ofcsgbbm.gbbmvi-wan.de.
lbeg.niedersachsen.de,ConnectException,none
lbf.fraunhofer.de,308,none
lbgr.brandenburg.de,HttpConnectTimeoutException: HTTP connect timed out,none
lbv.hamburg.de,HttpConnectTimeoutException: HTTP connect timed out,none
lbv.landbw.de,200,none
lbv.nrw.de,ConnectException,40 relay7m.it.nrw.de.; 60 relay7v.it.nrw.de.
lbz.rlp.de,SSLHandshakeException: (certificate_unknown) PKIX path building failed: sun.security.provider.certpath.SunCertPathBuilderException: unable to find valid certification path to requested target,10 mailmx0002.rlp.de.; 10 mailmx0003.rlp.de.; 10 mailmx0004.rlp.de.; 10 mailmx0001.rlp.de.
lda.bayern.de,301,none
lda.brandenburg.de,301,10 pmmx-hea-p02.brandenburg.de.; 10 pmmx-hea-p01.brandenburg.de.
ldbv.bayern.de,HttpConnectTimeoutException: HTTP connect timed out,none
ldi.nrw.de,HttpConnectTimeoutException: HTTP connect timed out,none
lds.sachsen.de,HttpConnectTimeoutException: HTTP connect timed out,none
lechfeld.de,HttpConnectTimeoutException: HTTP connect timed out,none
leibniz-fli.de,200,none
leibniz-fmp.de,200,none
leibniz-gemeinschaft.de,301,none
leibniz-hki.de,301,200 havel.hki-jena.de.; 100 lethe.hki-jena.de.
leibniz-ipn.de,301,none
leibniz-kis.de,HttpConnectTimeoutException: HTTP connect timed out,none
leibniz-lib.de,307,none
leibniz-liv.de,SSLHandshakeException: (unrecognized_name) Received fatal alert: unrecognized_name,none
leibniz-lsb.de,301,none
leibniz-psychology.org,HttpConnectTimeoutException: HTTP connect timed out,none
leibniz-zmt.de,SSLHandshakeException: (certificate_unknown) PKIX path building failed: sun.security.provider.certpath.SunCertPathBuilderException: unable to find valid certification path to requested target,none
leipzig.ihk.de,HttpConnectTimeoutException: HTTP connect timed out,none
lel-bw.de,HttpConnectTimeoutException: HTTP connect timed out,none
lengenfeld.eu,301,none
lengmoos.de,HttpConnectTimeoutException: HTTP connect timed out,none
leopoldina.org,301,none
lesothoembassy.de,HttpConnectTimeoutException: HTTP connect timed out,none
leups.de,HttpConnectTimeoutException: HTTP connect timed out,none
lfa.sachsen.de,HttpConnectTimeoutException: HTTP connect timed out,none
lfar.bayern.de,HttpConnectTimeoutException: HTTP connect timed out,none
lfd.niedersachsen.de,HttpConnectTimeoutException: HTTP connect timed out,none
lfd.sachsen.de,HttpConnectTimeoutException: HTTP connect timed out,none
lff.bayern.de,HttpConnectTimeoutException: HTTP connect timed out,none
lfk.de,301,10 mx4.belwue.de.; 10 mx1.belwue.de.; 10 mx3.belwue.de.; 10 mx2.belwue.de.
lfks.rlp.de,HttpConnectTimeoutException: HTTP connect timed out,none
lfl.bayern.de,HttpConnectTimeoutException: HTTP connect timed out,none
lfs-bw.de,302,none
lfs-sh.de,302,none
lfst.bayern.de,302,none
lfu.bayern.de,301,none
lfu.brandenburg.de,302,none
lfulg.sachsen.de,200,20 s2vg300mr02.pzd-svn.de.; 20 s2vg300mr01.pzd-svn.de.
lfv.hessen.de,200,none
lg-aachen.nrw.de,SSLHandshakeException: (certificate_unknown) No subject alternative DNS name matching lg-aachen.nrw.de found.,none
lg-arnsberg.nrw.de,SSLHandshakeException: (certificate_unknown) No subject alternative DNS name matching lg-arnsberg.nrw.de found.,none
lg-bielefeld.nrw.de,SSLHandshakeException: (certificate_unknown) No subject alternative DNS name matching lg-bielefeld.nrw.de found.,40 relay7m.it.nrw.de.; 60 relay7v.it.nrw.de.
lg-bochum.nrw.de,SSLHandshakeException: (certificate_unknown) No subject alternative DNS name matching lg-bochum.nrw.de found.,none
lg-bonn.nrw.de,SSLHandshakeException: (certificate_unknown) No subject alternative DNS name matching lg-bonn.nrw.de found.,none
lg-de.sachsen-anhalt.de,400,none
lg-detmold.nrw.de,SSLHandshakeException: (certificate_unknown) No subject alternative DNS name matching lg-detmold.nrw.de found.,60 relay7v.it.nrw.de.; 40 relay7m.it.nrw.de.
lg-dortmund.nrw.de,SSLHandshakeException: (certificate_unknown) No subject alternative DNS name matching lg-dortmund.nrw.de found.,none
lg-duesseldorf.nrw.de,SSLHandshakeException: (certificate_unknown) No subject alternative DNS name matching lg-duesseldorf.nrw.de found.,none
lg-duisburg.nrw.de,SSLHandshakeException: (certificate_unknown) No subject alternative DNS name matching lg-duisburg.nrw.de found.,none
lg-essen.nrw.de,SSLHandshakeException: (certificate_unknown) No subject alternative DNS name matching lg-essen.nrw.de found.,none
lg-hagen.nrw.de,SSLHandshakeException: (certificate_unknown) No subject alternative DNS name matching lg-hagen.nrw.de found.,40 relay7m.it.nrw.de.; 60 relay7v.it.nrw.de.
lg-hal.sachsen-anhalt.de,400,none
lg-kleve.nrw.de,SSLHandshakeException: (certificate_unknown) No subject alternative DNS name matching lg-kleve.nrw.de found.,60 relay7v.it.nrw.de.; 40 relay7m.it.nrw.de.
lg-koeln.nrw.de,SSLHandshakeException: (certificate_unknown) No subject alternative DNS name matching lg-koeln.nrw.de found.,none
lg-krefeld.nrw.de,SSLHandshakeException: (certificate_unknown) No subject alternative DNS name matching lg-krefeld.nrw.de found.,none
lg-md.sachsen-anhalt.de,400,none
lg-moenchengladbach.nrw.de,SSLHandshakeException: (certificate_unknown) No subject alternative DNS name matching lg-moenchengladbach.nrw.de found.,60 relay7v.it.nrw.de.; 40 relay7m.it.nrw.de.
lg-muenster.nrw.de,SSLHandshakeException: (certificate_unknown) No subject alternative DNS name matching lg-muenster.nrw.de found.,none
lg-paderborn.nrw.de,SSLHandshakeException: (certificate_unknown) No subject alternative DNS name matching lg-paderborn.nrw.de found.,none
lg-sdl.sachsen-anhalt.de,400,none
lg-siegen.nrw.de,SSLHandshakeException: (certificate_unknown) No subject alternative DNS name matching lg-siegen.nrw.de found.,none
lg-wuppertal.nrw.de,SSLHandshakeException: (certificate_unknown) No subject alternative DNS name matching lg-wuppertal.nrw.de found.,none
lgft.justiz.rlp.de,200,none
lgkh.justiz.rlp.de,200,none
lgkl.justiz.rlp.de,200,none
lgko.justiz.rlp.de,200,none
lgld.justiz.rlp.de,200,none
lgln.niedersachsen.de,SSLHandshakeException: (certificate_unknown) PKIX path building failed: sun.security.provider.certpath.SunCertPathBuilderException: unable to find valid certification path to requested target,none
lgmz.justiz.rlp.de,200,none
lgr.bayern.de,ConnectException,none
lgrb-bw.de,302,none
lgtr.justiz.rlp.de,200,none
lgzw.justiz.rlp.de,HttpConnectTimeoutException: HTTP connect timed out,none
lhg.com,301,none
lhlt.mpg.de,HttpConnectTimeoutException: HTTP connect timed out,none
lhw.sachsen-anhalt.de,HttpConnectTimeoutException: HTTP connect timed out,none
libanesische-botschaft.de,HttpConnectTimeoutException: HTTP connect timed out,none
liberiaembassygermany.de,HttpConnectTimeoutException: HTTP connect timed out,none
lifbi.de,SSLHandshakeException: (certificate_unknown) PKIX path building failed: sun.security.provider.certpath.SunCertPathBuilderException: unable to find valid certification path to requested target,none
lin-magdeburg.de,HttpConnectTimeoutException: HTTP connect timed out,none
lindenberg-eichsfeld.de,ConnectException,none
linienverkehr.de,HttpConnectTimeoutException: HTTP connect timed out,none
lis.bremen.de,HttpConnectTimeoutException: HTTP connect timed out,none
lk-nienburg.de,HttpConnectTimeoutException: HTTP connect timed out,none
lk-row.de,HttpConnectTimeoutException: HTTP connect timed out,none
lk-vr.de,SSLHandshakeException: (unrecognized_name) Received fatal alert: unrecognized_name,none
lka.polizei-bw.de,HttpConnectTimeoutException: HTTP connect timed out,none
lka.polizei-nds.de,HttpConnectTimeoutException: HTTP connect timed out,none
lka.polizei.nrw,HttpConnectTimeoutException: HTTP connect timed out,none
lkclp.de,301,10 mta2in.kdo.de.; 10 mta1in.kdo.de.
lkee.de,HttpConnectTimeoutException: HTTP connect timed out,10 proxyhz.lkee.de.
lkgi.de,HttpConnectTimeoutException: HTTP connect timed out,none
lkjl.de,302,none
lkspn.de,HttpConnectTimeoutException: HTTP connect timed out,10 mxgate01.lkspn.de.; 20 mxgate02.lkspn.de.
lksuedwestpfalz.de,HttpConnectTimeoutException: HTTP connect timed out,none
lkwf.de,301,none
llg.sachsen-anhalt.de,HttpConnectTimeoutException: HTTP connect timed out,none
lmg.bayern.de,HttpConnectTimeoutException: HTTP connect timed out,none
lmk-online.de,HttpConnectTimeoutException: HTTP connect timed out,none
lmsaar.de,HttpTimeoutException: request timed out,none
lmz-bw.de,301,none
loerrach-landkreis.de,307,none
lohndorf.de,SSLHandshakeException: (certificate_expired) PKIX path validation failed: java.security.cert.CertPathValidatorException: validity check failed,none
lpb-bw.de,301,none
lpb-mv.de,301,none
lpb.sachsen-anhalt.de,400,none
lra-aic-fdb.de,200,none
lra-aoe.de,200,none
lra-bgl.de,301,10 mail.bayern.de.
lra-ebe.de,HttpConnectTimeoutException: HTTP connect timed out,none
lra-ffb.de,404,none
lra-gap.de,302,none
lra-landsberg.de,302,100 mxlb.ispgateway.de.
lra-mue.de,301,10 mail.lra-mue.de.; 30 mail2.lra-mue.de.
lra-sm.de,301,none
lra-soemmerda.de,301,10 mailgw03.kids.kreis-soem.de.
lrabb.de,302,10 mx9.kvnbw.de.; 10 mx7.kvnbw.de.; 10 mx6.kvnbw.de.; 10 mx8.kvnbw.de.
lrasbk.de,301,none
lrasha.de,301,none
lrh-brandenburg.de,SSLHandshakeException: (certificate_unknown) No subject alternative DNS name matching lrh-brandenburg.de found.,none
lrh-mv.de,SSLHandshakeException: (certificate_unknown) PKIX path building failed: sun.security.provider.certpath.SunCertPathBuilderException: unable to find valid certification path to requested target,none
lrh.niedersachsen.de,SSLHandshakeException: (certificate_unknown) PKIX path building failed: sun.security.provider.certpath.SunCertPathBuilderException: unable to find valid certification path to requested target,none
lrh.nrw.de,200,none
lrh.sachsen-anhalt.de,400,none
ls.brandenburg.de,301,none
lsbb.sachsen-anhalt.de,400,none
lsbg.hamburg.de,200,none
lsf.sachsen.de,301,none
lsg.bayern.de,200,10 mail.bayern.de.
lsg.nrw.de,SSLHandshakeException: (certificate_unknown) No subject alternative DNS name matching lsg.nrw.de found.,none
lsg.sachsen-anhalt.de,400,none
lsgrp.justiz.rlp.de,200,none
lsjv.rlp.de,SSLHandshakeException: (certificate_unknown) PKIX path building failed: sun.security.provider.certpath.SunCertPathBuilderException: unable to find valid certification path to requested target,10 mailmx0002.rlp.de.; 10 mailmx0003.rlp.de.; 10 mailmx0004.rlp.de.; 10 mailmx0001.rlp.de.
lstn.niedersachsen.de,SSLHandshakeException: (certificate_unknown) PKIX path building failed: sun.security.provider.certpath.SunCertPathBuilderException: unable to find valid certification path to requested target,none
lua.bremen.de,HttpConnectTimeoutException: HTTP connect timed out,none
lua.rlp.de,HttpConnectTimeoutException: HTTP connect timed out,none
lubw.baden-wuerttemberg.de,HttpConnectTimeoutException: HTTP connect timed out,none
ludenhausen.de,HttpConnectTimeoutException: HTTP connect timed out,none
luechow-dannenberg.de,HttpConnectTimeoutException: HTTP connect timed out,none
luetzen-wiesengrund.de,HttpConnectTimeoutException: HTTP connect timed out,none
luetzow-luebstorf.de,301,none
lung.mv-regierung.de,HttpConnectTimeoutException: HTTP connect timed out,none
lv.rlp.de,HttpConnectTimeoutException: HTTP connect timed out,none
lv.sachsen-anhalt.de,HttpConnectTimeoutException: HTTP connect timed out,none
lverfg.justiz.sachsen-anhalt.de,HttpConnectTimeoutException: HTTP connect timed out,none
lvermgeo.rlp.de,HttpConnectTimeoutException: HTTP connect timed out,none
lvermgeo.sachsen-anhalt.de,HttpConnectTimeoutException: HTTP connect timed out,none
lvermgeosh.schleswig-holstein.de,HttpConnectTimeoutException: HTTP connect timed out,none
lvg-bus.de,HttpConnectTimeoutException: HTTP connect timed out,none
lvgl.saarland.de,HttpConnectTimeoutException: HTTP connect timed out,none
lvosl.de,HttpConnectTimeoutException: HTTP connect timed out,none
lvr.de,HttpConnectTimeoutException: HTTP connect timed out,none
lvwa.sachsen-anhalt.de,HttpConnectTimeoutException: HTTP connect timed out,none
lwf.bayern.de,HttpConnectTimeoutException: HTTP connect timed out,none
lwg.bayern.de,200,none
lzg.nrw.de,HttpConnectTimeoutException: HTTP connect timed out,none
lzpb-bremen.de,ConnectException,none
ma-hsh.de,301,none
mabb.de,HttpConnectTimeoutException: HTTP connect timed out,10 mx-01-eu-central-1.prod.hydra.sophos.com.; 20 mx-02-eu-central-1.prod.hydra.sophos.com.
maerkisch-oderland.de,301,none
maerkischer-kreis.de,301,none
magdeburg.ihk.de,301,none
mags.nrw,200,none
main-spessart.de,302,none
main-tauber-kreis.de,301,none
mainsondheim.de,ConnectException,none
mainz-bingen.de,301,none
malawiembassy.de,200,none
maldivesembassy.de,200,50 mx3.zoho.com.; 10 mx.zoho.com.; 20 mx2.zoho.com.
mamming.de,301,none
mansfeldsuedharz.de,301,20 mx02.lkmsh.de.; 10 mx01.lkmsh.de.; 200 mx03.lkmsh.de.
marburg-biedenkopf.de,301,none
margetshoechheim.de,301,none
markt-falkenstein.eu,HttpConnectTimeoutException: HTTP connect timed out,none
markt-koenigstein.de,301,none
markt-pfaffenhofen.de,301,none
markt-rettenbach.de,200,none
markt-schirnding.de,200,10 mail.bayern.de.
markt-schondra.de,301,none
marktleugast.de,302,none
marloffstein.feuerwehren.bayern,HttpConnectTimeoutException: HTTP connect timed out,none
marquartstein.de,301,10 marquartstein-de.mail.protection.outlook.com.
martin-opitz-bibliothek.de,HttpConnectTimeoutException: HTTP connect timed out,10 mail.mob-herne.de.
massenricht.de,SSLHandshakeException: (certificate_unknown) No subject alternative DNS name matching massenricht.de found.,none
massing.de,301,none
mastd.rlp.de,SSLHandshakeException: (certificate_unknown) PKIX path building failed: sun.security.provider.certpath.SunCertPathBuilderException: unable to find valid certification path to requested target,none
mattsieser-vereine.de,HttpConnectTimeoutException: HTTP connect timed out,none
mauretanien-embassy.de,301,none
mauritius-berlin.govmu.org,302,none
maxweberstiftung.de,ConnectException,5 maxweberstiftung-de.mail.protection.outlook.com.
mayen-koblenz.de,SSLHandshakeException: (certificate_unknown) PKIX path building failed: sun.security.provider.certpath.SunCertPathBuilderException: unable to find valid certification path to requested target,none
mb.niedersachsen.de,SSLHandshakeException: (certificate_unknown) PKIX path building failed: sun.security.provider.certpath.SunCertPathBuilderException: unable to find valid certification path to requested target,none
mb.sachsen-anhalt.de,200,none
mbei.nrw,HttpConnectTimeoutException: HTTP connect timed out,none
mbi-berlin.de,HttpConnectTimeoutException: HTTP connect timed out,none
mbjs.brandenburg.de,200,none
md-bayern.de,301,none
md-bb.org,HttpConnectTimeoutException: HTTP connect timed out,none
md-bremen.com,301,10 ems.md-bremen.com.
md-bund.de,200,10 mail.md-bund.de.
md-bw.de,301,none
md-hessen.de,301,none
md-mv.de,301,10 mail.mdk-mv.de.
md-niedersachsen.de,301,none
md-nord.de,301,20 mail02.md-nord.de.; 10 mail01.md-nord.de.
md-rlp.de,301,none
md-saarland.de,HttpConnectTimeoutException: HTTP connect timed out,none
md-sachsen.de,HttpConnectTimeoutException: HTTP connect timed out,none
md-san.de,HttpConnectTimeoutException: HTTP connect timed out,none
md-th.de,HttpConnectTimeoutException: HTTP connect timed out,10 md-th-de.mail.cloud.nospamproxy.com.
mdc-berlin.de,HttpConnectTimeoutException: HTTP connect timed out,none
mdf-ag.com,HttpConnectTimeoutException: HTTP connect timed out,10 mxtls.expurgate.net.
mdfe.brandenburg.de,301,none
mdi.rlp.de,SSLHandshakeException: (certificate_unknown) PKIX path building failed: sun.security.provider.certpath.SunCertPathBuilderException: unable to find valid certification path to requested target,none
mdj.brandenburg.de,301,none
mdr.de,HttpConnectTimeoutException: HTTP connect timed out,none
mdv.de,301,none
meberlin.com,HttpConnectTimeoutException: HTTP connect timed out,none
medienanstalt-hessen.de,HttpConnectTimeoutException: HTTP connect timed out,10 asl.lpr-hessen.de.
medienanstalt-mv.de,HttpConnectTimeoutException: HTTP connect timed out,20 mx20.medienanstalt-mv.de.; 5 ex.medienanstalt-mv.de.
medienanstalt-nrw.de,HttpConnectTimeoutException: HTTP connect timed out,10 medienanstaltnrw-de03c.mail.protection.outlook.com.
medienanstalt-sachsen-anhalt.de,HttpConnectTimeoutException: HTTP connect timed out,none
medizinischerdienst.de,301,none
mehrow.de,HttpConnectTimeoutException: HTTP connect timed out,none
mein-bad-kleinen.de,HttpConnectTimeoutException: HTTP connect timed out,none
meinheim.vgem-altmuehltal.de,ConnectException,none
men.niedersachsen.de,SSLHandshakeException: (certificate_unknown) PKIX path building failed: sun.security.provider.certpath.SunCertPathBuilderException: unable to find valid certification path to requested target,none
mendorferbuch.feuerwehren.bayern,HttpConnectTimeoutException: HTTP connect timed out,none
mengkofen.feuerwehren.bayern,200,none
merzhausen.de,301,none
merzig-wadern.de,HttpConnectTimeoutException: HTTP connect timed out,0 mail.merzig-wadern.de.
mespelbrunn.de,SSLHandshakeException: Remote host terminated the handshake,none
meyer-textilmaschinen.de,SSLException: (internal_error) Received fatal alert: internal_error,none
mf.niedersachsen.de,SSLHandshakeException: (certificate_unknown) PKIX path building failed: sun.security.provider.certpath.SunCertPathBuilderException: unable to find valid certification path to requested target,none
mf.sachsen-anhalt.de,200,none
mfa.bg,HttpConnectTimeoutException: HTTP connect timed out,none
mfa.gr,403,none
mfa.tj,SSLHandshakeException: (certificate_unknown) PKIX path building failed: sun.security.provider.certpath.SunCertPathBuilderException: unable to find valid certification path to requested target,none
mffjiv.rlp.de,SSLHandshakeException: (certificate_unknown) PKIX path building failed: sun.security.provider.certpath.SunCertPathBuilderException: unable to find valid certification path to requested target,none
mfo.de,HttpConnectTimeoutException: HTTP connect timed out,none
mh-stiftung.de,HttpConnectTimeoutException: HTTP connect timed out,none
mhkbd.nrw,SSLHandshakeException: (certificate_unknown) PKIX path building failed: sun.security.provider.certpath.SunCertPathBuilderException: unable to find valid certification path to requested target,none
mi.niedersachsen.de,ConnectException,5 inetmail23.niedersachsen.de.; 5 inetmail14.niedersachsen.de.; 5 inetmail13.niedersachsen.de.
mi.sachsen-anhalt.de,200,none
mid.sachsen-anhalt.de,200,none
mik.brandenburg.de,302,none
mil.brandenburg.de,302,none
mimbach-mausdorf.de,HttpConnectTimeoutException: HTTP connect timed out,none
minden-luebbecke.de,ConnectException,10 mx.krz.de.
minden112.de,SSLException: (internal_error) Received fatal alert: internal_error,10 mx00.ionos.de.; 10 mx01.ionos.de.
mis.mpg.de,404,none
mistelbach.feuerwehren.bayern,HttpConnectTimeoutException: HTTP connect timed out,none
mistelgau.de,301,none
mitterteich.de,301,none
mittleres-schwarzatal.de,SSLHandshakeException: (handshake_failure) Received fatal alert: handshake_failure,none
mitwitz.de,SSLHandshakeException: (certificate_unknown) No subject alternative DNS name matching mitwitz.de found.,10 mx01.netclusive.de.; 10 mx00.netclusive.de.
mj.niedersachsen.de,SSLHandshakeException: (certificate_unknown) PKIX path building failed: sun.security.provider.certpath.SunCertPathBuilderException: unable to find valid certification path to requested target,5 inetmail12.niedersachsen.de.; 5 inetmail11.niedersachsen.de.; 5 inetmail21.niedersachsen.de.
mj.sachsen-anhalt.de,200,none
mk.niedersachsen.de,SSLHandshakeException: (certificate_unknown) PKIX path building failed: sun.security.provider.certpath.SunCertPathBuilderException: unable to find valid certification path to requested target,none
mkjfgfi.nrw,301,none
mkk.de,200,none
mkuem.rlp.de,SSLHandshakeException: (certificate_unknown) PKIX path building failed: sun.security.provider.certpath.SunCertPathBuilderException: unable to find valid certification path to requested target,none
mkw.nrw,301,none
ml.niedersachsen.de,SSLHandshakeException: (certificate_unknown) PKIX path building failed: sun.security.provider.certpath.SunCertPathBuilderException: unable to find valid certification path to requested target,none
mlr.baden-wuerttemberg.de,307,none
mluk.brandenburg.de,301,none
mlw.baden-wuerttemberg.de,307,none
mmg.mpg.de,HttpConnectTimeoutException: HTTP connect timed out,10 c1234.mx.srv.dfn.de.; 10 a1234.mx.srv.dfn.de.; 10 b1234.mx.srv.dfn.de.
mobil.hessen.de,200,none
moedlsbach.feuerwehren.bayern,404,none
moenchengladbach.de,301,none
mofaic.gov.ae,IOException: HTTP/1.1 header parser received no bytes,none
molgen.mpg.de,HttpConnectTimeoutException: HTTP connect timed out,none
monopolkommission.de,HttpConnectTimeoutException: HTTP connect timed out,10 mailstore1.secureserver.net.; 0 smtp.secureserver.net.
mpe.mpg.de,301,none
mpg.de,HttpConnectTimeoutException: HTTP connect timed out,50 b1236.mx.srv.dfn.de.; 50 a1236.mx.srv.dfn.de.; 50 c1236.mx.srv.dfn.de.
mpi-bremen.de,301,none
mpi-cbg.de,HttpConnectTimeoutException: HTTP connect timed out,none
mpi-dortmund.mpg.de,ConnectException,none
mpi-halle.de,HttpConnectTimeoutException: HTTP connect timed out,20 b2091.mx.srv.dfn.de.; 20 c2091.mx.srv.dfn.de.; 20 a2091.mx.srv.dfn.de.
mpi-hd.mpg.de,ConnectException,none
mpi-hlr.de,SSLHandshakeException: (certificate_unknown) PKIX path building failed: sun.security.provider.certpath.SunCertPathBuilderException: unable to find valid certification path to requested target,none
mpi-inf.mpg.de,301,none
mpi-magdeburg.mpg.de,ConnectException,none
mpi-marburg.mpg.de,301,none
mpi-muenster.mpg.de,301,none
mpi-sws.mpg.de,200,50 u18mx07.mpi-klsb.mpg.de.; 100 u04mx07.mpi-klsb.mpg.de.
mpi-sws.org,HttpConnectTimeoutException: HTTP connect timed out,none
mpia.de,HttpConnectTimeoutException: HTTP connect timed out,none
mpib-berlin.mpg.de,ConnectException,none
mpic.de,301,none
mpie.de,ConnectException,50 gate236.mpie.de.; 7 gate235.mpie.de.; 40 gate237.mpie.de.
mpifg.de,301,10 b1232.mx.srv.dfn.de.; 10 c1232.mx.srv.dfn.de.; 10 a1232.mx.srv.dfn.de.
mpiib-berlin.mpg.de,HttpConnectTimeoutException: HTTP connect timed out,none
mpikg.mpg.de,ConnectException,10 mail03.mpikg.mpg.de.; 10 mail04.mpikg.mpg.de.
mpil.de,ConnectException,none
mpim-bonn.mpg.de,302,none
mpimet.mpg.de,307,none
mpimf-heidelberg.mpg.de,ConnectException,none
mpimp-golm.mpg.de,ConnectException,none
mpinat.mpg.de,SSLHandshakeException: (certificate_unknown) PKIX path building failed: sun.security.provider.certpath.SunCertPathBuilderException: unable to find valid certification path to requested target,none
mpinb.mpg.de,302,20 mx01.caesar.de.
mpip-mainz.mpg.de,301,none
mpipks-dresden.mpg.de,SSLHandshakeException: (certificate_unknown) No subject alternative DNS name matching mpipks-dresden.mpg.de found.,none
mpipriv.de,SSLHandshakeException: (certificate_unknown) PKIX path building failed: sun.security.provider.certpath.SunCertPathBuilderException: unable to find valid certification path to requested target,10 a1234.mx.srv.dfn.de.; 10 b1234.mx.srv.dfn.de.; 10 c1234.mx.srv.dfn.de.
mpipsykl.mpg.de,301,10 a1231.mx.srv.dfn.de.; 10 c1231.mx.srv.dfn.de.; 10 b1231.mx.srv.dfn.de.
mpipz.mpg.de,301,none
mpisoc.mpg.de,301,none
mpiwg-berlin.mpg.de,301,10 c2141.mx.srv.dfn.de.; 10 a2141.mx.srv.dfn.de.; 10 b2141.mx.srv.dfn.de.
mpl.mpg.de,200,none
mpp.mpg.de,302,10 smtp.mpp.mpg.de.
mpq.mpg.de,301,none
mps.mpg.de,301,none
mpsd.mpg.de,HttpConnectTimeoutException: HTTP connect timed out,none
ms.niedersachsen.de,HttpConnectTimeoutException: HTTP connect timed out,none
ms.sachsen-anhalt.de,HttpConnectTimeoutException: HTTP connect timed out,none
msgiv.brandenburg.de,HttpConnectTimeoutException: HTTP connect timed out,none
msp-nahverkehr.de,HttpConnectTimeoutException: HTTP connect timed out,25 mx.domainparking.de.
msz-cuxhaven.de,HttpConnectTimeoutException: HTTP connect timed out,none
mtk.org,301,none
muelheim-ruhr.de,HttpConnectTimeoutException: HTTP connect timed out,none
muenchen.de,301,none
muenchen.konzulat.si,SSLHandshakeException: Remote host terminated the handshake,none
muenchhausenland.de,HttpConnectTimeoutException: HTTP connect timed out,none
muenster.de,HttpConnectTimeoutException: HTTP connect timed out,none
mule.sachsen-anhalt.de,HttpConnectTimeoutException: HTTP connect timed out,none
munchen.mfa.gov.hu,HttpConnectTimeoutException: HTTP connect timed out,none
munich-airport.de,HttpConnectTimeoutException: HTTP connect timed out,none
munich.europarl.europa.eu,HttpConnectTimeoutException: HTTP connect timed out,none
munich.thaiembassy.org,200,none
museum-karlshorst.de,301,none
museumfuernaturkunde.berlin,HttpConnectTimeoutException: HTTP connect timed out,none
museumgoerlitz.senckenberg.de,SSLHandshakeException: (certificate_unknown) PKIX path building failed: sun.security.provider.certpath.SunCertPathBuilderException: unable to find valid certification path to requested target,none
museumsstiftung.de,301,none
musikrat.de,301,none
mv-justiz.de,HttpConnectTimeoutException: HTTP connect timed out,none
mv-laiv.de,HttpConnectTimeoutException: HTTP connect timed out,none
mvv-muenchen.de,HttpConnectTimeoutException: HTTP connect timed out,none
mw.niedersachsen.de,HttpConnectTimeoutException: HTTP connect timed out,none
mw.sachsen-anhalt.de,HttpConnectTimeoutException: HTTP connect timed out,none
mwae.brandenburg.de,HttpConnectTimeoutException: HTTP connect timed out,none
mwfk.brandenburg.de,302,none
mwg.rlp.de,HttpConnectTimeoutException: HTTP connect timed out,none
mwk.baden-wuerttemberg.de,307,none
mwk.niedersachsen.de,HttpConnectTimeoutException: HTTP connect timed out,none
mwsosteuropa.hypotheses.org,200,none
mwvlw.rlp.de,HttpConnectTimeoutException: HTTP connect timed out,none
mwwk.rlp.de,HttpConnectTimeoutException: HTTP connect timed out,none
mzv.cz,302,none
mzv.sk,301,10 mail.gov.sk.
na-bibb.de,301,none
nabburg.de,HttpConnectTimeoutException: HTTP connect timed out,none
nada.de,301,none
nah.sh,301,none
nahverkehr-mainfranken.de,HttpConnectTimeoutException: HTTP connect timed out,none
naldo.de,HttpConnectTimeoutException: HTTP connect timed out,none
namibia-botschaft.de,HttpConnectTimeoutException: HTTP connect timed out,none
nankendorf.com,200,none
naturschutzzentrum-schopfloch.de,HttpConnectTimeoutException: HTTP connect timed out,none
naz-feldberg.de,200,none
neckarsulm.de,301,none
neckarwestheim.de,301,10 mx9.kvnbw.de.; 10 mx8.kvnbw.de.; 10 mx6.kvnbw.de.; 10 mx7.kvnbw.de.
nederlandwereldwijd.nl,301,none
netherlandsandyou.nl,301,none
netzn.de,HttpConnectTimeoutException: HTTP connect timed out,none
neubrandenburg.ihk.de,HttpConnectTimeoutException: HTTP connect timed out,none
neuburg-schrobenhausen.de,HttpConnectTimeoutException: HTTP connect timed out,none
neuenbuerg.de,HttpConnectTimeoutException: HTTP connect timed out,none
neumarkt-sankt-veit.de,HttpConnectTimeoutException: HTTP connect timed out,none
neustadt.de,301,none
nicaraguaportal.de,301,none
niedersachsen.de,SSLHandshakeException: (certificate_unknown) PKIX path building failed: sun.security.provider.certpath.SunCertPathBuilderException: unable to find valid certification path to requested target,none
niedersachsentarif.de,301,none
niersverband.de,301,none
nigeriaembassygermany.org,200,none
nla.niedersachsen.de,SSLHandshakeException: (certificate_unknown) PKIX path building failed: sun.security.provider.certpath.SunCertPathBuilderException: unable to find valid certification path to requested target,5 inetmail14.niedersachsen.de.; 5 inetmail23.niedersachsen.de.; 5 inetmail13.niedersachsen.de.
nlbl.niedersachsen.de,SSLHandshakeException: (certificate_unknown) PKIX path building failed: sun.security.provider.certpath.SunCertPathBuilderException: unable to find valid certification path to requested target,none
nlbv.niedersachsen.de,SSLHandshakeException: (certificate_unknown) PKIX path building failed: sun.security.provider.certpath.SunCertPathBuilderException: unable to find valid certification path to requested target,none
nlga.niedersachsen.de,SSLHandshakeException: (certificate_unknown) PKIX path building failed: sun.security.provider.certpath.SunCertPathBuilderException: unable to find valid certification path to requested target,none
nlm.de,HttpConnectTimeoutException: HTTP connect timed out,10 remote.nlm.de.
nncn.de,SSLException: (internal_error) Received fatal alert: internal_error,none
nordfriesland.de,301,10 mx1.landsh.de.; 10 mx2.landsh.de.
nordschwarzwald.ihk24.de,SSLHandshakeException: (certificate_unknown) PKIX path building failed: sun.security.provider.certpath.SunCertPathBuilderException: unable to find valid certification path to requested target,none
norway.no,301,none
notare.bayern.de,405,none
notk-oldenburg.de,302,none
now-wasser.de,301,none
nph.de,ConnectException: Host is unreachable,10 mx.krz.de.
nports.de,301,none
nrw.de,ConnectException,none
nuernberger-land.de,301,none
nuntiatur.de,301,none
nwn-bus.de,301,none
oba.sachsen.de,301,none
oberallgaeu.de,301,300 mailin5.mx.speedkom.net.; 200 mailin2.mx.speedkom.net.
oberbergkirchen.de,301,none
obere-aller.de,301,none
oberguenzburg.de,301,none
oberhavel.de,302,0 oberhavel-de.mail.protection.outlook.com.
oberlandesgericht-braunschweig.niedersachsen.de,SSLHandshakeException: (certificate_unknown) PKIX path building failed: sun.security.provider.certpath.SunCertPathBuilderException: unable to find valid certification path to requested target,none
oberlandesgericht-celle.niedersachsen.de,HttpConnectTimeoutException: HTTP connect timed out,none
oberlandesgericht-karlsruhe.justiz-bw.de,HttpConnectTimeoutException: HTTP connect timed out,none
oberlandesgericht-oldenburg.niedersachsen.de,HttpConnectTimeoutException: HTTP connect timed out,none
oberlandesgericht-stuttgart.justiz-bw.de,HttpConnectTimeoutException: HTTP connect timed out,none
oberlandesgericht.bremen.de,HttpConnectTimeoutException: HTTP connect timed out,none
oberthulba.de,HttpConnectTimeoutException: HTTP connect timed out,100 mail.landkreis-badkissingen.de.
oberverwaltungsgericht.bremen.de,HttpConnectTimeoutException: HTTP connect timed out,10 mx2.ondataport.de.; 10 mx1.ondataport.de.
oberverwaltungsgericht.niedersachsen.de,HttpConnectTimeoutException: HTTP connect timed out,none
obk.de,HttpConnectTimeoutException: HTTP connect timed out,10 gw11.civitec.de.; 10 gw12.civitec.de.
odenwaldkreis.de,HttpConnectTimeoutException: HTTP connect timed out,none
oeffis.de,HttpConnectTimeoutException: HTTP connect timed out,none
oesterreich.ahk.de,HttpConnectTimeoutException: HTTP connect timed out,none
ofd-karlsruhe.fv-bwl.de,HttpConnectTimeoutException: HTTP connect timed out,none
ofd.hessen.de,HttpConnectTimeoutException: HTTP connect timed out,none
ofd.niedersachsen.de,SSLHandshakeException: (certificate_unknown) PKIX path building failed: sun.security.provider.certpath.SunCertPathBuilderException: unable to find valid certification path to requested target,none
offenbach.de,HttpConnectTimeoutException: HTTP connect timed out,none
offenbach.ihk.de,HttpConnectTimeoutException: HTTP connect timed out,none
offenhausen.de,HttpConnectTimeoutException: HTTP connect timed out,none
ohlstadt.de,301,none
oksh.de,301,0 oksh-de.mail.protection.outlook.com.
oldenburg-kreis.de,HttpConnectTimeoutException: HTTP connect timed out,none
oldenburg.de,HttpConnectTimeoutException: HTTP connect timed out,none
oldenburgische-landschaft.de,HttpConnectTimeoutException: HTTP connect timed out,none
olg-duesseldorf.nrw.de,SSLHandshakeException: (certificate_unknown) No subject alternative DNS name matching olg-duesseldorf.nrw.de found.,none
olg-frankfurt-justiz.hessen.de,301,none
olg-hamm.nrw.de,SSLHandshakeException: (certificate_unknown) No subject alternative DNS name matching olg-hamm.nrw.de found.,40 relay7m.it.nrw.de.; 60 relay7v.it.nrw.de.
olg-koeln.nrw.de,SSLHandshakeException: (certificate_unknown) No subject alternative DNS name matching olg-koeln.nrw.de found.,none
olg.sachsen-anhalt.de,400,none
olgko.justiz.rlp.de,200,none
olgzw.justiz.rlp.de,200,none
orchesterversorgung.de,301,none
ordentliche-gerichtsbarkeit.brandenburg.de,302,none
ordentliche-gerichtsbarkeit.hessen.de,HttpConnectTimeoutException: HTTP connect timed out,none
orh.bayern.de,200,10 mail.bayern.de.
orn.mpg.de,301,none
ornbau.de,301,0 ornbau-de.mail.protection.outlook.com.
ortenaukreis.de,301,none
ortenaulinie.de,301,none
osl-online.de,301,none
osnabrueck.de,301,none
osnabrueck.ihk24.de,SSLHandshakeException: (certificate_unknown) PKIX path building failed: sun.security.provider.certpath.SunCertPathBuilderException: unable to find valid certification path to requested target,none
ostalbkreis.de,301,none
ostalbmobil.de,301,10 mail.omnixp.de.
ostallgaeu.de,301,none
ostbeauftragte.de,302,none
osterzhausen.de,301,none
ostfriesischelandschaft.de,301,none
ostpreussisches-landesmuseum.de,HttpConnectTimeoutException: HTTP connect timed out,none
ostprignitz-ruppin.de,301,none
ostrecht.de,301,none
ostwuerttemberg.ihk.de,301,none
ovg.nrw.de,SSLHandshakeException: (certificate_unknown) No subject alternative DNS name matching ovg.nrw.de found.,none
ovg.sachsen-anhalt.de,400,none
ozm.bayern.de,302,none
pakemb.de,200,none
palaestina.org,307,none
parlament-berlin.de,200,50 mail01.parlament-berlin.de.; 10 mail02.parlament-berlin.de.
partenstein.de,ConnectException,10 w016bd09.kasserver.com.
patentanwalt.de,301,none
patientenbeauftragter.de,200,none
pausdorf.de,SSLException: (internal_error) Received fatal alert: internal_error,10 mx00.ionos.de.; 10 mx01.ionos.de.
pbeakk.de,301,none
pd-g.de,301,10 mail.pd-g.de.
pdi-berlin.de,301,none
pei.de,303,10 sv-spam-01.pei.de.; 20 sv-avw-02.pei.de.
pensionskasse-eisenbahnen.de,SSLHandshakeException: (certificate_unknown) PKIX path building failed: sun.security.provider.certpath.SunCertPathBuilderException: unable to find valid certification path to requested target,none
pettstadt.de,301,none
peutenhausen.feuerwehren.bayern,200,none
pfalz.ihk24.de,SSLHandshakeException: (certificate_unknown) PKIX path building failed: sun.security.provider.certpath.SunCertPathBuilderException: unable to find valid certification path to requested target,none
pflegebevollmaechtigte.de,HttpConnectTimeoutException: HTTP connect timed out,10 dedivirt836.your-server.de.
pforzheim.de,301,none
philippine-embassy.de,HttpTimeoutException: request timed out,none
pik-potsdam.de,HttpConnectTimeoutException: HTTP connect timed out,none
pillnach.de,ConnectException,none
pilsheim.feuerwehren.bayern,200,none
pks.mpg.de,302,none
poenning.de,200,none
politische-bildung-brandenburg.de,301,none
politische-bildung.rlp.de,301,none
politische-bildung.sh,301,none
polizei-bw.de,301,none
polizei-nds.de,ConnectException,none
polizei-web.sachsen-anhalt.de,400,none
polizei.bayern.de,HttpConnectTimeoutException: HTTP connect timed out,10 mail.bayern.de.
polizei.brandenburg.de,200,none
polizei.bremen.de,301,none
polizei.de,303,none
polizei.hessen.de,301,none
polizei.mvnet.de,301,none
polizei.nrw,200,none
polizei.nrw.de,ConnectException,none
polizei.rlp.de,301,10 mailmx0004.rlp.de.; 10 mailmx0003.rlp.de.; 10 mailmx0002.rlp.de.; 10 mailmx0001.rlp.de.
polizei.sachsen-anhalt.de,400,none
polizei.sachsen.de,302,none
polizei.schleswig-holstein.de,302,none
polizei.thueringen.de,200,none
polnischekultur.de,HttpConnectTimeoutException: HTTP connect timed out,none
pommersches-landesmuseum.de,301,10 pommerscheslandesmuseum-de02i.mail.protection.outlook.com.
porta-polonica.de,301,none
potsdam-mittelmark.de,301,10 gate.potsdam-mittelmark.de.
pressath.de,HttpConnectTimeoutException: HTTP connect timed out,10 mail2.asplogin.de.
preussischer-kulturbesitz.de,301,none
prif.org,301,none
profamilia.de,301,none
ptb.de,302,10 mx1.bs.ptb.de.; 20 mx1.berlin.ptb.de.
ptj.de,301,10 mailgw-k01.its.kfa-juelich.de.; 10 mailgw-e01.its.kfa-juelich.de.
purk.de,HttpConnectTimeoutException: HTTP connect timed out,none
radebeul.de,HttpConnectTimeoutException: HTTP connect timed out,10 s2vg300mr01.pzd-svn.de.; 20 s2vg300mr02.pzd-svn.de.
ramsthal.de,HttpConnectTimeoutException: HTTP connect timed out,none
rathaus.bremen.de,HttpConnectTimeoutException: HTTP connect timed out,none
rbk-direkt.de,301,none
rechnungshof-hessen.de,HttpConnectTimeoutException: HTTP connect timed out,none
rechnungshof.baden-wuerttemberg.de,200,none
rechnungshof.bremen.de,HttpConnectTimeoutException: HTTP connect timed out,none
rechnungshof.rlp.de,HttpConnectTimeoutException: HTTP connect timed out,none
rechnungshof.saarland.de,301,none
rechnungshof.sachsen.de,301,none
reckenberg-gruppe.de,301,none
redwitz.de,301,none
regierung-mv.de,SSLHandshakeException: (certificate_unknown) PKIX path building failed: sun.security.provider.certpath.SunCertPathBuilderException: unable to find valid certification path to requested target,none
regierung.oberbayern.bayern.de,302,none
regierung.oberpfalz.bayern.de,200,none
region.landshut.de,200,none
regional-stadtbahn.de,200,10 mail.regional-stadtbahn.de.
regionalbus.de,301,none
regionalverband-braunschweig.de,301,none
reischach.de,301,none
reise-freunde.de,302,10 reisefreunde-de01c.mail.protection.outlook.com.
rems-murr-kreis.de,301,none
remscheid.de,200,none
report-antisemitism.de,200,none
reutlingen.ihk.de,301,none
rg.mpg.de,301,none
rhanwalting.de,200,none
rhein-erft-kreis.de,301,20 mx02.kdvz-frechen.de.; 20 mx01.kdvz-frechen.de.
rhein-kreis-neuss.de,301,none
rhein-lahn-kreis.de,301,none
rhein-neckar-kreis.de,ConnectException,none
rhein-pfalz-kreis.de,301,none
rhein-sieg-kreis.de,301,none
rheingau-taunus.de,301,10 mx3sgie.ekom21.de.; 10 mx3skas.kgrz-ks.de.; 10 mx4skas.kgrz-ks.de.; 10 mx5skas.kgrz-ks.de.
rhoen-grabfeld.de,301,none
rki.de,303,20 mx2.bund.de.; 10 mx1.bund.de.
rlp.de,SSLHandshakeException: (certificate_unknown) PKIX path building failed: sun.security.provider.certpath.SunCertPathBuilderException: unable to find valid certification path to requested target,none
rmv.de,HttpConnectTimeoutException: HTTP connect timed out,none
rnn.info,301,none
roc-taiwan.org,302,none
roeckenricht.de,SSLException: (internal_error) Received fatal alert: internal_error,10 mx01.kundenserver.de.; 10 mx00.kundenserver.de.
roettingen.de,301,none
rosa-hildesheim.de,301,none
rosalux.de,301,none
rosshaupten.de,301,none
rostock.ihk24.de,SSLHandshakeException: (certificate_unknown) No subject alternative DNS name matching rostock.ihk24.de found.,none
rottal-inn.de,HttpTimeoutException: request timed out,10 mail.bayern.de.
rottenbuch-boebing.de,SSLHandshakeException: (certificate_unknown) PKIX path building failed: sun.security.provider.certpath.SunCertPathBuilderException: unable to find valid certification path to requested target,none
rotthalmuenster.de,301,none
rottinn.de,301,none
rp.baden-wuerttemberg.de,308,none
rueblanden.net,301,none
ruhrverband.de,200,none
russische-botschaft.ru,HttpConnectTimeoutException: HTTP connect timed out,10 mx.yandex.net.
rv.de,HttpConnectTimeoutException: HTTP connect timed out,none
rvf.de,HttpConnectTimeoutException: HTTP connect timed out,none
rvl-online.de,HttpConnectTimeoutException: HTTP connect timed out,none
rvv.de,HttpConnectTimeoutException: HTTP connect timed out,none
rwanda-botschaft.de,HttpConnectTimeoutException: HTTP connect timed out,5 mx1.rwanda-botschaft.de.; 10 mxlb.ispgateway.de.
rwi-essen.de,301,none
saal-donau.de,HttpConnectTimeoutException: HTTP connect timed out,none
saale-orla-kreis.de,HttpConnectTimeoutException: HTTP connect timed out,none
saaleholzlandkreis.de,HttpConnectTimeoutException: HTTP connect timed out,none
saalekreis.de,HttpConnectTimeoutException: HTTP connect timed out,3 mx1.saalekreis.de.; 4 mx2.saalekreis.de.
saalkreis-nord.de,HttpConnectTimeoutException: HTTP connect timed out,none
saarland.de,HttpConnectTimeoutException: HTTP connect timed out,20 lmtad11.saarland.de.; 10 lmtad12.saarland.de.
saarpfalz-kreis.de,HttpConnectTimeoutException: HTTP connect timed out,none
sachsen-anhalt.de,200,none
sachsen.de,301,none
sachverstaendigenrat-wirtschaft.de,301,none
salgen.de,HttpConnectTimeoutException: HTTP connect timed out,none
salzlandkreis.de,HttpConnectTimeoutException: HTTP connect timed out,none
scai.fraunhofer.de,308,none
schauenstein.de,HttpConnectTimeoutException: HTTP connect timed out,20 mx3.agenturserver.de.; 50 mx4.agenturserver.de.; 10 mx2.agenturserver.de.; 10 mx1.agenturserver.de.
schaumburg.de,HttpConnectTimeoutException: HTTP connect timed out,20 mx2.itebo.de.; 10 mx1.itebo.de.
schaumburgerlandschaft.de,HttpConnectTimeoutException: HTTP connect timed out,none
schiedsgerichtsbarkeit-ns-raubgut.de,302,0 schiedsgerichtsbarkeitnsraubgut-de05ec.mail.protection.outlook.com.
schlesisches-museum.de,200,none
schleswig-flensburg.de,301,none
schleswig-holstein.de,302,10 mx2.landsh.de.; 10 mx1.landsh.de.
schloesser-und-gaerten.de,HttpConnectTimeoutException: HTTP connect timed out,none
schoellnach.de,HttpConnectTimeoutException: HTTP connect timed out,10 mail.rechennetz.de.
schoenderling.de,HttpConnectTimeoutException: HTTP connect timed out,none
schondorf.de,HttpConnectTimeoutException: HTTP connect timed out,5 mail.schondorf.de.
schossaritz.de,HttpConnectTimeoutException: HTTP connect timed out,none
schulministerium.nrw.de,301,none
schwaben.ihk.de,301,none
schwalm-eder-kreis.de,301,none
schwalmverband.de,HttpConnectTimeoutException: HTTP connect timed out,none
schwarzach-vgem.de,ConnectException: Host is unreachable,none
schwarzwald-baar-heuberg.ihk.de,SSLHandshakeException: (certificate_unknown) PKIX path building failed: sun.security.provider.certpath.SunCertPathBuilderException: unable to find valid certification path to requested target,none
schweinfurt.de,302,none
schwerin.de,301,none
sdw.de,301,0 sdw-de.mail.protection.outlook.com.
seckach-kirnau.de,307,none
seeg.de,301,none
segeberg.de,301,none
senckenberg.de,SSLHandshakeException: (certificate_unknown) PKIX path building failed: sun.security.provider.certpath.SunCertPathBuilderException: unable to find valid certification path to requested target,10 mxext4.mailbox.org.; 10 mxext3.mailbox.org.; 10 mxext1.mailbox.org.; 10 mxext2.mailbox.org.
sf.mpg.de,ConnectException,none
sfbw.info,200,none
sfs-r.bayern.de,ConnectException,none
sfs-w.de,301,10 mx1.agenturserver.de.; 10 mx2.agenturserver.de.; 20 mx3.agenturserver.de.; 50 mx4.agenturserver.de.
sfsg.de,301,20 mforward.dtag.de.; 10 mail.sfsg.de.
sg-aachen.nrw.de,SSLHandshakeException: (certificate_unknown) No subject alternative DNS name matching sg-aachen.nrw.de found.,60 relay7v.it.nrw.de.; 40 relay7m.it.nrw.de.
sg-darmstadt.justiz.hessen.de,ConnectException,none
sg-de.sachsen-anhalt.de,400,none
sg-detmold.nrw.de,SSLHandshakeException: (certificate_unknown) No subject alternative DNS name matching sg-detmold.nrw.de found.,40 relay7m.it.nrw.de.; 60 relay7v.it.nrw.de.
sg-dortmund.nrw.de,SSLHandshakeException: (certificate_unknown) No subject alternative DNS name matching sg-dortmund.nrw.de found.,none
sg-duesseldorf.nrw.de,SSLHandshakeException: (certificate_unknown) No subject alternative DNS name matching sg-duesseldorf.nrw.de found.,none
sg-duisburg.nrw.de,SSLHandshakeException: (certificate_unknown) No subject alternative DNS name matching sg-duisburg.nrw.de found.,60 relay7v.it.nrw.de.; 40 relay7m.it.nrw.de.
sg-gelsenkirchen.nrw.de,SSLHandshakeException: (certificate_unknown) No subject alternative DNS name matching sg-gelsenkirchen.nrw.de found.,none
sg-hal.sachsen-anhalt.de,400,none
sg-koeln.nrw.de,SSLHandshakeException: (certificate_unknown) No subject alternative DNS name matching sg-koeln.nrw.de found.,none
sg-md.sachsen-anhalt.de,400,none
sg-muenster.nrw.de,SSLHandshakeException: (certificate_unknown) No subject alternative DNS name matching sg-muenster.nrw.de found.,40 relay7m.it.nrw.de.; 60 relay7v.it.nrw.de.
sgko.justiz.rlp.de,200,none
sgmz.justiz.rlp.de,200,none
sgsp.justiz.rlp.de,200,none
sgtr.justiz.rlp.de,200,none
shh.mpg.de,301,none
siegen-wittgenstein.de,301,none
siegertshofen.de,200,10 mx00.ionos.de.; 10 mx01.ionos.de.
sihk.de,301,none
sinngrundallianz.de,403,none
sinzenberg.de,SSLHandshakeException: (handshake_failure) Received fatal alert: handshake_failure,5 smtpin.rzone.de.
sit.fraunhofer.de,SSLHandshakeException: (certificate_unknown) PKIX path building failed: sun.security.provider.certpath.SunCertPathBuilderException: unable to find valid certification path to requested target,none
sjr-hof.de,HttpTimeoutException: request timed out,none
sk.sachsen.de,301,none
skatgericht.dskv.de,200,none
slembassy-germany.org,404,none
slm-online.de,200,none
smf.sachsen.de,301,20 s2vg300mr01.pzd-svn.de.; 20 s2vg300mr02.pzd-svn.de.
smi.sachsen.de,301,none
smil.sachsen.de,301,none
smk.sachsen.de,200,none
sms.sachsen.de,301,none
smul.sachsen.de,200,none
smwa.sachsen.de,302,none
smwk.sachsen.de,ConnectException,none
soffin.de,HttpConnectTimeoutException: HTTP connect timed out,none
solingen.de,HttpConnectTimeoutException: HTTP connect timed out,10 gw12.civitec.de.; 10 gw11.civitec.de.
sorghof.de,HttpConnectTimeoutException: HTTP connect timed out,none
soziales.bremen.de,301,none
soziales.hessen.de,200,none
soziales.niedersachsen.de,HttpConnectTimeoutException: HTTP connect timed out,none
sozialgericht-braunschweig.niedersachsen.de,HttpConnectTimeoutException: HTTP connect timed out,none
sozialgericht-bremen.de,HttpConnectTimeoutException: HTTP connect timed out,none
sozialgericht-freiburg.justiz-bw.de,HttpConnectTimeoutException: HTTP connect timed out,none
sozialgericht-hannover.niedersachsen.de,HttpConnectTimeoutException: HTTP connect timed out,none
sozialgericht-heilbronn.justiz-bw.de,301,none
sozialgericht-karlsruhe.justiz-bw.de,301,none
sozialgericht-konstanz.justiz-bw.de,301,none
sozialgericht-lueneburg.niedersachsen.de,HttpConnectTimeoutException: HTTP connect timed out,none
sozialgericht-mannheim.justiz-bw.de,301,none
sozialgericht-osnabrueck.niedersachsen.de,ConnectException,none
sozialgericht-reutlingen.justiz-bw.de,301,none
sozialgericht-stade.niedersachsen.de,ConnectException,none
sozialgericht-stuttgart.justiz-bw.de,301,none
sozialgericht-ulm.justiz-bw.de,301,none
sozialgerichtsbarkeit.brandenburg.de,302,none
sozialgerichtsbarkeit.hessen.de,200,none
sozialministerium.baden-wuerttemberg.de,HttpConnectTimeoutException: HTTP connect timed out,none
sparneck.de,301,none
spielmannszug-weihmichl.de,301,none
sprind.org,307,none
srilanka-botschaft.de,200,5 smtpin.rzone.de.
sta-bochum.nrw.de,SSLHandshakeException: (certificate_unknown) No subject alternative DNS name matching sta-bochum.nrw.de found.,none
sta-duisburg.nrw.de,SSLHandshakeException: (certificate_unknown) No subject alternative DNS name matching sta-duisburg.nrw.de found.,none
sta-koeln.nrw.de,SSLHandshakeException: (certificate_unknown) No subject alternative DNS name matching sta-koeln.nrw.de found.,none
staatsanwaltschaft-heidelberg.justiz-bw.de,301,none
staatsanwaltschaft-mosbach.justiz-bw.de,301,none
staatsanwaltschaft-waldshut-tiengen.justiz-bw.de,301,none
staatsanwaltschaften.thueringen.de,HttpConnectTimeoutException: HTTP connect timed out,none
staatsgerichtshof.bremen.de,301,none
staatsgerichtshof.hessen.de,200,none
staatsgerichtshof.niedersachsen.de,SSLHandshakeException: (certificate_unknown) PKIX path building failed: sun.security.provider.certpath.SunCertPathBuilderException: unable to find valid certification path to requested target,none
staatskanzlei-thueringen.de,308,none
staatskanzlei.hessen.de,HttpConnectTimeoutException: HTTP connect timed out,none
stade.ihk24.de,SSLHandshakeException: (certificate_expired) PKIX path validation failed: java.security.cert.CertPathValidatorException: validity check failed,none
stadt-aub.de,301,none
stadt-bad-lauchstaedt.de,ConnectException,none
stadt-koeln.de,HttpConnectTimeoutException: HTTP connect timed out,none
stadt-muenster.de,301,none
stadtentwicklung.berlin.de,301,none
stadtsteinach.de,301,none
stadtwerke-bad-urach.de,307,100 mxlb.ispgateway.de.
staedteregion-aachen.de,301,none
staedtetag.de,302,none
stalu-mv.de,SSLHandshakeException: (certificate_unknown) PKIX path building failed: sun.security.provider.certpath.SunCertPathBuilderException: unable to find valid certification path to requested target,none
stamsried.de,301,none
stapforzheim.justiz-bw.de,HttpConnectTimeoutException: HTTP connect timed out,none
statistik-berlin-brandenburg.de,HttpConnectTimeoutException: HTTP connect timed out,none
statistik-mv.de,HttpConnectTimeoutException: HTTP connect timed out,none
statistik-nord.de,HttpConnectTimeoutException: HTTP connect timed out,none
statistik.bremen.de,HttpConnectTimeoutException: HTTP connect timed out,none
statistik.niedersachsen.de,HttpConnectTimeoutException: HTTP connect timed out,none
statistik.rlp.de,HttpConnectTimeoutException: HTTP connect timed out,none
statistik.sachsen-anhalt.de,HttpConnectTimeoutException: HTTP connect timed out,none
stbafs.bayern.de,HttpConnectTimeoutException: HTTP connect timed out,none
stchristoph.net,302,10 mx00.ionos.de.; 10 mx01.ionos.de.
steigerwaldedv.de,HttpConnectTimeoutException: HTTP connect timed out,none
steinburg.de,HttpConnectTimeoutException: HTTP connect timed out,10 mx1.landsh.de.; 10 mx2.landsh.de.
steinfeld-oberfranken.de,301,none
steinrod.feuerwehren.bayern,404,none
stepv.de,301,none
stetten-schwaben.de,HttpConnectTimeoutException: HTTP connect timed out,none
stifterverein.de,200,none
stiftung-bayerische-gedenkstaetten.de,307,none
stiftung-denkmal.de,HttpConnectTimeoutException: HTTP connect timed out,none
stiftung-evz.de,HttpConnectTimeoutException: HTTP connect timed out,none
stiftung-geld-und-waehrung.de,HttpConnectTimeoutException: HTTP connect timed out,none
stiftung-genshagen.de,HttpConnectTimeoutException: HTTP connect timed out,none
stk.niedersachsen.de,HttpConnectTimeoutException: HTTP connect timed out,none
stk.sachsen-anhalt.de,HttpConnectTimeoutException: HTTP connect timed out,none
stla.sachsen.de,HttpConnectTimeoutException: HTTP connect timed out,none
stm.baden-wuerttemberg.de,307,none
stmas.bayern.de,302,none
stmb.bayern.de,HttpConnectTimeoutException: HTTP connect timed out,none
stmd.bayern.de,HttpConnectTimeoutException: HTTP connect timed out,10 mail.bayern.de.
stmelf.bayern.de,HttpConnectTimeoutException: HTTP connect timed out,none
stmfh.bayern.de,HttpConnectTimeoutException: HTTP connect timed out,none
stmgp.bayern.de,HttpConnectTimeoutException: HTTP connect timed out,none
stmi.bayern.de,HttpConnectTimeoutException: HTTP connect timed out,none
stmuv.bayern.de,HttpConnectTimeoutException: HTTP connect timed out,10 mail.bayern.de.
stmwi.bayern.de,HttpConnectTimeoutException: HTTP connect timed out,none
stmwk.bayern.de,HttpConnectTimeoutException: HTTP connect timed out,none
strassen.nrw.de,301,none
strassenbau.niedersachsen.de,HttpConnectTimeoutException: HTTP connect timed out,none
strassenverkehrsamt.frankfurt.de,HttpConnectTimeoutException: HTTP connect timed out,none
straubing-bogen.de,HttpConnectTimeoutException: HTTP connect timed out,none
studentenwerk-pb.de,HttpConnectTimeoutException: HTTP connect timed out,none
studierendenwerk-augsburg.de,HttpConnectTimeoutException: HTTP connect timed out,10 mail.stw-a.de.
stuttgart.ihk24.de,HttpConnectTimeoutException: HTTP connect timed out,none
stuttgart.mfa.gov.hu,HttpConnectTimeoutException: HTTP connect timed out,10 mailb.stuttgart.mfa.gov.hu.; 10 maila.stuttgart.mfa.gov.hu.
sudanembassy.de,HttpConnectTimeoutException: HTTP connect timed out,none
suedafrika.org,301,none
suedliche-weinstrasse.de,HttpConnectTimeoutException: HTTP connect timed out,none
suedlicher-oberrhein.ihk.de,SSLHandshakeException: (certificate_unknown) PKIX path building failed: sun.security.provider.certpath.SunCertPathBuilderException: unable to find valid certification path to requested target,none
suhl.ihk.de,HttpConnectTimeoutException: HTTP connect timed out,none
svlfg.de,HttpConnectTimeoutException: HTTP connect timed out,none
swedenabroad.se,301,none
swp-berlin.org,HttpConnectTimeoutException: HTTP connect timed out,none
tab-beim-bundestag.de,HttpConnectTimeoutException: HTTP connect timed out,none
taennesberg.de,HttpConnectTimeoutException: HTTP connect timed out,none
talsperrenbetrieb-lsa.de,301,none
tann.de,HttpConnectTimeoutException: HTTP connect timed out,none
tax.mpg.de,HttpConnectTimeoutException: HTTP connect timed out,10 mail2.ip.mpg.de.
td-ihk.de,HttpConnectTimeoutException: HTTP connect timed out,10 tdihk-de0e.mail.protection.outlook.com.
teltow-flaeming.de,HttpConnectTimeoutException: HTTP connect timed out,none
testamentsregister.de,HttpConnectTimeoutException: HTTP connect timed out,20 mail2.rox.net.; 10 mail1.rox.net.
teucherner-land.de,200,none
teuschnitz.de,301,100 sslmail.verwaltungsportal.de.
thaiembassy.de,"SSLException: Unrecognized SSL message, plaintext connection?",none
thaikonsulathamburg.de,301,30 mx03.hornetsecurity.com.; 10 mx01.hornetsecurity.com.; 40 mx04.hornetsecurity.com.; 20 mx02.hornetsecurity.com.
theodor-heuss-haus.de,HttpConnectTimeoutException: HTTP connect timed out,none
thlsg.thueringen.de,HttpConnectTimeoutException: HTTP connect timed out,10 hermes31.toringi.net.; 10 hermes32.toringi.net.
thuenen.de,SSLHandshakeException: (certificate_unknown) PKIX path building failed: sun.security.provider.certpath.SunCertPathBuilderException: unable to find valid certification path to requested target,10 c1481.mx.srv.dfn.de.; 10 b1481.mx.srv.dfn.de.; 10 a1481.mx.srv.dfn.de.
thueringen-entdecken.de,308,none
thueringen.de,200,10 thmail01.thueringen.de.
thueringer-landtag.de,301,none
thueringer-rechnungshof.de,301,none
thw-bv.de,HttpConnectTimeoutException: HTTP connect timed out,none
thw-jugend.de,HttpConnectTimeoutException: HTTP connect timed out,none
thw.de,303,none
tib.eu,302,none
tiefenbach-opf.de,200,none
tittling.de,301,none
tk.de,HttpConnectTimeoutException: HTTP connect timed out,10 mail1.tk.de.; 10 mail2.tk.de.
tlbg.thueringen.de,200,10 hermes31.toringi.net.; 10 hermes32.toringi.net.thueringen.de.
tlfdi.de,200,10 thmail01.thueringen.de.
tlm.de,301,none
tmasgff.de,HttpConnectTimeoutException: HTTP connect timed out,none
tolstoi.de,HttpConnectTimeoutException: HTTP connect timed out,none
ton-tarif.de,301,10 mx07.conceptnet.de.
topographie.de,HttpConnectTimeoutException: HTTP connect timed out,none
traunstein.com,200,none
trier-saarburg.de,200,none
trier.ilw.de,HttpConnectTimeoutException: HTTP connect timed out,none
triftlfing.feuerwehren.bayern,200,none
triptis.de,301,none
tropos.de,301,none
tuerkheim.de,301,none
tunesien.tn,500,none
tuv.com,302,none
tyskland.um.dk,301,none
uckermark.de,301,none
uestra.de,301,none
uffenheim.de,301,10 uffenheim-de.mail.protection.outlook.com.
ufz.de,HttpConnectTimeoutException: HTTP connect timed out,10 c1881.mx.srv.dfn.de.; 10 a1881.mx.srv.dfn.de.; 10 b1881.mx.srv.dfn.de.
ukrat.de,303,none
ulm.bwkrankenhaus.de,HttpConnectTimeoutException: HTTP connect timed out,none
ulm.ihk24.de,SSLHandshakeException: (certificate_unknown) PKIX path building failed: sun.security.provider.certpath.SunCertPathBuilderException: unable to find valid certification path to requested target,none
um.baden-wuerttemberg.de,HttpConnectTimeoutException: HTTP connect timed out,none
umrathshausen.de,SSLException: (internal_error) Received fatal alert: internal_error,10 mx01.ionos.de.; 10 mx00.ionos.de.
umsicht.fraunhofer.de,HttpConnectTimeoutException: HTTP connect timed out,none
umwelt.niedersachsen.de,HttpConnectTimeoutException: HTTP connect timed out,none
umwelt.nrw.de,200,none
umwelt.thueringen.de,200,none
umweltberatung-info.de,301,none
umweltbundesamt.de,301,none
umweltrat.de,303,none
unesco.de,301,10 d313397.a.ess.de.barracudanetworks.com.; 20 d313397.b.ess.de.barracudanetworks.com.
unfccc.int,HttpTimeoutException: request timed out,none
unibw.de,301,10 mx1.mail.rz.unibw-muenchen.de.; 10 mx2.mail.rz.unibw-muenchen.de.; 10 mx3.mail.rz.unibw-muenchen.de.
unstrut-hainich-kreis.de,301,none
unterallgaeu.de,301,10 mail.lra.unterallgaeu.de.
unterneukirchen.de,HttpConnectTimeoutException: HTTP connect timed out,10 mx-b.secumail.de.; 10 mx-a.secumail.de.
unterspiesheim.feuerwehren.bayern,404,none
unterthingau.de,HttpConnectTimeoutException: HTTP connect timed out,none
untertraubenbach.com,301,none
uv-bund-bahn.de,301,none
uzbekistan.de,HttpConnectTimeoutException: HTTP connect timed out,none
v-s-b.de,HttpConnectTimeoutException: HTTP connect timed out,none
vab-info.de,HttpConnectTimeoutException: HTTP connect timed out,none
vbb.de,301,100 mail.vbbonline.de.; 180 mail.vbb.de.
vbg.de,301,10 mail108a.cnuv.de.; 10 mail108b.cnuv.de.
vbn.de,301,none
vdl-mobil.de,HttpConnectTimeoutException: HTTP connect timed out,none
vdr-bus.de,HttpConnectTimeoutException: HTTP connect timed out,10 mx00.ionos.de.; 10 mx01.ionos.de.
vdw-mobil.de,HttpConnectTimeoutException: HTTP connect timed out,none
vebeg.de,302,none
veitsbronn.de,HttpConnectTimeoutException: HTTP connect timed out,none
vej-info.de,HttpConnectTimeoutException: HTTP connect timed out,10 mail.brawur.com.
verbraucherschutz.sachsen-anhalt.de,HttpConnectTimeoutException: HTTP connect timed out,none
verbraucherschutz.thueringen.de,200,none
verfassungsgericht.brandenburg.de,HttpConnectTimeoutException: HTTP connect timed out,none
verfassungsgerichtshof-saarland.de,HttpConnectTimeoutException: HTTP connect timed out,none
verfassungsgerichtshof.sachsen.de,HttpConnectTimeoutException: HTTP connect timed out,none
verfassungsgerichtshof.thueringen.de,200,none
verfassungsschutz-bw.de,301,10 mail1.bwl.de.
verfassungsschutz-mv.de,301,none
verfassungsschutz.bayern.de,ConnectException,none
verfassungsschutz.bremen.de,HttpConnectTimeoutException: HTTP connect timed out,none
verfassungsschutz.de,303,none
verfassungsschutz.niedersachsen.de,ConnectException,none
verfassungsschutz.sachsen.de,301,none
verfgh.baden-wuerttemberg.de,200,none
verfgh.justiz.rlp.de,200,none
verkehrsverbund-warnow.de,301,none
vermoegenundbau-bw.de,301,none
verpackungsregister.org,301,none
vertreter-des-bundesinteresses.de,HttpConnectTimeoutException: HTTP connect timed out,none
verwaltung.dessau-rosslau.de,307,none
verwaltungsgemeinschaft-feldstein.de,301,100 sslmail.verwaltungsportal.de.
verwaltungsgemeinschaft-graefenberg.de,301,none
verwaltungsgericht-braunschweig.niedersachsen.de,SSLHandshakeException: (certificate_unknown) PKIX path building failed: sun.security.provider.certpath.SunCertPathBuilderException: unable to find valid certification path to requested target,none
verwaltungsgericht-freiburg.justiz-bw.de,301,none
verwaltungsgericht-goettingen.niedersachsen.de,ConnectException,none
verwaltungsgericht-hannover.niedersachsen.de,ConnectException,none
verwaltungsgericht-karlsruhe.justiz-bw.de,301,none
verwaltungsgericht-lueneburg.niedersachsen.de,SSLHandshakeException: (certificate_unknown) PKIX path building failed: sun.security.provider.certpath.SunCertPathBuilderException: unable to find valid certification path to requested target,none
verwaltungsgericht-oldenburg.niedersachsen.de,SSLHandshakeException: (certificate_unknown) PKIX path building failed: sun.security.provider.certpath.SunCertPathBuilderException: unable to find valid certification path to requested target,none
verwaltungsgericht-osnabrueck.niedersachsen.de,ConnectException,none
verwaltungsgericht-sigmaringen.justiz-bw.de,301,none
verwaltungsgericht-stade.niedersachsen.de,ConnectException,none
verwaltungsgericht-stuttgart.justiz-bw.de,301,none
verwaltungsgericht.bremen.de,301,none
verwaltungsgerichte.thueringen.de,200,none
verwaltungsgerichtsbarkeit.brandenburg.de,302,none
verwaltungsgerichtsbarkeit.hessen.de,200,none
verwaltungsgerichtshof-baden-wuerttemberg.justiz-bw.de,301,none
verwaltungsverband-diehsa.de,200,none
vg-aachen.nrw.de,SSLHandshakeException: (certificate_unknown) No subject alternative DNS name matching vg-aachen.nrw.de found.,none
vg-abg-land.de,301,none
vg-aindling.de,SSLHandshakeException: (certificate_unknown) No subject alternative DNS name matching vg-aindling.de found.,none
vg-alteglofsheim.de,301,0 mail.landratsamt-regensburg.de.
vg-altenstadt.de,301,none
vg-arendsee-kalbe.de,ConnectException,none
vg-argental.de,301,none
vg-arnsberg.nrw.de,SSLHandshakeException: (certificate_unknown) No subject alternative DNS name matching vg-arnsberg.nrw.de found.,none
vg-assling.de,301,none
vg-babenhausen.de,301,none
vg-baunach.de,301,none
vg-bergbahnregion-schwarzatal.de,SSLHandshakeException: (handshake_failure) Received fatal alert: handshake_failure,none
vg-bergtheim.de,302,none
vg-berlstedt.de,302,none
vg-boos.de,200,none
vg-brahmetal.de,301,none
vg-breitbrunn.de,301,1 vgbreitbrunn-de0e.mail.protection.outlook.com.
vg-buch.de,SSLHandshakeException: (certificate_unknown) No subject alternative DNS name matching vg-buch.de found.,none
vg-creuzburg.de,ConnectException,none
vg-dasing.de,301,0 vgdasing-de0e.mail.protection.outlook.com.
vg-dirlewang.de,301,none
vg-dolmar-salzbruecke.de,301,none
vg-dolmar.de,HttpConnectTimeoutException: HTTP connect timed out,none
vg-donaustauf.de,HttpConnectTimeoutException: HTTP connect timed out,none
vg-dornburg-camburg.eu,301,none
vg-duesseldorf.nrw.de,HttpConnectTimeoutException: HTTP connect timed out,none
vg-ebelsbach.de,HttpConnectTimeoutException: HTTP connect timed out,none
vg-ebrach.de,HttpConnectTimeoutException: HTTP connect timed out,none
vg-eichstaett.de,HttpConnectTimeoutException: HTTP connect timed out,10 vgeichstaett-de0e.mail.protection.outlook.com.
vg-ering.de,ConnectException,none
vg-erkheim.de,HttpConnectTimeoutException: HTTP connect timed out,none
vg-eschenbach.de,HttpConnectTimeoutException: HTTP connect timed out,none
vg-euerdorf.de,HttpConnectTimeoutException: HTTP connect timed out,none
vg-fahner-hoehe.de,HttpConnectTimeoutException: HTTP connect timed out,none
vg-furth.de,HttpConnectTimeoutException: HTTP connect timed out,none
vg-gap.de,HttpConnectTimeoutException: HTTP connect timed out,10 parkingmaster1.kv.de.
vg-gelsenkirchen.nrw.de,HttpConnectTimeoutException: HTTP connect timed out,none
vg-gera-aue.de,HttpConnectTimeoutException: HTTP connect timed out,100 gulvmoppe.alphacron.de.
vg-gerolzhofen.de,HttpConnectTimeoutException: HTTP connect timed out,none
vg-glonn.de,200,none
vg-gosberg.de,301,none
vg-grammetal.de,301,none
vg-habach.de,HttpConnectTimeoutException: HTTP connect timed out,100 sslmail.verwaltungsportal.de.
vg-hainich-werratal.de,HttpConnectTimeoutException: HTTP connect timed out,10 mailrelay1.cm-system.de.; 100 mail5.cm-system.de.; 50 mail4.cm-system.de.; 100 mailex.cm-system.de.
vg-hal.sachsen-anhalt.de,400,none
vg-hanstein-rusteberg.de,301,none
vg-heigenbruecken.de,200,none
vg-heldburgerunterland.de,301,none
vg-hermsdorf.de,200,none
vg-hinterschmiding.de,301,none
vg-hochstadt-marktzeuln.de,301,none
vg-hoechstadt.de,301,none
vg-hoechstaedt.de,200,10 mailgate.bndlg.de.
vg-hoerlkofen.de,301,none
vg-igling.de,301,none
vg-illerwinkel.de,301,none
vg-ilmtal-weinstrasse.de,301,none
vg-kallmuenz.de,ConnectException,0 mail.vg-kallmuenz.de.
vg-kindelbrueck.de,301,none
vg-kirchenthumbach.de,SSLHandshakeException: (handshake_failure) Received fatal alert: handshake_failure,none
vg-kirchweidach.de,200,none
vg-koeln.nrw.de,SSLHandshakeException: (certificate_unknown) No subject alternative DNS name matching vg-koeln.nrw.de found.,none
vg-koetz.de,SSLException: (internal_error) Received fatal alert: internal_error,none
vg-kranichfeld.de,200,none
vg-krumbach.de,301,none
vg-kuehbach.de,301,none
vg-laaber.de,301,none
vg-leinetal.de,HttpTimeoutException: request timed out,none
vg-lichtenberg.de,HttpConnectTimeoutException: HTTP connect timed out,10 mail.bayern.de.
vg-lisberg.de,HttpConnectTimeoutException: HTTP connect timed out,none
vg-mauern.de,HttpConnectTimeoutException: HTTP connect timed out,none
vg-md.sachsen-anhalt.de,HttpConnectTimeoutException: HTTP connect timed out,none
vg-mellrichstadt.de,HttpConnectTimeoutException: HTTP connect timed out,10 smtp.rhoen-grabfeld.de.
vg-memmingerberg.de,HttpConnectTimeoutException: HTTP connect timed out,none
vg-mering.de,HttpConnectTimeoutException: HTTP connect timed out,none
vg-minden.nrw.de,HttpConnectTimeoutException: HTTP connect timed out,none
vg-mistelbach.de,HttpConnectTimeoutException: HTTP connect timed out,none
vg-mitterfels.de,HttpConnectTimeoutException: HTTP connect timed out,none
vg-monheim.de,HttpConnectTimeoutException: HTTP connect timed out,none
vg-moos.de,HttpConnectTimeoutException: HTTP connect timed out,none
vg-muenster.nrw.de,HttpConnectTimeoutException: HTTP connect timed out,none
vg-nassenfels.de,HttpConnectTimeoutException: HTTP connect timed out,none
vg-nennslingen.de,HttpConnectTimeoutException: HTTP connect timed out,none
vg-nesseaue.de,HttpConnectTimeoutException: HTTP connect timed out,none
vg-neuburg.de,HttpConnectTimeoutException: HTTP connect timed out,10 vgneuburg-de0e.mail.protection.outlook.com.
vg-neuhof.de,HttpConnectTimeoutException: HTTP connect timed out,none
vg-neukirchen.de,HttpConnectTimeoutException: HTTP connect timed out,none
vg-neumarkt.de,200,none
vg-neunburg.de,HttpConnectTimeoutException: HTTP connect timed out,none
vg-nordendorf.de,301,10 mail.next-go.net.
vg-oberding.de,301,none
vg-oberes-feldatal.de,ConnectException,none
vg-oberneuching.de,200,none
vg-oberviechtach.de,301,none
vg-obing.de,301,none
vg-oebisfelde.de,SSLHandshakeException: (certificate_unknown) PKIX path building failed: sun.security.provider.certpath.SunCertPathBuilderException: unable to find valid certification path to requested target,none
vg-offingen.de,SSLHandshakeException: (handshake_failure) Received fatal alert: handshake_failure,none
vg-oppurg.de,301,100 sslmail.verwaltungsportal.de.
vg-pastetten.de,301,none
vg-pforzen.de,301,none
vg-pielenhofen-wolfsegg.de,301,none
vg-pleissenaue.de,200,none
vg-poettmes.de,301,none
vg-puergen.de,301,none
vg-rain.de,200,none
vg-ranis-ziegenrueck.de,301,none
vg-reichling.de,301,0 vgreichling-de0e.mail.protection.outlook.com.
vg-riechheimer-berg.de,200,10 vg-riechheimer-berg.de.
vg-rohrbach.de,301,none
vg-rositz.de,301,none
vg-rothenburg.de,301,none
vg-ruhmannsfelden.com,301,none
vg-salzwedel-land.de,301,none
vg-schiefergebirge.de,301,none
vg-schillingsfuerst.de,307,none
vg-schoellkrippen.de,301,none
vg-schoenberg.de,301,none
vg-schwarzatal.de,200,10 vgschwarzatal-de0e.mail.protection.outlook.com.
vg-seehausen.de,301,none
vg-seenplatte.de,301,none
vg-seeshaupt.de,HttpConnectTimeoutException: HTTP connect timed out,none
vg-sprottental.de,301,none
vg-stallwang.de,200,none
vg-steinkirchen.de,301,none
vg-stiefenhofen.de,301,none
vg-strasskirchen.de,301,none
vg-suedliches-saaletal.de,301,none
vg-syrgenstein.de,301,100 mxlb.ispgateway.de.
vg-thannhausen.de,SSLHandshakeException: (certificate_unknown) No subject alternative DNS name matching vg-thannhausen.de found.,30 mx03.hornetsecurity.com.; 10 mx01.hornetsecurity.com.; 40 mx04.hornetsecurity.com.; 20 mx02.hornetsecurity.com.
vg-thiersheim.de,301,none
vg-trebgast.de,HttpConnectTimeoutException: HTTP connect timed out,20 mx-02-eu-central-1.prod.hydra.sophos.com.; 10 mx-01-eu-central-1.prod.hydra.sophos.com.
vg-troestau.de,HttpConnectTimeoutException: HTTP connect timed out,none
vg-uder.de,HttpConnectTimeoutException: HTTP connect timed out,none
vg-uehlfeld.de,HttpConnectTimeoutException: HTTP connect timed out,none
vg-untersteinach.de,HttpConnectTimeoutException: HTTP connect timed out,none
vg-uttenreuth.de,HttpConnectTimeoutException: HTTP connect timed out,none
vg-velden.info,SSLHandshakeException: (certificate_unknown) No subject alternative DNS name matching vg-velden.info found.,10 mx03.secure-mailgate.com.; 10 mx04.secure-mailgate.com.
vg-vogtei.de,SSLException: (internal_error) Received fatal alert: internal_error,none
vg-wackersdorf.de,HttpConnectTimeoutException: HTTP connect timed out,none
vg-wallerstein.de,HttpConnectTimeoutException: HTTP connect timed out,none
vg-wartenberg.de,HttpConnectTimeoutException: HTTP connect timed out,30 mail.bayern.de.
vg-wasungen.de,HttpConnectTimeoutException: HTTP connect timed out,none
vg-weihenzell.de,HttpConnectTimeoutException: HTTP connect timed out,none
vg-welden.de,HttpConnectTimeoutException: HTTP connect timed out,none
vg-wemding.de,HttpConnectTimeoutException: HTTP connect timed out,none
vg-wertingen.de,404,none
vg-westendorf.de,302,none
vg-wilburgstetten.de,301,none
vg-windach.de,HttpConnectTimeoutException: HTTP connect timed out,none
vg-wittislingen.de,HttpConnectTimeoutException: HTTP connect timed out,none
vg-zolling.de,HttpConnectTimeoutException: HTTP connect timed out,none
vg.perlesreut.de,HttpConnectTimeoutException: HTTP connect timed out,none
vgb-mob.de,200,none
vgbuttelstedt.de,ConnectException,none
vgc-online.de,301,none
vgdormitz.de,301,none
vge-emsland-sued.de,200,none
vgelfershausen.rhoen-saale.net,ConnectException,none
vgem-bad-brueckenau.de,SSLHandshakeException: (certificate_unknown) No subject alternative DNS name matching vgem-bad-brueckenau.de found.,100 mail.landkreis-badkissingen.de.
vgem-boos.de,200,none
vgem-eggenthal.de,301,50 mx4.agenturserver.de.; 20 mx3.agenturserver.de.; 10 mx2.agenturserver.de.; 10 mx1.agenturserver.de.
vgem-eibelstadt.de,200,none
vgem-elbaue-flaeming.de,302,none
vgem-ellingen.de,SSLHandshakeException: (certificate_expired) PKIX path validation failed: java.security.cert.CertPathValidatorException: validity check failed,none
vgem-ergoldsbach.de,301,none
vgem-fuchstal.de,200,5 mail.vgem-fuchstal.de.
vgem-gemuenden.de,403,none
vgem-greussen.de,301,100 sslmail.verwaltungsportal.de.
vgem-helmstadt.de,301,none
vgem-hoherhoen.de,301,none
vgem-holzheim.de,SSLHandshakeException: (certificate_unknown) PKIX path building failed: sun.security.provider.certpath.SunCertPathBuilderException: unable to find valid certification path to requested target,none
vgem-hw.de,301,none
vgem-kitzingen.de,SSLHandshakeException: (certificate_unknown) PKIX path building failed: sun.security.provider.certpath.SunCertPathBuilderException: unable to find valid certification path to requested target,none
vgem-koelleda.de,200,none
vgem-kreuzwertheim.de,301,none
vgem-lohr.de,301,none
vgem-marktheidenfeld.de,301,none
vgem-mellingen.de,301,10 mailrelay1.cm-system.de.
vgem-neusorg.de,HttpTimeoutException: request timed out,none
vgem-neustadt.de,301,none
vgem-pfaffenhausen.de,200,10 vgempfaffenhausen-de01b.mail.protection.outlook.com.
vgem-pfaffing.de,301,10 gateway.vgem-pfaffing.de.
vgem-rain.de,301,0 vgemrain-de01b.mail.protection.outlook.com.
vgem-scheinfeld.de,200,none
vgem-schirmitz.de,301,none
vgem-sigmarszell.de,HttpConnectTimeoutException: HTTP connect timed out,none
vgem-sob.de,HttpConnectTimeoutException: HTTP connect timed out,none
vgem-westlicheboerde.de,HttpConnectTimeoutException: HTTP connect timed out,none
vgem-wiesentheid.de,HttpConnectTimeoutException: HTTP connect timed out,none
vgem-zellingen.info,302,none
vgemboerde.de,HttpConnectTimeoutException: HTTP connect timed out,10 mx01.ionos.de.; 10 mx00.ionos.de.
vgf-info.de,HttpConnectTimeoutException: HTTP connect timed out,0 vgfinfo-de0i.mail.protection.outlook.com.
vgf-web.de,HttpConnectTimeoutException: HTTP connect timed out,10 mx00.ionos.de.; 10 mx01.ionos.de.
vgfladungen.rhoen-saale.net,HttpConnectTimeoutException: HTTP connect timed out,none
vggunzenhausen.de,HttpConnectTimeoutException: HTTP connect timed out,none
vgh.bayern.de,302,none
vgh.nrw.de,HttpConnectTimeoutException: HTTP connect timed out,none
vghofheim.de,HttpConnectTimeoutException: HTTP connect timed out,10 mail.hassberge.de.
vghuglfing.de,HttpConnectTimeoutException: HTTP connect timed out,none
vgi.de,HttpConnectTimeoutException: HTTP connect timed out,none
vgko.justiz.rlp.de,HttpConnectTimeoutException: HTTP connect timed out,none
vgleubatal.de,HttpConnectTimeoutException: HTTP connect timed out,none
vgm-vrl.de,HttpConnectTimeoutException: HTTP connect timed out,10 mx01.ionos.de.; 10 mx00.ionos.de.
vgmammendorf.de,HttpConnectTimeoutException: HTTP connect timed out,none
vgmassbach.rhoen-saale.net,HttpConnectTimeoutException: HTTP connect timed out,none
vgmt.de,HttpConnectTimeoutException: HTTP connect timed out,none
vgmz.justiz.rlp.de,HttpConnectTimeoutException: HTTP connect timed out,none
vgn.de,200,none
vgnw.justiz.rlp.de,HttpConnectTimeoutException: HTTP connect timed out,none
vgostheim.rhoen-saale.net,HttpConnectTimeoutException: HTTP connect timed out,none
vgprittriching.de,HttpConnectTimeoutException: HTTP connect timed out,none
vgreichersbeuern.de,307,none
vgries.de,HttpConnectTimeoutException: HTTP connect timed out,none
vgrottal-inn.de,HttpConnectTimeoutException: HTTP connect timed out,none
vgsaal.rhoen-saale.net,HttpConnectTimeoutException: HTTP connect timed out,none
vgstauden.de,301,0 vgstauden-de.mail.protection.outlook.com.
vgstraussfurt.de,301,none
vgtheres.de,301,none
vgtr.justiz.rlp.de,200,none
vgv-info.de,403,10 mail.vgv-info.de.
vgvelden.de,SSLHandshakeException: (certificate_unknown) No subject alternative DNS name matching vgvelden.de found.,10 mx01.hornetsecurity.com.; 30 mx03.hornetsecurity.com.; 20 mx02.hornetsecurity.com.; 40 mx04.hornetsecurity.com.
vgwak.de,200,none
vgweiherhammer.de,301,none
vgziemetshausen.de,301,none
vhb-info.de,301,none
viersen.polizei.nrw,HttpConnectTimeoutException: HTTP connect timed out,none
villamassimo.de,HttpConnectTimeoutException: HTTP connect timed out,none
vld-online.de,ConnectException,none
vlk-kelheim.de,SSLHandshakeException: (unrecognized_name) Received fatal alert: unrecognized_name,none
vlp-passau.de,ConnectException,none
vm.baden-wuerttemberg.de,307,none
vms.de,301,none
vnn.de,200,20 vnn-de.mail.protection.outlook.com.
voeb.de,301,none
vogelsbergkreis.de,SSLHandshakeException: (certificate_unknown) No subject alternative DNS name matching vogelsbergkreis.de found.,none
vogling.feuerwehren.bayern,200,none
vogtlandauskunft.de,200,none
vogtlandkreis.de,301,none
vorderhindelang.feuerwehren.bayern,HttpConnectTimeoutException: HTTP connect timed out,none
vorsorgeregister.de,301,50 mail10.sendnode.com.; 20 mail2.rox.net.; 10 mail1.rox.net.
vos.info,301,none
vpe.de,200,none
vrb-online.de,301,10 regionalverband.in.tmes.trendmicro.eu.
vrminfo.de,301,10 vrminfo-de.mail.protection.outlook.com.
vrn.de,302,30 mx03.hornetsecurity.com.; 40 mx04.hornetsecurity.com.; 20 mx02.hornetsecurity.com.; 10 mx01.hornetsecurity.com.
vrr.de,301,40 mx04.hornetsecurity.com.; 30 mx03.hornetsecurity.com.; 20 mx02.hornetsecurity.com.; 10 mx01.hornetsecurity.com.
vrs.de,302,none
vrt-info.de,301,none
vsninfo.de,200,none
vst-wallduern.de,301,20 de-smtp-inbound-2.mimecast.com.; 10 de-smtp-inbound-1.mimecast.com.
vulkaneifel.de,301,none
vv-eilenburg-west.de,ConnectException,none
vvm-online.de,301,none
vvo-online.de,301,none
vvr-info.de,ConnectException,none
vvs.de,301,none
vzbv.de,301,none
wachenroth.de,200,none
walderbach.de,200,10 mail.next-go.net.
waldwasser.eu,HttpConnectTimeoutException: HTTP connect timed out,none
wallduern.de,HttpConnectTimeoutException: HTTP connect timed out,none
wallenhausen.de,200,none
warburg.de,HttpConnectTimeoutException: HTTP connect timed out,none
wartburgkreis.de,HttpConnectTimeoutException: HTTP connect timed out,none
wasserschutzpolizei-schule.de,HttpConnectTimeoutException: HTTP connect timed out,none
wasserverband-diemel.de,HttpConnectTimeoutException: HTTP connect timed out,none
wasserverband-gifhorn.de,301,none
wasserwerk-wacken.de,HttpConnectTimeoutException: HTTP connect timed out,none
wasserzweckverband-buchberggruppe.de,HttpConnectTimeoutException: HTTP connect timed out,none
wbgu.de,301,10 b3061.mx.srv.dfn.de.; 10 c3061.mx.srv.dfn.de.; 10 a3061.mx.srv.dfn.de.
wbv-ryck-ziese.de,HttpConnectTimeoutException: HTTP connect timed out,none
web.rgzm.de,301,none
wehringen.de,HttpConnectTimeoutException: HTTP connect timed out,none
weichtungen.de,HttpConnectTimeoutException: HTTP connect timed out,none
weidenberg.de,HttpConnectTimeoutException: HTTP connect timed out,none
weiding.de,HttpConnectTimeoutException: HTTP connect timed out,none
weilheim-schongau.de,HttpConnectTimeoutException: HTTP connect timed out,none
weimarerland.de,200,none
weingarten.ihk.de,HttpConnectTimeoutException: HTTP connect timed out,none
weisendorf.feuerwehren.bayern,HttpConnectTimeoutException: HTTP connect timed out,none
weissenfels.de,HttpConnectTimeoutException: HTTP connect timed out,20 autodiscover.weissenfels.de.; 10 mail.weissenfels.de.
weisserschoeps-neisse.de,HttpConnectTimeoutException: HTTP connect timed out,none
weitnau.de,HttpConnectTimeoutException: HTTP connect timed out,none
welterbe-mittelrheintal.de,HttpConnectTimeoutException: HTTP connect timed out,none
wernsbach.beepworld.de,200,none
werra-meissner-kreis.de,301,40 backupmx-muc.domain-robot.org.; 10 smtp.werra-meissner-kreis.de.; 30 backupmx-ffm.domain-robot.org.; 20 backupmx.domain-robot.org.
weser-hunte.de,301,none
wesermarsch.de,200,10 mta2in.kdo.de.; 10 mta1in.kdo.de.
westerheim-allgaeu.de,200,none
westerstede.bwkrankenhaus.de,301,none
westerwald-kreis.de,301,none
westerwald-obereichsfeld.eu,301,none
wettbewerbszentrale.de,301,10 mail.wettbewerbszentrale.de.
wetteraukreis.de,307,10 mx3skas.kgrz-ks.de.; 10 mx5skas.kgrz-ks.de.; 10 mx4skas.kgrz-ks.de.; 10 mx3sgie.ekom21.de.
wias-berlin.de,200,20 c1926.mx.srv.dfn.de.; 20 a1926.mx.srv.dfn.de.; 20 b1926.mx.srv.dfn.de.
wieratal.de,SSLHandshakeException: (certificate_unknown) PKIX path building failed: sun.security.provider.certpath.SunCertPathBuilderException: unable to find valid certification path to requested target,none
wiesbaden.de,302,none
wildenstein.ws,HttpConnectTimeoutException: HTTP connect timed out,none
wilhelmshaven.de,301,none
willmersreuth.de,SSLHandshakeException: (certificate_unknown) No subject alternative DNS name matching willmersreuth.de found.,10 mx03.secure-mailgate.com.; 10 mx04.secure-mailgate.com.
willy-brandt.de,200,30 aspmx4.googlemail.com.; 30 aspmx5.googlemail.com.; 20 aspmx2.googlemail.com.; 30 aspmx3.googlemail.com.; 10 aspmx.l.google.com.; 20 alt2.aspmx.l.google.com.; 20 alt1.aspmx.l.google.com.
wir.go-rheinland.de,302,none
wirtschaft.bremen.de,301,none
wirtschaft.hessen.de,200,none
wirtschaft.nrw,200,none
wirtschaft.thueringen.de,200,none
wissenschaft-haefen.bremen.de,301,none
wissenschaft.hessen.de,200,none
wissenschaftsrat.de,302,10 wissenschaftsrat-de.mail.protection.outlook.com.
wki.fraunhofer.de,HttpConnectTimeoutException: HTTP connect timed out,none
wm.baden-wuerttemberg.de,307,none
wna-aschaffenburg.wsv.de,301,none
wna-berlin.de,ConnectException,10 ofcsgbbm.gbbmvi-wan.de.; 20 zbcsgbbm.gbbmvi-wan.de.
wna-berlin.wsv.de,HttpConnectTimeoutException: HTTP connect timed out,none
wna-datteln.wsv.de,301,none
wna-hannover.wsv.de,301,none
wna-heidelberg.wsv.de,301,none
wna-helmstedt.wsv.de,301,none
wna-magdeburg.wsv.de,HttpConnectTimeoutException: HTTP connect timed out,none
wna-nord-ostsee-kanal.wsv.de,HttpConnectTimeoutException: HTTP connect timed out,none
woerlitzer-winkel.de,SSLHandshakeException: (certificate_unknown) No subject alternative DNS name matching woerlitzer-winkel.de found.,none
woerth-donau.de,ConnectException,none
woerth-isar.de,301,none
wol-nrw.de,301,none
wolframs-eschenbach.de,301,none
wpk.de,301,none
wrs.region-stuttgart.de,200,none
wsa-donau-mdk.wsv.de,301,none
wsa-elbe-nordsee.wsv.de,301,none
wsa-ems-nordsee.wsv.de,301,none
wsa-main.wsv.de,HttpConnectTimeoutException: HTTP connect timed out,none
wsa-mittellandkanal-elbe-seitenkanal.wsv.de,HttpConnectTimeoutException: HTTP connect timed out,none
wsa-mosel-saar-lahn.wsv.de,HttpConnectTimeoutException: HTTP connect timed out,none
wsa-neckar.wsv.de,HttpConnectTimeoutException: HTTP connect timed out,none
wsa-nord-ostsee-kanal.wsv.de,301,none
wsa-oberrhein.wsv.de,HttpConnectTimeoutException: HTTP connect timed out,none
wsa-oder-havel.wsv.de,HttpConnectTimeoutException: HTTP connect timed out,none
wsa-ostsee.wsv.de,301,none
wsa-rhein.wsv.de,HttpConnectTimeoutException: HTTP connect timed out,none
wsa-spree-havel.wsv.de,301,none
wsa-weser-jade-nordsee.wsv.de,301,none
wsa-weser.wsv.de,SSLHandshakeException: (certificate_unknown) No subject alternative DNS name matching wsa-weser.wsv.de found.,none
wsa-westdeutsche-kanaele.wsv.de,301,none
wsv.de,301,none
wsw-online.de,301,none
wtl-wasser.de,HttpTimeoutException: request timed out,none
wtv-online.de,301,none
wuestenselbitz.feuerwehren.bayern,HttpConnectTimeoutException: HTTP connect timed out,none
wuppertal.de,302,none
wupperverband.de,301,10 wupperverband-de.mail.protection.outlook.com.
wver.de,200,none
wvmt.de,200,none
wvs.nrw,HttpConnectTimeoutException: HTTP connect timed out,10 mx.wvs.nrw.
ww.ff-buchau-doerfles.de,ConnectException,none
wwa-ab.bayern.de,ConnectException,none
wwa-don.bayern.de,ConnectException,none
wwa-ho.bayern.de,ConnectException,none
wwa-ro.bayern.de,ConnectException,10 mail.bayern.de.
wwav.de,301,none
www1.ids-mannheim.de,301,none
www1.wdr.de,301,none
www2.ff-oberschoellenbach.de,SSLHandshakeException: (certificate_unknown) PKIX path building failed: sun.security.provider.certpath.SunCertPathBuilderException: unable to find valid certification path to requested target,none
www2.hu-berlin.de,HttpConnectTimeoutException: HTTP connect timed out,none
www3.arbeitsagentur.de,301,none
wwww.finanzamt-frankfurt-am-main.de,ConnectException,none
wzb.eu,SSLHandshakeException: (certificate_unknown) PKIX path building failed: sun.security.provider.certpath.SunCertPathBuilderException: unable to find valid certification path to requested target,none
xn--feuerwehr-bbing-jtb.de,ConnectException,none
xn--feuerwehr-griessttt-wwb.de,HttpConnectTimeoutException: HTTP connect timed out,10 w0141aa0.kasserver.com.
xn--feuerwehr-hagenbchach-oic.de,HttpConnectTimeoutException: HTTP connect timed out,10 mx01.goneo.de.; 10 mx02.goneo.de.
xn--feuerwehr-obermssing-pzb.de,HttpConnectTimeoutException: HTTP connect timed out,5 smtpin.rzone.de.
xn--feuerwehr-pdeldorf-n3b.de,HttpConnectTimeoutException: HTTP connect timed out,none
xn--feuerwehr-prnbach-9zb.de,HttpConnectTimeoutException: HTTP connect timed out,10 mail.xn--feuerwehr-prnbach-9zb.de.
xn--feuerwehr-schnleiten-gbc.de,HttpConnectTimeoutException: HTTP connect timed out,none
xn--feuerwehr-wrgau-9vb.de,HttpConnectTimeoutException: HTTP connect timed out,none
xn--ff-bruersdorf-ffb.de,HttpConnectTimeoutException: HTTP connect timed out,none
xn--ff-jgerwirth-jcb.de,HttpConnectTimeoutException: HTTP connect timed out,none
xn--ffw-nham-r4a.de,HttpConnectTimeoutException: HTTP connect timed out,none
xn--ffw-obertrbenbach-c3b.de,200,none
xn--ffw-schfweg-xfb.de,HttpConnectTimeoutException: HTTP connect timed out,none
xn--l1acti.xn--p1ai,HttpConnectTimeoutException: HTTP connect timed out,none
xn--lschzug-3-07a.de,301,none
yemenembassy.de,HttpConnectTimeoutException: HTTP connect timed out,10 mx2.mailpod15-cph3.g1i.one.com.; 10 mx4.mailpod15-cph3.g1i.one.com.; 10 mx3.mailpod15-cph3.g1i.one.com.; 10 mx1.mailpod15-cph3.g1i.one.com.
z-m-s.de,HttpConnectTimeoutException: HTTP connect timed out,none
z-u-g.org,HttpConnectTimeoutException: HTTP connect timed out,none
zak-kempten.de,SSLHandshakeException: Remote host terminated the handshake,0 zakkempten-de0i.mail.protection.outlook.com.
zalf.de,SSLHandshakeException: (certificate_unknown) PKIX path building failed: sun.security.provider.certpath.SunCertPathBuilderException: unable to find valid certification path to requested target,none
zambiaembassy.de,SSLHandshakeException: (certificate_unknown) PKIX path building failed: sun.security.provider.certpath.SunCertPathBuilderException: unable to find valid certification path to requested target,none
zaw-coburg.de,301,10 pmg01.nec.hostspezial.cloud.
zbg.uni-hohenheim.de,200,none
zbmed.de,301,none
zbw.eu,301,none
zendis.de,200,10 mail.brained.cloud.
zentrale-stelle.de,SSLHandshakeException: (unrecognized_name) Received fatal alert: unrecognized_name,none
zentralfinanzamt-nuernberg.de,302,none
zew.de,301,none
zfh.de,HttpConnectTimeoutException: HTTP connect timed out,none
zfu.de,200,none
zgb.de,ConnectException,none
zimembassyberlin.com,SSLHandshakeException: (certificate_unknown) PKIX path building failed: sun.security.provider.certpath.SunCertPathBuilderException: unable to find valid certification path to requested target,none
zla.de,200,none
zms.bundeswehr.de,301,none
znas.de,301,none
zoll.de,303,10 mx1.bund.de.; 10 mx2.bund.de.
zollernalbkreis.de,302,10 mx9.kvnbw.de.; 10 mx6.kvnbw.de.; 10 mx8.kvnbw.de.; 10 mx7.kvnbw.de.
zollkriminalamt.de,303,none
zps-online.de,200,none
zrf-saar.de,301,10 mx-01.zrf-saar.de.; 20 mx-02.zrf-saar.de.
zrf.de,200,none
zrk-info.de,200,none
zsl-bw.de,SSLHandshakeException: (certificate_unknown) PKIX path building failed: sun.security.provider.certpath.SunCertPathBuilderException: unable to find valid certification path to requested target,none
zukunftsforum-familie.de,301,none
zv-schwerinerumland.de,301,none
zvhws.de,301,none
zvnl.de,200,none
zvon.de,301,none
zvros.de,301,none
zvwab.de,200,none
zweckverband-gvm.de,301,10 mx20.zweckverband-gvm.de.; 20 mx10.zweckverband-gvm.de.
zweckverband-radegast.de,SSLHandshakeException: (certificate_unknown) No subject alternative DNS name matching zweckverband-radegast.de found.,none
zwst.org,301,none
zzf-potsdam.de,200,none
