subdomain,http_status
7726.govt.nz,"308"
a.tiles.data.linz.govt.nz,"302"
abs.parliament.govt.nz,"Could not resolve host: abs.parliament.govt.nz"
ac.waikatoregion.govt.nz,"Could not resolve host: ac.waikatoregion.govt.nz"
access.aucklandtransport.govt.nz,"Could not resolve host: access.aucklandtransport.govt.nz"
access.doc.govt.nz,"Connection timed out after 3002 milliseconds"
access.hcc.govt.nz,"Connection timed out after 3002 milliseconds"
access.mpi.govt.nz,"Could not resolve host: access.mpi.govt.nz"
access.msi.govt.nz,"Connection timed out after 3001 milliseconds"
access.nmhs.govt.nz,"Could not resolve host: access.nmhs.govt.nz"
access.npdc.govt.nz,"Could not resolve host: access.npdc.govt.nz"
access.pcc.govt.nz,"Could not resolve host: access.pcc.govt.nz"
access.rdc.govt.nz,"Could not resolve host: access.rdc.govt.nz"
accounts.data.linz.govt.nz,"SSL: no alternative certificate subject name matches target hostname 'accounts.data.linz.govt.nz'"
accsg.aucklandcity.govt.nz,"Connection timed out after 3001 milliseconds"
acoustics.nzta.govt.nz,"200"
activesync.ccc.govt.nz,"Could not resolve host: activesync.ccc.govt.nz"
activesync.hcc.govt.nz,"Connection timed out after 3002 milliseconds"
activesync.lb.hcc.govt.nz,"Could not resolve host: activesync.lb.hcc.govt.nz"
actpt.nzta.govt.nz,"Connection timed out after 3002 milliseconds"
actrc.nzta.govt.nz,"Connection timed out after 3002 milliseconds"
actrg.nzta.govt.nz,"Connection timed out after 3002 milliseconds"
actst.nzta.govt.nz,"Connection timed out after 3001 milliseconds"
ad.dol.govt.nz,"Could not resolve host: ad.dol.govt.nz"
adc-mailbx1.tec.govt.nz,"Could not resolve host: adc-mailbx1.tec.govt.nz"
adc-mailsvc1.tec.govt.nz,"Could not resolve host: adc-mailsvc1.tec.govt.nz"
adc.govt.nz,"Could not resolve host: adc.govt.nz"
adfs.maritimenz.govt.nz,"Could not resolve host: adfs.maritimenz.govt.nz"
adhb.govt.nz,"SSL: no alternative certificate subject name matches target hostname 'adhb.govt.nz'"
admin-console-dev.mobility.msd.govt.nz,"Could not resolve host: admin-console-dev.mobility.msd.govt.nz"
admin-console.mobility.msd.govt.nz,"Could not resolve host: admin-console.mobility.msd.govt.nz"
admin.fuelsaver.govt.nz,"302"
admin.jobs.minedu.govt.nz,"Could not resolve host: admin.jobs.minedu.govt.nz"
admin.police.govt.nz,"Could not resolve host: admin.police.govt.nz"
admin.safednz.govt.nz,"Operation timed out after 3002 milliseconds with 0 bytes received"
admin.treaties.mfat.govt.nz,"Could not resolve host: admin.treaties.mfat.govt.nz"
admin.waikato.health.govt.nz,"Could not resolve host: admin.waikato.health.govt.nz"
af.greydc.govt.nz,"Could not resolve host: af.greydc.govt.nz"
aftermail.boh.tepapa.govt.nz,"Connection timed out after 3001 milliseconds"
agency.fleetsafety.govt.nz,"Could not resolve host: agency.fleetsafety.govt.nz"
agent.nzta.govt.nz,"Could not resolve host: agent.nzta.govt.nz"
agentvpn.nzta.govt.nz,"Connection timed out after 3001 milliseconds"
aid.govt.nz,"Could not resolve host: aid.govt.nz"
air.nzta.govt.nz,"200"
airwatch.nzte.govt.nz,"Could not resolve host: airwatch.nzte.govt.nz"
aki2k123.med.govt.nz,"Could not resolve host: aki2k123.med.govt.nz"
aklarchive.nzte.govt.nz,"Could not resolve host: aklarchive.nzte.govt.nz"
aklcasarray.corp.nzte.govt.nz,"Could not resolve host: aklcasarray.corp.nzte.govt.nz"
aklcitrix.nzte.govt.nz,"Could not resolve host: aklcitrix.nzte.govt.nz"
akldrcas01.dia.govt.nz,"Could not resolve host: akldrcas01.dia.govt.nz"
aklexch10a.cfh.govt.nz,"Could not resolve host: aklexch10a.cfh.govt.nz"
aklnet.customs.govt.nz,"Connection timed out after 3001 milliseconds"
aklowa02.corp.nzte.govt.nz,"Could not resolve host: aklowa02.corp.nzte.govt.nz"
amateurcharter.fish.govt.nz,"Connection timed out after 3002 milliseconds"
animalshelters.aucklandcouncil.govt.nz,"Connection timed out after 3002 milliseconds"
anosrvr4.avsec.govt.nz,"Could not resolve host: anosrvr4.avsec.govt.nz"
anywhere.pcc.govt.nz,"Could not resolve host: anywhere.pcc.govt.nz"
api.business.govt.nz,"301"
app.eur.govt.nz,"Could not resolve host: app.eur.govt.nz"
applications.huttcity.govt.nz,"403"
apps.linz.govt.nz,"Could not resolve host: apps.linz.govt.nz"
apps.wcc.govt.nz,"405"
arc.govt.nz,"Connection timed out after 3002 milliseconds"
art.msd.govt.nz,"302"
as.cwa.emis.govt.nz,"Could not resolve host: as.cwa.emis.govt.nz"
as.identity.i.govt.nz,"Connection timed out after 3002 milliseconds"
asdonline.oag.govt.nz,"Could not resolve host: asdonline.oag.govt.nz"
asdonlinetest.oag.govt.nz,"Could not resolve host: asdonlinetest.oag.govt.nz"
assessment.webstandards.govt.nz,"Could not resolve host: assessment.webstandards.govt.nz"
assessments.nabersnz.govt.nz,"302"
assessors.dbh.govt.nz,"Could not resolve host: assessors.dbh.govt.nz"
assesstool-uat.tec.govt.nz,"Failed to connect to assesstool-uat.tec.govt.nz port 443 after 931 ms: Could not connect to server"
assetdb.cera.govt.nz,"Could not resolve host: assetdb.cera.govt.nz"
assets.waipadc.govt.nz,"Operation timed out after 3001 milliseconds with 0 bytes received"
assetsb2b.ccc.govt.nz,"Connection timed out after 3000 milliseconds"
at.govt.nz,"200"
attendance.minedu.govt.nz,"Could not resolve host: attendance.minedu.govt.nz"
auckland.govt.nz,"Connection timed out after 3001 milliseconds"
aucklandcouncil.govt.nz,"301"
aucklandtransport.govt.nz,"301"
auth.cms.viki.govt.nz,"Connection timed out after 3001 milliseconds"
auth.gateway.cyf.govt.nz,"SSL: no alternative certificate subject name matches target hostname 'auth.gateway.cyf.govt.nz'"
auth.huttcity.govt.nz,"Could not resolve host: auth.huttcity.govt.nz"
auth.identity.education.govt.nz,"Could not resolve host: auth.identity.education.govt.nz"
auth.nzte.govt.nz,"Could not resolve host: auth.nzte.govt.nz"
auth.services.workandincome.govt.nz,"Recv failure: Connexion ré-initialisée par le correspondant"
auth.studylink.govt.nz,"Could not resolve host: auth.studylink.govt.nz"
auth2.gateway.cyf.govt.nz,"SSL: no alternative certificate subject name matches target hostname 'auth2.gateway.cyf.govt.nz'"
authoring.web.nzte.govt.nz,"Could not resolve host: authoring.web.nzte.govt.nz"
authx.education.govt.nz,"Could not resolve host: authx.education.govt.nz"
autodiscover.ad.dol.govt.nz,"Could not resolve host: autodiscover.ad.dol.govt.nz"
autodiscover.ad.egs.govt.nz,"Could not resolve host: autodiscover.ad.egs.govt.nz"
autodiscover.ad.parliament.govt.nz,"Could not resolve host: autodiscover.ad.parliament.govt.nz"
autodiscover.adhb.govt.nz,"Could not resolve host: autodiscover.adhb.govt.nz"
autodiscover.ama.nzta.govt.nz,"Could not resolve host: autodiscover.ama.nzta.govt.nz"
autodiscover.arc.govt.nz,"Connection timed out after 3002 milliseconds"
autodiscover.archives.govt.nz,"Could not resolve host: autodiscover.archives.govt.nz"
autodiscover.aucklandcouncil.govt.nz,"Could not resolve host: autodiscover.aucklandcouncil.govt.nz"
autodiscover.avsec.govt.nz,"Connection timed out after 3002 milliseconds"
autodiscover.bopdhb.govt.nz,"Failed to connect to autodiscover.bopdhb.govt.nz port 443 after 294 ms: Could not connect to server"
autodiscover.boprc.govt.nz,"Could not resolve host: autodiscover.boprc.govt.nz"
autodiscover.caa.govt.nz,"Connection timed out after 3002 milliseconds"
autodiscover.callaghaninnovation.govt.nz,"Failed to connect to autodiscover.callaghaninnovation.govt.nz port 443 after 609 ms: Could not connect to server"
autodiscover.careers.govt.nz,"Connection timed out after 3001 milliseconds"
autodiscover.ccc.govt.nz,"301"
autodiscover.cfh.govt.nz,"Failed to connect to autodiscover.cfh.govt.nz port 443 after 43 ms: Could not connect to server"
autodiscover.charities.govt.nz,"Could not resolve host: autodiscover.charities.govt.nz"
autodiscover.corp.nzte.govt.nz,"Could not resolve host: autodiscover.corp.nzte.govt.nz"
autodiscover.crownlaw.govt.nz,"302"
autodiscover.dbh.govt.nz,"Could not resolve host: autodiscover.dbh.govt.nz"
autodiscover.dia.govt.nz,"Connection timed out after 3000 milliseconds"
autodiscover.dol.govt.nz,"Could not resolve host: autodiscover.dol.govt.nz"
autodiscover.e-crime.govt.nz,"Could not resolve host: autodiscover.e-crime.govt.nz"
autodiscover.educationnz.govt.nz,"Could not resolve host: autodiscover.educationnz.govt.nz"
autodiscover.eeca.govt.nz,"Failed to connect to autodiscover.eeca.govt.nz port 443 after 322 ms: Could not connect to server"
autodiscover.emis.govt.nz,"Connection timed out after 3000 milliseconds"
autodiscover.envbop.govt.nz,"Failed to connect to autodiscover.envbop.govt.nz port 443 after 50 ms: Could not connect to server"
autodiscover.enz.govt.nz,"Failed to connect to autodiscover.enz.govt.nz port 443 after 330 ms: Could not connect to server"
autodiscover.eqc.govt.nz,"Could not resolve host: autodiscover.eqc.govt.nz"
autodiscover.ero.govt.nz,"Could not resolve host: autodiscover.ero.govt.nz"
autodiscover.es.govt.nz,"302"
autodiscover.gdc.govt.nz,"Failed to connect to autodiscover.gdc.govt.nz port 443 after 350 ms: Could not connect to server"
autodiscover.gls.govt.nz,"Could not resolve host: autodiscover.gls.govt.nz"
autodiscover.greydc.govt.nz,"Connection timed out after 3000 milliseconds"
autodiscover.gw.govt.nz,"Could not resolve host: autodiscover.gw.govt.nz"
autodiscover.hauraki-dc.govt.nz,"Could not resolve host: autodiscover.hauraki-dc.govt.nz"
autodiscover.hcc.govt.nz,"Failed to connect to autodiscover.hcc.govt.nz port 443 after 71 ms: Could not connect to server"
autodiscover.horizons.govt.nz,"302"
autodiscover.horowhenua.govt.nz,"Failed to connect to autodiscover.horowhenua.govt.nz port 443 after 604 ms: Could not connect to server"
autodiscover.huttcity.govt.nz,"Failed to connect to autodiscover.huttcity.govt.nz port 443 after 88 ms: Could not connect to server"
autodiscover.lakesdhb.govt.nz,"Connection timed out after 3002 milliseconds"
autodiscover.lawcom.govt.nz,"Failed to connect to autodiscover.lawcom.govt.nz port 443 after 47 ms: Could not connect to server"
autodiscover.mackenzie.govt.nz,"Failed to connect to autodiscover.mackenzie.govt.nz port 443 after 41 ms: Could not connect to server"
autodiscover.maritimenz.govt.nz,"Failed to connect to autodiscover.maritimenz.govt.nz port 443 after 44 ms: Could not connect to server"
autodiscover.mbie.govt.nz,"Connection timed out after 3002 milliseconds"
autodiscover.mch.govt.nz,"Failed to connect to autodiscover.mch.govt.nz port 443 after 54 ms: Could not connect to server"
autodiscover.mchdomain.mch.govt.nz,"Could not resolve host: autodiscover.mchdomain.mch.govt.nz"
autodiscover.mdc.govt.nz,"Failed to connect to autodiscover.mdc.govt.nz port 443 after 325 ms: Could not connect to server"
autodiscover.med.govt.nz,"Could not resolve host: autodiscover.med.govt.nz"
autodiscover.mfe.govt.nz,"Failed to connect to autodiscover.mfe.govt.nz port 443 after 318 ms: Could not connect to server"
autodiscover.msd.govt.nz,"Failed to connect to autodiscover.msd.govt.nz port 443 after 349 ms: Could not connect to server"
autodiscover.msi.govt.nz,"Connection timed out after 3002 milliseconds"
autodiscover.mstn.govt.nz,"Failed to connect to autodiscover.mstn.govt.nz port 443 after 43 ms: Could not connect to server"
autodiscover.natlib.govt.nz,"Could not resolve host: autodiscover.natlib.govt.nz"
autodiscover.ncmc.govt.nz,"Connection timed out after 3002 milliseconds"
autodiscover.neptune.local.waikatodc.govt.nz,"Could not resolve host: autodiscover.neptune.local.waikatodc.govt.nz"
autodiscover.nmdhb.govt.nz,"Failed to connect to autodiscover.nmdhb.govt.nz port 443 after 310 ms: Could not connect to server"
autodiscover.nmhs.govt.nz,"Failed to connect to autodiscover.nmhs.govt.nz port 443 after 285 ms: Could not connect to server"
autodiscover.nzonair.govt.nz,"Failed to connect to autodiscover.nzonair.govt.nz port 443 after 313 ms: Could not connect to server"
autodiscover.nzta.govt.nz,"Failed to connect to autodiscover.nzta.govt.nz port 443 after 310 ms: Could not connect to server"
autodiscover.nzte.govt.nz,"Failed to connect to autodiscover.nzte.govt.nz port 443 after 343 ms: Could not connect to server"
autodiscover.owa.waidc.govt.nz,"Could not resolve host: autodiscover.owa.waidc.govt.nz"
autodiscover.parliament.govt.nz,"Connection timed out after 3000 milliseconds"
autodiscover.pcc.govt.nz,"504"
autodiscover.rangdc.govt.nz,"Connection timed out after 3000 milliseconds"
autodiscover.rangitikei.govt.nz,"Failed to connect to autodiscover.rangitikei.govt.nz port 443 after 602 ms: Could not connect to server"
autodiscover.reaa.govt.nz,"Connection timed out after 3001 milliseconds"
autodiscover.selwyn.govt.nz,"Failed to connect to autodiscover.selwyn.govt.nz port 443 after 84 ms: Could not connect to server"
autodiscover.southwaikato.govt.nz,"Connection timed out after 3000 milliseconds"
autodiscover.swdc.govt.nz,"Failed to connect to autodiscover.swdc.govt.nz port 443 after 318 ms: Could not connect to server"
autodiscover.tararuadc.govt.nz,"Connection timed out after 3000 milliseconds"
autodiscover.tasman.govt.nz,"Failed to connect to autodiscover.tasman.govt.nz port 443 after 334 ms: Could not connect to server"
autodiscover.teacherscouncil.govt.nz,"Could not resolve host: autodiscover.teacherscouncil.govt.nz"
autodiscover.tec.govt.nz,"Failed to connect to autodiscover.tec.govt.nz port 443 after 1371 ms: Could not connect to server"
autodiscover.tmp.govt.nz,"Failed to connect to autodiscover.tmp.govt.nz port 443 after 97 ms: Could not connect to server"
autodiscover.tnz.govt.nz,"Failed to connect to autodiscover.tnz.govt.nz port 443 after 320 ms: Could not connect to server"
autodiscover.trc.govt.nz,"Failed to connect to autodiscover.trc.govt.nz port 443 after 304 ms: Could not connect to server"
autodiscover.waidc.govt.nz,"Failed to connect to autodiscover.waidc.govt.nz port 443 after 587 ms: Could not connect to server"
autodiscover.waikatoregion.govt.nz,"Could not resolve host: autodiscover.waikatoregion.govt.nz"
autodiscover.waimakariri.govt.nz,"Could not resolve host: autodiscover.waimakariri.govt.nz"
autodiscover.waimatedc.govt.nz,"Failed to connect to autodiscover.waimatedc.govt.nz port 443 after 373 ms: Could not connect to server"
autodiscover.waipadc.govt.nz,"Failed to connect to autodiscover.waipadc.govt.nz port 443 after 42 ms: Could not connect to server"
autodiscover.wairoadc.govt.nz,"Failed to connect to autodiscover.wairoadc.govt.nz port 443 after 351 ms: Could not connect to server"
autodiscover.waitaki.govt.nz,"Failed to connect to autodiscover.waitaki.govt.nz port 443 after 359 ms: Could not connect to server"
autodiscover.wanganui.govt.nz,"Failed to connect to autodiscover.wanganui.govt.nz port 443 after 43 ms: Could not connect to server"
autodiscover.wbopdc.govt.nz,"Failed to connect to autodiscover.wbopdc.govt.nz port 443 after 321 ms: Could not connect to server"
autodiscover.wcc.govt.nz,"Failed to connect to autodiscover.wcc.govt.nz port 443 after 44 ms: Could not connect to server"
autodiscover.westlanddc.govt.nz,"Failed to connect to autodiscover.westlanddc.govt.nz port 443 after 356 ms: Could not connect to server"
autodiscover.xrb.govt.nz,"Failed to connect to autodiscover.xrb.govt.nz port 443 after 315 ms: Could not connect to server"
av.aucklandtransport.govt.nz,"Could not resolve host: av.aucklandtransport.govt.nz"
av.dol.govt.nz,"Could not resolve host: av.dol.govt.nz"
av.emis.govt.nz,"Could not resolve host: av.emis.govt.nz"
av.npdc.govt.nz,"Connection timed out after 3001 milliseconds"
av.tnz.govt.nz,"SSL certificate problem: EE certificate key too weak"
av.waikato.health.govt.nz,"Could not resolve host: av.waikato.health.govt.nz"
avsec.govt.nz,"200"
aw.hauraki-dc.govt.nz,"Connection timed out after 3001 milliseconds"
b.tiles.data.linz.govt.nz,"Could not resolve host: b.tiles.data.linz.govt.nz"
b2b.cyf.govt.nz,"Could not resolve host: b2b.cyf.govt.nz"
b2b.ird.govt.nz,"Could not resolve host: b2b.ird.govt.nz"
b2b.msd.govt.nz,"Connection timed out after 3001 milliseconds"
b2b.studylink.govt.nz,"Connection timed out after 3000 milliseconds"
b2b.workandincome.govt.nz,"Could not resolve host: b2b.workandincome.govt.nz"
b2btest.police.govt.nz,"OpenSSL SSL_read: OpenSSL/3.5.3: error:0A00045C:SSL routines::tlsv13 alert certificate required, errno 0"
backoffice-edogs.hamilton.govt.nz,"302"
backoffice-edogs.rdc.govt.nz,"Could not resolve host: backoffice-edogs.rdc.govt.nz"
ballot.gallipoli2015.govt.nz,"Could not resolve host: ballot.gallipoli2015.govt.nz"
basket.dia.govt.nz,"302"
basket.dqe.dia.govt.nz,"Could not resolve host: basket.dqe.dia.govt.nz"
basket.identityservices.govt.nz,"Could not resolve host: basket.identityservices.govt.nz"
bdmhistoricalrecords.dia.govt.nz,"200"
bdmhistoricalrecords.dqe.dia.govt.nz,"Could not resolve host: bdmhistoricalrecords.dqe.dia.govt.nz"
bdmhistoricalrecords.identityservices.govt.nz,"Could not resolve host: bdmhistoricalrecords.identityservices.govt.nz"
bdmonline.dia.govt.nz,"200"
bdmonline.dqe.dia.govt.nz,"Could not resolve host: bdmonline.dqe.dia.govt.nz"
bds.nzta.govt.nz,"Could not resolve host: bds.nzta.govt.nz"
beehive.govt.nz,"200"
beta.govt.nz,"Could not resolve host: beta.govt.nz"
beta.natlib.govt.nz,"Connection timed out after 3001 milliseconds"
beta.newzealand.govt.nz,"Could not resolve host: beta.newzealand.govt.nz"
betterapis.business.govt.nz,"Could not resolve host: betterapis.business.govt.nz"
bhvprdexchub01.ncmc.govt.nz,"Could not resolve host: bhvprdexchub01.ncmc.govt.nz"
bhvprdocscwa01.ncmc.govt.nz,"Could not resolve host: bhvprdocscwa01.ncmc.govt.nz"
biodiversity.govt.nz,"Could not resolve host: biodiversity.govt.nz"
booking.doc.govt.nz,"TLS connect error: error:0A000410:SSL routines::ssl/tls alert handshake failure"
bookingtraining.doc.govt.nz,"Could not resolve host: bookingtraining.doc.govt.nz"
bopdhb.govt.nz,"307"
boprc.govt.nz,"Could not resolve host: boprc.govt.nz"
brc.ird.govt.nz,"Could not resolve host: brc.ird.govt.nz"
brc1.ird.govt.nz,"Could not resolve host: brc1.ird.govt.nz"
brc2.ird.govt.nz,"Could not resolve host: brc2.ird.govt.nz"
bsa.govt.nz,"301"
bsd1.corrections.govt.nz,"Could not resolve host: bsd1.corrections.govt.nz"
bsd2.corrections.govt.nz,"Could not resolve host: bsd2.corrections.govt.nz"
buzz.tararuadc.govt.nz,"Could not resolve host: buzz.tararuadc.govt.nz"
c.tiles.data.linz.govt.nz,"302"
caa-cashub-01.internal.caa.govt.nz,"Could not resolve host: caa-cashub-01.internal.caa.govt.nz"
caa-cashub-03.internal.caa.govt.nz,"Could not resolve host: caa-cashub-03.internal.caa.govt.nz"
caa-exnlb-01.internal.caa.govt.nz,"Could not resolve host: caa-exnlb-01.internal.caa.govt.nz"
caa-exscr-02.internal.caa.govt.nz,"Could not resolve host: caa-exscr-02.internal.caa.govt.nz"
caa-hubcas-01.internal.caa.govt.nz,"Could not resolve host: caa-hubcas-01.internal.caa.govt.nz"
caa-hubcas-03.internal.caa.govt.nz,"Could not resolve host: caa-hubcas-03.internal.caa.govt.nz"
caa-mbx-02.internal.caa.govt.nz,"Could not resolve host: caa-mbx-02.internal.caa.govt.nz"
cabguide.cabinetoffice.govt.nz,"Could not resolve host: cabguide.cabinetoffice.govt.nz"
cabinetmanual.cabinetoffice.govt.nz,"Could not resolve host: cabinetmanual.cabinetoffice.govt.nz"
cabis.ianz.govt.nz,"200"
cag.minedu.govt.nz,"Could not resolve host: cag.minedu.govt.nz"
cag.wdc.govt.nz,"Could not resolve host: cag.wdc.govt.nz"
cag2.wdc.govt.nz,"Could not resolve host: cag2.wdc.govt.nz"
callaghaninnovation.govt.nz,"301"
canterburyresidentialrebuild.govt.nz,"Could not resolve host: canterburyresidentialrebuild.govt.nz"
capviki.cms.viki.govt.nz,"Connection timed out after 3002 milliseconds"
careerpathways.mfe.govt.nz,"SSL: no alternative certificate subject name matches target hostname 'careerpathways.mfe.govt.nz'"
careers.aucklandcouncil.govt.nz,"200"
careers.aucklandtransport.govt.nz,"SSL certificate problem: unable to get local issuer certificate"
careers.callaghaninnovation.govt.nz,"Could not resolve host: careers.callaghaninnovation.govt.nz"
careers.cdhb.govt.nz,"SSL: no alternative certificate subject name matches target hostname 'careers.cdhb.govt.nz'"
careers.cera.govt.nz,"Could not resolve host: careers.cera.govt.nz"
careers.dia.govt.nz,"302"
careers.doc.govt.nz,"Failed to connect to careers.doc.govt.nz port 443 after 255 ms: Could not connect to server"
careers.dol.govt.nz,"Could not resolve host: careers.dol.govt.nz"
careers.eqc.govt.nz,"301"
careers.govt.nz,"301"
careers.gw.govt.nz,"403"
careers.health.govt.nz,"301"
careers.ird.govt.nz,"301"
careers.justice.govt.nz,"Connection timed out after 3002 milliseconds"
careers.linz.govt.nz,"200"
careers.mbie.govt.nz,"Connection timed out after 3001 milliseconds"
careers.mpi.govt.nz,"200"
careers.msd.govt.nz,"Connection timed out after 3001 milliseconds"
careers.nzqa.govt.nz,"200"
careers.nzta.govt.nz,"Could not resolve host: careers.nzta.govt.nz"
careers.nzte.govt.nz,"301"
careers.parliament.govt.nz,"302"
careers.stats.govt.nz,"TLS connect error: error:0A000410:SSL routines::ssl/tls alert handshake failure"
careers.wellington.govt.nz,"Could not resolve host: careers.wellington.govt.nz"
careers.worksafe.govt.nz,"200"
cases.strengtheningfamilies.govt.nz,"TLS connect error: error:0A000438:SSL routines::tlsv1 alert internal error"
casht01.hauraki-dc.govt.nz,"Could not resolve host: casht01.hauraki-dc.govt.nz"
casht02.hauraki-dc.govt.nz,"Could not resolve host: casht02.hauraki-dc.govt.nz"
ccc.govt.nz,"403"
ccdu.govt.nz,"301"
cdhb.govt.nz,"SSL: no alternative certificate subject name matches target hostname 'cdhb.govt.nz'"
ce.msd.govt.nz,"Could not resolve host: ce.msd.govt.nz"
census.govt.nz,"Connection timed out after 3000 milliseconds"
censusjobs.census.govt.nz,"Could not resolve host: censusjobs.census.govt.nz"
cera.govt.nz,"301"
cetas.assessment.quakeaccommodation.govt.nz,"Could not resolve host: cetas.assessment.quakeaccommodation.govt.nz"
cgate.tasman.govt.nz,"Could not resolve host: cgate.tasman.govt.nz"
cgate.tdc.govt.nz,"Could not resolve host: cgate.tdc.govt.nz"
charities.govt.nz,"301"
chbdc.govt.nz,"301"
ci2.waipadc.govt.nz,"Could not resolve host: ci2.waipadc.govt.nz"
ci2dev.waipadc.govt.nz,"Connection timed out after 3002 milliseconds"
cid.maf.govt.nz,"Connection timed out after 3002 milliseconds"
ciduat.maf.govt.nz,"Connection timed out after 3002 milliseconds"
citrix.fndc.govt.nz,"Could not resolve host: citrix.fndc.govt.nz"
citrix.hcc.govt.nz,"Connection timed out after 3002 milliseconds"
citrix.manukau.govt.nz,"Connection timed out after 3002 milliseconds"
citrix.mbie.govt.nz,"Could not resolve host: citrix.mbie.govt.nz"
citrix.med.govt.nz,"SSL certificate problem: unable to get local issuer certificate"
citrix.nzta.govt.nz,"Could not resolve host: citrix.nzta.govt.nz"
citrix.orc.govt.nz,"Could not resolve host: citrix.orc.govt.nz"
citrix.parliament.govt.nz,"Connection timed out after 3001 milliseconds"
citrix.waikatodc.govt.nz,"Could not resolve host: citrix.waikatodc.govt.nz"
citrix.westernbay.govt.nz,"Connection timed out after 3001 milliseconds"
citrixa.mbie.govt.nz,"Could not resolve host: citrixa.mbie.govt.nz"
citrixa.mpi.govt.nz,"Recv failure: Connexion ré-initialisée par le correspondant"
citrixb.mbie.govt.nz,"Could not resolve host: citrixb.mbie.govt.nz"
citrixcsg.waipadc.govt.nz,"Connection timed out after 3002 milliseconds"
citrixw.maf.govt.nz,"Could not resolve host: citrixw.maf.govt.nz"
citrixw.mpi.govt.nz,"Recv failure: Connexion ré-initialisée par le correspondant"
clc.lsa.govt.nz,"Connection timed out after 3002 milliseconds"
client.hauraki-dc.govt.nz,"Connection timed out after 3002 milliseconds"
climatechange-uat.maf.govt.nz,"403"
climatechange.govt.nz,"Connection timed out after 3001 milliseconds"
climatechange.maf.govt.nz,"302"
clo2.crownlaw.govt.nz,"Could not resolve host: clo2.crownlaw.govt.nz"
cms.viki.govt.nz,"Connection timed out after 3002 milliseconds"
codc.govt.nz,"301"
comcom.govt.nz,"301"
comms.northshorecity.govt.nz,"Connection timed out after 3002 milliseconds"
commswebconf.envbop.govt.nz,"Could not resolve host: commswebconf.envbop.govt.nz"
commswebfarm.envbop.govt.nz,"Could not resolve host: commswebfarm.envbop.govt.nz"
compliance.pact.education.govt.nz,"Could not resolve host: compliance.pact.education.govt.nz"
comvpn.comcom.govt.nz,"Could not resolve host: comvpn.comcom.govt.nz"
concessions.doc.govt.nz,"Could not resolve host: concessions.doc.govt.nz"
conf.southerndhb.govt.nz,"Could not resolve host: conf.southerndhb.govt.nz"
conference.parliament.govt.nz,"Could not resolve host: conference.parliament.govt.nz"
conference.southlanddc.govt.nz,"Connection timed out after 3001 milliseconds"
connect.aucklandcity.govt.nz,"Could not resolve host: connect.aucklandcity.govt.nz"
connect.callaghaninnovation.govt.nz,"Could not resolve host: connect.callaghaninnovation.govt.nz"
connect.franklin.govt.nz,"Connection timed out after 3002 milliseconds"
connect.msd.govt.nz,"Recv failure: Connexion ré-initialisée par le correspondant"
connect.waitaki.govt.nz,"Could not resolve host: connect.waitaki.govt.nz"
connectsmart.govt.nz,"Could not resolve host: connectsmart.govt.nz"
consultations.justice.govt.nz,"Could not resolve host: consultations.justice.govt.nz"
contactregistration.quakeaccommodation.govt.nz,"Could not resolve host: contactregistration.quakeaccommodation.govt.nz"
containerchecks.maf.govt.nz,"Could not resolve host: containerchecks.maf.govt.nz"
contract-tool-clone.nzta.govt.nz,"Could not resolve host: contract-tool-clone.nzta.govt.nz"
contract-tool.nzta.govt.nz,"Could not resolve host: contract-tool.nzta.govt.nz"
contractors.ncc.govt.nz,"Could not resolve host: contractors.ncc.govt.nz"
corpexchange.local.ero.govt.nz,"Could not resolve host: corpexchange.local.ero.govt.nz"
councillors.ncc.govt.nz,"Could not resolve host: councillors.ncc.govt.nz"
councillors.npdc.govt.nz,"Could not resolve host: councillors.npdc.govt.nz"
courtsofnz.govt.nz,"301"
cpinfohub.education.govt.nz,"403"
crm.callaghaninnovation.govt.nz,"Recv failure: Connexion ré-initialisée par le correspondant"
crm.nzte.govt.nz,"Could not resolve host: crm.nzte.govt.nz"
crm15auth.callaghaninnovation.govt.nz,"Could not resolve host: crm15auth.callaghaninnovation.govt.nz"
crm15dev.callaghaninnovation.govt.nz,"Could not resolve host: crm15dev.callaghaninnovation.govt.nz"
crm15internal.callaghaninnovation.govt.nz,"Could not resolve host: crm15internal.callaghaninnovation.govt.nz"
crmpreprod15.callaghaninnovation.govt.nz,"Could not resolve host: crmpreprod15.callaghaninnovation.govt.nz"
crownfibre.govt.nz,"301"
csg.fish.govt.nz,"Could not resolve host: csg.fish.govt.nz"
csg.ianz.govt.nz,"Could not resolve host: csg.ianz.govt.nz"
csg.marlborough.govt.nz,"Connection timed out after 3001 milliseconds"
csg.taupodc.govt.nz,"Connection timed out after 3001 milliseconds"
csg2.fish.govt.nz,"Could not resolve host: csg2.fish.govt.nz"
csg3.fish.govt.nz,"Could not resolve host: csg3.fish.govt.nz"
csgw.ontrack.govt.nz,"Could not resolve host: csgw.ontrack.govt.nz"
cst.msd.govt.nz,"Could not resolve host: cst.msd.govt.nz"
ctxdr.poli.govt.nz,"Could not resolve host: ctxdr.poli.govt.nz"
ctxwebapps.waikatodhb.govt.nz,"Could not resolve host: ctxwebapps.waikatodhb.govt.nz"
cusnet.customs.govt.nz,"Connection timed out after 3002 milliseconds"
cwa.emis.govt.nz,"Connection timed out after 3001 milliseconds"
cwa.parliament.govt.nz,"Could not resolve host: cwa.parliament.govt.nz"
cwp.govt.nz,"Could not resolve host: cwp.govt.nz"
cyfmail.msd.govt.nz,"Could not resolve host: cyfmail.msd.govt.nz"
d.tiles.data.linz.govt.nz,"302"
daas.mfe.govt.nz,"Connection timed out after 3002 milliseconds"
daas.wcc.govt.nz,"Connection timed out after 3002 milliseconds"
dailynotes.minedu.govt.nz,"Could not resolve host: dailynotes.minedu.govt.nz"
data-cdn.linz.govt.nz,"Could not resolve host: data-cdn.linz.govt.nz"
data-test.linz.govt.nz,"Could not resolve host: data-test.linz.govt.nz"
data.business.govt.nz,"Could not resolve host: data.business.govt.nz"
data.canterburymaps.govt.nz,"Could not resolve host: data.canterburymaps.govt.nz"
data.crownminerals.govt.nz,"Recv failure: Connexion ré-initialisée par le correspondant"
data.eat.business.govt.nz,"Could not resolve host: data.eat.business.govt.nz"
data.eat.nzpam.govt.nz,"Recv failure: Connexion ré-initialisée par le correspondant"
data.govt.nz,"200"
data.linz.govt.nz,"200"
data.mfe.govt.nz,"200"
data.nzpam.govt.nz,"Recv failure: Connexion ré-initialisée par le correspondant"
data.protected-objects.govt.nz,"403"
dbh.govt.nz,"Could not resolve host: dbh.govt.nz"
dc1-cas-p01.hcc.govt.nz,"Could not resolve host: dc1-cas-p01.hcc.govt.nz"
dc2-cas-p01.hcc.govt.nz,"Could not resolve host: dc2-cas-p01.hcc.govt.nz"
dcc.govt.nz,"Could not resolve host: dcc.govt.nz"
de-sts.hamilton.govt.nz,"Could not resolve host: de-sts.hamilton.govt.nz"
de-sts.rdc.govt.nz,"Could not resolve host: de-sts.rdc.govt.nz"
delium.crownlaw.govt.nz,"Could not resolve host: delium.crownlaw.govt.nz"
demolitions.cera.govt.nz,"301"
desktop.aucklandtransport.govt.nz,"Could not resolve host: desktop.aucklandtransport.govt.nz"
dev.nzbit.tec.govt.nz,"Could not resolve host: dev.nzbit.tec.govt.nz"
dev.nzte.govt.nz,"OpenSSL SSL_read: OpenSSL/3.5.3: error:0A000126:SSL routines::unexpected eof while reading, errno 0"
dev.safetravel.govt.nz,"Could not resolve host: dev.safetravel.govt.nz"
devapp.nzaid.govt.nz,"Could not resolve host: devapp.nzaid.govt.nz"
dex.minedu.govt.nz,"Could not resolve host: dex.minedu.govt.nz"
dia.govt.nz,"308"
dialin.aucklandcouncil.govt.nz,"Could not resolve host: dialin.aucklandcouncil.govt.nz"
dialin.aucklandtransport.govt.nz,"Could not resolve host: dialin.aucklandtransport.govt.nz"
dialin.callaghaninnovation.govt.nz,"Could not resolve host: dialin.callaghaninnovation.govt.nz"
dialin.ecan.govt.nz,"Could not resolve host: dialin.ecan.govt.nz"
dialin.gdc.govt.nz,"Could not resolve host: dialin.gdc.govt.nz"
dialin.mbie.govt.nz,"Could not resolve host: dialin.mbie.govt.nz"
dialin.msi.govt.nz,"Connection timed out after 3002 milliseconds"
dialin.nmhs.govt.nz,"Could not resolve host: dialin.nmhs.govt.nz"
dialin.nmhs.nmhs.govt.nz,"Could not resolve host: dialin.nmhs.nmhs.govt.nz"
dialin.npdc.govt.nz,"Could not resolve host: dialin.npdc.govt.nz"
dialin.parliament.govt.nz,"Failed to connect to dialin.parliament.govt.nz port 443 after 582 ms: Could not connect to server"
dialin.southerndhb.govt.nz,"Could not resolve host: dialin.southerndhb.govt.nz"
dialin.southlanddc.govt.nz,"Could not resolve host: dialin.southlanddc.govt.nz"
dialin.tnz.govt.nz,"Could not resolve host: dialin.tnz.govt.nz"
dialin.waikato.health.govt.nz,"Could not resolve host: dialin.waikato.health.govt.nz"
diaregister.charities.govt.nz,"Could not resolve host: diaregister.charities.govt.nz"
discoverreceiver.southlanddc.govt.nz,"Could not resolve host: discoverreceiver.southlanddc.govt.nz"
discovery.crownlaw.govt.nz,"Connection timed out after 3001 milliseconds"
discussion.see.govt.nz,"Connection timed out after 3001 milliseconds"
dms.viki.govt.nz,"Connection timed out after 3002 milliseconds"
dms.wbopdc.govt.nz,"Could not resolve host: dms.wbopdc.govt.nz"
dno.dqe.identityservices.govt.nz,"Could not resolve host: dno.dqe.identityservices.govt.nz"
dno.identityservices.govt.nz,"Could not resolve host: dno.identityservices.govt.nz"
dns.govt.nz,"200"
docs.msi.govt.nz,"Recv failure: Connexion ré-initialisée par le correspondant"
download.cwa.emis.govt.nz,"Could not resolve host: download.cwa.emis.govt.nz"
dqe.identityservices.govt.nz,"Could not resolve host: dqe.identityservices.govt.nz"
drivercheck.landtransport.govt.nz,"Could not resolve host: drivercheck.landtransport.govt.nz"
drivercheck.nzta.govt.nz,"302"
dvs.dqe.identityservices.govt.nz,"Could not resolve host: dvs.dqe.identityservices.govt.nz"
dvs.identityservices.govt.nz,"Could not resolve host: dvs.identityservices.govt.nz"
e-asttle.education.govt.nz,"302"
e-services.ird.govt.nz,"Could not resolve host: e-services.ird.govt.nz"
e-services.kiwisaver.govt.nz,"Could not resolve host: e-services.kiwisaver.govt.nz"
e-services1.ird.govt.nz,"Could not resolve host: e-services1.ird.govt.nz"
e-services2.ird.govt.nz,"Could not resolve host: e-services2.ird.govt.nz"
ea.govt.nz,"301"
easy.hrc.govt.nz,"Could not resolve host: easy.hrc.govt.nz"
eatsafe-uat.nzfsa.govt.nz,"Could not resolve host: eatsafe-uat.nzfsa.govt.nz"
eatsafe.nzfsa.govt.nz,"301"
ebusiness.waitakere.govt.nz,"Could not resolve host: ebusiness.waitakere.govt.nz"
ecaccept.maf.govt.nz,"Could not resolve host: ecaccept.maf.govt.nz"
ecaccept1.maf.govt.nz,"Could not resolve host: ecaccept1.maf.govt.nz"
ecaccept2.maf.govt.nz,"Could not resolve host: ecaccept2.maf.govt.nz"
ecan.govt.nz,"301"
ecl.ad.dol.govt.nz,"Could not resolve host: ecl.ad.dol.govt.nz"
ecmail.elections.govt.nz,"Could not resolve host: ecmail.elections.govt.nz"
ecmail.electricitycommission.govt.nz,"Could not resolve host: ecmail.electricitycommission.govt.nz"
ecouncil.horowhenua.govt.nz,"301"
ecouncil.stratford.govt.nz,"200"
ecps.maf.govt.nz,"Could not resolve host: ecps.maf.govt.nz"
ecps1.maf.govt.nz,"Could not resolve host: ecps1.maf.govt.nz"
ecpsaccept.maf.govt.nz,"Could not resolve host: ecpsaccept.maf.govt.nz"
ecpsaccept1.maf.govt.nz,"Could not resolve host: ecpsaccept1.maf.govt.nz"
ecpsaccept2.maf.govt.nz,"Could not resolve host: ecpsaccept2.maf.govt.nz"
ectrain.maf.govt.nz,"Could not resolve host: ectrain.maf.govt.nz"
ectrain3.maf.govt.nz,"Could not resolve host: ectrain3.maf.govt.nz"
ectrain4.maf.govt.nz,"Could not resolve host: ectrain4.maf.govt.nz"
edgeaccess.dol.govt.nz,"Could not resolve host: edgeaccess.dol.govt.nz"
edgeaccess.mbie.govt.nz,"Connection timed out after 3001 milliseconds"
edit.dunedin.govt.nz,"Connection timed out after 3001 milliseconds"
edogs.hamilton.govt.nz,"301"
edogs.rdc.govt.nz,"Could not resolve host: edogs.rdc.govt.nz"
education.nzta.govt.nz,"200"
educationcounts.govt.nz,"301"
eeca.govt.nz,"301"
eecabusiness.govt.nz,"Connection timed out after 3000 milliseconds"
efi.justice.govt.nz,"Could not resolve host: efi.justice.govt.nz"
efile.ird.govt.nz,"Could not resolve host: efile.ird.govt.nz"
eforms.northshorecity.govt.nz,"Could not resolve host: eforms.northshorecity.govt.nz"
egs-cas-01.ad.egs.govt.nz,"Could not resolve host: egs-cas-01.ad.egs.govt.nz"
egs-cas-02.ad.egs.govt.nz,"Could not resolve host: egs-cas-02.ad.egs.govt.nz"
egs-edfe-01.ad.egs.govt.nz,"Could not resolve host: egs-edfe-01.ad.egs.govt.nz"
egs-edfe-02.ad.egs.govt.nz,"Could not resolve host: egs-edfe-02.ad.egs.govt.nz"
eis.nzta.govt.nz,"Could not resolve host: eis.nzta.govt.nz"
elearning.maf.govt.nz,"Could not resolve host: elearning.maf.govt.nz"
electedmembers.huttcity.govt.nz,"Could not resolve host: electedmembers.huttcity.govt.nz"
elgar.govt.nz,"Could not resolve host: elgar.govt.nz"
eli.minedu.govt.nz,"302"
elireports.minedu.govt.nz,"302"
email.ccc.govt.nz,"Could not resolve host: email.ccc.govt.nz"
email.horizons.govt.nz,"Could not resolve host: email.horizons.govt.nz"
email.landtransport.govt.nz,"Connection timed out after 3001 milliseconds"
email.mdc.govt.nz,"200"
email.nzta.govt.nz,"Could not resolve host: email.nzta.govt.nz"
emis.govt.nz,"SSL: no alternative certificate subject name matches target hostname 'emis.govt.nz'"
emm.tasman.govt.nz,"Could not resolve host: emm.tasman.govt.nz"
emperor.antarcticanz.govt.nz,"Operation timed out after 3001 milliseconds with 0 bytes received"
employers.workandincome.govt.nz,"Could not resolve host: employers.workandincome.govt.nz"
en2.customs.govt.nz,"Could not resolve host: en2.customs.govt.nz"
endeavour.crownlaw.govt.nz,"Could not resolve host: endeavour.crownlaw.govt.nz"
energywise.govt.nz,"Connection timed out after 3002 milliseconds"
enet.aucklandcity.govt.nz,"Connection timed out after 3002 milliseconds"
engageonline.webtoolkit.govt.nz,"Could not resolve host: engageonline.webtoolkit.govt.nz"
enrol.education.govt.nz,"302"
enrol.minedu.govt.nz,"302"
environment.nzta.govt.nz,"200"
eoltraining.workandincome.govt.nz,"Could not resolve host: eoltraining.workandincome.govt.nz"
epa.education.govt.nz,"Could not resolve host: epa.education.govt.nz"
epayments.waipadc.govt.nz,"Connection timed out after 3002 milliseconds"
epcsp.maf.govt.nz,"403"
epcsu.maf.govt.nz,"403"
eqc.govt.nz,"301"
ere.aucklandcouncil.govt.nz,"Connection timed out after 3002 milliseconds"
erebus.antarcticanz.govt.nz,"Could not resolve host: erebus.antarcticanz.govt.nz"
erecruitment.ncc.govt.nz,"Could not resolve host: erecruitment.ncc.govt.nz"
esaa2.e-asttle.education.govt.nz,"Could not resolve host: esaa2.e-asttle.education.govt.nz"
esaa2.ppe-asttle.education.govt.nz,"Could not resolve host: esaa2.ppe-asttle.education.govt.nz"
esadmin.hamilton.govt.nz,"Could not resolve host: esadmin.hamilton.govt.nz"
esadmin.rdc.govt.nz,"Could not resolve host: esadmin.rdc.govt.nz"
eservices-test.wdc.govt.nz,"Could not resolve host: eservices-test.wdc.govt.nz"
eservices.hamilton.govt.nz,"301"
eservices.ird.govt.nz,"Could not resolve host: eservices.ird.govt.nz"
eservices.marlborough.govt.nz,"403"
eservices.napier.govt.nz,"403"
eservices.nrc.govt.nz,"403"
eservices.rdc.govt.nz,"Could not resolve host: eservices.rdc.govt.nz"
eservices.southwaikato.govt.nz,"403"
eservices.wanganui.govt.nz,"Could not resolve host: eservices.wanganui.govt.nz"
eservices.wdc.govt.nz,"Could not resolve host: eservices.wdc.govt.nz"
eservices.westernbay.govt.nz,"403"
establishment.cass.govt.nz,"Failed to connect to establishment.cass.govt.nz port 443 after 530 ms: Could not connect to server"
events.msd.govt.nz,"Could not resolve host: events.msd.govt.nz"
ewhg.eeca.govt.nz,"Could not resolve host: ewhg.eeca.govt.nz"
ewr.govt.nz,"Could not resolve host: ewr.govt.nz"
ewsg-qas.nzta.govt.nz,"Connection timed out after 3000 milliseconds"
ex1.wbopdc.govt.nz,"Could not resolve host: ex1.wbopdc.govt.nz"
exchange.ccc.govt.nz,"Could not resolve host: exchange.ccc.govt.nz"
exchange.chbdc.govt.nz,"Could not resolve host: exchange.chbdc.govt.nz"
exchange.mdc.govt.nz,"Could not resolve host: exchange.mdc.govt.nz"
exchange.mstn.govt.nz,"Could not resolve host: exchange.mstn.govt.nz"
exchange.swdc.govt.nz,"Connection timed out after 3000 milliseconds"
exchange.tauranga.govt.nz,"Connection timed out after 3000 milliseconds"
exchange.waimatedc.govt.nz,"Could not resolve host: exchange.waimatedc.govt.nz"
exchange.westlanddc.govt.nz,"Could not resolve host: exchange.westlanddc.govt.nz"
exchange01.tauranga.govt.nz,"Could not resolve host: exchange01.tauranga.govt.nz"
exchange02.tauranga.govt.nz,"Could not resolve host: exchange02.tauranga.govt.nz"
exchange1.adhb.govt.nz,"Could not resolve host: exchange1.adhb.govt.nz"
exchange3.adhb.govt.nz,"Could not resolve host: exchange3.adhb.govt.nz"
exchcas.waikatoregion.govt.nz,"Could not resolve host: exchcas.waikatoregion.govt.nz"
exchcas.wairc.govt.nz,"Could not resolve host: exchcas.wairc.govt.nz"
exec-diary.ministers.govt.nz,"Connection timed out after 3000 milliseconds"
exposition.caa.govt.nz,"301"
ext.ad.dol.govt.nz,"Could not resolve host: ext.ad.dol.govt.nz"
ext.rodney.govt.nz,"Connection timed out after 3002 milliseconds"
extb2b.tsw.govt.nz,"Could not resolve host: extb2b.tsw.govt.nz"
extdi01.parliament.govt.nz,"Could not resolve host: extdi01.parliament.govt.nz"
extfe01.parliament.govt.nz,"Could not resolve host: extfe01.parliament.govt.nz"
extranet.doc.govt.nz,"Could not resolve host: extranet.doc.govt.nz"
extranet.rbnz.govt.nz,"Could not resolve host: extranet.rbnz.govt.nz"
extranetdr.rbnz.govt.nz,"Could not resolve host: extranetdr.rbnz.govt.nz"
facebook.immigration.govt.nz,"Could not resolve host: facebook.immigration.govt.nz"
farmsonline-uat.maf.govt.nz,"Could not resolve host: farmsonline-uat.maf.govt.nz"
farmsonline.maf.govt.nz,"Could not resolve host: farmsonline.maf.govt.nz"
federation.aucklandtransport.govt.nz,"404"
filesite.ea.govt.nz,"Could not resolve host: filesite.ea.govt.nz"
filesubmission.crownfibre.govt.nz,"Could not resolve host: filesubmission.crownfibre.govt.nz"
filetransfer.boprc.govt.nz,"Could not resolve host: filetransfer.boprc.govt.nz"
fimsvc.aucklandtransport.govt.nz,"Could not resolve host: fimsvc.aucklandtransport.govt.nz"
fines.huttcity.govt.nz,"403"
firewall.hauraki-dc.govt.nz,"Could not resolve host: firewall.hauraki-dc.govt.nz"
fish.govt.nz,"Could not resolve host: fish.govt.nz"
fiu.police.govt.nz,"302"
fk.hauraki-dc.govt.nz,"Could not resolve host: fk.hauraki-dc.govt.nz"
fleetsafety.govt.nz,"Could not resolve host: fleetsafety.govt.nz"
fluoridefacts.govt.nz,"301"
fma.govt.nz,"301"
fndc.govt.nz,"301"
fndcjobs.govt.nz,"Could not resolve host: fndcjobs.govt.nz"
forms.justice.govt.nz,"200"
forms.landonline.govt.nz,"Could not resolve host: forms.landonline.govt.nz"
forms.newzealandnow.govt.nz,"Could not resolve host: forms.newzealandnow.govt.nz"
forms.police.govt.nz,"200"
formstest.justice.govt.nz,"Operation timed out after 3001 milliseconds with 0 bytes received"
forums.police.govt.nz,"Could not resolve host: forums.police.govt.nz"
fs.eqc.govt.nz,"Could not resolve host: fs.eqc.govt.nz"
fs.fish.govt.nz,"302"
fs.nzte.govt.nz,"Could not resolve host: fs.nzte.govt.nz"
fs.viki.govt.nz,"Connection timed out after 3002 milliseconds"
fs1.eqc.govt.nz,"Could not resolve host: fs1.eqc.govt.nz"
fs2.eqc.govt.nz,"Could not resolve host: fs2.eqc.govt.nz"
fsmanager.fleetsafety.govt.nz,"Could not resolve host: fsmanager.fleetsafety.govt.nz"
fts.landonline.govt.nz,"Connection timed out after 3001 milliseconds"
gateway-va.tauranga.govt.nz,"Connection timed out after 3002 milliseconds"
gateway.arc.govt.nz,"Connection timed out after 3002 milliseconds"
gateway.cyf.govt.nz,"Connection timed out after 3002 milliseconds"
gateway.horowhenua.govt.nz,"Could not resolve host: gateway.horowhenua.govt.nz"
gateway.hrc.govt.nz,"200"
gateway.trc.govt.nz,"Connection timed out after 3002 milliseconds"
gazette.govt.nz,"200"
gdc.govt.nz,"301"
genesisenergyshares.govt.nz,"Could not resolve host: genesisenergyshares.govt.nz"
gets.govt.nz,"302"
gg.govt.nz,"403"
gis.ecan.govt.nz,"200"
gis.napier.govt.nz,"Connection timed out after 3002 milliseconds"
gis.timaru.govt.nz,"Could not resolve host: gis.timaru.govt.nz"
gissecure.huttcity.govt.nz,"Could not resolve host: gissecure.huttcity.govt.nz"
gloria.npdc.govt.nz,"Could not resolve host: gloria.npdc.govt.nz"
gls-uat.maf.govt.nz,"Could not resolve host: gls-uat.maf.govt.nz"
gls-uat.nzfsa.govt.nz,"Could not resolve host: gls-uat.nzfsa.govt.nz"
gls.maf.govt.nz,"Could not resolve host: gls.maf.govt.nz"
gls.nzfsa.govt.nz,"Could not resolve host: gls.nzfsa.govt.nz"
gls.stats.govt.nz,"Could not resolve host: gls.stats.govt.nz"
glsgwpro01.transactpro.nzta.govt.nz,"Could not resolve host: glsgwpro01.transactpro.nzta.govt.nz"
glsipro01.transactpro.nzta.govt.nz,"Could not resolve host: glsipro01.transactpro.nzta.govt.nz"
gms.justice.govt.nz,"Connection timed out after 3002 milliseconds"
governmentshareoffers.govt.nz,"Could not resolve host: governmentshareoffers.govt.nz"
gpp.pmcoe.govt.nz,"Connection timed out after 3000 milliseconds"
greaterjobs.gw.govt.nz,"Could not resolve host: greaterjobs.gw.govt.nz"
greydc.govt.nz,"Could not resolve host: greydc.govt.nz"
groupwise.justice.govt.nz,"Connection timed out after 3002 milliseconds"
gstandonlineshopping.ird.govt.nz,"Could not resolve host: gstandonlineshopping.ird.govt.nz"
gw.crownlaw.govt.nz,"Could not resolve host: gw.crownlaw.govt.nz"
gw.govt.nz,"Could not resolve host: gw.govt.nz"
hat-b2b.ird.govt.nz,"Could not resolve host: hat-b2b.ird.govt.nz"
hauraki-dc.govt.nz,"Could not resolve host: hauraki-dc.govt.nz"
haveyoursay.hamilton.govt.nz,"200"
hbportal.hawkesbaydhb.govt.nz,"OpenSSL SSL_read: OpenSSL/3.5.3: error:0A00045C:SSL routines::tlsv13 alert certificate required, errno 0"
hbrc.govt.nz,"301"
hcc.govt.nz,"301"
hccexc.huttcity.govt.nz,"Could not resolve host: hccexc.huttcity.govt.nz"
hccexc.internal.huttcity.govt.nz,"Could not resolve host: hccexc.internal.huttcity.govt.nz"
hccexc2.internal.huttcity.govt.nz,"Could not resolve host: hccexc2.internal.huttcity.govt.nz"
health.govt.nz,"Could not resolve host: health.govt.nz"
healthed.govt.nz,"200"
healthemis.govt.nz,"Failed to connect to healthemis.govt.nz port 443 after 833 ms: Could not connect to server"
hearings.aupihp.govt.nz,"403"
highwayinfo.govt.nz,"Connection timed out after 3001 milliseconds"
hip.nzta.govt.nz,"200"
hkgcitrix.nzte.govt.nz,"Could not resolve host: hkgcitrix.nzte.govt.nz"
hkgexcasp1.corp.nzte.govt.nz,"Could not resolve host: hkgexcasp1.corp.nzte.govt.nz"
hkgexcasp2.corp.nzte.govt.nz,"Could not resolve host: hkgexcasp2.corp.nzte.govt.nz"
horizon.tauranga.govt.nz,"Could not resolve host: horizon.tauranga.govt.nz"
housinghelp.govt.nz,"Could not resolve host: housinghelp.govt.nz"
hpmvpermits.nzta.govt.nz,"Could not resolve host: hpmvpermits.nzta.govt.nz"
hqsc.govt.nz,"301"
hsno.govt.nz,"Could not resolve host: hsno.govt.nz"
https://efi.justice.govt.nz,"Could not resolve host: https"
huntingpermits.doc.govt.nz,"301"
iam.dol.govt.nz,"Could not resolve host: iam.dol.govt.nz"
ict.govt.nz,"TLS connect error: error:0A000458:SSL routines::tlsv1 unrecognized name"
identity.education.govt.nz,"302"
identity.i.govt.nz,"404"
identity.ort.i.govt.nz,"Connection timed out after 3001 milliseconds"
identityservices.govt.nz,"Could not resolve host: identityservices.govt.nz"
idm.aucklandtransport.govt.nz,"Could not resolve host: idm.aucklandtransport.govt.nz"
idmsvc.aucklandtransport.govt.nz,"Could not resolve host: idmsvc.aucklandtransport.govt.nz"
igwpro04.transactpro.nzta.govt.nz,"Could not resolve host: igwpro04.transactpro.nzta.govt.nz"
ilearn.dia.govt.nz,"Operation timed out after 3000 milliseconds with 0 bytes received"
ilearn.nmdhb.govt.nz,"Could not resolve host: ilearn.nmdhb.govt.nz"
imaaccept.maf.govt.nz,"403"
imaaccept1.maf.govt.nz,"403"
imaaccept2.maf.govt.nz,"Could not resolve host: imaaccept2.maf.govt.nz"
imacrt.maf.govt.nz,"Could not resolve host: imacrt.maf.govt.nz"
imacrt1.maf.govt.nz,"403"
imacrt2.maf.govt.nz,"Could not resolve host: imacrt2.maf.govt.nz"
imap.mdc.govt.nz,"Could not resolve host: imap.mdc.govt.nz"
immigration.govt.nz,"Could not resolve host: immigration.govt.nz"
improvementmethodology.govt.nz,"Could not resolve host: improvementmethodology.govt.nz"
ims.callaghaninnovation.govt.nz,"Could not resolve host: ims.callaghaninnovation.govt.nz"
ims.msi.govt.nz,"Could not resolve host: ims.msi.govt.nz"
infoconnect.highwayinfo.govt.nz,"Could not resolve host: infoconnect.highwayinfo.govt.nz"
infoconnect1.highwayinfo.govt.nz,"Connection timed out after 3002 milliseconds"
infohub.education.govt.nz,"403"
infohub.nzta.govt.nz,"301"
infohubtest.nzta.govt.nz,"Could not resolve host: infohubtest.nzta.govt.nz"
information.ncc.govt.nz,"Could not resolve host: information.ncc.govt.nz"
inmail.tec.govt.nz,"Could not resolve host: inmail.tec.govt.nz"
inorganic.waitakere.govt.nz,"Could not resolve host: inorganic.waitakere.govt.nz"
inorganiccollections.aucklandcouncil.govt.nz,"Could not resolve host: inorganiccollections.aucklandcouncil.govt.nz"
integration.education.govt.nz,"Connection timed out after 3002 milliseconds"
interact.ird.govt.nz,"Could not resolve host: interact.ird.govt.nz"
interact.strengtheningfamilies.govt.nz,"403"
interact1.ird.govt.nz,"Could not resolve host: interact1.ird.govt.nz"
interact2.ird.govt.nz,"Could not resolve host: interact2.ird.govt.nz"
interface.training.nsi.education.govt.nz,"Could not resolve host: interface.training.nsi.education.govt.nz"
internal.stdc.govt.nz,"Could not resolve host: internal.stdc.govt.nz"
internalcrm.nzte.govt.nz,"Could not resolve host: internalcrm.nzte.govt.nz"
internalrelay.tec.govt.nz,"Could not resolve host: internalrelay.tec.govt.nz"
interpreters.adhb.govt.nz,"Could not resolve host: interpreters.adhb.govt.nz"
intranetjobs.police.govt.nz,"Could not resolve host: intranetjobs.police.govt.nz"
invest.ccdu.govt.nz,"301"
io.ssc.govt.nz,"Could not resolve host: io.ssc.govt.nz"
ird.govt.nz,"301"
itenderbox.mfe.govt.nz,"Could not resolve host: itenderbox.mfe.govt.nz"
itsfaults.nzta.govt.nz,"Could not resolve host: itsfaults.nzta.govt.nz"
ittest.police.govt.nz,"Could not resolve host: ittest.police.govt.nz"
jira.callaghaninnovation.govt.nz,"Could not resolve host: jira.callaghaninnovation.govt.nz"
jobs.education.govt.nz,"301"
jobs.govt.nz,"200"
jobs.health.govt.nz,"403"
jobs.mbie.govt.nz,"200"
jobs.minedu.govt.nz,"Could not resolve host: jobs.minedu.govt.nz"
jobs.police.govt.nz,"Could not resolve host: jobs.police.govt.nz"
jobs.tepapa.govt.nz,"Could not resolve host: jobs.tepapa.govt.nz"
jule.justice.govt.nz,"Failed to connect to jule.justice.govt.nz port 443 after 1178 ms: Could not connect to server"
jupitea-z0.natlib.govt.nz,"Could not resolve host: jupitea-z0.natlib.govt.nz"
kaipara.govt.nz,"302"
kaweraudc.govt.nz,"301"
kdc-dmz-ocs.tec.govt.nz,"Could not resolve host: kdc-dmz-ocs.tec.govt.nz"
kdc-mailsvc1.tec.govt.nz,"Connection timed out after 3000 milliseconds"
kdc-mailsvc2.tec.govt.nz,"Could not resolve host: kdc-mailsvc2.tec.govt.nz"
kdc-ocs.tec.govt.nz,"Could not resolve host: kdc-ocs.tec.govt.nz"
kete.tnz.govt.nz,"Could not resolve host: kete.tnz.govt.nz"
kiosk.huttcity.govt.nz,"Could not resolve host: kiosk.huttcity.govt.nz"
kiwisaver.govt.nz,"502"
knowyourskills.careers.govt.nz,"TLS connect error: error:0A000458:SSL routines::tlsv1 unrecognized name"
komet.hcc.govt.nz,"Could not resolve host: komet.hcc.govt.nz"
korea.fta.govt.nz,"Could not resolve host: korea.fta.govt.nz"
lakesmail.lakesdhb.govt.nz,"Connection timed out after 3002 milliseconds"
lakesmail1.lakesdhb.govt.nz,"Connection timed out after 3002 milliseconds"
laxcitrix.nzte.govt.nz,"Could not resolve host: laxcitrix.nzte.govt.nz"
laxexcasp1.corp.nzte.govt.nz,"Could not resolve host: laxexcasp1.corp.nzte.govt.nz"
laxexcasp2.corp.nzte.govt.nz,"Could not resolve host: laxexcasp2.corp.nzte.govt.nz"
lcmail.nzlc.lawcom.govt.nz,"Could not resolve host: lcmail.nzlc.lawcom.govt.nz"
ldc.govt.nz,"301"
learn.mbie.govt.nz,"Could not resolve host: learn.mbie.govt.nz"
learning.nzte.govt.nz,"Could not resolve host: learning.nzte.govt.nz"
learningzone.nzta.govt.nz,"Could not resolve host: learningzone.nzta.govt.nz"
legacy.caa.govt.nz,"Connection timed out after 3002 milliseconds"
legacy.ccc.govt.nz,"Could not resolve host: legacy.ccc.govt.nz"
legacy.dia.govt.nz,"Connection timed out after 3001 milliseconds"
legacy.gdc.govt.nz,"Could not resolve host: legacy.gdc.govt.nz"
legacy.hcc.govt.nz,"Could not resolve host: legacy.hcc.govt.nz"
legacy.horizons.govt.nz,"Could not resolve host: legacy.horizons.govt.nz"
legacy.horowhenua.govt.nz,"Could not resolve host: legacy.horowhenua.govt.nz"
legacy.huttcity.govt.nz,"Could not resolve host: legacy.huttcity.govt.nz"
legacy.internal.caa.govt.nz,"Could not resolve host: legacy.internal.caa.govt.nz"
legacy.kcdc.govt.nz,"Could not resolve host: legacy.kcdc.govt.nz"
legacy.maritimenz.govt.nz,"Could not resolve host: legacy.maritimenz.govt.nz"
legacy.mch.govt.nz,"Could not resolve host: legacy.mch.govt.nz"
legacy.mchdomain.mch.govt.nz,"Could not resolve host: legacy.mchdomain.mch.govt.nz"
legacy.med.govt.nz,"Connection timed out after 3001 milliseconds"
legacy.npdc.govt.nz,"Could not resolve host: legacy.npdc.govt.nz"
legacy.nzta.govt.nz,"Could not resolve host: legacy.nzta.govt.nz"
legacy.nzte.govt.nz,"Could not resolve host: legacy.nzte.govt.nz"
legacy.selwyn.govt.nz,"Could not resolve host: legacy.selwyn.govt.nz"
legacy.southwaikato.govt.nz,"Connection timed out after 3000 milliseconds"
legacy.waikatoregion.govt.nz,"Could not resolve host: legacy.waikatoregion.govt.nz"
legacy.wairoadc.govt.nz,"Could not resolve host: legacy.wairoadc.govt.nz"
legacy.waitaki.govt.nz,"Could not resolve host: legacy.waitaki.govt.nz"
legacy.wanganui.govt.nz,"Could not resolve host: legacy.wanganui.govt.nz"
legacy.wcc.govt.nz,"Could not resolve host: legacy.wcc.govt.nz"
legalservices.aucklandcity.govt.nz,"Connection timed out after 3002 milliseconds"
library-admin.dia.govt.nz,"Could not resolve host: library-admin.dia.govt.nz"
library.corrections.govt.nz,"SSL certificate problem: unable to get local issuer certificate"
library.education.govt.nz,"200"
linz.govt.nz,"301"
linzmail.linz.govt.nz,"Connection timed out after 3001 milliseconds"
ll.mbie.govt.nz,"Connection timed out after 3001 milliseconds"
lms.minedu.govt.nz,"Could not resolve host: lms.minedu.govt.nz"
lms.oag.govt.nz,"Could not resolve host: lms.oag.govt.nz"
lmstest.oag.govt.nz,"Could not resolve host: lmstest.oag.govt.nz"
logon.landonline.govt.nz,"Connection timed out after 3000 milliseconds"
logon.passports.govt.nz,"Could not resolve host: logon.passports.govt.nz"
loncitrix.nzte.govt.nz,"Could not resolve host: loncitrix.nzte.govt.nz"
lonexcasp1.corp.nzte.govt.nz,"Could not resolve host: lonexcasp1.corp.nzte.govt.nz"
lonexcasp2.corp.nzte.govt.nz,"Could not resolve host: lonexcasp2.corp.nzte.govt.nz"
lsrp.npdc.govt.nz,"Could not resolve host: lsrp.npdc.govt.nz"
lsrp2.npdc.govt.nz,"Could not resolve host: lsrp2.npdc.govt.nz"
lsweb-ext.ecan.govt.nz,"Connection timed out after 3002 milliseconds"
lsweb-ext.npdc.govt.nz,"Could not resolve host: lsweb-ext.npdc.govt.nz"
ltpo.nzta.govt.nz,"Connection timed out after 3001 milliseconds"
ltpos.nzta.govt.nz,"Could not resolve host: ltpos.nzta.govt.nz"
lync.callaghaninnovation.govt.nz,"Could not resolve host: lync.callaghaninnovation.govt.nz"
lync.southerndhb.govt.nz,"Could not resolve host: lync.southerndhb.govt.nz"
lync.southlanddc.govt.nz,"Connection timed out after 3001 milliseconds"
lync.tnz.govt.nz,"Could not resolve host: lync.tnz.govt.nz"
lync2.tnz.govt.nz,"Could not resolve host: lync2.tnz.govt.nz"
lyncaccess.waikatoregion.govt.nz,"Could not resolve host: lyncaccess.waikatoregion.govt.nz"
lyncav.waikatoregion.govt.nz,"Could not resolve host: lyncav.waikatoregion.govt.nz"
lyncconf.msi.govt.nz,"Connection timed out after 3001 milliseconds"
lyncdiscover.aucklandcouncil.govt.nz,"Could not resolve host: lyncdiscover.aucklandcouncil.govt.nz"
lyncdiscover.aucklandtransport.govt.nz,"Could not resolve host: lyncdiscover.aucklandtransport.govt.nz"
lyncdiscover.callaghaninnovation.govt.nz,"Could not resolve host: lyncdiscover.callaghaninnovation.govt.nz"
lyncdiscover.ecan.govt.nz,"Could not resolve host: lyncdiscover.ecan.govt.nz"
lyncdiscover.gdc.govt.nz,"Could not resolve host: lyncdiscover.gdc.govt.nz"
lyncdiscover.mbie.govt.nz,"Could not resolve host: lyncdiscover.mbie.govt.nz"
lyncdiscover.msi.govt.nz,"Connection timed out after 3002 milliseconds"
lyncdiscover.nmhs.govt.nz,"Could not resolve host: lyncdiscover.nmhs.govt.nz"
lyncdiscover.npdc.govt.nz,"Could not resolve host: lyncdiscover.npdc.govt.nz"
lyncdiscover.parliament.govt.nz,"Failed to connect to lyncdiscover.parliament.govt.nz port 443 after 582 ms: Could not connect to server"
lyncdiscover.southerndhb.govt.nz,"Could not resolve host: lyncdiscover.southerndhb.govt.nz"
lyncdiscover.tnz.govt.nz,"Could not resolve host: lyncdiscover.tnz.govt.nz"
lyncdiscover.waikato.health.govt.nz,"Could not resolve host: lyncdiscover.waikato.health.govt.nz"
lyncdiscoverinternal.waikato.health.govt.nz,"Could not resolve host: lyncdiscoverinternal.waikato.health.govt.nz"
lyncedge.waikatoregion.govt.nz,"Could not resolve host: lyncedge.waikatoregion.govt.nz"
lyncpool.waikato.health.govt.nz,"Could not resolve host: lyncpool.waikato.health.govt.nz"
lyncweb.msi.govt.nz,"Connection timed out after 3001 milliseconds"
lyncweb.waikatoregion.govt.nz,"Could not resolve host: lyncweb.waikatoregion.govt.nz"
lyncweb01-ext.aucklandcouncil.govt.nz,"Could not resolve host: lyncweb01-ext.aucklandcouncil.govt.nz"
m.business.govt.nz,"TLS connect error: error:0A000458:SSL routines::tlsv1 unrecognized name"
m.eat.business.govt.nz,"SSL certificate problem: self-signed certificate in certificate chain"
mac.comcom.govt.nz,"Could not resolve host: mac.comcom.govt.nz"
maf.govt.nz,"Could not resolve host: maf.govt.nz"
mag-dev.mobility.msd.govt.nz,"Could not resolve host: mag-dev.mobility.msd.govt.nz"
mag.mobility.msd.govt.nz,"Could not resolve host: mag.mobility.msd.govt.nz"
mail.adhb.govt.nz,"Could not resolve host: mail.adhb.govt.nz"
mail.aklc.govt.nz,"302"
mail.aucklandtransport.govt.nz,"Connection timed out after 3001 milliseconds"
mail.avsec.govt.nz,"Could not resolve host: mail.avsec.govt.nz"
mail.bopdhb.govt.nz,"Could not resolve host: mail.bopdhb.govt.nz"
mail.ccc.govt.nz,"Could not resolve host: mail.ccc.govt.nz"
mail.cdc.govt.nz,"Operation timed out after 3002 milliseconds with 0 bytes received"
mail.cfh.govt.nz,"Connection timed out after 3002 milliseconds"
mail.creativenz.govt.nz,"SSL certificate problem: certificate has expired"
mail.dbh.govt.nz,"Could not resolve host: mail.dbh.govt.nz"
mail.doc.govt.nz,"SSL certificate problem: certificate has expired"
mail.e-crime.govt.nz,"Could not resolve host: mail.e-crime.govt.nz"
mail.ea.govt.nz,"Could not resolve host: mail.ea.govt.nz"
mail.educationnz.govt.nz,"Could not resolve host: mail.educationnz.govt.nz"
mail.enz.govt.nz,"Connection timed out after 3001 milliseconds"
mail.eqc.govt.nz,"Connection timed out after 3001 milliseconds"
mail.ero.govt.nz,"Could not resolve host: mail.ero.govt.nz"
mail.hcc.govt.nz,"Connection timed out after 3002 milliseconds"
mail.hqsc.govt.nz,"Connection timed out after 3002 milliseconds"
mail.hurunui.govt.nz,"Could not resolve host: mail.hurunui.govt.nz"
mail.huttcity.govt.nz,"Could not resolve host: mail.huttcity.govt.nz"
mail.ianz.govt.nz,"Connection timed out after 3002 milliseconds"
mail.ipca.govt.nz,"SSL certificate problem: self-signed certificate in certificate chain"
mail.kaipara.govt.nz,"SSL certificate problem: unable to get local issuer certificate"
mail.kaweraudc.govt.nz,"Connection timed out after 3002 milliseconds"
mail.lakesdhb.govt.nz,"Connection timed out after 3001 milliseconds"
mail.lawcom.govt.nz,"SSL: no alternative certificate subject name matches target hostname 'mail.lawcom.govt.nz'"
mail.lb.hcc.govt.nz,"Could not resolve host: mail.lb.hcc.govt.nz"
mail.library.mstn.govt.nz,"Could not resolve host: mail.library.mstn.govt.nz"
mail.mackenzie.govt.nz,"Could not resolve host: mail.mackenzie.govt.nz"
mail.maritimenz.govt.nz,"Connection timed out after 3002 milliseconds"
mail.mbie.govt.nz,"Could not resolve host: mail.mbie.govt.nz"
mail.mdc.govt.nz,"200"
mail.ministers.govt.nz,"Could not resolve host: mail.ministers.govt.nz"
mail.mstn.govt.nz,"Could not resolve host: mail.mstn.govt.nz"
mail.ncc.govt.nz,"Could not resolve host: mail.ncc.govt.nz"
mail.nmdhb.govt.nz,"Could not resolve host: mail.nmdhb.govt.nz"
mail.nmhs.govt.nz,"Connection timed out after 3002 milliseconds"
mail.npdc.govt.nz,"SSL: no alternative certificate subject name matches target hostname 'mail.npdc.govt.nz'"
mail.nzonair.govt.nz,"Could not resolve host: mail.nzonair.govt.nz"
mail.nzta.govt.nz,"Could not resolve host: mail.nzta.govt.nz"
mail.omnet.otagomuseum.govt.nz,"Could not resolve host: mail.omnet.otagomuseum.govt.nz"
mail.orc.govt.nz,"SSL: no alternative certificate subject name matches target hostname 'mail.orc.govt.nz'"
mail.otagomuseum.govt.nz,"Connection timed out after 3001 milliseconds"
mail.productivity.govt.nz,"Could not resolve host: mail.productivity.govt.nz"
mail.ruapehudc.govt.nz,"Connection timed out after 3002 milliseconds"
mail.selwyn.govt.nz,"302"
mail.sfo.govt.nz,"Connection timed out after 3001 milliseconds"
mail.shorelibraries.govt.nz,"Connection timed out after 3002 milliseconds"
mail.southwaikato.govt.nz,"Connection timed out after 3001 milliseconds"
mail.stdc.govt.nz,"Could not resolve host: mail.stdc.govt.nz"
mail.swdc.govt.nz,"Connection timed out after 3000 milliseconds"
mail.swktodc.govt.nz,"Connection timed out after 3001 milliseconds"
mail.tararuadc.govt.nz,"Connection timed out after 3001 milliseconds"
mail.tasman.govt.nz,"Connection timed out after 3001 milliseconds"
mail.taupodc.govt.nz,"Connection timed out after 3000 milliseconds"
mail.tauranga.govt.nz,"Could not resolve host: mail.tauranga.govt.nz"
mail.tdc.govt.nz,"Could not resolve host: mail.tdc.govt.nz"
mail.teacherscouncil.govt.nz,"Could not resolve host: mail.teacherscouncil.govt.nz"
mail.wairoadc.govt.nz,"Could not resolve host: mail.wairoadc.govt.nz"
mail.wanganui.govt.nz,"SSL: no alternative certificate subject name matches target hostname 'mail.wanganui.govt.nz'"
mail.wcrc.govt.nz,"302"
mail.westlanddc.govt.nz,"403"
mail.xrb.govt.nz,"Connection timed out after 3002 milliseconds"
mail01.safetravel.govt.nz,"Could not resolve host: mail01.safetravel.govt.nz"
mail1.corrections.govt.nz,"SSL: no alternative certificate subject name matches target hostname 'mail1.corrections.govt.nz'"
mail1.maritimenz.govt.nz,"Could not resolve host: mail1.maritimenz.govt.nz"
mail2.corrections.govt.nz,"Could not resolve host: mail2.corrections.govt.nz"
mail2.eqc.govt.nz,"Connection timed out after 3001 milliseconds"
mail2.maritimenz.govt.nz,"Could not resolve host: mail2.maritimenz.govt.nz"
mailas.adhb.govt.nz,"Could not resolve host: mailas.adhb.govt.nz"
mailmast.gw.govt.nz,"Could not resolve host: mailmast.gw.govt.nz"
manukau.govt.nz,"Connection timed out after 3002 milliseconds"
map.dpmc.govt.nz,"Could not resolve host: map.dpmc.govt.nz"
mapping.cera.govt.nz,"301"
maps-test.linz.govt.nz,"Connection timed out after 3002 milliseconds"
maps.aucklandcouncil.govt.nz,"Connection timed out after 3002 milliseconds"
maps.linz.govt.nz,"Connection timed out after 3001 milliseconds"
maps.napier.govt.nz,"Connection timed out after 3002 milliseconds"
maps.nzta.govt.nz,"Connection timed out after 3001 milliseconds"
maps.stats.govt.nz,"Could not resolve host: maps.stats.govt.nz"
mapservices.horizons.govt.nz,"Could not resolve host: mapservices.horizons.govt.nz"
mapstest.nzta.govt.nz,"Could not resolve host: mapstest.nzta.govt.nz"
mapsuat.nzta.govt.nz,"Connection timed out after 3001 milliseconds"
maritimenz.govt.nz,"403"
marvin.gdc.govt.nz,"Could not resolve host: marvin.gdc.govt.nz"
masupcomp02.aklc.govt.nz,"Could not resolve host: masupcomp02.aklc.govt.nz"
mch.govt.nz,"403"
mchexchange2.mchdomain.mch.govt.nz,"Could not resolve host: mchexchange2.mchdomain.mch.govt.nz"
mchsrvexch01.mchdomain.mch.govt.nz,"Could not resolve host: mchsrvexch01.mchdomain.mch.govt.nz"
mdc.govt.nz,"301"
mdcexch1.mdc.govt.nz,"Could not resolve host: mdcexch1.mdc.govt.nz"
mdm-dev.mobility.msd.govt.nz,"Could not resolve host: mdm-dev.mobility.msd.govt.nz"
mdm.mobility.msd.govt.nz,"Could not resolve host: mdm.mobility.msd.govt.nz"
mdm.tec.govt.nz,"Could not resolve host: mdm.tec.govt.nz"
mdm.westernbay.govt.nz,"Connection timed out after 3000 milliseconds"
mdmrelay.aklc.govt.nz,"Connection timed out after 3002 milliseconds"
media.police.govt.nz,"Could not resolve host: media.police.govt.nz"
mediawiki.landonline.govt.nz,"Connection timed out after 3002 milliseconds"
meet.aucklandcouncil.govt.nz,"Could not resolve host: meet.aucklandcouncil.govt.nz"
meet.aucklandtransport.govt.nz,"Could not resolve host: meet.aucklandtransport.govt.nz"
meet.callaghaninnovation.govt.nz,"Could not resolve host: meet.callaghaninnovation.govt.nz"
meet.ecan.govt.nz,"Could not resolve host: meet.ecan.govt.nz"
meet.gdc.govt.nz,"Could not resolve host: meet.gdc.govt.nz"
meet.mbie.govt.nz,"Could not resolve host: meet.mbie.govt.nz"
meet.msi.govt.nz,"Could not resolve host: meet.msi.govt.nz"
meet.nmhs.govt.nz,"Could not resolve host: meet.nmhs.govt.nz"
meet.nmhs.nmhs.govt.nz,"Could not resolve host: meet.nmhs.nmhs.govt.nz"
meet.npdc.govt.nz,"Could not resolve host: meet.npdc.govt.nz"
meet.parliament.govt.nz,"Failed to connect to meet.parliament.govt.nz port 443 after 569 ms: Could not connect to server"
meet.southerndhb.govt.nz,"Could not resolve host: meet.southerndhb.govt.nz"
meet.southlanddc.govt.nz,"Connection timed out after 3001 milliseconds"
meet.tnz.govt.nz,"Could not resolve host: meet.tnz.govt.nz"
meet.waikato.health.govt.nz,"Could not resolve host: meet.waikato.health.govt.nz"
meeting.pcc.govt.nz,"Could not resolve host: meeting.pcc.govt.nz"
mercury.gw.govt.nz,"Could not resolve host: mercury.gw.govt.nz"
meridianshares.govt.nz,"Could not resolve host: meridianshares.govt.nz"
mfatgovtnz-preprod-trial.cwp.govt.nz,"Could not resolve host: mfatgovtnz-preprod-trial.cwp.govt.nz"
mfe.govt.nz,"200"
mfemail.mfe.govt.nz,"Connection timed out after 3001 milliseconds"
mfemail1.mfe.govt.nz,"Could not resolve host: mfemail1.mfe.govt.nz"
midcentraldhb.govt.nz,"307"
mightyrivershares.govt.nz,"Could not resolve host: mightyrivershares.govt.nz"
mmail.maf.govt.nz,"Could not resolve host: mmail.maf.govt.nz"
mobi.minedu.govt.nz,"Could not resolve host: mobi.minedu.govt.nz"
mobile.dbh.govt.nz,"Could not resolve host: mobile.dbh.govt.nz"
mobile.doc.govt.nz,"403"
mobile.dol.govt.nz,"Could not resolve host: mobile.dol.govt.nz"
mobile.eqc.govt.nz,"Connection timed out after 3002 milliseconds"
mobile.hdc.govt.nz,"Could not resolve host: mobile.hdc.govt.nz"
mobile.mbie.govt.nz,"Recv failure: Connexion ré-initialisée par le correspondant"
mobile.med.govt.nz,"Recv failure: Connexion ré-initialisée par le correspondant"
mobile.police.govt.nz,"Could not resolve host: mobile.police.govt.nz"
mobile.studylink.govt.nz,"Connection timed out after 3002 milliseconds"
mobile.tec.govt.nz,"Could not resolve host: mobile.tec.govt.nz"
mobilemail.tauranga.govt.nz,"Could not resolve host: mobilemail.tauranga.govt.nz"
mobileopa.linz.govt.nz,"Connection timed out after 3002 milliseconds"
mobility.customs.govt.nz,"SSL certificate problem: self-signed certificate in certificate chain"
moh.govt.nz,"Could not resolve host: moh.govt.nz"
mot.govt.nz,"Connection timed out after 3002 milliseconds"
motochek.landtransport.govt.nz,"Connection timed out after 3000 milliseconds"
mpaccept.maf.govt.nz,"Could not resolve host: mpaccept.maf.govt.nz"
mpaccept1.maf.govt.nz,"403"
mpaccept2.maf.govt.nz,"Could not resolve host: mpaccept2.maf.govt.nz"
mpcert.maf.govt.nz,"Could not resolve host: mpcert.maf.govt.nz"
mpcert1.maf.govt.nz,"403"
mpcert2.maf.govt.nz,"Could not resolve host: mpcert2.maf.govt.nz"
mpe.nzta.govt.nz,"Connection timed out after 3002 milliseconds"
mpew.nzta.govt.nz,"Could not resolve host: mpew.nzta.govt.nz"
mpi.govt.nz,"200"
mpia.govt.nz,"200"
msdcareers.msd.govt.nz,"Could not resolve host: msdcareers.msd.govt.nz"
msdmail.msd.govt.nz,"Could not resolve host: msdmail.msd.govt.nz"
msex2007.crownlaw.govt.nz,"Could not resolve host: msex2007.crownlaw.govt.nz"
msex2010.crownlaw.govt.nz,"Could not resolve host: msex2010.crownlaw.govt.nz"
msex2010.gls.govt.nz,"Could not resolve host: msex2010.gls.govt.nz"
mstn.govt.nz,"301"
mts.realme.govt.nz,"Could not resolve host: mts.realme.govt.nz"
my.studylink.govt.nz,"302"
myairwatch.minedu.govt.nz,"Could not resolve host: myairwatch.minedu.govt.nz"
myapps.aklc.govt.nz,"Could not resolve host: myapps.aklc.govt.nz"
myapps.mfe.govt.nz,"Could not resolve host: myapps.mfe.govt.nz"
mycareer.mpi.govt.nz,"200"
mycareer.nzta.govt.nz,"Could not resolve host: mycareer.nzta.govt.nz"
mydrportal.rbnz.govt.nz,"Could not resolve host: mydrportal.rbnz.govt.nz"
mydrvpn.rbnz.govt.nz,"Could not resolve host: mydrvpn.rbnz.govt.nz"
myfrst.frst.govt.nz,"Could not resolve host: myfrst.frst.govt.nz"
myinfo.southerndhb.govt.nz,"Could not resolve host: myinfo.southerndhb.govt.nz"
mykete.tnz.govt.nz,"Could not resolve host: mykete.tnz.govt.nz"
mymag.minedu.govt.nz,"Could not resolve host: mymag.minedu.govt.nz"
mymail.minedu.govt.nz,"SSL: no alternative certificate subject name matches target hostname 'mymail.minedu.govt.nz'"
myoffice.eeca.govt.nz,"Could not resolve host: myoffice.eeca.govt.nz"
myoffice.mfe.govt.nz,"Could not resolve host: myoffice.mfe.govt.nz"
myoffice.nzonair.govt.nz,"Could not resolve host: myoffice.nzonair.govt.nz"
myoffice.tmp.govt.nz,"Could not resolve host: myoffice.tmp.govt.nz"
myportal.rbnz.govt.nz,"Could not resolve host: myportal.rbnz.govt.nz"
myportal1.wcc.govt.nz,"Could not resolve host: myportal1.wcc.govt.nz"
myremote.minedu.govt.nz,"Could not resolve host: myremote.minedu.govt.nz"
myseg.minedu.govt.nz,"Could not resolve host: myseg.minedu.govt.nz"
myvdi.minedu.govt.nz,"Could not resolve host: myvdi.minedu.govt.nz"
myview.minedu.govt.nz,"Could not resolve host: myview.minedu.govt.nz"
myvpn.rbnz.govt.nz,"Could not resolve host: myvpn.rbnz.govt.nz"
nabersnz.govt.nz,"302"
napier.govt.nz,"SSL certificate problem: unable to get local issuer certificate"
naso.govt.nz,"302"
natlib.govt.nz,"200"
ncc.govt.nz,"200"
nccvpn.napier.govt.nz,"Could not resolve host: nccvpn.napier.govt.nz"
ncs.southlanddc.govt.nz,"Connection timed out after 3001 milliseconds"
ndd.govt.nz,"301"
nelson-city.ncc.govt.nz,"Could not resolve host: nelson-city.ncc.govt.nz"
neptune.local.waikatodc.govt.nz,"Could not resolve host: neptune.local.waikatodc.govt.nz"
netilla.hauraki-dc.govt.nz,"Could not resolve host: netilla.hauraki-dc.govt.nz"
new.see.govt.nz,"Could not resolve host: new.see.govt.nz"
newmail.franklin.govt.nz,"Connection timed out after 3002 milliseconds"
newzealandnow.govt.nz,"301"
nfuse.lakesdhb.govt.nz,"302"
ngs.msd.govt.nz,"Could not resolve host: ngs.msd.govt.nz"
nmdhb.govt.nz,"307"
nncas1.nmhs.nmhs.govt.nz,"Could not resolve host: nncas1.nmhs.nmhs.govt.nz"
nnlyncedge1.nmhs.nmhs.govt.nz,"Could not resolve host: nnlyncedge1.nmhs.nmhs.govt.nz"
nnvpn.nmdhb.govt.nz,"Could not resolve host: nnvpn.nmdhb.govt.nz"
nnvpn.nmhs.govt.nz,"Could not resolve host: nnvpn.nmhs.govt.nz"
north-ourplace.msd.govt.nz,"Could not resolve host: north-ourplace.msd.govt.nz"
northshorecity.govt.nz,"Connection timed out after 3001 milliseconds"
nppa-inspections.maf.govt.nz,"200"
nrc.govt.nz,"301"
nsccglsi.northshorecity.govt.nz,"Could not resolve host: nsccglsi.northshorecity.govt.nz"
nsi.compliance.education.govt.nz,"200"
nsi.compliance.interface.education.govt.nz,"200"
nsi.education.govt.nz,"200"
nsi2pp.education.govt.nz,"Could not resolve host: nsi2pp.education.govt.nz"
nsicompl.education.govt.nz,"Could not resolve host: nsicompl.education.govt.nz"
nsicompl.nsi.govt.nz,"Could not resolve host: nsicompl.nsi.govt.nz"
nsu.govt.nz,"301"
nvpn.msd.govt.nz,"SSL certificate problem: self-signed certificate in certificate chain"
nzaklex01.ad.dol.govt.nz,"Could not resolve host: nzaklex01.ad.dol.govt.nz"
nzbit.tec.govt.nz,"200"
nzbn.business.govt.nz,"Could not resolve host: nzbn.business.govt.nz"
nzha.linz.govt.nz,"Connection timed out after 3002 milliseconds"
nzis.ad.dol.govt.nz,"Could not resolve host: nzis.ad.dol.govt.nz"
nzpda.police.govt.nz,"Could not resolve host: nzpda.police.govt.nz"
nzqa.govt.nz,"Connection timed out after 3001 milliseconds"
nzta.govt.nz,"200"
nztapayments-systest.nzta.govt.nz,"Could not resolve host: nztapayments-systest.nzta.govt.nz"
nztapayments-uat.nzta.govt.nz,"Could not resolve host: nztapayments-uat.nzta.govt.nz"
nzte.govt.nz,"301"
nzte.nzte.govt.nz,"Could not resolve host: nzte.nzte.govt.nz"
nzwlgex01.ad.dol.govt.nz,"Could not resolve host: nzwlgex01.ad.dol.govt.nz"
nzwlgex02.ad.dol.govt.nz,"Could not resolve host: nzwlgex02.ad.dol.govt.nz"
nzwlgexnlb01.ad.dol.govt.nz,"Could not resolve host: nzwlgexnlb01.ad.dol.govt.nz"
occurrences.caa.govt.nz,"Could not resolve host: occurrences.caa.govt.nz"
ocportal.parliament.govt.nz,"Could not resolve host: ocportal.parliament.govt.nz"
ocportal2.parliament.govt.nz,"Could not resolve host: ocportal2.parliament.govt.nz"
ocs.tec.govt.nz,"Could not resolve host: ocs.tec.govt.nz"
ocs.treasury.govt.nz,"Could not resolve host: ocs.treasury.govt.nz"
office.aklc.govt.nz,"Could not resolve host: office.aklc.govt.nz"
online.immigration.govt.nz,"200"
online.northshorecity.govt.nz,"Connection timed out after 3002 milliseconds"
online.passports.govt.nz,"Could not resolve host: online.passports.govt.nz"
online.studylink.govt.nz,"302"
online.taupo.govt.nz,"403"
onlinephotochecker.passports.govt.nz,"302"
onlineservices.gdc.govt.nz,"403"
onthemove.govt.nz,"Could not resolve host: onthemove.govt.nz"
ootwnsvr06.ooto.ombudsmen.govt.nz,"Could not resolve host: ootwnsvr06.ooto.ombudsmen.govt.nz"
opa.linz.govt.nz,"Could not resolve host: opa.linz.govt.nz"
opaag.linz.govt.nz,"Could not resolve host: opaag.linz.govt.nz"
orc-fw-asa-01.orc.govt.nz,"Connection timed out after 3001 milliseconds"
origenweb.ncc.govt.nz,"Could not resolve host: origenweb.ncc.govt.nz"
ort.assessment.webstandards.govt.nz,"Could not resolve host: ort.assessment.webstandards.govt.nz"
ort.ilearn.dia.govt.nz,"Connection timed out after 3000 milliseconds"
otodc-mail.otodc.govt.nz,"Connection timed out after 3002 milliseconds"
otodc.govt.nz,"301"
ourplace.msd.govt.nz,"Could not resolve host: ourplace.msd.govt.nz"
ourspace.huttcity.govt.nz,"Could not resolve host: ourspace.huttcity.govt.nz"
outlook.ccc.govt.nz,"301"
outlook.fndc.govt.nz,"Connection timed out after 3000 milliseconds"
outlook.frst.govt.nz,"Could not resolve host: outlook.frst.govt.nz"
outlook.manukau.govt.nz,"Connection timed out after 3002 milliseconds"
outlook.med.govt.nz,"Could not resolve host: outlook.med.govt.nz"
outlook.rodney.govt.nz,"Could not resolve host: outlook.rodney.govt.nz"
outlook.tcdc.govt.nz,"Connection timed out after 3002 milliseconds"
outlookstandby.med.govt.nz,"Could not resolve host: outlookstandby.med.govt.nz"
owa.adc.govt.nz,"Could not resolve host: owa.adc.govt.nz"
owa.aucklandtransport.govt.nz,"Failed to connect to owa.aucklandtransport.govt.nz port 443 after 2213 ms: Could not connect to server"
owa.caa.govt.nz,"SSL: no alternative certificate subject name matches target hostname 'owa.caa.govt.nz'"
owa.dia.govt.nz,"Connection timed out after 3000 milliseconds"
owa.ecan.govt.nz,"Connection timed out after 3002 milliseconds"
owa.emis.govt.nz,"Connection timed out after 3001 milliseconds"
owa.greydc.govt.nz,"Connection timed out after 3001 milliseconds"
owa.learningstate.govt.nz,"Could not resolve host: owa.learningstate.govt.nz"
owa.lsa.govt.nz,"Connection timed out after 3002 milliseconds"
owa.morst.govt.nz,"Could not resolve host: owa.morst.govt.nz"
owa.msi.govt.nz,"Could not resolve host: owa.msi.govt.nz"
owa.ncmc.govt.nz,"Could not resolve host: owa.ncmc.govt.nz"
owa.nmdhb.govt.nz,"Connection timed out after 3000 milliseconds"
owa.nmhs.govt.nz,"Could not resolve host: owa.nmhs.govt.nz"
owa.oag.govt.nz,"Could not resolve host: owa.oag.govt.nz"
owa.ombudsmen.govt.nz,"Could not resolve host: owa.ombudsmen.govt.nz"
owa.reaa.govt.nz,"Connection timed out after 3000 milliseconds"
owa.seccom.govt.nz,"Connection timed out after 3003 milliseconds"
owa.southlanddc.govt.nz,"Connection timed out after 3001 milliseconds"
owa.timdc.govt.nz,"Failed to connect to owa.timdc.govt.nz port 443 after 312 ms: Could not connect to server"
owa.waidc.govt.nz,"Could not resolve host: owa.waidc.govt.nz"
owa.waimakariri.govt.nz,"Could not resolve host: owa.waimakariri.govt.nz"
owa.wdc.govt.nz,"Could not resolve host: owa.wdc.govt.nz"
owm.waikatoregion.govt.nz,"Failed to connect to owm.waikatoregion.govt.nz port 443 after 310 ms: Could not connect to server"
pact.education.govt.nz,"200"
pactinfo.education.govt.nz,"Could not resolve host: pactinfo.education.govt.nz"
parkingtickets.wellington.govt.nz,"Could not resolve host: parkingtickets.wellington.govt.nz"
parliament.govt.nz,"Could not resolve host: parliament.govt.nz"
passports.govt.nz,"301"
payment.aucklandcity.govt.nz,"SSL: no alternative certificate subject name matches target hostname 'payment.aucklandcity.govt.nz'"
payment.elgar.govt.nz,"Could not resolve host: payment.elgar.govt.nz"
payments.northshorecity.govt.nz,"Recv failure: Connexion ré-initialisée par le correspondant"
payroll-test.novopay.govt.nz,"Connection timed out after 3002 milliseconds"
pcc.govt.nz,"Could not resolve host: pcc.govt.nz"
pcctransfer.pcc.govt.nz,"Could not resolve host: pcctransfer.pcc.govt.nz"
perf-b2b.ird.govt.nz,"Could not resolve host: perf-b2b.ird.govt.nz"
permits.nzpam.govt.nz,"Could not resolve host: permits.nzpam.govt.nz"
pes.waitematadhb.govt.nz,"200"
pharmac.govt.nz,"301"
pilot.onthemove.govt.nz,"Could not resolve host: pilot.onthemove.govt.nz"
pip.walkingaccess.govt.nz,"Could not resolve host: pip.walkingaccess.govt.nz"
pmawards.education.govt.nz,"Could not resolve host: pmawards.education.govt.nz"
pncc.govt.nz,"301"
pnt-ex2.horizons.govt.nz,"Could not resolve host: pnt-ex2.horizons.govt.nz"
police.govt.nz,"302"
pop3.mdc.govt.nz,"Could not resolve host: pop3.mdc.govt.nz"
portal.antarcticanz.govt.nz,"Could not resolve host: portal.antarcticanz.govt.nz"
portal.dqe.identityservices.govt.nz,"Could not resolve host: portal.dqe.identityservices.govt.nz"
portal.horowhenua.govt.nz,"Could not resolve host: portal.horowhenua.govt.nz"
portal.identityservices.govt.nz,"Could not resolve host: portal.identityservices.govt.nz"
portal.kcdc.govt.nz,"Could not resolve host: portal.kcdc.govt.nz"
portal.ldc.govt.nz,"Could not resolve host: portal.ldc.govt.nz"
portal.mpia.govt.nz,"Operation timed out after 3002 milliseconds with 0 bytes received"
portal.pcc.govt.nz,"Could not resolve host: portal.pcc.govt.nz"
portal.pharmac.govt.nz,"301"
portal.southlanddc.govt.nz,"Connection timed out after 3001 milliseconds"
portal.viki.govt.nz,"Connection timed out after 3002 milliseconds"
portal.wanganui.govt.nz,"SSL: no alternative certificate subject name matches target hostname 'portal.wanganui.govt.nz'"
portal1.gsn.govt.nz,"Could not resolve host: portal1.gsn.govt.nz"
portala.maf.govt.nz,"Could not resolve host: portala.maf.govt.nz"
portalw.maf.govt.nz,"Could not resolve host: portalw.maf.govt.nz"
poutama.morst.govt.nz,"Could not resolve host: poutama.morst.govt.nz"
ppdailynotes.minedu.govt.nz,"Could not resolve host: ppdailynotes.minedu.govt.nz"
ppdex.minedu.govt.nz,"Could not resolve host: ppdex.minedu.govt.nz"
ppe-asttle.education.govt.nz,"Could not resolve host: ppe-asttle.education.govt.nz"
ppeli.minedu.govt.nz,"Operation timed out after 3002 milliseconds with 0 bytes received"
ppelireports.minedu.govt.nz,"Operation timed out after 3002 milliseconds with 0 bytes received"
ppinfohub.education.govt.nz,"403"
ppintegration.education.govt.nz,"Connection timed out after 3002 milliseconds"
ppnsi.education.govt.nz,"200"
ppnsi.nsi.govt.nz,"Could not resolve host: ppnsi.nsi.govt.nz"
ppp.minedu.govt.nz,"Could not resolve host: ppp.minedu.govt.nz"
ppsecurity.education.govt.nz,"301"
ppsteo.education.govt.nz,"Could not resolve host: ppsteo.education.govt.nz"
preprod.gets.govt.nz,"Could not resolve host: preprod.gets.govt.nz"
primetime.nzta.govt.nz,"Could not resolve host: primetime.nzta.govt.nz"
procurement.minedu.govt.nz,"Could not resolve host: procurement.minedu.govt.nz"
procurementpp.minedu.govt.nz,"Could not resolve host: procurementpp.minedu.govt.nz"
prod.esas-austraclear.rbnz.govt.nz,"Could not resolve host: prod.esas-austraclear.rbnz.govt.nz"
propmaintenance.aucklandcity.govt.nz,"Could not resolve host: propmaintenance.aucklandcity.govt.nz"
protected-objects.govt.nz,"403"
protectivesecurity.govt.nz,"301"
providerregulation.health.govt.nz,"200"
providers.workandincome.govt.nz,"200"
providinginformation.nzsis.govt.nz,"405"
proxy.aucklandtransport.govt.nz,"Could not resolve host: proxy.aucklandtransport.govt.nz"
pscaht02.ps.ad.parliament.govt.nz,"Could not resolve host: pscaht02.ps.ad.parliament.govt.nz"
psd.govt.nz,"Connection timed out after 3001 milliseconds"
psi.govt.nz,"Connection timed out after 3000 milliseconds"
psvmcaht01-dr.ps.ad.parliament.govt.nz,"Could not resolve host: psvmcaht01-dr.ps.ad.parliament.govt.nz"
psvmcaht01.ps.ad.parliament.govt.nz,"Could not resolve host: psvmcaht01.ps.ad.parliament.govt.nz"
psvmcaht03.ps.ad.parliament.govt.nz,"Could not resolve host: psvmcaht03.ps.ad.parliament.govt.nz"
qa-esadmin.hamilton.govt.nz,"Connection timed out after 3002 milliseconds"
qa-esadmin.rdc.govt.nz,"Could not resolve host: qa-esadmin.rdc.govt.nz"
qa-eservices.hamilton.govt.nz,"Connection timed out after 3002 milliseconds"
qa-eservices.rdc.govt.nz,"Could not resolve host: qa-eservices.rdc.govt.nz"
qa-sts.hamilton.govt.nz,"Connection timed out after 3002 milliseconds"
qa-sts.rdc.govt.nz,"Could not resolve host: qa-sts.rdc.govt.nz"
qldc.govt.nz,"308"
qual-b2b.ird.govt.nz,"Could not resolve host: qual-b2b.ird.govt.nz"
quality.minedu.govt.nz,"Could not resolve host: quality.minedu.govt.nz"
ra.med.govt.nz,"302"
ra1.ecan.govt.nz,"Could not resolve host: ra1.ecan.govt.nz"
ra2.ecan.govt.nz,"Could not resolve host: ra2.ecan.govt.nz"
rac.msd.govt.nz,"Could not resolve host: rac.msd.govt.nz"
ramp-permit-taupo.dia.govt.nz,"Could not resolve host: ramp-permit-taupo.dia.govt.nz"
ras1.police.govt.nz,"404"
ras2.police.govt.nz,"404"
ras4.police.govt.nz,"TLS connect error: error:0A00018A:SSL routines::dh key too small"
ras9.police.govt.nz,"TLS connect error: error:0A00018A:SSL routines::dh key too small"
rates.huttcity.govt.nz,"Could not resolve host: rates.huttcity.govt.nz"
rates.swdc.govt.nz,"Connection timed out after 3000 milliseconds"
ratesenquiry.swdc.govt.nz,"Could not resolve host: ratesenquiry.swdc.govt.nz"
ratesonline.huttcity.govt.nz,"Could not resolve host: ratesonline.huttcity.govt.nz"
ratesrebates.govt.nz,"TLS connect error: error:0A000458:SSL routines::tlsv1 unrecognized name"
rdc-mx1.rangdc.govt.nz,"Could not resolve host: rdc-mx1.rangdc.govt.nz"
rdc.govt.nz,"301"
rds.cfh.govt.nz,"Connection timed out after 3002 milliseconds"
rds.kcdc.govt.nz,"SSL: no alternative certificate subject name matches target hostname 'rds.kcdc.govt.nz'"
rds1.internal.ermanz.govt.nz,"Could not resolve host: rds1.internal.ermanz.govt.nz"
rds2.internal.ermanz.govt.nz,"Could not resolve host: rds2.internal.ermanz.govt.nz"
rds3.internal.ermanz.govt.nz,"Could not resolve host: rds3.internal.ermanz.govt.nz"
rdsfarm1.kcdc.govt.nz,"Could not resolve host: rdsfarm1.kcdc.govt.nz"
rdsgw.southlanddc.govt.nz,"Connection timed out after 3002 milliseconds"
rdsweb.southlanddc.govt.nz,"Connection timed out after 3002 milliseconds"
rdts.ianz.govt.nz,"Could not resolve host: rdts.ianz.govt.nz"
rdweb.comcom.govt.nz,"Could not resolve host: rdweb.comcom.govt.nz"
reaa.govt.nz,"301"
reaawlgex01.reaa.govt.nz,"Could not resolve host: reaawlgex01.reaa.govt.nz"
realme.govt.nz,"301"
receiver.horowhenua.govt.nz,"Could not resolve host: receiver.horowhenua.govt.nz"
register.charities.govt.nz,"302"
register.gets.govt.nz,"Connection timed out after 3002 milliseconds"
register.newzealandnow.govt.nz,"Could not resolve host: register.newzealandnow.govt.nz"
register.safetravel.govt.nz,"301"
registermybaby.dia.govt.nz,"SSL: no alternative certificate subject name matches target hostname 'registermybaby.dia.govt.nz'"
registers.nzta.govt.nz,"Connection timed out after 3002 milliseconds"
regulatory.qldc.govt.nz,"Connection timed out after 3001 milliseconds"
remote-ak.eur.govt.nz,"Could not resolve host: remote-ak.eur.govt.nz"
remote-wn.eur.govt.nz,"Could not resolve host: remote-wn.eur.govt.nz"
remote.archives.govt.nz,"Connection timed out after 3002 milliseconds"
remote.aucklandtransport.govt.nz,"Failed to connect to remote.aucklandtransport.govt.nz port 443 after 1585 ms: Could not connect to server"
remote.cfh.govt.nz,"Connection timed out after 3002 milliseconds"
remote.comcom.govt.nz,"Could not resolve host: remote.comcom.govt.nz"
remote.corrections.govt.nz,"Could not resolve host: remote.corrections.govt.nz"
remote.council.hcc.govt.nz,"Could not resolve host: remote.council.hcc.govt.nz"
remote.dol.govt.nz,"Could not resolve host: remote.dol.govt.nz"
remote.ero.govt.nz,"Could not resolve host: remote.ero.govt.nz"
remote.es.govt.nz,"Connection timed out after 3000 milliseconds"
remote.gdc.govt.nz,"Connection timed out after 3002 milliseconds"
remote.hcc.govt.nz,"Could not resolve host: remote.hcc.govt.nz"
remote.horizons.govt.nz,"302"
remote.huttcity.govt.nz,"Could not resolve host: remote.huttcity.govt.nz"
remote.ird.govt.nz,"Could not resolve host: remote.ird.govt.nz"
remote.mbie.govt.nz,"Could not resolve host: remote.mbie.govt.nz"
remote.med.govt.nz,"Could not resolve host: remote.med.govt.nz"
remote.minedu.govt.nz,"Could not resolve host: remote.minedu.govt.nz"
remote.moh.govt.nz,"Connection timed out after 3000 milliseconds"
remote.mwa.govt.nz,"Could not resolve host: remote.mwa.govt.nz"
remote.northshorecity.govt.nz,"Connection timed out after 3002 milliseconds"
remote.npdc.govt.nz,"Could not resolve host: remote.npdc.govt.nz"
remote.pcc.govt.nz,"Could not resolve host: remote.pcc.govt.nz"
remote.police.govt.nz,"Could not resolve host: remote.police.govt.nz"
remote.productivity.govt.nz,"Could not resolve host: remote.productivity.govt.nz"
remote.rangitikei.govt.nz,"Connection timed out after 3001 milliseconds"
remote.reaa.govt.nz,"Connection timed out after 3002 milliseconds"
remote.southwaikato.govt.nz,"Connection timed out after 3002 milliseconds"
remote.stats.govt.nz,"Could not resolve host: remote.stats.govt.nz"
remote.swrb.govt.nz,"Could not resolve host: remote.swrb.govt.nz"
remote.timdc.govt.nz,"Connection timed out after 3002 milliseconds"
remote.tnz.govt.nz,"Could not resolve host: remote.tnz.govt.nz"
remote.trc.govt.nz,"Could not resolve host: remote.trc.govt.nz"
remote.waitakere.govt.nz,"Could not resolve host: remote.waitakere.govt.nz"
remote.whakatane.govt.nz,"Connection timed out after 3001 milliseconds"
remote.xrb.govt.nz,"Could not resolve host: remote.xrb.govt.nz"
remote1.cdhb.govt.nz,"Could not resolve host: remote1.cdhb.govt.nz"
remote1.corrections.govt.nz,"Could not resolve host: remote1.corrections.govt.nz"
remote1.ird.govt.nz,"Could not resolve host: remote1.ird.govt.nz"
remote2.cdhb.govt.nz,"Could not resolve host: remote2.cdhb.govt.nz"
remote2.corrections.govt.nz,"Could not resolve host: remote2.corrections.govt.nz"
remote2.mbie.govt.nz,"Could not resolve host: remote2.mbie.govt.nz"
remote2.med.govt.nz,"Could not resolve host: remote2.med.govt.nz"
remoteaccess.aklc.govt.nz,"Could not resolve host: remoteaccess.aklc.govt.nz"
remoteaccess.epa.govt.nz,"Connection timed out after 3001 milliseconds"
remoteaccess.msd.govt.nz,"302"
remotesupport.stats.govt.nz,"200"
renewals.huttcity.govt.nz,"403"
request.teacherscouncil.govt.nz,"Could not resolve host: request.teacherscouncil.govt.nz"
reset.landonline.govt.nz,"Could not resolve host: reset.landonline.govt.nz"
resolution.crownlaw.govt.nz,"Connection timed out after 3002 milliseconds"
rewriteadvisory.govt.nz,"Could not resolve host: rewriteadvisory.govt.nz"
rfonline.creativenz.govt.nz,"Could not resolve host: rfonline.creativenz.govt.nz"
ridewise.ecan.govt.nz,"Connection timed out after 3002 milliseconds"
roam.aucklandcity.govt.nz,"Connection timed out after 3002 milliseconds"
rodney.govt.nz,"Connection timed out after 3002 milliseconds"
ronzcon.safetravel.govt.nz,"403"
royalcommission.govt.nz,"308"
rp.nmhs.govt.nz,"Could not resolve host: rp.nmhs.govt.nz"
rrzclearances.cera.govt.nz,"301"
rsa.hawkesbaydhb.govt.nz,"Connection timed out after 3002 milliseconds"
ruapehudc.govt.nz,"301"
safednz.govt.nz,"200"
safetravel.govt.nz,"301"
sakbase.studylink.govt.nz,"Could not resolve host: sakbase.studylink.govt.nz"
saml.sig.uat.providers.msd.govt.nz,"Could not resolve host: saml.sig.uat.providers.msd.govt.nz"
sancrt.maf.govt.nz,"Could not resolve host: sancrt.maf.govt.nz"
sancrt3.maf.govt.nz,"Could not resolve host: sancrt3.maf.govt.nz"
sancrt4.maf.govt.nz,"Could not resolve host: sancrt4.maf.govt.nz"
sao.studylink.govt.nz,"Could not resolve host: sao.studylink.govt.nz"
sbat.justice.govt.nz,"Connection timed out after 3002 milliseconds"
sbit.justice.govt.nz,"Connection timed out after 3002 milliseconds"
sbprod.justice.govt.nz,"Connection timed out after 3002 milliseconds"
scholarships.nzaid.govt.nz,"Connection timed out after 3001 milliseconds"
schoolsmart.minedu.govt.nz,"Could not resolve host: schoolsmart.minedu.govt.nz"
sdclync.selwyn.govt.nz,"Could not resolve host: sdclync.selwyn.govt.nz"
sdcrds.southlanddc.govt.nz,"Could not resolve host: sdcrds.southlanddc.govt.nz"
sdlu-forum.ird.govt.nz,"Could not resolve host: sdlu-forum.ird.govt.nz"
sec.caa.govt.nz,"301"
sec.see.govt.nz,"Connection timed out after 3001 milliseconds"
secure.arc.govt.nz,"Connection timed out after 3002 milliseconds"
secure.aucklandcity.govt.nz,"Could not resolve host: secure.aucklandcity.govt.nz"
secure.dbh.govt.nz,"Could not resolve host: secure.dbh.govt.nz"
secure.dia.govt.nz,"Resolving timed out after 3001 milliseconds"
secure.dunedin.govt.nz,"Could not resolve host: secure.dunedin.govt.nz"
secure.ecan.govt.nz,"Could not resolve host: secure.ecan.govt.nz"
secure.epa.govt.nz,"Could not resolve host: secure.epa.govt.nz"
secure.hrc.govt.nz,"Could not resolve host: secure.hrc.govt.nz"
secure.ianz.govt.nz,"Could not resolve host: secure.ianz.govt.nz"
secure.lawcom.govt.nz,"Could not resolve host: secure.lawcom.govt.nz"
secure.nzonair.govt.nz,"Could not resolve host: secure.nzonair.govt.nz"
secure.paroleboard.govt.nz,"Connection timed out after 3002 milliseconds"
secure.psi.govt.nz,"Connection timed out after 3000 milliseconds"
secure.tenancy.govt.nz,"Could not resolve host: secure.tenancy.govt.nz"
secure.wanganui.govt.nz,"SSL: no alternative certificate subject name matches target hostname 'secure.wanganui.govt.nz'"
secure.westernbay.govt.nz,"403"
secure1.landonline.govt.nz,"Connection timed out after 3002 milliseconds"
securecas.ltsa.govt.nz,"Connection timed out after 3001 milliseconds"
securecas.nzta.govt.nz,"Connection timed out after 3001 milliseconds"
secureftp.mfe.govt.nz,"Connection timed out after 3000 milliseconds"
securevpn.ontrack.govt.nz,"Could not resolve host: securevpn.ontrack.govt.nz"
secureweb.ontrack.govt.nz,"Connection timed out after 3000 milliseconds"
securexfr.rbnz.govt.nz,"Could not resolve host: securexfr.rbnz.govt.nz"
security.education.govt.nz,"301"
see.govt.nz,"Connection timed out after 3001 milliseconds"
seemail.one.govt.nz,"Connection timed out after 3001 milliseconds"
seg-dev.mobility.msd.govt.nz,"Could not resolve host: seg-dev.mobility.msd.govt.nz"
seg.mobility.msd.govt.nz,"Could not resolve host: seg.mobility.msd.govt.nz"
selwyn.govt.nz,"Could not resolve host: selwyn.govt.nz"
sentry.customs.govt.nz,"SSL certificate problem: self-signed certificate in certificate chain"
service.ecan.govt.nz,"Could not resolve host: service.ecan.govt.nz"
service.southlanddc.govt.nz,"Connection timed out after 3000 milliseconds"
service.tec.govt.nz,"Connection timed out after 3001 milliseconds"
service.tnz.govt.nz,"Could not resolve host: service.tnz.govt.nz"
services.police.govt.nz,"404"
services.workandincome.govt.nz,"302"
sfo.govt.nz,"301"
sftp.teacherscouncil.govt.nz,"Could not resolve host: sftp.teacherscouncil.govt.nz"
sg.codc.govt.nz,"Could not resolve host: sg.codc.govt.nz"
sgd.nmdhb.govt.nz,"Could not resolve host: sgd.nmdhb.govt.nz"
sharedengagement.nzte.govt.nz,"Connection timed out after 3002 milliseconds"
sharefile.waimakariri.govt.nz,"Operation timed out after 3002 milliseconds with 0 bytes received"
shareit.aklc.govt.nz,"TLS connect error: error:0A000458:SSL routines::tlsv1 unrecognized name"
shield.rbnz.govt.nz,"Could not resolve host: shield.rbnz.govt.nz"
sidious.mdc.govt.nz,"Could not resolve host: sidious.mdc.govt.nz"
sierra-proddb.elgar.govt.nz,"Could not resolve host: sierra-proddb.elgar.govt.nz"
sincitrix.nzte.govt.nz,"Could not resolve host: sincitrix.nzte.govt.nz"
sip.aucklandcouncil.govt.nz,"Could not resolve host: sip.aucklandcouncil.govt.nz"
sip.aucklandtransport.govt.nz,"Could not resolve host: sip.aucklandtransport.govt.nz"
sip.callaghaninnovation.govt.nz,"Could not resolve host: sip.callaghaninnovation.govt.nz"
sip.ecan.govt.nz,"Could not resolve host: sip.ecan.govt.nz"
sip.emis.govt.nz,"Connection timed out after 3002 milliseconds"
sip.healthemis.govt.nz,"Failed to connect to sip.healthemis.govt.nz port 443 after 566 ms: Could not connect to server"
sip.mbie.govt.nz,"Could not resolve host: sip.mbie.govt.nz"
sip.msi.govt.nz,"Connection timed out after 3002 milliseconds"
sip.ncmc.govt.nz,"Could not resolve host: sip.ncmc.govt.nz"
sip.nmhs.govt.nz,"Could not resolve host: sip.nmhs.govt.nz"
sip.nmhs.nmhs.govt.nz,"Could not resolve host: sip.nmhs.nmhs.govt.nz"
sip.npdc.govt.nz,"Could not resolve host: sip.npdc.govt.nz"
sip.parliament.govt.nz,"Could not resolve host: sip.parliament.govt.nz"
sip.pcc.govt.nz,"Could not resolve host: sip.pcc.govt.nz"
sip.ruapehudc.govt.nz,"Could not resolve host: sip.ruapehudc.govt.nz"
sip.southerndhb.govt.nz,"Could not resolve host: sip.southerndhb.govt.nz"
sip.southlanddc.govt.nz,"Connection timed out after 3002 milliseconds"
sip.tnz.govt.nz,"Could not resolve host: sip.tnz.govt.nz"
sip.treasury.govt.nz,"Could not resolve host: sip.treasury.govt.nz"
sip.waikato.health.govt.nz,"Could not resolve host: sip.waikato.health.govt.nz"
skillfinder.immigration.govt.nz,"302"
smartaccess.aklc.govt.nz,"Could not resolve host: smartaccess.aklc.govt.nz"
smc.hurunui.govt.nz,"Could not resolve host: smc.hurunui.govt.nz"
smc.huttcity.govt.nz,"Could not resolve host: smc.huttcity.govt.nz"
smc.mpdc.govt.nz,"Connection timed out after 3000 milliseconds"
smc.tararuadc.govt.nz,"Connection timed out after 3001 milliseconds"
smc.waipadc.govt.nz,"Could not resolve host: smc.waipadc.govt.nz"
smie.mpi.govt.nz,"Could not resolve host: smie.mpi.govt.nz"
smtp.corp.nzte.govt.nz,"Could not resolve host: smtp.corp.nzte.govt.nz"
smtp.eeca.govt.nz,"Could not resolve host: smtp.eeca.govt.nz"
smtp.epa.govt.nz,"Could not resolve host: smtp.epa.govt.nz"
smtp.mdc.govt.nz,"Could not resolve host: smtp.mdc.govt.nz"
smtp.ncc.govt.nz,"Connection timed out after 3001 milliseconds"
smtp.neptune.local.waikatodc.govt.nz,"Could not resolve host: smtp.neptune.local.waikatodc.govt.nz"
smtp.otodc.govt.nz,"Connection timed out after 3002 milliseconds"
smtp.rangdc.govt.nz,"Connection timed out after 3001 milliseconds"
smtp.tararuadc.govt.nz,"Connection timed out after 3000 milliseconds"
smtp.waimatedc.govt.nz,"403"
smtp.waitaki.govt.nz,"403"
smtp2.ombudsmen.govt.nz,"Could not resolve host: smtp2.ombudsmen.govt.nz"
snofocs.tec.govt.nz,"Could not resolve host: snofocs.tec.govt.nz"
sort.msd.govt.nz,"302"
sourceone.huttcity.govt.nz,"Could not resolve host: sourceone.huttcity.govt.nz"
south-ourplace.msd.govt.nz,"Could not resolve host: south-ourplace.msd.govt.nz"
southlanddc.govt.nz,"301"
sp.walkingaccess.govt.nz,"Could not resolve host: sp.walkingaccess.govt.nz"
spatialviewer.nzta.govt.nz,"Connection timed out after 3001 milliseconds"
sremote.creativenz.govt.nz,"Connection timed out after 3000 milliseconds"
ssc.govt.nz,"Could not resolve host: ssc.govt.nz"
ssl.nrc.govt.nz,"Connection timed out after 3001 milliseconds"
ssl.vpn.epa.govt.nz,"Connection timed out after 3002 milliseconds"
sso.immigration.govt.nz,"Connection timed out after 3001 milliseconds"
sso.viki.govt.nz,"Connection timed out after 3002 milliseconds"
ssw.govt.nz,"Could not resolve host: ssw.govt.nz"
staffstuff.southlanddc.govt.nz,"Connection timed out after 3001 milliseconds"
staging.web.nzte.govt.nz,"Could not resolve host: staging.web.nzte.govt.nz"
stargate.natlib.govt.nz,"Connection timed out after 3001 milliseconds"
static.data.linz.govt.nz,"Could not resolve host: static.data.linz.govt.nz"
static.governmentshareoffers.govt.nz,"Could not resolve host: static.governmentshareoffers.govt.nz"
statsgate.stats.govt.nz,"302"
stdc.govt.nz,"Could not resolve host: stdc.govt.nz"
stdcexch01.internal.stdc.govt.nz,"Could not resolve host: stdcexch01.internal.stdc.govt.nz"
stdcexch02.internal.stdc.govt.nz,"Could not resolve host: stdcexch02.internal.stdc.govt.nz"
steo.education.govt.nz,"Could not resolve host: steo.education.govt.nz"
steo.tec.govt.nz,"Connection timed out after 3002 milliseconds"
steotestnative.tec.govt.nz,"Could not resolve host: steotestnative.tec.govt.nz"
storefront.southlanddc.govt.nz,"Connection timed out after 3001 milliseconds"
stras.minedu.govt.nz,"Could not resolve host: stras.minedu.govt.nz"
strastest.minedu.govt.nz,"Could not resolve host: strastest.minedu.govt.nz"
sts.gdc.govt.nz,"Could not resolve host: sts.gdc.govt.nz"
sts.hamilton.govt.nz,"403"
sts.orc.govt.nz,"SSL: no alternative certificate subject name matches target hostname 'sts.orc.govt.nz'"
sts.rdc.govt.nz,"Could not resolve host: sts.rdc.govt.nz"
sts.tasman.govt.nz,"Could not resolve host: sts.tasman.govt.nz"
submissions.hdc.govt.nz,"Connection timed out after 3002 milliseconds"
submissions.tasman.govt.nz,"Could not resolve host: submissions.tasman.govt.nz"
submissions.wellington.govt.nz,"Could not resolve host: submissions.wellington.govt.nz"
sup.rbnz.govt.nz,"Could not resolve host: sup.rbnz.govt.nz"
supplier.huttcity.govt.nz,"Could not resolve host: supplier.huttcity.govt.nz"
support-dr.novopay.govt.nz,"Connection timed out after 3002 milliseconds"
support.business.govt.nz,"Could not resolve host: support.business.govt.nz"
support.landonline.govt.nz,"Could not resolve host: support.landonline.govt.nz"
support.novopay.govt.nz,"Connection timed out after 3001 milliseconds"
surveys.e.govt.nz,"Could not resolve host: surveys.e.govt.nz"
surveysonline.stats.govt.nz,"Connection timed out after 3001 milliseconds"
svpn.msd.govt.nz,"SSL certificate problem: self-signed certificate in certificate chain"
svr-portal.kcdc.govt.nz,"Could not resolve host: svr-portal.kcdc.govt.nz"
svr-rds-1.kcdc.govt.nz,"Could not resolve host: svr-rds-1.kcdc.govt.nz"
svr-rds-2.kcdc.govt.nz,"Could not resolve host: svr-rds-2.kcdc.govt.nz"
swdc.govt.nz,"Could not resolve host: swdc.govt.nz"
swrb.govt.nz,"Could not resolve host: swrb.govt.nz"
sync.horowhenua.govt.nz,"Connection timed out after 3000 milliseconds"
systemtest.nzta.govt.nz,"Could not resolve host: systemtest.nzta.govt.nz"
t1app.npdc.govt.nz,"Connection timed out after 3001 milliseconds"
t1test.npdc.govt.nz,"Could not resolve host: t1test.npdc.govt.nz"
t1testapp.npdc.govt.nz,"Could not resolve host: t1testapp.npdc.govt.nz"
ta.mdc.govt.nz,"Connection timed out after 3001 milliseconds"
targetingseriouscrime.ird.govt.nz,"Could not resolve host: targetingseriouscrime.ird.govt.nz"
tariff-finder.fta.govt.nz,"302"
tarifffinder.fta.govt.nz,"SSL: no alternative certificate subject name matches target hostname 'tarifffinder.fta.govt.nz'"
tasman.govt.nz,"308"
taupodc.govt.nz,"301"
tauranga.govt.nz,"307"
tawhiti.tmp.govt.nz,"Could not resolve host: tawhiti.tmp.govt.nz"
taxpolicy.ird.govt.nz,"301"
tcrwebsite.teacherscouncil.govt.nz,"Could not resolve host: tcrwebsite.teacherscouncil.govt.nz"
tcxc01.teacherscouncil.govt.nz,"Could not resolve host: tcxc01.teacherscouncil.govt.nz"
tdcvpd111.waikato.health.govt.nz,"Could not resolve host: tdcvpd111.waikato.health.govt.nz"
te-esadmin.hamilton.govt.nz,"Connection timed out after 3002 milliseconds"
te-esadmin.rdc.govt.nz,"Could not resolve host: te-esadmin.rdc.govt.nz"
te-eservices.hamilton.govt.nz,"Connection timed out after 3001 milliseconds"
te-eservices.rdc.govt.nz,"Could not resolve host: te-eservices.rdc.govt.nz"
te-sts.hamilton.govt.nz,"Connection timed out after 3002 milliseconds"
te-sts.rdc.govt.nz,"Could not resolve host: te-sts.rdc.govt.nz"
teacherscouncil.govt.nz,"Could not resolve host: teacherscouncil.govt.nz"
teachnz.govt.nz,"301"
team.eqc.govt.nz,"Connection timed out after 3001 milliseconds"
tec.govt.nz,"200"
tempobox.nzta.govt.nz,"Could not resolve host: tempobox.nzta.govt.nz"
tempoboxtest.nzta.govt.nz,"Could not resolve host: tempoboxtest.nzta.govt.nz"
terminal.mstn.govt.nz,"Connection timed out after 3002 milliseconds"
test.elgar.govt.nz,"Could not resolve host: test.elgar.govt.nz"
test.esas-austraclear.rbnz.govt.nz,"Could not resolve host: test.esas-austraclear.rbnz.govt.nz"
test.payment.elgar.govt.nz,"Could not resolve host: test.payment.elgar.govt.nz"
test.service.tec.govt.nz,"Connection timed out after 3002 milliseconds"
test2.immigration.govt.nz,"Could not resolve host: test2.immigration.govt.nz"
testaccess.hcc.govt.nz,"Connection timed out after 3002 milliseconds"
testacvpn.police.govt.nz,"Could not resolve host: testacvpn.police.govt.nz"
testacvpn2.police.govt.nz,"Connection timed out after 3002 milliseconds"
testguide.adhb.govt.nz,"200"
testremoteaccess.msd.govt.nz,"Could not resolve host: testremoteaccess.msd.govt.nz"
tetui.ero.govt.nz,"Failed to connect to tetui.ero.govt.nz port 443 after 551 ms: Could not connect to server"
tfc.govt.nz,"Could not resolve host: tfc.govt.nz"
thehub.arphs.govt.nz,"Could not resolve host: thehub.arphs.govt.nz"
tiles.data.linz.govt.nz,"200"
timaru.govt.nz,"301"
timdc.govt.nz,"Could not resolve host: timdc.govt.nz"
tmes.gw.govt.nz,"Could not resolve host: tmes.gw.govt.nz"
tms.nzta.govt.nz,"401"
tms.transit.govt.nz,"Connection timed out after 3001 milliseconds"
tolling.nzta.govt.nz,"Connection timed out after 3002 milliseconds"
toro.landtransport.govt.nz,"Connection timed out after 3001 milliseconds"
toro.nzta.govt.nz,"302"
tpk.govt.nz,"302"
train.elgar.govt.nz,"Could not resolve host: train.elgar.govt.nz"
training.art.msd.govt.nz,"302"
training.census.govt.nz,"Could not resolve host: training.census.govt.nz"
training.e-asttle.education.govt.nz,"302"
training.eli.minedu.govt.nz,"Could not resolve host: training.eli.minedu.govt.nz"
training.gem.eeca.govt.nz,"Could not resolve host: training.gem.eeca.govt.nz"
training.gets.govt.nz,"Connection timed out after 3000 milliseconds"
training.gpp.pmcoe.govt.nz,"Connection timed out after 3001 milliseconds"
training.interact.strengtheningfamilies.govt.nz,"Could not resolve host: training.interact.strengtheningfamilies.govt.nz"
training.koha-haf.nzaid.govt.nz,"Connection timed out after 3002 milliseconds"
training.nsi.education.govt.nz,"Could not resolve host: training.nsi.education.govt.nz"
training.pact.education.govt.nz,"Could not resolve host: training.pact.education.govt.nz"
training.sort.msd.govt.nz,"302"
training.yts.govt.nz,"Could not resolve host: training.yts.govt.nz"
trainingreports.eli.minedu.govt.nz,"Could not resolve host: trainingreports.eli.minedu.govt.nz"
traintreis.highwayinfo.govt.nz,"200"
transact.ird.govt.nz,"Could not resolve host: transact.ird.govt.nz"
transact.landtransport.govt.nz,"Connection timed out after 3001 milliseconds"
transact.nzta.govt.nz,"Could not resolve host: transact.nzta.govt.nz"
transfer.huttcity.govt.nz,"Connection timed out after 3002 milliseconds"
transfers.cfh.govt.nz,"Could not resolve host: transfers.cfh.govt.nz"
transit.govt.nz,"Connection timed out after 3001 milliseconds"
treis.highwayinfo.govt.nz,"200"
treisreports.highwayinfo.govt.nz,"Connection timed out after 3000 milliseconds"
trust.myapps.aklc.govt.nz,"Could not resolve host: trust.myapps.aklc.govt.nz"
tumble.waitakere.govt.nz,"Could not resolve host: tumble.waitakere.govt.nz"
tvpn.msd.govt.nz,"SSL certificate problem: self-signed certificate in certificate chain"
ua.aucklandtransport.govt.nz,"Recv failure: Connexion ré-initialisée par le correspondant"
uat-b2b.ird.govt.nz,"Could not resolve host: uat-b2b.ird.govt.nz"
uat.biosecurity.govt.nz,"Could not resolve host: uat.biosecurity.govt.nz"
uat.gpp.pmcoe.govt.nz,"Connection timed out after 3001 milliseconds"
uat.ilearn.dia.govt.nz,"Could not resolve host: uat.ilearn.dia.govt.nz"
uat.mobile.studylink.govt.nz,"Connection timed out after 3001 milliseconds"
uat.nzbit.tec.govt.nz,"Could not resolve host: uat.nzbit.tec.govt.nz"
uat.see.govt.nz,"Connection timed out after 3000 milliseconds"
uatemis.govt.nz,"Could not resolve host: uatemis.govt.nz"
update.kiwisaver.govt.nz,"Could not resolve host: update.kiwisaver.govt.nz"
uvp.elections.govt.nz,"403"
v1.security.govt.nz,"Could not resolve host: v1.security.govt.nz"
v2.security.govt.nz,"Could not resolve host: v2.security.govt.nz"
v3.security.govt.nz,"Could not resolve host: v3.security.govt.nz"
v4.security.govt.nz,"Could not resolve host: v4.security.govt.nz"
vacancies.doc.govt.nz,"403"
vacancies.health.govt.nz,"Could not resolve host: vacancies.health.govt.nz"
validationtest.nzta.govt.nz,"403"
vegeta.mdc.govt.nz,"Could not resolve host: vegeta.mdc.govt.nz"
vehicleinspection.nzta.govt.nz,"200"
vehiclerecallsafety.nzta.govt.nz,"200"
vetting.security.govt.nz,"Could not resolve host: vetting.security.govt.nz"
vida.akl.election.govt.nz,"Could not resolve host: vida.akl.election.govt.nz"
view.boprc.govt.nz,"Could not resolve host: view.boprc.govt.nz"
view.hdc.govt.nz,"Could not resolve host: view.hdc.govt.nz"
view.nrc.govt.nz,"Could not resolve host: view.nrc.govt.nz"
view.waikatoregion.govt.nz,"Could not resolve host: view.waikatoregion.govt.nz"
viewdesktop.ed.ird.govt.nz,"Could not resolve host: viewdesktop.ed.ird.govt.nz"
viki.govt.nz,"Connection timed out after 3002 milliseconds"
vindirect.nzta.govt.nz,"Connection timed out after 3000 milliseconds"
visaoptions.immigration.govt.nz,"Could not resolve host: visaoptions.immigration.govt.nz"
visaview.immigration.govt.nz,"302"
vmview-dmz.wcc.govt.nz,"Could not resolve host: vmview-dmz.wcc.govt.nz"
vos.studylink.govt.nz,"Connection timed out after 3002 milliseconds"
vpn.ama.nzta.govt.nz,"Could not resolve host: vpn.ama.nzta.govt.nz"
vpn.aucklandtransport.govt.nz,"Connection timed out after 3001 milliseconds"
vpn.enz.govt.nz,"Connection timed out after 3001 milliseconds"
vpn.rdc.govt.nz,"Could not resolve host: vpn.rdc.govt.nz"
vpn.southerndhb.govt.nz,"Connection timed out after 3002 milliseconds"
vpn.tec.govt.nz,"404"
vpn.tpk.govt.nz,"Connection timed out after 3002 milliseconds"
vpn01.gw.govt.nz,"Could not resolve host: vpn01.gw.govt.nz"
waea.police.govt.nz,"Could not resolve host: waea.police.govt.nz"
waidc.govt.nz,"Could not resolve host: waidc.govt.nz"
waimakariri.govt.nz,"301"
waimatedc.govt.nz,"301"
wairoadc.govt.nz,"301"
walkingaccess.govt.nz,"301"
wapext.gdc.govt.nz,"Could not resolve host: wapext.gdc.govt.nz"
wastelevy.govt.nz,"200"
wavpn.nmdhb.govt.nz,"Could not resolve host: wavpn.nmdhb.govt.nz"
wavpn.nmhs.govt.nz,"Connection timed out after 3001 milliseconds"
wcc.govt.nz,"403"
wccportal.wcc.govt.nz,"Could not resolve host: wccportal.wcc.govt.nz"
wcl.govt.nz,"302"
wdc-avaya01.waipadc.govt.nz,"Could not resolve host: wdc-avaya01.waipadc.govt.nz"
wdcmail.wairoadc.govt.nz,"Could not resolve host: wdcmail.wairoadc.govt.nz"
wdcmob.wanganui.govt.nz,"SSL: no alternative certificate subject name matches target hostname 'wdcmob.wanganui.govt.nz'"
wdv-ex1.horizons.govt.nz,"Could not resolve host: wdv-ex1.horizons.govt.nz"
web-dr.novopay.govt.nz,"Could not resolve host: web-dr.novopay.govt.nz"
web-test.novopay.govt.nz,"Could not resolve host: web-test.novopay.govt.nz"
web-training.novopay.govt.nz,"Could not resolve host: web-training.novopay.govt.nz"
web.minedu.govt.nz,"Could not resolve host: web.minedu.govt.nz"
web.nmhs.govt.nz,"Could not resolve host: web.nmhs.govt.nz"
web.novopay.govt.nz,"Could not resolve host: web.novopay.govt.nz"
web.waimatedc.govt.nz,"403"
webapps.southerndhb.govt.nz,"Could not resolve host: webapps.southerndhb.govt.nz"
webauth.nzta.govt.nz,"Connection timed out after 3001 milliseconds"
webcast.tepapa.govt.nz,"Could not resolve host: webcast.tepapa.govt.nz"
webcon.aucklandcouncil.govt.nz,"Connection timed out after 3001 milliseconds"
webcon.callaghaninnovation.govt.nz,"Could not resolve host: webcon.callaghaninnovation.govt.nz"
webcon.ecan.govt.nz,"Connection timed out after 3002 milliseconds"
webcon.npdc.govt.nz,"Could not resolve host: webcon.npdc.govt.nz"
webconf.aucklandtransport.govt.nz,"Could not resolve host: webconf.aucklandtransport.govt.nz"
webconf.dol.govt.nz,"Could not resolve host: webconf.dol.govt.nz"
webconf.emis.govt.nz,"Connection timed out after 3000 milliseconds"
webconf.healthemis.govt.nz,"Failed to connect to webconf.healthemis.govt.nz port 443 after 567 ms: Could not connect to server"
webconf.mbie.govt.nz,"Connection timed out after 3000 milliseconds"
webconf.mpi.govt.nz,"Could not resolve host: webconf.mpi.govt.nz"
webconf.pcc.govt.nz,"Could not resolve host: webconf.pcc.govt.nz"
webconf.tnz.govt.nz,"Could not resolve host: webconf.tnz.govt.nz"
webconf.treasury.govt.nz,"Connection timed out after 3001 milliseconds"
webconf.waikato.health.govt.nz,"Could not resolve host: webconf.waikato.health.govt.nz"
webemail.moh.govt.nz,"Could not resolve host: webemail.moh.govt.nz"
webemail1.moh.govt.nz,"Could not resolve host: webemail1.moh.govt.nz"
webeoc.maritimenz.govt.nz,"Could not resolve host: webeoc.maritimenz.govt.nz"
webext.aucklandtransport.govt.nz,"Could not resolve host: webext.aucklandtransport.govt.nz"
webext.gdc.govt.nz,"Could not resolve host: webext.gdc.govt.nz"
webfs.maf.govt.nz,"403"
webmail.ad.dol.govt.nz,"Could not resolve host: webmail.ad.dol.govt.nz"
webmail.adhb.govt.nz,"Could not resolve host: webmail.adhb.govt.nz"
webmail.ama.nzta.govt.nz,"Could not resolve host: webmail.ama.nzta.govt.nz"
webmail.arc.govt.nz,"Connection timed out after 3002 milliseconds"
webmail.bopdhb.govt.nz,"Could not resolve host: webmail.bopdhb.govt.nz"
webmail.boprc.govt.nz,"Could not resolve host: webmail.boprc.govt.nz"
webmail.callaghaninnovation.govt.nz,"Could not resolve host: webmail.callaghaninnovation.govt.nz"
webmail.careers.govt.nz,"Connection timed out after 3002 milliseconds"
webmail.ccc.govt.nz,"Could not resolve host: webmail.ccc.govt.nz"
webmail.charities.govt.nz,"Failed to connect to webmail.charities.govt.nz port 443 after 869 ms: Could not connect to server"
webmail.dcc.govt.nz,"301"
webmail.dol.govt.nz,"Could not resolve host: webmail.dol.govt.nz"
webmail.ebop.govt.nz,"Could not resolve host: webmail.ebop.govt.nz"
webmail.ero.govt.nz,"Could not resolve host: webmail.ero.govt.nz"
webmail.es.govt.nz,"302"
webmail.fish.govt.nz,"Connection timed out after 3002 milliseconds"
webmail.gdc.govt.nz,"Could not resolve host: webmail.gdc.govt.nz"
webmail.gw.govt.nz,"Connection timed out after 3002 milliseconds"
webmail.hawkesbaydhb.govt.nz,"Could not resolve host: webmail.hawkesbaydhb.govt.nz"
webmail.horowhenua.govt.nz,"Could not resolve host: webmail.horowhenua.govt.nz"
webmail.huttcity.govt.nz,"Could not resolve host: webmail.huttcity.govt.nz"
webmail.justice.govt.nz,"Connection timed out after 3002 milliseconds"
webmail.kcdc.govt.nz,"Could not resolve host: webmail.kcdc.govt.nz"
webmail.maritimenz.govt.nz,"Could not resolve host: webmail.maritimenz.govt.nz"
webmail.mbie.govt.nz,"Recv failure: Connexion ré-initialisée par le correspondant"
webmail.mch.govt.nz,"Connection timed out after 3002 milliseconds"
webmail.mdc.govt.nz,"Could not resolve host: webmail.mdc.govt.nz"
webmail.med.govt.nz,"Recv failure: Connexion ré-initialisée par le correspondant"
webmail.midcentraldhb.govt.nz,"Could not resolve host: webmail.midcentraldhb.govt.nz"
webmail.ministers.govt.nz,"Connection timed out after 3002 milliseconds"
webmail.nzta.govt.nz,"Could not resolve host: webmail.nzta.govt.nz"
webmail.nzte.govt.nz,"Could not resolve host: webmail.nzte.govt.nz"
webmail.ontrack.govt.nz,"Connection timed out after 3002 milliseconds"
webmail.parliament.govt.nz,"Could not resolve host: webmail.parliament.govt.nz"
webmail.pcc.govt.nz,"SSL: no alternative certificate subject name matches target hostname 'webmail.pcc.govt.nz'"
webmail.pncc.govt.nz,"Could not resolve host: webmail.pncc.govt.nz"
webmail.rdc.govt.nz,"302"
webmail.southlanddc.govt.nz,"Connection timed out after 3001 milliseconds"
webmail.tauranga.govt.nz,"Could not resolve host: webmail.tauranga.govt.nz"
webmail.tec.govt.nz,"Connection timed out after 3002 milliseconds"
webmail.tepapa.govt.nz,"Connection timed out after 3001 milliseconds"
webmail.tnz.govt.nz,"Could not resolve host: webmail.tnz.govt.nz"
webmail.tpk.govt.nz,"Could not resolve host: webmail.tpk.govt.nz"
webmail.waimakariri.govt.nz,"Could not resolve host: webmail.waimakariri.govt.nz"
webmail.waimatedc.govt.nz,"Could not resolve host: webmail.waimatedc.govt.nz"
webmail.waipadc.govt.nz,"Connection timed out after 3002 milliseconds"
webmail.wcc.govt.nz,"Connection timed out after 3002 milliseconds"
webmail.westernbay.govt.nz,"Could not resolve host: webmail.westernbay.govt.nz"
webmail.whakatane.govt.nz,"302"
webmail1.hbdhb.govt.nz,"Connection timed out after 3000 milliseconds"
webmailakl.nzte.govt.nz,"Could not resolve host: webmailakl.nzte.govt.nz"
webmaildr.parliament.govt.nz,"Connection timed out after 3000 milliseconds"
webmaps.nzta.govt.nz,"Connection timed out after 3002 milliseconds"
webstandards.govt.nz,"Could not resolve host: webstandards.govt.nz"
webtest.minedu.govt.nz,"Could not resolve host: webtest.minedu.govt.nz"
webtoolkit.govt.nz,"Could not resolve host: webtoolkit.govt.nz"
westlanddc.govt.nz,"Could not resolve host: westlanddc.govt.nz"
wifi.parliament.govt.nz,"Could not resolve host: wifi.parliament.govt.nz"
win1044.med.govt.nz,"Could not resolve host: win1044.med.govt.nz"
wireless.msd.govt.nz,"Could not resolve host: wireless.msd.govt.nz"
wlgarchive.nzte.govt.nz,"Could not resolve host: wlgarchive.nzte.govt.nz"
wlgcasarray.corp.nzte.govt.nz,"Could not resolve host: wlgcasarray.corp.nzte.govt.nz"
wlgexcnlb01.dia.govt.nz,"Could not resolve host: wlgexcnlb01.dia.govt.nz"
wlgnet.customs.govt.nz,"Connection timed out after 3000 milliseconds"
wlgprdcas01.dia.govt.nz,"Could not resolve host: wlgprdcas01.dia.govt.nz"
wlgprdcas02.dia.govt.nz,"Could not resolve host: wlgprdcas02.dia.govt.nz"
wlgs04.e-crime.govt.nz,"Could not resolve host: wlgs04.e-crime.govt.nz"
wni2k121.med.govt.nz,"Could not resolve host: wni2k121.med.govt.nz"
wni2k122.med.govt.nz,"Could not resolve host: wni2k122.med.govt.nz"
wofonline.nzta.govt.nz,"Connection timed out after 3001 milliseconds"
work.mot.govt.nz,"Connection timed out after 3001 milliseconds"
workspace.frst.govt.nz,"Could not resolve host: workspace.frst.govt.nz"
workspace.msi.govt.nz,"Connection timed out after 3000 milliseconds"
workspace.tec.govt.nz,"302"
workspaceuat.tec.govt.nz,"Could not resolve host: workspaceuat.tec.govt.nz"
ws.business.govt.nz,"OpenSSL SSL_read: OpenSSL/3.5.3: error:0A000119:SSL routines::decryption failed or bad record mac, errno 0"
ws.eat.business.govt.nz,"OpenSSL SSL_read: OpenSSL/3.5.3: error:0A000119:SSL routines::decryption failed or bad record mac, errno 0"
ws.identity.i.govt.nz,"Could not resolve host: ws.identity.i.govt.nz"
wsec.ea.govt.nz,"Could not resolve host: wsec.ea.govt.nz"
wts.caa.govt.nz,"Connection timed out after 3001 milliseconds"
ww2.poli.govt.nz,"Could not resolve host: ww2.poli.govt.nz"
www-sentry.customs.govt.nz,"Connection timed out after 3002 milliseconds"
www.7726.govt.nz,"200"
www.access.hcc.govt.nz,"Could not resolve host: www.access.hcc.govt.nz"
www.access.nmhs.govt.nz,"Could not resolve host: www.access.nmhs.govt.nz"
www.account.realme.govt.nz,"Could not resolve host: www.account.realme.govt.nz"
www.adc.govt.nz,"Failed to connect to www.adc.govt.nz port 443 after 871 ms: Could not connect to server"
www.aftermail.boh.tepapa.govt.nz,"Could not resolve host: www.aftermail.boh.tepapa.govt.nz"
www.aid.govt.nz,"Could not resolve host: www.aid.govt.nz"
www.airwatch.nzte.govt.nz,"Could not resolve host: www.airwatch.nzte.govt.nz"
www.aklarchive.nzte.govt.nz,"Could not resolve host: www.aklarchive.nzte.govt.nz"
www.aklcitrix.nzte.govt.nz,"Could not resolve host: www.aklcitrix.nzte.govt.nz"
www.amateurcharter.fish.govt.nz,"Could not resolve host: www.amateurcharter.fish.govt.nz"
www.app.eur.govt.nz,"Could not resolve host: www.app.eur.govt.nz"
www.aps.immigration.govt.nz,"SSL certificate problem: unable to get local issuer certificate"
www.asean.fta.govt.nz,"Could not resolve host: www.asean.fta.govt.nz"
www.assert.realme.govt.nz,"Connection timed out after 3002 milliseconds"
www.aucklandcouncil.govt.nz,"Operation timed out after 3002 milliseconds with 0 bytes received"
www.aucklandtransport.govt.nz,"Could not resolve host: www.aucklandtransport.govt.nz"
www.authoring.web.nzte.govt.nz,"Could not resolve host: www.authoring.web.nzte.govt.nz"
www.avsec.govt.nz,"200"
www.aw.hauraki-dc.govt.nz,"Could not resolve host: www.aw.hauraki-dc.govt.nz"
www.basket.identityservices.govt.nz,"Could not resolve host: www.basket.identityservices.govt.nz"
www.bat.app.eur.govt.nz,"Could not resolve host: www.bat.app.eur.govt.nz"
www.bdmhistoricalrecords.dia.govt.nz,"200"
www.bdmhistoricalrecords.dqe.dia.govt.nz,"Could not resolve host: www.bdmhistoricalrecords.dqe.dia.govt.nz"
www.bdmhistoricalrecords.identityservices.govt.nz,"Could not resolve host: www.bdmhistoricalrecords.identityservices.govt.nz"
www.bdmonline.dia.govt.nz,"200"
www.bdmonline.dqe.dia.govt.nz,"Could not resolve host: www.bdmonline.dqe.dia.govt.nz"
www.beta.govt.nz,"Could not resolve host: www.beta.govt.nz"
www.biodiversity.govt.nz,"Could not resolve host: www.biodiversity.govt.nz"
www.biosecurity.govt.nz,"200"
www.bsa.govt.nz,"Could not resolve host: www.bsa.govt.nz"
www.business.govt.nz,"200"
www.businessconsultation.govt.nz,"Could not resolve host: www.businessconsultation.govt.nz"
www.businessdata.govt.nz,"Could not resolve host: www.businessdata.govt.nz"
www.caa.govt.nz,"200"
www.callaghaninnovation.govt.nz,"200"
www.careers.callaghaninnovation.govt.nz,"Could not resolve host: www.careers.callaghaninnovation.govt.nz"
www.careers.cdhb.govt.nz,"SSL: no alternative certificate subject name matches target hostname 'www.careers.cdhb.govt.nz'"
www.careers.cera.govt.nz,"Could not resolve host: www.careers.cera.govt.nz"
www.careers.govt.nz,"301"
www.careers.health.govt.nz,"Could not resolve host: www.careers.health.govt.nz"
www.careers.nzte.govt.nz,"Could not resolve host: www.careers.nzte.govt.nz"
www.careers.parliament.govt.nz,"SSL: no alternative certificate subject name matches target hostname 'www.careers.parliament.govt.nz'"
www.careers.wellington.govt.nz,"503"
www.cases.strengtheningfamilies.govt.nz,"Could not resolve host: www.cases.strengtheningfamilies.govt.nz"
www.ccc.govt.nz,"403"
www.cdgo.govt.nz,"Could not resolve host: www.cdgo.govt.nz"
www.censorship.govt.nz,"Could not resolve host: www.censorship.govt.nz"
www.census.govt.nz,"200"
www.charities.govt.nz,"Could not resolve host: www.charities.govt.nz"
www.citrix.orc.govt.nz,"Could not resolve host: www.citrix.orc.govt.nz"
www.citrixcsg.waipadc.govt.nz,"Could not resolve host: www.citrixcsg.waipadc.govt.nz"
www.client.hauraki-dc.govt.nz,"Could not resolve host: www.client.hauraki-dc.govt.nz"
www.climatechange.govt.nz,"Connection timed out after 3000 milliseconds"
www.codc.govt.nz,"Could not resolve host: www.codc.govt.nz"
www.companies.govt.nz,"301"
www.connect.callaghaninnovation.govt.nz,"Could not resolve host: www.connect.callaghaninnovation.govt.nz"
www.connect.waitaki.govt.nz,"Could not resolve host: www.connect.waitaki.govt.nz"
www.connectsmart.govt.nz,"Could not resolve host: www.connectsmart.govt.nz"
www.consultations.justice.govt.nz,"Could not resolve host: www.consultations.justice.govt.nz"
www.consumeraffairs.govt.nz,"TLS connect error: error:0A000458:SSL routines::tlsv1 unrecognized name"
www.courtsofnz.govt.nz,"200"
www.crm.callaghaninnovation.govt.nz,"Could not resolve host: www.crm.callaghaninnovation.govt.nz"
www.crm.nzte.govt.nz,"Could not resolve host: www.crm.nzte.govt.nz"
www.crownfibre.govt.nz,"301"
www.crownminerals.govt.nz,"SSL certificate problem: certificate has expired"
www.crownpropertydisposals.linz.govt.nz,"301"
www.csg.ianz.govt.nz,"Could not resolve host: www.csg.ianz.govt.nz"
www.csg.marlborough.govt.nz,"Could not resolve host: www.csg.marlborough.govt.nz"
www.ctxwebapps.waikatodhb.govt.nz,"Could not resolve host: www.ctxwebapps.waikatodhb.govt.nz"
www.cusnet.customs.govt.nz,"Could not resolve host: www.cusnet.customs.govt.nz"
www.customsentry.govt.nz,"Could not resolve host: www.customsentry.govt.nz"
www.cwp.govt.nz,"Could not resolve host: www.cwp.govt.nz"
www.cyf.govt.nz,"200"
www.daas.wcc.govt.nz,"Could not resolve host: www.daas.wcc.govt.nz"
www.data.govt.nz,"200"
www.data.linz.govt.nz,"301"
www.delium.crownlaw.govt.nz,"Could not resolve host: www.delium.crownlaw.govt.nz"
www.dev.nzbit.tec.govt.nz,"Could not resolve host: www.dev.nzbit.tec.govt.nz"
www.dia.govt.nz,"200"
www.discovery.crownlaw.govt.nz,"Could not resolve host: www.discovery.crownlaw.govt.nz"
www.dns.govt.nz,"200"
www.dpmc.govt.nz,"403"
www.dqe.identityservices.govt.nz,"Could not resolve host: www.dqe.identityservices.govt.nz"
www.drivercheck.govt.nz,"Could not resolve host: www.drivercheck.govt.nz"
www.dunedin.govt.nz,"403"
www.e-services.fma.govt.nz,"Connection timed out after 3002 milliseconds"
www.ea.govt.nz,"200"
www.eat.business.govt.nz,"Could not resolve host: www.eat.business.govt.nz"
www.eat.businessdata.govt.nz,"Could not resolve host: www.eat.businessdata.govt.nz"
www.eat.consumeraffairs.govt.nz,"Could not resolve host: www.eat.consumeraffairs.govt.nz"
www.eat.insolvency.govt.nz,"Could not resolve host: www.eat.insolvency.govt.nz"
www.eat.iponz.govt.nz,"Could not resolve host: www.eat.iponz.govt.nz"
www.eat.logon.business.govt.nz,"Could not resolve host: www.eat.logon.business.govt.nz"
www.eat.mbie.govt.nz,"Could not resolve host: www.eat.mbie.govt.nz"
www.eat.med.govt.nz,"Could not resolve host: www.eat.med.govt.nz"
www.eat.ppsr.govt.nz,"Could not resolve host: www.eat.ppsr.govt.nz"
www.eat.rsm.govt.nz,"Could not resolve host: www.eat.rsm.govt.nz"
www.edgeaccess.dol.govt.nz,"Could not resolve host: www.edgeaccess.dol.govt.nz"
www.eeca.govt.nz,"200"
www.eecabusiness.govt.nz,"Operation timed out after 3000 milliseconds with 0 bytes received"
www.elgar.govt.nz,"Could not resolve host: www.elgar.govt.nz"
www.endeavour.crownlaw.govt.nz,"Could not resolve host: www.endeavour.crownlaw.govt.nz"
www.energywise.govt.nz,"301"
www.epayments.waipadc.govt.nz,"Could not resolve host: www.epayments.waipadc.govt.nz"
www.erebus.antarcticanz.govt.nz,"Could not resolve host: www.erebus.antarcticanz.govt.nz"
www.eservices-test.wdc.govt.nz,"Could not resolve host: www.eservices-test.wdc.govt.nz"
www.eservices.wdc.govt.nz,"Could not resolve host: www.eservices.wdc.govt.nz"
www.eur.govt.nz,"Could not resolve host: www.eur.govt.nz"
www.ewr.govt.nz,"Could not resolve host: www.ewr.govt.nz"
www.exchange.chbdc.govt.nz,"Could not resolve host: www.exchange.chbdc.govt.nz"
www.familyservices.govt.nz,"301"
www.filesubmission.crownfibre.govt.nz,"Could not resolve host: www.filesubmission.crownfibre.govt.nz"
www.filetransfer.boprc.govt.nz,"Could not resolve host: www.filetransfer.boprc.govt.nz"
www.fk.hauraki-dc.govt.nz,"Could not resolve host: www.fk.hauraki-dc.govt.nz"
www.fleetsafety.govt.nz,"Could not resolve host: www.fleetsafety.govt.nz"
www.fluoridefacts.govt.nz,"301"
www.fma.govt.nz,"200"
www.forms.newzealandnow.govt.nz,"Could not resolve host: www.forms.newzealandnow.govt.nz"
www.frst.govt.nz,"Could not resolve host: www.frst.govt.nz"
www.fs.nzte.govt.nz,"Could not resolve host: www.fs.nzte.govt.nz"
www.fsmanager.fleetsafety.govt.nz,"Could not resolve host: www.fsmanager.fleetsafety.govt.nz"
www.g2b.govt.nz,"Could not resolve host: www.g2b.govt.nz"
www.gateway.arc.govt.nz,"Could not resolve host: www.gateway.arc.govt.nz"
www.gateway.horowhenua.govt.nz,"Could not resolve host: www.gateway.horowhenua.govt.nz"
www.gazette.govt.nz,"301"
www.gem.eeca.govt.nz,"Could not resolve host: www.gem.eeca.govt.nz"
www.gets.govt.nz,"302"
www.gis.napier.govt.nz,"Connection timed out after 3001 milliseconds"
www.gloria.npdc.govt.nz,"Could not resolve host: www.gloria.npdc.govt.nz"
www.governmentshareoffers.govt.nz,"Could not resolve host: www.governmentshareoffers.govt.nz"
www.govt.nz,"200"
www.gstandonlineshopping.ird.govt.nz,"Could not resolve host: www.gstandonlineshopping.ird.govt.nz"
www.gw.crownlaw.govt.nz,"Could not resolve host: www.gw.crownlaw.govt.nz"
www.hamilton.govt.nz,"301"
www.haveyoursay.hamilton.govt.nz,"302"
www.healthed.govt.nz,"301"
www.hkgcitrix.nzte.govt.nz,"Could not resolve host: www.hkgcitrix.nzte.govt.nz"
www.horizons.govt.nz,"200"
www.housinghelp.govt.nz,"Could not resolve host: www.housinghelp.govt.nz"
www.hqsc.govt.nz,"200"
www.hsno.govt.nz,"Could not resolve host: www.hsno.govt.nz"
www.i.govt.nz,"Connection timed out after 3001 milliseconds"
www.ict.govt.nz,"TLS connect error: error:0A000458:SSL routines::tlsv1 unrecognized name"
www.identityservices.govt.nz,"Could not resolve host: www.identityservices.govt.nz"
www.immigration.govt.nz,"200"
www.ims.callaghaninnovation.govt.nz,"302"
www.insolvency.govt.nz,"200"
www.iponz.govt.nz,"Operation timed out after 3001 milliseconds with 0 bytes received"
www.ird.govt.nz,"200"
www.ite.account.realme.govt.nz,"Could not resolve host: www.ite.account.realme.govt.nz"
www.ite.assert.realme.govt.nz,"Could not resolve host: www.ite.assert.realme.govt.nz"
www.ite.i.govt.nz,"Connection timed out after 3001 milliseconds"
www.ite.logon.realme.govt.nz,"Could not resolve host: www.ite.logon.realme.govt.nz"
www.ite.realme.govt.nz,"302"
www.itenderbox.mfe.govt.nz,"Could not resolve host: www.itenderbox.mfe.govt.nz"
www.jira.callaghaninnovation.govt.nz,"Could not resolve host: www.jira.callaghaninnovation.govt.nz"
www.jobs.govt.nz,"301"
www.jobs.health.govt.nz,"TLS connect error: error:0A000410:SSL routines::ssl/tls alert handshake failure"
www.kiwisaver.govt.nz,"502"
www.kiwisoverseas.govt.nz,"Could not resolve host: www.kiwisoverseas.govt.nz"
www.knowyourskills.careers.govt.nz,"Could not resolve host: www.knowyourskills.careers.govt.nz"
www.korea.fta.govt.nz,"Could not resolve host: www.korea.fta.govt.nz"
www.lakesmail.lakesdhb.govt.nz,"Could not resolve host: www.lakesmail.lakesdhb.govt.nz"
www.landonline.govt.nz,"Could not resolve host: www.landonline.govt.nz"
www.laxcitrix.nzte.govt.nz,"Could not resolve host: www.laxcitrix.nzte.govt.nz"
www.ldc.govt.nz,"200"
www.learn.mbie.govt.nz,"Could not resolve host: www.learn.mbie.govt.nz"
www.learning.nzte.govt.nz,"Could not resolve host: www.learning.nzte.govt.nz"
www.legacy.kcdc.govt.nz,"Could not resolve host: www.legacy.kcdc.govt.nz"
www.linz.govt.nz,"403"
www.logon.business.govt.nz,"Could not resolve host: www.logon.business.govt.nz"
www.logon.realme.govt.nz,"Could not resolve host: www.logon.realme.govt.nz"
www.loncitrix.nzte.govt.nz,"Could not resolve host: www.loncitrix.nzte.govt.nz"
www.lync.southerndhb.govt.nz,"Could not resolve host: www.lync.southerndhb.govt.nz"
www.lync.southlanddc.govt.nz,"Could not resolve host: www.lync.southlanddc.govt.nz"
www.maf.govt.nz,"Could not resolve host: www.maf.govt.nz"
www.mail.cdc.govt.nz,"Could not resolve host: www.mail.cdc.govt.nz"
www.mail.cfh.govt.nz,"Could not resolve host: www.mail.cfh.govt.nz"
www.mail.creativenz.govt.nz,"Could not resolve host: www.mail.creativenz.govt.nz"
www.mail.e-crime.govt.nz,"Could not resolve host: www.mail.e-crime.govt.nz"
www.mail.educationnz.govt.nz,"Could not resolve host: www.mail.educationnz.govt.nz"
www.mail.enz.govt.nz,"Could not resolve host: www.mail.enz.govt.nz"
www.mail.kaweraudc.govt.nz,"Could not resolve host: www.mail.kaweraudc.govt.nz"
www.mail.lawcom.govt.nz,"Could not resolve host: www.mail.lawcom.govt.nz"
www.mail.mackenzie.govt.nz,"Could not resolve host: www.mail.mackenzie.govt.nz"
www.mail.mstn.govt.nz,"Could not resolve host: www.mail.mstn.govt.nz"
www.mail.nmhs.govt.nz,"Could not resolve host: www.mail.nmhs.govt.nz"
www.mail.npdc.govt.nz,"Could not resolve host: www.mail.npdc.govt.nz"
www.mail.orc.govt.nz,"Could not resolve host: www.mail.orc.govt.nz"
www.mail.selwyn.govt.nz,"Could not resolve host: www.mail.selwyn.govt.nz"
www.mail.sfo.govt.nz,"Connection timed out after 3002 milliseconds"
www.mail.swdc.govt.nz,"Could not resolve host: www.mail.swdc.govt.nz"
www.mail.swktodc.govt.nz,"Could not resolve host: www.mail.swktodc.govt.nz"
www.mail.wcrc.govt.nz,"Could not resolve host: www.mail.wcrc.govt.nz"
www.mail.westlanddc.govt.nz,"Could not resolve host: www.mail.westlanddc.govt.nz"
www.mail.xrb.govt.nz,"Could not resolve host: www.mail.xrb.govt.nz"
www.manukau-libraries.govt.nz,"Connection timed out after 3002 milliseconds"
www.manukau.govt.nz,"Connection timed out after 3002 milliseconds"
www.maritimenz.govt.nz,"403"
www.mbie.govt.nz,"200"
www.med.govt.nz,"Failed to connect to www.med.govt.nz port 443 after 592 ms: Could not connect to server"
www.mfe.govt.nz,"200"
www.mfemail.mfe.govt.nz,"Could not resolve host: www.mfemail.mfe.govt.nz"
www.minedu.govt.nz,"Could not resolve host: www.minedu.govt.nz"
www.mobile.doc.govt.nz,"Could not resolve host: www.mobile.doc.govt.nz"
www.mobile.eqc.govt.nz,"Could not resolve host: www.mobile.eqc.govt.nz"
www.morst.govt.nz,"Could not resolve host: www.morst.govt.nz"
www.motortraders.med.govt.nz,"Could not resolve host: www.motortraders.med.govt.nz"
www.mpe.nzta.govt.nz,"Could not resolve host: www.mpe.nzta.govt.nz"
www.mpi.govt.nz,"200"
www.msd.govt.nz,"200"
www.msex2007.crownlaw.govt.nz,"Could not resolve host: www.msex2007.crownlaw.govt.nz"
www.msex2010.crownlaw.govt.nz,"Could not resolve host: www.msex2010.crownlaw.govt.nz"
www.myapps.mfe.govt.nz,"Could not resolve host: www.myapps.mfe.govt.nz"
www.myoffice.mfe.govt.nz,"Could not resolve host: www.myoffice.mfe.govt.nz"
www.nabersnz.govt.nz,"Could not resolve host: www.nabersnz.govt.nz"
www.nabis.govt.nz,"Connection timed out after 3002 milliseconds"
www.naso.govt.nz,"302"
www.natlib.govt.nz,"200"
www.ncs.southlanddc.govt.nz,"Could not resolve host: www.ncs.southlanddc.govt.nz"
www.netilla.hauraki-dc.govt.nz,"Could not resolve host: www.netilla.hauraki-dc.govt.nz"
www.newzealandnow.govt.nz,"Could not resolve host: www.newzealandnow.govt.nz"
www.nmdhb.govt.nz,"301"
www.nmhs.govt.nz,"Could not resolve host: www.nmhs.govt.nz"
www.nnvpn.nmhs.govt.nz,"Could not resolve host: www.nnvpn.nmhs.govt.nz"
www.northshorecity.govt.nz,"Connection timed out after 3002 milliseconds"
www.nsi.govt.nz,"200"
www.nzbit.tec.govt.nz,"SSL: no alternative certificate subject name matches target hostname 'www.nzbit.tec.govt.nz'"
www.nzpam.govt.nz,"Could not resolve host: www.nzpam.govt.nz"
www.onthemove.govt.nz,"Could not resolve host: www.onthemove.govt.nz"
www.outlook.tcdc.govt.nz,"Could not resolve host: www.outlook.tcdc.govt.nz"
www.owa.adc.govt.nz,"Could not resolve host: www.owa.adc.govt.nz"
www.owa.greydc.govt.nz,"Could not resolve host: www.owa.greydc.govt.nz"
www.owa.southlanddc.govt.nz,"Could not resolve host: www.owa.southlanddc.govt.nz"
www.owa.waidc.govt.nz,"Could not resolve host: www.owa.waidc.govt.nz"
www.passports.govt.nz,"Could not resolve host: www.passports.govt.nz"
www.pes.waitematadhb.govt.nz,"SSL: no alternative certificate subject name matches target hostname 'www.pes.waitematadhb.govt.nz'"
www.pharmac.govt.nz,"Could not resolve host: www.pharmac.govt.nz"
www.pmawards.education.govt.nz,"Could not resolve host: www.pmawards.education.govt.nz"
www.poli.govt.nz,"Could not resolve host: www.poli.govt.nz"
www.police.govt.nz,"403"
www.portal.horowhenua.govt.nz,"Could not resolve host: www.portal.horowhenua.govt.nz"
www.portal.kcdc.govt.nz,"Could not resolve host: www.portal.kcdc.govt.nz"
www.portal.southlanddc.govt.nz,"Could not resolve host: www.portal.southlanddc.govt.nz"
www.ppsr.govt.nz,"Could not resolve host: www.ppsr.govt.nz"
www.practice.education.govt.nz,"Could not resolve host: www.practice.education.govt.nz"
www.practice.minedu.govt.nz,"Could not resolve host: www.practice.minedu.govt.nz"
www.protectivesecurity.govt.nz,"200"
www.providerregulation.health.govt.nz,"SSL: no alternative certificate subject name matches target hostname 'www.providerregulation.health.govt.nz'"
www.qldc.govt.nz,"302"
www.rates.huttcity.govt.nz,"Could not resolve host: www.rates.huttcity.govt.nz"
www.rdc.govt.nz,"403"
www.rds.kcdc.govt.nz,"Could not resolve host: www.rds.kcdc.govt.nz"
www.reaa.govt.nz,"301"
www.realme.govt.nz,"302"
www.register.charities.govt.nz,"301"
www.remote.hcc.govt.nz,"Could not resolve host: www.remote.hcc.govt.nz"
www.remote.horizons.govt.nz,"Could not resolve host: www.remote.horizons.govt.nz"
www.remote.mwa.govt.nz,"Could not resolve host: www.remote.mwa.govt.nz"
www.remote.rangitikei.govt.nz,"Could not resolve host: www.remote.rangitikei.govt.nz"
www.remote.southwaikato.govt.nz,"Could not resolve host: www.remote.southwaikato.govt.nz"
www.remote1.cdhb.govt.nz,"Could not resolve host: www.remote1.cdhb.govt.nz"
www.remote2.cdhb.govt.nz,"Could not resolve host: www.remote2.cdhb.govt.nz"
www.resolution.crownlaw.govt.nz,"Could not resolve host: www.resolution.crownlaw.govt.nz"
www.rewriteadvisory.govt.nz,"Could not resolve host: www.rewriteadvisory.govt.nz"
www.rsm.govt.nz,"Could not resolve host: www.rsm.govt.nz"
www.rsm.med.govt.nz,"Could not resolve host: www.rsm.med.govt.nz"
www.safetravel.govt.nz,"200"
www.sdcrds.southlanddc.govt.nz,"Could not resolve host: www.sdcrds.southlanddc.govt.nz"
www.secure.lawcom.govt.nz,"Could not resolve host: www.secure.lawcom.govt.nz"
www.secure.wanganui.govt.nz,"Could not resolve host: www.secure.wanganui.govt.nz"
www.selwyn.govt.nz,"403"
www.service.southlanddc.govt.nz,"Could not resolve host: www.service.southlanddc.govt.nz"
www.services.linz.govt.nz,"Could not resolve host: www.services.linz.govt.nz"
www.sfo.govt.nz,"Could not resolve host: www.sfo.govt.nz"
www.sgd.nmdhb.govt.nz,"Could not resolve host: www.sgd.nmdhb.govt.nz"
www.sharedengagement.nzte.govt.nz,"Could not resolve host: www.sharedengagement.nzte.govt.nz"
www.sharefile.waimakariri.govt.nz,"Could not resolve host: www.sharefile.waimakariri.govt.nz"
www.sincitrix.nzte.govt.nz,"Could not resolve host: www.sincitrix.nzte.govt.nz"
www.sip.callaghaninnovation.govt.nz,"Could not resolve host: www.sip.callaghaninnovation.govt.nz"
www.sip.southerndhb.govt.nz,"Could not resolve host: www.sip.southerndhb.govt.nz"
www.smc.hurunui.govt.nz,"Could not resolve host: www.smc.hurunui.govt.nz"
www.smc.mpdc.govt.nz,"Could not resolve host: www.smc.mpdc.govt.nz"
www.smc.waipadc.govt.nz,"Could not resolve host: www.smc.waipadc.govt.nz"
www.smtp.rangdc.govt.nz,"Could not resolve host: www.smtp.rangdc.govt.nz"
www.smtp2.ombudsmen.govt.nz,"Could not resolve host: www.smtp2.ombudsmen.govt.nz"
www.societies.govt.nz,"301"
www.southwaikato.govt.nz,"Resolving timed out after 3000 milliseconds"
www.sremote.creativenz.govt.nz,"Could not resolve host: www.sremote.creativenz.govt.nz"
www.ssl.nrc.govt.nz,"Could not resolve host: www.ssl.nrc.govt.nz"
www.staging.web.nzte.govt.nz,"Could not resolve host: www.staging.web.nzte.govt.nz"
www.steo.govt.nz,"Could not resolve host: www.steo.govt.nz"
www.storefront.southlanddc.govt.nz,"Could not resolve host: www.storefront.southlanddc.govt.nz"
www.sts.orc.govt.nz,"Could not resolve host: www.sts.orc.govt.nz"
www.submissions.hdc.govt.nz,"Could not resolve host: www.submissions.hdc.govt.nz"
www.submissions.wellington.govt.nz,"Could not resolve host: www.submissions.wellington.govt.nz"
www.supergold.govt.nz,"Could not resolve host: www.supergold.govt.nz"
www.surveys.e.govt.nz,"Could not resolve host: www.surveys.e.govt.nz"
www.tasman.govt.nz,"403"
www.taupodc.govt.nz,"403"
www.taxpolicy.ird.govt.nz,"200"
www.teacherscouncil.govt.nz,"Could not resolve host: www.teacherscouncil.govt.nz"
www.teachnz.govt.nz,"301"
www.tec.govt.nz,"200"
www.tepapa.govt.nz,"200"
www.test.nzbit.tec.govt.nz,"Could not resolve host: www.test.nzbit.tec.govt.nz"
www.testaccess.hcc.govt.nz,"Could not resolve host: www.testaccess.hcc.govt.nz"
www.tpk.govt.nz,"302"
www.transfers.cfh.govt.nz,"Could not resolve host: www.transfers.cfh.govt.nz"
www.treasury.govt.nz,"403"
www.tsw.govt.nz,"302"
www.uat.nzbit.tec.govt.nz,"Could not resolve host: www.uat.nzbit.tec.govt.nz"
www.vacancies.health.govt.nz,"Could not resolve host: www.vacancies.health.govt.nz"
www.vehiclerecallsafety.nzta.govt.nz,"Could not resolve host: www.vehiclerecallsafety.nzta.govt.nz"
www.view.hdc.govt.nz,"Could not resolve host: www.view.hdc.govt.nz"
www.viki.govt.nz,"Connection timed out after 3002 milliseconds"
www.vmview-dmz.wcc.govt.nz,"Could not resolve host: www.vmview-dmz.wcc.govt.nz"
www.vpn.tec.govt.nz,"Could not resolve host: www.vpn.tec.govt.nz"
www.waimakariri.govt.nz,"302"
www.waimatedc.govt.nz,"403"
www.waitaki.govt.nz,"Could not resolve host: www.waitaki.govt.nz"
www.walkingaccess.govt.nz,"301"
www.wanganui.govt.nz,"Could not resolve host: www.wanganui.govt.nz"
www.wastelevy.govt.nz,"302"
www.wcl.govt.nz,"403"
www.web.waimatedc.govt.nz,"Could not resolve host: www.web.waimatedc.govt.nz"
www.webmail.arc.govt.nz,"Could not resolve host: www.webmail.arc.govt.nz"
www.webmail.boprc.govt.nz,"Could not resolve host: www.webmail.boprc.govt.nz"
www.webmail.callaghaninnovation.govt.nz,"Could not resolve host: www.webmail.callaghaninnovation.govt.nz"
www.webmail.es.govt.nz,"Could not resolve host: www.webmail.es.govt.nz"
www.webmail.horowhenua.govt.nz,"Could not resolve host: www.webmail.horowhenua.govt.nz"
www.webmail.kcdc.govt.nz,"Could not resolve host: www.webmail.kcdc.govt.nz"
www.webmail.mch.govt.nz,"Could not resolve host: www.webmail.mch.govt.nz"
www.webmail.nzte.govt.nz,"Could not resolve host: www.webmail.nzte.govt.nz"
www.webmail.pncc.govt.nz,"Could not resolve host: www.webmail.pncc.govt.nz"
www.webmail.southlanddc.govt.nz,"Could not resolve host: www.webmail.southlanddc.govt.nz"
www.webmail.tepapa.govt.nz,"Could not resolve host: www.webmail.tepapa.govt.nz"
www.webmail.waipadc.govt.nz,"Could not resolve host: www.webmail.waipadc.govt.nz"
www.webtoolkit.govt.nz,"Could not resolve host: www.webtoolkit.govt.nz"
www.westlanddc.govt.nz,"200"
www.wlgarchive.nzte.govt.nz,"Could not resolve host: www.wlgarchive.nzte.govt.nz"
www.www.govt.nz,"200"
www.xrb.govt.nz,"200"
www.yts.govt.nz,"Could not resolve host: www.yts.govt.nz"
www1.account.realme.govt.nz,"Connection timed out after 3001 milliseconds"
www1.assert.realme.govt.nz,"Connection timed out after 3000 milliseconds"
www1.e-services.ird.govt.nz,"Could not resolve host: www1.e-services.ird.govt.nz"
www1.e-services.kiwisaver.govt.nz,"Could not resolve host: www1.e-services.kiwisaver.govt.nz"
www1.i.govt.nz,"Connection timed out after 3000 milliseconds"
www1.ite.account.realme.govt.nz,"Connection timed out after 3002 milliseconds"
www1.ite.assert.realme.govt.nz,"Connection timed out after 3000 milliseconds"
www1.ite.logon.realme.govt.nz,"Connection timed out after 3000 milliseconds"
www1.kiwisaver.govt.nz,"Could not resolve host: www1.kiwisaver.govt.nz"
www1.logon.realme.govt.nz,"Could not resolve host: www1.logon.realme.govt.nz"
www1.police.govt.nz,"Could not resolve host: www1.police.govt.nz"
www2.account.realme.govt.nz,"Connection timed out after 3001 milliseconds"
www2.assert.realme.govt.nz,"Connection timed out after 3000 milliseconds"
www2.e-services.ird.govt.nz,"Could not resolve host: www2.e-services.ird.govt.nz"
www2.e-services.kiwisaver.govt.nz,"Could not resolve host: www2.e-services.kiwisaver.govt.nz"
www2.i.govt.nz,"Connection timed out after 3001 milliseconds"
www2.ite.account.realme.govt.nz,"Connection timed out after 3002 milliseconds"
www2.ite.assert.realme.govt.nz,"Connection timed out after 3002 milliseconds"
www2.ite.logon.realme.govt.nz,"Could not resolve host: www2.ite.logon.realme.govt.nz"
www2.kiwisaver.govt.nz,"Could not resolve host: www2.kiwisaver.govt.nz"
www2.logon.realme.govt.nz,"Could not resolve host: www2.logon.realme.govt.nz"
www2.police.govt.nz,"Could not resolve host: www2.police.govt.nz"
www2.see.govt.nz,"Could not resolve host: www2.see.govt.nz"
www2.waitaki.govt.nz,"Could not resolve host: www2.waitaki.govt.nz"
www3.stats.govt.nz,"Could not resolve host: www3.stats.govt.nz"
wwwtest.safetravel.govt.nz,"Connection timed out after 3001 milliseconds"
xml.eat.g2b.govt.nz,"Could not resolve host: xml.eat.g2b.govt.nz"
xml.g2b.govt.nz,"Could not resolve host: xml.g2b.govt.nz"
xmpp.callaghaninnovation.govt.nz,"Could not resolve host: xmpp.callaghaninnovation.govt.nz"
xrb.govt.nz,"301"
yourvoice.ccc.govt.nz,"Connection timed out after 3002 milliseconds"
