subdomain,http_status
account.cube.gov.sg,"Could not resolve host: account.cube.gov.sg"
access.medinet.gov.sg,"Could not resolve host: access.medinet.gov.sg"
aceqportal.ace.gov.sg,"Could not resolve host: aceqportal.ace.gov.sg"
accessmsf.ida.gov.sg,"Could not resolve host: accessmsf.ida.gov.sg"
aceqbj.ace.gov.sg,"Could not resolve host: aceqbj.ace.gov.sg"
admin.sites.cube.gov.sg,"Could not resolve host: admin.sites.cube.gov.sg"
adfs.msf.gov.sg,"Could not resolve host: adfs.msf.gov.sg"
access.ida.gov.sg,"Could not resolve host: access.ida.gov.sg"
admin.cube.gov.sg,"Could not resolve host: admin.cube.gov.sg"
aceonline.mom.gov.sg,"Could not resolve host: aceonline.mom.gov.sg"
agcvldb.agc.gov.sg,"Could not resolve host: agcvldb.agc.gov.sg"
afm-ncs-itsm.sgnet.gov.sg,"Could not resolve host: afm-ncs-itsm.sgnet.gov.sg"
am4u.gov.sg,"Could not resolve host: am4u.gov.sg"
admin.am4u.gov.sg,"Could not resolve host: admin.am4u.gov.sg"
afm-nec-rdss.sgnet.gov.sg,"Could not resolve host: afm-nec-rdss.sgnet.gov.sg"
aduser.apadmin.gov.sg,"Could not resolve host: aduser.apadmin.gov.sg"
agd.gov.sg,"Could not resolve host: agd.gov.sg"
antispam.csit.gov.sg,"Could not resolve host: antispam.csit.gov.sg"
afm-nec-portal.sgnet.gov.sg,"Could not resolve host: afm-nec-portal.sgnet.gov.sg"
aduser.uat-apadmin.gov.sg,"Could not resolve host: aduser.uat-apadmin.gov.sg"
analytics.sport.gov.sg,"Could not resolve host: analytics.sport.gov.sg"
apadmin.gov.sg,"Could not resolve host: apadmin.gov.sg"
afm-ncs-portal.sgnet.gov.sg,"Could not resolve host: afm-ncs-portal.sgnet.gov.sg"
ams.sgmfa.gov.sg,"Could not resolve host: ams.sgmfa.gov.sg"
afm-nec-itsm.sgnet.gov.sg,"Could not resolve host: afm-nec-itsm.sgnet.gov.sg"
afm-hcl-portal.sgnet.gov.sg,"Could not resolve host: afm-hcl-portal.sgnet.gov.sg"
app-stg.elobby.ica.gov.sg,"Could not resolve host: app-stg.elobby.ica.gov.sg"
app-pac.mica.gov.sg,"Could not resolve host: app-pac.mica.gov.sg"
app-stg.lta.gov.sg,"Could not resolve host: app-stg.lta.gov.sg"
app-stg.m.mica.gov.sg,"Could not resolve host: app-stg.m.mica.gov.sg"
app-stg.e2singapore.gov.sg,"Could not resolve host: app-stg.e2singapore.gov.sg"
app-stg.nra.mfa.gov.sg,"Could not resolve host: app-stg.nra.mfa.gov.sg"
app-stg.rom.gov.sg,"Could not resolve host: app-stg.rom.gov.sg"
app-stg.psc-cms.gov.sg,"Could not resolve host: app-stg.psc-cms.gov.sg"
app-stg.police.gov.sg,"Could not resolve host: app-stg.police.gov.sg"
app-stg.mavis.ica.gov.sg,"Could not resolve host: app-stg.mavis.ica.gov.sg"
app-stg.scdffiresafety.gov.sg,"Could not resolve host: app-stg.scdffiresafety.gov.sg"
app-stg.customscms.gov.sg,"Could not resolve host: app-stg.customscms.gov.sg"
admin.pmo.gov.sg,"Could not resolve host: admin.pmo.gov.sg"
app.cad.gov.sg,"Could not resolve host: app.cad.gov.sg"
app-stg.ifast.ava.gov.sg,"Could not resolve host: app-stg.ifast.ava.gov.sg"
admin.sps.gov.sg,"Could not resolve host: admin.sps.gov.sg"
2fa.hpb.gov.sg,"Could not resolve host: 2fa.hpb.gov.sg"
app-stg.orc.gov.sg,"Could not resolve host: app-stg.orc.gov.sg"
app-stg.ros.gov.sg,"Could not resolve host: app-stg.ros.gov.sg"
app.customscms.gov.sg,"Could not resolve host: app.customscms.gov.sg"
aep.nac.gov.sg,"Could not resolve host: aep.nac.gov.sg"
app-stg2.mgov.gov.sg,"Could not resolve host: app-stg2.mgov.gov.sg"
app-stg2.score.gov.sg,"Could not resolve host: app-stg2.score.gov.sg"
app-stg2.mewr.gov.sg,"Could not resolve host: app-stg2.mewr.gov.sg"
app.cra.gov.sg,"Could not resolve host: app.cra.gov.sg"
app-stg.vog.gov.sg,"Could not resolve host: app-stg.vog.gov.sg"
ams.mfa.gov.sg,"Could not resolve host: ams.mfa.gov.sg"
app-stg2.subcourts.gov.sg,"Could not resolve host: app-stg2.subcourts.gov.sg"
ago.gov.sg,"Could not resolve host: ago.gov.sg"
app-uat.dos.gov.sg,"Could not resolve host: app-uat.dos.gov.sg"
app.dos.gov.sg,"Could not resolve host: app.dos.gov.sg"
app.adoption.gov.sg,"Could not resolve host: app.adoption.gov.sg"
analytics.mci.gov.sg,"Could not resolve host: analytics.mci.gov.sg"
app.intranet.ros.gov.sg,"Could not resolve host: app.intranet.ros.gov.sg"
app.ifast.ava.gov.sg,"Could not resolve host: app.ifast.ava.gov.sg"
app.lta.gov.sg,"Could not resolve host: app.lta.gov.sg"
app.ipd.gov.sg,"Could not resolve host: app.ipd.gov.sg"
ahprs.moh.gov.sg,"Could not resolve host: ahprs.moh.gov.sg"
app-pac.mci.gov.sg,"Could not resolve host: app-pac.mci.gov.sg"
api.gov.sg,"Could not resolve host: api.gov.sg"
app.ltgallery.lta.gov.sg,"Could not resolve host: app.ltgallery.lta.gov.sg"
app.irms.eld.gov.sg,"Could not resolve host: app.irms.eld.gov.sg"
app.hsc.gov.sg,"Could not resolve host: app.hsc.gov.sg"
api.nea.gov.sg,"Could not resolve host: api.nea.gov.sg"
api.moe.gov.sg,"Could not resolve host: api.moe.gov.sg"
app-stg.genap.mom.gov.sg,"Could not resolve host: app-stg.genap.mom.gov.sg"
app.maintenanceofparents.gov.sg,"Could not resolve host: app.maintenanceofparents.gov.sg"
app-stg.mot.gov.sg,"Could not resolve host: app-stg.mot.gov.sg"
app.mbs.gov.sg,"Could not resolve host: app.mbs.gov.sg"
app.ems.ava.gov.sg,"Could not resolve host: app.ems.ava.gov.sg"
app.mewr.gov.sg,"Could not resolve host: app.mewr.gov.sg"
app.mcys.gov.sg,"Could not resolve host: app.mcys.gov.sg"
app.moc.lta.gov.sg,"Could not resolve host: app.moc.lta.gov.sg"
app.mnd.gov.sg,"Could not resolve host: app.mnd.gov.sg"
app.m.mica.gov.sg,"Could not resolve host: app.m.mica.gov.sg"
app.mgov.gov.sg,"Could not resolve host: app.mgov.gov.sg"
app-stg.search.gov.sg,"Could not resolve host: app-stg.search.gov.sg"
app.msf.gov.sg,"Could not resolve host: app.msf.gov.sg"
app-stg1.nea.gov.sg,"Could not resolve host: app-stg1.nea.gov.sg"
app.helpdesk.agd.gov.sg,"403"
app.mcys-volunteers.gov.sg,"Could not resolve host: app.mcys-volunteers.gov.sg"
app.mcds.gov.sg,"Could not resolve host: app.mcds.gov.sg"
app.asc.gov.sg,"Could not resolve host: app.asc.gov.sg"
adfs.mccy.gov.sg,"Could not resolve host: adfs.mccy.gov.sg"
app.customs.gov.sg,"Could not resolve host: app.customs.gov.sg"
app-stg2.sgdi.gov.sg,"Could not resolve host: app-stg2.sgdi.gov.sg"
admin.stb.gov.sg,"Could not resolve host: admin.stb.gov.sg"
app-stg.syariahcourt.gov.sg,"Could not resolve host: app-stg.syariahcourt.gov.sg"
app.cpib.gov.sg,"Could not resolve host: app.cpib.gov.sg"
apisandbox.iras.gov.sg,"301"
app.policychallenge.gov.sg,"Could not resolve host: app.policychallenge.gov.sg"
app.psc-cms.gov.sg,"Could not resolve host: app.psc-cms.gov.sg"
app.poevents.gov.sg,"Could not resolve host: app.poevents.gov.sg"
app.pmoevents.gov.sg,"Could not resolve host: app.pmoevents.gov.sg"
alternate-stg.ica.gov.sg,"Could not resolve host: alternate-stg.ica.gov.sg"
app.reqsys.agd.gov.sg,"Could not resolve host: app.reqsys.agd.gov.sg"
app.enotifywpe.mom.gov.sg,"Could not resolve host: app.enotifywpe.mom.gov.sg"
alternate.ica.gov.sg,"Could not resolve host: alternate.ica.gov.sg"
ams-stg.mfa.gov.sg,"Could not resolve host: ams-stg.mfa.gov.sg"
app.romm.gov.sg,"Could not resolve host: app.romm.gov.sg"
app.rahs.gov.sg,"Could not resolve host: app.rahs.gov.sg"
app.reach.gov.sg,"Could not resolve host: app.reach.gov.sg"
app.rom.gov.sg,"Could not resolve host: app.rom.gov.sg"
app.gov.sg,"Could not resolve host: app.gov.sg"
aem.moe.gov.sg,"Could not resolve host: aem.moe.gov.sg"
app.scp.gov.sg,"Could not resolve host: app.scp.gov.sg"
app.scdffiresafety.gov.sg,"Could not resolve host: app.scdffiresafety.gov.sg"
app.sgdi.gov.sg,"Could not resolve host: app.sgdi.gov.sg"
app.ros.gov.sg,"Could not resolve host: app.ros.gov.sg"
app.feedback.gov.sg,"SSL: no alternative certificate subject name matches target hostname 'app.feedback.gov.sg'"
app.sdusds.gov.sg,"Could not resolve host: app.sdusds.gov.sg"
app.sims.gov.sg,"Could not resolve host: app.sims.gov.sg"
app.score.gov.sg,"Could not resolve host: app.score.gov.sg"
app.mavis.ica.gov.sg,"Could not resolve host: app.mavis.ica.gov.sg"
app.singaporeedu.gov.sg,"Could not resolve host: app.singaporeedu.gov.sg"
app.spms.mcys.gov.sg,"Could not resolve host: app.spms.mcys.gov.sg"
app.mof.gov.sg,"Could not resolve host: app.mof.gov.sg"
app.statecourts.gov.sg,"Could not resolve host: app.statecourts.gov.sg"
app-stg.sims.gov.sg,"Could not resolve host: app-stg.sims.gov.sg"
app-stg.sgdi.gov.sg,"Could not resolve host: app-stg.sgdi.gov.sg"
app.nea.gov.sg,"Could not resolve host: app.nea.gov.sg"
app.subcourts.gov.sg,"Could not resolve host: app.subcourts.gov.sg"
app-stg.ssks.customs.gov.sg,"Could not resolve host: app-stg.ssks.customs.gov.sg"
app.nscs.gov.sg,"Could not resolve host: app.nscs.gov.sg"
app.elobby.ica.gov.sg,"Could not resolve host: app.elobby.ica.gov.sg"
app.agc.gov.sg,"Could not resolve host: app.agc.gov.sg"
app.eservice.eld.gov.sg,"301"
app.vitaline.vital.gov.sg,"Could not resolve host: app.vitaline.vital.gov.sg"
app.vendors.gov.sg,"Could not resolve host: app.vendors.gov.sg"
app1.mfa.gov.sg,"Could not resolve host: app1.mfa.gov.sg"
app.police.gov.sg,"Could not resolve host: app.police.gov.sg"
app.www.gov.sg,"Could not resolve host: app.www.gov.sg"
app.epscapp.mom.gov.sg,"Could not resolve host: app.epscapp.mom.gov.sg"
apiservices.iras.gov.sg,"301"
app.pub.gov.sg,"Could not resolve host: app.pub.gov.sg"
app1-stg.sgdi.gov.sg,"Could not resolve host: app1-stg.sgdi.gov.sg"
app1.singaporecitizenshipjourney.gov.sg,"Could not resolve host: app1.singaporecitizenshipjourney.gov.sg"
app.wdajobbank.gov.sg,"Could not resolve host: app.wdajobbank.gov.sg"
app7-stg.eservice.eld.gov.sg,"Could not resolve host: app7-stg.eservice.eld.gov.sg"
app-stg.m.mci.gov.sg,"Could not resolve host: app-stg.m.mci.gov.sg"
appealsboard.gov.sg,"Could not resolve host: appealsboard.gov.sg"
appcode.uat-apadmin.gov.sg,"Could not resolve host: appcode.uat-apadmin.gov.sg"
appcloud.mewr.gov.sg,"Could not resolve host: appcloud.mewr.gov.sg"
app.singaporeday.gov.sg,"Could not resolve host: app.singaporeday.gov.sg"
app.mot.gov.sg,"Could not resolve host: app.mot.gov.sg"
app.search.gov.sg,"Could not resolve host: app.search.gov.sg"
appcode.apadmin.gov.sg,"Could not resolve host: appcode.apadmin.gov.sg"
app.m.mci.gov.sg,"Could not resolve host: app.m.mci.gov.sg"
appintra.istanacalendar.gov.sg,"Could not resolve host: appintra.istanacalendar.gov.sg"
appian-bgp.gov.sg,"Could not resolve host: appian-bgp.gov.sg"
apples.ica.gov.sg,"Could not resolve host: apples.ica.gov.sg"
app.singaporebudget.gov.sg,"Could not resolve host: app.singaporebudget.gov.sg"
app.sportsingapore.gov.sg,"Could not resolve host: app.sportsingapore.gov.sg"
appointment-app.intranet.mom.gov.sg,"Could not resolve host: appointment-app.intranet.mom.gov.sg"
appm4.internet.gov.sg,"Could not resolve host: appm4.internet.gov.sg"
app.sgjourney.gov.sg,"Failed to connect to app.sgjourney.gov.sg port 443 after 163 ms: Could not connect to server"
app.spf.gov.sg,"Could not resolve host: app.spf.gov.sg"
app.ssks.customs.gov.sg,"Could not resolve host: app.ssks.customs.gov.sg"
application.sgip.gov.sg,"Could not resolve host: application.sgip.gov.sg"
appsb.dsta.gov.sg,"Could not resolve host: appsb.dsta.gov.sg"
app.nra.mfa.gov.sg,"Could not resolve host: app.nra.mfa.gov.sg"
app.nccs.gov.sg,"Could not resolve host: app.nccs.gov.sg"
app.peb.gov.sg,"Could not resolve host: app.peb.gov.sg"
arms.ava.gov.sg,"Could not resolve host: arms.ava.gov.sg"
appserver1.caas.gov.sg,"Could not resolve host: appserver1.caas.gov.sg"
app.singstat.gov.sg,"Could not resolve host: app.singstat.gov.sg"
ask.iras.gov.sg,"Could not resolve host: ask.iras.gov.sg"
asset.gov.sg,"Could not resolve host: asset.gov.sg"
appuat.jobsbank.gov.sg,"Could not resolve host: appuat.jobsbank.gov.sg"
application-stg.sgip.gov.sg,"403"
athletes.sportsingapore.gov.sg,"Could not resolve host: athletes.sportsingapore.gov.sg"
authoring.mccy.gov.sg,"Could not resolve host: authoring.mccy.gov.sg"
authgateway.gov.sg,"Could not resolve host: authgateway.gov.sg"
app.picos.mfa.gov.sg,"Could not resolve host: app.picos.mfa.gov.sg"
app1-pac.mci.gov.sg,"Could not resolve host: app1-pac.mci.gov.sg"
atoms.subcourts.gov.sg,"Could not resolve host: atoms.subcourts.gov.sg"
author.lta.gov.sg,"Could not resolve host: author.lta.gov.sg"
axs.ura.gov.sg,"Could not resolve host: axs.ura.gov.sg"
app.eems.nea.gov.sg,"Could not resolve host: app.eems.nea.gov.sg"
awa.nac.gov.sg,"Could not resolve host: awa.nac.gov.sg"
axsuat.ura.gov.sg,"Could not resolve host: axsuat.ura.gov.sg"
authoring.nparks.gov.sg,"Could not resolve host: authoring.nparks.gov.sg"
atl.moe.gov.sg,"403"
app.ptc.gov.sg,"TLS connect error: error:0A000410:SSL routines::ssl/tls alert handshake failure"
baz-customer.g-cloud.gov.sg,"Could not resolve host: baz-customer.g-cloud.gov.sg"
bi.gebiz.gov.sg,"Could not resolve host: bi.gebiz.gov.sg"
babybonus.gov.sg,"Could not resolve host: babybonus.gov.sg"
bca.gov.sg,"Could not resolve host: bca.gov.sg"
bizfile-intranet.bizfile.gov.sg,"Could not resolve host: bizfile-intranet.bizfile.gov.sg"
bizfile-soabpm.acra-ngb.bizfile.gov.sg,"Could not resolve host: bizfile-soabpm.acra-ngb.bizfile.gov.sg"
bgp-uat.iesingapore.gov.sg,"Could not resolve host: bgp-uat.iesingapore.gov.sg"
bia.cra.gov.sg,"Could not resolve host: bia.cra.gov.sg"
bloodapproval.hsa.gov.sg,"Could not resolve host: bloodapproval.hsa.gov.sg"
bizfile-soabpm.acra-ngb-tis.bizfile.gov.sg,"Could not resolve host: bizfile-soabpm.acra-ngb-tis.bizfile.gov.sg"
app2.nea.gov.sg,"Could not resolve host: app2.nea.gov.sg"
app.snapcms.mom.gov.sg,"Could not resolve host: app.snapcms.mom.gov.sg"
buglogger.iesingapore.gov.sg,"Could not resolve host: buglogger.iesingapore.gov.sg"
blog.data.gov.sg,"Could not resolve host: blog.data.gov.sg"
bpu.pub.gov.sg,"Could not resolve host: bpu.pub.gov.sg"
buick.jtc.gov.sg,"Could not resolve host: buick.jtc.gov.sg"
apps.enable.gov.sg,"Could not resolve host: apps.enable.gov.sg"
businessgrants.gov.sg,"Could not resolve host: businessgrants.gov.sg"
bugtracker.iesingapore.gov.sg,"Could not resolve host: bugtracker.iesingapore.gov.sg"
caliberlink.gov.sg,"Could not resolve host: caliberlink.gov.sg"
app.syariahcourt.gov.sg,"Could not resolve host: app.syariahcourt.gov.sg"
apps.myhealthportal.hpb.gov.sg,"Could not resolve host: apps.myhealthportal.hpb.gov.sg"
cad.gov.sg,"Could not resolve host: cad.gov.sg"
cagescan.ida.gov.sg,"Could not resolve host: cagescan.ida.gov.sg"
cambelmers.gov.sg,"Could not resolve host: cambelmers.gov.sg"
cas.ura.gov.sg,"Could not resolve host: cas.ura.gov.sg"
career.ssc.gov.sg,"Could not resolve host: career.ssc.gov.sg"
casuat.ura.gov.sg,"Could not resolve host: casuat.ura.gov.sg"
canteenstalls.moe.gov.sg,"Could not resolve host: canteenstalls.moe.gov.sg"
ccos-stg.intranet.prisons.gov.sg,"Could not resolve host: ccos-stg.intranet.prisons.gov.sg"
ccsfeedback.pub.gov.sg,"Could not resolve host: ccsfeedback.pub.gov.sg"
caps-services.msf.gov.sg,"Could not resolve host: caps-services.msf.gov.sg"
ccos.intranet.prisons.gov.sg,"Could not resolve host: ccos.intranet.prisons.gov.sg"
ccsvoip.pub.gov.sg,"Could not resolve host: ccsvoip.pub.gov.sg"
ces.gov.sg,"Could not resolve host: ces.gov.sg"
autodiscover.ncss.gov.sg,"Could not resolve host: autodiscover.ncss.gov.sg"
challenge.gov.sg,"Could not resolve host: challenge.gov.sg"
ccswebchat.pub.gov.sg,"Could not resolve host: ccswebchat.pub.gov.sg"
apples-stg.ica.gov.sg,"Could not resolve host: apples-stg.ica.gov.sg"
app-stg.agc2.agc.gov.sg,"Could not resolve host: app-stg.agc2.agc.gov.sg"
childconsent.hpb.gov.sg,"Could not resolve host: childconsent.hpb.gov.sg"
acra.gov.sg,"301"
cis.nac.gov.sg,"Could not resolve host: cis.nac.gov.sg"
agc.gov.sg,"301"
chat.infofusioncentre.gov.sg,"Could not resolve host: chat.infofusioncentre.gov.sg"
childcarelink.gov.sg,"Could not resolve host: childcarelink.gov.sg"
autodiscover.slf.gov.sg,"Could not resolve host: autodiscover.slf.gov.sg"
biinfra.gebiz.gov.sg,"Could not resolve host: biinfra.gebiz.gov.sg"
biome-intra.nparks.gov.sg,"Could not resolve host: biome-intra.nparks.gov.sg"
clouds.mci.gov.sg,"Could not resolve host: clouds.mci.gov.sg"
citrix.ideapolis.nlb.gov.sg,"Could not resolve host: citrix.ideapolis.nlb.gov.sg"
clouds.mica.gov.sg,"Could not resolve host: clouds.mica.gov.sg"
cms.hrms.gov.sg,"Could not resolve host: cms.hrms.gov.sg"
box.stb.gov.sg,"Could not resolve host: box.stb.gov.sg"
bpu-uat.pub.gov.sg,"Could not resolve host: bpu-uat.pub.gov.sg"
coaches.sportsingapore.gov.sg,"Could not resolve host: coaches.sportsingapore.gov.sg"
connect.jtc.gov.sg,"Could not resolve host: connect.jtc.gov.sg"
comcaredb.gov.sg,"Could not resolve host: comcaredb.gov.sg"
corppass.gov.sg,"Could not resolve host: corppass.gov.sg"
cpe.gov.sg,"Could not resolve host: cpe.gov.sg"
cpf.gov.sg,"301"
cms.nea.gov.sg,"Could not resolve host: cms.nea.gov.sg"
cdlens.moh.gov.sg,"Could not resolve host: cdlens.moh.gov.sg"
cpibgov.sg,"Could not resolve host: cpibgov.sg"
cprms.hpb.gov.sg,"Could not resolve host: cprms.hpb.gov.sg"
cprmsadfs.hpb.gov.sg,"Could not resolve host: cprmsadfs.hpb.gov.sg"
app.publicguardian.gov.sg,"Could not resolve host: app.publicguardian.gov.sg"
cprmsauth.hpb.gov.sg,"Could not resolve host: cprmsauth.hpb.gov.sg"
chaichee.hdb.gov.sg,"Could not resolve host: chaichee.hdb.gov.sg"
cptrs.seab.gov.sg,"Could not resolve host: cptrs.seab.gov.sg"
cra.gov.sg,"Could not resolve host: cra.gov.sg"
cprmsdisc.hpb.gov.sg,"Could not resolve host: cprmsdisc.hpb.gov.sg"
createportal.gov.sg,"Could not resolve host: createportal.gov.sg"
crf.moh.gov.sg,"Could not resolve host: crf.moh.gov.sg"
crew.ica.gov.sg,"Could not resolve host: crew.ica.gov.sg"
crispmobile.mica.gov.sg,"Could not resolve host: crispmobile.mica.gov.sg"
crm.dc.gov.sg,"Could not resolve host: crm.dc.gov.sg"
crm.hsa.gov.sg,"Could not resolve host: crm.hsa.gov.sg"
crm.apadmin.gov.sg,"Could not resolve host: crm.apadmin.gov.sg"
cms.mha.gov.sg,"Could not resolve host: cms.mha.gov.sg"
crm.intranet.msf.gov.sg,"Could not resolve host: crm.intranet.msf.gov.sg"
crm.intranet.mccy.gov.sg,"Could not resolve host: crm.intranet.mccy.gov.sg"
app.sts.singstat.gov.sg,"Could not resolve host: app.sts.singstat.gov.sg"
connect.hpb.gov.sg,"Could not resolve host: connect.hpb.gov.sg"
crm.uat-apadmin.gov.sg,"Could not resolve host: crm.uat-apadmin.gov.sg"
crmadfs.apadmin.gov.sg,"Could not resolve host: crmadfs.apadmin.gov.sg"
crms.moh.gov.sg,"Could not resolve host: crms.moh.gov.sg"
cse.iesingapore.gov.sg,"Could not resolve host: cse.iesingapore.gov.sg"
crmadfs.uat-apadmin.gov.sg,"Could not resolve host: crmadfs.uat-apadmin.gov.sg"
csconcourse.cscollege.gov.sg,"Could not resolve host: csconcourse.cscollege.gov.sg"
csms.dc.gov.sg,"Could not resolve host: csms.dc.gov.sg"
csptst.jtc.gov.sg,"Could not resolve host: csptst.jtc.gov.sg"
csvchpbpin.hpb.gov.sg,"Could not resolve host: csvchpbpin.hpb.gov.sg"
cspqa.jtc.gov.sg,"Could not resolve host: cspqa.jtc.gov.sg"
cube.gov.sg,"Could not resolve host: cube.gov.sg"
customer.g-cloud.gov.sg,"Could not resolve host: customer.g-cloud.gov.sg"
customsacademy.gov.sg,"Could not resolve host: customsacademy.gov.sg"
corenet.gov.sg,"301"
datahubsubmit.moh.gov.sg,"Could not resolve host: datahubsubmit.moh.gov.sg"
app.supremecourt.gov.sg,"SSL: no alternative certificate subject name matches target hostname 'app.supremecourt.gov.sg'"
dev.intranet.psi.gov.sg,"Could not resolve host: dev.intranet.psi.gov.sg"
cspdev.jtc.gov.sg,"Could not resolve host: cspdev.jtc.gov.sg"
csvcsingpass.hpb.gov.sg,"Could not resolve host: csvcsingpass.hpb.gov.sg"
dmzeims.mindef.gov.sg,"Could not resolve host: dmzeims.mindef.gov.sg"
dmzeimspwm.mindef.gov.sg,"Could not resolve host: dmzeimspwm.mindef.gov.sg"
cwapps.jtc.gov.sg,"Could not resolve host: cwapps.jtc.gov.sg"
dncr.gov.sg,"Could not resolve host: dncr.gov.sg"
dnewsroom.gov.sg,"Could not resolve host: dnewsroom.gov.sg"
bizfile.gov.sg,"301"
caas.gov.sg,"301"
dnc.gov.sg,"301"
donorcare.hsa.gov.sg,"TLS connect error: error:0A000410:SSL routines::ssl/tls alert handshake failure"
donotcallregistry.gov.sg,"Could not resolve host: donotcallregistry.gov.sg"
download.hsa.gov.sg,"Could not resolve host: download.hsa.gov.sg"
donotcall.gov.sg,"Could not resolve host: donotcall.gov.sg"
ccs.gov.sg,"301"
drcse.iesingapore.gov.sg,"Could not resolve host: drcse.iesingapore.gov.sg"
dtd.iesingapore.gov.sg,"Could not resolve host: dtd.iesingapore.gov.sg"
dvapp.visualising.gov.sg,"Could not resolve host: dvapp.visualising.gov.sg"
e-services-stg.nea.gov.sg,"Could not resolve host: e-services-stg.nea.gov.sg"
e-services.nea.gov.sg,"Could not resolve host: e-services.nea.gov.sg"
cmc.gov.sg,"301"
e2singapore.gov.sg,"Could not resolve host: e2singapore.gov.sg"
e728-stg.police.gov.sg,"Could not resolve host: e728-stg.police.gov.sg"
e101.gov.sg,"Could not resolve host: e101.gov.sg"
e-cert.ssg.gov.sg,"Could not resolve host: e-cert.ssg.gov.sg"
eabtc.ica.gov.sg,"Could not resolve host: eabtc.ica.gov.sg"
eacrs-stg.police.gov.sg,"Could not resolve host: eacrs-stg.police.gov.sg"
e728.police.gov.sg,"Could not resolve host: e728.police.gov.sg"
eacrs.police.gov.sg,"Could not resolve host: eacrs.police.gov.sg"
eappointment-stg.ica.gov.sg,"Could not resolve host: eappointment-stg.ica.gov.sg"
cmpb.gov.sg,"301"
eappointment.ica.gov.sg,"Could not resolve host: eappointment.ica.gov.sg"
cpib.gov.sg,"301"
appointment.mom.gov.sg,"301"
eauthoring.uat.seab.gov.sg,"Could not resolve host: eauthoring.uat.seab.gov.sg"
ecards.caas.gov.sg,"Could not resolve host: ecards.caas.gov.sg"
ecitizen.gov.sg,"Could not resolve host: ecitizen.gov.sg"
eclips.ava.gov.sg,"Could not resolve host: eclips.ava.gov.sg"
ecoc.police.gov.sg,"Could not resolve host: ecoc.police.gov.sg"
ecms.pdpc.gov.sg,"Could not resolve host: ecms.pdpc.gov.sg"
ccrs.weather.gov.sg,"200"
app.sla.gov.sg,"404"
ecweb1.customs.gov.sg,"Could not resolve host: ecweb1.customs.gov.sg"
edanet2.ura.gov.sg,"Could not resolve host: edanet2.ura.gov.sg"
edanet.ura.gov.sg,"Could not resolve host: edanet.ura.gov.sg"
eddies-stg.police.gov.sg,"Could not resolve host: eddies-stg.police.gov.sg"
eddies.police.gov.sg,"Could not resolve host: eddies.police.gov.sg"
edma.gov.sg,"Could not resolve host: edma.gov.sg"
cea.gov.sg,"301"
defence.gov.sg,"SSL certificate problem: certificate has expired"
edelivery.uat.seab.gov.sg,"Could not resolve host: edelivery.uat.seab.gov.sg"
cnb.gov.sg,"301"
eems-gwsx.intra-apps.nea.gov.sg,"Could not resolve host: eems-gwsx.intra-apps.nea.gov.sg"
eexam.moe.gov.sg,"Could not resolve host: eexam.moe.gov.sg"
efocus-stg.police.gov.sg,"Could not resolve host: efocus-stg.police.gov.sg"
eexam.uat.seab.gov.sg,"Could not resolve host: eexam.uat.seab.gov.sg"
ef.easys.gov.sg,"Could not resolve host: ef.easys.gov.sg"
efocus.police.gov.sg,"Could not resolve host: efocus.police.gov.sg"
ef-stg.easys.gov.sg,"Could not resolve host: ef-stg.easys.gov.sg"
csit.gov.sg,"301"
cscollege.gov.sg,"301"
egov.gov.sg,"Could not resolve host: egov.gov.sg"
ehtweb.ura.gov.sg,"Could not resolve host: ehtweb.ura.gov.sg"
eias.pmo.gov.sg,"Could not resolve host: eias.pmo.gov.sg"
csa.gov.sg,"301"
eform.app2.nea.gov.sg,"Could not resolve host: eform.app2.nea.gov.sg"
elearn.iras.gov.sg,"Could not resolve host: elearn.iras.gov.sg"
elearn.mfa.gov.sg,"Could not resolve host: elearn.mfa.gov.sg"
customs.gov.sg,"301"
elearning.seab.gov.sg,"Could not resolve host: elearning.seab.gov.sg"
eletters.gov.sg,"Could not resolve host: eletters.gov.sg"
eld.gov.sg,"302"
eems-gwsx.intra-apps-stg.nea.gov.sg,"Could not resolve host: eems-gwsx.intra-apps-stg.nea.gov.sg"
elobby.ica.gov.sg,"Could not resolve host: elobby.ica.gov.sg"
emarking.uat.seab.gov.sg,"Could not resolve host: emarking.uat.seab.gov.sg"
emaintenance.iesingapore.gov.sg,"Could not resolve host: emaintenance.iesingapore.gov.sg"
emic.jtc.gov.sg,"Could not resolve host: emic.jtc.gov.sg"
elise.ema.gov.sg,"200"
emma.nccs.gov.sg,"Could not resolve host: emma.nccs.gov.sg"
enable.gov.sg,"Could not resolve host: enable.gov.sg"
enotifuat.cnb.gov.sg,"Could not resolve host: enotifuat.cnb.gov.sg"
enterpriseone.gov.sg,"Could not resolve host: enterpriseone.gov.sg"
ems.ava.gov.sg,"Could not resolve host: ems.ava.gov.sg"
eimp.ema.gov.sg,"Could not resolve host: eimp.ema.gov.sg"
declare.customs.gov.sg,"301"
eort.iras.gov.sg,"Could not resolve host: eort.iras.gov.sg"
epay.nea.gov.sg,"Could not resolve host: epay.nea.gov.sg"
epayment.mfa.gov.sg,"Could not resolve host: epayment.mfa.gov.sg"
epaymentssit2.cpf.gov.sg,"Could not resolve host: epaymentssit2.cpf.gov.sg"
epaymentssit1.cpf.gov.sg,"Could not resolve host: epaymentssit1.cpf.gov.sg"
epaymenttest.muis.gov.sg,"Could not resolve host: epaymenttest.muis.gov.sg"
epec.mom.gov.sg,"Could not resolve host: epec.mom.gov.sg"
eponline.mom.gov.sg,"Could not resolve host: eponline.mom.gov.sg"
edb.gov.sg,"301"
epr-stg.ica.gov.sg,"Could not resolve host: epr-stg.ica.gov.sg"
epr.ica.gov.sg,"Could not resolve host: epr.ica.gov.sg"
epris.gov.sg,"TLS connect error: error:0A000410:SSL routines::ssl/tls alert handshake failure"
erbd.ica.gov.sg,"Could not resolve host: erbd.ica.gov.sg"
epscepashub.lta.gov.sg,"Could not resolve host: epscepashub.lta.gov.sg"
erep.ica.gov.sg,"Could not resolve host: erep.ica.gov.sg"
esc.ica.gov.sg,"Could not resolve host: esc.ica.gov.sg"
esc-stg.ica.gov.sg,"Could not resolve host: esc-stg.ica.gov.sg"
csp.jtc.gov.sg,"302"
esapp.nhb.gov.sg,"Could not resolve host: esapp.nhb.gov.sg"
eservice.enable.gov.sg,"Could not resolve host: eservice.enable.gov.sg"
eservice-stg.ida.gov.sg,"Could not resolve host: eservice-stg.ida.gov.sg"
biome.nparks.gov.sg,"403"
eservice.ida.gov.sg,"Could not resolve host: eservice.ida.gov.sg"
eservices-stg.nea.gov.sg,"Could not resolve host: eservices-stg.nea.gov.sg"
eservice.seab.gov.sg,"Could not resolve host: eservice.seab.gov.sg"
eservice.msf.gov.sg,"Could not resolve host: eservice.msf.gov.sg"
dsta.gov.sg,"301"
eservices.moh.gov.sg,"Could not resolve host: eservices.moh.gov.sg"
eservices.nea.gov.sg,"Could not resolve host: eservices.nea.gov.sg"
eservices.pub.gov.sg,"403"
ecda.gov.sg,"301"
esso.mcdsnet.gov.sg,"Could not resolve host: esso.mcdsnet.gov.sg"
estamping.iras.gov.sg,"Could not resolve host: estamping.iras.gov.sg"
esurvey.mom.gov.sg,"Could not resolve host: esurvey.mom.gov.sg"
app.cdn.gov.sg,"Could not resolve host: app.cdn.gov.sg"
app.e2singapore.gov.sg,"Could not resolve host: app.e2singapore.gov.sg"
esub.mom.gov.sg,"Could not resolve host: esub.mom.gov.sg"
esurvey.singstat.gov.sg,"Could not resolve host: esurvey.singstat.gov.sg"
ethnic-stg.ica.gov.sg,"Could not resolve host: ethnic-stg.ica.gov.sg"
esvcweb.nea.gov.sg,"Could not resolve host: esvcweb.nea.gov.sg"
ethnic.ica.gov.sg,"Could not resolve host: ethnic.ica.gov.sg"
etmsweb-stg.wda.gov.sg,"Could not resolve host: etmsweb-stg.wda.gov.sg"
eve.nparks.gov.sg,"Could not resolve host: eve.nparks.gov.sg"
events.gms.gov.sg,"Could not resolve host: events.gms.gov.sg"
etrs.iras.gov.sg,"Could not resolve host: etrs.iras.gov.sg"
dipnet.mfa.gov.sg,"403"
evp.nlb.gov.sg,"Could not resolve host: evp.nlb.gov.sg"
evpaa-stg.ica.gov.sg,"Could not resolve host: evpaa-stg.ica.gov.sg"
evpaa.ica.gov.sg,"Could not resolve host: evpaa.ica.gov.sg"
evpdmm.nlb.gov.sg,"Could not resolve host: evpdmm.nlb.gov.sg"
app.orc.gov.sg,"Could not resolve host: app.orc.gov.sg"
app.rfrs.gov.sg,"Could not resolve host: app.rfrs.gov.sg"
ex2.schools.gov.sg,"Could not resolve host: ex2.schools.gov.sg"
ex1.schools.gov.sg,"Could not resolve host: ex1.schools.gov.sg"
extend.ica.gov.sg,"Could not resolve host: extend.ica.gov.sg"
extracts.ica.gov.sg,"Could not resolve host: extracts.ica.gov.sg"
extend-stg.ica.gov.sg,"Could not resolve host: extend-stg.ica.gov.sg"
extranet.dsta.gov.sg,"Could not resolve host: extranet.dsta.gov.sg"
extranet.hsa.gov.sg,"Could not resolve host: extranet.hsa.gov.sg"
extranet.meanstesting-uat.moh.gov.sg,"Could not resolve host: extranet.meanstesting-uat.moh.gov.sg"
extranet.pub.gov.sg,"Could not resolve host: extranet.pub.gov.sg"
extranet.mts-uat.moh.gov.sg,"Could not resolve host: extranet.mts-uat.moh.gov.sg"
extranet.mts.moh.gov.sg,"Could not resolve host: extranet.mts.moh.gov.sg"
extranet.meanstesting.moh.gov.sg,"Could not resolve host: extranet.meanstesting.moh.gov.sg"
extranet.ura.gov.sg,"Could not resolve host: extranet.ura.gov.sg"
extranet2.ura.gov.sg,"Could not resolve host: extranet2.ura.gov.sg"
feedback.sportsingapore.gov.sg,"Could not resolve host: feedback.sportsingapore.gov.sg"
fedservice.ip2.ipos.gov.sg,"Could not resolve host: fedservice.ip2.ipos.gov.sg"
fisops.scdf.gov.sg,"Could not resolve host: fisops.scdf.gov.sg"
fileshare.iesingapore.gov.sg,"Could not resolve host: fileshare.iesingapore.gov.sg"
fitnesstracker.hpb.gov.sg,"Could not resolve host: fitnesstracker.hpb.gov.sg"
app.vog.gov.sg,"Could not resolve host: app.vog.gov.sg"
florafaunaweb.nparks.gov.sg,"Could not resolve host: florafaunaweb.nparks.gov.sg"
flexatwork.gov.sg,"Could not resolve host: flexatwork.gov.sg"
focos.hpb.gov.sg,"Could not resolve host: focos.hpb.gov.sg"
fpl-1.caasaim.gov.sg,"Could not resolve host: fpl-1.caasaim.gov.sg"
fpl-2.caasaim.gov.sg,"Could not resolve host: fpl-2.caasaim.gov.sg"
fsm.scdf.gov.sg,"Could not resolve host: fsm.scdf.gov.sg"
ftp.cpf.gov.sg,"Could not resolve host: ftp.cpf.gov.sg"
elearn.eld.gov.sg,"200"
games.cra.gov.sg,"Could not resolve host: games.cra.gov.sg"
gateway.nlb.gov.sg,"Could not resolve host: gateway.nlb.gov.sg"
games-stg.cra.gov.sg,"Could not resolve host: games-stg.cra.gov.sg"
gebiz.gov.sg,"Could not resolve host: gebiz.gov.sg"
gateway.sgmfa.gov.sg,"Could not resolve host: gateway.sgmfa.gov.sg"
data.gov.sg,"200"
geospace.gov.sg,"Could not resolve host: geospace.gov.sg"
eservices.mas.gov.sg,"200"
globalnet.lta.gov.sg,"Could not resolve host: globalnet.lta.gov.sg"
gms.gov.sg,"Could not resolve host: gms.gov.sg"
gold.jtc.gov.sg,"Could not resolve host: gold.jtc.gov.sg"
gms.mica.gov.sg,"Could not resolve host: gms.mica.gov.sg"
gomax.gov.sg,"Could not resolve host: gomax.gov.sg"
gpl.apadmin.gov.sg,"Could not resolve host: gpl.apadmin.gov.sg"
gpl.uat-ap.gov.sg,"Could not resolve host: gpl.uat-ap.gov.sg"
gpp.uat-apadmin.gov.sg,"Could not resolve host: gpp.uat-apadmin.gov.sg"
gpp.uat-ap.gov.sg,"Could not resolve host: gpp.uat-ap.gov.sg"
graduationsurvey.moe.gov.sg,"Could not resolve host: graduationsurvey.moe.gov.sg"
gpp.apadmin.gov.sg,"Could not resolve host: gpp.apadmin.gov.sg"
gpl.uat-apadmin.gov.sg,"Could not resolve host: gpl.uat-apadmin.gov.sg"
grantportal.spring.gov.sg,"Could not resolve host: grantportal.spring.gov.sg"
gstvoucher.gov.sg,"Could not resolve host: gstvoucher.gov.sg"
han.hpb.gov.sg,"Could not resolve host: han.hpb.gov.sg"
gwsx.ros.mha.gov.sg,"Could not resolve host: gwsx.ros.mha.gov.sg"
hapy1.starnet.gov.sg,"Could not resolve host: hapy1.starnet.gov.sg"
gwsx.gov.sg,"Could not resolve host: gwsx.gov.sg"
gwsx.appian-bgp.gov.sg,"Could not resolve host: gwsx.appian-bgp.gov.sg"
babybonus.msf.gov.sg,"302"
hapy2.starnet.gov.sg,"Could not resolve host: hapy2.starnet.gov.sg"
hapy3.starnet.gov.sg,"Could not resolve host: hapy3.starnet.gov.sg"
hapy6.starnet.gov.sg,"Could not resolve host: hapy6.starnet.gov.sg"
hapy4.starnet.gov.sg,"Could not resolve host: hapy4.starnet.gov.sg"
hapy5.starnet.gov.sg,"Could not resolve host: hapy5.starnet.gov.sg"
hapy7.starnet.gov.sg,"Could not resolve host: hapy7.starnet.gov.sg"
hapy8.starnet.gov.sg,"Could not resolve host: hapy8.starnet.gov.sg"
he.ecitizen.gov.sg,"Could not resolve host: he.ecitizen.gov.sg"
hdbva.hdb.gov.sg,"Could not resolve host: hdbva.hdb.gov.sg"
healthcheck.moh.gov.sg,"Could not resolve host: healthcheck.moh.gov.sg"
heb.gov.sg,"Could not resolve host: heb.gov.sg"
elis.moh.gov.sg,"301"
helpdesk.cpf.gov.sg,"Could not resolve host: helpdesk.cpf.gov.sg"
helm.hpb.gov.sg,"Could not resolve host: helm.hpb.gov.sg"
hesweb.singstat.gov.sg,"Could not resolve host: hesweb.singstat.gov.sg"
hic.hpb.gov.sg,"Could not resolve host: hic.hpb.gov.sg"
hitscms.internet.gov.sg,"Could not resolve host: hitscms.internet.gov.sg"
hitscms.dc.gov.sg,"Could not resolve host: hitscms.dc.gov.sg"
hitssgms.internet.gov.sg,"Could not resolve host: hitssgms.internet.gov.sg"
hometeamvolunteer.gov.sg,"Could not resolve host: hometeamvolunteer.gov.sg"
horus2.starnet.gov.sg,"Could not resolve host: horus2.starnet.gov.sg"
hometeamvolunteers.gov.sg,"Could not resolve host: hometeamvolunteers.gov.sg"
casy-stg.cra.gov.sg,"Could not resolve host: casy-stg.cra.gov.sg"
horus1.starnet.gov.sg,"Could not resolve host: horus1.starnet.gov.sg"
horus3.starnet.gov.sg,"Could not resolve host: horus3.starnet.gov.sg"
housing.cpf.gov.sg,"Could not resolve host: housing.cpf.gov.sg"
horus4.starnet.gov.sg,"Could not resolve host: horus4.starnet.gov.sg"
hqapcs05.mica.gov.sg,"Could not resolve host: hqapcs05.mica.gov.sg"
hqos.moh.gov.sg,"Could not resolve host: hqos.moh.gov.sg"
hrms.gov.sg,"Could not resolve host: hrms.gov.sg"
hrplus.mccs.ccs.gov.sg,"Could not resolve host: hrplus.mccs.ccs.gov.sg"
hrplusuat.mccs.ccs.gov.sg,"Could not resolve host: hrplusuat.mccs.ccs.gov.sg"
eregister.mfa.gov.sg,"302"
htv.gov.sg,"Could not resolve host: htv.gov.sg"
htvolunteers.gov.sg,"Could not resolve host: htvolunteers.gov.sg"
eservice.hsa.gov.sg,"463"
iam.spring.gov.sg,"Could not resolve host: iam.spring.gov.sg"
familyjusticecourts.gov.sg,"301"
ibsuat.parl.gov.sg,"Could not resolve host: ibsuat.parl.gov.sg"
ibs.parl.gov.sg,"Could not resolve host: ibs.parl.gov.sg"
fjcourts.gov.sg,"301"
icms.gov.sg,"Could not resolve host: icms.gov.sg"
icms.subcourts.gov.sg,"Could not resolve host: icms.subcourts.gov.sg"
icmsefile.subcourts.gov.sg,"Could not resolve host: icmsefile.subcourts.gov.sg"
iconline.ica.gov.sg,"Could not resolve host: iconline.ica.gov.sg"
ida.gov.sg,"Could not resolve host: ida.gov.sg"
ida-rsu.gov.sg,"Could not resolve host: ida-rsu.gov.sg"
eservice.pdpc.gov.sg,"200"
idaicms.gov.sg,"Could not resolve host: idaicms.gov.sg"
ideas.ecitizen.gov.sg,"Could not resolve host: ideas.ecitizen.gov.sg"
ideas.moe.gov.sg,"Could not resolve host: ideas.moe.gov.sg"
iefinancing.iesingapore.gov.sg,"Could not resolve host: iefinancing.iesingapore.gov.sg"
iefinancing-prodpry.iesingapore.gov.sg,"Could not resolve host: iefinancing-prodpry.iesingapore.gov.sg"
ienquiry-stg.ica.gov.sg,"Could not resolve host: ienquiry-stg.ica.gov.sg"
eservices.scdf.gov.sg,"302"
ienquiry.ica.gov.sg,"Could not resolve host: ienquiry.ica.gov.sg"
ierrs.seab.gov.sg,"Could not resolve host: ierrs.seab.gov.sg"
ieremote.iesingapore.gov.sg,"Could not resolve host: ieremote.iesingapore.gov.sg"
hdb.gov.sg,"405"
haze.gov.sg,"301"
iexpresslite.iesingapore.gov.sg,"Could not resolve host: iexpresslite.iesingapore.gov.sg"
iers.seab.gov.sg,"Could not resolve host: iers.seab.gov.sg"
iesingapore.gov.sg,"Could not resolve host: iesingapore.gov.sg"
ieshop.iesingapore.gov.sg,"Could not resolve host: ieshop.iesingapore.gov.sg"
ifaq.gov.sg,"Could not resolve host: ifaq.gov.sg"
ifoms-stg.mfa.gov.sg,"Could not resolve host: ifoms-stg.mfa.gov.sg"
hlb.gov.sg,"301"
ifaq.muis.gov.sg,"Could not resolve host: ifaq.muis.gov.sg"
ifaq-stg.gov.sg,"Could not resolve host: ifaq-stg.gov.sg"
ifast.ava.gov.sg,"Could not resolve host: ifast.ava.gov.sg"
ifoms.mfa.gov.sg,"Could not resolve host: ifoms.mfa.gov.sg"
ihostmigration.moe.gov.sg,"Could not resolve host: ihostmigration.moe.gov.sg"
ihostservice.moe.gov.sg,"Could not resolve host: ihostservice.moe.gov.sg"
in.tech.gov.sg,"Could not resolve host: in.tech.gov.sg"
incentives-prodpry.iesingapore.gov.sg,"Could not resolve host: incentives-prodpry.iesingapore.gov.sg"
im-itmgmt.gov.sg,"Could not resolve host: im-itmgmt.gov.sg"
incentives.iesingapore.gov.sg,"Could not resolve host: incentives.iesingapore.gov.sg"
infofusioncentre.gov.sg,"Could not resolve host: infofusioncentre.gov.sg"
int.nea.gov.sg,"Could not resolve host: int.nea.gov.sg"
hpb.gov.sg,"301"
inlis.gov.sg,"Could not resolve host: inlis.gov.sg"
infohub.hpb.gov.sg,"Could not resolve host: infohub.hpb.gov.sg"
internet-adfs-uat.hpb.gov.sg,"Could not resolve host: internet-adfs-uat.hpb.gov.sg"
internet-cprms-uat.hpb.gov.sg,"Could not resolve host: internet-cprms-uat.hpb.gov.sg"
eows.eld.gov.sg,"200"
internet-cprmsauth-uat.hpb.gov.sg,"Could not resolve host: internet-cprmsauth-uat.hpb.gov.sg"
internet-stg.eregister.mfa.gov.sg,"Could not resolve host: internet-stg.eregister.mfa.gov.sg"
internet-exchange.gwsx.gov.sg,"Could not resolve host: internet-exchange.gwsx.gov.sg"
internet-cprmsdisc-uat.hpb.gov.sg,"Could not resolve host: internet-cprmsdisc-uat.hpb.gov.sg"
internet-stg.comcaredb.gov.sg,"Could not resolve host: internet-stg.comcaredb.gov.sg"
hta.gov.sg,"301"
internet-stg.hometeamvolunteers.gov.sg,"Could not resolve host: internet-stg.hometeamvolunteers.gov.sg"
internet-stg.isams.moe.gov.sg,"Could not resolve host: internet-stg.isams.moe.gov.sg"
internet-stg.gwsx.gov.sg,"Could not resolve host: internet-stg.gwsx.gov.sg"
internet-stg.mavis.ica.gov.sg,"Could not resolve host: internet-stg.mavis.ica.gov.sg"
internet1-stg.search.gov.sg,"Could not resolve host: internet1-stg.search.gov.sg"
internet-stg.ssks.customs.gov.sg,"Could not resolve host: internet-stg.ssks.customs.gov.sg"
intranet-ahprs.moh.gov.sg,"Could not resolve host: intranet-ahprs.moh.gov.sg"
internet-stg2.subcourts.gov.sg,"Could not resolve host: internet-stg2.subcourts.gov.sg"
eservices.muis.gov.sg,"503"
internet-stg.syariahcourt.gov.sg,"Could not resolve host: internet-stg.syariahcourt.gov.sg"
intranet-apps.hpb.gov.sg,"Could not resolve host: intranet-apps.hpb.gov.sg"
internetexchange.webservices.gov.sg,"Could not resolve host: internetexchange.webservices.gov.sg"
intranet-e-lite.vital.gov.sg,"Could not resolve host: intranet-e-lite.vital.gov.sg"
intranet-hihdp.hpb.gov.sg,"Could not resolve host: intranet-hihdp.hpb.gov.sg"
intranet-cprms.hpb.gov.sg,"Could not resolve host: intranet-cprms.hpb.gov.sg"
intranet-hihdw.hpb.gov.sg,"Could not resolve host: intranet-hihdw.hpb.gov.sg"
intranet-mfas.moh.gov.sg,"Could not resolve host: intranet-mfas.moh.gov.sg"
intranet-hivemobile.stb.gov.sg,"Could not resolve host: intranet-hivemobile.stb.gov.sg"
intranet-licence1.business.gov.sg,"Could not resolve host: intranet-licence1.business.gov.sg"
intranet-mits.moh.gov.sg,"Could not resolve host: intranet-mits.moh.gov.sg"
intranet-mohaicportal.moh.gov.sg,"Could not resolve host: intranet-mohaicportal.moh.gov.sg"
intranet-ngager.moh.gov.sg,"Could not resolve host: intranet-ngager.moh.gov.sg"
intranet-nrds.hpb.gov.sg,"Could not resolve host: intranet-nrds.hpb.gov.sg"
intranet-ship.hpb.gov.sg,"Could not resolve host: intranet-ship.hpb.gov.sg"
intranet-prod.ils.nea.gov.sg,"Could not resolve host: intranet-prod.ils.nea.gov.sg"
intranet-sni.hpb.gov.sg,"Could not resolve host: intranet-sni.hpb.gov.sg"
intranet-stg.ils.nea.gov.sg,"Could not resolve host: intranet-stg.ils.nea.gov.sg"
ica.gov.sg,"301"
intranet-stg.easys.gov.sg,"Could not resolve host: intranet-stg.easys.gov.sg"
intranet.gebiz.gov.sg,"Could not resolve host: intranet.gebiz.gov.sg"
intranet.click.hpb.gov.sg,"Could not resolve host: intranet.click.hpb.gov.sg"
intranet.iss.hpb.gov.sg,"Could not resolve host: intranet.iss.hpb.gov.sg"
intranet.cwc.gov.sg,"Could not resolve host: intranet.cwc.gov.sg"
intranet.easys.gov.sg,"Could not resolve host: intranet.easys.gov.sg"
intra.mci.gov.sg,"Could not resolve host: intra.mci.gov.sg"
intranet-adfs.hpb.gov.sg,"Could not resolve host: intranet-adfs.hpb.gov.sg"
intranet.nea.gov.sg,"Could not resolve host: intranet.nea.gov.sg"
intranet.singpass.gov.sg,"Could not resolve host: intranet.singpass.gov.sg"
iosh.mom.gov.sg,"Could not resolve host: iosh.mom.gov.sg"
intranet.vital.gov.sg,"Could not resolve host: intranet.vital.gov.sg"
intranet-helm.hpb.gov.sg,"Could not resolve host: intranet-helm.hpb.gov.sg"
intranet.skillsconnect.gov.sg,"Could not resolve host: intranet.skillsconnect.gov.sg"
ipass.ica.gov.sg,"Could not resolve host: ipass.ica.gov.sg"
ip2sg.ipos.gov.sg,"Could not resolve host: ip2sg.ipos.gov.sg"
ipto.gov.sg,"Could not resolve host: ipto.gov.sg"
iptoonline.gov.sg,"Could not resolve host: iptoonline.gov.sg"
isams.moe.gov.sg,"Could not resolve host: isams.moe.gov.sg"
irc.dsta.gov.sg,"Could not resolve host: irc.dsta.gov.sg"
isprint.gov.sg,"Could not resolve host: isprint.gov.sg"
intranet-nphurs.moh.gov.sg,"Could not resolve host: intranet-nphurs.moh.gov.sg"
intranet-mohiris.moh.gov.sg,"Could not resolve host: intranet-mohiris.moh.gov.sg"
iss.hpb.gov.sg,"Could not resolve host: iss.hpb.gov.sg"
jobsbank.gov.sg,"Could not resolve host: jobsbank.gov.sg"
jtcavt.jtc.gov.sg,"Could not resolve host: jtcavt.jtc.gov.sg"
khnum1.starnet.gov.sg,"Could not resolve host: khnum1.starnet.gov.sg"
krypton.jtc.gov.sg,"Could not resolve host: krypton.jtc.gov.sg"
kenny.ipos.gov.sg,"Could not resolve host: kenny.ipos.gov.sg"
khnum3.starnet.gov.sg,"Could not resolve host: khnum3.starnet.gov.sg"
jtcapps.jtc.gov.sg,"403"
khnum5.starnet.gov.sg,"Could not resolve host: khnum5.starnet.gov.sg"
krypton2.jtc.gov.sg,"Could not resolve host: krypton2.jtc.gov.sg"
landapplications.gov.sg,"Could not resolve host: landapplications.gov.sg"
ldap.defence.gov.sg,"Could not resolve host: ldap.defence.gov.sg"
lexuat.cscollege.gov.sg,"Could not resolve host: lexuat.cscollege.gov.sg"
lex.cscollege.gov.sg,"Could not resolve host: lex.cscollege.gov.sg"
ldau.gov.sg,"Could not resolve host: ldau.gov.sg"
licences.business.gov.sg,"Could not resolve host: licences.business.gov.sg"
libproxy.nlb.gov.sg,"Could not resolve host: libproxy.nlb.gov.sg"
learning-uat.stb.gov.sg,"Could not resolve host: learning-uat.stb.gov.sg"
live-author.edb.gov.sg,"Could not resolve host: live-author.edb.gov.sg"
lms.openacademy.mindef.gov.sg,"Could not resolve host: lms.openacademy.mindef.gov.sg"
lta.gov.sg,"Could not resolve host: lta.gov.sg"
ltpass-stg.ica.gov.sg,"Could not resolve host: ltpass-stg.ica.gov.sg"
ltalink.vrl.lta.gov.sg,"Could not resolve host: ltalink.vrl.lta.gov.sg"
ltalink.vrl-elink.lta.gov.sg,"Could not resolve host: ltalink.vrl-elink.lta.gov.sg"
ltpass.ica.gov.sg,"Could not resolve host: ltpass.ica.gov.sg"
ltw.hpb.gov.sg,"Could not resolve host: ltw.hpb.gov.sg"
alumni.scp.gov.sg,"Connection timed out after 3001 milliseconds"
m-connect.hpb.gov.sg,"Could not resolve host: m-connect.hpb.gov.sg"
lyncdiscover.nsc.gov.sg,"Could not resolve host: lyncdiscover.nsc.gov.sg"
m-infohub.hpb.gov.sg,"Could not resolve host: m-infohub.hpb.gov.sg"
app-stg.cei.mom.gov.sg,"Connection timed out after 3000 milliseconds"
m.opg.gov.sg,"Could not resolve host: m.opg.gov.sg"
app-stg.efog.nea.gov.sg,"Connection timed out after 3002 milliseconds"
m.romm.gov.sg,"Could not resolve host: m.romm.gov.sg"
app-stg.hms.nea.gov.sg,"Connection timed out after 3001 milliseconds"
m.rom.gov.sg,"Could not resolve host: m.rom.gov.sg"
app-stg.haze.gov.sg,"Connection timed out after 3002 milliseconds"
app-stg.eems.nea.gov.sg,"Connection timed out after 3002 milliseconds"
app-stg.asc.gov.sg,"Connection timed out after 3002 milliseconds"
m.services.mom.gov.sg,"Could not resolve host: m.services.mom.gov.sg"
app-stg.mels.nea.gov.sg,"Connection timed out after 3000 milliseconds"
app-stg.mks.singstat.gov.sg,"Connection timed out after 3002 milliseconds"
app-stg.mof.gov.sg,"Connection timed out after 3001 milliseconds"
app-stg.msf.gov.sg,"Connection timed out after 3002 milliseconds"
m-uat.customs.gov.sg,"403"
app-stg.pep.mom.gov.sg,"Connection timed out after 3002 milliseconds"
mads.defence.gov.sg,"Could not resolve host: mads.defence.gov.sg"
macs.defence.gov.sg,"Could not resolve host: macs.defence.gov.sg"
mail1.schools.gov.sg,"Could not resolve host: mail1.schools.gov.sg"
app-stg.singaporebudget.gov.sg,"Connection timed out after 3002 milliseconds"
app-stg.snapcms.mom.gov.sg,"Connection timed out after 3002 milliseconds"
app-stg.vitaline.vital.gov.sg,"Connection timed out after 3002 milliseconds"
mail.starnet.gov.sg,"Could not resolve host: mail.starnet.gov.sg"
mail.csit.gov.sg,"Could not resolve host: mail.csit.gov.sg"
app-stg2.singstat.gov.sg,"Connection timed out after 3001 milliseconds"
mail.ncss.gov.sg,"Could not resolve host: mail.ncss.gov.sg"
app-stg2.mnd.gov.sg,"Connection timed out after 3003 milliseconds"
mail2.schools.gov.sg,"Could not resolve host: mail2.schools.gov.sg"
masnetgw.mas.gov.sg,"Could not resolve host: masnetgw.mas.gov.sg"
app.agd.gov.sg,"Connection timed out after 3003 milliseconds"
app-stg9.nscs.gov.sg,"Connection timed out after 3001 milliseconds"
masnetgw1.mas.gov.sg,"Could not resolve host: masnetgw1.mas.gov.sg"
app-stg5.nea.gov.sg,"Connection timed out after 3002 milliseconds"
app.cei.mom.gov.sg,"Connection timed out after 3005 milliseconds"
masnetsvc.mas.gov.sg,"Could not resolve host: masnetsvc.mas.gov.sg"
masnetsvc2.mas.gov.sg,"Could not resolve host: masnetsvc2.mas.gov.sg"
mbs.gov.sg,"Could not resolve host: mbs.gov.sg"
mccy.gov.sg,"Could not resolve host: mccy.gov.sg"
mcyspwwb01.mcdsnet.gov.sg,"Could not resolve host: mcyspwwb01.mcdsnet.gov.sg"
mcyspwwb03.mcdsnet.gov.sg,"Could not resolve host: mcyspwwb03.mcdsnet.gov.sg"
imda.gov.sg,"301"
mcyssadb01.mcdsnet.gov.sg,"Could not resolve host: mcyssadb01.mcdsnet.gov.sg"
marinet.mpa.gov.sg,"302"
app.genap.mom.gov.sg,"Connection timed out after 3000 milliseconds"
mcys-volunteers.gov.sg,"Could not resolve host: mcys-volunteers.gov.sg"
mediclaim.moh.gov.sg,"Could not resolve host: mediclaim.moh.gov.sg"
app.haze.gov.sg,"Connection timed out after 3000 milliseconds"
mcyspwwb02.mcdsnet.gov.sg,"Could not resolve host: mcyspwwb02.mcdsnet.gov.sg"
app.hlb.gov.sg,"Connection timed out after 3000 milliseconds"
mcyspwap04.mcdsnet.gov.sg,"Could not resolve host: mcyspwap04.mcdsnet.gov.sg"
mda.gov.sg,"Could not resolve host: mda.gov.sg"
mdaonline.mda.gov.sg,"Could not resolve host: mdaonline.mda.gov.sg"
app.hms.nea.gov.sg,"Connection timed out after 3002 milliseconds"
mda.extranet-dev.mda.gov.sg,"Could not resolve host: mda.extranet-dev.mda.gov.sg"
mfas.moh.gov.sg,"Could not resolve host: mfas.moh.gov.sg"
mes.mda.gov.sg,"Could not resolve host: mes.mda.gov.sg"
mewr.gov.sg,"Could not resolve host: mewr.gov.sg"
mdalicensing.mda.gov.sg,"Could not resolve host: mdalicensing.mda.gov.sg"
hpass.moh.gov.sg,"301"
meet.nsc.gov.sg,"Could not resolve host: meet.nsc.gov.sg"
mgov.gov.sg,"Could not resolve host: mgov.gov.sg"
minlaw.gov.sg,"Could not resolve host: minlaw.gov.sg"
mmavpn01p.gomax.gov.sg,"Could not resolve host: mmavpn01p.gomax.gov.sg"
mobileapp.police.gov.sg,"Could not resolve host: mobileapp.police.gov.sg"
masnet.mas.gov.sg,"302"
mmavpn02s.gomax.gov.sg,"Could not resolve host: mmavpn02s.gomax.gov.sg"
mobile.am4u.gov.sg,"Could not resolve host: mobile.am4u.gov.sg"
mofappboe.ibudget.mof.gov.sg,"Could not resolve host: mofappboe.ibudget.mof.gov.sg"
mobilegw.iesingapore.gov.sg,"Could not resolve host: mobilegw.iesingapore.gov.sg"
app.mels.nea.gov.sg,"Connection timed out after 3001 milliseconds"
mofi-app2.mof.gov.sg,"Could not resolve host: mofi-app2.mof.gov.sg"
moholq.moh.gov.sg,"Could not resolve host: moholq.moh.gov.sg"
mofi-app1.mof.gov.sg,"Could not resolve host: mofi-app1.mof.gov.sg"
mofappbpc.ibudget.mof.gov.sg,"Could not resolve host: mofappbpc.ibudget.mof.gov.sg"
app.mks.singstat.gov.sg,"Connection timed out after 3002 milliseconds"
moh-rh.moh.gov.sg,"Could not resolve host: moh-rh.moh.gov.sg"
momwcms-uat.intranet.mom.gov.sg,"Could not resolve host: momwcms-uat.intranet.mom.gov.sg"
mohalert.moh.gov.sg,"Could not resolve host: mohalert.moh.gov.sg"
moe.gov.sg,"Could not resolve host: moe.gov.sg"
mpawin91.mpa.gov.sg,"Could not resolve host: mpawin91.mpa.gov.sg"
mom.gov.sg,"Could not resolve host: mom.gov.sg"
mohcts.moh.gov.sg,"Could not resolve host: mohcts.moh.gov.sg"
moh-stg.moh.gov.sg,"Could not resolve host: moh-stg.moh.gov.sg"
mofi.mof.gov.sg,"Could not resolve host: mofi.mof.gov.sg"
mmavpn01s.gomax.gov.sg,"Could not resolve host: mmavpn01s.gomax.gov.sg"
app.mti.gov.sg,"Connection timed out after 3000 milliseconds"
mpawin17.mpa.gov.sg,"Could not resolve host: mpawin17.mpa.gov.sg"
mohaicportal.moh.gov.sg,"Could not resolve host: mohaicportal.moh.gov.sg"
mpal.cpf.gov.sg,"Could not resolve host: mpal.cpf.gov.sg"
mservices.moh.gov.sg,"Could not resolve host: mservices.moh.gov.sg"
app.osawic.mom.gov.sg,"Connection timed out after 3002 milliseconds"
app.pep.mom.gov.sg,"Connection timed out after 3002 milliseconds"
msol.mom.gov.sg,"Could not resolve host: msol.mom.gov.sg"
mx.dsta.gov.sg,"Could not resolve host: mx.dsta.gov.sg"
app.quotacal.mom.gov.sg,"Connection timed out after 3001 milliseconds"
myadmin.cube.gov.sg,"Could not resolve host: myadmin.cube.gov.sg"
myhome.jtc.gov.sg,"Could not resolve host: myhome.jtc.gov.sg"
msfessoapv01.mcdsnet.gov.sg,"Could not resolve host: msfessoapv01.mcdsnet.gov.sg"
mti.gov.sg,"Could not resolve host: mti.gov.sg"
myparljourneyuat.parl.gov.sg,"Could not resolve host: myparljourneyuat.parl.gov.sg"
mygreenspace.nparks.gov.sg,"Could not resolve host: mygreenspace.nparks.gov.sg"
mx.starnet.gov.sg,"Could not resolve host: mx.starnet.gov.sg"
msp.rsn.gov.sg,"Could not resolve host: msp.rsn.gov.sg"
app.safejourney.lta.gov.sg,"Connection timed out after 3002 milliseconds"
mypartners.ida.gov.sg,"Could not resolve host: mypartners.ida.gov.sg"
licence1.business.gov.sg,"302"
ncdcc.gov.sg,"Could not resolve host: ncdcc.gov.sg"
my.cube.gov.sg,"Could not resolve host: my.cube.gov.sg"
mytaxmail.iras.gov.sg,"Could not resolve host: mytaxmail.iras.gov.sg"
mysite.intra2.wda.gov.sg,"Could not resolve host: mysite.intra2.wda.gov.sg"
nehr.hpb.gov.sg,"Could not resolve host: nehr.hpb.gov.sg"
myparljourney.parl.gov.sg,"Could not resolve host: myparljourney.parl.gov.sg"
ncpc.gov.sg,"Could not resolve host: ncpc.gov.sg"
neupc.ida.gov.sg,"Could not resolve host: neupc.ida.gov.sg"
ngg.gebiz.gov.sg,"Could not resolve host: ngg.gebiz.gov.sg"
news.gov.sg,"Could not resolve host: news.gov.sg"
newmsol.mom.gov.sg,"Could not resolve host: newmsol.mom.gov.sg"
app.sird.spf.gov.sg,"Connection timed out after 3002 milliseconds"
ngg.qa.gebiz.gov.sg,"Could not resolve host: ngg.qa.gebiz.gov.sg"
ngager.moh.gov.sg,"Could not resolve host: ngager.moh.gov.sg"
nir.hpb.gov.sg,"Could not resolve host: nir.hpb.gov.sg"
app.stb.gov.sg,"Connection timed out after 3003 milliseconds"
nfs.gov.sg,"Could not resolve host: nfs.gov.sg"
ngg.trg.gebiz.gov.sg,"Could not resolve host: ngg.trg.gebiz.gov.sg"
nocucsevp01.nlb.gov.sg,"Could not resolve host: nocucsevp01.nlb.gov.sg"
npcc.gov.sg,"Could not resolve host: npcc.gov.sg"
nlbmail.nlb.gov.sg,"Could not resolve host: nlbmail.nlb.gov.sg"
loms.mfa.gov.sg,"SSL certificate problem: unable to get local issuer certificate"
nocucsevp02.nlb.gov.sg,"Could not resolve host: nocucsevp02.nlb.gov.sg"
nsa.sportsingapore.gov.sg,"Could not resolve host: nsa.sportsingapore.gov.sg"
nyc.gov.sg,"Could not resolve host: nyc.gov.sg"
oa.cscollege.gov.sg,"Could not resolve host: oa.cscollege.gov.sg"
ipos.gov.sg,"301"
nra.mfa.gov.sg,"Could not resolve host: nra.mfa.gov.sg"
nyc.pa.gov.sg,"Could not resolve host: nyc.pa.gov.sg"
oasisd.nea.gov.sg,"Could not resolve host: oasisd.nea.gov.sg"
oneinbox.gov.sg,"Could not resolve host: oneinbox.gov.sg"
nsa.ssc.gov.sg,"Could not resolve host: nsa.ssc.gov.sg"
notesapp.internet.gov.sg,"Could not resolve host: notesapp.internet.gov.sg"
oasis.nea.gov.sg,"Could not resolve host: oasis.nea.gov.sg"
app5.nea.gov.sg,"Connection timed out after 3001 milliseconds"
myoasis.defence.gov.sg,"Failed to connect to myoasis.defence.gov.sg port 443 after 174 ms: Could not connect to server"
one.pa.gov.sg,"Could not resolve host: one.pa.gov.sg"
omf.moh.gov.sg,"Could not resolve host: omf.moh.gov.sg"
odin.gov.sg,"Could not resolve host: odin.gov.sg"
opac.hpb.gov.sg,"Could not resolve host: opac.hpb.gov.sg"
opa.hpb.gov.sg,"Could not resolve host: opa.hpb.gov.sg"
online.sgjourney.gov.sg,"Could not resolve host: online.sgjourney.gov.sg"
opad.ica.gov.sg,"Could not resolve host: opad.ica.gov.sg"
opas.jtc.gov.sg,"Could not resolve host: opas.jtc.gov.sg"
operator.ica.gov.sg,"Could not resolve host: operator.ica.gov.sg"
appiqs.acra.gov.sg,"Connection timed out after 3002 milliseconds"
online.staging-oneservice.gov.sg,"Could not resolve host: online.staging-oneservice.gov.sg"
obs.nyc.gov.sg,"403"
opera.mas.gov.sg,"Could not resolve host: opera.mas.gov.sg"
orc.gov.sg,"Could not resolve host: orc.gov.sg"
opencall.nac.gov.sg,"Could not resolve host: opencall.nac.gov.sg"
mytax.iras.gov.sg,"302"
online.oneservice.gov.sg,"Could not resolve host: online.oneservice.gov.sg"
oscars.ica.gov.sg,"Could not resolve host: oscars.ica.gov.sg"
mavis.ica.gov.sg,"TLS connect error: error:0A000438:SSL routines::tlsv1 alert internal error"
owa.intra2.wda.gov.sg,"Could not resolve host: owa.intra2.wda.gov.sg"
lab.gov.sg,"301"
asktraisi-vportal.vital.gov.sg,"Connection timed out after 3002 milliseconds"
owa.ncss.gov.sg,"Could not resolve host: owa.ncss.gov.sg"
owaes.police.gov.sg,"Could not resolve host: owaes.police.gov.sg"
p1-is.moe.gov.sg,"Could not resolve host: p1-is.moe.gov.sg"
pals.ava.gov.sg,"Could not resolve host: pals.ava.gov.sg"
author.mlaw.gov.sg,"Connection timed out after 3002 milliseconds"
owa.sce.gov.sg,"Could not resolve host: owa.sce.gov.sg"
pa-online.pa.gov.sg,"Could not resolve host: pa-online.pa.gov.sg"
owa.sgmfa.gov.sg,"Could not resolve host: owa.sgmfa.gov.sg"
authoring.mot.gov.sg,"Connection timed out after 3002 milliseconds"
oss.ema.gov.sg,"200"
owaes-stg.police.gov.sg,"Could not resolve host: owaes-stg.police.gov.sg"
payments-training.wda.gov.sg,"Could not resolve host: payments-training.wda.gov.sg"
parliament.gov.sg,"Could not resolve host: parliament.gov.sg"
payments-test.wda.gov.sg,"Could not resolve host: payments-test.wda.gov.sg"
autodiscover.schools.gov.sg,"Connection timed out after 3001 milliseconds"
pacgov.agd.gov.sg,"Could not resolve host: pacgov.agd.gov.sg"
pac.gov.sg,"Could not resolve host: pac.gov.sg"
paat.hpb.gov.sg,"Could not resolve host: paat.hpb.gov.sg"
bacs.jurongisland.gov.sg,"Connection timed out after 3002 milliseconds"
partner-services.msf.gov.sg,"Could not resolve host: partner-services.msf.gov.sg"
parl.gov.sg,"Could not resolve host: parl.gov.sg"
payments-stage.wda.gov.sg,"Could not resolve host: payments-stage.wda.gov.sg"
bizfinx.gov.sg,"Operation timed out after 3001 milliseconds with 0 bytes received"
pepl02.crest.gov.sg,"Could not resolve host: pepl02.crest.gov.sg"
payments-uat.ssg-wsg.gov.sg,"Could not resolve host: payments-uat.ssg-wsg.gov.sg"
payments.wda.gov.sg,"Could not resolve host: payments.wda.gov.sg"
box.nhb.gov.sg,"Connection timed out after 3002 milliseconds"
pecc03.crest.gov.sg,"Could not resolve host: pecc03.crest.gov.sg"
pips2.parl.gov.sg,"Could not resolve host: pips2.parl.gov.sg"
pen.sgmfa.gov.sg,"Could not resolve host: pen.sgmfa.gov.sg"
pc2.hrms.gov.sg,"Could not resolve host: pc2.hrms.gov.sg"
plus-stg.police.gov.sg,"Could not resolve host: plus-stg.police.gov.sg"
pccs.hpb.gov.sg,"Could not resolve host: pccs.hpb.gov.sg"
pgp.uat-ap.gov.sg,"Could not resolve host: pgp.uat-ap.gov.sg"
pgp.uat-apadmin.gov.sg,"Could not resolve host: pgp.uat-apadmin.gov.sg"
pftp.cpf.gov.sg,"Could not resolve host: pftp.cpf.gov.sg"
pgp.apadmin.gov.sg,"Could not resolve host: pgp.apadmin.gov.sg"
pc1.hrms.gov.sg,"Could not resolve host: pc1.hrms.gov.sg"
plus.police.gov.sg,"Could not resolve host: plus.police.gov.sg"
pepl01.crest.gov.sg,"Could not resolve host: pepl01.crest.gov.sg"
ocoe.lta.gov.sg,"301"
poenquiry.eld.gov.sg,"Could not resolve host: poenquiry.eld.gov.sg"
pes.wda.gov.sg,"Could not resolve host: pes.wda.gov.sg"
poa.nac.gov.sg,"Could not resolve host: poa.nac.gov.sg"
police.gov.sg,"Could not resolve host: police.gov.sg"
portal-test.wda.gov.sg,"Could not resolve host: portal-test.wda.gov.sg"
portal-sit.ssg-wsg.gov.sg,"Could not resolve host: portal-sit.ssg-wsg.gov.sg"
portal.ces.gov.sg,"Could not resolve host: portal.ces.gov.sg"
portal-training.wda.gov.sg,"Could not resolve host: portal-training.wda.gov.sg"
portal-stage.wda.gov.sg,"Could not resolve host: portal-stage.wda.gov.sg"
portal.ace.gov.sg,"Could not resolve host: portal.ace.gov.sg"
portal.ssg-wsg.gov.sg,"Could not resolve host: portal.ssg-wsg.gov.sg"
profamilyleave.gov.sg,"Could not resolve host: profamilyleave.gov.sg"
portal.defence.gov.sg,"Could not resolve host: portal.defence.gov.sg"
preschool.gov.sg,"Could not resolve host: preschool.gov.sg"
mci.gov.sg,"301"
praise.gov.sg,"Could not resolve host: praise.gov.sg"
prod-internet.authgateway.gov.sg,"Could not resolve host: prod-internet.authgateway.gov.sg"
portal-uat.ssg-wsg.gov.sg,"Could not resolve host: portal-uat.ssg-wsg.gov.sg"
portal.wda.gov.sg,"Could not resolve host: portal.wda.gov.sg"
pub.wemp.gov.sg,"Could not resolve host: pub.wemp.gov.sg"
preschool-stg.moe.gov.sg,"Could not resolve host: preschool-stg.moe.gov.sg"
prs.moh.gov.sg,"Could not resolve host: prs.moh.gov.sg"
psi.gov.sg,"Could not resolve host: psi.gov.sg"
prs.dsta.gov.sg,"Could not resolve host: prs.dsta.gov.sg"
psc-cms.gov.sg,"Could not resolve host: psc-cms.gov.sg"
psnc.moe.gov.sg,"Could not resolve host: psnc.moe.gov.sg"
pub.gov.sg,"Could not resolve host: pub.gov.sg"
psnc-is.moe.gov.sg,"403"
mha.gov.sg,"301"
cnb-iems-admin.gov.sg,"Connection timed out after 3002 milliseconds"
qa-intranet.singpass.gov.sg,"Could not resolve host: qa-intranet.singpass.gov.sg"
cnb-iems.gov.sg,"Connection timed out after 3004 milliseconds"
mnd.gov.sg,"301"
qa-internet.authgateway.gov.sg,"Could not resolve host: qa-internet.authgateway.gov.sg"
connect.ras.gov.sg,"Resolving timed out after 3000 milliseconds"
pwdp01.crest.gov.sg,"Could not resolve host: pwdp01.crest.gov.sg"
mfa.gov.sg,"301"
qa-internet.singpass.gov.sg,"Could not resolve host: qa-internet.singpass.gov.sg"
mlaw.gov.sg,"301"
connect.wda.gov.sg,"Connection timed out after 3003 milliseconds"
rahsx.gov.sg,"Could not resolve host: rahsx.gov.sg"
qasemic2.jtc.gov.sg,"Could not resolve host: qasemic2.jtc.gov.sg"
qms.ava.gov.sg,"Could not resolve host: qms.ava.gov.sg"
qa.intranet.psi.gov.sg,"Could not resolve host: qa.intranet.psi.gov.sg"
rapportal.jtc.gov.sg,"Could not resolve host: rapportal.jtc.gov.sg"
rahs.gov.sg,"Could not resolve host: rahs.gov.sg"
recruitment.mfa.gov.sg,"Could not resolve host: recruitment.mfa.gov.sg"
reg.intranet.nea.gov.sg,"Could not resolve host: reg.intranet.nea.gov.sg"
reach.gov.sg,"Could not resolve host: reach.gov.sg"
recruit.ace.gov.sg,"Could not resolve host: recruit.ace.gov.sg"
remas.soeasy.gov.sg,"Could not resolve host: remas.soeasy.gov.sg"
reguat.intranet.nea.gov.sg,"Could not resolve host: reguat.intranet.nea.gov.sg"
rita.nrf.gov.sg,"Could not resolve host: rita.nrf.gov.sg"
mot.gov.sg,"301"
report.apadmin.gov.sg,"Could not resolve host: report.apadmin.gov.sg"
remix.rsn.gov.sg,"Could not resolve host: remix.rsn.gov.sg"
rice.iesingapore.gov.sg,"Could not resolve host: rice.iesingapore.gov.sg"
report.uat-apadmin.gov.sg,"Could not resolve host: report.uat-apadmin.gov.sg"
rice-prodpry.iesingapore.gov.sg,"Could not resolve host: rice-prodpry.iesingapore.gov.sg"
rom.gov.sg,"Could not resolve host: rom.gov.sg"
rlo.mindef.gov.sg,"Could not resolve host: rlo.mindef.gov.sg"
rover.jtc.gov.sg,"Could not resolve host: rover.jtc.gov.sg"
romm.gov.sg,"Could not resolve host: romm.gov.sg"
roms.iesingapore.gov.sg,"Could not resolve host: roms.iesingapore.gov.sg"
ros.gov.sg,"Could not resolve host: ros.gov.sg"
rplms.nea.gov.sg,"Could not resolve host: rplms.nea.gov.sg"
ror.uat-bgp.gov.sg,"Could not resolve host: ror.uat-bgp.gov.sg"
ror.bgp.gov.sg,"Could not resolve host: ror.bgp.gov.sg"
rpz.inlis.gov.sg,"Could not resolve host: rpz.inlis.gov.sg"
roms-prodpry.iesingapore.gov.sg,"Could not resolve host: roms-prodpry.iesingapore.gov.sg"
ror.sit-bgp.gov.sg,"Could not resolve host: ror.sit-bgp.gov.sg"
saml.sign.businessgrants.gov.sg,"Could not resolve host: saml.sign.businessgrants.gov.sg"
saml.encrypt.ror.sit-bgp.gov.sg,"Could not resolve host: saml.encrypt.ror.sit-bgp.gov.sg"
rsmsp12.moe.gov.sg,"Could not resolve host: rsmsp12.moe.gov.sg"
rsmsp11.moe.gov.sg,"Could not resolve host: rsmsp11.moe.gov.sg"
msf.gov.sg,"301"
saml.encrypt.ror.uat-bgp.gov.sg,"Could not resolve host: saml.encrypt.ror.uat-bgp.gov.sg"
saml.encrypt.businessgrants.gov.sg,"Could not resolve host: saml.encrypt.businessgrants.gov.sg"
nccs.gov.sg,"301"
saml.stgort.iras.gov.sg,"Could not resolve host: saml.stgort.iras.gov.sg"
save-stg.ica.gov.sg,"Could not resolve host: save-stg.ica.gov.sg"
save.ica.gov.sg,"Could not resolve host: save.ica.gov.sg"
nas.gov.sg,"301"
muis.gov.sg,"301"
saml.sign.ror.sit-bgp.gov.sg,"Could not resolve host: saml.sign.ror.sit-bgp.gov.sg"
saml.sign.ror.uat-bgp.gov.sg,"Could not resolve host: saml.sign.ror.uat-bgp.gov.sg"
scform.nparks.gov.sg,"Could not resolve host: scform.nparks.gov.sg"
scdf.gov.sg,"Could not resolve host: scdf.gov.sg"
crm.ipos.gov.sg,"Connection timed out after 3002 milliseconds"
sc.nparks.gov.sg,"Could not resolve host: sc.nparks.gov.sg"
ncss.gov.sg,"301"
sch.hpb.gov.sg,"Could not resolve host: sch.hpb.gov.sg"
sc-training.moe.gov.sg,"Could not resolve host: sc-training.moe.gov.sg"
scholarsarena.dsta.gov.sg,"Could not resolve host: scholarsarena.dsta.gov.sg"
schools.gov.sg,"Could not resolve host: schools.gov.sg"
nea.gov.sg,"301"
sct.statecourts.gov.sg,"Could not resolve host: sct.statecourts.gov.sg"
crm.mccy.gov.sg,"Connection timed out after 3002 milliseconds"
score.gov.sg,"Could not resolve host: score.gov.sg"
sdl.ssg.gov.sg,"Could not resolve host: sdl.ssg.gov.sg"
seab.gov.sg,"Could not resolve host: seab.gov.sg"
sct.subcourts.gov.sg,"Could not resolve host: sct.subcourts.gov.sg"
search.mof.gov.sg,"Could not resolve host: search.mof.gov.sg"
sep.ssc.gov.sg,"Could not resolve host: sep.ssc.gov.sg"
sec.uat-apadmin.gov.sg,"Could not resolve host: sec.uat-apadmin.gov.sg"
search-uat.mof.gov.sg,"Could not resolve host: search-uat.mof.gov.sg"
sec.apadmin.gov.sg,"Could not resolve host: sec.apadmin.gov.sg"
secure.sgs.gov.sg,"Could not resolve host: secure.sgs.gov.sg"
msvcancerscreen.hpb.gov.sg,"200"
sec.gov.sg,"Could not resolve host: sec.gov.sg"
nlb.gov.sg,"301"
sec.uat-ap.gov.sg,"Could not resolve host: sec.uat-ap.gov.sg"
secure.mom.gov.sg,"Could not resolve host: secure.mom.gov.sg"
secure.sites.cube.gov.sg,"Could not resolve host: secure.sites.cube.gov.sg"
secure.stats.mom.gov.sg,"Could not resolve host: secure.stats.mom.gov.sg"
services.edb.gov.sg,"Could not resolve host: services.edb.gov.sg"
sep.sportsingapore.gov.sg,"Could not resolve host: sep.sportsingapore.gov.sg"
services.charities.gov.sg,"Could not resolve host: services.charities.gov.sg"
services1.charities.gov.sg,"Could not resolve host: services1.charities.gov.sg"
seminarsevents.iras.gov.sg,"Could not resolve host: seminarsevents.iras.gov.sg"
sgdata.gov.sg,"Could not resolve host: sgdata.gov.sg"
services20.hdb.gov.sg,"Could not resolve host: services20.hdb.gov.sg"
schadmsvc.moe.gov.sg,"200"
sgcore-portal.sgnet.gov.sg,"Could not resolve host: sgcore-portal.sgnet.gov.sg"
services.mom.gov.sg,"Could not resolve host: services.mom.gov.sg"
shots.police.gov.sg,"Could not resolve host: shots.police.gov.sg"
sgpy.nparks.gov.sg,"Could not resolve host: sgpy.nparks.gov.sg"
sgms-webservice.internet.gov.sg,"Could not resolve host: sgms-webservice.internet.gov.sg"
shinecms.internet.gov.sg,"Could not resolve host: shinecms.internet.gov.sg"
prompt.lta.gov.sg,"302"
silver.jtc.gov.sg,"Could not resolve host: silver.jtc.gov.sg"
ship.hpb.gov.sg,"Could not resolve host: ship.hpb.gov.sg"
shs.hpb.gov.sg,"Could not resolve host: shs.hpb.gov.sg"
shinedom1.internet.gov.sg,"Could not resolve host: shinedom1.internet.gov.sg"
silversupport.gov.sg,"Could not resolve host: silversupport.gov.sg"
sgvpn-portal.sgnet.gov.sg,"Could not resolve host: sgvpn-portal.sgnet.gov.sg"
singaporeais.caas.gov.sg,"Could not resolve host: singaporeais.caas.gov.sg"
sims.gov.sg,"Could not resolve host: sims.gov.sg"
nrf.gov.sg,"301"
singaporetradeoffice.gov.sg,"Could not resolve host: singaporetradeoffice.gov.sg"
nscs.gov.sg,"301"
sis.moe.gov.sg,"Could not resolve host: sis.moe.gov.sg"
singpass-services.gov.sg,"Could not resolve host: singpass-services.gov.sg"
singpass.gov.sg,"Could not resolve host: singpass.gov.sg"
skillsconnect.gov.sg,"Could not resolve host: skillsconnect.gov.sg"
sip.nsc.gov.sg,"Could not resolve host: sip.nsc.gov.sg"
sites.cube.gov.sg,"Could not resolve host: sites.cube.gov.sg"
slamobile.gov.sg,"Could not resolve host: slamobile.gov.sg"
oneservice.gov.sg,"301"
services3.hdb.gov.sg,"301"
smallclaims.gov.sg,"Could not resolve host: smallclaims.gov.sg"
smsservices.charities.gov.sg,"Could not resolve host: smsservices.charities.gov.sg"
sirent.inlis.gov.sg,"TLS connect error: error:0A000410:SSL routines::ssl/tls alert handshake failure"
sms.soeasy.gov.sg,"Could not resolve host: sms.soeasy.gov.sg"
smp.ida.gov.sg,"Could not resolve host: smp.ida.gov.sg"
smsservices1.charities.gov.sg,"Could not resolve host: smsservices1.charities.gov.sg"
prisons.gov.sg,"TLS connect error: error:0A000438:SSL routines::tlsv1 alert internal error"
smtp.starnet.gov.sg,"Could not resolve host: smtp.starnet.gov.sg"
solar.ica.gov.sg,"Could not resolve host: solar.ica.gov.sg"
spcpadmin.singpass.gov.sg,"Could not resolve host: spcpadmin.singpass.gov.sg"
solarplus.ica.gov.sg,"Could not resolve host: solarplus.ica.gov.sg"
spear.ida.gov.sg,"Could not resolve host: spear.ida.gov.sg"
spcrm.apadmin.gov.sg,"Could not resolve host: spcrm.apadmin.gov.sg"
spcrm.uat-apadmin.gov.sg,"Could not resolve host: spcrm.uat-apadmin.gov.sg"
spear.in.tech.gov.sg,"Could not resolve host: spear.in.tech.gov.sg"
spent-stg.police.gov.sg,"Could not resolve host: spent-stg.police.gov.sg"
spdoc.dc.gov.sg,"Could not resolve host: spdoc.dc.gov.sg"
spedstaff.moe.gov.sg,"403"
singaporescholarship.scp.gov.sg,"Could not resolve host: singaporescholarship.scp.gov.sg"
spms.intranet.prisons.gov.sg,"Could not resolve host: spms.intranet.prisons.gov.sg"
spex.police.gov.sg,"Could not resolve host: spex.police.gov.sg"
spent.police.gov.sg,"Could not resolve host: spent.police.gov.sg"
nrds.hpb.gov.sg,"200"
spms-stg.intranet.prisons.gov.sg,"Could not resolve host: spms-stg.intranet.prisons.gov.sg"
pdpc.gov.sg,"301"
spring.gov.sg,"Could not resolve host: spring.gov.sg"
pa.gov.sg,"301"
spring.ura.gov.sg,"Could not resolve host: spring.ura.gov.sg"
sps.gov.sg,"Could not resolve host: sps.gov.sg"
srii.ida.gov.sg,"Could not resolve host: srii.ida.gov.sg"
spubj.ace.gov.sg,"Could not resolve host: spubj.ace.gov.sg"
sriistg.ida.gov.sg,"Could not resolve host: sriistg.ida.gov.sg"
srpr.moe.gov.sg,"Could not resolve host: srpr.moe.gov.sg"
ssl1.iesingapore.gov.sg,"Could not resolve host: ssl1.iesingapore.gov.sg"
ssg-wsg.gov.sg,"Send failure: Relais brisé (pipe)"
ssks.customs.gov.sg,"Could not resolve host: ssks.customs.gov.sg"
sso-stg.police.gov.sg,"Could not resolve host: sso-stg.police.gov.sg"
sslvpn.iesingapore.gov.sg,"Could not resolve host: sslvpn.iesingapore.gov.sg"
ssl2.iesingapore.gov.sg,"Could not resolve host: ssl2.iesingapore.gov.sg"
sso.police.gov.sg,"Could not resolve host: sso.police.gov.sg"
staffportal.nlb.gov.sg,"Could not resolve host: staffportal.nlb.gov.sg"
stage-author.edb.gov.sg,"Could not resolve host: stage-author.edb.gov.sg"
staging-ifaq.ifaq.gov.sg,"Could not resolve host: staging-ifaq.ifaq.gov.sg"
staging-oneservice.gov.sg,"Could not resolve host: staging-oneservice.gov.sg"
sgdi.gov.sg,"308"
staging.coinnovation.gov.sg,"Could not resolve host: staging.coinnovation.gov.sg"
e-cert.wda.gov.sg,"Connection timed out after 3002 milliseconds"
staging.mti.gov.sg,"Could not resolve host: staging.mti.gov.sg"
stars.jtc.gov.sg,"Could not resolve host: stars.jtc.gov.sg"
stars.gov.sg,"Could not resolve host: stars.gov.sg"
starnet.mindef.gov.sg,"Could not resolve host: starnet.mindef.gov.sg"
stars.nac.gov.sg,"Could not resolve host: stars.nac.gov.sg"
ptc.gov.sg,"301"
statlink.iesingapore.gov.sg,"Could not resolve host: statlink.iesingapore.gov.sg"
statlink-prodpry.iesingapore.gov.sg,"Could not resolve host: statlink-prodpry.iesingapore.gov.sg"
prompt-uat.lta.gov.sg,"502"
status.starnet.gov.sg,"Could not resolve host: status.starnet.gov.sg"
m.customs.gov.sg,"503"
stbbox.gov.sg,"Could not resolve host: stbbox.gov.sg"
stg-home.authgateway.gov.sg,"Could not resolve host: stg-home.authgateway.gov.sg"
oscar.hsa.gov.sg,"463"
stg-home.singpass.gov.sg,"Could not resolve host: stg-home.singpass.gov.sg"
stg-ifast.ava.gov.sg,"Could not resolve host: stg-ifast.ava.gov.sg"
stg-internet.authgateway.gov.sg,"Could not resolve host: stg-internet.authgateway.gov.sg"
stg-intranet.authgateway.gov.sg,"Could not resolve host: stg-intranet.authgateway.gov.sg"
nac.gov.sg,"301"
stg-home.corppass.gov.sg,"302"
sso.myhealthportal.hpb.gov.sg,"Could not resolve host: sso.myhealthportal.hpb.gov.sg"
stg-saml.authgateway.gov.sg,"Could not resolve host: stg-saml.authgateway.gov.sg"
stg-qms.ava.gov.sg,"Could not resolve host: stg-qms.ava.gov.sg"
stg-saml.corppass.gov.sg,"Could not resolve host: stg-saml.corppass.gov.sg"
stg-pals.ava.gov.sg,"Could not resolve host: stg-pals.ava.gov.sg"
stg.www.gov.sg,"Could not resolve host: stg.www.gov.sg"
studentshealthsurvey.hpb.gov.sg,"Could not resolve host: studentshealthsurvey.hpb.gov.sg"
ecomms.ipos.gov.sg,"Connection timed out after 3002 milliseconds"
strolls.police.gov.sg,"Could not resolve host: strolls.police.gov.sg"
mpportal.parl.gov.sg,"302"
summit.jtc.gov.sg,"Could not resolve host: summit.jtc.gov.sg"
sunrise.ura.gov.sg,"Could not resolve host: sunrise.ura.gov.sg"
summit2.jtc.gov.sg,"Could not resolve host: summit2.jtc.gov.sg"
sunstone.variscite.mfa.gov.sg,"Could not resolve host: sunstone.variscite.mfa.gov.sg"
survey-test.wda.gov.sg,"Could not resolve host: survey-test.wda.gov.sg"
survey-uat.ssg-wsg.gov.sg,"Could not resolve host: survey-uat.ssg-wsg.gov.sg"
eems.nea.gov.sg,"Connection timed out after 3000 milliseconds"
survey.moh.gov.sg,"Could not resolve host: survey.moh.gov.sg"
sentosa.gov.sg,"301"
efog.nea.gov.sg,"Connection timed out after 3002 milliseconds"
synergy.jtc.gov.sg,"Could not resolve host: synergy.jtc.gov.sg"
sustainablesingapore.gov.sg,"Could not resolve host: sustainablesingapore.gov.sg"
eform.app-stg2.nea.gov.sg,"Connection timed out after 3002 milliseconds"
stg.mha.gov.sg,"Could not resolve host: stg.mha.gov.sg"
egain.iras.gov.sg,"Connection timed out after 3001 milliseconds"
talk2lta-stg.lta.gov.sg,"Could not resolve host: talk2lta-stg.lta.gov.sg"
saa.caas.gov.sg,"200"
tech.gov.sg,"Could not resolve host: tech.gov.sg"
talk2lta.lta.gov.sg,"Could not resolve host: talk2lta.lta.gov.sg"
stg-saml.singpass.gov.sg,"Could not resolve host: stg-saml.singpass.gov.sg"
tbacs.jurongisland.gov.sg,"Could not resolve host: tbacs.jurongisland.gov.sg"
tgonline-stg.moe.gov.sg,"Could not resolve host: tgonline-stg.moe.gov.sg"
tfs.apadmin.gov.sg,"Could not resolve host: tfs.apadmin.gov.sg"
ptms.moh.gov.sg,"301"
tgonline.moe.gov.sg,"Could not resolve host: tgonline.moe.gov.sg"
titanium.jtc.gov.sg,"Could not resolve host: titanium.jtc.gov.sg"
tis-intranet.bizfile.gov.sg,"Could not resolve host: tis-intranet.bizfile.gov.sg"
elearning.prisons.gov.sg,"Connection timed out after 3002 milliseconds"
summer.ura.gov.sg,"Could not resolve host: summer.ura.gov.sg"
strolls-stg.police.gov.sg,"Could not resolve host: strolls-stg.police.gov.sg"
tls-stg.ida.gov.sg,"Could not resolve host: tls-stg.ida.gov.sg"
tls.ida.gov.sg,"Could not resolve host: tls.ida.gov.sg"
tradexchange.gov.sg,"Could not resolve host: tradexchange.gov.sg"
trial.mytax.iras.gov.sg,"Could not resolve host: trial.mytax.iras.gov.sg"
tms-uat.ces.gov.sg,"Could not resolve host: tms-uat.ces.gov.sg"
tp-api.moe.gov.sg,"Could not resolve host: tp-api.moe.gov.sg"
sla.gov.sg,"301"
tradenet.gov.sg,"Could not resolve host: tradenet.gov.sg"
tis.bizfile.gov.sg,"Could not resolve host: tis.bizfile.gov.sg"
survey-stage.wda.gov.sg,"Could not resolve host: survey-stage.wda.gov.sg"
travelsmartrewards.lta.gov.sg,"Could not resolve host: travelsmartrewards.lta.gov.sg"
trial.cube.gov.sg,"Could not resolve host: trial.cube.gov.sg"
trial.tradexchange.gov.sg,"Could not resolve host: trial.tradexchange.gov.sg"
ttpls.iesingapore.gov.sg,"Could not resolve host: ttpls.iesingapore.gov.sg"
traisi.moe.gov.sg,"Could not resolve host: traisi.moe.gov.sg"
u-jae-is.moe.gov.sg,"Could not resolve host: u-jae-is.moe.gov.sg"
tripwire.apadmin.gov.sg,"Could not resolve host: tripwire.apadmin.gov.sg"
uat-apadmin.gov.sg,"Could not resolve host: uat-apadmin.gov.sg"
u-olga.moe.gov.sg,"Could not resolve host: u-olga.moe.gov.sg"
u-tgonline.moe.gov.sg,"Could not resolve host: u-tgonline.moe.gov.sg"
u-p1-is.moe.gov.sg,"Could not resolve host: u-p1-is.moe.gov.sg"
uat-bgp.gov.sg,"Could not resolve host: uat-bgp.gov.sg"
uat-ap.gov.sg,"Could not resolve host: uat-ap.gov.sg"
uat-appian-bgp.gov.sg,"Could not resolve host: uat-appian-bgp.gov.sg"
uat-cptrs.seab.gov.sg,"Could not resolve host: uat-cptrs.seab.gov.sg"
uat-ierrs.seab.gov.sg,"Could not resolve host: uat-ierrs.seab.gov.sg"
uat-arms.ava.gov.sg,"Could not resolve host: uat-arms.ava.gov.sg"
pscgateway.gov.sg,"301"
uat-iers.seab.gov.sg,"Could not resolve host: uat-iers.seab.gov.sg"
peb.gov.sg,"403"
uat-poenquiry.eld.gov.sg,"Could not resolve host: uat-poenquiry.eld.gov.sg"
uat.appealsboard.gov.sg,"Could not resolve host: uat.appealsboard.gov.sg"
uat.sla.gov.sg,"Could not resolve host: uat.sla.gov.sg"
uat.studentcare.msf.gov.sg,"Could not resolve host: uat.studentcare.msf.gov.sg"
uat.wplnassess.gov.sg,"Could not resolve host: uat.wplnassess.gov.sg"
uat.mccy.gov.sg,"Could not resolve host: uat.mccy.gov.sg"
one.ecda.gov.sg,"302"
uatapps.enable.gov.sg,"Could not resolve host: uatapps.enable.gov.sg"
uat.pdpc.gov.sg,"Could not resolve host: uat.pdpc.gov.sg"
epris-stg.prisons.gov.sg,"Connection timed out after 3002 milliseconds"
uatesurvey.singstat.gov.sg,"Could not resolve host: uatesurvey.singstat.gov.sg"
uatcrm.mccy.gov.sg,"Could not resolve host: uatcrm.mccy.gov.sg"
spf.gov.sg,"301"
singstat.gov.sg,"301"
sportsingapore.gov.sg,"301"
uatintranetcrm.msf.gov.sg,"Could not resolve host: uatintranetcrm.msf.gov.sg"
uatservice.enable.gov.sg,"Could not resolve host: uatservice.enable.gov.sg"
eservice.eld.gov.sg,"Connection timed out after 3002 milliseconds"
uatweb-ialces.wda.gov.sg,"Could not resolve host: uatweb-ialces.wda.gov.sg"
uramdm.ura.gov.sg,"Could not resolve host: uramdm.ura.gov.sg"
upload.police.gov.sg,"Could not resolve host: upload.police.gov.sg"
uravpn.ura.gov.sg,"Could not resolve host: uravpn.ura.gov.sg"
va.ecitizen.gov.sg,"Could not resolve host: va.ecitizen.gov.sg"
unionlink.mom.gov.sg,"Could not resolve host: unionlink.mom.gov.sg"
vdesk.jtc.gov.sg,"Could not resolve host: vdesk.jtc.gov.sg"
eservices.customs.gov.sg,"Operation timed out after 3001 milliseconds with 0 bytes received"
uat2.cpf.gov.sg,"403"
vendors.gov.sg,"Could not resolve host: vendors.gov.sg"
venus.jtc.gov.sg,"Could not resolve host: venus.jtc.gov.sg"
vhz.hpb.gov.sg,"Could not resolve host: vhz.hpb.gov.sg"
videos.mindef.gov.sg,"Could not resolve host: videos.mindef.gov.sg"
visualising-uat.gov.sg,"Could not resolve host: visualising-uat.gov.sg"
visualising.gov.sg,"Could not resolve host: visualising.gov.sg"
vital.gov.sg,"Could not resolve host: vital.gov.sg"
vista.gov.sg,"Could not resolve host: vista.gov.sg"
vista-uat.gov.sg,"Could not resolve host: vista-uat.gov.sg"
statecourts.gov.sg,"301"
venus.edb.gov.sg,"Could not resolve host: venus.edb.gov.sg"
stb.gov.sg,"301"
vitaline-staging.vital.gov.sg,"Could not resolve host: vitaline-staging.vital.gov.sg"
vitas.lta.gov.sg,"Could not resolve host: vitas.lta.gov.sg"
ess.nea.gov.sg,"Connection timed out after 3002 milliseconds"
services2.hdb.gov.sg,"302"
vpngw.dsta.gov.sg,"Could not resolve host: vpngw.dsta.gov.sg"
vpngw7.dsta.gov.sg,"Could not resolve host: vpngw7.dsta.gov.sg"
vpn.nlb.gov.sg,"Could not resolve host: vpn.nlb.gov.sg"
vlib.sgmfa.gov.sg,"Could not resolve host: vlib.sgmfa.gov.sg"
vrl-ilink.lta.gov.sg,"Could not resolve host: vrl-ilink.lta.gov.sg"
volunteernetwork.mnd.gov.sg,"Could not resolve host: volunteernetwork.mnd.gov.sg"
scp.gov.sg,"202"
vrl.lta.gov.sg,"Could not resolve host: vrl.lta.gov.sg"
ser.moh.gov.sg,"301"
wareports-stg.shine.gov.sg,"Could not resolve host: wareports-stg.shine.gov.sg"
wasdc-stg.shine.gov.sg,"Could not resolve host: wasdc-stg.shine.gov.sg"
waterwise.pub.gov.sg,"Could not resolve host: waterwise.pub.gov.sg"
wcms-stg.police.gov.sg,"Could not resolve host: wcms-stg.police.gov.sg"
wcms-stg.ccs.gov.sg,"Could not resolve host: wcms-stg.ccs.gov.sg"
wcms-stg.cea.gov.sg,"Could not resolve host: wcms-stg.cea.gov.sg"
wcms-interstg.shine.gov.sg,"Could not resolve host: wcms-interstg.shine.gov.sg"
wcms-inter.shine.gov.sg,"Could not resolve host: wcms-inter.shine.gov.sg"
sgjourney.gov.sg,"301"
wcms.ccs.gov.sg,"Could not resolve host: wcms.ccs.gov.sg"
stats.mom.gov.sg,"500"
wcms.cea.gov.sg,"Could not resolve host: wcms.cea.gov.sg"
supremecourt.gov.sg,"301"
wcms.nhb.gov.sg,"Could not resolve host: wcms.nhb.gov.sg"
wcms.challenge.gov.sg,"Could not resolve host: wcms.challenge.gov.sg"
wcms.customs.gov.sg,"Could not resolve host: wcms.customs.gov.sg"
wcms.mci.gov.sg,"Could not resolve host: wcms.mci.gov.sg"
wcms.police.gov.sg,"Could not resolve host: wcms.police.gov.sg"
wcms.singstat.gov.sg,"Could not resolve host: wcms.singstat.gov.sg"
wcms.toteboard.gov.sg,"Could not resolve host: wcms.toteboard.gov.sg"
wcms.translation.www.gov.sg,"Could not resolve host: wcms.translation.www.gov.sg"
wcms.www.gov.sg,"Could not resolve host: wcms.www.gov.sg"
wdapo-test.wda.gov.sg,"Could not resolve host: wdapo-test.wda.gov.sg"
web.pub.gov.sg,"Could not resolve host: web.pub.gov.sg"
web.silversupport.gov.sg,"Could not resolve host: web.silversupport.gov.sg"
webapps.business.gov.sg,"Could not resolve host: webapps.business.gov.sg"
webchat.cpf.gov.sg,"Could not resolve host: webchat.cpf.gov.sg"
weather.gov.sg,"Could not resolve host: weather.gov.sg"
webmail.defence.gov.sg,"Could not resolve host: webmail.defence.gov.sg"
wf.uat-ap.gov.sg,"Could not resolve host: wf.uat-ap.gov.sg"
wf.uat-apadmin.gov.sg,"Could not resolve host: wf.uat-apadmin.gov.sg"
wf.apadmin.gov.sg,"Could not resolve host: wf.apadmin.gov.sg"
webservices.infofusioncentre.gov.sg,"Could not resolve host: webservices.infofusioncentre.gov.sg"
woogle.intra2.wda.gov.sg,"Could not resolve host: woogle.intra2.wda.gov.sg"
wins.psc.gov.sg,"Could not resolve host: wins.psc.gov.sg"
workfare.gov.sg,"Could not resolve host: workfare.gov.sg"
wplnassess.gov.sg,"Could not resolve host: wplnassess.gov.sg"
ws.ifaq.gov.sg,"Could not resolve host: ws.ifaq.gov.sg"
wuat.ura.gov.sg,"Could not resolve host: wuat.ura.gov.sg"
www-stg.ccs.gov.sg,"Could not resolve host: www-stg.ccs.gov.sg"
wsstg.ifaq.gov.sg,"Could not resolve host: wsstg.ifaq.gov.sg"
www-stg.nea.gov.sg,"Could not resolve host: www-stg.nea.gov.sg"
toteboard.gov.sg,"301"
www.aceonline.mom.gov.sg,"Could not resolve host: www.aceonline.mom.gov.sg"
www.academyofsingaporeteachers.moe.gov.sg,"Could not resolve host: www.academyofsingaporeteachers.moe.gov.sg"
www-uat.edma.gov.sg,"301"
www.admin.stb.gov.sg,"Could not resolve host: www.admin.stb.gov.sg"
www.acra.gov.sg,"403"
spsfitnessportal.gov.sg,"404"
www.apadmin.gov.sg,"Could not resolve host: www.apadmin.gov.sg"
fedservice.rps.ipos.gov.sg,"Connection timed out after 3002 milliseconds"
www.ago.gov.sg,"403"
www.app-stg.ros.gov.sg,"Could not resolve host: www.app-stg.ros.gov.sg"
www.app-stg.sims.gov.sg,"Could not resolve host: www.app-stg.sims.gov.sg"
www.app-stg2.subcourts.gov.sg,"Could not resolve host: www.app-stg2.subcourts.gov.sg"
www.agc.gov.sg,"403"
www.app.hlb.gov.sg,"Could not resolve host: www.app.hlb.gov.sg"
iras.gov.sg,"301"
www.app.ros.gov.sg,"Could not resolve host: www.app.ros.gov.sg"
www.app.pmoevents.gov.sg,"Could not resolve host: www.app.pmoevents.gov.sg"
www.app1.mfa.gov.sg,"Could not resolve host: www.app1.mfa.gov.sg"
www.asset.gov.sg,"Could not resolve host: www.asset.gov.sg"
www.author.lta.gov.sg,"Could not resolve host: www.author.lta.gov.sg"
www.appealsboard.gov.sg,"Could not resolve host: www.appealsboard.gov.sg"
www.ava.gov.sg,"Could not resolve host: www.ava.gov.sg"
www.appian-bgp.gov.sg,"Could not resolve host: www.appian-bgp.gov.sg"
uen.gov.sg,"301"
www.bacs.jurongisland.gov.sg,"Could not resolve host: www.bacs.jurongisland.gov.sg"
www.babybonus.gov.sg,"Could not resolve host: www.babybonus.gov.sg"
www.biome-intra.nparks.gov.sg,"Could not resolve host: www.biome-intra.nparks.gov.sg"
ura.gov.sg,"301"
www.babybonus.msf.gov.sg,"302"
www.bca-bess.gov.sg,"Could not resolve host: www.bca-bess.gov.sg"
ghs05.esm.singstat.gov.sg,"Connection timed out after 3002 milliseconds"
www.bizfile-intranet.bizfile.gov.sg,"Could not resolve host: www.bizfile-intranet.bizfile.gov.sg"
www.bca-topcsc.gov.sg,"Could not resolve host: www.bca-topcsc.gov.sg"
www.biome.nparks.gov.sg,"Could not resolve host: www.biome.nparks.gov.sg"
www.biosafety.moh.gov.sg,"Could not resolve host: www.biosafety.moh.gov.sg"
www.bizfile-soabpm.acra-ngb-tis.bizfile.gov.sg,"Could not resolve host: www.bizfile-soabpm.acra-ngb-tis.bizfile.gov.sg"
www.bizfile-ppt.bizfile.gov.sg,"Could not resolve host: www.bizfile-ppt.bizfile.gov.sg"
www.bizfile-soabpm.acra-ngb.bizfile.gov.sg,"Could not resolve host: www.bizfile-soabpm.acra-ngb.bizfile.gov.sg"
secure.mas.gov.sg,"200"
gstelearning.iras.gov.sg,"Connection timed out after 3002 milliseconds"
www.bizfile.gov.sg,"200"
sprs.parl.gov.sg,"200"
www.cambelmers.gov.sg,"Could not resolve host: www.cambelmers.gov.sg"
www.caliberlink.gov.sg,"Could not resolve host: www.caliberlink.gov.sg"
www.businessgrants.gov.sg,"Could not resolve host: www.businessgrants.gov.sg"
www.box.nhb.gov.sg,"Could not resolve host: www.box.nhb.gov.sg"
wponline.mom.gov.sg,"404"
www.blog.data.gov.sg,"Could not resolve host: www.blog.data.gov.sg"
www.caas.gov.sg,"403"
www.cdau.scdf.gov.sg,"Could not resolve host: www.cdau.scdf.gov.sg"
www.ccswebchat.pub.gov.sg,"Could not resolve host: www.ccswebchat.pub.gov.sg"
www.cdlens.moh.gov.sg,"Could not resolve host: www.cdlens.moh.gov.sg"
www.ccsvoip.pub.gov.sg,"Could not resolve host: www.ccsvoip.pub.gov.sg"
www.ccsfeedback.pub.gov.sg,"Could not resolve host: www.ccsfeedback.pub.gov.sg"
www.ccs.gov.sg,"403"
www.ces.gov.sg,"Could not resolve host: www.ces.gov.sg"
www.charities.gov.sg,"Could not resolve host: www.charities.gov.sg"
www.cnb-iems.gov.sg,"Could not resolve host: www.cnb-iems.gov.sg"
www.cea.gov.sg,"403"
www.challenge.gov.sg,"Could not resolve host: www.challenge.gov.sg"
www.cnb-iems-admin.gov.sg,"Could not resolve host: www.cnb-iems-admin.gov.sg"
trial.tradenet.gov.sg,"403"
helpdesk.vital.gov.sg,"Connection timed out after 3002 milliseconds"
www.cms.moh.gov.sg,"Could not resolve host: www.cms.moh.gov.sg"
www.coinnovation.gov.sg,"Could not resolve host: www.coinnovation.gov.sg"
www.childcarelink.gov.sg,"Could not resolve host: www.childcarelink.gov.sg"
www.comcaredb.gov.sg,"Could not resolve host: www.comcaredb.gov.sg"
www.cmpb.gov.sg,"403"
www.corenet-ess.gov.sg,"Could not resolve host: www.corenet-ess.gov.sg"
www.corenet.gov.sg,"Could not resolve host: www.corenet.gov.sg"
www.cnb.gov.sg,"403"
www.cpib.gov.sg,"200"
vpngwsgems.mindef.gov.sg,"404"
www.createportal.gov.sg,"Could not resolve host: www.createportal.gov.sg"
www.csa.gov.sg,"403"
www.csc.gov.sg,"200"
vpngw.mindef.gov.sg,"404"
www.cwapps.jtc.gov.sg,"Could not resolve host: www.cwapps.jtc.gov.sg"
www.cube.gov.sg,"Could not resolve host: www.cube.gov.sg"
syariahcourt.gov.sg,"200"
www.cpe.gov.sg,"Could not resolve host: www.cpe.gov.sg"
www.customsacademy.gov.sg,"Could not resolve host: www.customsacademy.gov.sg"
www-stg.biz-esurvey.singstat.gov.sg,"302"
www.customs.gov.sg,"403"
www.dma.gov.sg,"Could not resolve host: www.dma.gov.sg"
www.dncr.gov.sg,"Could not resolve host: www.dncr.gov.sg"
www.donotcallregistry.gov.sg,"Could not resolve host: www.donotcallregistry.gov.sg"
www.donotcall.gov.sg,"Could not resolve host: www.donotcall.gov.sg"
www.ecalc.moh.gov.sg,"Could not resolve host: www.ecalc.moh.gov.sg"
www.e101.gov.sg,"Could not resolve host: www.e101.gov.sg"
www.ecitizen.gov.sg,"Could not resolve host: www.ecitizen.gov.sg"
www.ecoc.police.gov.sg,"Could not resolve host: www.ecoc.police.gov.sg"
www.ecms.pdpc.gov.sg,"Could not resolve host: www.ecms.pdpc.gov.sg"
www.dsa-is.moe.gov.sg,"403"
ias-stg.nea.gov.sg,"Connection timed out after 3002 milliseconds"
www.ecda.gov.sg,"Could not resolve host: www.ecda.gov.sg"
www.egov.gov.sg,"Could not resolve host: www.egov.gov.sg"
www.elearn.eld.gov.sg,"Could not resolve host: www.elearn.eld.gov.sg"
www.ecsr.scdf.gov.sg,"Could not resolve host: www.ecsr.scdf.gov.sg"
ias.nea.gov.sg,"Connection timed out after 3002 milliseconds"
www.edb.gov.sg,"200"
www.dnc.gov.sg,"302"
www.elearn.iras.gov.sg,"Could not resolve host: www.elearn.iras.gov.sg"
www.ems.ava.gov.sg,"Could not resolve host: www.ems.ava.gov.sg"
www.eld.gov.sg,"301"
www.emrx.moh.gov.sg,"Could not resolve host: www.emrx.moh.gov.sg"
www.enterpriseone.gov.sg,"Could not resolve host: www.enterpriseone.gov.sg"
icms.statecourts.gov.sg,"Connection timed out after 3000 milliseconds"
www.epatents.gov.sg,"Could not resolve host: www.epatents.gov.sg"
www.eservice.hpb.gov.sg,"Could not resolve host: www.eservice.hpb.gov.sg"
www.ema.gov.sg,"200"
www.eservice.hsa.gov.sg,"Could not resolve host: www.eservice.hsa.gov.sg"
www.eservice-stg.ida.gov.sg,"Could not resolve host: www.eservice-stg.ida.gov.sg"
www.eservice.ida.gov.sg,"Could not resolve host: www.eservice.ida.gov.sg"
www.eletters.gov.sg,"Could not resolve host: www.eletters.gov.sg"
www.eservices.muis.gov.sg,"Could not resolve host: www.eservices.muis.gov.sg"
www.epris.gov.sg,"Could not resolve host: www.epris.gov.sg"
www.esub.mom.gov.sg,"Could not resolve host: www.esub.mom.gov.sg"
www.eservice.pdpc.gov.sg,"Could not resolve host: www.eservice.pdpc.gov.sg"
www.florafaunaweb.nparks.gov.sg,"Could not resolve host: www.florafaunaweb.nparks.gov.sg"
www.flexatwork.gov.sg,"Could not resolve host: www.flexatwork.gov.sg"
www.familyjusticecourts.gov.sg,"Could not resolve host: www.familyjusticecourts.gov.sg"
www.etc.gov.sg,"Could not resolve host: www.etc.gov.sg"
www.fedservice.rps.ipos.gov.sg,"Could not resolve host: www.fedservice.rps.ipos.gov.sg"
www.globalnet.lta.gov.sg,"Could not resolve host: www.globalnet.lta.gov.sg"
www.gms.gov.sg,"Could not resolve host: www.gms.gov.sg"
www.gstvoucher.gov.sg,"Could not resolve host: www.gstvoucher.gov.sg"
www.gwsx.gov.sg,"Could not resolve host: www.gwsx.gov.sg"
www.biz-esurvey.singstat.gov.sg,"302"
www.esurvey.singstat.gov.sg,"Could not resolve host: www.esurvey.singstat.gov.sg"
www.gov.sg,"403"
www.hbssfield.hpb.gov.sg,"Could not resolve host: www.hbssfield.hpb.gov.sg"
www.hdb.gov.sg,"Could not resolve host: www.hdb.gov.sg"
www.heb.gov.sg,"Could not resolve host: www.heb.gov.sg"
www.hometeamvolunteers.gov.sg,"Could not resolve host: www.hometeamvolunteers.gov.sg"
www.bizfinx.gov.sg,"302"
www.hrms.gov.sg,"Could not resolve host: www.hrms.gov.sg"
www.hrportal.gov.sg,"Could not resolve host: www.hrportal.gov.sg"
www.hrportal.prisons.gov.sg,"Could not resolve host: www.hrportal.prisons.gov.sg"
www.hpb.gov.sg,"403"
www.hlb.gov.sg,"200"
www.cancerscreen.hpb.gov.sg,"200"
www.ibudget2qa.mof.gov.sg,"Could not resolve host: www.ibudget2qa.mof.gov.sg"
www.ibudget2.mof.gov.sg,"Could not resolve host: www.ibudget2.mof.gov.sg"
www.iadvisory.gov.sg,"Could not resolve host: www.iadvisory.gov.sg"
www.icms.gov.sg,"Could not resolve host: www.icms.gov.sg"
www.ida-rsu.gov.sg,"Could not resolve host: www.ida-rsu.gov.sg"
www.ida.gov.sg,"Could not resolve host: www.ida.gov.sg"
www.iesingapore.gov.sg,"Could not resolve host: www.iesingapore.gov.sg"
www.ifaq.gov.sg,"Could not resolve host: www.ifaq.gov.sg"
www.idaicms.gov.sg,"Could not resolve host: www.idaicms.gov.sg"
www.ifaq-stg.gov.sg,"Could not resolve host: www.ifaq-stg.gov.sg"
www.im-itmgmt.gov.sg,"Could not resolve host: www.im-itmgmt.gov.sg"
www.infofusioncentre.gov.sg,"Could not resolve host: www.infofusioncentre.gov.sg"
www.ip2sg.ipos.gov.sg,"Could not resolve host: www.ip2sg.ipos.gov.sg"
www.iosh.mom.gov.sg,"Could not resolve host: www.iosh.mom.gov.sg"
www.iprisuat.sps.gov.sg,"Could not resolve host: www.iprisuat.sps.gov.sg"
www.cscollege.gov.sg,"301"
www.internet-stg2.subcourts.gov.sg,"Could not resolve host: www.internet-stg2.subcourts.gov.sg"
www.inlis.gov.sg,"Could not resolve host: www.inlis.gov.sg"
www.enotif.cnb.gov.sg,"TLS connect error: error:0A000438:SSL routines::tlsv1 alert internal error"
www.jobsbank.gov.sg,"Could not resolve host: www.jobsbank.gov.sg"
www.irc.dsta.gov.sg,"Could not resolve host: www.irc.dsta.gov.sg"
www.ipos.gov.sg,"403"
www.isprint.gov.sg,"Could not resolve host: www.isprint.gov.sg"
www.landapplications.gov.sg,"Could not resolve host: www.landapplications.gov.sg"
www.jae-is.moe.gov.sg,"403"
www.ldu.gov.sg,"Could not resolve host: www.ldu.gov.sg"
www.ldau.gov.sg,"Could not resolve host: www.ldau.gov.sg"
www.livehealthy.hpb.gov.sg,"Could not resolve host: www.livehealthy.hpb.gov.sg"
www.learning.gov.sg,"Could not resolve host: www.learning.gov.sg"
www.lkyscholarship.gov.sg,"Could not resolve host: www.lkyscholarship.gov.sg"
www.m.customs.gov.sg,"Could not resolve host: www.m.customs.gov.sg"
www.m.romm.gov.sg,"Could not resolve host: www.m.romm.gov.sg"
www.m.rom.gov.sg,"Could not resolve host: www.m.rom.gov.sg"
www.macs.defence.gov.sg,"Could not resolve host: www.macs.defence.gov.sg"
www.mads.defence.gov.sg,"Could not resolve host: www.mads.defence.gov.sg"
www.mbs.gov.sg,"Could not resolve host: www.mbs.gov.sg"
www.declare.customs.gov.sg,"301"
www.mavis-stg.ica.gov.sg,"Could not resolve host: www.mavis-stg.ica.gov.sg"
www.bca.gov.sg,"200"
www.economistservice.gov.sg,"301"
www.mcys-volunteers.gov.sg,"Could not resolve host: www.mcys-volunteers.gov.sg"
www.mediclaim.moh.gov.sg,"Could not resolve host: www.mediclaim.moh.gov.sg"
www.lta.gov.sg,"302"
www.mcys-system.gov.sg,"Could not resolve host: www.mcys-system.gov.sg"
www.mewr.gov.sg,"Could not resolve host: www.mewr.gov.sg"
www.mccy.gov.sg,"403"
www.mfa.gov.sg,"403"
www.mha.gov.sg,"403"
www.mlaw.gov.sg,"200"
www.moh-ela.gov.sg,"Could not resolve host: www.moh-ela.gov.sg"
www.mohhota.moh.gov.sg,"Could not resolve host: www.mohhota.moh.gov.sg"
www.moh-ens.gov.sg,"Could not resolve host: www.moh-ens.gov.sg"
www.moh-topvsreturns.gov.sg,"Could not resolve host: www.moh-topvsreturns.gov.sg"
www.momwcms-uat.intranet.mom.gov.sg,"Could not resolve host: www.momwcms-uat.intranet.mom.gov.sg"
www.moh.gov.sg,"403"
www.mohntrs.moh.gov.sg,"Could not resolve host: www.mohntrs.moh.gov.sg"
www.csit.gov.sg,"200"
www.moe.gov.sg,"200"
www.mot.gov.sg,"403"
www.mti.gov.sg,"403"
www.msol.mom.gov.sg,"Could not resolve host: www.msol.mom.gov.sg"
www.myhealthportal.hpb.gov.sg,"Could not resolve host: www.myhealthportal.hpb.gov.sg"
www.nac.gov.sg,"Could not resolve host: www.nac.gov.sg"
www.iras.gov.sg,"200"
www.muis.gov.sg,"403"
uatservices.enable.gov.sg,"Could not resolve host: uatservices.enable.gov.sg"
www.hpp.moh.gov.sg,"301"
lms.cscollege.gov.sg,"Connection timed out after 3002 milliseconds"
www.myportal.nsc.gov.sg,"Could not resolve host: www.myportal.nsc.gov.sg"
www.ncss.gov.sg,"403"
www.nccs.gov.sg,"200"
www.newmsol.mom.gov.sg,"Could not resolve host: www.newmsol.mom.gov.sg"
www.ngg.gebiz.gov.sg,"Could not resolve host: www.ngg.gebiz.gov.sg"
www.news.gov.sg,"Could not resolve host: www.news.gov.sg"
www.ngg.trg.gebiz.gov.sg,"Could not resolve host: www.ngg.trg.gebiz.gov.sg"
www.nhb.gov.sg,"Could not resolve host: www.nhb.gov.sg"
www.ngager.moh.gov.sg,"Could not resolve host: www.ngager.moh.gov.sg"
www.nfs.gov.sg,"Could not resolve host: www.nfs.gov.sg"
www.nors.ida.gov.sg,"Could not resolve host: www.nors.ida.gov.sg"
www.ngg.qa.gebiz.gov.sg,"403"
www.nir2.hpb.gov.sg,"Could not resolve host: www.nir2.hpb.gov.sg"
www.nmrc.gov.sg,"Could not resolve host: www.nmrc.gov.sg"
www.obs.nyc.gov.sg,"Could not resolve host: www.obs.nyc.gov.sg"
mail.defence.gov.sg,"Connection timed out after 3001 milliseconds"
www.nsc.gov.sg,"Could not resolve host: www.nsc.gov.sg"
www.nyc.pa.gov.sg,"Could not resolve host: www.nyc.pa.gov.sg"
www.ocoe.lta.gov.sg,"Could not resolve host: www.ocoe.lta.gov.sg"
www.nscs.gov.sg,"200"
www.nrf.gov.sg,"200"
www.olga.moe.gov.sg,"Could not resolve host: www.olga.moe.gov.sg"
www.one.ecda.gov.sg,"Could not resolve host: www.one.ecda.gov.sg"
wasdc.shine.gov.sg,"Could not resolve host: wasdc.shine.gov.sg"
www.nyc.gov.sg,"403"
www.one.pa.gov.sg,"Could not resolve host: www.one.pa.gov.sg"
wareports.shine.gov.sg,"Could not resolve host: wareports.shine.gov.sg"
www.oneinbox.gov.sg,"Could not resolve host: www.oneinbox.gov.sg"
www.oob.moh.gov.sg,"Could not resolve host: www.oob.moh.gov.sg"
www.ossc-uat.gov.sg,"Could not resolve host: www.ossc-uat.gov.sg"
www.orms-stg.sps.gov.sg,"Could not resolve host: www.orms-stg.sps.gov.sg"
wcms-uam.shine.gov.sg,"Could not resolve host: wcms-uam.shine.gov.sg"
www.pacgov.agd.gov.sg,"Could not resolve host: www.pacgov.agd.gov.sg"
www.p1-is.moe.gov.sg,"Could not resolve host: www.p1-is.moe.gov.sg"
www.pa.gov.sg,"403"
www.edma.gov.sg,"502"
www.gebiz.gov.sg,"200"
www.pac.gov.sg,"Could not resolve host: www.pac.gov.sg"
www.patrol.cnb.gov.sg,"Could not resolve host: www.patrol.cnb.gov.sg"
www.pds.eld.gov.sg,"Could not resolve host: www.pds.eld.gov.sg"
mx.defence.gov.sg,"Connection timed out after 3001 milliseconds"
www.praise.gov.sg,"Could not resolve host: www.praise.gov.sg"
myforum.moe.gov.sg,"Connection timed out after 3002 milliseconds"
www.portal.defence.gov.sg,"Could not resolve host: www.portal.defence.gov.sg"
www.poevents.gov.sg,"Could not resolve host: www.poevents.gov.sg"
www.prison-volunteers.gov.sg,"Could not resolve host: www.prison-volunteers.gov.sg"
www.profamilyleave.gov.sg,"Could not resolve host: www.profamilyleave.gov.sg"
www.mci.gov.sg,"301"
www.p1-is-stag.moe.gov.sg,"Could not resolve host: www.p1-is-stag.moe.gov.sg"
www.publicguardian.gov.sg,"Could not resolve host: www.publicguardian.gov.sg"
www.ptc.gov.sg,"403"
www.qa.gebiz.gov.sg,"Could not resolve host: www.qa.gebiz.gov.sg"
www.psnc-moe.gov.sg,"Could not resolve host: www.psnc-moe.gov.sg"
www.psi.gov.sg,"Could not resolve host: www.psi.gov.sg"
www.rahs.gov.sg,"Could not resolve host: www.rahs.gov.sg"
www.psd.gov.sg,"403"
www.pub.gov.sg,"403"
www.rms.hpb.gov.sg,"Could not resolve host: www.rms.hpb.gov.sg"
ocas.mom.gov.sg,"Connection timed out after 3001 milliseconds"
www.ica.gov.sg,"200"
www.psnc-is.moe.gov.sg,"403"
www.rdar.moh.gov.sg,"Could not resolve host: www.rdar.moh.gov.sg"
www.rom.gov.sg,"Could not resolve host: www.rom.gov.sg"
www.s1-is.moe.gov.sg,"Could not resolve host: www.s1-is.moe.gov.sg"
www.ros.gov.sg,"Could not resolve host: www.ros.gov.sg"
www.reach.gov.sg,"403"
www.schools.gov.sg,"Could not resolve host: www.schools.gov.sg"
www.sami.gov.sg,"Could not resolve host: www.sami.gov.sg"
www.romm.gov.sg,"Could not resolve host: www.romm.gov.sg"
www.sec.gov.sg,"Could not resolve host: www.sec.gov.sg"
www.services.edb.gov.sg,"Could not resolve host: www.services.edb.gov.sg"
www.sdc.gov.sg,"403"
www.seab.gov.sg,"200"
www.sentosa.gov.sg,"Could not resolve host: www.sentosa.gov.sg"
www.secure.stats.mom.gov.sg,"Could not resolve host: www.secure.stats.mom.gov.sg"
pas.wda.gov.sg,"Connection timed out after 3002 milliseconds"
www.sgcensus2010.gov.sg,"Could not resolve host: www.sgcensus2010.gov.sg"
www.sac.gov.sg,"Could not resolve host: www.sac.gov.sg"
www.silversupport.gov.sg,"Could not resolve host: www.silversupport.gov.sg"
www.sgdi.gov.sg,"Could not resolve host: www.sgdi.gov.sg"
www.singaporetradeoffice.gov.sg,"Could not resolve host: www.singaporetradeoffice.gov.sg"
www.nea.gov.sg,"200"
www.sims.gov.sg,"301"
www.singpass-services.gov.sg,"Could not resolve host: www.singpass-services.gov.sg"
perf.wda.gov.sg,"Connection timed out after 3002 milliseconds"
www.nptd.gov.sg,"301"
www.sla.gov.sg,"403"
www.sirent.inlis.gov.sg,"Could not resolve host: www.sirent.inlis.gov.sg"
www.singpass.gov.sg,"307"
www.jtc.gov.sg,"200"
www.sit-appian-bgp.gov.sg,"Could not resolve host: www.sit-appian-bgp.gov.sg"
www.skillsconnect.gov.sg,"Could not resolve host: www.skillsconnect.gov.sg"
www.singstat.gov.sg,"200"
portal.dnc.gov.sg,"Connection timed out after 3002 milliseconds"
www.socialtransfers.gov.sg,"Could not resolve host: www.socialtransfers.gov.sg"
www.socialmedia.gov.sg,"Could not resolve host: www.socialmedia.gov.sg"
www.smc.gov.sg,"403"
publicguardian.gov.sg,"Connection timed out after 3002 milliseconds"
www.spfiphone.gov.sg,"Could not resolve host: www.spfiphone.gov.sg"
www.spring.gov.sg,"Could not resolve host: www.spring.gov.sg"
www.staging.mti.gov.sg,"Could not resolve host: www.staging.mti.gov.sg"
www.snb.gov.sg,"403"
www.spc.gov.sg,"403"
www.stars.gov.sg,"TLS connect error: error:0A000410:SSL routines::ssl/tls alert handshake failure"
www.spsmsgstg.intranet.prisons.gov.sg,"Could not resolve host: www.spsmsgstg.intranet.prisons.gov.sg"
www.spsmsg.intranet.prisons.gov.sg,"Could not resolve host: www.spsmsg.intranet.prisons.gov.sg"
www.steps.moe.gov.sg,"Could not resolve host: www.steps.moe.gov.sg"
www.sportsingapore.gov.sg,"403"
www.syariahcourt.gov.sg,"Could not resolve host: www.syariahcourt.gov.sg"
www.subcourts.gov.sg,"Could not resolve host: www.subcourts.gov.sg"
www.stb.gov.sg,"403"
www.pdpc.gov.sg,"200"
www.stbbox.gov.sg,"Could not resolve host: www.stbbox.gov.sg"
www.steps-is.moe.gov.sg,"403"
rplms-stg.nea.gov.sg,"Connection timed out after 3002 milliseconds"
www.tis-intranet.bizfile.gov.sg,"Could not resolve host: www.tis-intranet.bizfile.gov.sg"
www.tetris.gov.sg,"Could not resolve host: www.tetris.gov.sg"
www.nir.hpb.gov.sg,"301"
www.tech.gov.sg,"403"
www.tcmpb.gov.sg,"403"
www.tis.bizfile.gov.sg,"Could not resolve host: www.tis.bizfile.gov.sg"
www.tis-ppt.bizfile.gov.sg,"Could not resolve host: www.tis-ppt.bizfile.gov.sg"
www.training.gebiz.gov.sg,"Could not resolve host: www.training.gebiz.gov.sg"
www.trial.cube.gov.sg,"Could not resolve host: www.trial.cube.gov.sg"
www.toteboard.gov.sg,"403"
www.traderegister.gov.sg,"Could not resolve host: www.traderegister.gov.sg"
www.tradexchange.gov.sg,"Could not resolve host: www.tradexchange.gov.sg"
sdl.wda.gov.sg,"Connection timed out after 3002 milliseconds"
www.uat-apadmin.gov.sg,"Could not resolve host: www.uat-apadmin.gov.sg"
www.uat-ap.gov.sg,"Could not resolve host: www.uat-ap.gov.sg"
www.nrdo.gov.sg,"200"
www.uat-appian-bgp.gov.sg,"Could not resolve host: www.uat-appian-bgp.gov.sg"
www.uat-bgp.gov.sg,"Could not resolve host: www.uat-bgp.gov.sg"
www.uat.eservice.msf.gov.sg,"Could not resolve host: www.uat.eservice.msf.gov.sg"
www.uat.pdpc.gov.sg,"Could not resolve host: www.uat.pdpc.gov.sg"
www.uatesurvey.singstat.gov.sg,"Could not resolve host: www.uatesurvey.singstat.gov.sg"
services-uat.mom.gov.sg,"Connection timed out after 3003 milliseconds"
www.uat.mcps.gov.sg,"Could not resolve host: www.uat.mcps.gov.sg"
services2-pre.hdb.gov.sg,"Connection timed out after 3002 milliseconds"
services.publicguardian.gov.sg,"Connection timed out after 3002 milliseconds"
www.uen-ppt.uen.gov.sg,"Could not resolve host: www.uen-ppt.uen.gov.sg"
www.unionlink.mom.gov.sg,"Could not resolve host: www.unionlink.mom.gov.sg"
www.uen.gov.sg,"Could not resolve host: www.uen.gov.sg"
sgkchgwpa.ras.gov.sg,"Connection timed out after 3002 milliseconds"
sgkchgwpa002.ras.gov.sg,"Connection timed out after 3002 milliseconds"
sgkchgwpa001.ras.gov.sg,"Connection timed out after 3002 milliseconds"
www.visualising.gov.sg,"Could not resolve host: www.visualising.gov.sg"
sgkdggwpa001.ras.gov.sg,"Connection timed out after 3002 milliseconds"
www.webmail.lta.gov.sg,"Could not resolve host: www.webmail.lta.gov.sg"
sgkdggwpa.ras.gov.sg,"Connection timed out after 3002 milliseconds"
sgkdggwpa002.ras.gov.sg,"Connection timed out after 3002 milliseconds"
www.vista.gov.sg,"Could not resolve host: www.vista.gov.sg"
www.vista-uat.gov.sg,"Could not resolve host: www.vista-uat.gov.sg"
www.pscscholarships.gov.sg,"301"
www.workfare.gov.sg,"Could not resolve host: www.workfare.gov.sg"
www.vpngw.dsta.gov.sg,"Could not resolve host: www.vpngw.dsta.gov.sg"
www.vog.gov.sg,"Could not resolve host: www.vog.gov.sg"
www.orms.sps.gov.sg,"404"
www.vital.gov.sg,"200"
www20.hdb.gov.sg,"Could not resolve host: www20.hdb.gov.sg"
www.vendors.gov.sg,"403"
www.wponline.mom.gov.sg,"Could not resolve host: www.wponline.mom.gov.sg"
www.volunteernetwork.mnd.gov.sg,"Could not resolve host: www.volunteernetwork.mnd.gov.sg"
www.wplnassess.gov.sg,"Could not resolve host: www.wplnassess.gov.sg"
www11.mpa.gov.sg,"Could not resolve host: www11.mpa.gov.sg"
www103.hdb.gov.sg,"Could not resolve host: www103.hdb.gov.sg"
www1.charities.gov.sg,"Could not resolve host: www1.charities.gov.sg"
www4.mpa.gov.sg,"Could not resolve host: www4.mpa.gov.sg"
www2.mpa.gov.sg,"Could not resolve host: www2.mpa.gov.sg"
www68a.hdb.gov.sg,"Could not resolve host: www68a.hdb.gov.sg"
www78a.hdb.gov.sg,"Could not resolve host: www78a.hdb.gov.sg"
xchange.uat.seab.gov.sg,"Could not resolve host: xchange.uat.seab.gov.sg"
xchange.seab.gov.sg,"Could not resolve host: xchange.seab.gov.sg"
xauthoring.uat.seab.gov.sg,"Could not resolve host: xauthoring.uat.seab.gov.sg"
yr-admin.sps.gov.sg,"Could not resolve host: yr-admin.sps.gov.sg"
smtp1.sgict.gov.sg,"Connection timed out after 3002 milliseconds"
xn--fiq11ynncssxymy.gov.sg,"Could not resolve host: xn--fiq11ynncssxymy.gov.sg"
smtp3.sgict.gov.sg,"Connection timed out after 3002 milliseconds"
smtp2.sgict.gov.sg,"Connection timed out after 3002 milliseconds"
xn--xcr05jj0e9u3bdqs.gov.sg,"Could not resolve host: xn--xcr05jj0e9u3bdqs.gov.sg"
xchange2.uat.seab.gov.sg,"Could not resolve host: xchange2.uat.seab.gov.sg"
xn--yfro4i50ebxl1wc1qjv03dn6b.gov.sg,"Could not resolve host: xn--yfro4i50ebxl1wc1qjv03dn6b.gov.sg"
www.parliament.gov.sg,"200"
xn--dgtv4ynrdrx5bdhb.gov.sg,"Could not resolve host: xn--dgtv4ynrdrx5bdhb.gov.sg"
smtp4.sgict.gov.sg,"Connection timed out after 3002 milliseconds"
www9.mpa.gov.sg,"Could not resolve host: www9.mpa.gov.sg"
smtp6.sgict.gov.sg,"Connection timed out after 3002 milliseconds"
smtp5.sgict.gov.sg,"Connection timed out after 3002 milliseconds"
spcp-stg.wda.gov.sg,"Connection timed out after 3002 milliseconds"
spcp.wda.gov.sg,"Connection timed out after 3002 milliseconds"
www.psc.gov.sg,"200"
www.scdf.gov.sg,"200"
ssc.gov.sg,"Connection timed out after 3002 milliseconds"
www.peb.gov.sg,"403"
www.pscgateway.gov.sg,"301"
www.statecourts.gov.sg,"301"
stg-aceonline.mom.gov.sg,"Connection timed out after 3002 milliseconds"
www.supremecourt.gov.sg,"301"
stg.statecourts.gov.sg,"Connection timed out after 3002 milliseconds"
survey-sit.ssg-wsg.gov.sg,"Connection timed out after 3002 milliseconds"
survey-training.wda.gov.sg,"Connection timed out after 3002 milliseconds"
survey.wda.gov.sg,"Connection timed out after 3002 milliseconds"
www.scp.gov.sg,"301"
travel.vital.gov.sg,"Connection timed out after 3002 milliseconds"
www.ura.gov.sg,"302"
www.haze.gov.sg,"200"
u-canteenstalls.moe.gov.sg,"Connection timed out after 3002 milliseconds"
uat-eows.eld.gov.sg,"Connection timed out after 3001 milliseconds"
www.hsa.gov.sg,"200"
www.spsfitnessportal.gov.sg,"404"
uat-pas.wda.gov.sg,"Connection timed out after 3001 milliseconds"
uat.eservice.msf.gov.sg,"Connection timed out after 3002 milliseconds"
uat.charities.gov.sg,"Connection timed out after 3002 milliseconds"
www.sgjourney.gov.sg,"200"
uat.mlaw.gov.sg,"Connection timed out after 3002 milliseconds"
www.weather.gov.sg,"200"
uatcaps.msf.gov.sg,"Connection timed out after 3001 milliseconds"
uatcpportal.charities.gov.sg,"Connection timed out after 3002 milliseconds"
uatfeweb.iels.gov.sg,"Connection timed out after 3002 milliseconds"
uatpartner.msf.gov.sg,"Connection timed out after 3002 milliseconds"
uatportal.charities.gov.sg,"Connection timed out after 3002 milliseconds"
uatservices1.charities.gov.sg,"Connection timed out after 3002 milliseconds"
www.tradenet.gov.sg,"302"
vitaline.vital.gov.sg,"Connection timed out after 3002 milliseconds"
www.cpf.gov.sg,"403"
vrluat.lta.gov.sg,"Connection timed out after 3002 milliseconds"
wda-apps.wda.gov.sg,"Connection timed out after 3003 milliseconds"
wda.gov.sg,"Connection timed out after 3002 milliseconds"
www-stg.cea.gov.sg,"Connection timed out after 3002 milliseconds"
www5.mpa.gov.sg,"403"
www.nparks.gov.sg,"200"
www.connect.ras.gov.sg,"Resolving timed out after 3000 milliseconds"
www.dsta.gov.sg,"Operation timed out after 3000 milliseconds with 0 bytes received"
www.eponline.mom.gov.sg,"Connection timed out after 3002 milliseconds"
www.fsm.acra.gov.sg,"Connection timed out after 3002 milliseconds"
www2.cpf.gov.sg,"403"
www.msf.gov.sg,"Operation timed out after 3002 milliseconds with 0 bytes received"
www.poenquiry.eld.gov.sg,"Connection timed out after 3002 milliseconds"
www.police.gov.sg,"Operation timed out after 3000 milliseconds with 0 bytes received"
www.rpz.inlis.gov.sg,"Connection timed out after 3002 milliseconds"
www.ssc.gov.sg,"Connection timed out after 3002 milliseconds"
www.stg-aceonline.mom.gov.sg,"Connection timed out after 3002 milliseconds"
www1.singstat.gov.sg,"Connection timed out after 3001 milliseconds"
www5-t.mpa.gov.sg,"Connection timed out after 3002 milliseconds"
