subdomain,http_status
acacias-meta.gov.co,"Could not resolve host: acacias-meta.gov.co"
academiavirtual.samanadigital.gov.co,"Could not resolve host: academiavirtual.samanadigital.gov.co"
acceso.banagrario.gov.co,"Could not resolve host: acceso.banagrario.gov.co"
acceso.bancoagrario.gov.co,"Could not resolve host: acceso.bancoagrario.gov.co"
acceso.findeter.gov.co,"Could not resolve host: acceso.findeter.gov.co"
access.fna.gov.co,"Could not resolve host: access.fna.gov.co"
access.policia.gov.co,"Connection timed out after 3000 milliseconds"
access.ramajudicial.gov.co,"Connection timed out after 3000 milliseconds"
acr.gov.co,"Could not resolve host: acr.gov.co"
acrp.reintegracion.gov.co,"Could not resolve host: acrp.reintegracion.gov.co"
acuavalle.gov.co,"403"
adfs.antv.gov.co,"Could not resolve host: adfs.antv.gov.co"
admin.aerocivil.gov.co,"Could not resolve host: admin.aerocivil.gov.co"
admin.municipiocolombiano.gov.co,"Could not resolve host: admin.municipiocolombiano.gov.co"
aerocivil.gov.co,"301"
aeroparquejuanpablo.gov.co,"200"
afiliacionrs.dssa.gov.co,"403"
afrodita.ica.gov.co,"Connection timed out after 3001 milliseconds"
agata.barrancabermeja.gov.co,"Could not resolve host: agata.barrancabermeja.gov.co"
agencialogistica.gov.co,"Connection timed out after 3001 milliseconds"
agriculturacauca.gov.co,"Could not resolve host: agriculturacauca.gov.co"
agronet.gov.co,"200"
aguasdelhuila.gov.co,"Could not resolve host: aguasdelhuila.gov.co"
aim-meta.gov.co,"200"
albuzonexc.cartagena.gov.co,"Could not resolve host: albuzonexc.cartagena.gov.co"
alcaldianeiva.gov.co,"302"
alfm-remoto.agencialogistica.gov.co,"Connection timed out after 3001 milliseconds"
alianzasproductivas.minagricultura.gov.co,"SSL certificate problem: unable to get local issuer certificate"
ambientebogota.gov.co,"Could not resolve host: ambientebogota.gov.co"
analisis.mineducacion.gov.co,"Connection timed out after 3001 milliseconds"
andalucia.gov.co,"Operation timed out after 3000 milliseconds with 0 bytes received"
anh.gov.co,"302"
ani.gov.co,"301"
anm.gov.co,"SSL certificate problem: unable to get local issuer certificate"
anspe.gov.co,"Could not resolve host: anspe.gov.co"
antecedentes.policia.gov.co,"500"
anywhere.das.gov.co,"Could not resolve host: anywhere.das.gov.co"
apccolombia.gov.co,"200"
aplicaciones.corantioquia.gov.co,"SSL certificate problem: certificate has expired"
aplicaciones.ins.gov.co,"Connection timed out after 3001 milliseconds"
aplicaciones.itagui.gov.co,"OpenSSL SSL_read: OpenSSL/3.5.3: error:0A000126:SSL routines::unexpected eof while reading, errno 0"
aplicaciones.vuce.gov.co,"200"
aplicacionesadf.aerocivil.gov.co,"Could not resolve host: aplicacionesadf.aerocivil.gov.co"
aplicacionesproduccion.ins.gov.co,"Could not resolve host: aplicacionesproduccion.ins.gov.co"
aplicacionespruebas.ins.gov.co,"Connection timed out after 3002 milliseconds"
aplicativosise3g.previsora.gov.co,"Could not resolve host: aplicativosise3g.previsora.gov.co"
aplicativosweb.previsora.gov.co,"SSL certificate problem: unable to get local issuer certificate"
aplicativovirtual.previsora.gov.co,"Could not resolve host: aplicativovirtual.previsora.gov.co"
aportessgss.miseguridadsocial.gov.co,"Could not resolve host: aportessgss.miseguridadsocial.gov.co"
app.consejoprofesionaldebiologia.gov.co,"200"
app.cundinamarca.gov.co,"Connection timed out after 3002 milliseconds"
app.ekogui.gov.co,"Connection timed out after 3000 milliseconds"
app.saludcapital.gov.co,"Connection timed out after 3001 milliseconds"
app2.consejoprofesionaldebiologia.gov.co,"Could not resolve host: app2.consejoprofesionaldebiologia.gov.co"
apps.migracioncolombia.gov.co,"200"
apps.procuraduria.gov.co,"SSL certificate problem: unable to get local issuer certificate"
ar.dian.gov.co,"Could not resolve host: ar.dian.gov.co"
aranda.medellin.gov.co,"Connection timed out after 3000 milliseconds"
arauca-arauca.gov.co,"302"
arcgis.minagricultura.gov.co,"200"
archivos.infitulua.gov.co,"Could not resolve host: archivos.infitulua.gov.co"
ares.invima.gov.co,"Could not resolve host: ares.invima.gov.co"
asa.minhacienda.gov.co,"Could not resolve host: asa.minhacienda.gov.co"
asaprueba.minhacienda.gov.co,"200"
asga.minhacienda.gov.co,"200"
asgaprueba.minhacienda.gov.co,"Could not resolve host: asgaprueba.minhacienda.gov.co"
aspirantes.presidencia.gov.co,"Recv failure: Connexion ré-initialisée par le correspondant"
astrea.dps.gov.co,"Connection timed out after 3002 milliseconds"
atencionalciudadano.banrep.gov.co,"Could not resolve host: atencionalciudadano.banrep.gov.co"
aulavirtual.ins.gov.co,"302"
aulavirtual.invima.gov.co,"302"
aunap.gov.co,"Connection timed out after 3002 milliseconds"
autenticacionprueba.minhacienda.gov.co,"200"
auth.ekogui.gov.co,"Connection timed out after 3001 milliseconds"
authapp.minhacienda.gov.co,"200"
autodiscover.accionsocial.gov.co,"Could not resolve host: autodiscover.accionsocial.gov.co"
autodiscover.acr.gov.co,"Failed to connect to autodiscover.acr.gov.co port 443 after 2841 ms: Could not connect to server"
autodiscover.aerocivil.gov.co,"Could not resolve host: autodiscover.aerocivil.gov.co"
autodiscover.anh.gov.co,"Could not resolve host: autodiscover.anh.gov.co"
autodiscover.ani.gov.co,"Failed to connect to autodiscover.ani.gov.co port 443 after 180 ms: Could not connect to server"
autodiscover.anm.gov.co,"Failed to connect to autodiscover.anm.gov.co port 443 after 221 ms: Could not connect to server"
autodiscover.anspe.gov.co,"Could not resolve host: autodiscover.anspe.gov.co"
autodiscover.auditoria.gov.co,"Failed to connect to autodiscover.auditoria.gov.co port 443 after 227 ms: Could not connect to server"
autodiscover.bancadelasoportunidades.gov.co,"Failed to connect to autodiscover.bancadelasoportunidades.gov.co port 443 after 482 ms: Could not connect to server"
autodiscover.bancoagrario.gov.co,"Failed to connect to autodiscover.bancoagrario.gov.co port 443 after 211 ms: Could not connect to server"
autodiscover.cancilleria.gov.co,"Connection timed out after 3003 milliseconds"
autodiscover.caprovimpo.gov.co,"Could not resolve host: autodiscover.caprovimpo.gov.co"
autodiscover.car.gov.co,"Failed to connect to autodiscover.car.gov.co port 443 after 40 ms: Could not connect to server"
autodiscover.cartagena.gov.co,"Failed to connect to autodiscover.cartagena.gov.co port 443 after 63 ms: Could not connect to server"
autodiscover.cga.gov.co,"Failed to connect to autodiscover.cga.gov.co port 443 after 175 ms: Could not connect to server"
autodiscover.colombiacompra.gov.co,"Failed to connect to autodiscover.colombiacompra.gov.co port 443 after 56 ms: Could not connect to server"
autodiscover.consolidacion.gov.co,"Could not resolve host: autodiscover.consolidacion.gov.co"
autodiscover.corantioquia.gov.co,"Failed to connect to autodiscover.corantioquia.gov.co port 443 after 168 ms: Could not connect to server"
autodiscover.cra.gov.co,"Failed to connect to autodiscover.cra.gov.co port 443 after 400 ms: Could not connect to server"
autodiscover.cundinamarca.gov.co,"SSL certificate problem: unable to get local issuer certificate"
autodiscover.dafp.gov.co,"Could not resolve host: autodiscover.dafp.gov.co"
autodiscover.das.gov.co,"Could not resolve host: autodiscover.das.gov.co"
autodiscover.dian.gov.co,"Failed to connect to autodiscover.dian.gov.co port 443 after 184 ms: Could not connect to server"
autodiscover.dnp.gov.co,"Failed to connect to autodiscover.dnp.gov.co port 443 after 92 ms: Could not connect to server"
autodiscover.dps.gov.co,"Failed to connect to autodiscover.dps.gov.co port 443 after 51 ms: Could not connect to server"
autodiscover.findeter.gov.co,"Failed to connect to autodiscover.findeter.gov.co port 443 after 172 ms: Could not connect to server"
autodiscover.fiscalia.gov.co,"Failed to connect to autodiscover.fiscalia.gov.co port 443 after 1741 ms: Could not connect to server"
autodiscover.fna.gov.co,"Failed to connect to autodiscover.fna.gov.co port 443 after 187 ms: Could not connect to server"
autodiscover.fonade.gov.co,"Failed to connect to autodiscover.fonade.gov.co port 443 after 40 ms: Could not connect to server"
autodiscover.fonprecon.gov.co,"Failed to connect to autodiscover.fonprecon.gov.co port 443 after 63 ms: Could not connect to server"
autodiscover.ica.gov.co,"Failed to connect to autodiscover.ica.gov.co port 443 after 386 ms: Could not connect to server"
autodiscover.icbf.gov.co,"302"
autodiscover.icetex.gov.co,"Failed to connect to autodiscover.icetex.gov.co port 443 after 187 ms: Could not connect to server"
autodiscover.igac.gov.co,"Failed to connect to autodiscover.igac.gov.co port 443 after 189 ms: Could not connect to server"
autodiscover.inco.gov.co,"Could not resolve host: autodiscover.inco.gov.co"
autodiscover.inder.gov.co,"Failed to connect to autodiscover.inder.gov.co port 443 after 218 ms: Could not connect to server"
autodiscover.ins.gov.co,"302"
autodiscover.invias.gov.co,"Failed to connect to autodiscover.invias.gov.co port 443 after 203 ms: Could not connect to server"
autodiscover.invima.gov.co,"Connection timed out after 3002 milliseconds"
autodiscover.medellin.gov.co,"Failed to connect to autodiscover.medellin.gov.co port 443 after 396 ms: Could not connect to server"
autodiscover.metropol.gov.co,"Failed to connect to autodiscover.metropol.gov.co port 443 after 216 ms: Could not connect to server"
autodiscover.migracioncolombia.gov.co,"Failed to connect to autodiscover.migracioncolombia.gov.co port 443 after 244 ms: Could not connect to server"
autodiscover.mij.gov.co,"Could not resolve host: autodiscover.mij.gov.co"
autodiscover.minagricultura.gov.co,"Could not resolve host: autodiscover.minagricultura.gov.co"
autodiscover.mincit.gov.co,"Failed to connect to autodiscover.mincit.gov.co port 443 after 198 ms: Could not connect to server"
autodiscover.mincomercio.gov.co,"Could not resolve host: autodiscover.mincomercio.gov.co"
autodiscover.mincultura.gov.co,"Failed to connect to autodiscover.mincultura.gov.co port 443 after 46 ms: Could not connect to server"
autodiscover.mindefensa.gov.co,"Could not resolve host: autodiscover.mindefensa.gov.co"
autodiscover.mineducacion.gov.co,"Failed to connect to autodiscover.mineducacion.gov.co port 443 after 221 ms: Could not connect to server"
autodiscover.minproteccionsocial.gov.co,"Could not resolve host: autodiscover.minproteccionsocial.gov.co"
autodiscover.minsalud.gov.co,"Connection timed out after 3002 milliseconds"
autodiscover.museonacional.gov.co,"521"
autodiscover.policia.gov.co,"Failed to connect to autodiscover.policia.gov.co port 443 after 258 ms: Could not connect to server"
autodiscover.positiva.gov.co,"Failed to connect to autodiscover.positiva.gov.co port 443 after 54 ms: Could not connect to server"
autodiscover.presidencia.gov.co,"302"
autodiscover.previsora.gov.co,"Failed to connect to autodiscover.previsora.gov.co port 443 after 194 ms: Could not connect to server"
autodiscover.procuraduria.gov.co,"Failed to connect to autodiscover.procuraduria.gov.co port 443 after 199 ms: Could not connect to server"
autodiscover.pscn.invias.gov.co,"Could not resolve host: autodiscover.pscn.invias.gov.co"
autodiscover.ramajudicial.gov.co,"Failed to connect to autodiscover.ramajudicial.gov.co port 443 after 206 ms: Could not connect to server"
autodiscover.registraduria.gov.co,"Failed to connect to autodiscover.registraduria.gov.co port 443 after 360 ms: Could not connect to server"
autodiscover.scm.gov.co,"Could not resolve host: autodiscover.scm.gov.co"
autodiscover.sedtolima.gov.co,"Failed to connect to autodiscover.sedtolima.gov.co port 443 after 61 ms: Could not connect to server"
autodiscover.senado.gov.co,"Could not resolve host: autodiscover.senado.gov.co"
autodiscover.shd.gov.co,"Failed to connect to autodiscover.shd.gov.co port 443 after 377 ms: Could not connect to server"
autodiscover.superfinanciera.gov.co,"Failed to connect to autodiscover.superfinanciera.gov.co port 443 after 55 ms: Could not connect to server"
autodiscover.supernotariado.gov.co,"Failed to connect to autodiscover.supernotariado.gov.co port 443 after 179 ms: Could not connect to server"
autodiscover.supersociedades.gov.co,"Failed to connect to autodiscover.supersociedades.gov.co port 443 after 238 ms: Could not connect to server"
autodiscover.transmilenio.gov.co,"Failed to connect to autodiscover.transmilenio.gov.co port 443 after 65 ms: Could not connect to server"
autodiscover.unidadvictimas.gov.co,"Could not resolve host: autodiscover.unidadvictimas.gov.co"
autodiscover.unp.gov.co,"Resolving timed out after 3000 milliseconds"
autodiscover.upme.gov.co,"Could not resolve host: autodiscover.upme.gov.co"
av.aerocivil.gov.co,"Could not resolve host: av.aerocivil.gov.co"
av.anm.gov.co,"Could not resolve host: av.anm.gov.co"
av.anspe.gov.co,"Could not resolve host: av.anspe.gov.co"
av.bancoagrario.gov.co,"Could not resolve host: av.bancoagrario.gov.co"
av.cancilleria.gov.co,"Could not resolve host: av.cancilleria.gov.co"
av.cundinamarca.gov.co,"Connection timed out after 3002 milliseconds"
av.fiscalia.gov.co,"Connection timed out after 3000 milliseconds"
av.invias.gov.co,"Could not resolve host: av.invias.gov.co"
av.mincomercio.gov.co,"Could not resolve host: av.mincomercio.gov.co"
av.mineducacion.gov.co,"Connection timed out after 3002 milliseconds"
av.mintic.gov.co,"Could not resolve host: av.mintic.gov.co"
av.policia.gov.co,"Connection timed out after 3002 milliseconds"
av.unp.gov.co,"Resolving timed out after 3000 milliseconds"
avedge.icbf.gov.co,"Could not resolve host: avedge.icbf.gov.co"
avi.minhacienda.gov.co,"Could not resolve host: avi.minhacienda.gov.co"
aviprueba.minhacienda.gov.co,"Could not resolve host: aviprueba.minhacienda.gov.co"
awa.banrep.gov.co,"Could not resolve host: awa.banrep.gov.co"
b.narino.gov.co,"302"
banca.copacabana.gov.co,"Connection timed out after 3001 milliseconds"
banca.laestrella.gov.co,"Could not resolve host: banca.laestrella.gov.co"
barrancabermeja.gov.co,"301"
becadntc01.shd.gov.co,"Could not resolve host: becadntc01.shd.gov.co"
becadntc03.shd.gov.co,"Could not resolve host: becadntc03.shd.gov.co"
beta.conciliacion.gov.co,"Could not resolve host: beta.conciliacion.gov.co"
bfamilias.bancoagrario.gov.co,"Connection timed out after 3001 milliseconds"
biblioteca.minagricultura.gov.co,"Connection timed out after 3001 milliseconds"
biblioteca.minminas.gov.co,"Could not resolve host: biblioteca.minminas.gov.co"
biblioteca.soytic.gov.co,"Could not resolve host: biblioteca.soytic.gov.co"
bocuhvdir01csj.ramajudicial.gov.co,"Could not resolve host: bocuhvdir01csj.ramajudicial.gov.co"
bocuhvdir02csj.ramajudicial.gov.co,"Could not resolve host: bocuhvdir02csj.ramajudicial.gov.co"
bocuhvfe01csj.ramajudicial.gov.co,"Could not resolve host: bocuhvfe01csj.ramajudicial.gov.co"
bocuhvfe02csj.ramajudicial.gov.co,"Could not resolve host: bocuhvfe02csj.ramajudicial.gov.co"
bog01.aerocivil.gov.co,"Could not resolve host: bog01.aerocivil.gov.co"
bog112.aerocivil.gov.co,"Could not resolve host: bog112.aerocivil.gov.co"
bog113.aerocivil.gov.co,"Could not resolve host: bog113.aerocivil.gov.co"
boletines.presidencia.gov.co,"Could not resolve host: boletines.presidencia.gov.co"
bomberosbogota.gov.co,"Could not resolve host: bomberosbogota.gov.co"
bomberosmonteria.gov.co,"200"
botticelli.minagricultura.gov.co,"Could not resolve host: botticelli.minagricultura.gov.co"
bpm.mininterior.gov.co,"Connection timed out after 3001 milliseconds"
bpm.previsora.gov.co,"Could not resolve host: bpm.previsora.gov.co"
bpm.sic.gov.co,"Could not resolve host: bpm.sic.gov.co"
bvirtual.bancoagrario.gov.co,"Could not resolve host: bvirtual.bancoagrario.gov.co"
cajahonor.gov.co,"308"
cajica.gov.co,"Connection timed out after 3002 milliseconds"
cajicajoven.gov.co,"Could not resolve host: cajicajoven.gov.co"
cali.gov.co,"Could not resolve host: cali.gov.co"
calidad.codechoco.gov.co,"Could not resolve host: calidad.codechoco.gov.co"
camarascav.metropol.gov.co,"Connection timed out after 3002 milliseconds"
camponet.minagricultura.gov.co,"OpenSSL SSL_read: OpenSSL/3.5.3: error:0A000126:SSL routines::unexpected eof while reading, errno 0"
camucanalete.gov.co,"Could not resolve host: camucanalete.gov.co"
canalcapital.gov.co,"301"
cancilleria.gov.co,"301"
caprecom.gov.co,"Operation timed out after 3001 milliseconds with 0 bytes received"
caprovimpo.gov.co,"Could not resolve host: caprovimpo.gov.co"
car.gov.co,"Could not resolve host: car.gov.co"
cardique.gov.co,"403"
carguesitic.mintic.gov.co,"Could not resolve host: carguesitic.mintic.gov.co"
caribe.banrep.gov.co,"Connection timed out after 3002 milliseconds"
cartagena.gov.co,"403"
cas.cancilleria.gov.co,"Connection timed out after 3002 milliseconds"
cas.procuraduria.gov.co,"Could not resolve host: cas.procuraduria.gov.co"
cas.superfinanciera.gov.co,"Could not resolve host: cas.superfinanciera.gov.co"
casarrayshd.shd.gov.co,"Could not resolve host: casarrayshd.shd.gov.co"
casur.gov.co,"Could not resolve host: casur.gov.co"
catastro.antioquia.gov.co,"Could not resolve host: catastro.antioquia.gov.co"
catastrobogota.gov.co,"400"
catastroenlinea.catastrobogota.gov.co,"Could not resolve host: catastroenlinea.catastrobogota.gov.co"
cce.gov.co,"Could not resolve host: cce.gov.co"
ccedesarrollo.contratos.gov.co,"Could not resolve host: ccedesarrollo.contratos.gov.co"
ccepreproduccion.contratos.gov.co,"Could not resolve host: ccepreproduccion.contratos.gov.co"
cddiss.iss.gov.co,"Resolving timed out after 3000 milliseconds"
cdguainia.gov.co,"Could not resolve host: cdguainia.gov.co"
cendoc.car.gov.co,"Could not resolve host: cendoc.car.gov.co"
cerete.gov.co,"200"
certificadojudicial.gov.co,"Could not resolve host: certificadojudicial.gov.co"
certificados.fonprecon.gov.co,"301"
certificados.positivaenlinea.gov.co,"Could not resolve host: certificados.positivaenlinea.gov.co"
certificadosaportantes.icbf.gov.co,"Connection timed out after 3000 milliseconds"
certificadosdeorigen.dian.gov.co,"Could not resolve host: certificadosdeorigen.dian.gov.co"
chaski.corantioquia.gov.co,"Could not resolve host: chaski.corantioquia.gov.co"
chat.cartagena.gov.co,"Could not resolve host: chat.cartagena.gov.co"
chat.minambiente.gov.co,"Could not resolve host: chat.minambiente.gov.co"
cisa.gov.co,"301"
ciudadano.das.gov.co,"Could not resolve host: ciudadano.das.gov.co"
civica.metrodemedellin.gov.co,"200"
cjweb.das.gov.co,"Could not resolve host: cjweb.das.gov.co"
claritasantosese.gov.co,"Could not resolve host: claritasantosese.gov.co"
clima247.gov.co,"302"
cloud.invima.gov.co,"Connection timed out after 3001 milliseconds"
clunlb01.das.gov.co,"Could not resolve host: clunlb01.das.gov.co"
clunlb02.das.gov.co,"Could not resolve host: clunlb02.das.gov.co"
cne.gov.co,"Could not resolve host: cne.gov.co"
cnsc.gov.co,"200"
codechoco.gov.co,"200"
codechocoprueb.codechoco.gov.co,"Could not resolve host: codechocoprueb.codechoco.gov.co"
colaboracion.sdp.gov.co,"Could not resolve host: colaboracion.sdp.gov.co"
colcert.gov.co,"Connection timed out after 3001 milliseconds"
colciencias.gov.co,"SSL certificate problem: unable to get local issuer certificate"
collab-edge.banrep.gov.co,"Could not resolve host: collab-edge.banrep.gov.co"
colombiacompra.gov.co,"Could not resolve host: colombiacompra.gov.co"
colombiestad.gov.co,"Could not resolve host: colombiestad.gov.co"
colpensiones.gov.co,"403"
colpensionestransaccional.gov.co,"SSL: no alternative certificate subject name matches target hostname 'colpensionestransaccional.gov.co'"
comisiones.mincultura.gov.co,"Could not resolve host: comisiones.mincultura.gov.co"
comisionesext.presidencia.gov.co,"Recv failure: Connexion ré-initialisée par le correspondant"
comisionseptimasenado.gov.co,"Connection timed out after 3002 milliseconds"
community.secop.gov.co,"403"
comparendos.policia.gov.co,"Connection timed out after 3001 milliseconds"
competitividad.gov.co,"Could not resolve host: competitividad.gov.co"
concejodecartago.gov.co,"301"
concejodeibague.gov.co,"302"
concejodevillavicencio.gov.co,"302"
concejomunicipaldesoledad.gov.co,"Could not resolve host: concejomunicipaldesoledad.gov.co"
concejopitalito.gov.co,"302"
conciliacion.gov.co,"Connection timed out after 3002 milliseconds"
conectatumovil.minhacienda.gov.co,"Connection timed out after 3002 milliseconds"
conf.presidencia.gov.co,"Could not resolve host: conf.presidencia.gov.co"
conf.scm.gov.co,"Could not resolve host: conf.scm.gov.co"
consejodirectivo.icbf.gov.co,"Could not resolve host: consejodirectivo.icbf.gov.co"
consolidacion.gov.co,"Could not resolve host: consolidacion.gov.co"
consulado.gov.co,"200"
consultas.transitobogota.gov.co,"Could not resolve host: consultas.transitobogota.gov.co"
consultpermcarga.invias.gov.co,"Connection timed out after 3002 milliseconds"
contactodirecto.gov.co,"Could not resolve host: contactodirecto.gov.co"
contenido.mintic.gov.co,"Could not resolve host: contenido.mintic.gov.co"
contraloriadeitagui.gov.co,"302"
contraloriageneraldecaldas.gov.co,"302"
contraloriahuila.gov.co,"302"
contraloriasoledad.gov.co,"Operation timed out after 3002 milliseconds with 0 bytes received"
contratacionbogota.gov.co,"Connection timed out after 3002 milliseconds"
contratos.gov.co,"Could not resolve host: contratos.gov.co"
contratos.metropol.gov.co,"Could not resolve host: contratos.metropol.gov.co"
contratoscajica.gov.co,"Could not resolve host: contratoscajica.gov.co"
convocatoria.hgm.gov.co,"Could not resolve host: convocatoria.hgm.gov.co"
copnia.gov.co,"301"
corcumvi.gov.co,"302"
corpoagrocentro.gov.co,"SSL certificate problem: unable to get local issuer certificate"
corporativo.dane.gov.co,"Connection timed out after 3000 milliseconds"
corpouraba.gov.co,"200"
correo.accionsocial.gov.co,"Could not resolve host: correo.accionsocial.gov.co"
correo.acr.gov.co,"Failed to connect to correo.acr.gov.co port 443 after 1252 ms: Could not connect to server"
correo.aerocivil.gov.co,"Connection timed out after 3002 milliseconds"
correo.ani.gov.co,"Could not resolve host: correo.ani.gov.co"
correo.anm.gov.co,"302"
correo.anspe.gov.co,"Could not resolve host: correo.anspe.gov.co"
correo.bancoagrario.gov.co,"302"
correo.cancilleria.gov.co,"Could not resolve host: correo.cancilleria.gov.co"
correo.car.gov.co,"Could not resolve host: correo.car.gov.co"
correo.cartagena.gov.co,"Could not resolve host: correo.cartagena.gov.co"
correo.cga.gov.co,"Could not resolve host: correo.cga.gov.co"
correo.consolidacion.gov.co,"Could not resolve host: correo.consolidacion.gov.co"
correo.corantioquia.gov.co,"Could not resolve host: correo.corantioquia.gov.co"
correo.cundinamarca.gov.co,"Connection timed out after 3002 milliseconds"
correo.dps.gov.co,"Connection timed out after 3001 milliseconds"
correo.esehospitalluisasantiaga.gov.co,"Could not resolve host: correo.esehospitalluisasantiaga.gov.co"
correo.eseisabu.gov.co,"Resolving timed out after 3000 milliseconds"
correo.fna.gov.co,"Could not resolve host: correo.fna.gov.co"
correo.fonade.gov.co,"Could not resolve host: correo.fonade.gov.co"
correo.hrob.gov.co,"307"
correo.ica.gov.co,"Connection timed out after 3000 milliseconds"
correo.icetex.gov.co,"Could not resolve host: correo.icetex.gov.co"
correo.igac.gov.co,"TLS connect error: error:0A000126:SSL routines::unexpected eof while reading"
correo.imer.gov.co,"Could not resolve host: correo.imer.gov.co"
correo.inco.gov.co,"Could not resolve host: correo.inco.gov.co"
correo.inder.gov.co,"Connection timed out after 3001 milliseconds"
correo.ins.gov.co,"302"
correo.invias.gov.co,"Connection timed out after 3000 milliseconds"
correo.medellin.gov.co,"Connection timed out after 3000 milliseconds"
correo.migracioncolombia.gov.co,"TLS connect error: error:0A000126:SSL routines::unexpected eof while reading"
correo.minagricultura.gov.co,"Could not resolve host: correo.minagricultura.gov.co"
correo.mincit.gov.co,"301"
correo.mincomercio.gov.co,"Connection timed out after 3001 milliseconds"
correo.mincultura.gov.co,"Could not resolve host: correo.mincultura.gov.co"
correo.mineducacion.gov.co,"Connection timed out after 3001 milliseconds"
correo.minproteccionsocial.gov.co,"Could not resolve host: correo.minproteccionsocial.gov.co"
correo.museonacional.gov.co,"Could not resolve host: correo.museonacional.gov.co"
correo.presidencia.gov.co,"302"
correo.procuraduria.gov.co,"Connection timed out after 3002 milliseconds"
correo.registraduria.gov.co,"Could not resolve host: correo.registraduria.gov.co"
correo.saludcapital.gov.co,"Could not resolve host: correo.saludcapital.gov.co"
correo.scm.gov.co,"Could not resolve host: correo.scm.gov.co"
correo.supertransporte.gov.co,"Could not resolve host: correo.supertransporte.gov.co"
correo.transmilenio.gov.co,"Could not resolve host: correo.transmilenio.gov.co"
correo.unidadvictimas.gov.co,"Could not resolve host: correo.unidadvictimas.gov.co"
correo.unp.gov.co,"Resolving timed out after 3001 milliseconds"
correo2.minagricultura.gov.co,"Could not resolve host: correo2.minagricultura.gov.co"
correo2.mineducacion.gov.co,"Connection timed out after 3002 milliseconds"
correo2003.fiscalia.gov.co,"Connection timed out after 3001 milliseconds"
correo2007.superfinanciera.gov.co,"Could not resolve host: correo2007.superfinanciera.gov.co"
correo2010.cancilleria.gov.co,"Could not resolve host: correo2010.cancilleria.gov.co"
correo2010.procuraduria.gov.co,"Connection timed out after 3002 milliseconds"
correo365.dps.gov.co,"Connection timed out after 3002 milliseconds"
correocifrado.dni.gov.co,"Connection timed out after 3002 milliseconds"
correoremoto.envigado.gov.co,"Could not resolve host: correoremoto.envigado.gov.co"
correoweb.dian.gov.co,"Connection timed out after 3001 milliseconds"
correoweb.fiscalia.gov.co,"Could not resolve host: correoweb.fiscalia.gov.co"
correoweb.icetex.gov.co,"Could not resolve host: correoweb.icetex.gov.co"
correoweb.mindefensa.gov.co,"302"
correoweb.minproteccionsocial.gov.co,"Could not resolve host: correoweb.minproteccionsocial.gov.co"
correoweb.minsalud.gov.co,"Connection timed out after 3000 milliseconds"
correoweb2.mindefensa.gov.co,"Connection timed out after 3002 milliseconds"
corrreo.risaralda.gov.co,"Could not resolve host: corrreo.risaralda.gov.co"
cortolima.gov.co,"Operation timed out after 3001 milliseconds with 0 bytes received"
cowa.superfinanciera.gov.co,"Could not resolve host: cowa.superfinanciera.gov.co"
cpae.gov.co,"301"
cpqcol.gov.co,"301"
cra.gov.co,"SSL certificate problem: unable to get local issuer certificate"
crae.dssa.gov.co,"403"
crc.gov.co,"Connection timed out after 3002 milliseconds"
crcom.gov.co,"301"
cregas.creg.gov.co,"Could not resolve host: cregas.creg.gov.co"
cremil.gov.co,"SSL: no alternative certificate subject name matches target hostname 'cremil.gov.co'"
cronos.acr.gov.co,"Could not resolve host: cronos.acr.gov.co"
crq.gov.co,"403"
cst.minhacienda.gov.co,"Could not resolve host: cst.minhacienda.gov.co"
cuarentena.unidadvictimas.gov.co,"Could not resolve host: cuarentena.unidadvictimas.gov.co"
cundisrv75.cundinamarca.gov.co,"Could not resolve host: cundisrv75.cundinamarca.gov.co"
cursorapidoantirrobo.gov.co,"Could not resolve host: cursorapidoantirrobo.gov.co"
cursos.soytic.gov.co,"Could not resolve host: cursos.soytic.gov.co"
cuza.banrep.gov.co,"Connection timed out after 3002 milliseconds"
cwa.cundinamarca.gov.co,"Could not resolve host: cwa.cundinamarca.gov.co"
cwa.mineducacion.gov.co,"Could not resolve host: cwa.mineducacion.gov.co"
dane.gov.co,"Connection timed out after 3001 milliseconds"
das.gov.co,"Could not resolve host: das.gov.co"
dataroom.anh.gov.co,"Could not resolve host: dataroom.anh.gov.co"
defensajuridica.gov.co,"Connection timed out after 3002 milliseconds"
delegacion.gov.co,"Could not resolve host: delegacion.gov.co"
depositosespeciales.bancoagrario.gov.co,"302"
devsp.saludcapital.gov.co,"Connection timed out after 3001 milliseconds"
dialin.aerocivil.gov.co,"Could not resolve host: dialin.aerocivil.gov.co"
dialin.ani.gov.co,"Could not resolve host: dialin.ani.gov.co"
dialin.anm.gov.co,"Connection timed out after 3001 milliseconds"
dialin.anspe.gov.co,"Could not resolve host: dialin.anspe.gov.co"
dialin.bancoagrario.gov.co,"Could not resolve host: dialin.bancoagrario.gov.co"
dialin.cancilleria.gov.co,"Could not resolve host: dialin.cancilleria.gov.co"
dialin.car.gov.co,"Could not resolve host: dialin.car.gov.co"
dialin.cga.gov.co,"Could not resolve host: dialin.cga.gov.co"
dialin.colombiacompra.gov.co,"Could not resolve host: dialin.colombiacompra.gov.co"
dialin.cundinamarca.gov.co,"Could not resolve host: dialin.cundinamarca.gov.co"
dialin.defensajuridica.gov.co,"Connection timed out after 3001 milliseconds"
dialin.dps.gov.co,"Could not resolve host: dialin.dps.gov.co"
dialin.findeter.gov.co,"Connection timed out after 3001 milliseconds"
dialin.fiscalia.gov.co,"Resolving timed out after 3000 milliseconds"
dialin.forpo.gov.co,"Could not resolve host: dialin.forpo.gov.co"
dialin.icbf.gov.co,"Could not resolve host: dialin.icbf.gov.co"
dialin.invias.gov.co,"Could not resolve host: dialin.invias.gov.co"
dialin.invima.gov.co,"Connection timed out after 3001 milliseconds"
dialin.medellin.gov.co,"Connection timed out after 3001 milliseconds"
dialin.metropol.gov.co,"Connection timed out after 3002 milliseconds"
dialin.migracioncolombia.gov.co,"Could not resolve host: dialin.migracioncolombia.gov.co"
dialin.minagricultura.gov.co,"Could not resolve host: dialin.minagricultura.gov.co"
dialin.mincomercio.gov.co,"Could not resolve host: dialin.mincomercio.gov.co"
dialin.mindefensa.gov.co,"Could not resolve host: dialin.mindefensa.gov.co"
dialin.mineducacion.gov.co,"Connection timed out after 3002 milliseconds"
dialin.mintic.gov.co,"Could not resolve host: dialin.mintic.gov.co"
dialin.presidencia.gov.co,"Could not resolve host: dialin.presidencia.gov.co"
dialin.previsora.gov.co,"Could not resolve host: dialin.previsora.gov.co"
dialin.ramajudicial.gov.co,"Could not resolve host: dialin.ramajudicial.gov.co"
dialin.scm.gov.co,"Could not resolve host: dialin.scm.gov.co"
dialin.senado.gov.co,"Could not resolve host: dialin.senado.gov.co"
dialin.supersociedades.gov.co,"Could not resolve host: dialin.supersociedades.gov.co"
dialin.uiaf.gov.co,"Could not resolve host: dialin.uiaf.gov.co"
dialin.unp.gov.co,"Resolving timed out after 3000 milliseconds"
dialing.ramajudicial.gov.co,"Could not resolve host: dialing.ramajudicial.gov.co"
dian.gov.co,"Could not resolve host: dian.gov.co"
dijinpandora.policia.gov.co,"Could not resolve host: dijinpandora.policia.gov.co"
dipolnet.dipol.gov.co,"Could not resolve host: dipolnet.dipol.gov.co"
dips.dps.gov.co,"Could not resolve host: dips.dps.gov.co"
dirinfra.mintransporte.gov.co,"Could not resolve host: dirinfra.mintransporte.gov.co"
discover.ani.gov.co,"Could not resolve host: discover.ani.gov.co"
dne.gov.co,"Could not resolve host: dne.gov.co"
dni.gov.co,"200"
dnp.gov.co,"Could not resolve host: dnp.gov.co"
do.gov.co,"Could not resolve host: do.gov.co"
docs.cpqcol.gov.co,"Could not resolve host: docs.cpqcol.gov.co"
documentacion.ideam.gov.co,"SSL certificate problem: unable to get local issuer certificate"
donaciones.accionsocial.gov.co,"Could not resolve host: donaciones.accionsocial.gov.co"
donaciones.cancer.gov.co,"Could not resolve host: donaciones.cancer.gov.co"
donaciones.dps.gov.co,"Could not resolve host: donaciones.dps.gov.co"
dsr.aguasdelhuila.gov.co,"Could not resolve host: dsr.aguasdelhuila.gov.co"
educatic-acacias.gov.co,"403"
egad.gov.co,"Could not resolve host: egad.gov.co"
ekogui.gov.co,"Connection timed out after 3002 milliseconds"
email.alcaldiadecucuta.gov.co,"Resolving timed out after 3000 milliseconds"
email.cali.gov.co,"Connection timed out after 3002 milliseconds"
email.policia.gov.co,"Could not resolve host: email.policia.gov.co"
embajada.gov.co,"200"
emm.medellin.gov.co,"Could not resolve host: emm.medellin.gov.co"
emm.superfinanciera.gov.co,"Connection timed out after 3002 milliseconds"
empas.gov.co,"SSL: no alternative certificate subject name matches target hostname 'empas.gov.co'"
empleopublico.gov.co,"Resolving timed out after 3000 milliseconds"
emuserhoboesp.gov.co,"302"
en.superfinanciera.gov.co,"Could not resolve host: en.superfinanciera.gov.co"
encuestas.gobiernoenlinea.gov.co,"Could not resolve host: encuestas.gobiernoenlinea.gov.co"
encuestas.medicinalegal.gov.co,"302"
enlinea.bancoagrario.gov.co,"403"
enlinea.invima.gov.co,"200"
enticconfio.gov.co,"302"
entid.colpensionestransaccional.gov.co,"Could not resolve host: entid.colpensionestransaccional.gov.co"
epabuenaventura.gov.co,"Operation timed out after 3001 milliseconds with 0 bytes received"
epagos.registraduria.gov.co,"500"
epneiva.gov.co,"Operation timed out after 3001 milliseconds with 0 bytes received"
epq.gov.co,"200"
epyesp.gov.co,"Connection timed out after 3002 milliseconds"
eris.envigado.gov.co,"Could not resolve host: eris.envigado.gov.co"
erp.consolidacion.gov.co,"Could not resolve host: erp.consolidacion.gov.co"
esaquin.epq.gov.co,"Could not resolve host: esaquin.epq.gov.co"
esaquin.gov.co,"Could not resolve host: esaquin.gov.co"
escueladeformacion.minambiente.gov.co,"Could not resolve host: escueladeformacion.minambiente.gov.co"
escuelavirtual.medicinalegal.gov.co,"Could not resolve host: escuelavirtual.medicinalegal.gov.co"
esebellosalud.gov.co,"200"
esehds.gov.co,"Could not resolve host: esehds.gov.co"
esehnsg.gov.co,"Resolving timed out after 3000 milliseconds"
esehospitalandresgirardot.gov.co,"Could not resolve host: esehospitalandresgirardot.gov.co"
esehospitaldelospatios.gov.co,"Could not resolve host: esehospitaldelospatios.gov.co"
esehospitaldesoledad.gov.co,"Could not resolve host: esehospitaldesoledad.gov.co"
esehospitalpiojo.gov.co,"302"
esehospitalsantateresadibulla.gov.co,"SSL certificate problem: unable to get local issuer certificate"
esehsjsamana.gov.co,"Could not resolve host: esehsjsamana.gov.co"
esemeta.gov.co,"302"
esenuevagranada.gov.co,"Could not resolve host: esenuevagranada.gov.co"
esesanfranciscosincelejo.gov.co,"Could not resolve host: esesanfranciscosincelejo.gov.co"
esesanjuanbosco.gov.co,"Resolving timed out after 3000 milliseconds"
esesanjuandediospc.gov.co,"Could not resolve host: esesanjuandediospc.gov.co"
esesantamariamompox.gov.co,"200"
esesoacha.gov.co,"301"
esigna.minambiente.gov.co,"Could not resolve host: esigna.minambiente.gov.co"
espsabanalarga.gov.co,"SSL certificate problem: self-signed certificate"
esptoro.gov.co,"SSL: no alternative certificate subject name matches target hostname 'esptoro.gov.co'"
estadisticas.soytic.gov.co,"Could not resolve host: estadisticas.soytic.gov.co"
estrategicos.contraloria.gov.co,"TLS connect error: error:0A000126:SSL routines::unexpected eof while reading"
etico.colpensiones.gov.co,"Could not resolve host: etico.colpensiones.gov.co"
eva.gov.co,"200"
ews.minagricultura.gov.co,"Could not resolve host: ews.minagricultura.gov.co"
ews.mincomercio.gov.co,"Could not resolve host: ews.mincomercio.gov.co"
ex.cajahonor.gov.co,"Could not resolve host: ex.cajahonor.gov.co"
ex.caprovimpo.gov.co,"Could not resolve host: ex.caprovimpo.gov.co"
ex1nlb239.superfinanciera.gov.co,"Could not resolve host: ex1nlb239.superfinanciera.gov.co"
ex1wn230.superfinanciera.gov.co,"Could not resolve host: ex1wn230.superfinanciera.gov.co"
ex1wn234.superfinanciera.gov.co,"Could not resolve host: ex1wn234.superfinanciera.gov.co"
exchcasarray.icbf.gov.co,"Could not resolve host: exchcasarray.icbf.gov.co"
expdigital.positivaenlinea.gov.co,"Could not resolve host: expdigital.positivaenlinea.gov.co"
expediente.positivaenlinea.gov.co,"Could not resolve host: expediente.positivaenlinea.gov.co"
export.vuce.gov.co,"403"
extranet.mindefensa.gov.co,"Could not resolve host: extranet.mindefensa.gov.co"
exwebs.fna.gov.co,"Failed to connect to exwebs.fna.gov.co port 443 after 851 ms: Could not connect to server"
facturacion.fonprecon.gov.co,"Could not resolve host: facturacion.fonprecon.gov.co"
failover.supernotariado.gov.co,"Could not resolve host: failover.supernotariado.gov.co"
fappa.saludcapital.gov.co,"Connection timed out after 3002 milliseconds"
federation365.mintransporte.gov.co,"Could not resolve host: federation365.mintransporte.gov.co"
feriadelasfloresmedellin.gov.co,"301"
feriadetulua.gov.co,"Could not resolve host: feriadetulua.gov.co"
fidup.fomag.gov.co,"Could not resolve host: fidup.fomag.gov.co"
filedataroom.anh.gov.co,"Could not resolve host: filedataroom.anh.gov.co"
findeter.gov.co,"403"
fna.gov.co,"302"
fng.gov.co,"308"
fogafin.gov.co,"Could not resolve host: fogafin.gov.co"
fonade.gov.co,"Could not resolve host: fonade.gov.co"
fondecun.gov.co,"200"
fondodesolidaridadpensional.gov.co,"Could not resolve host: fondodesolidaridadpensional.gov.co"
fonprecon.gov.co,"301"
fonvihuila.gov.co,"302"
fonvisocial.gov.co,"302"
formacion.secop.gov.co,"403"
forpo.gov.co,"200"
fosyga.gov.co,"Resolving timed out after 3000 milliseconds"
fpmail.dafp.gov.co,"Could not resolve host: fpmail.dafp.gov.co"
fs.contraloria.gov.co,"Could not resolve host: fs.contraloria.gov.co"
fs.transmilenio.gov.co,"Could not resolve host: fs.transmilenio.gov.co"
ftp.ica.gov.co,"Could not resolve host: ftp.ica.gov.co"
ftp.metropol.gov.co,"Connection timed out after 3002 milliseconds"
ftps.colpensiones.gov.co,"Could not resolve host: ftps.colpensiones.gov.co"
funcionpublica.gov.co,"Could not resolve host: funcionpublica.gov.co"
gdocumental.copnia.gov.co,"SSL certificate problem: certificate has expired"
gelt-transaccional.gov.co,"Could not resolve host: gelt-transaccional.gov.co"
geografico.metropol.gov.co,"Connection timed out after 3001 milliseconds"
geoportal.anh.gov.co,"Could not resolve host: geoportal.anh.gov.co"
geoportal.dane.gov.co,"Connection timed out after 3002 milliseconds"
geovisor.anh.gov.co,"Failed to connect to geovisor.anh.gov.co port 443 after 190 ms: Could not connect to server"
geovisordataroom.anh.gov.co,"Could not resolve host: geovisordataroom.anh.gov.co"
gescont.positiva.gov.co,"Could not resolve host: gescont.positiva.gov.co"
gesdoc.positivaenlinea.gov.co,"Could not resolve host: gesdoc.positivaenlinea.gov.co"
gestion.sigep.gov.co,"Connection timed out after 3002 milliseconds"
gestionacademica.bogota.gov.co,"Connection timed out after 3001 milliseconds"
gestioncobranzaics.bancoagrario.gov.co,"Could not resolve host: gestioncobranzaics.bancoagrario.gov.co"
gestiondocumental.cnsc.gov.co,"Could not resolve host: gestiondocumental.cnsc.gov.co"
gestiondocumental.cra.gov.co,"SSL certificate problem: unable to get local issuer certificate"
gestiondocumental.dafp.gov.co,"Could not resolve host: gestiondocumental.dafp.gov.co"
gestiondocumental.mincit.gov.co,"302"
gevir.cundinamarca.gov.co,"403"
gie.icfesinteractivo.gov.co,"Could not resolve host: gie.icfesinteractivo.gov.co"
gisponal.policia.gov.co,"Could not resolve host: gisponal.policia.gov.co"
gobiernobogota.gov.co,"Connection timed out after 3002 milliseconds"
gobiernoenlinea.gov.co,"Could not resolve host: gobiernoenlinea.gov.co"
gobiernolocal.gov.co,"Could not resolve host: gobiernolocal.gov.co"
gsed.gov.co,"TLS connect error: error:0A000458:SSL routines::tlsv1 unrecognized name"
gtagwinternet.banrep.gov.co,"302"
gtss.ssf.gov.co,"Connection timed out after 3002 milliseconds"
gwdas.das.gov.co,"Could not resolve host: gwdas.das.gov.co"
hdreg-pmsg01.registraduria.gov.co,"Could not resolve host: hdreg-pmsg01.registraduria.gov.co"
hdreg-pmsg02.registraduria.gov.co,"Could not resolve host: hdreg-pmsg02.registraduria.gov.co"
hibrido.anh.gov.co,"Could not resolve host: hibrido.anh.gov.co"
hipocrates.hosdenar.gov.co,"Connection timed out after 3002 milliseconds"
hla.colpensionestransaccional.gov.co,"Could not resolve host: hla.colpensionestransaccional.gov.co"
hla.issenlinea.gov.co,"Resolving timed out after 3000 milliseconds"
hmail.herasmomeoz.gov.co,"Could not resolve host: hmail.herasmomeoz.gov.co"
hospipacho.gov.co,"302"
hospisantarosadecabal.gov.co,"200"
hospitaldepartamentalfelipesuarez.gov.co,"Could not resolve host: hospitaldepartamentalfelipesuarez.gov.co"
hospitaldesanjose.gov.co,"Could not resolve host: hospitaldesanjose.gov.co"
hospitaleqc.gov.co,"301"
hospitallasmercedesdecorozalsucre.gov.co,"Could not resolve host: hospitallasmercedesdecorozalsucre.gov.co"
hospitalmarmato.gov.co,"Could not resolve host: hospitalmarmato.gov.co"
hospitalmontelibano.gov.co,"Could not resolve host: hospitalmontelibano.gov.co"
hospitalmurillo.gov.co,"Could not resolve host: hospitalmurillo.gov.co"
hospitalsanfrancisco.gov.co,"Could not resolve host: hospitalsanfrancisco.gov.co"
hospitalsanlucas.gov.co,"301"
hospitalsanroque.gov.co,"301"
hospitalsantacruzurumita.gov.co,"301"
hospitalsince.gov.co,"Could not resolve host: hospitalsince.gov.co"
hospitalsogamoso.gov.co,"301"
hospitaluiscarlosgalansarmiento.gov.co,"Could not resolve host: hospitaluiscarlosgalansarmiento.gov.co"
hospitalvillahermosa.gov.co,"Could not resolve host: hospitalvillahermosa.gov.co"
hsanrafael.gov.co,"200"
hsrrc.gov.co,"Could not resolve host: hsrrc.gov.co"
hsvparanzazu.gov.co,"Could not resolve host: hsvparanzazu.gov.co"
hsvpsancarlos.gov.co,"Operation timed out after 3000 milliseconds with 0 bytes received"
hydras3.ideam.gov.co,"Could not resolve host: hydras3.ideam.gov.co"
ica.gov.co,"Could not resolve host: ica.gov.co"
icbf.gov.co,"301"
ics.bancoagrario.gov.co,"302"
ideas.soytic.gov.co,"Could not resolve host: ideas.soytic.gov.co"
idp.anh.gov.co,"Could not resolve host: idp.anh.gov.co"
idp.autenticacion.gobiernoenlinea.gov.co,"Connection timed out after 3002 milliseconds"
ids.gov.co,"200"
idu.gov.co,"Connection timed out after 3002 milliseconds"
iedpabloherrera.gov.co,"Could not resolve host: iedpabloherrera.gov.co"
ifinorte.gov.co,"Could not resolve host: ifinorte.gov.co"
igac.gov.co,"Could not resolve host: igac.gov.co"
ilpostimo.dnp.gov.co,"Could not resolve host: ilpostimo.dnp.gov.co"
ilpostino.dnp.gov.co,"Could not resolve host: ilpostino.dnp.gov.co"
im.policia.gov.co,"555"
im.registraduria.gov.co,"Could not resolve host: im.registraduria.gov.co"
imap.mij.gov.co,"Connection timed out after 3001 milliseconds"
imap.positiva.gov.co,"Could not resolve host: imap.positiva.gov.co"
imap.ramajudicial.gov.co,"Could not resolve host: imap.ramajudicial.gov.co"
imap.supernotariado.gov.co,"Could not resolve host: imap.supernotariado.gov.co"
imdercan.gov.co,"302"
imdercandelaria.gov.co,"Could not resolve host: imdercandelaria.gov.co"
imdertulua.gov.co,"Could not resolve host: imdertulua.gov.co"
imer.gov.co,"307"
impuestos.servicios.valledelcauca.gov.co,"Could not resolve host: impuestos.servicios.valledelcauca.gov.co"
impuvehiculo.cundinamarca.gov.co,"Could not resolve host: impuvehiculo.cundinamarca.gov.co"
imtraccorozal.gov.co,"302"
inci.gov.co,"SSL: no alternative certificate subject name matches target hostname 'inci.gov.co'"
infantil.minambiente.gov.co,"200"
infider.gov.co,"302"
infoembajadas.cancilleria.gov.co,"Could not resolve host: infoembajadas.cancilleria.gov.co"
infomre.cancilleria.gov.co,"Could not resolve host: infomre.cancilleria.gov.co"
inga.banrep.gov.co,"Connection timed out after 3002 milliseconds"
ins.gov.co,"Connection timed out after 3002 milliseconds"
insor.gov.co,"302"
institucional.ideam.gov.co,"Could not resolve host: institucional.ideam.gov.co"
intrafun.gov.co,"Could not resolve host: intrafun.gov.co"
intranet.accionsocial.gov.co,"Could not resolve host: intranet.accionsocial.gov.co"
intranet.acuavalle.gov.co,"Could not resolve host: intranet.acuavalle.gov.co"
intranet.aerocivil.gov.co,"Could not resolve host: intranet.aerocivil.gov.co"
intranet.car.gov.co,"Could not resolve host: intranet.car.gov.co"
intranet.dps.gov.co,"Could not resolve host: intranet.dps.gov.co"
intranet.gobiernobogota.gov.co,"Could not resolve host: intranet.gobiernobogota.gov.co"
intranet.ideam.gov.co,"Could not resolve host: intranet.ideam.gov.co"
intranet.metropol.gov.co,"SSL certificate problem: unable to get local issuer certificate"
intranet.minambiente.gov.co,"500"
intranet.mineducacion.gov.co,"Could not resolve host: intranet.mineducacion.gov.co"
intranet.unidadvictimas.gov.co,"200"
intranetcajica.gov.co,"Could not resolve host: intranetcajica.gov.co"
intranetmen.mineducacion.gov.co,"Connection timed out after 3001 milliseconds"
invima.gov.co,"301"
iron.dipol.gov.co,"Connection timed out after 3002 milliseconds"
irondiase.policia.gov.co,"Could not resolve host: irondiase.policia.gov.co"
ironkey.mindefensa.gov.co,"Could not resolve host: ironkey.mindefensa.gov.co"
issenlinea.gov.co,"Could not resolve host: issenlinea.gov.co"
isva.quindio.gov.co,"200"
itagui.gov.co,"Connection timed out after 3002 milliseconds"
izanami.unp.gov.co,"Resolving timed out after 3000 milliseconds"
jcc.gov.co,"Could not resolve host: jcc.gov.co"
jovenesrurales.minagricultura.gov.co,"Could not resolve host: jovenesrurales.minagricultura.gov.co"
juegosfuncionpublica.gov.co,"Could not resolve host: juegosfuncionpublica.gov.co"
juegosnacionales.gov.co,"403"
justiciamilitar.gov.co,"Could not resolve host: justiciamilitar.gov.co"
kripton.minsalud.gov.co,"Could not resolve host: kripton.minsalud.gov.co"
kuwait.dni.gov.co,"Could not resolve host: kuwait.dni.gov.co"
lasceibas.gov.co,"200"
legacy.dian.gov.co,"Could not resolve host: legacy.dian.gov.co"
legacy.dnp.gov.co,"Could not resolve host: legacy.dnp.gov.co"
legacy.fna.gov.co,"Could not resolve host: legacy.fna.gov.co"
legacy.icetex.gov.co,"Could not resolve host: legacy.icetex.gov.co"
legacy.medellin.gov.co,"Could not resolve host: legacy.medellin.gov.co"
legacy.mincultura.gov.co,"Could not resolve host: legacy.mincultura.gov.co"
legacy.policia.gov.co,"Connection timed out after 3002 milliseconds"
legacy.shd.gov.co,"Connection timed out after 3000 milliseconds"
ligiic-cajica.gov.co,"Resolving timed out after 3000 milliseconds"
live.medellin.gov.co,"Connection timed out after 3002 milliseconds"
login.aerocivil.gov.co,"Could not resolve host: login.aerocivil.gov.co"
login.minhacienda.gov.co,"Could not resolve host: login.minhacienda.gov.co"
login.rtvc.gov.co,"Could not resolve host: login.rtvc.gov.co"
login.superfinanciera.gov.co,"Connection timed out after 3002 milliseconds"
logmqa.policia.gov.co,"555"
lotus.antioquia.gov.co,"Could not resolve host: lotus.antioquia.gov.co"
lotus.gobant.gov.co,"Could not resolve host: lotus.gobant.gov.co"
lsrp.anspe.gov.co,"Could not resolve host: lsrp.anspe.gov.co"
lync.consolidacion.gov.co,"Could not resolve host: lync.consolidacion.gov.co"
lync.envigado.gov.co,"Could not resolve host: lync.envigado.gov.co"
lync.fna.gov.co,"Could not resolve host: lync.fna.gov.co"
lync.invima.gov.co,"Could not resolve host: lync.invima.gov.co"
lync.unidadvictimas.gov.co,"Could not resolve host: lync.unidadvictimas.gov.co"
lyncdiscover.aerocivil.gov.co,"Could not resolve host: lyncdiscover.aerocivil.gov.co"
lyncdiscover.ani.gov.co,"Could not resolve host: lyncdiscover.ani.gov.co"
lyncdiscover.anm.gov.co,"Could not resolve host: lyncdiscover.anm.gov.co"
lyncdiscover.anspe.gov.co,"Could not resolve host: lyncdiscover.anspe.gov.co"
lyncdiscover.bancoagrario.gov.co,"Could not resolve host: lyncdiscover.bancoagrario.gov.co"
lyncdiscover.cancilleria.gov.co,"Could not resolve host: lyncdiscover.cancilleria.gov.co"
lyncdiscover.car.gov.co,"Could not resolve host: lyncdiscover.car.gov.co"
lyncdiscover.cga.gov.co,"Could not resolve host: lyncdiscover.cga.gov.co"
lyncdiscover.colombiacompra.gov.co,"Could not resolve host: lyncdiscover.colombiacompra.gov.co"
lyncdiscover.consolidacion.gov.co,"Could not resolve host: lyncdiscover.consolidacion.gov.co"
lyncdiscover.cundinamarca.gov.co,"Could not resolve host: lyncdiscover.cundinamarca.gov.co"
lyncdiscover.defensajuridica.gov.co,"Could not resolve host: lyncdiscover.defensajuridica.gov.co"
lyncdiscover.dps.gov.co,"Could not resolve host: lyncdiscover.dps.gov.co"
lyncdiscover.envigado.gov.co,"Could not resolve host: lyncdiscover.envigado.gov.co"
lyncdiscover.findeter.gov.co,"Could not resolve host: lyncdiscover.findeter.gov.co"
lyncdiscover.fiscalia.gov.co,"Failed to connect to lyncdiscover.fiscalia.gov.co port 443 after 1833 ms: Could not connect to server"
lyncdiscover.fna.gov.co,"Could not resolve host: lyncdiscover.fna.gov.co"
lyncdiscover.forpo.gov.co,"Could not resolve host: lyncdiscover.forpo.gov.co"
lyncdiscover.icbf.gov.co,"Could not resolve host: lyncdiscover.icbf.gov.co"
lyncdiscover.invias.gov.co,"Could not resolve host: lyncdiscover.invias.gov.co"
lyncdiscover.invima.gov.co,"Connection timed out after 3002 milliseconds"
lyncdiscover.medellin.gov.co,"Could not resolve host: lyncdiscover.medellin.gov.co"
lyncdiscover.metropol.gov.co,"Could not resolve host: lyncdiscover.metropol.gov.co"
lyncdiscover.migracioncolombia.gov.co,"Could not resolve host: lyncdiscover.migracioncolombia.gov.co"
lyncdiscover.minagricultura.gov.co,"Could not resolve host: lyncdiscover.minagricultura.gov.co"
lyncdiscover.mincomercio.gov.co,"Could not resolve host: lyncdiscover.mincomercio.gov.co"
lyncdiscover.mindefensa.gov.co,"Connection timed out after 3001 milliseconds"
lyncdiscover.mintic.gov.co,"Could not resolve host: lyncdiscover.mintic.gov.co"
lyncdiscover.policia.gov.co,"Could not resolve host: lyncdiscover.policia.gov.co"
lyncdiscover.presidencia.gov.co,"Resolving timed out after 3000 milliseconds"
lyncdiscover.previsora.gov.co,"Could not resolve host: lyncdiscover.previsora.gov.co"
lyncdiscover.registraduria.gov.co,"Could not resolve host: lyncdiscover.registraduria.gov.co"
lyncdiscover.senado.gov.co,"Could not resolve host: lyncdiscover.senado.gov.co"
lyncdiscover.supersociedades.gov.co,"Could not resolve host: lyncdiscover.supersociedades.gov.co"
lyncdiscover.uiaf.gov.co,"Could not resolve host: lyncdiscover.uiaf.gov.co"
lyncdiscover.unidadvictimas.gov.co,"Could not resolve host: lyncdiscover.unidadvictimas.gov.co"
lyncdiscover.unp.gov.co,"Resolving timed out after 3000 milliseconds"
lyncdiscover.videoc.icbf.gov.co,"Could not resolve host: lyncdiscover.videoc.icbf.gov.co"
lyncdiscoverinternal.registraduria.gov.co,"Could not resolve host: lyncdiscoverinternal.registraduria.gov.co"
lyncdiscoverinternal.supersociedades.gov.co,"Could not resolve host: lyncdiscoverinternal.supersociedades.gov.co"
lyncportal.unidadvictimas.gov.co,"Could not resolve host: lyncportal.unidadvictimas.gov.co"
lyncpr.ani.gov.co,"Could not resolve host: lyncpr.ani.gov.co"
lyncwac.policia.gov.co,"Connection timed out after 3002 milliseconds"
lyncweb.anm.gov.co,"Could not resolve host: lyncweb.anm.gov.co"
lyncweb.cga.gov.co,"Could not resolve host: lyncweb.cga.gov.co"
lyncweb.defensajuridica.gov.co,"Connection timed out after 3002 milliseconds"
lyncweb.fiscalia.gov.co,"Failed to connect to lyncweb.fiscalia.gov.co port 443 after 338 ms: Could not connect to server"
lyncweb.invias.gov.co,"Could not resolve host: lyncweb.invias.gov.co"
lyncweb.invima.gov.co,"Connection timed out after 3002 milliseconds"
lyncweb.migracioncolombia.gov.co,"Could not resolve host: lyncweb.migracioncolombia.gov.co"
lyncweb.mineducacion.gov.co,"Connection timed out after 3002 milliseconds"
lyncweb.policia.gov.co,"Connection timed out after 3001 milliseconds"
lyncweb.supersociedades.gov.co,"Could not resolve host: lyncweb.supersociedades.gov.co"
lyncwebext.previsora.gov.co,"Could not resolve host: lyncwebext.previsora.gov.co"
m.civica.metrodemedellin.gov.co,"Could not resolve host: m.civica.metrodemedellin.gov.co"
m.corantioquia.gov.co,"Could not resolve host: m.corantioquia.gov.co"
m.superfinanciera.gov.co,"Could not resolve host: m.superfinanciera.gov.co"
magangue.gov.co,"SSL certificate problem: self-signed certificate"
mail.acuavalle.gov.co,"Could not resolve host: mail.acuavalle.gov.co"
mail.anh.gov.co,"Connection timed out after 3001 milliseconds"
mail.auditoria.gov.co,"Could not resolve host: mail.auditoria.gov.co"
mail.caprovimpo.gov.co,"Could not resolve host: mail.caprovimpo.gov.co"
mail.cnsc.gov.co,"Connection timed out after 3002 milliseconds"
mail.colciencias.gov.co,"SSL certificate problem: certificate has expired"
mail.colombiacompra.gov.co,"Could not resolve host: mail.colombiacompra.gov.co"
mail.cra.gov.co,"Could not resolve host: mail.cra.gov.co"
mail.cundinamarca.gov.co,"SSL certificate problem: unable to get local issuer certificate"
mail.dadep.gov.co,"Could not resolve host: mail.dadep.gov.co"
mail.dane.gov.co,"Could not resolve host: mail.dane.gov.co"
mail.das.gov.co,"Could not resolve host: mail.das.gov.co"
mail.dian.gov.co,"Could not resolve host: mail.dian.gov.co"
mail.dni.gov.co,"403"
mail.dnp.gov.co,"Could not resolve host: mail.dnp.gov.co"
mail.findeter.gov.co,"Connection timed out after 3002 milliseconds"
mail.fogafin.gov.co,"Could not resolve host: mail.fogafin.gov.co"
mail.fonade.gov.co,"Could not resolve host: mail.fonade.gov.co"
mail.fonprecon.gov.co,"Could not resolve host: mail.fonprecon.gov.co"
mail.hgm.gov.co,"SSL: no alternative certificate subject name matches target hostname 'mail.hgm.gov.co'"
mail.hosdenar.gov.co,"200"
mail.ica.gov.co,"Could not resolve host: mail.ica.gov.co"
mail.icbf.gov.co,"302"
mail.ideam.gov.co,"Could not resolve host: mail.ideam.gov.co"
mail.ins.gov.co,"302"
mail.insor.gov.co,"Could not resolve host: mail.insor.gov.co"
mail.invima.gov.co,"Connection timed out after 3002 milliseconds"
mail.laestrella.gov.co,"Could not resolve host: mail.laestrella.gov.co"
mail.metropol.gov.co,"Could not resolve host: mail.metropol.gov.co"
mail.mincit.gov.co,"Connection timed out after 3002 milliseconds"
mail.mincomercio.gov.co,"Could not resolve host: mail.mincomercio.gov.co"
mail.mineducacion.gov.co,"Connection timed out after 3001 milliseconds"
mail.previsora.gov.co,"Could not resolve host: mail.previsora.gov.co"
mail.ramajudicial.gov.co,"Could not resolve host: mail.ramajudicial.gov.co"
mail.sedtolima.gov.co,"Could not resolve host: mail.sedtolima.gov.co"
mail.senado.gov.co,"Could not resolve host: mail.senado.gov.co"
mail.superfinanciera.gov.co,"Could not resolve host: mail.superfinanciera.gov.co"
mail.supersociedades.gov.co,"Could not resolve host: mail.supersociedades.gov.co"
mail.unidadvictimas.gov.co,"Could not resolve host: mail.unidadvictimas.gov.co"
mail.upme.gov.co,"Could not resolve host: mail.upme.gov.co"
mail1.igac.gov.co,"Connection timed out after 3002 milliseconds"
mail2010.superfinanciera.gov.co,"Could not resolve host: mail2010.superfinanciera.gov.co"
mailbogagr01.auditoria.gov.co,"Could not resolve host: mailbogagr01.auditoria.gov.co"
mailbogagr02.auditoria.gov.co,"Could not resolve host: mailbogagr02.auditoria.gov.co"
maildrp.anh.gov.co,"Could not resolve host: maildrp.anh.gov.co"
mailsuper.supersociedades.gov.co,"Could not resolve host: mailsuper.supersociedades.gov.co"
maku.banrep.gov.co,"Connection timed out after 3002 milliseconds"
manifiesto.mintransporte.gov.co,"Could not resolve host: manifiesto.mintransporte.gov.co"
manizalesmarketplace.gov.co,"Could not resolve host: manizalesmarketplace.gov.co"
mapajtransicional.gov.co,"Connection timed out after 3001 milliseconds"
mapariesgo.metropol.gov.co,"Connection timed out after 3002 milliseconds"
masciudadania.gov.co,"Could not resolve host: masciudadania.gov.co"
mascotascajica.gov.co,"Could not resolve host: mascotascajica.gov.co"
masfamilias.dps.gov.co,"Could not resolve host: masfamilias.dps.gov.co"
medellin.gov.co,"Connection timed out after 3001 milliseconds"
meet.aerocivil.gov.co,"Could not resolve host: meet.aerocivil.gov.co"
meet.ani.gov.co,"Could not resolve host: meet.ani.gov.co"
meet.anm.gov.co,"Could not resolve host: meet.anm.gov.co"
meet.anspe.gov.co,"Could not resolve host: meet.anspe.gov.co"
meet.bancoagrario.gov.co,"Could not resolve host: meet.bancoagrario.gov.co"
meet.cancilleria.gov.co,"Could not resolve host: meet.cancilleria.gov.co"
meet.car.gov.co,"Could not resolve host: meet.car.gov.co"
meet.cga.gov.co,"Could not resolve host: meet.cga.gov.co"
meet.colombiacompra.gov.co,"Could not resolve host: meet.colombiacompra.gov.co"
meet.cundinamarca.gov.co,"Could not resolve host: meet.cundinamarca.gov.co"
meet.defensajuridica.gov.co,"Connection timed out after 3002 milliseconds"
meet.dps.gov.co,"Could not resolve host: meet.dps.gov.co"
meet.envigado.gov.co,"Could not resolve host: meet.envigado.gov.co"
meet.findeter.gov.co,"Connection timed out after 3000 milliseconds"
meet.fiscalia.gov.co,"Failed to connect to meet.fiscalia.gov.co port 443 after 1840 ms: Could not connect to server"
meet.forpo.gov.co,"Could not resolve host: meet.forpo.gov.co"
meet.icbf.gov.co,"Could not resolve host: meet.icbf.gov.co"
meet.invias.gov.co,"Could not resolve host: meet.invias.gov.co"
meet.invima.gov.co,"Connection timed out after 3002 milliseconds"
meet.medellin.gov.co,"Could not resolve host: meet.medellin.gov.co"
meet.metropol.gov.co,"Could not resolve host: meet.metropol.gov.co"
meet.migracioncolombia.gov.co,"Could not resolve host: meet.migracioncolombia.gov.co"
meet.minagricultura.gov.co,"Could not resolve host: meet.minagricultura.gov.co"
meet.mincomercio.gov.co,"Could not resolve host: meet.mincomercio.gov.co"
meet.mindefensa.gov.co,"Connection timed out after 3001 milliseconds"
meet.mineducacion.gov.co,"Connection timed out after 3001 milliseconds"
meet.mintic.gov.co,"Could not resolve host: meet.mintic.gov.co"
meet.presidencia.gov.co,"Could not resolve host: meet.presidencia.gov.co"
meet.previsora.gov.co,"Could not resolve host: meet.previsora.gov.co"
meet.ramajudicial.gov.co,"Connection timed out after 3001 milliseconds"
meet.scm.gov.co,"Could not resolve host: meet.scm.gov.co"
meet.senado.gov.co,"Could not resolve host: meet.senado.gov.co"
meet.supersociedades.gov.co,"Could not resolve host: meet.supersociedades.gov.co"
meet.uiaf.gov.co,"Could not resolve host: meet.uiaf.gov.co"
meet.unp.gov.co,"Resolving timed out after 3001 milliseconds"
meet.videoc.icbf.gov.co,"Could not resolve host: meet.videoc.icbf.gov.co"
menocs02.mineducacion.gov.co,"Could not resolve host: menocs02.mineducacion.gov.co"
menocs3.mineducacion.gov.co,"Could not resolve host: menocs3.mineducacion.gov.co"
menocs4.mineducacion.gov.co,"Could not resolve host: menocs4.mineducacion.gov.co"
mentalfilandia.gov.co,"Could not resolve host: mentalfilandia.gov.co"
meta.gov.co,"500"
metrocali.gov.co,"200"
metroparques.gov.co,"200"
metroplus.gov.co,"301"
mg-local.servicios.valledelcauca.gov.co,"Could not resolve host: mg-local.servicios.valledelcauca.gov.co"
mhuccwmssa01.minhacienda.gov.co,"Could not resolve host: mhuccwmssa01.minhacienda.gov.co"
mhuccwmssa02.minhacienda.gov.co,"Could not resolve host: mhuccwmssa02.minhacienda.gov.co"
mhucwbxsa00.minhacienda.gov.co,"Connection timed out after 3002 milliseconds"
mhucwbxsa01.minhacienda.gov.co,"Could not resolve host: mhucwbxsa01.minhacienda.gov.co"
mhucwbxsa02.minhacienda.gov.co,"Could not resolve host: mhucwbxsa02.minhacienda.gov.co"
mi.colpensiones.gov.co,"Could not resolve host: mi.colpensiones.gov.co"
migep.anh.gov.co,"Could not resolve host: migep.anh.gov.co"
migracioncolombia.gov.co,"302"
miguelangel.minagricultura.gov.co,"Could not resolve host: miguelangel.minagricultura.gov.co"
minagricultura.gov.co,"Could not resolve host: minagricultura.gov.co"
minambiente.gov.co,"Could not resolve host: minambiente.gov.co"
mincit.gov.co,"301"
mincomercio.gov.co,"Could not resolve host: mincomercio.gov.co"
mindefensa.gov.co,"Could not resolve host: mindefensa.gov.co"
minimport.vuce.gov.co,"200"
minminas.gov.co,"Connection timed out after 3002 milliseconds"
minproteccionsocial.gov.co,"Could not resolve host: minproteccionsocial.gov.co"
minps38.minproteccionsocial.gov.co,"Could not resolve host: minps38.minproteccionsocial.gov.co"
minps39.minproteccionsocial.gov.co,"Could not resolve host: minps39.minproteccionsocial.gov.co"
mintic.gov.co,"200"
mintransporte.gov.co,"200"
miseguridadsocial.gov.co,"Connection timed out after 3002 milliseconds"
mision.gov.co,"500"
misionespermanentes.gov.co,"Could not resolve host: misionespermanentes.gov.co"
misitio.minhacienda.gov.co,"Connection timed out after 3002 milliseconds"
mobile.invima.gov.co,"200"
modelointegrado.dafp.gov.co,"Could not resolve host: modelointegrado.dafp.gov.co"
montic-gestion.mineducacion.gov.co,"500"
montic-pruebas.mineducacion.gov.co,"500"
montic-red.mineducacion.gov.co,"Connection timed out after 3002 milliseconds"
moodle.restituciondetierras.gov.co,"Could not resolve host: moodle.restituciondetierras.gov.co"
movil.colpensiones.gov.co,"Could not resolve host: movil.colpensiones.gov.co"
movil.superfinanciera.gov.co,"Could not resolve host: movil.superfinanciera.gov.co"
mscancil64.cancilleria.gov.co,"Could not resolve host: mscancil64.cancilleria.gov.co"
mscancil65.cancilleria.gov.co,"Could not resolve host: mscancil65.cancilleria.gov.co"
msg.registraduria.gov.co,"Could not resolve host: msg.registraduria.gov.co"
muisca.dian.gov.co,"200"
museonacional.gov.co,"301"
nacionalesmaryplaya.gov.co,"403"
nd.ruaf.gov.co,"Connection timed out after 3002 milliseconds"
ninos.setpneiva.gov.co,"200"
nlbcluster.das.gov.co,"Could not resolve host: nlbcluster.das.gov.co"
normativa.colpensiones.gov.co,"Could not resolve host: normativa.colpensiones.gov.co"
nova.saludcapital.gov.co,"Could not resolve host: nova.saludcapital.gov.co"
novedades.positivaenlinea.gov.co,"Could not resolve host: novedades.positivaenlinea.gov.co"
nube-mcit.gov.co,"SSL: no alternative certificate subject name matches target hostname 'nube-mcit.gov.co'"
nukak.banrep.gov.co,"Could not resolve host: nukak.banrep.gov.co"
oab.ambientebogota.gov.co,"Could not resolve host: oab.ambientebogota.gov.co"
oam.catastrobogota.gov.co,"Could not resolve host: oam.catastrobogota.gov.co"
ocp01sa.minhacienda.gov.co,"Could not resolve host: ocp01sa.minhacienda.gov.co"
ocs.bancoagrario.gov.co,"Could not resolve host: ocs.bancoagrario.gov.co"
ocs.icbf.gov.co,"Connection timed out after 3001 milliseconds"
ocs.mindefensa.gov.co,"Connection timed out after 3001 milliseconds"
office.metropol.gov.co,"404"
officeweb.colombiacompra.gov.co,"Could not resolve host: officeweb.colombiacompra.gov.co"
oma.das.gov.co,"Could not resolve host: oma.das.gov.co"
opp.gov.co,"Operation timed out after 3000 milliseconds with 0 bytes received"
orfeo.anspe.gov.co,"Could not resolve host: orfeo.anspe.gov.co"
orfeo.cnsc.gov.co,"Could not resolve host: orfeo.cnsc.gov.co"
orfeo.defensajuridica.gov.co,"Connection timed out after 3002 milliseconds"
orfeo.dnp.gov.co,"Connection timed out after 3002 milliseconds"
orfeo.ideam.gov.co,"Could not resolve host: orfeo.ideam.gov.co"
orfeo.minagricultura.gov.co,"Could not resolve host: orfeo.minagricultura.gov.co"
orfeo.minsalud.gov.co,"302"
orfeovd.gov.co,"Could not resolve host: orfeovd.gov.co"
orreo.cga.gov.co,"Could not resolve host: orreo.cga.gov.co"
osticket.codechoco.gov.co,"Could not resolve host: osticket.codechoco.gov.co"
outlook.anm.gov.co,"Could not resolve host: outlook.anm.gov.co"
outlook.mineducacion.gov.co,"SSL certificate problem: certificate has expired"
owa.anh.gov.co,"Could not resolve host: owa.anh.gov.co"
owa.contraloriabogota.gov.co,"Connection timed out after 3000 milliseconds"
owa.dnp.gov.co,"Could not resolve host: owa.dnp.gov.co"
owa.findeter.gov.co,"Could not resolve host: owa.findeter.gov.co"
owa.ica.gov.co,"Could not resolve host: owa.ica.gov.co"
owa.mincit.gov.co,"Could not resolve host: owa.mincit.gov.co"
owa.supersociedades.gov.co,"Could not resolve host: owa.supersociedades.gov.co"
owapp.cundinamarca.gov.co,"Could not resolve host: owapp.cundinamarca.gov.co"
pactoagrario.minagricultura.gov.co,"Could not resolve host: pactoagrario.minagricultura.gov.co"
pagos.cpnaa.gov.co,"Could not resolve host: pagos.cpnaa.gov.co"
pagos.idea.gov.co,"Could not resolve host: pagos.idea.gov.co"
pagosegurodedepositos.gov.co,"SSL certificate problem: certificate has expired"
pagosenlinea.cali.gov.co,"Connection timed out after 3001 milliseconds"
paiweb.gov.co,"Connection timed out after 3002 milliseconds"
palmira.gov.co,"200"
paranacionales.gov.co,"403"
parquenorte.gov.co,"Could not resolve host: parquenorte.gov.co"
parquesnacionales.gov.co,"301"
pasaportes.cancilleria.gov.co,"Could not resolve host: pasaportes.cancilleria.gov.co"
pawcex.colpensionestransaccional.gov.co,"200"
pawcex.issenlinea.gov.co,"Resolving timed out after 3001 milliseconds"
pawemp.colpensionestransaccional.gov.co,"Could not resolve host: pawemp.colpensionestransaccional.gov.co"
pawemp.issenlinea.gov.co,"Could not resolve host: pawemp.issenlinea.gov.co"
personeriabucaramanga.gov.co,"200"
personeriabuenaventura.gov.co,"200"
personeriaitagui.gov.co,"Could not resolve host: personeriaitagui.gov.co"
personeriapereira.gov.co,"SSL certificate problem: unable to get local issuer certificate"
personeriaturbana.gov.co,"Could not resolve host: personeriaturbana.gov.co"
pgncasbog01.procuraduria.gov.co,"Could not resolve host: pgncasbog01.procuraduria.gov.co"
pgncasbog02.procuraduria.gov.co,"Could not resolve host: pgncasbog02.procuraduria.gov.co"
pilotomovilidad.bancoagrario.gov.co,"Could not resolve host: pilotomovilidad.bancoagrario.gov.co"
pit.shd.gov.co,"200"
planeacion.cali.gov.co,"301"
pmt2.registraduria.gov.co,"Could not resolve host: pmt2.registraduria.gov.co"
pmu.colpensionestransaccional.gov.co,"Could not resolve host: pmu.colpensionestransaccional.gov.co"
pmu.positivaenlinea.gov.co,"Could not resolve host: pmu.positivaenlinea.gov.co"
pool.metropol.gov.co,"Connection timed out after 3001 milliseconds"
pool.senado.gov.co,"Could not resolve host: pool.senado.gov.co"
pooldir.ramajudicial.gov.co,"Could not resolve host: pooldir.ramajudicial.gov.co"
poolfe.ramajudicial.gov.co,"Connection timed out after 3002 milliseconds"
pop.mij.gov.co,"Could not resolve host: pop.mij.gov.co"
pop.positiva.gov.co,"Could not resolve host: pop.positiva.gov.co"
pop.ramajudicial.gov.co,"Could not resolve host: pop.ramajudicial.gov.co"
pop.supernotariado.gov.co,"Could not resolve host: pop.supernotariado.gov.co"
portal.codechoco.gov.co,"Could not resolve host: portal.codechoco.gov.co"
portal.fonade.gov.co,"Could not resolve host: portal.fonade.gov.co"
portal.ica.gov.co,"Could not resolve host: portal.ica.gov.co"
portal.siifnacion.gov.co,"Could not resolve host: portal.siifnacion.gov.co"
portal.vuce.gov.co,"Could not resolve host: portal.vuce.gov.co"
portal2.siifnacion.gov.co,"Connection timed out after 3002 milliseconds"
portal3.siifnacion.gov.co,"Connection timed out after 3002 milliseconds"
portal4.siifnacion.gov.co,"Connection timed out after 3002 milliseconds"
portalempleado.archivogeneral.gov.co,"Could not resolve host: portalempleado.archivogeneral.gov.co"
portalinf.policia.gov.co,"Connection timed out after 3000 milliseconds"
portalsds.saludcapital.gov.co,"Could not resolve host: portalsds.saludcapital.gov.co"
portaltransaccional.csc.gov.co,"Could not resolve host: portaltransaccional.csc.gov.co"
poseidon.invima.gov.co,"Could not resolve host: poseidon.invima.gov.co"
positivacuida.positiva.gov.co,"403"
positivacuida.positivaenlinea.gov.co,"Could not resolve host: positivacuida.positivaenlinea.gov.co"
positivaeduca.positiva.gov.co,"Could not resolve host: positivaeduca.positiva.gov.co"
pqr.minambiente.gov.co,"Could not resolve host: pqr.minambiente.gov.co"
prbportal.bancoagrario.gov.co,"Resolving timed out after 3000 milliseconds"
pre.contratos.gov.co,"Could not resolve host: pre.contratos.gov.co"
pre.tramitador.gov.co,"Could not resolve host: pre.tramitador.gov.co"
preaprobado.fna.gov.co,"Could not resolve host: preaprobado.fna.gov.co"
preproduccion.contratos.gov.co,"302"
preproduccion.secop.gov.co,"302"
presidencia.gov.co,"302"
pro.contratos.gov.co,"Could not resolve host: pro.contratos.gov.co"
procesojudicial.ramajudicial.gov.co,"200"
procuraduria.gov.co,"Could not resolve host: procuraduria.gov.co"
produccion.contratos.gov.co,"Could not resolve host: produccion.contratos.gov.co"
prometeo.cisa.gov.co,"Connection timed out after 3002 milliseconds"
prorigen.vuce.gov.co,"301"
proyectosproductivos.restituciondetierras.gov.co,"Could not resolve host: proyectosproductivos.restituciondetierras.gov.co"
prueba.hospisantarosadecabal.gov.co,"Could not resolve host: prueba.hospisantarosadecabal.gov.co"
prueba.sicom.gov.co,"Could not resolve host: prueba.sicom.gov.co"
prueband.ruaf.gov.co,"Could not resolve host: prueband.ruaf.gov.co"
pruebas.aguasdelhuila.gov.co,"Could not resolve host: pruebas.aguasdelhuila.gov.co"
pruebasimpo.vuce.gov.co,"Could not resolve host: pruebasimpo.vuce.gov.co"
pruebasprod.miseguridadsocial.gov.co,"Could not resolve host: pruebasprod.miseguridadsocial.gov.co"
pruebastcbc.shd.gov.co,"Could not resolve host: pruebastcbc.shd.gov.co"
psi.icbf.gov.co,"Connection timed out after 3001 milliseconds"
pst.dian.gov.co,"Could not resolve host: pst.dian.gov.co"
publicaciones.minambiente.gov.co,"Could not resolve host: publicaciones.minambiente.gov.co"
publico.insor.gov.co,"Could not resolve host: publico.insor.gov.co"
pwa.colpensionestransaccional.gov.co,"Could not resolve host: pwa.colpensionestransaccional.gov.co"
pwa.issenlinea.gov.co,"Resolving timed out after 3000 milliseconds"
quibdo-choco.gov.co,"302"
quimbaya.banrep.gov.co,"200"
ra.superfinanciera.gov.co,"Connection timed out after 3002 milliseconds"
radicador.anm.gov.co,"Connection timed out after 3000 milliseconds"
radicador.ingeominas.gov.co,"Could not resolve host: radicador.ingeominas.gov.co"
radionica.gov.co,"Could not resolve host: radionica.gov.co"
ramajudicial.gov.co,"Could not resolve host: ramajudicial.gov.co"
rdtc.ins.gov.co,"Could not resolve host: rdtc.ins.gov.co"
reactivoenlinea.invima.gov.co,"Connection timed out after 3002 milliseconds"
recaudo.colpensionestransaccional.gov.co,"Could not resolve host: recaudo.colpensionestransaccional.gov.co"
recaudo.issenlinea.gov.co,"Resolving timed out after 3000 milliseconds"
recaudo.positivaenlinea.gov.co,"Could not resolve host: recaudo.positivaenlinea.gov.co"
recaudos.servicios.valledelcauca.gov.co,"Could not resolve host: recaudos.servicios.valledelcauca.gov.co"
reg.discapacidad.sispro.gov.co,"Connection timed out after 3001 milliseconds"
regadmin.accionsocial.gov.co,"Could not resolve host: regadmin.accionsocial.gov.co"
registraduria.gov.co,"301"
registrosacidos.invima.gov.co,"200"
registrotierras.restituciondetierras.gov.co,"Could not resolve host: registrotierras.restituciondetierras.gov.co"
reintegracion.gov.co,"Could not resolve host: reintegracion.gov.co"
remoto.catastrobogota.gov.co,"Could not resolve host: remoto.catastrobogota.gov.co"
rendicion.contraloria.gov.co,"TLS connect error: error:0A000126:SSL routines::unexpected eof while reading"
rendicion.contraloriagen.gov.co,"Could not resolve host: rendicion.contraloriagen.gov.co"
reportes.uiaf.gov.co,"301"
resoluciones.intrafun.gov.co,"Could not resolve host: resoluciones.intrafun.gov.co"
reverse.medellin.gov.co,"Connection timed out after 3002 milliseconds"
risaralda.gov.co,"403"
rnec-app-01.registraduria.gov.co,"Could not resolve host: rnec-app-01.registraduria.gov.co"
rnec-app-04.registraduria.gov.co,"Could not resolve host: rnec-app-04.registraduria.gov.co"
rnec-app-05.registraduria.gov.co,"Could not resolve host: rnec-app-05.registraduria.gov.co"
rni.unidadvictimas.gov.co,"Could not resolve host: rni.unidadvictimas.gov.co"
rua.gov.co,"Could not resolve host: rua.gov.co"
ruafsvr2.sispro.gov.co,"Could not resolve host: ruafsvr2.sispro.gov.co"
ruafsvr3.sispro.gov.co,"Could not resolve host: ruafsvr3.sispro.gov.co"
runeol.minhacienda.gov.co,"Could not resolve host: runeol.minhacienda.gov.co"
runeolprueba.minhacienda.gov.co,"Could not resolve host: runeolprueba.minhacienda.gov.co"
ruv.unidadvictimas.gov.co,"200"
sa.policia.gov.co,"403"
saaani.ani.gov.co,"Could not resolve host: saaani.ani.gov.co"
sae.car.gov.co,"SSL certificate problem: unable to get local issuer certificate"
salavirtual.minhacienda.gov.co,"Could not resolve host: salavirtual.minhacienda.gov.co"
saludcapital.gov.co,"301"
saludcasanare.gov.co,"Could not resolve host: saludcasanare.gov.co"
saludito.risaralda.gov.co,"Connection timed out after 3002 milliseconds"
saludvillavicencio.gov.co,"Operation timed out after 3001 milliseconds with 0 bytes received"
samanadigital.gov.co,"Could not resolve host: samanadigital.gov.co"
sanandres.gov.co,"301"
saturno.minsalud.gov.co,"Connection timed out after 3002 milliseconds"
scorbog01.car.gov.co,"Could not resolve host: scorbog01.car.gov.co"
sds1.saludcapital.gov.co,"Connection timed out after 3002 milliseconds"
securefile.medellin.gov.co,"Could not resolve host: securefile.medellin.gov.co"
security.invima.gov.co,"Operation timed out after 3000 milliseconds with 0 bytes received"
sedcauca.gov.co,"Connection timed out after 3002 milliseconds"
sedeelectronica.archivogeneral.gov.co,"Could not resolve host: sedeelectronica.archivogeneral.gov.co"
sedeelectronica.minhacienda.gov.co,"302"
sedeelectronica.ugpp.gov.co,"301"
selar.dnp.gov.co,"Could not resolve host: selar.dnp.gov.co"
sem-fusagasuga.gov.co,"Could not resolve host: sem-fusagasuga.gov.co"
sembello.gov.co,"301"
semvillavicencio.gov.co,"SSL: no alternative certificate subject name matches target hostname 'semvillavicencio.gov.co'"
senado.gov.co,"OpenSSL SSL_read: OpenSSL/3.5.3: error:0A000126:SSL routines::unexpected eof while reading, errno 0"
senalclasica.gov.co,"Could not resolve host: senalclasica.gov.co"
senalnoticias.gov.co,"Could not resolve host: senalnoticias.gov.co"
senalradiopublica.gov.co,"Could not resolve host: senalradiopublica.gov.co"
senalrockcolombia.gov.co,"Could not resolve host: senalrockcolombia.gov.co"
ser.mintic.gov.co,"302"
serocs.cartagena.gov.co,"Could not resolve host: serocs.cartagena.gov.co"
serveriissar.valledelcauca.gov.co,"200"
servicedesk.invima.gov.co,"Connection timed out after 3002 milliseconds"
services.ekogui.gov.co,"Connection timed out after 3001 milliseconds"
servicioalciudadano.gov.co,"Could not resolve host: servicioalciudadano.gov.co"
serviciogeologicocolombiano.gov.co,"Could not resolve host: serviciogeologicocolombiano.gov.co"
servicios.fopep.gov.co,"SSL: no alternative certificate subject name matches target hostname 'servicios.fopep.gov.co'"
servicios.inm.gov.co,"Could not resolve host: servicios.inm.gov.co"
servicios.metropol.gov.co,"Connection timed out after 3001 milliseconds"
servicios.mincit.gov.co,"200"
servicios.shd.gov.co,"200"
servicios.valledelcauca.gov.co,"Could not resolve host: servicios.valledelcauca.gov.co"
servicios.vuce.gov.co,"Failed to connect to servicios.vuce.gov.co port 443 after 253 ms: Could not connect to server"
serviciospub.sic.gov.co,"200"
serviciosti.colpensiones.gov.co,"Could not resolve host: serviciosti.colpensiones.gov.co"
serviciosweb.shd.gov.co,"200"
serviciosweb.sic.gov.co,"200"
servicioswl.shd.gov.co,"Could not resolve host: servicioswl.shd.gov.co"
servidorpublico.sigep.gov.co,"Connection timed out after 3002 milliseconds"
setpneiva.gov.co,"301"
sexch1.ani.gov.co,"Could not resolve host: sexch1.ani.gov.co"
sexch2.ani.gov.co,"Could not resolve host: sexch2.ani.gov.co"
sgc.sem-fusagasuga.gov.co,"Could not resolve host: sgc.sem-fusagasuga.gov.co"
sgi-apc.gov.co,"Could not resolve host: sgi-apc.gov.co"
sgr.gov.co,"Could not resolve host: sgr.gov.co"
shd.gov.co,"Could not resolve host: shd.gov.co"
siac.gov.co,"Could not resolve host: siac.gov.co"
sice.sice-cgr.gov.co,"Connection timed out after 3002 milliseconds"
sicom.gov.co,"Connection timed out after 3001 milliseconds"
sidcar.car.gov.co,"SSL certificate problem: unable to get local issuer certificate"
sifa.accionsocial.gov.co,"Could not resolve host: sifa.accionsocial.gov.co"
sifa.dps.gov.co,"Could not resolve host: sifa.dps.gov.co"
sigecopqr.anh.gov.co,"Could not resolve host: sigecopqr.anh.gov.co"
sigme.minminas.gov.co,"Could not resolve host: sigme.minminas.gov.co"
siijtdp.gov.co,"Could not resolve host: siijtdp.gov.co"
siijtmj.gov.co,"Could not resolve host: siijtmj.gov.co"
siijyp.gov.co,"Could not resolve host: siijyp.gov.co"
siinforma.dssa.gov.co,"Could not resolve host: siinforma.dssa.gov.co"
siinformacap.dssa.gov.co,"Connection timed out after 3002 milliseconds"
siis.vuce.gov.co,"Operation timed out after 3000 milliseconds with 0 bytes received"
siiv.gov.co,"Connection timed out after 3002 milliseconds"
sijurapp.justiciamilitar.gov.co,"Could not resolve host: sijurapp.justiciamilitar.gov.co"
sim.icbf.gov.co,"403"
simuladortarifas.invima.gov.co,"Could not resolve host: simuladortarifas.invima.gov.co"
sinco.policia.gov.co,"Operation timed out after 3001 milliseconds with 0 bytes received"
sinergia.dnp.gov.co,"Connection timed out after 3002 milliseconds"
sinigan.ica.gov.co,"302"
sinigan.sinigan.gov.co,"Could not resolve host: sinigan.sinigan.gov.co"
sinmre.cancilleria.gov.co,"302"
sioc.gov.co,"Could not resolve host: sioc.gov.co"
sip.accionsocial.gov.co,"Could not resolve host: sip.accionsocial.gov.co"
sip.aerocivil.gov.co,"Could not resolve host: sip.aerocivil.gov.co"
sip.anh.gov.co,"Could not resolve host: sip.anh.gov.co"
sip.ani.gov.co,"Could not resolve host: sip.ani.gov.co"
sip.anm.gov.co,"Could not resolve host: sip.anm.gov.co"
sip.anspe.gov.co,"Could not resolve host: sip.anspe.gov.co"
sip.bancoagrario.gov.co,"Could not resolve host: sip.bancoagrario.gov.co"
sip.cancilleria.gov.co,"Could not resolve host: sip.cancilleria.gov.co"
sip.car.gov.co,"Could not resolve host: sip.car.gov.co"
sip.cga.gov.co,"Could not resolve host: sip.cga.gov.co"
sip.colombiacompra.gov.co,"Could not resolve host: sip.colombiacompra.gov.co"
sip.consolidacion.gov.co,"Could not resolve host: sip.consolidacion.gov.co"
sip.cundinamarca.gov.co,"Could not resolve host: sip.cundinamarca.gov.co"
sip.defensajuridica.gov.co,"Could not resolve host: sip.defensajuridica.gov.co"
sip.dps.gov.co,"Could not resolve host: sip.dps.gov.co"
sip.envigado.gov.co,"Could not resolve host: sip.envigado.gov.co"
sip.findeter.gov.co,"Could not resolve host: sip.findeter.gov.co"
sip.fiscalia.gov.co,"Connection timed out after 3002 milliseconds"
sip.fna.gov.co,"Could not resolve host: sip.fna.gov.co"
sip.fonade.gov.co,"Could not resolve host: sip.fonade.gov.co"
sip.forpo.gov.co,"Could not resolve host: sip.forpo.gov.co"
sip.icbf.gov.co,"Could not resolve host: sip.icbf.gov.co"
sip.invias.gov.co,"Could not resolve host: sip.invias.gov.co"
sip.invima.gov.co,"Connection timed out after 3002 milliseconds"
sip.justiciamilitar.gov.co,"Could not resolve host: sip.justiciamilitar.gov.co"
sip.medellin.gov.co,"Connection timed out after 3002 milliseconds"
sip.metropol.gov.co,"Could not resolve host: sip.metropol.gov.co"
sip.migracioncolombia.gov.co,"Could not resolve host: sip.migracioncolombia.gov.co"
sip.minagricultura.gov.co,"Could not resolve host: sip.minagricultura.gov.co"
sip.mincomercio.gov.co,"Could not resolve host: sip.mincomercio.gov.co"
sip.mindefensa.gov.co,"Could not resolve host: sip.mindefensa.gov.co"
sip.mineducacion.gov.co,"500"
sip.mintic.gov.co,"Could not resolve host: sip.mintic.gov.co"
sip.nube.car.gov.co,"Could not resolve host: sip.nube.car.gov.co"
sip.policia.gov.co,"Could not resolve host: sip.policia.gov.co"
sip.presidencia.gov.co,"Could not resolve host: sip.presidencia.gov.co"
sip.ramajudicial.gov.co,"Could not resolve host: sip.ramajudicial.gov.co"
sip.registraduria.gov.co,"Could not resolve host: sip.registraduria.gov.co"
sip.scm.gov.co,"Could not resolve host: sip.scm.gov.co"
sip.senado.gov.co,"Could not resolve host: sip.senado.gov.co"
sip.supersociedades.gov.co,"Could not resolve host: sip.supersociedades.gov.co"
sip.uiaf.gov.co,"Connection timed out after 3002 milliseconds"
sip.unidadvictimas.gov.co,"Could not resolve host: sip.unidadvictimas.gov.co"
sip.unp.gov.co,"Resolving timed out after 3000 milliseconds"
sip.videoc.icbf.gov.co,"Could not resolve host: sip.videoc.icbf.gov.co"
sipg.gov.co,"Could not resolve host: sipg.gov.co"
sipod.accionsocial.gov.co,"Could not resolve host: sipod.accionsocial.gov.co"
sir.anh.gov.co,"Could not resolve host: sir.anh.gov.co"
siri.procuraduria.gov.co,"Connection timed out after 3002 milliseconds"
sirna.ramajudicial.gov.co,"SSL certificate problem: unable to get local issuer certificate"
sirvoamipais.gov.co,"Could not resolve host: sirvoamipais.gov.co"
sirvoamipais.sigep.gov.co,"Could not resolve host: sirvoamipais.sigep.gov.co"
sisben.gov.co,"404"
sislab.dssa.gov.co,"403"
sispro.gov.co,"Connection timed out after 3002 milliseconds"
sitam.metropol.gov.co,"Failed to connect to sitam.metropol.gov.co port 443 after 348 ms: Could not connect to server"
siunidos.anspe.gov.co,"Could not resolve host: siunidos.anspe.gov.co"
sivico.restituciondetierras.gov.co,"Could not resolve host: sivico.restituciondetierras.gov.co"
sivirtual.gov.co,"Could not resolve host: sivirtual.gov.co"
skypeweb.colombiacompra.gov.co,"Could not resolve host: skypeweb.colombiacompra.gov.co"
smtp.corantioquia.gov.co,"Could not resolve host: smtp.corantioquia.gov.co"
smtp.museonacional.gov.co,"Could not resolve host: smtp.museonacional.gov.co"
smtp.ramajudicial.gov.co,"Could not resolve host: smtp.ramajudicial.gov.co"
smtp.supernotariado.gov.co,"Could not resolve host: smtp.supernotariado.gov.co"
soytic.gov.co,"Could not resolve host: soytic.gov.co"
spi.dnp.gov.co,"Could not resolve host: spi.dnp.gov.co"
srvagspru.sgc.gov.co,"200"
srvalarmas.policia.gov.co,"Could not resolve host: srvalarmas.policia.gov.co"
srvappex.policia.gov.co,"Connection timed out after 3001 milliseconds"
srvcas1.policia.gov.co,"Could not resolve host: srvcas1.policia.gov.co"
srvcas2.policia.gov.co,"Could not resolve host: srvcas2.policia.gov.co"
srvexchangec.mincomercio.gov.co,"Could not resolve host: srvexchangec.mincomercio.gov.co"
srvgel.policia.gov.co,"TLS connect error: error:0A000410:SSL routines::ssl/tls alert handshake failure"
srvhubcas1.policia.gov.co,"Could not resolve host: srvhubcas1.policia.gov.co"
srvhubcas2.policia.gov.co,"Could not resolve host: srvhubcas2.policia.gov.co"
srvmail.upme.gov.co,"Could not resolve host: srvmail.upme.gov.co"
srvpolis.policia.gov.co,"Connection timed out after 3002 milliseconds"
srvpqrs.policia.gov.co,"Could not resolve host: srvpqrs.policia.gov.co"
srvreservas.policia.gov.co,"TLS connect error: error:0A000458:SSL routines::tlsv1 unrecognized name"
srvsicoq.policia.gov.co,"Could not resolve host: srvsicoq.policia.gov.co"
ssednexchcw8k1.icbf.gov.co,"Could not resolve host: ssednexchcw8k1.icbf.gov.co"
ssednexchcw8k2.icbf.gov.co,"Could not resolve host: ssednexchcw8k2.icbf.gov.co"
ssednexchcw8k3.icbf.gov.co,"Could not resolve host: ssednexchcw8k3.icbf.gov.co"
ssednexchcw8k4.icbf.gov.co,"Could not resolve host: ssednexchcw8k4.icbf.gov.co"
sso.fonade.gov.co,"Could not resolve host: sso.fonade.gov.co"
status.cpqcol.gov.co,"Could not resolve host: status.cpqcol.gov.co"
stone.restituciondetierras.gov.co,"Could not resolve host: stone.restituciondetierras.gov.co"
sts.icbf.gov.co,"200"
sts.transmilenio.gov.co,"Could not resolve host: sts.transmilenio.gov.co"
sub.colpensionestransaccional.gov.co,"200"
sub.issenlinea.gov.co,"Resolving timed out after 3000 milliseconds"
subastas-formacion.secop.gov.co,"403"
subastas-preproduccion.secop.gov.co,"302"
subastas.secop.gov.co,"Could not resolve host: subastas.secop.gov.co"
suifp.dnp.gov.co,"302"
suime.anh.gov.co,"Could not resolve host: suime.anh.gov.co"
suit.gov.co,"Could not resolve host: suit.gov.co"
superate.gov.co,"Connection timed out after 3000 milliseconds"
superfinanciera.gov.co,"SSL: no alternative certificate subject name matches target hostname 'superfinanciera.gov.co'"
supernotariado.gov.co,"SSL certificate problem: unable to get local issuer certificate"
supersociedades.gov.co,"TLS connect error: error:0A000126:SSL routines::unexpected eof while reading"
superwas.supersociedades.gov.co,"302"
svexch03.ani.gov.co,"Could not resolve host: svexch03.ani.gov.co"
systema39.dane.gov.co,"Connection timed out after 3001 milliseconds"
tasa.supersalud.gov.co,"Could not resolve host: tasa.supersalud.gov.co"
tayrona.banrep.gov.co,"Could not resolve host: tayrona.banrep.gov.co"
tcbc.shd.gov.co,"Could not resolve host: tcbc.shd.gov.co"
teatrocolon.gov.co,"Could not resolve host: teatrocolon.gov.co"
tecnovigilancia.invima.gov.co,"Connection timed out after 3001 milliseconds"
telecafe.gov.co,"200"
telepresencia.mincit.gov.co,"Could not resolve host: telepresencia.mincit.gov.co"
terminaldevalledupar.gov.co,"Could not resolve host: terminaldevalledupar.gov.co"
terminalvillavicencio.gov.co,"Could not resolve host: terminalvillavicencio.gov.co"
tityus.ins.gov.co,"Connection timed out after 3002 milliseconds"
tms-fi.minminas.gov.co,"Could not resolve host: tms-fi.minminas.gov.co"
tramitador.vuce.gov.co,"Could not resolve host: tramitador.vuce.gov.co"
tramites.anm.gov.co,"SSL certificate problem: unable to get local issuer certificate"
tramites.cancilleria.gov.co,"403"
tramites.invima.gov.co,"Connection timed out after 3002 milliseconds"
tramites.minsalud.gov.co,"Connection timed out after 3002 milliseconds"
tramitesccu.cra.gov.co,"Could not resolve host: tramitesccu.cra.gov.co"
tramitesmre.cancilleria.gov.co,"302"
transfer.colpensiones.gov.co,"TLS connect error: error:0A000126:SSL routines::unexpected eof while reading"
transitoitagui.gov.co,"Operation timed out after 3001 milliseconds with 0 bytes received"
transitometa.gov.co,"SSL certificate problem: certificate has expired"
transmilenio.gov.co,"301"
transparencia.invima.gov.co,"Could not resolve host: transparencia.invima.gov.co"
tulua-valle.gov.co,"Could not resolve host: tulua-valle.gov.co"
tulua.gov.co,"200"
tunebo.banrep.gov.co,"Could not resolve host: tunebo.banrep.gov.co"
turismometa.gov.co,"Could not resolve host: turismometa.gov.co"
uag.ramajudicial.gov.co,"200"
ugpp.gov.co,"Could not resolve host: ugpp.gov.co"
uiaf.gov.co,"Could not resolve host: uiaf.gov.co"
ulises.dps.gov.co,"Could not resolve host: ulises.dps.gov.co"
ulises.minambiente.gov.co,"Could not resolve host: ulises.minambiente.gov.co"
um.registraduria.gov.co,"Could not resolve host: um.registraduria.gov.co"
unidadvictimas.gov.co,"301"
unp.gov.co,"Resolving timed out after 3001 milliseconds"
urnadecristal.gov.co,"200"
usiese.gov.co,"200"
vademecun.invima.gov.co,"Could not resolve host: vademecun.invima.gov.co"
vallecaucanadeaguas.gov.co,"200"
valledelcauca.gov.co,"200"
veeduriadistrital.gov.co,"SSL certificate problem: unable to get local issuer certificate"
vehiculos.gobernaciondecaldas.gov.co,"Could not resolve host: vehiculos.gobernaciondecaldas.gov.co"
ventanillaunicavirtualquindio.gov.co,"Operation timed out after 3002 milliseconds with 0 bytes received"
verificacion.cancilleria.gov.co,"302"
victimas.accionsocial.gov.co,"Could not resolve host: victimas.accionsocial.gov.co"
victimas.dps.gov.co,"Could not resolve host: victimas.dps.gov.co"
videoconferencia.anm.gov.co,"Could not resolve host: videoconferencia.anm.gov.co"
videoconferencias.anh.gov.co,"Connection timed out after 3002 milliseconds"
villavicencio.gov.co,"200"
virtual.findeter.gov.co,"403"
virtual.idea.gov.co,"Could not resolve host: virtual.idea.gov.co"
virtual.infivalle.gov.co,"Could not resolve host: virtual.infivalle.gov.co"
viva.gov.co,"200"
vivedigital.gov.co,"Could not resolve host: vivedigital.gov.co"
vpn.cisa.gov.co,"SSL certificate problem: self-signed certificate in certificate chain"
vpn.invias.gov.co,"Connection timed out after 3002 milliseconds"
vpn.medellin.gov.co,"404"
vpnssl.policia.gov.co,"Could not resolve host: vpnssl.policia.gov.co"
vpnsslsiif.minhacienda.gov.co,"Could not resolve host: vpnsslsiif.minhacienda.gov.co"
vuf.minagricultura.gov.co,"SSL certificate problem: unable to get local issuer certificate"
vumen.mineducacion.gov.co,"Could not resolve host: vumen.mineducacion.gov.co"
wac.ani.gov.co,"Could not resolve host: wac.ani.gov.co"
wac.anm.gov.co,"Connection timed out after 3001 milliseconds"
wac.anspe.gov.co,"Could not resolve host: wac.anspe.gov.co"
wac.consolidacion.gov.co,"Could not resolve host: wac.consolidacion.gov.co"
wac.migracioncolombia.gov.co,"Connection timed out after 3001 milliseconds"
wac.mintic.gov.co,"Connection timed out after 3002 milliseconds"
wac.previsora.gov.co,"Could not resolve host: wac.previsora.gov.co"
wac.uiaf.gov.co,"Could not resolve host: wac.uiaf.gov.co"
wac01.icbf.gov.co,"Connection timed out after 3002 milliseconds"
wap.aerocivil.gov.co,"Could not resolve host: wap.aerocivil.gov.co"
wc.aerocivil.gov.co,"Could not resolve host: wc.aerocivil.gov.co"
wc.mineducacion.gov.co,"SSL: no alternative certificate subject name matches target hostname 'wc.mineducacion.gov.co'"
wc.registraduria.gov.co,"500"
web.consolidacion.gov.co,"Could not resolve host: web.consolidacion.gov.co"
web.sispro.gov.co,"Connection timed out after 3002 milliseconds"
web.sivicos.gov.co,"Connection timed out after 3001 milliseconds"
webapps.invima.gov.co,"Connection timed out after 3002 milliseconds"
webc.cundinamarca.gov.co,"Could not resolve host: webc.cundinamarca.gov.co"
webcon.fna.gov.co,"Could not resolve host: webcon.fna.gov.co"
webcon.mindefensa.gov.co,"Could not resolve host: webcon.mindefensa.gov.co"
webconf.accionsocial.gov.co,"Could not resolve host: webconf.accionsocial.gov.co"
webconf.aerocivil.gov.co,"Could not resolve host: webconf.aerocivil.gov.co"
webconf.anm.gov.co,"SSL certificate problem: unable to get local issuer certificate"
webconf.anspe.gov.co,"Could not resolve host: webconf.anspe.gov.co"
webconf.bancoagrario.gov.co,"Could not resolve host: webconf.bancoagrario.gov.co"
webconf.cancilleria.gov.co,"Connection timed out after 3002 milliseconds"
webconf.car.gov.co,"Could not resolve host: webconf.car.gov.co"
webconf.cga.gov.co,"Could not resolve host: webconf.cga.gov.co"
webconf.colombiacompra.gov.co,"Could not resolve host: webconf.colombiacompra.gov.co"
webconf.cundinamarca.gov.co,"Could not resolve host: webconf.cundinamarca.gov.co"
webconf.findeter.gov.co,"Could not resolve host: webconf.findeter.gov.co"
webconf.fiscalia.gov.co,"Connection timed out after 3002 milliseconds"
webconf.fna.gov.co,"Connection timed out after 3001 milliseconds"
webconf.fonade.gov.co,"Could not resolve host: webconf.fonade.gov.co"
webconf.icbf.gov.co,"Could not resolve host: webconf.icbf.gov.co"
webconf.invias.gov.co,"Could not resolve host: webconf.invias.gov.co"
webconf.invima.gov.co,"Could not resolve host: webconf.invima.gov.co"
webconf.justiciamilitar.gov.co,"Could not resolve host: webconf.justiciamilitar.gov.co"
webconf.metropol.gov.co,"Could not resolve host: webconf.metropol.gov.co"
webconf.migracioncolombia.gov.co,"Could not resolve host: webconf.migracioncolombia.gov.co"
webconf.minagricultura.gov.co,"Could not resolve host: webconf.minagricultura.gov.co"
webconf.mincomercio.gov.co,"Could not resolve host: webconf.mincomercio.gov.co"
webconf.mintic.gov.co,"Could not resolve host: webconf.mintic.gov.co"
webconf.nube.car.gov.co,"Could not resolve host: webconf.nube.car.gov.co"
webconf.policia.gov.co,"Could not resolve host: webconf.policia.gov.co"
webconf.senado.gov.co,"Could not resolve host: webconf.senado.gov.co"
webconf.supersociedades.gov.co,"Could not resolve host: webconf.supersociedades.gov.co"
webconf.uiaf.gov.co,"Could not resolve host: webconf.uiaf.gov.co"
webconf.unp.gov.co,"Resolving timed out after 3000 milliseconds"
webcun.sic.gov.co,"200"
webescolar.policia.gov.co,"Could not resolve host: webescolar.policia.gov.co"
webidu.idu.gov.co,"Connection timed out after 3001 milliseconds"
weblync.car.gov.co,"Could not resolve host: weblync.car.gov.co"
weblync.consolidacion.gov.co,"Could not resolve host: weblync.consolidacion.gov.co"
weblync.cundinamarca.gov.co,"Could not resolve host: weblync.cundinamarca.gov.co"
weblync.mintic.gov.co,"Could not resolve host: weblync.mintic.gov.co"
weblync.policia.gov.co,"Connection timed out after 3000 milliseconds"
weblync.uiaf.gov.co,"Could not resolve host: weblync.uiaf.gov.co"
webmail.catastrobogota.gov.co,"Could not resolve host: webmail.catastrobogota.gov.co"
webmail.homo.gov.co,"Could not resolve host: webmail.homo.gov.co"
webmail.inpec.gov.co,"Could not resolve host: webmail.inpec.gov.co"
webmail.mij.gov.co,"Connection timed out after 3002 milliseconds"
webmail.notificacionesrj.gov.co,"Could not resolve host: webmail.notificacionesrj.gov.co"
webmail.positiva.gov.co,"Could not resolve host: webmail.positiva.gov.co"
webmail.ramajudicial.gov.co,"Could not resolve host: webmail.ramajudicial.gov.co"
webmail.shd.gov.co,"Could not resolve host: webmail.shd.gov.co"
webmail.supernotariado.gov.co,"Connection timed out after 3002 milliseconds"
webmail.transaccionalrj.gov.co,"Connection timed out after 3001 milliseconds"
webmail.unidadvictimas.gov.co,"Could not resolve host: webmail.unidadvictimas.gov.co"
webmail.zipaquira.gov.co,"SSL: no alternative certificate subject name matches target hostname 'webmail.zipaquira.gov.co'"
webocs.aerocivil.gov.co,"Could not resolve host: webocs.aerocivil.gov.co"
webocs.cga.gov.co,"Could not resolve host: webocs.cga.gov.co"
webocs.dps.gov.co,"Could not resolve host: webocs.dps.gov.co"
webocs.policia.gov.co,"Connection timed out after 3002 milliseconds"
webp.cundinamarca.gov.co,"Could not resolve host: webp.cundinamarca.gov.co"
webrp.policia.gov.co,"Failed to connect to webrp.policia.gov.co port 443 after 347 ms: Could not connect to server"
webservices.metropol.gov.co,"200"
webservices.ramajudicial.gov.co,"SSL certificate problem: certificate has expired"
wl.superfinanciera.gov.co,"Could not resolve host: wl.superfinanciera.gov.co"
wlogin.minhacienda.gov.co,"Could not resolve host: wlogin.minhacienda.gov.co"
wrm.positiva.gov.co,"Could not resolve host: wrm.positiva.gov.co"
ws.findeter.gov.co,"Connection timed out after 3002 milliseconds"
ws.presidencia.gov.co,"Could not resolve host: ws.presidencia.gov.co"
wsd.scm.gov.co,"Could not resolve host: wsd.scm.gov.co"
wsebra.banrep.gov.co,"Connection timed out after 3002 milliseconds"
wsfe.scm.gov.co,"Could not resolve host: wsfe.scm.gov.co"
ww1.superfinanciera.gov.co,"Could not resolve host: ww1.superfinanciera.gov.co"
www.acacias-meta.gov.co,"Could not resolve host: www.acacias-meta.gov.co"
www.academiavirtual.samanadigital.gov.co,"Could not resolve host: www.academiavirtual.samanadigital.gov.co"
www.access.fna.gov.co,"Could not resolve host: www.access.fna.gov.co"
www.acuavalle.gov.co,"403"
www.adfs.antv.gov.co,"Could not resolve host: www.adfs.antv.gov.co"
www.aerocivil.gov.co,"200"
www.aeroparquejuanpablo.gov.co,"301"
www.afiliacionrs.dssa.gov.co,"Could not resolve host: www.afiliacionrs.dssa.gov.co"
www.agencialogistica.gov.co,"Connection timed out after 3002 milliseconds"
www.agronet.gov.co,"301"
www.agustincodazzi-cesar.gov.co,"302"
www.alfm-remoto.agencialogistica.gov.co,"Could not resolve host: www.alfm-remoto.agencialogistica.gov.co"
www.ambientebogota.gov.co,"SSL certificate problem: unable to get local issuer certificate"
www.anh.gov.co,"302"
www.anm.gov.co,"SSL certificate problem: unable to get local issuer certificate"
www.anspe.gov.co,"Could not resolve host: www.anspe.gov.co"
www.antioquia.gov.co,"403"
www.apccolombia.gov.co,"200"
www.aplicaciones-apc.gov.co,"SSL: no alternative certificate subject name matches target hostname 'www.aplicaciones-apc.gov.co'"
www.aplicaciones.corantioquia.gov.co,"Could not resolve host: www.aplicaciones.corantioquia.gov.co"
www.aportessgss.miseguridadsocial.gov.co,"Could not resolve host: www.aportessgss.miseguridadsocial.gov.co"
www.app.consejoprofesionaldebiologia.gov.co,"301"
www.app2.consejoprofesionaldebiologia.gov.co,"Could not resolve host: www.app2.consejoprofesionaldebiologia.gov.co"
www.arauca-arauca.gov.co,"302"
www.archivos.infitulua.gov.co,"Could not resolve host: www.archivos.infitulua.gov.co"
www.auth.ekogui.gov.co,"Could not resolve host: www.auth.ekogui.gov.co"
www.bancoagrario.gov.co,"200"
www.bancoldex.gov.co,"SSL: no alternative certificate subject name matches target hostname 'www.bancoldex.gov.co'"
www.barrancabermeja.gov.co,"200"
www.becerril-cesar.gov.co,"302"
www.beta.conciliacion.gov.co,"Could not resolve host: www.beta.conciliacion.gov.co"
www.bomberosmonteria.gov.co,"200"
www.bonospensionales.colpensiones.gov.co,"Could not resolve host: www.bonospensionales.colpensiones.gov.co"
www.bonospensionales.gov.co,"200"
www.bonospensionales.iss.gov.co,"Resolving timed out after 3001 milliseconds"
www.cajahonor.gov.co,"403"
www.cajica.gov.co,"Connection timed out after 3002 milliseconds"
www.calidad.codechoco.gov.co,"Could not resolve host: www.calidad.codechoco.gov.co"
www.cambioclimatico.gov.co,"Could not resolve host: www.cambioclimatico.gov.co"
www.camucanalete.gov.co,"Could not resolve host: www.camucanalete.gov.co"
www.cancilleria.gov.co,"200"
www.caprecom.gov.co,"Operation timed out after 3001 milliseconds with 0 bytes received"
www.caprovimpo.gov.co,"Could not resolve host: www.caprovimpo.gov.co"
www.car.gov.co,"Connection timed out after 3002 milliseconds"
www.casur.gov.co,"200"
www.catalogo.gobiernoenlinea.gov.co,"Connection timed out after 3001 milliseconds"
www.catastrobogota.gov.co,"200"
www.cce.gov.co,"Could not resolve host: www.cce.gov.co"
www.certificadosdeorigen.dian.gov.co,"Could not resolve host: www.certificadosdeorigen.dian.gov.co"
www.cisa.gov.co,"403"
www.claritasantosese.gov.co,"Could not resolve host: www.claritasantosese.gov.co"
www.cnsc.gov.co,"Could not resolve host: www.cnsc.gov.co"
www.codechoco.gov.co,"301"
www.codechocoprueb.codechoco.gov.co,"Could not resolve host: www.codechocoprueb.codechoco.gov.co"
www.colciencias.gov.co,"SSL: no alternative certificate subject name matches target hostname 'www.colciencias.gov.co'"
www.colombiestad.gov.co,"Could not resolve host: www.colombiestad.gov.co"
www.colpensiones.gov.co,"Could not resolve host: www.colpensiones.gov.co"
www.colpensionestransaccional.gov.co,"200"
www.comisionseptimasenado.gov.co,"Connection timed out after 3002 milliseconds"
www.comparendos.policia.gov.co,"Could not resolve host: www.comparendos.policia.gov.co"
www.concejodecartago.gov.co,"200"
www.concejodeibague.gov.co,"302"
www.concejomunicipaldesoledad.gov.co,"Could not resolve host: www.concejomunicipaldesoledad.gov.co"
www.concejopitalito.gov.co,"302"
www.conciliacion.gov.co,"Could not resolve host: www.conciliacion.gov.co"
www.consolidacion.gov.co,"Could not resolve host: www.consolidacion.gov.co"
www.contenido.mintic.gov.co,"Could not resolve host: www.contenido.mintic.gov.co"
www.contraloriadelmagdalena.gov.co,"Could not resolve host: www.contraloriadelmagdalena.gov.co"
www.contraloriagen.gov.co,"Connection timed out after 3002 milliseconds"
www.contraloriageneraldecaldas.gov.co,"302"
www.contratacionbogota.gov.co,"Connection timed out after 3002 milliseconds"
www.contratos.gov.co,"403"
www.copnia.gov.co,"200"
www.corpoagrocentro.gov.co,"SSL certificate problem: unable to get local issuer certificate"
www.corpochivor.gov.co,"Could not resolve host: www.corpochivor.gov.co"
www.correo.acr.gov.co,"Could not resolve host: www.correo.acr.gov.co"
www.correo.car.gov.co,"Could not resolve host: www.correo.car.gov.co"
www.correo.cartagena.gov.co,"Could not resolve host: www.correo.cartagena.gov.co"
www.correo.cga.gov.co,"Could not resolve host: www.correo.cga.gov.co"
www.correo.consolidacion.gov.co,"Could not resolve host: www.correo.consolidacion.gov.co"
www.correo.eseisabu.gov.co,"Resolving timed out after 3000 milliseconds"
www.correo.fna.gov.co,"Could not resolve host: www.correo.fna.gov.co"
www.correo.imer.gov.co,"Could not resolve host: www.correo.imer.gov.co"
www.correo.ins.gov.co,"Could not resolve host: www.correo.ins.gov.co"
www.correo.mincultura.gov.co,"Could not resolve host: www.correo.mincultura.gov.co"
www.correo.museonacional.gov.co,"Could not resolve host: www.correo.museonacional.gov.co"
www.correo.registraduria.gov.co,"Could not resolve host: www.correo.registraduria.gov.co"
www.correo.supertransporte.gov.co,"Could not resolve host: www.correo.supertransporte.gov.co"
www.cortolima.gov.co,"301"
www.cpnaa.gov.co,"Could not resolve host: www.cpnaa.gov.co"
www.crae.dssa.gov.co,"Could not resolve host: www.crae.dssa.gov.co"
www.crcom.gov.co,"301"
www.cuarentena.unidadvictimas.gov.co,"Could not resolve host: www.cuarentena.unidadvictimas.gov.co"
www.cursorapidoantirrobo.gov.co,"Could not resolve host: www.cursorapidoantirrobo.gov.co"
www.dama.gov.co,"Failed to connect to www.dama.gov.co port 443 after 30 ms: Could not connect to server"
www.dane.gov.co,"200"
www.das.gov.co,"Could not resolve host: www.das.gov.co"
www.defensajuridica.gov.co,"403"
www.denunciecorrupcion.gov.co,"Could not resolve host: www.denunciecorrupcion.gov.co"
www.dijinpandora.policia.gov.co,"Could not resolve host: www.dijinpandora.policia.gov.co"
www.dirinfra.mintransporte.gov.co,"Could not resolve host: www.dirinfra.mintransporte.gov.co"
www.dne.gov.co,"Could not resolve host: www.dne.gov.co"
www.do.gov.co,"Could not resolve host: www.do.gov.co"
www.documentacion.ideam.gov.co,"Could not resolve host: www.documentacion.ideam.gov.co"
www.donaciones.cancer.gov.co,"Connection timed out after 3002 milliseconds"
www.ekogui.gov.co,"Connection timed out after 3002 milliseconds"
www.elefantesblancos.gov.co,"Could not resolve host: www.elefantesblancos.gov.co"
www.email.alcaldiadecucuta.gov.co,"Resolving timed out after 3000 milliseconds"
www.emm.medellin.gov.co,"Could not resolve host: www.emm.medellin.gov.co"
www.emm.superfinanciera.gov.co,"Could not resolve host: www.emm.superfinanciera.gov.co"
www.empas.gov.co,"200"
www.empleopublico.gov.co,"Resolving timed out after 3000 milliseconds"
www.emuserhoboesp.gov.co,"302"
www.encuestas.medicinalegal.gov.co,"Could not resolve host: www.encuestas.medicinalegal.gov.co"
www.epabuenaventura.gov.co,"Operation timed out after 3000 milliseconds with 0 bytes received"
www.epagos.registraduria.gov.co,"Could not resolve host: www.epagos.registraduria.gov.co"
www.epq.gov.co,"Could not resolve host: www.epq.gov.co"
www.epyesp.gov.co,"Connection timed out after 3002 milliseconds"
www.esaquin.epq.gov.co,"Could not resolve host: www.esaquin.epq.gov.co"
www.esaquin.gov.co,"200"
www.escuelavirtual.medicinalegal.gov.co,"Could not resolve host: www.escuelavirtual.medicinalegal.gov.co"
www.esebellosalud.gov.co,"200"
www.esehnsg.gov.co,"Resolving timed out after 3001 milliseconds"
www.esehospitalandresgirardot.gov.co,"Could not resolve host: www.esehospitalandresgirardot.gov.co"
www.esehospitaldelospatios.gov.co,"Could not resolve host: www.esehospitaldelospatios.gov.co"
www.esehospitaldesoledad.gov.co,"Could not resolve host: www.esehospitaldesoledad.gov.co"
www.esehospitalsantateresadibulla.gov.co,"SSL certificate problem: unable to get local issuer certificate"
www.esenuevagranada.gov.co,"Could not resolve host: www.esenuevagranada.gov.co"
www.esesanfranciscosincelejo.gov.co,"200"
www.esesanjuanbosco.gov.co,"Resolving timed out after 3000 milliseconds"
www.esesanjuandediospc.gov.co,"SSL certificate problem: certificate has expired"
www.esesoacha.gov.co,"200"
www.espsabanalarga.gov.co,"Could not resolve host: www.espsabanalarga.gov.co"
www.esptoro.gov.co,"Could not resolve host: www.esptoro.gov.co"
www.eva.gov.co,"301"
www.feriadetulua.gov.co,"Could not resolve host: www.feriadetulua.gov.co"
www.fiduagraria.gov.co,"403"
www.fiducoldex.gov.co,"Could not resolve host: www.fiducoldex.gov.co"
www.finagro.gov.co,"Could not resolve host: www.finagro.gov.co"
www.fna.gov.co,"200"
www.fng.gov.co,"Could not resolve host: www.fng.gov.co"
www.fogafin.gov.co,"200"
www.fonade.gov.co,"Could not resolve host: www.fonade.gov.co"
www.fondodesolidaridadpensional.gov.co,"200"
www.fonvisocial.gov.co,"302"
www.formacion.secop.gov.co,"Could not resolve host: www.formacion.secop.gov.co"
www.funcionpublica.gov.co,"200"
www.garzon-huila.gov.co,"302"
www.gestion.sigep.gov.co,"Could not resolve host: www.gestion.sigep.gov.co"
www.gisponal.policia.gov.co,"Could not resolve host: www.gisponal.policia.gov.co"
www.gobiernobogota.gov.co,"Connection timed out after 3002 milliseconds"
www.gobiernoenlinea.gov.co,"Connection timed out after 3001 milliseconds"
www.habitatbogota.gov.co,"401"
www.hipocrates.hosdenar.gov.co,"Could not resolve host: www.hipocrates.hosdenar.gov.co"
www.hmail.herasmomeoz.gov.co,"Could not resolve host: www.hmail.herasmomeoz.gov.co"
www.hospipacho.gov.co,"302"
www.hospisantarosadecabal.gov.co,"200"
www.hospitaleqc.gov.co,"301"
www.hospitallasmercedesdecorozalsucre.gov.co,"Could not resolve host: www.hospitallasmercedesdecorozalsucre.gov.co"
www.hospitalmontelibano.gov.co,"Could not resolve host: www.hospitalmontelibano.gov.co"
www.hospitalmurillo.gov.co,"Could not resolve host: www.hospitalmurillo.gov.co"
www.hospitalsanfrancisco.gov.co,"Could not resolve host: www.hospitalsanfrancisco.gov.co"
www.hospitalsanlucas.gov.co,"301"
www.hospitalsanroque.gov.co,"301"
www.hospitalsantacruzurumita.gov.co,"301"
www.hospitalsince.gov.co,"SSL: no alternative certificate subject name matches target hostname 'www.hospitalsince.gov.co'"
www.hospitalsogamoso.gov.co,"200"
www.hospitaluiscarlosgalansarmiento.gov.co,"Could not resolve host: www.hospitaluiscarlosgalansarmiento.gov.co"
www.icbf.gov.co,"200"
www.icetex.gov.co,"302"
www.icfe.gov.co,"SSL certificate problem: unable to get local issuer certificate"
www.icfesinteractivo.gov.co,"Could not resolve host: www.icfesinteractivo.gov.co"
www.ideam.gov.co,"Connection timed out after 3001 milliseconds"
www.ids.gov.co,"200"
www.idu.gov.co,"Connection timed out after 3002 milliseconds"
www.ifinorte.gov.co,"301"
www.igac.gov.co,"Could not resolve host: www.igac.gov.co"
www.im.registraduria.gov.co,"Could not resolve host: www.im.registraduria.gov.co"
www.imdercan.gov.co,"302"
www.imdercandelaria.gov.co,"Could not resolve host: www.imdercandelaria.gov.co"
www.imdertulua.gov.co,"Could not resolve host: www.imdertulua.gov.co"
www.imer.gov.co,"Could not resolve host: www.imer.gov.co"
www.imprenta.gov.co,"Resolving timed out after 3000 milliseconds"
www.imtraccorozal.gov.co,"302"
www.inci.gov.co,"200"
www.indumil.gov.co,"200"
www.infider.gov.co,"302"
www.ins.gov.co,"302"
www.intrafun.gov.co,"Could not resolve host: www.intrafun.gov.co"
www.invias.gov.co,"Could not resolve host: www.invias.gov.co"
www.invima.gov.co,"Could not resolve host: www.invima.gov.co"
www.iron.dipol.gov.co,"Could not resolve host: www.iron.dipol.gov.co"
www.irondiase.policia.gov.co,"Could not resolve host: www.irondiase.policia.gov.co"
www.ironkey.mindefensa.gov.co,"Could not resolve host: www.ironkey.mindefensa.gov.co"
www.itagui.gov.co,"200"
www.jcc.gov.co,"Could not resolve host: www.jcc.gov.co"
www.jccconta.gov.co,"Could not resolve host: www.jccconta.gov.co"
www.jovenesdeambiente.gov.co,"Could not resolve host: www.jovenesdeambiente.gov.co"
www.kuwait.dni.gov.co,"Could not resolve host: www.kuwait.dni.gov.co"
www.lajaguadeibirico-cesar.gov.co,"302"
www.ligiic-cajica.gov.co,"Resolving timed out after 3001 milliseconds"
www.lyncpr.ani.gov.co,"Could not resolve host: www.lyncpr.ani.gov.co"
www.magangue.gov.co,"SSL certificate problem: self-signed certificate"
www.mail.acuavalle.gov.co,"Could not resolve host: www.mail.acuavalle.gov.co"
www.mail.auditoria.gov.co,"Could not resolve host: www.mail.auditoria.gov.co"
www.mail.cnsc.gov.co,"Could not resolve host: www.mail.cnsc.gov.co"
www.mail.colciencias.gov.co,"Could not resolve host: www.mail.colciencias.gov.co"
www.mail.dane.gov.co,"Could not resolve host: www.mail.dane.gov.co"
www.mail.fonprecon.gov.co,"Connection timed out after 3002 milliseconds"
www.mail.hgm.gov.co,"Could not resolve host: www.mail.hgm.gov.co"
www.mail.hosdenar.gov.co,"Could not resolve host: www.mail.hosdenar.gov.co"
www.mail.ideam.gov.co,"Could not resolve host: www.mail.ideam.gov.co"
www.mail.unidadvictimas.gov.co,"Could not resolve host: www.mail.unidadvictimas.gov.co"
www.mail.upme.gov.co,"Could not resolve host: www.mail.upme.gov.co"
www.manizalesmarketplace.gov.co,"Could not resolve host: www.manizalesmarketplace.gov.co"
www.mapajtransicional.gov.co,"Connection timed out after 3001 milliseconds"
www.masciudadania.gov.co,"Could not resolve host: www.masciudadania.gov.co"
www.medellin.gov.co,"200"
www.meteoaeronautica.gov.co,"SSL: no alternative certificate subject name matches target hostname 'www.meteoaeronautica.gov.co'"
www.metrodemedellin.gov.co,"200"
www.metroparques.gov.co,"301"
www.metropol.gov.co,"200"
www.mij.gov.co,"Failed to connect to www.mij.gov.co port 443 after 351 ms: Could not connect to server"
www.minagricultura.gov.co,"SSL certificate problem: unable to get local issuer certificate"
www.minambiente.gov.co,"200"
www.mincomercio.gov.co,"SSL: no alternative certificate subject name matches target hostname 'www.mincomercio.gov.co'"
www.mincultura.gov.co,"200"
www.mindefensa.gov.co,"200"
www.mininterior.gov.co,"200"
www.minjusticia.gov.co,"200"
www.minsalud.gov.co,"Connection timed out after 3002 milliseconds"
www.mintransporte.gov.co,"301"
www.miseguridadsocial.gov.co,"Connection timed out after 3002 milliseconds"
www.movil.colpensiones.gov.co,"Could not resolve host: www.movil.colpensiones.gov.co"
www.nd.ruaf.gov.co,"Could not resolve host: www.nd.ruaf.gov.co"
www.ninos.setpneiva.gov.co,"200"
www.notificaciones.gobiernoenlinea.gov.co,"Connection timed out after 3001 milliseconds"
www.nube-mcit.gov.co,"500"
www.oab.ambientebogota.gov.co,"SSL: no alternative certificate subject name matches target hostname 'www.oab.ambientebogota.gov.co'"
www.orfeo.defensajuridica.gov.co,"Connection timed out after 3002 milliseconds"
www.orfeo.ideam.gov.co,"Could not resolve host: www.orfeo.ideam.gov.co"
www.orfeo.minsalud.gov.co,"Could not resolve host: www.orfeo.minsalud.gov.co"
www.orfeovd.gov.co,"Could not resolve host: www.orfeovd.gov.co"
www.osticket.codechoco.gov.co,"Could not resolve host: www.osticket.codechoco.gov.co"
www.pagosegurodedepositos.gov.co,"301"
www.paiweb.gov.co,"Could not resolve host: www.paiweb.gov.co"
www.palmira.gov.co,"301"
www.parquenorte.gov.co,"Operation timed out after 3002 milliseconds with 0 bytes received"
www.personeriabuenaventura.gov.co,"200"
www.personeriaitagui.gov.co,"SSL: no alternative certificate subject name matches target hostname 'www.personeriaitagui.gov.co'"
www.personeriaturbana.gov.co,"Could not resolve host: www.personeriaturbana.gov.co"
www.pmt2.registraduria.gov.co,"Could not resolve host: www.pmt2.registraduria.gov.co"
www.portal.codechoco.gov.co,"Could not resolve host: www.portal.codechoco.gov.co"
www.portal.fonade.gov.co,"Could not resolve host: www.portal.fonade.gov.co"
www.portal.ica.gov.co,"Could not resolve host: www.portal.ica.gov.co"
www.portal4.siifnacion.gov.co,"Could not resolve host: www.portal4.siifnacion.gov.co"
www.positiva.gov.co,"301"
www.positivaeduca.positiva.gov.co,"Could not resolve host: www.positivaeduca.positiva.gov.co"
www.positivaenlinea.gov.co,"301"
www.positivasiarp.gov.co,"Connection timed out after 3002 milliseconds"
www.procuraduria.gov.co,"302"
www.pronosticosyalertas.gov.co,"SSL: no alternative certificate subject name matches target hostname 'www.pronosticosyalertas.gov.co'"
www.prueba.hospisantarosadecabal.gov.co,"Could not resolve host: www.prueba.hospisantarosadecabal.gov.co"
www.prueband.ruaf.gov.co,"Could not resolve host: www.prueband.ruaf.gov.co"
www.pruebasprod.miseguridadsocial.gov.co,"Could not resolve host: www.pruebasprod.miseguridadsocial.gov.co"
www.pruebastcbc.shd.gov.co,"Could not resolve host: www.pruebastcbc.shd.gov.co"
www.quibdo-choco.gov.co,"302"
www.radicador.ingeominas.gov.co,"Could not resolve host: www.radicador.ingeominas.gov.co"
www.ramajudicial.gov.co,"200"
www.reg.discapacidad.sispro.gov.co,"Could not resolve host: www.reg.discapacidad.sispro.gov.co"
www.resoluciones.intrafun.gov.co,"Could not resolve host: www.resoluciones.intrafun.gov.co"
www.restituciondetierras.gov.co,"Connection timed out after 3000 milliseconds"
www.rua.gov.co,"Could not resolve host: www.rua.gov.co"
www.ruafsvr2.sispro.gov.co,"Could not resolve host: www.ruafsvr2.sispro.gov.co"
www.ruafsvr3.sispro.gov.co,"Could not resolve host: www.ruafsvr3.sispro.gov.co"
www.saludcapital.gov.co,"Could not resolve host: www.saludcapital.gov.co"
www.saludito.risaralda.gov.co,"Could not resolve host: www.saludito.risaralda.gov.co"
www.samanadigital.gov.co,"Could not resolve host: www.samanadigital.gov.co"
www.sanandres.gov.co,"200"
www.sdp.gov.co,"Connection timed out after 3002 milliseconds"
www.sdqsbogota.gov.co,"Connection timed out after 3002 milliseconds"
www.secop.gov.co,"403"
www.secretariadeambiente.gov.co,"SSL certificate problem: self-signed certificate"
www.sedelectronicatunja.gov.co,"Could not resolve host: www.sedelectronicatunja.gov.co"
www.sem-fusagasuga.gov.co,"Could not resolve host: www.sem-fusagasuga.gov.co"
www.services.ekogui.gov.co,"Could not resolve host: www.services.ekogui.gov.co"
www.setpneiva.gov.co,"200"
www.sgc.sem-fusagasuga.gov.co,"Could not resolve host: www.sgc.sem-fusagasuga.gov.co"
www.sgi-apc.gov.co,"Could not resolve host: www.sgi-apc.gov.co"
www.shd.gov.co,"301"
www.siac.gov.co,"200"
www.sicom.gov.co,"Could not resolve host: www.sicom.gov.co"
www.siel.gov.co,"Could not resolve host: www.siel.gov.co"
www.sigamosmedellin.gov.co,"Could not resolve host: www.sigamosmedellin.gov.co"
www.sigob.gov.co,"Could not resolve host: www.sigob.gov.co"
www.siijtdp.gov.co,"Could not resolve host: www.siijtdp.gov.co"
www.siijtmj.gov.co,"Could not resolve host: www.siijtmj.gov.co"
www.siijyp.gov.co,"Connection timed out after 3002 milliseconds"
www.siinformacap.dssa.gov.co,"Could not resolve host: www.siinformacap.dssa.gov.co"
www.sijurapp.justiciamilitar.gov.co,"Could not resolve host: www.sijurapp.justiciamilitar.gov.co"
www.simco.gov.co,"Could not resolve host: www.simco.gov.co"
www.sioc.gov.co,"Could not resolve host: www.sioc.gov.co"
www.sip.ani.gov.co,"Could not resolve host: www.sip.ani.gov.co"
www.sip.car.gov.co,"Could not resolve host: www.sip.car.gov.co"
www.sip.cga.gov.co,"Could not resolve host: www.sip.cga.gov.co"
www.sip.consolidacion.gov.co,"Could not resolve host: www.sip.consolidacion.gov.co"
www.sip.defensajuridica.gov.co,"Could not resolve host: www.sip.defensajuridica.gov.co"
www.sip.forpo.gov.co,"Could not resolve host: www.sip.forpo.gov.co"
www.sip.metropol.gov.co,"Could not resolve host: www.sip.metropol.gov.co"
www.sip.nube.car.gov.co,"Could not resolve host: www.sip.nube.car.gov.co"
www.sip.registraduria.gov.co,"Could not resolve host: www.sip.registraduria.gov.co"
www.sip.unidadvictimas.gov.co,"Could not resolve host: www.sip.unidadvictimas.gov.co"
www.sipg.gov.co,"Could not resolve host: www.sipg.gov.co"
www.sirna.ramajudicial.gov.co,"Could not resolve host: www.sirna.ramajudicial.gov.co"
www.sirvoamipais.gov.co,"SSL: no alternative certificate subject name matches target hostname 'www.sirvoamipais.gov.co'"
www.sislab.dssa.gov.co,"Could not resolve host: www.sislab.dssa.gov.co"
www.sispro.gov.co,"Connection timed out after 3002 milliseconds"
www.sivicos.gov.co,"Connection timed out after 3002 milliseconds"
www.sivirtual.gov.co,"Could not resolve host: www.sivirtual.gov.co"
www.soytic.gov.co,"Could not resolve host: www.soytic.gov.co"
www.srvappex.policia.gov.co,"Could not resolve host: www.srvappex.policia.gov.co"
www.srvmail.upme.gov.co,"Could not resolve host: www.srvmail.upme.gov.co"
www.srvsicoq.policia.gov.co,"Could not resolve host: www.srvsicoq.policia.gov.co"
www.sso.fonade.gov.co,"Could not resolve host: www.sso.fonade.gov.co"
www.subastas-formacion.secop.gov.co,"Could not resolve host: www.subastas-formacion.secop.gov.co"
www.subastas-preproduccion.secop.gov.co,"Could not resolve host: www.subastas-preproduccion.secop.gov.co"
www.subastas.secop.gov.co,"Could not resolve host: www.subastas.secop.gov.co"
www.sui.gov.co,"Connection timed out after 3000 milliseconds"
www.suit.gobiernoenlinea.gov.co,"Connection timed out after 3002 milliseconds"
www.suit.gov.co,"SSL: no alternative certificate subject name matches target hostname 'www.suit.gov.co'"
www.superfinanciera.gov.co,"200"
www.supernotariado.gov.co,"SSL certificate problem: unable to get local issuer certificate"
www.supersociedades.gov.co,"Connection timed out after 3001 milliseconds"
www.tcbc.shd.gov.co,"Could not resolve host: www.tcbc.shd.gov.co"
www.teatrocolon.gov.co,"SSL certificate problem: certificate has expired"
www.telepresencia.mincit.gov.co,"Could not resolve host: www.telepresencia.mincit.gov.co"
www.terminaldevalledupar.gov.co,"Could not resolve host: www.terminaldevalledupar.gov.co"
www.tpmedellin.gov.co,"Could not resolve host: www.tpmedellin.gov.co"
www.tramitador.gov.co,"Could not resolve host: www.tramitador.gov.co"
www.transitochia.gov.co,"Could not resolve host: www.transitochia.gov.co"
www.transmilenio.gov.co,"200"
www.tulua-valle.gov.co,"Could not resolve host: www.tulua-valle.gov.co"
www.tulua.gov.co,"301"
www.ugpp.gov.co,"200"
www.uiaf.gov.co,"200"
www.upme.gov.co,"200"
www.urnadecristal.gov.co,"200"
www.usiese.gov.co,"200"
www.usuarioscrc.gov.co,"403"
www.vallecaucanadeaguas.gov.co,"Could not resolve host: www.vallecaucanadeaguas.gov.co"
www.veeduriadistrital.gov.co,"SSL certificate problem: unable to get local issuer certificate"
www.ventanillaunicavirtualquindio.gov.co,"301"
www.virtual.infivalle.gov.co,"Could not resolve host: www.virtual.infivalle.gov.co"
www.vivedigital.gov.co,"Could not resolve host: www.vivedigital.gov.co"
www.web.sispro.gov.co,"Could not resolve host: www.web.sispro.gov.co"
www.weblync.car.gov.co,"Could not resolve host: www.weblync.car.gov.co"
www.weblync.policia.gov.co,"Resolving timed out after 3000 milliseconds"
www.webservice.dosquebradas.gov.co,"200"
www.ww1.superfinanciera.gov.co,"Could not resolve host: www.ww1.superfinanciera.gov.co"
www.www2.registraduria.gov.co,"Could not resolve host: www.www2.registraduria.gov.co"
www.wwwdo.gov.co,"Could not resolve host: www.wwwdo.gov.co"
www.yarima.barrancabermeja-santander.gov.co,"Could not resolve host: www.yarima.barrancabermeja-santander.gov.co"
www.yopal-casanare.gov.co,"302"
www.yosoybogota.gov.co,"Could not resolve host: www.yosoybogota.gov.co"
www2.fna.gov.co,"404"
www2.registraduria.gov.co,"Could not resolve host: www2.registraduria.gov.co"
www3.fna.gov.co,"Could not resolve host: www3.fna.gov.co"
www3.registraduria.gov.co,"Could not resolve host: www3.registraduria.gov.co"
wwwdo.gov.co,"Resolving timed out after 3000 milliseconds"
xmpp.anspe.gov.co,"Could not resolve host: xmpp.anspe.gov.co"
yanakuna.banrep.gov.co,"Could not resolve host: yanakuna.banrep.gov.co"
yarima.barrancabermeja-santander.gov.co,"Could not resolve host: yarima.barrancabermeja-santander.gov.co"
yosoybogota.gov.co,"Could not resolve host: yosoybogota.gov.co"
yuma.barrancabermeja.gov.co,"200"
zipa.banrep.gov.co,"Could not resolve host: zipa.banrep.gov.co"
zipaquira.gov.co,"Could not resolve host: zipaquira.gov.co"
