subdomain,http_status
5thqiyas.yesser.gov.sa,"Could not resolve host: 5thqiyas.yesser.gov.sa"
6thqiyas.yesser.gov.sa,"Could not resolve host: 6thqiyas.yesser.gov.sa"
900moi.gov.sa,"Could not resolve host: 900moi.gov.sa"
_collab-edge._tls.mof.gov.sa,"Could not resolve host: _collab-edge._tls.mof.gov.sa"
a.chs.gov.sa,"Could not resolve host: a.chs.gov.sa"
access.bog.gov.sa,"Connection timed out after 3001 milliseconds"
access.gaca.gov.sa,"Connection timed out after 3001 milliseconds"
access.gcs.gov.sa,"Could not resolve host: access.gcs.gov.sa"
access.holymakkah.gov.sa,"Could not resolve host: access.holymakkah.gov.sa"
access.mep.gov.sa,"Could not resolve host: access.mep.gov.sa"
access.moh.gov.sa,"Could not resolve host: access.moh.gov.sa"
access.mol.gov.sa,"Could not resolve host: access.mol.gov.sa"
access.mot.gov.sa,"Could not resolve host: access.mot.gov.sa"
access.tvtc.gov.sa,"Could not resolve host: access.tvtc.gov.sa"
access02.mol.gov.sa,"Could not resolve host: access02.mol.gov.sa"
access03.mol.gov.sa,"Could not resolve host: access03.mol.gov.sa"
activesync.modon.gov.sa,"Could not resolve host: activesync.modon.gov.sa"
ada.gov.sa,"Could not resolve host: ada.gov.sa"
address.gov.sa,"Connection timed out after 3000 milliseconds"
adf.gov.sa,"Connection timed out after 3000 milliseconds"
adfs-sd.mlsd.gov.sa,"Could not resolve host: adfs-sd.mlsd.gov.sa"
adfssso.mol.gov.sa,"Could not resolve host: adfssso.mol.gov.sa"
adl.moj.gov.sa,"Resolving timed out after 3000 milliseconds"
adlphone.moj.gov.sa,"Resolving timed out after 3000 milliseconds"
adlreg.moj.gov.sa,"Resolving timed out after 3001 milliseconds"
admin.fg.gov.sa,"Connection timed out after 3002 milliseconds"
admin.gc.momra.gov.sa,"Could not resolve host: admin.gc.momra.gov.sa"
admin.jeddah.gov.sa,"Could not resolve host: admin.jeddah.gov.sa"
admin.modon.gov.sa,"Could not resolve host: admin.modon.gov.sa"
admin.moh.gov.sa,"Could not resolve host: admin.moh.gov.sa"
admin.mohe.gov.sa,"Could not resolve host: admin.mohe.gov.sa"
admin.sct.gov.sa,"Could not resolve host: admin.sct.gov.sa"
admin.scta.gov.sa,"Could not resolve host: admin.scta.gov.sa"
admin.scth.gov.sa,"Could not resolve host: admin.scth.gov.sa"
admincomm.moj.gov.sa,"Resolving timed out after 3001 milliseconds"
aes.ars.gov.sa,"200"
afca.gov.sa,"Could not resolve host: afca.gov.sa"
ahwal.gov.sa,"200"
alahsa-health.gov.sa,"Could not resolve host: alahsa-health.gov.sa"
albaha.gov.sa,"200"
albahaedu.gov.sa,"Could not resolve host: albahaedu.gov.sa"
albahainv.gov.sa,"Could not resolve host: albahainv.gov.sa"
albirkgedu.gov.sa,"Could not resolve host: albirkgedu.gov.sa"
albosor-m.gov.sa,"Could not resolve host: albosor-m.gov.sa"
alhasa.gov.sa,"TLS connect error: error:0A000126:SSL routines::unexpected eof while reading"
aljouf.gov.sa,"Could not resolve host: aljouf.gov.sa"
aljoufedu.gov.sa,"Could not resolve host: aljoufedu.gov.sa"
alkhitah.gov.sa,"Could not resolve host: alkhitah.gov.sa"
allaithged.gov.sa,"Could not resolve host: allaithged.gov.sa"
almuzahmiyyaedu.gov.sa,"Could not resolve host: almuzahmiyyaedu.gov.sa"
alqasabcc.gov.sa,"Could not resolve host: alqasabcc.gov.sa"
alquran.gov.sa,"Could not resolve host: alquran.gov.sa"
alrassedu.gov.sa,"Could not resolve host: alrassedu.gov.sa"
alrassge.gov.sa,"Could not resolve host: alrassge.gov.sa"
alriyadh.gov.sa,"307"
amana-assir.gov.sa,"Could not resolve host: amana-assir.gov.sa"
amanah.moe.gov.sa,"Could not resolve host: amanah.moe.gov.sa"
amnmd-hq-mail.amana-md.gov.sa,"Could not resolve host: amnmd-hq-mail.amana-md.gov.sa"
amnmd-hq-owa.amana-md.gov.sa,"302"
amnmdlynce1.amana-md.gov.sa,"Could not resolve host: amnmdlynce1.amana-md.gov.sa"
anas3.albirkgedu.gov.sa,"Could not resolve host: anas3.albirkgedu.gov.sa"
anqexmails01.sct.gov.sa,"Could not resolve host: anqexmails01.sct.gov.sa"
ansbilling.gaca.gov.sa,"Could not resolve host: ansbilling.gaca.gov.sa"
apc.momra.gov.sa,"Could not resolve host: apc.momra.gov.sa"
api.address.gov.sa,"Could not resolve host: api.address.gov.sa"
api.gc.momra.gov.sa,"Could not resolve host: api.gc.momra.gov.sa"
api.iph-qa.adaa.gov.sa,"Could not resolve host: api.iph-qa.adaa.gov.sa"
api.iph-uat.adaa.gov.sa,"Could not resolve host: api.iph-uat.adaa.gov.sa"
app.mhaedu.gov.sa,"Could not resolve host: app.mhaedu.gov.sa"
app.mosa.gov.sa,"Could not resolve host: app.mosa.gov.sa"
app.nic.gov.sa,"Could not resolve host: app.nic.gov.sa"
app.tvtc.gov.sa,"Resolving timed out after 3001 milliseconds"
apppnr-portal.moi.gov.sa,"SSL certificate problem: unable to get local issuer certificate"
apps.alriyadh.gov.sa,"Connection timed out after 3002 milliseconds"
apps.mot.gov.sa,"Could not resolve host: apps.mot.gov.sa"
aqargroup.msi.gov.sa,"Could not resolve host: aqargroup.msi.gov.sa"
arar-mu.gov.sa,"Failed to connect to arar-mu.gov.sa port 443 after 2304 ms: Could not connect to server"
arc.mofa.gov.sa,"Could not resolve host: arc.mofa.gov.sa"
arriyadhenv.gov.sa,"Could not resolve host: arriyadhenv.gov.sa"
ars.gov.sa,"200"
art.gov.sa,"Could not resolve host: art.gov.sa"
as.cwa.scta.gov.sa,"Could not resolve host: as.cwa.scta.gov.sa"
aseer.gov.sa,"Connection timed out after 3002 milliseconds"
aseerhealth.gov.sa,"Could not resolve host: aseerhealth.gov.sa"
assentry.gaca.gov.sa,"Could not resolve host: assentry.gaca.gov.sa"
assir-mail01.amana-assir.gov.sa,"Could not resolve host: assir-mail01.amana-assir.gov.sa"
assir-mail01.ars.gov.sa,"Could not resolve host: assir-mail01.ars.gov.sa"
ata-hail.gov.sa,"Could not resolve host: ata-hail.gov.sa"
atsentry.gaca.gov.sa,"Could not resolve host: atsentry.gaca.gov.sa"
auth.crm.scth.gov.sa,"Could not resolve host: auth.crm.scth.gov.sa"
autodisccover.chs.gov.sa,"Could not resolve host: autodisccover.chs.gov.sa"
autodiscover.900moi.gov.sa,"Could not resolve host: autodiscover.900moi.gov.sa"
autodiscover.albaha.gov.sa,"Could not resolve host: autodiscover.albaha.gov.sa"
autodiscover.alhasa.gov.sa,"302"
autodiscover.allaithged.gov.sa,"Could not resolve host: autodiscover.allaithged.gov.sa"
autodiscover.alrassedu.gov.sa,"Could not resolve host: autodiscover.alrassedu.gov.sa"
autodiscover.alriyadh.gov.sa,"Connection timed out after 3002 milliseconds"
autodiscover.amana-assir.gov.sa,"Could not resolve host: autodiscover.amana-assir.gov.sa"
autodiscover.amana-md.gov.sa,"302"
autodiscover.amanataljouf.gov.sa,"302"
autodiscover.ars.gov.sa,"Could not resolve host: autodiscover.ars.gov.sa"
autodiscover.art.gov.sa,"Could not resolve host: autodiscover.art.gov.sa"
autodiscover.awqaf.gov.sa,"Failed to connect to autodiscover.awqaf.gov.sa port 443 after 132 ms: Could not connect to server"
autodiscover.bahaeslah.gov.sa,"Could not resolve host: autodiscover.bahaeslah.gov.sa"
autodiscover.baladialula.gov.sa,"Could not resolve host: autodiscover.baladialula.gov.sa"
autodiscover.bip.gov.sa,"Could not resolve host: autodiscover.bip.gov.sa"
autodiscover.boe.gov.sa,"Could not resolve host: autodiscover.boe.gov.sa"
autodiscover.bog.gov.sa,"Connection timed out after 3002 milliseconds"
autodiscover.cchi.gov.sa,"Could not resolve host: autodiscover.cchi.gov.sa"
autodiscover.cds.gov.sa,"Could not resolve host: autodiscover.cds.gov.sa"
autodiscover.chs.gov.sa,"Could not resolve host: autodiscover.chs.gov.sa"
autodiscover.cib.gov.sa,"Could not resolve host: autodiscover.cib.gov.sa"
autodiscover.citc.gov.sa,"Connection timed out after 3002 milliseconds"
autodiscover.cloud.moi.gov.sa,"Connection timed out after 3001 milliseconds"
autodiscover.cppa.gov.sa,"Could not resolve host: autodiscover.cppa.gov.sa"
autodiscover.dammam.gov.sa,"Could not resolve host: autodiscover.dammam.gov.sa"
autodiscover.dmmr.gov.sa,"Could not resolve host: autodiscover.dmmr.gov.sa"
autodiscover.dt1.mawthouq.gov.sa,"Could not resolve host: autodiscover.dt1.mawthouq.gov.sa"
autodiscover.dt2.mawthouq.gov.sa,"Could not resolve host: autodiscover.dt2.mawthouq.gov.sa"
autodiscover.dt3.mawthouq.gov.sa,"Could not resolve host: autodiscover.dt3.mawthouq.gov.sa"
autodiscover.dt4.mawthouq.gov.sa,"Could not resolve host: autodiscover.dt4.mawthouq.gov.sa"
autodiscover.dt5.mawthouq.gov.sa,"Could not resolve host: autodiscover.dt5.mawthouq.gov.sa"
autodiscover.dzit.gov.sa,"Could not resolve host: autodiscover.dzit.gov.sa"
autodiscover.e-najran.gov.sa,"Could not resolve host: autodiscover.e-najran.gov.sa"
autodiscover.eca.gov.sa,"Could not resolve host: autodiscover.eca.gov.sa"
autodiscover.ecra.gov.sa,"Could not resolve host: autodiscover.ecra.gov.sa"
autodiscover.emaratriyadh.gov.sa,"Could not resolve host: autodiscover.emaratriyadh.gov.sa"
autodiscover.energy.gov.sa,"Could not resolve host: autodiscover.energy.gov.sa"
autodiscover.etsrg.gov.sa,"Could not resolve host: autodiscover.etsrg.gov.sa"
autodiscover.fg.gov.sa,"Could not resolve host: autodiscover.fg.gov.sa"
autodiscover.fsf.gov.sa,"Could not resolve host: autodiscover.fsf.gov.sa"
autodiscover.gab.gov.sa,"Could not resolve host: autodiscover.gab.gov.sa"
autodiscover.gaca.gov.sa,"Could not resolve host: autodiscover.gaca.gov.sa"
autodiscover.gca.gov.sa,"302"
autodiscover.gce.gov.sa,"Could not resolve host: autodiscover.gce.gov.sa"
autodiscover.gcs.gov.sa,"Could not resolve host: autodiscover.gcs.gov.sa"
autodiscover.gdnc.gov.sa,"301"
autodiscover.gip.gov.sa,"Could not resolve host: autodiscover.gip.gov.sa"
autodiscover.gpyw.gov.sa,"Could not resolve host: autodiscover.gpyw.gov.sa"
autodiscover.gsfmo.gov.sa,"Could not resolve host: autodiscover.gsfmo.gov.sa"
autodiscover.hef.gov.sa,"SSL certificate problem: unable to get local issuer certificate"
autodiscover.holymakkah.gov.sa,"Operation timed out after 3002 milliseconds with 0 bytes received"
autodiscover.hrc.gov.sa,"Could not resolve host: autodiscover.hrc.gov.sa"
autodiscover.ic.gov.sa,"Could not resolve host: autodiscover.ic.gov.sa"
autodiscover.jeddah.gov.sa,"Could not resolve host: autodiscover.jeddah.gov.sa"
autodiscover.kacare.gov.sa,"Could not resolve host: autodiscover.kacare.gov.sa"
autodiscover.kskc.gov.sa,"Could not resolve host: autodiscover.kskc.gov.sa"
autodiscover.laithedu.gov.sa,"Could not resolve host: autodiscover.laithedu.gov.sa"
autodiscover.local.ecra.gov.sa,"Could not resolve host: autodiscover.local.ecra.gov.sa"
autodiscover.makkah.gov.sa,"Could not resolve host: autodiscover.makkah.gov.sa"
autodiscover.mci.gov.sa,"Could not resolve host: autodiscover.mci.gov.sa"
autodiscover.mcit.gov.sa,"Could not resolve host: autodiscover.mcit.gov.sa"
autodiscover.mcs.gov.sa,"Could not resolve host: autodiscover.mcs.gov.sa"
autodiscover.mda.gov.sa,"Could not resolve host: autodiscover.mda.gov.sa"
autodiscover.mep.gov.sa,"Could not resolve host: autodiscover.mep.gov.sa"
autodiscover.mlsd.gov.sa,"Could not resolve host: autodiscover.mlsd.gov.sa"
autodiscover.mmda.gov.sa,"Could not resolve host: autodiscover.mmda.gov.sa"
autodiscover.moa.gov.sa,"Could not resolve host: autodiscover.moa.gov.sa"
autodiscover.moci.gov.sa,"Could not resolve host: autodiscover.moci.gov.sa"
autodiscover.moda.gov.sa,"Could not resolve host: autodiscover.moda.gov.sa"
autodiscover.modon.gov.sa,"SSL certificate problem: unable to get local issuer certificate"
autodiscover.moe.gov.sa,"Resolving timed out after 3000 milliseconds"
autodiscover.mofa.gov.sa,"Could not resolve host: autodiscover.mofa.gov.sa"
autodiscover.moh.gov.sa,"Failed to connect to autodiscover.moh.gov.sa port 443 after 180 ms: Could not connect to server"
autodiscover.mohe.gov.sa,"Could not resolve host: autodiscover.mohe.gov.sa"
autodiscover.moi.gov.sa,"Connection timed out after 3001 milliseconds"
autodiscover.moia.gov.sa,"Could not resolve host: autodiscover.moia.gov.sa"
autodiscover.moimsd.gov.sa,"Resolving timed out after 3000 milliseconds"
autodiscover.moisp.gov.sa,"Could not resolve host: autodiscover.moisp.gov.sa"
autodiscover.moj.gov.sa,"Could not resolve host: autodiscover.moj.gov.sa"
autodiscover.mol.gov.sa,"Could not resolve host: autodiscover.mol.gov.sa"
autodiscover.momra.gov.sa,"302"
autodiscover.mopm-ta.gov.sa,"Could not resolve host: autodiscover.mopm-ta.gov.sa"
autodiscover.mosa.gov.sa,"Could not resolve host: autodiscover.mosa.gov.sa"
autodiscover.mot.gov.sa,"Connection timed out after 3000 milliseconds"
autodiscover.mowe.gov.sa,"Could not resolve host: autodiscover.mowe.gov.sa"
autodiscover.mwa.gov.sa,"Could not resolve host: autodiscover.mwa.gov.sa"
autodiscover.mydzit.gov.sa,"Could not resolve host: autodiscover.mydzit.gov.sa"
autodiscover.najran.gov.sa,"Could not resolve host: autodiscover.najran.gov.sa"
autodiscover.nazaha.gov.sa,"Connection timed out after 3000 milliseconds"
autodiscover.ncda.gov.sa,"Could not resolve host: autodiscover.ncda.gov.sa"
autodiscover.pension.gov.sa,"Could not resolve host: autodiscover.pension.gov.sa"
autodiscover.pgd.gov.sa,"Could not resolve host: autodiscover.pgd.gov.sa"
autodiscover.planning.gov.sa,"Could not resolve host: autodiscover.planning.gov.sa"
autodiscover.ppa.gov.sa,"Could not resolve host: autodiscover.ppa.gov.sa"
autodiscover.qassim.gov.sa,"Could not resolve host: autodiscover.qassim.gov.sa"
autodiscover.rabegh-municipality.gov.sa,"Could not resolve host: autodiscover.rabegh-municipality.gov.sa"
autodiscover.rabegh.gov.sa,"Could not resolve host: autodiscover.rabegh.gov.sa"
autodiscover.rcjubail.gov.sa,"Could not resolve host: autodiscover.rcjubail.gov.sa"
autodiscover.rcjy.gov.sa,"Connection timed out after 3000 milliseconds"
autodiscover.redf.gov.sa,"Connection timed out after 3000 milliseconds"
autodiscover.riyadh.gov.sa,"Could not resolve host: autodiscover.riyadh.gov.sa"
autodiscover.rsaf.gov.sa,"Could not resolve host: autodiscover.rsaf.gov.sa"
autodiscover.sama.gov.sa,"Connection timed out after 3001 milliseconds"
autodiscover.sang.gov.sa,"Could not resolve host: autodiscover.sang.gov.sa"
autodiscover.sbsf.gov.sa,"Could not resolve host: autodiscover.sbsf.gov.sa"
autodiscover.scj.gov.sa,"Connection timed out after 3001 milliseconds"
autodiscover.scot.gov.sa,"Could not resolve host: autodiscover.scot.gov.sa"
autodiscover.scsb.gov.sa,"Could not resolve host: autodiscover.scsb.gov.sa"
autodiscover.scta.gov.sa,"Could not resolve host: autodiscover.scta.gov.sa"
autodiscover.scth.gov.sa,"Could not resolve host: autodiscover.scth.gov.sa"
autodiscover.sdb.gov.sa,"Connection timed out after 3001 milliseconds"
autodiscover.seec.gov.sa,"Resolving timed out after 3000 milliseconds"
autodiscover.sfda.gov.sa,"Connection timed out after 3000 milliseconds"
autodiscover.sharqiah.gov.sa,"Could not resolve host: autodiscover.sharqiah.gov.sa"
autodiscover.sidf.gov.sa,"Recv failure: Connexion ré-initialisée par le correspondant"
autodiscover.srg.gov.sa,"Connection timed out after 3002 milliseconds"
autodiscover.stats.gov.sa,"SSL certificate problem: unable to get local issuer certificate"
autodiscover.tabukm.gov.sa,"Could not resolve host: autodiscover.tabukm.gov.sa"
autodiscover.tel.moi.gov.sa,"Could not resolve host: autodiscover.tel.moi.gov.sa"
autodiscover.um.gov.sa,"Could not resolve host: autodiscover.um.gov.sa"
av.alhasa.gov.sa,"Could not resolve host: av.alhasa.gov.sa"
av.alriyadh.gov.sa,"Could not resolve host: av.alriyadh.gov.sa"
av.gaca.gov.sa,"Could not resolve host: av.gaca.gov.sa"
av.gcs.gov.sa,"Could not resolve host: av.gcs.gov.sa"
av.ids.gov.sa,"Could not resolve host: av.ids.gov.sa"
av.mep.gov.sa,"Could not resolve host: av.mep.gov.sa"
av.moh.gov.sa,"Could not resolve host: av.moh.gov.sa"
av.mol.gov.sa,"Could not resolve host: av.mol.gov.sa"
av.redf.gov.sa,"Connection timed out after 3000 milliseconds"
av.rkhabra.gov.sa,"Could not resolve host: av.rkhabra.gov.sa"
av.scta.gov.sa,"Could not resolve host: av.scta.gov.sa"
av.scth.gov.sa,"Could not resolve host: av.scth.gov.sa"
av.shura.gov.sa,"Could not resolve host: av.shura.gov.sa"
avs.sama.gov.sa,"SSL certificate problem: certificate has expired"
awqaf.gov.sa,"Could not resolve host: awqaf.gov.sa"
b06-exch2.ic.gov.sa,"Could not resolve host: b06-exch2.ic.gov.sa"
b08-exch1.ic.gov.sa,"Could not resolve host: b08-exch1.ic.gov.sa"
back-end.mcs.gov.sa,"Could not resolve host: back-end.mcs.gov.sa"
bahaedu.gov.sa,"Could not resolve host: bahaedu.gov.sa"
bahaeslah.gov.sa,"Could not resolve host: bahaeslah.gov.sa"
baladialula.gov.sa,"Could not resolve host: baladialula.gov.sa"
balgree.gov.sa,"Could not resolve host: balgree.gov.sa"
baqaahealth.gov.sa,"Could not resolve host: baqaahealth.gov.sa"
bareed.mot.gov.sa,"Could not resolve host: bareed.mot.gov.sa"
bayan.ma3an.gov.sa,"Could not resolve host: bayan.ma3an.gov.sa"
bayan.mol.gov.sa,"Could not resolve host: bayan.mol.gov.sa"
bc.gov.sa,"Connection timed out after 3002 milliseconds"
berrysp.scth.gov.sa,"Could not resolve host: berrysp.scth.gov.sa"
beta.hef.gov.sa,"Could not resolve host: beta.hef.gov.sa"
beta.moi.gov.sa,"Resolving timed out after 3001 milliseconds"
beta.moj.gov.sa,"Resolving timed out after 3001 milliseconds"
beta.mot.gov.sa,"Could not resolve host: beta.mot.gov.sa"
beta.sfda.gov.sa,"200"
bi.mol.gov.sa,"Could not resolve host: bi.mol.gov.sa"
bip.gov.sa,"Could not resolve host: bip.gov.sa"
bipp-a-exca-a01.bip.gov.sa,"Could not resolve host: bipp-a-exca-a01.bip.gov.sa"
bipp-a-exca-a02.bip.gov.sa,"Could not resolve host: bipp-a-exca-a02.bip.gov.sa"
blagh.mol.gov.sa,"Could not resolve host: blagh.mol.gov.sa"
boe.gov.sa,"Connection timed out after 3002 milliseconds"
bog.gov.sa,"Connection timed out after 3002 milliseconds"
box.thadiq-mun.gov.sa,"Could not resolve host: box.thadiq-mun.gov.sa"
bpad.saso.gov.sa,"Connection timed out after 3002 milliseconds"
bpm.mot.gov.sa,"Could not resolve host: bpm.mot.gov.sa"
btdcas.samabtd.gov.sa,"Could not resolve host: btdcas.samabtd.gov.sa"
buk.gov.sa,"Could not resolve host: buk.gov.sa"
bvsci.albirkgedu.gov.sa,"Could not resolve host: bvsci.albirkgedu.gov.sa"
c4i.gov.sa,"Could not resolve host: c4i.gov.sa"
career.pta.gov.sa,"Could not resolve host: career.pta.gov.sa"
cas01.chs.gov.sa,"Could not resolve host: cas01.chs.gov.sa"
cas01.holymakkah.gov.sa,"Resolving timed out after 3001 milliseconds"
cas01.jeddah.gov.sa,"Could not resolve host: cas01.jeddah.gov.sa"
cas02.chs.gov.sa,"Could not resolve host: cas02.chs.gov.sa"
cas02.holymakkah.gov.sa,"Could not resolve host: cas02.holymakkah.gov.sa"
cas02.jeddah.gov.sa,"Could not resolve host: cas02.jeddah.gov.sa"
casarray.moe.gov.sa,"Could not resolve host: casarray.moe.gov.sa"
cashub-01.nazaha.gov.sa,"Could not resolve host: cashub-01.nazaha.gov.sa"
cashub-02.nazaha.gov.sa,"Could not resolve host: cashub-02.nazaha.gov.sa"
cbahi.gov.sa,"Connection timed out after 3001 milliseconds"
cbs.amana-md.gov.sa,"Could not resolve host: cbs.amana-md.gov.sa"
cbt.rsaf.gov.sa,"Connection timed out after 3002 milliseconds"
cchiexch002.ads.cchi.gov.sa,"Could not resolve host: cchiexch002.ads.cchi.gov.sa"
cchiexch01.ads.cchi.gov.sa,"Could not resolve host: cchiexch01.ads.cchi.gov.sa"
cdn.haj.gov.sa,"SSL: no alternative certificate subject name matches target hostname 'cdn.haj.gov.sa'"
chat1.mowe.gov.sa,"Could not resolve host: chat1.mowe.gov.sa"
chat2.mowe.gov.sa,"Could not resolve host: chat2.mowe.gov.sa"
chs.gov.sa,"Could not resolve host: chs.gov.sa"
cib-hubcas01.cib.gov.sa,"Could not resolve host: cib-hubcas01.cib.gov.sa"
cib-hubcas02.cib.gov.sa,"Could not resolve host: cib-hubcas02.cib.gov.sa"
citc.gov.sa,"301"
citrix.mep.gov.sa,"Could not resolve host: citrix.mep.gov.sa"
citrix.royalprotocol.gov.sa,"Connection timed out after 3001 milliseconds"
citrix.scsb.gov.sa,"Could not resolve host: citrix.scsb.gov.sa"
client.shura.gov.sa,"Could not resolve host: client.shura.gov.sa"
cloud.mabqaiq.gov.sa,"Could not resolve host: cloud.mabqaiq.gov.sa"
cloud.moi.gov.sa,"Connection timed out after 3002 milliseconds"
cloud.rcjy.gov.sa,"Connection timed out after 3002 milliseconds"
cmn.mot.gov.sa,"Could not resolve host: cmn.mot.gov.sa"
cmr.gov.sa,"Could not resolve host: cmr.gov.sa"
cnt.mofa.gov.sa,"Could not resolve host: cnt.mofa.gov.sa"
collab-edge._tls.mof.gov.sa,"Could not resolve host: collab-edge._tls.mof.gov.sa"
collab-edge.mof.gov.sa,"Could not resolve host: collab-edge.mof.gov.sa"
colorphotos.scta.gov.sa,"Could not resolve host: colorphotos.scta.gov.sa"
colorphotos.scth.gov.sa,"Could not resolve host: colorphotos.scth.gov.sa"
conference.mofa.gov.sa,"Could not resolve host: conference.mofa.gov.sa"
connect.mol.gov.sa,"Could not resolve host: connect.mol.gov.sa"
consultants.mot.gov.sa,"Could not resolve host: consultants.mot.gov.sa"
contact.iph-qa.adaa.gov.sa,"Could not resolve host: contact.iph-qa.adaa.gov.sa"
contact.iph-uat.adaa.gov.sa,"Could not resolve host: contact.iph-uat.adaa.gov.sa"
contractors.mot.gov.sa,"Could not resolve host: contractors.mot.gov.sa"
core.gaca.gov.sa,"Could not resolve host: core.gaca.gov.sa"
countdown.adaa.gov.sa,"Could not resolve host: countdown.adaa.gov.sa"
courtsportal.moj.gov.sa,"Resolving timed out after 3000 milliseconds"
cpanel.allaithged.gov.sa,"Could not resolve host: cpanel.allaithged.gov.sa"
cpanel.alrassedu.gov.sa,"Could not resolve host: cpanel.alrassedu.gov.sa"
cpanel.arar-mu.gov.sa,"Could not resolve host: cpanel.arar-mu.gov.sa"
cpanel.art.gov.sa,"Could not resolve host: cpanel.art.gov.sa"
cpanel.awqaf.gov.sa,"Could not resolve host: cpanel.awqaf.gov.sa"
cpanel.bahaeslah.gov.sa,"Could not resolve host: cpanel.bahaeslah.gov.sa"
cpanel.baladialula.gov.sa,"Could not resolve host: cpanel.baladialula.gov.sa"
cpanel.bc.gov.sa,"Could not resolve host: cpanel.bc.gov.sa"
cpanel.buk.gov.sa,"Could not resolve host: cpanel.buk.gov.sa"
cpanel.cst.gov.sa,"Could not resolve host: cpanel.cst.gov.sa"
cpanel.dgedu.gov.sa,"Could not resolve host: cpanel.dgedu.gov.sa"
cpanel.eduwd.gov.sa,"Could not resolve host: cpanel.eduwd.gov.sa"
cpanel.etsrg.gov.sa,"Could not resolve host: cpanel.etsrg.gov.sa"
cpanel.gca.gov.sa,"Could not resolve host: cpanel.gca.gov.sa"
cpanel.gcam.gov.sa,"Could not resolve host: cpanel.gcam.gov.sa"
cpanel.gce.gov.sa,"Could not resolve host: cpanel.gce.gov.sa"
cpanel.investinqassim.gov.sa,"Could not resolve host: cpanel.investinqassim.gov.sa"
cpanel.jep.gov.sa,"Could not resolve host: cpanel.jep.gov.sa"
cpanel.kkmh.gov.sa,"Could not resolve host: cpanel.kkmh.gov.sa"
cpanel.kskc.gov.sa,"Could not resolve host: cpanel.kskc.gov.sa"
cpanel.laithedu.gov.sa,"Could not resolve host: cpanel.laithedu.gov.sa"
cpanel.maisan.gov.sa,"Could not resolve host: cpanel.maisan.gov.sa"
cpanel.orders.buk.gov.sa,"Could not resolve host: cpanel.orders.buk.gov.sa"
cpanel.pst.spsc.gov.sa,"Could not resolve host: cpanel.pst.spsc.gov.sa"
cpanel.rabegh-municipality.gov.sa,"Could not resolve host: cpanel.rabegh-municipality.gov.sa"
cpanel.rabegh.gov.sa,"Could not resolve host: cpanel.rabegh.gov.sa"
cpanel.reselny.edueast.gov.sa,"Could not resolve host: cpanel.reselny.edueast.gov.sa"
cpanel.sbsf.gov.sa,"Could not resolve host: cpanel.sbsf.gov.sa"
cpanel.taleemsa.gov.sa,"Could not resolve host: cpanel.taleemsa.gov.sa"
cpanel.teachers.gov.sa,"Could not resolve host: cpanel.teachers.gov.sa"
cpanel.tech.gov.sa,"Could not resolve host: cpanel.tech.gov.sa"
cpanel.tge.gov.sa,"Could not resolve host: cpanel.tge.gov.sa"
cpanel.turaifedu.gov.sa,"Could not resolve host: cpanel.turaifedu.gov.sa"
cpanel.unaizahm.gov.sa,"Could not resolve host: cpanel.unaizahm.gov.sa"
cpanel.ushaiqer.gov.sa,"Could not resolve host: cpanel.ushaiqer.gov.sa"
cppa-ch1-09.cppa.gov.sa,"Could not resolve host: cppa-ch1-09.cppa.gov.sa"
cppa-ch2-09.cppa.gov.sa,"Could not resolve host: cppa-ch2-09.cppa.gov.sa"
cppa.gov.sa,"Could not resolve host: cppa.gov.sa"
crm.hafiz.gov.sa,"Could not resolve host: crm.hafiz.gov.sa"
crm.ic.gov.sa,"Could not resolve host: crm.ic.gov.sa"
crm.mot.gov.sa,"Could not resolve host: crm.mot.gov.sa"
crmservices.mol.gov.sa,"Could not resolve host: crmservices.mol.gov.sa"
crmws.mci.gov.sa,"Could not resolve host: crmws.mci.gov.sa"
cs.amana-md.gov.sa,"Could not resolve host: cs.amana-md.gov.sa"
cst.gov.sa,"301"
csweb.gcs.gov.sa,"Could not resolve host: csweb.gcs.gov.sa"
csweb.sct.gov.sa,"Could not resolve host: csweb.sct.gov.sa"
csweb.scta.gov.sa,"Could not resolve host: csweb.scta.gov.sa"
csweb.scth.gov.sa,"Could not resolve host: csweb.scth.gov.sa"
cts.gaca.gov.sa,"Could not resolve host: cts.gaca.gov.sa"
cts.rcjubail.gov.sa,"Could not resolve host: cts.rcjubail.gov.sa"
ctsdata.gaca.gov.sa,"Could not resolve host: ctsdata.gaca.gov.sa"
cuma.sfd.gov.sa,"Could not resolve host: cuma.sfd.gov.sa"
cust.gsfmo.gov.sa,"Could not resolve host: cust.gsfmo.gov.sa"
customers.mot.gov.sa,"Could not resolve host: customers.mot.gov.sa"
customs.gov.sa,"Could not resolve host: customs.gov.sa"
cwa.scta.gov.sa,"Could not resolve host: cwa.scta.gov.sa"
dag1.moe.gov.sa,"Could not resolve host: dag1.moe.gov.sa"
dammam.gov.sa,"Could not resolve host: dammam.gov.sa"
dashboard.ic.gov.sa,"Connection timed out after 3001 milliseconds"
deraa.moi.gov.sa,"Could not resolve host: deraa.moi.gov.sa"
dev.address.gov.sa,"Connection timed out after 3000 milliseconds"
dgedu.gov.sa,"Could not resolve host: dgedu.gov.sa"
dhaadobe1.mopm-ta.gov.sa,"Could not resolve host: dhaadobe1.mopm-ta.gov.sa"
dhace.mopm-ta.gov.sa,"Could not resolve host: dhace.mopm-ta.gov.sa"
dhambx01.mopm.gov.sa,"Could not resolve host: dhambx01.mopm.gov.sa"
dharyah.gov.sa,"Could not resolve host: dharyah.gov.sa"
dialin.alhasa.gov.sa,"200"
dialin.alriyadh.gov.sa,"Could not resolve host: dialin.alriyadh.gov.sa"
dialin.bog.gov.sa,"Connection timed out after 3002 milliseconds"
dialin.gaca.gov.sa,"Could not resolve host: dialin.gaca.gov.sa"
dialin.gcs.gov.sa,"Could not resolve host: dialin.gcs.gov.sa"
dialin.holymakkah.gov.sa,"Could not resolve host: dialin.holymakkah.gov.sa"
dialin.ids.gov.sa,"Could not resolve host: dialin.ids.gov.sa"
dialin.modon.gov.sa,"Could not resolve host: dialin.modon.gov.sa"
dialin.moh.gov.sa,"Could not resolve host: dialin.moh.gov.sa"
dialin.mohe.gov.sa,"Could not resolve host: dialin.mohe.gov.sa"
dialin.moj.gov.sa,"Resolving timed out after 3001 milliseconds"
dialin.mol.gov.sa,"Could not resolve host: dialin.mol.gov.sa"
dialin.redf.gov.sa,"Could not resolve host: dialin.redf.gov.sa"
dialin.rkhabra.gov.sa,"Could not resolve host: dialin.rkhabra.gov.sa"
dialin.sct.gov.sa,"Could not resolve host: dialin.sct.gov.sa"
dialin.scta.gov.sa,"Could not resolve host: dialin.scta.gov.sa"
dialin.scth.gov.sa,"Could not resolve host: dialin.scth.gov.sa"
dialin.sidf.gov.sa,"Could not resolve host: dialin.sidf.gov.sa"
dialin02.mol.gov.sa,"Could not resolve host: dialin02.mol.gov.sa"
dialin03.mol.gov.sa,"Could not resolve host: dialin03.mol.gov.sa"
dis.amana-md.gov.sa,"Could not resolve host: dis.amana-md.gov.sa"
dispute.bfc.gov.sa,"Could not resolve host: dispute.bfc.gov.sa"
dispute.idc.gov.sa,"Connection timed out after 3001 milliseconds"
dm-ex-ch01.dammam.gov.sa,"Could not resolve host: dm-ex-ch01.dammam.gov.sa"
dm-ex-ch02.dammam.gov.sa,"Could not resolve host: dm-ex-ch02.dammam.gov.sa"
dm-ex-ch03.dammam.gov.sa,"Could not resolve host: dm-ex-ch03.dammam.gov.sa"
dm-ex-ch04.dammam.gov.sa,"Could not resolve host: dm-ex-ch04.dammam.gov.sa"
dmmr-ex10.dmmr.gov.sa,"Could not resolve host: dmmr-ex10.dmmr.gov.sa"
dmmr.gov.sa,"Could not resolve host: dmmr.gov.sa"
dms.moci.gov.sa,"Could not resolve host: dms.moci.gov.sa"
dms.scta.gov.sa,"Could not resolve host: dms.scta.gov.sa"
dmsws.mlsd.gov.sa,"Could not resolve host: dmsws.mlsd.gov.sa"
docs.energy.gov.sa,"Could not resolve host: docs.energy.gov.sa"
docs.mhaedu.gov.sa,"Could not resolve host: docs.mhaedu.gov.sa"
download.cwa.scta.gov.sa,"Could not resolve host: download.cwa.scta.gov.sa"
dppedu.gov.sa,"Could not resolve host: dppedu.gov.sa"
dpqexchts01.sct.gov.sa,"Could not resolve host: dpqexchts01.sct.gov.sa"
dpqexchts02.sct.gov.sa,"Could not resolve host: dpqexchts02.sct.gov.sa"
dpqexchts03.sct.gov.sa,"Could not resolve host: dpqexchts03.sct.gov.sa"
dpqexmails01.sct.gov.sa,"Could not resolve host: dpqexmails01.sct.gov.sa"
dpqexmails02.sct.gov.sa,"Could not resolve host: dpqexmails02.sct.gov.sa"
dpqlyncprodfes02.sct.gov.sa,"Could not resolve host: dpqlyncprodfes02.sct.gov.sa"
dpqlyncprofes01.sct.gov.sa,"Could not resolve host: dpqlyncprofes01.sct.gov.sa"
dpqmchs01.sct.gov.sa,"Could not resolve host: dpqmchs01.sct.gov.sa"
dr1-exc-13.sfda.gov.sa,"Could not resolve host: dr1-exc-13.sfda.gov.sa"
drexchs01.sct.gov.sa,"Could not resolve host: drexchs01.sct.gov.sa"
drive.scth.gov.sa,"Could not resolve host: drive.scth.gov.sa"
drmail.dt1.mawthouq.gov.sa,"Could not resolve host: drmail.dt1.mawthouq.gov.sa"
drmail.dt2.mawthouq.gov.sa,"Could not resolve host: drmail.dt2.mawthouq.gov.sa"
drmail.dt3.mawthouq.gov.sa,"Could not resolve host: drmail.dt3.mawthouq.gov.sa"
drmail.dt4.mawthouq.gov.sa,"Could not resolve host: drmail.dt4.mawthouq.gov.sa"
drmail.dt5.mawthouq.gov.sa,"Could not resolve host: drmail.dt5.mawthouq.gov.sa"
dss.amana-md.gov.sa,"Could not resolve host: dss.amana-md.gov.sa"
dubam.gov.sa,"Could not resolve host: dubam.gov.sa"
dulani.gov.sa,"Connection timed out after 3002 milliseconds"
dwadmiedu.gov.sa,"Could not resolve host: dwadmiedu.gov.sa"
dzit.gov.sa,"Could not resolve host: dzit.gov.sa"
e-learning.swcc.gov.sa,"Could not resolve host: e-learning.swcc.gov.sa"
e-najran.gov.sa,"Connection timed out after 3002 milliseconds"
e-rcr.rcjy.gov.sa,"Could not resolve host: e-rcr.rcjy.gov.sa"
e-srv.holymakkah.gov.sa,"Could not resolve host: e-srv.holymakkah.gov.sa"
e-stage.jdph.gov.sa,"Could not resolve host: e-stage.jdph.gov.sa"
e.jdph.gov.sa,"Could not resolve host: e.jdph.gov.sa"
e.mci.gov.sa,"Could not resolve host: e.mci.gov.sa"
e.mci.gov.sa.mci.gov.sa,"Could not resolve host: e.mci.gov.sa.mci.gov.sa"
e.modon.gov.sa,"Could not resolve host: e.modon.gov.sa"
e.sba.gov.sa,"Resolving timed out after 3000 milliseconds"
eamana.gov.sa,"Could not resolve host: eamana.gov.sa"
easternemara.gov.sa,"Could not resolve host: easternemara.gov.sa"
eattendance.mofa.gov.sa,"Could not resolve host: eattendance.mofa.gov.sa"
ecm.moa.gov.sa,"Could not resolve host: ecm.moa.gov.sa"
ecm.mot.gov.sa,"Could not resolve host: ecm.mot.gov.sa"
eco.scth.gov.sa,"Could not resolve host: eco.scth.gov.sa"
ecosma.sfda.gov.sa,"Connection timed out after 3001 milliseconds"
ecr.mci.gov.sa,"Could not resolve host: ecr.mci.gov.sa"
ecr.mci.gov.sa.mci.gov.sa,"Could not resolve host: ecr.mci.gov.sa.mci.gov.sa"
ecra.gov.sa,"Could not resolve host: ecra.gov.sa"
ecs.moe.gov.sa,"Could not resolve host: ecs.moe.gov.sa"
edeposit.mci.gov.sa,"Could not resolve host: edeposit.mci.gov.sa"
edeposit.mci.gov.sa.mci.gov.sa,"Could not resolve host: edeposit.mci.gov.sa.mci.gov.sa"
edepositpp.mci.gov.sa,"Could not resolve host: edepositpp.mci.gov.sa"
edgepool.sct.gov.sa,"Could not resolve host: edgepool.sct.gov.sa"
edgepool.scta.gov.sa,"Could not resolve host: edgepool.scta.gov.sa"
edgepool.scth.gov.sa,"Could not resolve host: edgepool.scth.gov.sa"
editor.gc.momra.gov.sa,"Could not resolve host: editor.gc.momra.gov.sa"
edueast.gov.sa,"Could not resolve host: edueast.gov.sa"
eduwave.moe.gov.sa,"Could not resolve host: eduwave.moe.gov.sa"
eduwd.gov.sa,"Could not resolve host: eduwd.gov.sa"
eec.gov.sa,"Could not resolve host: eec.gov.sa"
efax.modon.gov.sa,"Could not resolve host: efax.modon.gov.sa"
egov.mopm-ta.gov.sa,"Could not resolve host: egov.mopm-ta.gov.sa"
eind.mci.gov.sa,"Could not resolve host: eind.mci.gov.sa"
eind.mci.gov.sa.mci.gov.sa,"Could not resolve host: eind.mci.gov.sa.mci.gov.sa"
ejar.gov.sa,"Could not resolve host: ejar.gov.sa"
el.laithedu.gov.sa,"Could not resolve host: el.laithedu.gov.sa"
email.alriyadh.gov.sa,"Could not resolve host: email.alriyadh.gov.sa"
email.amana-md.gov.sa,"Could not resolve host: email.amana-md.gov.sa"
email.bip.gov.sa,"Could not resolve host: email.bip.gov.sa"
email.bog.gov.sa,"Could not resolve host: email.bog.gov.sa"
email.holymakkah.gov.sa,"Could not resolve host: email.holymakkah.gov.sa"
email.moe.gov.sa,"Could not resolve host: email.moe.gov.sa"
email.moi.gov.sa,"Could not resolve host: email.moi.gov.sa"
email.mot.gov.sa,"Could not resolve host: email.mot.gov.sa"
emawad.mot.gov.sa,"Could not resolve host: emawad.mot.gov.sa"
embassies.mofa.gov.sa,"302"
emodon.modon.gov.sa,"Could not resolve host: emodon.modon.gov.sa"
emp.adf.gov.sa,"Connection timed out after 3001 milliseconds"
empcenter.modon.gov.sa,"Resolving timed out after 3000 milliseconds"
employee.sama.gov.sa,"Could not resolve host: employee.sama.gov.sa"
emr-jou-ex-01.jouf.gov.sa,"Could not resolve host: emr-jou-ex-01.jouf.gov.sa"
energy.gov.sa,"Could not resolve host: energy.gov.sa"
enjazmobile.moe.gov.sa,"Could not resolve host: enjazmobile.moe.gov.sa"
eog.gov.sa,"Could not resolve host: eog.gov.sa"
epm.mlsd.gov.sa,"Could not resolve host: epm.mlsd.gov.sa"
epm.moh.gov.sa,"Could not resolve host: epm.moh.gov.sa"
epm.mol.gov.sa,"Could not resolve host: epm.mol.gov.sa"
epm.momra.gov.sa,"Could not resolve host: epm.momra.gov.sa"
epmo.mol.gov.sa,"Could not resolve host: epmo.mol.gov.sa"
epmr.moe.gov.sa,"Could not resolve host: epmr.moe.gov.sa"
eportal.mot.gov.sa,"Could not resolve host: eportal.mot.gov.sa"
eqatif.gov.sa,"Connection timed out after 3001 milliseconds"
era.scta.gov.sa,"Could not resolve host: era.scta.gov.sa"
erp.adaa.gov.sa,"Could not resolve host: erp.adaa.gov.sa"
erp.mot.gov.sa,"Could not resolve host: erp.mot.gov.sa"
ers.seec.gov.sa,"Connection timed out after 3001 milliseconds"
ershad.mhaedu.gov.sa,"Could not resolve host: ershad.mhaedu.gov.sa"
ershadsabia.gc.gov.sa,"Could not resolve host: ershadsabia.gc.gov.sa"
es.adf.gov.sa,"Could not resolve host: es.adf.gov.sa"
esecure.mofa.gov.sa,"Could not resolve host: esecure.mofa.gov.sa"
eservice.gph.gov.sa,"Connection timed out after 3002 milliseconds"
eservice.modon.gov.sa,"Resolving timed out after 3001 milliseconds"
eservice.moh.gov.sa,"Could not resolve host: eservice.moh.gov.sa"
eservice.moj.gov.sa,"Resolving timed out after 3001 milliseconds"
eservice.sba.gov.sa,"200"
eservices.adf.gov.sa,"Connection timed out after 3002 milliseconds"
eservices.alriyadh.gov.sa,"200"
eservices.bip.gov.sa,"Could not resolve host: eservices.bip.gov.sa"
eservices.fg.gov.sa,"Connection timed out after 3002 milliseconds"
eservices.mci.gov.sa,"Could not resolve host: eservices.mci.gov.sa"
eservices.mci.gov.sa.mci.gov.sa,"Could not resolve host: eservices.mci.gov.sa.mci.gov.sa"
eservices.mcit.gov.sa,"Could not resolve host: eservices.mcit.gov.sa"
eservices.mcs.gov.sa,"Could not resolve host: eservices.mcs.gov.sa"
eservices.mlsd.gov.sa,"Could not resolve host: eservices.mlsd.gov.sa"
eservices.moi.gov.sa,"Could not resolve host: eservices.moi.gov.sa"
eservices.mot.gov.sa,"Could not resolve host: eservices.mot.gov.sa"
eservices.pension.gov.sa,"Could not resolve host: eservices.pension.gov.sa"
eservices.rcyanbu.gov.sa,"Could not resolve host: eservices.rcyanbu.gov.sa"
eservices.redf.gov.sa,"Operation timed out after 3001 milliseconds with 0 bytes received"
eservices.scsb.gov.sa,"Could not resolve host: eservices.scsb.gov.sa"
eservices.sfda.gov.sa,"Connection timed out after 3002 milliseconds"
eservices.sidf.gov.sa,"SSL certificate problem: unable to get local issuer certificate"
eskan.gov.sa,"Could not resolve host: eskan.gov.sa"
etransformation.gov.sa,"Could not resolve host: etransformation.gov.sa"
etsrg.gov.sa,"Could not resolve host: etsrg.gov.sa"
eum.mol.gov.sa,"Could not resolve host: eum.mol.gov.sa"
evaluation.mlsd.gov.sa,"Could not resolve host: evaluation.mlsd.gov.sa"
event.scta.gov.sa,"Could not resolve host: event.scta.gov.sa"
evserver01.mowe.gov.sa,"Could not resolve host: evserver01.mowe.gov.sa"
ex07.rsaf.gov.sa,"Could not resolve host: ex07.rsaf.gov.sa"
exam.moe.gov.sa,"301"
excas-hub.gsfmo.gov.sa,"Could not resolve host: excas-hub.gsfmo.gov.sa"
excas.mot.gov.sa,"Could not resolve host: excas.mot.gov.sa"
excassrv01.mot.gov.sa,"Could not resolve host: excassrv01.mot.gov.sa"
excassrv02.mot.gov.sa,"Could not resolve host: excassrv02.mot.gov.sa"
excassrv03.mot.gov.sa,"Could not resolve host: excassrv03.mot.gov.sa"
excassrv04.mot.gov.sa,"Could not resolve host: excassrv04.mot.gov.sa"
exch.scot.gov.sa,"Could not resolve host: exch.scot.gov.sa"
exchange.jaz.gov.sa,"Could not resolve host: exchange.jaz.gov.sa"
exchange.mot.gov.sa,"Could not resolve host: exchange.mot.gov.sa"
exchange.planning.gov.sa,"Could not resolve host: exchange.planning.gov.sa"
exchcashub01.gab.gov.sa,"Could not resolve host: exchcashub01.gab.gov.sa"
exchcashub02.gab.gov.sa,"Could not resolve host: exchcashub02.gab.gov.sa"
exhcsrv01.mot.gov.sa,"Could not resolve host: exhcsrv01.mot.gov.sa"
exhcsrv02.mot.gov.sa,"Could not resolve host: exhcsrv02.mot.gov.sa"
expe-clus02.mowe.gov.sa,"Could not resolve host: expe-clus02.mowe.gov.sa"
ext.pv.gov.sa,"Connection timed out after 3001 milliseconds"
external.alhasa.gov.sa,"403"
external.gcs.gov.sa,"Could not resolve host: external.gcs.gov.sa"
external.moj.gov.sa,"Resolving timed out after 3000 milliseconds"
external.mol.gov.sa,"Could not resolve host: external.mol.gov.sa"
external02.mol.gov.sa,"Could not resolve host: external02.mol.gov.sa"
external03.mol.gov.sa,"Could not resolve host: external03.mol.gov.sa"
external04.mol.gov.sa,"Could not resolve host: external04.mol.gov.sa"
extranet.moj.gov.sa,"Resolving timed out after 3000 milliseconds"
extranet.mot.gov.sa,"Could not resolve host: extranet.mot.gov.sa"
fax.modon.gov.sa,"Could not resolve host: fax.modon.gov.sa"
fb.mol.gov.sa,"Could not resolve host: fb.mol.gov.sa"
fcbs.gaca.gov.sa,"Could not resolve host: fcbs.gaca.gov.sa"
federation.sama.gov.sa,"Could not resolve host: federation.sama.gov.sa"
fef.moe.gov.sa,"Could not resolve host: fef.moe.gov.sa"
fef2.moe.gov.sa,"Resolving timed out after 3000 milliseconds"
fekratech.gov.sa,"Could not resolve host: fekratech.gov.sa"
fetan.laithedu.gov.sa,"Could not resolve host: fetan.laithedu.gov.sa"
fg.gov.sa,"200"
filer.moe.gov.sa,"Resolving timed out after 3000 milliseconds"
fleet.gc.momra.gov.sa,"Could not resolve host: fleet.gc.momra.gov.sa"
frcs.sfda.gov.sa,"Connection timed out after 3001 milliseconds"
fsf.gov.sa,"Could not resolve host: fsf.gov.sa"
fsproxy.rkhabra.gov.sa,"Could not resolve host: fsproxy.rkhabra.gov.sa"
ft.edueast.gov.sa,"Could not resolve host: ft.edueast.gov.sa"
ftp.gaca.gov.sa,"Could not resolve host: ftp.gaca.gov.sa"
fwint2.amana-md.gov.sa,"Could not resolve host: fwint2.amana-md.gov.sa"
gab.gov.sa,"Could not resolve host: gab.gov.sa"
gaca.gov.sa,"Connection timed out after 3002 milliseconds"
gate.mosa.gov.sa,"Could not resolve host: gate.mosa.gov.sa"
gate.shaqraedu.gov.sa,"Could not resolve host: gate.shaqraedu.gov.sa"
gc.momra.gov.sa,"Failed to connect to gc.momra.gov.sa port 443 after 181 ms: Could not connect to server"
gca.gov.sa,"302"
gcam.gov.sa,"Could not resolve host: gcam.gov.sa"
gce.gov.sa,"Could not resolve host: gce.gov.sa"
gchat1.gaca.gov.sa,"Could not resolve host: gchat1.gaca.gov.sa"
gchat2.gaca.gov.sa,"Could not resolve host: gchat2.gaca.gov.sa"
gcs.gov.sa,"Could not resolve host: gcs.gov.sa"
gdis.gov.sa,"Could not resolve host: gdis.gov.sa"
gdmw.gov.sa,"Could not resolve host: gdmw.gov.sa"
gdnc.gov.sa,"Connection timed out after 3001 milliseconds"
gea.gov.sa,"301"
geo.gis.moe.gov.sa,"Resolving timed out after 3000 milliseconds"
geo.moe.gov.sa,"Could not resolve host: geo.moe.gov.sa"
geosystems.momra.gov.sa,"Recv failure: Connexion ré-initialisée par le correspondant"
gip-mail.gip.gov.sa,"Could not resolve host: gip-mail.gip.gov.sa"
gip.gov.sa,"Connection timed out after 3001 milliseconds"
gis.ars.gov.sa,"Could not resolve host: gis.ars.gov.sa"
gis.moe.gov.sa,"Resolving timed out after 3000 milliseconds"
gis.mot.gov.sa,"Could not resolve host: gis.mot.gov.sa"
giscloud.gc.momra.gov.sa,"Could not resolve host: giscloud.gc.momra.gov.sa"
gntp.yesser.gov.sa,"Could not resolve host: gntp.yesser.gov.sa"
gosi.gov.sa,"302"
gpyw.gov.sa,"Connection timed out after 3001 milliseconds"
gsfmo.gov.sa,"Could not resolve host: gsfmo.gov.sa"
gw.gov.sa,"Could not resolve host: gw.gov.sa"
haddadedu.gov.sa,"Could not resolve host: haddadedu.gov.sa"
hadir.momra.gov.sa,"Could not resolve host: hadir.momra.gov.sa"
hafiz.gov.sa,"Could not resolve host: hafiz.gov.sa"
hafizaccount.hafiz.gov.sa,"Could not resolve host: hafizaccount.hafiz.gov.sa"
haj.gov.sa,"Could not resolve host: haj.gov.sa"
hawiyati.gov.sa,"Could not resolve host: hawiyati.gov.sa"
hbthedu.gov.sa,"Could not resolve host: hbthedu.gov.sa"
hcs01-srvr.sidf.gov.sa,"Could not resolve host: hcs01-srvr.sidf.gov.sa"
hcs02-srvr.sidf.gov.sa,"Could not resolve host: hcs02-srvr.sidf.gov.sa"
hdsmap.gov.sa,"Could not resolve host: hdsmap.gov.sa"
he.moe.gov.sa,"Could not resolve host: he.moe.gov.sa"
hec.gov.sa,"Could not resolve host: hec.gov.sa"
hef.gov.sa,"403"
helpdesk.sharqiah.gov.sa,"Could not resolve host: helpdesk.sharqiah.gov.sa"
hida.gov.sa,"Could not resolve host: hida.gov.sa"
hmm-ch01.holymakkah.gov.sa,"Could not resolve host: hmm-ch01.holymakkah.gov.sa"
hmm-ch02.holymakkah.gov.sa,"Could not resolve host: hmm-ch02.holymakkah.gov.sa"
hmm-edg01.holymakkah.gov.sa,"Could not resolve host: hmm-edg01.holymakkah.gov.sa"
hmm-edg02.holymakkah.gov.sa,"Could not resolve host: hmm-edg02.holymakkah.gov.sa"
hmm-lync.holymakkah.gov.sa,"Could not resolve host: hmm-lync.holymakkah.gov.sa"
hmm.gov.sa,"200"
hmmc.gov.sa,"Could not resolve host: hmmc.gov.sa"
hmmedge01.holymakkah.gov.sa,"Could not resolve host: hmmedge01.holymakkah.gov.sa"
hmmex01.holymakkah.gov.sa,"Could not resolve host: hmmex01.holymakkah.gov.sa"
hmmssrv.holymakkah.gov.sa,"Could not resolve host: hmmssrv.holymakkah.gov.sa"
hms.amana-md.gov.sa,"200"
holymakkah.gov.sa,"308"
home.qassimedu.gov.sa,"Could not resolve host: home.qassimedu.gov.sa"
host.ccbishaedu.gov.sa,"Could not resolve host: host.ccbishaedu.gov.sa"
housing.gov.sa,"Could not resolve host: housing.gov.sa"
hqhcs01.tel.moi.gov.sa,"Could not resolve host: hqhcs01.tel.moi.gov.sa"
hqhcs02.tel.moi.gov.sa,"Could not resolve host: hqhcs02.tel.moi.gov.sa"
hqrhcs01.sang.gov.sa,"Could not resolve host: hqrhcs01.sang.gov.sa"
hqrhcs02.sang.gov.sa,"Could not resolve host: hqrhcs02.sang.gov.sa"
hqrhcs03.sang.gov.sa,"Could not resolve host: hqrhcs03.sang.gov.sa"
hqrhcs04.sang.gov.sa,"Resolving timed out after 3001 milliseconds"
hu.msi.gov.sa,"Could not resolve host: hu.msi.gov.sa"
hubcas01.emaratriyadh.gov.sa,"Could not resolve host: hubcas01.emaratriyadh.gov.sa"
hubcas02.emaratriyadh.gov.sa,"Could not resolve host: hubcas02.emaratriyadh.gov.sa"
iam.gov.sa,"302"
iam.momra.gov.sa,"Could not resolve host: iam.momra.gov.sa"
ibtikar.ma3an.gov.sa,"Could not resolve host: ibtikar.ma3an.gov.sa"
ic.gov.sa,"Could not resolve host: ic.gov.sa"
icsc.gov.sa,"Could not resolve host: icsc.gov.sa"
icsrv-ex1.ic.gov.sa,"Could not resolve host: icsrv-ex1.ic.gov.sa"
icsrv-ex2.ic.gov.sa,"Could not resolve host: icsrv-ex2.ic.gov.sa"
ids.gov.sa,"SSL certificate problem: unable to get local issuer certificate"
ilink.scsb.gov.sa,"Could not resolve host: ilink.scsb.gov.sa"
ilt-deraa.moi.gov.sa,"Could not resolve host: ilt-deraa.moi.gov.sa"
im.mol.gov.sa,"Could not resolve host: im.mol.gov.sa"
imap.citc.gov.sa,"Could not resolve host: imap.citc.gov.sa"
imap.makkah.gov.sa,"Could not resolve host: imap.makkah.gov.sa"
imap.mohe.gov.sa,"Could not resolve host: imap.mohe.gov.sa"
imap.mot.gov.sa,"Could not resolve host: imap.mot.gov.sa"
imap.scta.gov.sa,"Could not resolve host: imap.scta.gov.sa"
imap.scth.gov.sa,"Could not resolve host: imap.scth.gov.sa"
imap4.mot.gov.sa,"Could not resolve host: imap4.mot.gov.sa"
imsva.gsfmo.gov.sa,"Could not resolve host: imsva.gsfmo.gov.sa"
infolink.mofa.gov.sa,"Could not resolve host: infolink.mofa.gov.sa"
int-casarray.rsaf.gov.sa,"Could not resolve host: int-casarray.rsaf.gov.sa"
intekhab.gov.sa,"Could not resolve host: intekhab.gov.sa"
internal.energy.gov.sa,"Could not resolve host: internal.energy.gov.sa"
intra.moj.gov.sa,"Resolving timed out after 3000 milliseconds"
intranet.energy.gov.sa,"Could not resolve host: intranet.energy.gov.sa"
intranet.moj.gov.sa,"Resolving timed out after 3000 milliseconds"
intranet.mot.gov.sa,"Could not resolve host: intranet.mot.gov.sa"
intranet.yesser.gov.sa,"Could not resolve host: intranet.yesser.gov.sa"
investinqassim.gov.sa,"Could not resolve host: investinqassim.gov.sa"
ipc.sama.gov.sa,"Connection timed out after 3001 milliseconds"
iph-qa.adaa.gov.sa,"Could not resolve host: iph-qa.adaa.gov.sa"
iph-standby.adaa.gov.sa,"Could not resolve host: iph-standby.adaa.gov.sa"
iph-uat.adaa.gov.sa,"Could not resolve host: iph-uat.adaa.gov.sa"
iptel.nic.gov.sa,"Connection timed out after 3002 milliseconds"
isap.moe.gov.sa,"Could not resolve host: isap.moe.gov.sa"
ishrafgate.gov.sa,"Could not resolve host: ishrafgate.gov.sa"
islah.gov.sa,"Could not resolve host: islah.gov.sa"
itm.moe.gov.sa,"Resolving timed out after 3000 milliseconds"
itrack.yesser.gov.sa,"Could not resolve host: itrack.yesser.gov.sa"
j-psy-moh.gov.sa,"Could not resolve host: j-psy-moh.gov.sa"
jahiz.moe.gov.sa,"Could not resolve host: jahiz.moe.gov.sa"
jalsah.gov.sa,"Could not resolve host: jalsah.gov.sa"
jazan.gov.sa,"Connection timed out after 3002 milliseconds"
jazanh.gov.sa,"Could not resolve host: jazanh.gov.sa"
jazanpsych.gov.sa,"Could not resolve host: jazanpsych.gov.sa"
jb230expe01.wj.gaca.gov.sa,"Could not resolve host: jb230expe01.wj.gaca.gov.sa"
jb230expe02.wj.gaca.gov.sa,"Could not resolve host: jb230expe02.wj.gaca.gov.sa"
jdf.gov.sa,"Could not resolve host: jdf.gov.sa"
jdph.gov.sa,"Could not resolve host: jdph.gov.sa"
jedcashub.moci.gov.sa,"Could not resolve host: jedcashub.moci.gov.sa"
jeddah.gov.sa,"Connection timed out after 3002 milliseconds"
jeddahportal.jeddah.gov.sa,"Could not resolve host: jeddahportal.jeddah.gov.sa"
jedpool01.gaca.gov.sa,"Could not resolve host: jedpool01.gaca.gov.sa"
jedutr.gov.sa,"Could not resolve host: jedutr.gov.sa"
jep.gov.sa,"Could not resolve host: jep.gov.sa"
jexpeclus01.wj.gaca.gov.sa,"Could not resolve host: jexpeclus01.wj.gaca.gov.sa"
jobs.bog.gov.sa,"Could not resolve host: jobs.bog.gov.sa"
jobs.fg.gov.sa,"Failed to connect to jobs.fg.gov.sa port 443 after 2343 ms: Could not connect to server"
jobs.gip.gov.sa,"Could not resolve host: jobs.gip.gov.sa"
jobs.mofa.gov.sa,"Could not resolve host: jobs.mofa.gov.sa"
jobs.moi.gov.sa,"Resolving timed out after 3000 milliseconds"
jobs.mot.gov.sa,"Could not resolve host: jobs.mot.gov.sa"
jodah.qassimedu.gov.sa,"Could not resolve host: jodah.qassimedu.gov.sa"
judgesvacation.moj.gov.sa,"Resolving timed out after 3000 milliseconds"
kacare.gov.sa,"Could not resolve host: kacare.gov.sa"
kafalah.gov.sa,"Could not resolve host: kafalah.gov.sa"
kamc.gov.sa,"Could not resolve host: kamc.gov.sa"
kc.jeddah.gov.sa,"Connection timed out after 3002 milliseconds"
kfhh.gov.sa,"Could not resolve host: kfhh.gov.sa"
kfmcom.gov.sa,"Could not resolve host: kfmcom.gov.sa"
kh-mun.gov.sa,"Could not resolve host: kh-mun.gov.sa"
khem.khm.gov.sa,"Could not resolve host: khem.khm.gov.sa"
khm.gov.sa,"Could not resolve host: khm.gov.sa"
khulaisedu.gov.sa,"Could not resolve host: khulaisedu.gov.sa"
khutwa.mof.gov.sa,"SSL certificate problem: unable to get local issuer certificate"
kkmcom.gov.sa,"Could not resolve host: kkmcom.gov.sa"
kkmh.gov.sa,"Could not resolve host: kkmh.gov.sa"
kmc.gov.sa,"Could not resolve host: kmc.gov.sa"
kskc.gov.sa,"Could not resolve host: kskc.gov.sa"
laboreducation.gov.sa,"Could not resolve host: laboreducation.gov.sa"
laithedu.gov.sa,"Could not resolve host: laithedu.gov.sa"
learn.moh.gov.sa,"Could not resolve host: learn.moh.gov.sa"
legacy.dammam.gov.sa,"Could not resolve host: legacy.dammam.gov.sa"
legacy.ecra.gov.sa,"Could not resolve host: legacy.ecra.gov.sa"
legacy.fg.gov.sa,"Connection timed out after 3002 milliseconds"
legacy.gaca.gov.sa,"Could not resolve host: legacy.gaca.gov.sa"
legacy.gdnc.gov.sa,"Could not resolve host: legacy.gdnc.gov.sa"
legacy.holymakkah.gov.sa,"Could not resolve host: legacy.holymakkah.gov.sa"
legacy.local.ecra.gov.sa,"Could not resolve host: legacy.local.ecra.gov.sa"
legacy.mci.gov.sa,"Could not resolve host: legacy.mci.gov.sa"
legacy.moa.gov.sa,"Could not resolve host: legacy.moa.gov.sa"
legacy.modon.gov.sa,"Could not resolve host: legacy.modon.gov.sa"
legacy.moh.gov.sa,"Could not resolve host: legacy.moh.gov.sa"
legacy.moia.gov.sa,"Could not resolve host: legacy.moia.gov.sa"
legacy.momra.gov.sa,"Could not resolve host: legacy.momra.gov.sa"
legacy.mot.gov.sa,"Could not resolve host: legacy.mot.gov.sa"
legacy.mowe.gov.sa,"Could not resolve host: legacy.mowe.gov.sa"
legacy.rcjubail.gov.sa,"Could not resolve host: legacy.rcjubail.gov.sa"
legacy.sfda.gov.sa,"Could not resolve host: legacy.sfda.gov.sa"
len.scsb.gov.sa,"Could not resolve host: len.scsb.gov.sa"
lep.mof.gov.sa,"Could not resolve host: lep.mof.gov.sa"
leqaa.moe.gov.sa,"Could not resolve host: leqaa.moe.gov.sa"
lib.mot.gov.sa,"Could not resolve host: lib.mot.gov.sa"
livechat.mot.gov.sa,"Could not resolve host: livechat.mot.gov.sa"
lm.mot.gov.sa,"Could not resolve host: lm.mot.gov.sa"
lms.cisjubail.gov.sa,"Could not resolve host: lms.cisjubail.gov.sa"
lms.mohj.gov.sa,"Could not resolve host: lms.mohj.gov.sa"
local.ecra.gov.sa,"Could not resolve host: local.ecra.gov.sa"
local.makkah.gov.sa,"Could not resolve host: local.makkah.gov.sa"
lqa.scta.gov.sa,"Could not resolve host: lqa.scta.gov.sa"
lqa.scth.gov.sa,"Could not resolve host: lqa.scth.gov.sa"
lsportal.momra.gov.sa,"Could not resolve host: lsportal.momra.gov.sa"
lsrp.bog.gov.sa,"Could not resolve host: lsrp.bog.gov.sa"
lsrp.moh.gov.sa,"Could not resolve host: lsrp.moh.gov.sa"
lteservice.mot.gov.sa,"Could not resolve host: lteservice.mot.gov.sa"
lteservices.mot.gov.sa,"Could not resolve host: lteservices.mot.gov.sa"
lwa.alriyadh.gov.sa,"Could not resolve host: lwa.alriyadh.gov.sa"
lwa.sct.gov.sa,"Could not resolve host: lwa.sct.gov.sa"
lwa.scta.gov.sa,"Could not resolve host: lwa.scta.gov.sa"
lwa.scth.gov.sa,"Could not resolve host: lwa.scth.gov.sa"
lws.holymakkah.gov.sa,"Could not resolve host: lws.holymakkah.gov.sa"
lync-pr-wac01.moh.gov.sa,"Could not resolve host: lync-pr-wac01.moh.gov.sa"
lync-pr-wac02.moh.gov.sa,"Could not resolve host: lync-pr-wac02.moh.gov.sa"
lync-wac.sidf.gov.sa,"Could not resolve host: lync-wac.sidf.gov.sa"
lync.alriyadh.gov.sa,"Could not resolve host: lync.alriyadh.gov.sa"
lync.amana-md.gov.sa,"Could not resolve host: lync.amana-md.gov.sa"
lync.holymakkah.gov.sa,"Could not resolve host: lync.holymakkah.gov.sa"
lync2013web.mot.gov.sa,"Could not resolve host: lync2013web.mot.gov.sa"
lyncadmin.holymakkah.gov.sa,"Could not resolve host: lyncadmin.holymakkah.gov.sa"
lyncadmin.modon.gov.sa,"Could not resolve host: lyncadmin.modon.gov.sa"
lyncadmin.redf.gov.sa,"Could not resolve host: lyncadmin.redf.gov.sa"
lyncdiscover.alhasa.gov.sa,"Could not resolve host: lyncdiscover.alhasa.gov.sa"
lyncdiscover.alriyadh.gov.sa,"Could not resolve host: lyncdiscover.alriyadh.gov.sa"
lyncdiscover.amana-md.gov.sa,"Resolving timed out after 3000 milliseconds"
lyncdiscover.bog.gov.sa,"Could not resolve host: lyncdiscover.bog.gov.sa"
lyncdiscover.gaca.gov.sa,"Could not resolve host: lyncdiscover.gaca.gov.sa"
lyncdiscover.gcs.gov.sa,"Could not resolve host: lyncdiscover.gcs.gov.sa"
lyncdiscover.holymakkah.gov.sa,"Could not resolve host: lyncdiscover.holymakkah.gov.sa"
lyncdiscover.ids.gov.sa,"Could not resolve host: lyncdiscover.ids.gov.sa"
lyncdiscover.modon.gov.sa,"Could not resolve host: lyncdiscover.modon.gov.sa"
lyncdiscover.moh.gov.sa,"Connection timed out after 3002 milliseconds"
lyncdiscover.moj.gov.sa,"Resolving timed out after 3001 milliseconds"
lyncdiscover.mol.gov.sa,"Could not resolve host: lyncdiscover.mol.gov.sa"
lyncdiscover.mot.gov.sa,"Could not resolve host: lyncdiscover.mot.gov.sa"
lyncdiscover.redf.gov.sa,"Connection timed out after 3002 milliseconds"
lyncdiscover.rkhabra.gov.sa,"Could not resolve host: lyncdiscover.rkhabra.gov.sa"
lyncdiscover.sct.gov.sa,"Could not resolve host: lyncdiscover.sct.gov.sa"
lyncdiscover.scta.gov.sa,"Could not resolve host: lyncdiscover.scta.gov.sa"
lyncdiscover.scth.gov.sa,"Could not resolve host: lyncdiscover.scth.gov.sa"
lyncdiscover.sidf.gov.sa,"Could not resolve host: lyncdiscover.sidf.gov.sa"
lyncdiscoverinternal.sct.gov.sa,"Could not resolve host: lyncdiscoverinternal.sct.gov.sa"
lyncdiscoverinternal.scta.gov.sa,"Could not resolve host: lyncdiscoverinternal.scta.gov.sa"
lyncdiscoverinternal.scth.gov.sa,"Could not resolve host: lyncdiscoverinternal.scth.gov.sa"
lyncdiscoverinternal.sidf.gov.sa,"Could not resolve host: lyncdiscoverinternal.sidf.gov.sa"
lyncedgepool.mot.gov.sa,"Could not resolve host: lyncedgepool.mot.gov.sa"
lyncofficewebapp.moj.gov.sa,"Resolving timed out after 3002 milliseconds"
lyncofficewebapp.mol.gov.sa,"Could not resolve host: lyncofficewebapp.mol.gov.sa"
lyncweb.alhasa.gov.sa,"Could not resolve host: lyncweb.alhasa.gov.sa"
lyncweb.ids.gov.sa,"Could not resolve host: lyncweb.ids.gov.sa"
lyncweb.redf.gov.sa,"Could not resolve host: lyncweb.redf.gov.sa"
lyncweb.rkhabra.gov.sa,"Could not resolve host: lyncweb.rkhabra.gov.sa"
lyncweb.sidf.gov.sa,"Could not resolve host: lyncweb.sidf.gov.sa"
m-medu.gov.sa,"Could not resolve host: m-medu.gov.sa"
m.chs.gov.sa,"Could not resolve host: m.chs.gov.sa"
m.dwadmiedu.gov.sa,"Could not resolve host: m.dwadmiedu.gov.sa"
ma3an.gov.sa,"Could not resolve host: ma3an.gov.sa"
ma3an.mol.gov.sa,"Could not resolve host: ma3an.mol.gov.sa"
maak.saudi.gov.sa,"Could not resolve host: maak.saudi.gov.sa"
mabqaiq.gov.sa,"Could not resolve host: mabqaiq.gov.sa"
madinaedu.gov.sa,"Could not resolve host: madinaedu.gov.sa"
mag.moj.gov.sa,"Resolving timed out after 3001 milliseconds"
mail.900moi.gov.sa,"Could not resolve host: mail.900moi.gov.sa"
mail.998.gov.sa,"Could not resolve host: mail.998.gov.sa"
mail.adf.gov.sa,"Connection timed out after 3001 milliseconds"
mail.ahwal.gov.sa,"Could not resolve host: mail.ahwal.gov.sa"
mail.alahsa-health.gov.sa,"Could not resolve host: mail.alahsa-health.gov.sa"
mail.albaha.gov.sa,"Could not resolve host: mail.albaha.gov.sa"
mail.albahainv.gov.sa,"Could not resolve host: mail.albahainv.gov.sa"
mail.albirkgedu.gov.sa,"Could not resolve host: mail.albirkgedu.gov.sa"
mail.albosor-m.gov.sa,"Could not resolve host: mail.albosor-m.gov.sa"
mail.alhasa.gov.sa,"Could not resolve host: mail.alhasa.gov.sa"
mail.aljoufedu.gov.sa,"Could not resolve host: mail.aljoufedu.gov.sa"
mail.alkhitah.gov.sa,"Could not resolve host: mail.alkhitah.gov.sa"
mail.allaithged.gov.sa,"Could not resolve host: mail.allaithged.gov.sa"
mail.almuzahmiyyaedu.gov.sa,"Could not resolve host: mail.almuzahmiyyaedu.gov.sa"
mail.alqasabcc.gov.sa,"Could not resolve host: mail.alqasabcc.gov.sa"
mail.alrass-m.gov.sa,"Could not resolve host: mail.alrass-m.gov.sa"
mail.alrassge.gov.sa,"Could not resolve host: mail.alrassge.gov.sa"
mail.alriyadh.gov.sa,"Connection timed out after 3002 milliseconds"
mail.amana-assir.gov.sa,"Could not resolve host: mail.amana-assir.gov.sa"
mail.amana-md.gov.sa,"Failed to connect to mail.amana-md.gov.sa port 443 after 178 ms: Could not connect to server"
mail.amanataljouf.gov.sa,"302"
mail.app.mhaedu.gov.sa,"Could not resolve host: mail.app.mhaedu.gov.sa"
mail.arar-mu.gov.sa,"Could not resolve host: mail.arar-mu.gov.sa"
mail.ars.gov.sa,"302"
mail.art.gov.sa,"Could not resolve host: mail.art.gov.sa"
mail.aseerhealth.gov.sa,"Could not resolve host: mail.aseerhealth.gov.sa"
mail.ata-hail.gov.sa,"Could not resolve host: mail.ata-hail.gov.sa"
mail.awqaf.gov.sa,"Could not resolve host: mail.awqaf.gov.sa"
mail.bahaedu.gov.sa,"Could not resolve host: mail.bahaedu.gov.sa"
mail.bahaeslah.gov.sa,"Could not resolve host: mail.bahaeslah.gov.sa"
mail.baladialula.gov.sa,"Could not resolve host: mail.baladialula.gov.sa"
mail.balgree.gov.sa,"Could not resolve host: mail.balgree.gov.sa"
mail.baqaahealth.gov.sa,"Could not resolve host: mail.baqaahealth.gov.sa"
mail.bc.gov.sa,"Could not resolve host: mail.bc.gov.sa"
mail.bip.gov.sa,"Could not resolve host: mail.bip.gov.sa"
mail.bishaedu.gov.sa,"Could not resolve host: mail.bishaedu.gov.sa"
mail.boe.gov.sa,"Could not resolve host: mail.boe.gov.sa"
mail.buk.gov.sa,"Could not resolve host: mail.buk.gov.sa"
mail.cds.gov.sa,"Could not resolve host: mail.cds.gov.sa"
mail.chs.gov.sa,"Could not resolve host: mail.chs.gov.sa"
mail.cib.gov.sa,"Could not resolve host: mail.cib.gov.sa"
mail.citc.gov.sa,"Could not resolve host: mail.citc.gov.sa"
mail.cmr.gov.sa,"Could not resolve host: mail.cmr.gov.sa"
mail.cppa.gov.sa,"Could not resolve host: mail.cppa.gov.sa"
mail.cst.gov.sa,"Could not resolve host: mail.cst.gov.sa"
mail.dammam.gov.sa,"Could not resolve host: mail.dammam.gov.sa"
mail.dcom.gov.sa,"Could not resolve host: mail.dcom.gov.sa"
mail.dharyah.gov.sa,"Could not resolve host: mail.dharyah.gov.sa"
mail.dmmr.gov.sa,"Could not resolve host: mail.dmmr.gov.sa"
mail.docs.mhaedu.gov.sa,"Could not resolve host: mail.docs.mhaedu.gov.sa"
mail.dppedu.gov.sa,"Could not resolve host: mail.dppedu.gov.sa"
mail.dt1.mawthouq.gov.sa,"Could not resolve host: mail.dt1.mawthouq.gov.sa"
mail.dt2.mawthouq.gov.sa,"Could not resolve host: mail.dt2.mawthouq.gov.sa"
mail.dt3.mawthouq.gov.sa,"Could not resolve host: mail.dt3.mawthouq.gov.sa"
mail.dt4.mawthouq.gov.sa,"Could not resolve host: mail.dt4.mawthouq.gov.sa"
mail.dt5.mawthouq.gov.sa,"Could not resolve host: mail.dt5.mawthouq.gov.sa"
mail.dubam.gov.sa,"Could not resolve host: mail.dubam.gov.sa"
mail.dzit.gov.sa,"Could not resolve host: mail.dzit.gov.sa"
mail.e-najran.gov.sa,"Could not resolve host: mail.e-najran.gov.sa"
mail.eca.gov.sa,"Could not resolve host: mail.eca.gov.sa"
mail.eduwd.gov.sa,"Could not resolve host: mail.eduwd.gov.sa"
mail.emartaseer.gov.sa,"Could not resolve host: mail.emartaseer.gov.sa"
mail.energy.gov.sa,"Could not resolve host: mail.energy.gov.sa"
mail.eog.gov.sa,"Could not resolve host: mail.eog.gov.sa"
mail.ershad.mhaedu.gov.sa,"Could not resolve host: mail.ershad.mhaedu.gov.sa"
mail.etsrg.gov.sa,"Could not resolve host: mail.etsrg.gov.sa"
mail.fg.gov.sa,"Connection timed out after 3001 milliseconds"
mail.gab.gov.sa,"Could not resolve host: mail.gab.gov.sa"
mail.gaca.gov.sa,"Could not resolve host: mail.gaca.gov.sa"
mail.gca.gov.sa,"302"
mail.gcam.gov.sa,"Could not resolve host: mail.gcam.gov.sa"
mail.gce.gov.sa,"Could not resolve host: mail.gce.gov.sa"
mail.gcs.gov.sa,"Could not resolve host: mail.gcs.gov.sa"
mail.gdnc.gov.sa,"301"
mail.gip.gov.sa,"Could not resolve host: mail.gip.gov.sa"
mail.gph.gov.sa,"Could not resolve host: mail.gph.gov.sa"
mail.gpyw.gov.sa,"Could not resolve host: mail.gpyw.gov.sa"
mail.gsfmo.gov.sa,"Could not resolve host: mail.gsfmo.gov.sa"
mail.haddadedu.gov.sa,"Could not resolve host: mail.haddadedu.gov.sa"
mail.hafiz.gov.sa,"Could not resolve host: mail.hafiz.gov.sa"
mail.hbthedu.gov.sa,"Could not resolve host: mail.hbthedu.gov.sa"
mail.hdsmap.gov.sa,"Could not resolve host: mail.hdsmap.gov.sa"
mail.hef.gov.sa,"SSL certificate problem: unable to get local issuer certificate"
mail.hida.gov.sa,"Could not resolve host: mail.hida.gov.sa"
mail.hmmc.gov.sa,"Could not resolve host: mail.hmmc.gov.sa"
mail.holymakkah.gov.sa,"Failed to connect to mail.holymakkah.gov.sa port 443 after 190 ms: Could not connect to server"
mail.housing.gov.sa,"Could not resolve host: mail.housing.gov.sa"
mail.hrc.gov.sa,"Could not resolve host: mail.hrc.gov.sa"
mail.ic.gov.sa,"Could not resolve host: mail.ic.gov.sa"
mail.icsc.gov.sa,"Could not resolve host: mail.icsc.gov.sa"
mail.islah.gov.sa,"Could not resolve host: mail.islah.gov.sa"
mail.jaz.gov.sa,"Could not resolve host: mail.jaz.gov.sa"
mail.jazanh.gov.sa,"Could not resolve host: mail.jazanh.gov.sa"
mail.jdf.gov.sa,"Could not resolve host: mail.jdf.gov.sa"
mail.jeddah.gov.sa,"Could not resolve host: mail.jeddah.gov.sa"
mail.jedutr.gov.sa,"Could not resolve host: mail.jedutr.gov.sa"
mail.kacare.gov.sa,"Could not resolve host: mail.kacare.gov.sa"
mail.kfhh.gov.sa,"Could not resolve host: mail.kfhh.gov.sa"
mail.kfmcom.gov.sa,"Could not resolve host: mail.kfmcom.gov.sa"
mail.kfnl.gov.sa,"Failed to connect to mail.kfnl.gov.sa port 443 after 268 ms: Could not connect to server"
mail.khulaisedu.gov.sa,"Could not resolve host: mail.khulaisedu.gov.sa"
mail.kingguests.gov.sa,"Could not resolve host: mail.kingguests.gov.sa"
mail.kkmh.gov.sa,"Could not resolve host: mail.kkmh.gov.sa"
mail.kmc.gov.sa,"Could not resolve host: mail.kmc.gov.sa"
mail.kskc.gov.sa,"Could not resolve host: mail.kskc.gov.sa"
mail.laithedu.gov.sa,"Could not resolve host: mail.laithedu.gov.sa"
mail.mabqaiq.gov.sa,"Could not resolve host: mail.mabqaiq.gov.sa"
mail.mahdedu.gov.sa,"Could not resolve host: mail.mahdedu.gov.sa"
mail.maisan.gov.sa,"Could not resolve host: mail.maisan.gov.sa"
mail.majedu.gov.sa,"Could not resolve host: mail.majedu.gov.sa"
mail.makkah.gov.sa,"Could not resolve host: mail.makkah.gov.sa"
mail.mc.gov.sa,"Could not resolve host: mail.mc.gov.sa"
mail.mci.gov.sa,"Could not resolve host: mail.mci.gov.sa"
mail.mcs.gov.sa,"Could not resolve host: mail.mcs.gov.sa"
mail.mda.gov.sa,"Could not resolve host: mail.mda.gov.sa"
mail.mdge.gov.sa,"Could not resolve host: mail.mdge.gov.sa"
mail.mep.gov.sa,"Connection timed out after 3002 milliseconds"
mail.methnbedu.gov.sa,"Could not resolve host: mail.methnbedu.gov.sa"
mail.mlsd.gov.sa,"Could not resolve host: mail.mlsd.gov.sa"
mail.mmc.gov.sa,"Could not resolve host: mail.mmc.gov.sa"
mail.moa.gov.sa,"Could not resolve host: mail.moa.gov.sa"
mail.moci.gov.sa,"Could not resolve host: mail.moci.gov.sa"
mail.moda.gov.sa,"Could not resolve host: mail.moda.gov.sa"
mail.modon.gov.sa,"SSL certificate problem: unable to get local issuer certificate"
mail.moe.gov.sa,"Could not resolve host: mail.moe.gov.sa"
mail.mofa.gov.sa,"Could not resolve host: mail.mofa.gov.sa"
mail.moh.gov.sa,"200"
mail.mohe.gov.sa,"Could not resolve host: mail.mohe.gov.sa"
mail.moi.gov.sa,"Could not resolve host: mail.moi.gov.sa"
mail.moia.gov.sa,"Connection timed out after 3001 milliseconds"
mail.moimsd.gov.sa,"Resolving timed out after 3000 milliseconds"
mail.moisp.gov.sa,"Could not resolve host: mail.moisp.gov.sa"
mail.moj.gov.sa,"Could not resolve host: mail.moj.gov.sa"
mail.mol.gov.sa,"Could not resolve host: mail.mol.gov.sa"
mail.momra.gov.sa,"302"
mail.mopm-ta.gov.sa,"Could not resolve host: mail.mopm-ta.gov.sa"
mail.mosa.gov.sa,"Could not resolve host: mail.mosa.gov.sa"
mail.mot.gov.sa,"Could not resolve host: mail.mot.gov.sa"
mail.mowaih.gov.sa,"Could not resolve host: mail.mowaih.gov.sa"
mail.msi.gov.sa,"Could not resolve host: mail.msi.gov.sa"
mail.mtc.gov.sa,"Could not resolve host: mail.mtc.gov.sa"
mail.mwa.gov.sa,"Could not resolve host: mail.mwa.gov.sa"
mail.najran.gov.sa,"SSL certificate problem: unable to get local issuer certificate"
mail.namasedu.gov.sa,"Could not resolve host: mail.namasedu.gov.sa"
mail.nazaha.gov.sa,"Could not resolve host: mail.nazaha.gov.sa"
mail.ncc.gov.sa,"Could not resolve host: mail.ncc.gov.sa"
mail.nccam.gov.sa,"Could not resolve host: mail.nccam.gov.sa"
mail.ncda.gov.sa,"Could not resolve host: mail.ncda.gov.sa"
mail.nclom.gov.sa,"Could not resolve host: mail.nclom.gov.sa"
mail.ncsc.gov.sa,"Could not resolve host: mail.ncsc.gov.sa"
mail.nhic.gov.sa,"401"
mail.northedu.gov.sa,"Could not resolve host: mail.northedu.gov.sa"
mail.nre.gov.sa,"Could not resolve host: mail.nre.gov.sa"
mail.orders.buk.gov.sa,"Could not resolve host: mail.orders.buk.gov.sa"
mail.pension.gov.sa,"Could not resolve host: mail.pension.gov.sa"
mail.pgd.gov.sa,"Could not resolve host: mail.pgd.gov.sa"
mail.phc.gov.sa,"Could not resolve host: mail.phc.gov.sa"
mail.pif.gov.sa,"302"
mail.psbjh.gov.sa,"Could not resolve host: mail.psbjh.gov.sa"
mail.pst.spsc.gov.sa,"Could not resolve host: mail.pst.spsc.gov.sa"
mail.qalwah.gov.sa,"Could not resolve host: mail.qalwah.gov.sa"
mail.qassim.gov.sa,"SSL certificate problem: unable to get local issuer certificate"
mail.qe.gov.sa,"Could not resolve host: mail.qe.gov.sa"
mail.qh.gov.sa,"Could not resolve host: mail.qh.gov.sa"
mail.qkadmin.gov.sa,"Could not resolve host: mail.qkadmin.gov.sa"
mail.qortobhedu.gov.sa,"Could not resolve host: mail.qortobhedu.gov.sa"
mail.qtvtc.gov.sa,"Could not resolve host: mail.qtvtc.gov.sa"
mail.r-habbas.gov.sa,"Could not resolve host: mail.r-habbas.gov.sa"
mail.rabegh-municipality.gov.sa,"Could not resolve host: mail.rabegh-municipality.gov.sa"
mail.rabegh.gov.sa,"Could not resolve host: mail.rabegh.gov.sa"
mail.rafhaedu.gov.sa,"Could not resolve host: mail.rafhaedu.gov.sa"
mail.rai.gov.sa,"Could not resolve host: mail.rai.gov.sa"
mail.ranyahmc.gov.sa,"Could not resolve host: mail.ranyahmc.gov.sa"
mail.rawdahedu.gov.sa,"Could not resolve host: mail.rawdahedu.gov.sa"
mail.rcyanbu.gov.sa,"Could not resolve host: mail.rcyanbu.gov.sa"
mail.reg.mhaedu.gov.sa,"Could not resolve host: mail.reg.mhaedu.gov.sa"
mail.reselny.edueast.gov.sa,"Could not resolve host: mail.reselny.edueast.gov.sa"
mail.rgr.gov.sa,"Could not resolve host: mail.rgr.gov.sa"
mail.riyadh.gov.sa,"Resolving timed out after 3001 milliseconds"
mail.royaldewan.gov.sa,"Could not resolve host: mail.royaldewan.gov.sa"
mail.royalprotocol.gov.sa,"Connection timed out after 3002 milliseconds"
mail.rsaf.gov.sa,"Could not resolve host: mail.rsaf.gov.sa"
mail.sama.gov.sa,"Connection timed out after 3001 milliseconds"
mail.samabtd.gov.sa,"Could not resolve host: mail.samabtd.gov.sa"
mail.sang.gov.sa,"Connection timed out after 3001 milliseconds"
mail.saso.gov.sa,"Connection timed out after 3001 milliseconds"
mail.saudigym.gov.sa,"Could not resolve host: mail.saudigym.gov.sa"
mail.sbsf.gov.sa,"Could not resolve host: mail.sbsf.gov.sa"
mail.scj.gov.sa,"Could not resolve host: mail.scj.gov.sa"
mail.scot.gov.sa,"Could not resolve host: mail.scot.gov.sa"
mail.sdsf.gov.sa,"Could not resolve host: mail.sdsf.gov.sa"
mail.sedu.gov.sa,"Could not resolve host: mail.sedu.gov.sa"
mail.seec.gov.sa,"404"
mail.sfda.gov.sa,"Connection timed out after 3001 milliseconds"
mail.shura.gov.sa,"Could not resolve host: mail.shura.gov.sa"
mail.ssa-at.gov.sa,"Could not resolve host: mail.ssa-at.gov.sa"
mail.ssa.gov.sa,"Could not resolve host: mail.ssa.gov.sa"
mail.stats.gov.sa,"Could not resolve host: mail.stats.gov.sa"
mail.sufayri.gov.sa,"Could not resolve host: mail.sufayri.gov.sa"
mail.support.yanbuedu.gov.sa,"Could not resolve host: mail.support.yanbuedu.gov.sa"
mail.swaaid-jedu.gov.sa,"Could not resolve host: mail.swaaid-jedu.gov.sa"
mail.tabukm.gov.sa,"Could not resolve host: mail.tabukm.gov.sa"
mail.taifnashat.gov.sa,"Could not resolve host: mail.taifnashat.gov.sa"
mail.tch.gov.sa,"Could not resolve host: mail.tch.gov.sa"
mail.teachershasa.gov.sa,"Could not resolve host: mail.teachershasa.gov.sa"
mail.tech.gov.sa,"Could not resolve host: mail.tech.gov.sa"
mail.tge.gov.sa,"Could not resolve host: mail.tge.gov.sa"
mail.turaifedu.gov.sa,"Could not resolve host: mail.turaifedu.gov.sa"
mail.umljm.gov.sa,"Could not resolve host: mail.umljm.gov.sa"
mail.unaizahm.gov.sa,"Could not resolve host: mail.unaizahm.gov.sa"
mail.ushaiqer.gov.sa,"Could not resolve host: mail.ushaiqer.gov.sa"
mail.visithail.gov.sa,"Could not resolve host: mail.visithail.gov.sa"
mail.wilayah.gov.sa,"Could not resolve host: mail.wilayah.gov.sa"
mail.yanbuedu.gov.sa,"Could not resolve host: mail.yanbuedu.gov.sa"
mail.yanbugov.gov.sa,"Could not resolve host: mail.yanbugov.gov.sa"
mail.ynbu.gov.sa,"Could not resolve host: mail.ynbu.gov.sa"
mail1.holymakkah.gov.sa,"Failed to connect to mail1.holymakkah.gov.sa port 443 after 177 ms: Could not connect to server"
mail1.housing.gov.sa,"Could not resolve host: mail1.housing.gov.sa"
mail1.sama.gov.sa,"Resolving timed out after 3000 milliseconds"
mail2.modon.gov.sa,"Failed to connect to mail2.modon.gov.sa port 443 after 262 ms: Could not connect to server"
mail2.mohe.gov.sa,"Could not resolve host: mail2.mohe.gov.sa"
mail2.mol.gov.sa,"Could not resolve host: mail2.mol.gov.sa"
mail2.sama.gov.sa,"Could not resolve host: mail2.sama.gov.sa"
mail3.jeddah.gov.sa,"Could not resolve host: mail3.jeddah.gov.sa"
mail3.sama.gov.sa,"Connection timed out after 3002 milliseconds"
mail3.seec.gov.sa,"Resolving timed out after 3000 milliseconds"
mail4.sama.gov.sa,"Connection timed out after 3000 milliseconds"
mail5.sama.gov.sa,"Connection timed out after 3001 milliseconds"
mail6.sama.gov.sa,"Connection timed out after 3002 milliseconds"
maildr.sama.gov.sa,"Connection timed out after 3002 milliseconds"
mailsrv1.moda.gov.sa,"Could not resolve host: mailsrv1.moda.gov.sa"
maisan.gov.sa,"Could not resolve host: maisan.gov.sa"
majales.moe.gov.sa,"Could not resolve host: majales.moe.gov.sa"
majales.momra.gov.sa,"Could not resolve host: majales.momra.gov.sa"
majedu.gov.sa,"Could not resolve host: majedu.gov.sa"
makhwahedu.gov.sa,"Could not resolve host: makhwahedu.gov.sa"
makkah.gov.sa,"Could not resolve host: makkah.gov.sa"
makkahedu.gov.sa,"Could not resolve host: makkahedu.gov.sa"
mam.scth.gov.sa,"Could not resolve host: mam.scth.gov.sa"
manager.gc.momra.gov.sa,"Could not resolve host: manager.gc.momra.gov.sa"
manar.gov.sa,"Could not resolve host: manar.gov.sa"
manzelak.amana-md.gov.sa,"Could not resolve host: manzelak.amana-md.gov.sa"
map.moe.gov.sa,"Could not resolve host: map.moe.gov.sa"
map.namasedu.gov.sa,"Could not resolve host: map.namasedu.gov.sa"
maps.modon.gov.sa,"SSL certificate problem: unable to get local issuer certificate"
mara.momra.gov.sa,"Could not resolve host: mara.momra.gov.sa"
marasim.mofa.gov.sa,"Connection timed out after 3002 milliseconds"
mawarid.holymakkah.gov.sa,"Connection timed out after 3001 milliseconds"
mbx01.jeddah.gov.sa,"Could not resolve host: mbx01.jeddah.gov.sa"
mbx02.jeddah.gov.sa,"Could not resolve host: mbx02.jeddah.gov.sa"
mc.gov.sa,"301"
mci.gov.sa,"Could not resolve host: mci.gov.sa"
mcs.gov.sa,"Could not resolve host: mcs.gov.sa"
mcs.sfda.gov.sa,"Could not resolve host: mcs.sfda.gov.sa"
mda.gov.sa,"Connection timed out after 3002 milliseconds"
mdc.gc.momra.gov.sa,"Could not resolve host: mdc.gc.momra.gov.sa"
mdel.sfda.gov.sa,"Could not resolve host: mdel.sfda.gov.sa"
mdm.moj.gov.sa,"Resolving timed out after 3000 milliseconds"
mdm.mot.gov.sa,"Connection timed out after 3001 milliseconds"
mdm.scth.gov.sa,"Could not resolve host: mdm.scth.gov.sa"
mdmcsg.amana-md.gov.sa,"Could not resolve host: mdmcsg.amana-md.gov.sa"
med.sfda.gov.sa,"Could not resolve host: med.sfda.gov.sa"
medprice.sfda.gov.sa,"Could not resolve host: medprice.sfda.gov.sa"
meet.alhasa.gov.sa,"200"
meet.alriyadh.gov.sa,"Could not resolve host: meet.alriyadh.gov.sa"
meet.amana-md.gov.sa,"Could not resolve host: meet.amana-md.gov.sa"
meet.bog.gov.sa,"Could not resolve host: meet.bog.gov.sa"
meet.gaca.gov.sa,"Could not resolve host: meet.gaca.gov.sa"
meet.gcs.gov.sa,"Could not resolve host: meet.gcs.gov.sa"
meet.holymakkah.gov.sa,"Could not resolve host: meet.holymakkah.gov.sa"
meet.ids.gov.sa,"Could not resolve host: meet.ids.gov.sa"
meet.modon.gov.sa,"Connection timed out after 3002 milliseconds"
meet.moh.gov.sa,"Could not resolve host: meet.moh.gov.sa"
meet.mohe.gov.sa,"Could not resolve host: meet.mohe.gov.sa"
meet.moj.gov.sa,"Resolving timed out after 3000 milliseconds"
meet.mol.gov.sa,"Could not resolve host: meet.mol.gov.sa"
meet.mot.gov.sa,"Could not resolve host: meet.mot.gov.sa"
meet.qtvtc.gov.sa,"Could not resolve host: meet.qtvtc.gov.sa"
meet.redf.gov.sa,"Connection timed out after 3001 milliseconds"
meet.rkhabra.gov.sa,"Could not resolve host: meet.rkhabra.gov.sa"
meet.sct.gov.sa,"Could not resolve host: meet.sct.gov.sa"
meet.scta.gov.sa,"Could not resolve host: meet.scta.gov.sa"
meet.scth.gov.sa,"Could not resolve host: meet.scth.gov.sa"
meet.shura.gov.sa,"Could not resolve host: meet.shura.gov.sa"
meet.sidf.gov.sa,"Could not resolve host: meet.sidf.gov.sa"
meet02.mol.gov.sa,"Could not resolve host: meet02.mol.gov.sa"
meet03.mol.gov.sa,"Could not resolve host: meet03.mol.gov.sa"
meeting.scsb.gov.sa,"Could not resolve host: meeting.scsb.gov.sa"
meetings.mowe.gov.sa,"Could not resolve host: meetings.mowe.gov.sa"
meg.saso.gov.sa,"Could not resolve host: meg.saso.gov.sa"
mep.gov.sa,"Failed to connect to mep.gov.sa port 443 after 166 ms: Could not connect to server"
messaging.mot.gov.sa,"Could not resolve host: messaging.mot.gov.sa"
methnbedu.gov.sa,"Could not resolve host: methnbedu.gov.sa"
mhaedu.gov.sa,"Could not resolve host: mhaedu.gov.sa"
mic.gov.sa,"Connection timed out after 3002 milliseconds"
midc.kacare.gov.sa,"Could not resolve host: midc.kacare.gov.sa"
mlsd.gov.sa,"Could not resolve host: mlsd.gov.sa"
mmc.gov.sa,"Could not resolve host: mmc.gov.sa"
mms.mol.gov.sa,"Could not resolve host: mms.mol.gov.sa"
mms.mot.gov.sa,"Could not resolve host: mms.mot.gov.sa"
mms1.mofa.gov.sa,"Could not resolve host: mms1.mofa.gov.sa"
mms2.mofa.gov.sa,"Could not resolve host: mms2.mofa.gov.sa"
mmsa.mofa.gov.sa,"Could not resolve host: mmsa.mofa.gov.sa"
mmsint.mol.gov.sa,"Could not resolve host: mmsint.mol.gov.sa"
mns.mot.gov.sa,"Could not resolve host: mns.mot.gov.sa"
moa-email1.moa.gov.sa,"Could not resolve host: moa-email1.moa.gov.sa"
mobile.amana-md.gov.sa,"Could not resolve host: mobile.amana-md.gov.sa"
mobile.scta.gov.sa,"Could not resolve host: mobile.scta.gov.sa"
mobile.scth.gov.sa,"Could not resolve host: mobile.scth.gov.sa"
mobileservices.wideip.sfda.gov.sa,"Connection timed out after 3002 milliseconds"
moda-hubcas.moda.gov.sa,"Could not resolve host: moda-hubcas.moda.gov.sa"
moda-hubcas01.moda.gov.sa,"Could not resolve host: moda-hubcas01.moda.gov.sa"
moda-hubcas02.moda.gov.sa,"Could not resolve host: moda-hubcas02.moda.gov.sa"
moda.gov.sa,"Could not resolve host: moda.gov.sa"
modon.gov.sa,"SSL certificate problem: unable to get local issuer certificate"
modonweb-ext.modon.gov.sa,"Could not resolve host: modonweb-ext.modon.gov.sa"
modsports16.gov.sa,"Could not resolve host: modsports16.gov.sa"
moe.gov.sa,"302"
moevcse1.moe.gov.sa,"Could not resolve host: moevcse1.moe.gov.sa"
moevcse2.moe.gov.sa,"Could not resolve host: moevcse2.moe.gov.sa"
mof.gov.sa,"302"
mof.mof.gov.sa,"Could not resolve host: mof.mof.gov.sa"
mof.saudi.gov.sa,"Could not resolve host: mof.saudi.gov.sa"
moh.gov.sa,"301"
mohdirweb-ext.moh.gov.sa,"Connection timed out after 3001 milliseconds"
mohe-02-be01.mohe.gov.sa,"Could not resolve host: mohe-02-be01.mohe.gov.sa"
mohe-02-be02.mohe.gov.sa,"Could not resolve host: mohe-02-be02.mohe.gov.sa"
mohe-02-be03.mohe.gov.sa,"Could not resolve host: mohe-02-be03.mohe.gov.sa"
mohe-02-be04.mohe.gov.sa,"Could not resolve host: mohe-02-be04.mohe.gov.sa"
mohe.gov.sa,"Could not resolve host: mohe.gov.sa"
mohevmb01.mohe.gov.sa,"Could not resolve host: mohevmb01.mohe.gov.sa"
mohfe2013web-ext.moh.gov.sa,"Could not resolve host: mohfe2013web-ext.moh.gov.sa"
mohfe2013web-int.moh.gov.sa,"Could not resolve host: mohfe2013web-int.moh.gov.sa"
mohfeweb-ext.moh.gov.sa,"Connection timed out after 3001 milliseconds"
mohj.gov.sa,"Could not resolve host: mohj.gov.sa"
mohj.moh.gov.sa,"Could not resolve host: mohj.moh.gov.sa"
moi.gov.sa,"Could not resolve host: moi.gov.sa"
moisp.gov.sa,"Could not resolve host: moisp.gov.sa"
moj.gov.sa,"302"
mol.gov.sa,"Could not resolve host: mol.gov.sa"
momra.gov.sa,"302"
monafasa.ma3an.gov.sa,"Could not resolve host: monafasa.ma3an.gov.sa"
mopm.gov.sa,"Connection timed out after 3002 milliseconds"
morasalat.saso.gov.sa,"Could not resolve host: morasalat.saso.gov.sa"
mosa-d-web.mosa-d.gov.sa,"Could not resolve host: mosa-d-web.mosa-d.gov.sa"
mosa-d.gov.sa,"Could not resolve host: mosa-d.gov.sa"
mosa.gov.sa,"Could not resolve host: mosa.gov.sa"
mot.gov.sa,"Connection timed out after 3002 milliseconds"
motcas.mot.gov.sa,"Could not resolve host: motcas.mot.gov.sa"
motheq.moj.gov.sa,"Resolving timed out after 3000 milliseconds"
motsite.mot.gov.sa,"Could not resolve host: motsite.mot.gov.sa"
mowaih.gov.sa,"Could not resolve host: mowaih.gov.sa"
mowe.gov.sa,"Could not resolve host: mowe.gov.sa"
moweht01.mowe.gov.sa,"Could not resolve host: moweht01.mowe.gov.sa"
moweht02.mowe.gov.sa,"Could not resolve host: moweht02.mowe.gov.sa"
msi.gov.sa,"Could not resolve host: msi.gov.sa"
mtc.gov.sa,"Could not resolve host: mtc.gov.sa"
mteservices.mot.gov.sa,"Could not resolve host: mteservices.mot.gov.sa"
mtvt.gov.sa,"Could not resolve host: mtvt.gov.sa"
mulhi.msi.gov.sa,"Could not resolve host: mulhi.msi.gov.sa"
murasalat.yesser.gov.sa,"Could not resolve host: murasalat.yesser.gov.sa"
musaned.gov.sa,"Could not resolve host: musaned.gov.sa"
mwa.gov.sa,"Could not resolve host: mwa.gov.sa"
mx1.pension.gov.sa,"Could not resolve host: mx1.pension.gov.sa"
mx2.pension.gov.sa,"Could not resolve host: mx2.pension.gov.sa"
my.ecra.gov.sa,"Could not resolve host: my.ecra.gov.sa"
my.mci.gov.sa,"Could not resolve host: my.mci.gov.sa"
my.mol.gov.sa,"Could not resolve host: my.mol.gov.sa"
mydrive.mot.gov.sa,"Could not resolve host: mydrive.mot.gov.sa"
myid.gov.sa,"SSL: no alternative certificate subject name matches target hostname 'myid.gov.sa'"
mymail.modon.gov.sa,"Could not resolve host: mymail.modon.gov.sa"
mymofa.mofa.gov.sa,"Could not resolve host: mymofa.mofa.gov.sa"
myportal.modon.gov.sa,"Connection timed out after 3002 milliseconds"
myservice.mci.gov.sa,"Could not resolve host: myservice.mci.gov.sa"
myservices.mohj.gov.sa,"Could not resolve host: myservices.mohj.gov.sa"
mysite.jeddah.gov.sa,"Could not resolve host: mysite.jeddah.gov.sa"
mysite.mot.gov.sa,"Could not resolve host: mysite.mot.gov.sa"
myspace.mol.gov.sa,"Could not resolve host: myspace.mol.gov.sa"
mzrapc.momra.gov.sa,"Could not resolve host: mzrapc.momra.gov.sa"
mzrmail.momra.gov.sa,"Could not resolve host: mzrmail.momra.gov.sa"
nafethah.gov.sa,"Could not resolve host: nafethah.gov.sa"
nafith.swcc.gov.sa,"Could not resolve host: nafith.swcc.gov.sa"
najran.gov.sa,"SSL certificate problem: unable to get local issuer certificate"
namasedu.gov.sa,"Could not resolve host: namasedu.gov.sa"
nazaha.gov.sa,"Connection timed out after 3001 milliseconds"
ncc.gov.sa,"Connection timed out after 3000 milliseconds"
nclom.gov.sa,"Could not resolve host: nclom.gov.sa"
ncrp.kacare.gov.sa,"Could not resolve host: ncrp.kacare.gov.sa"
ncs.eec.gov.sa,"Could not resolve host: ncs.eec.gov.sa"
ncsc.gov.sa,"Could not resolve host: ncsc.gov.sa"
new.guriatedu.gov.sa,"Could not resolve host: new.guriatedu.gov.sa"
new2017.eec.gov.sa,"Could not resolve host: new2017.eec.gov.sa"
newsline.mofa.gov.sa,"Could not resolve host: newsline.mofa.gov.sa"
newvpn.mcit.gov.sa,"Could not resolve host: newvpn.mcit.gov.sa"
nezame.mohj.gov.sa,"Could not resolve host: nezame.mohj.gov.sa"
nic.gov.sa,"Connection timed out after 3001 milliseconds"
nicmobility.cloud.moi.gov.sa,"Could not resolve host: nicmobility.cloud.moi.gov.sa"
nightschool.laithedu.gov.sa,"Could not resolve host: nightschool.laithedu.gov.sa"
nis.gov.sa,"Could not resolve host: nis.gov.sa"
nms.mot.gov.sa,"Could not resolve host: nms.mot.gov.sa"
noor.moe.gov.sa,"302"
noorint.moe.gov.sa,"Could not resolve host: noorint.moe.gov.sa"
northedu.gov.sa,"Could not resolve host: northedu.gov.sa"
npthrd.scth.gov.sa,"Could not resolve host: npthrd.scth.gov.sa"
nre.gov.sa,"Could not resolve host: nre.gov.sa"
nsc.gov.sa,"Could not resolve host: nsc.gov.sa"
nta.moe.gov.sa,"302"
ocs.holymakkah.gov.sa,"Could not resolve host: ocs.holymakkah.gov.sa"
ocs.mot.gov.sa,"Could not resolve host: ocs.mot.gov.sa"
office.pension.gov.sa,"Could not resolve host: office.pension.gov.sa"
office.rcjy.gov.sa,"Could not resolve host: office.rcjy.gov.sa"
officewebapp.moh.gov.sa,"Could not resolve host: officewebapp.moh.gov.sa"
officewebapp.rkhabra.gov.sa,"Could not resolve host: officewebapp.rkhabra.gov.sa"
officewebapps01.sidf.gov.sa,"Recv failure: Connexion ré-initialisée par le correspondant"
offline.modon.gov.sa,"Could not resolve host: offline.modon.gov.sa"
old.moe.gov.sa,"Could not resolve host: old.moe.gov.sa"
online.modon.gov.sa,"SSL certificate problem: unable to get local issuer certificate"
online.sama.gov.sa,"Connection timed out after 3002 milliseconds"
online.scta.gov.sa,"Could not resolve host: online.scta.gov.sa"
online.scth.gov.sa,"Could not resolve host: online.scth.gov.sa"
online2.scta.gov.sa,"Could not resolve host: online2.scta.gov.sa"
online2.scth.gov.sa,"Could not resolve host: online2.scth.gov.sa"
onlinecomplaints.sama.gov.sa,"Resolving timed out after 3001 milliseconds"
opcntr.mofa.gov.sa,"Could not resolve host: opcntr.mofa.gov.sa"
openid.moi.gov.sa,"Could not resolve host: openid.moi.gov.sa"
order.tech.gov.sa,"Could not resolve host: order.tech.gov.sa"
orders.alrassedu.gov.sa,"Could not resolve host: orders.alrassedu.gov.sa"
orders.buk.gov.sa,"Could not resolve host: orders.buk.gov.sa"
orders.shaqraedu.gov.sa,"Could not resolve host: orders.shaqraedu.gov.sa"
outlook.albaha.gov.sa,"Could not resolve host: outlook.albaha.gov.sa"
outlook.hrc.gov.sa,"Could not resolve host: outlook.hrc.gov.sa"
outlook.jeddah.gov.sa,"Connection timed out after 3002 milliseconds"
outlook.mcit.gov.sa,"Could not resolve host: outlook.mcit.gov.sa"
outlook.mofa.gov.sa,"Could not resolve host: outlook.mofa.gov.sa"
outlook.mopm.gov.sa,"Could not resolve host: outlook.mopm.gov.sa"
outlook.mydzit.gov.sa,"Could not resolve host: outlook.mydzit.gov.sa"
outlook.sct.gov.sa,"Could not resolve host: outlook.sct.gov.sa"
outlook.sfda.gov.sa,"Could not resolve host: outlook.sfda.gov.sa"
outlook2.fsf.gov.sa,"Could not resolve host: outlook2.fsf.gov.sa"
outlookdr.sct.gov.sa,"Could not resolve host: outlookdr.sct.gov.sa"
owa.amana-md.gov.sa,"302"
owa.cloud.moi.gov.sa,"Connection timed out after 3002 milliseconds"
owa.energy.gov.sa,"Could not resolve host: owa.energy.gov.sa"
owa.fg.gov.sa,"Could not resolve host: owa.fg.gov.sa"
owa.gaca.gov.sa,"Could not resolve host: owa.gaca.gov.sa"
owa.gcs.gov.sa,"Could not resolve host: owa.gcs.gov.sa"
owa.hafiz.gov.sa,"Could not resolve host: owa.hafiz.gov.sa"
owa.kacare.gov.sa,"Could not resolve host: owa.kacare.gov.sa"
owa.mep.gov.sa,"Could not resolve host: owa.mep.gov.sa"
owa.moci.gov.sa,"Could not resolve host: owa.moci.gov.sa"
owa.modon.gov.sa,"Could not resolve host: owa.modon.gov.sa"
owa.mofa.gov.sa,"Could not resolve host: owa.mofa.gov.sa"
owa.moimsd.gov.sa,"Resolving timed out after 3000 milliseconds"
owa.rcjy.gov.sa,"Could not resolve host: owa.rcjy.gov.sa"
owa.sama.gov.sa,"Could not resolve host: owa.sama.gov.sa"
oxygen.pension.gov.sa,"Could not resolve host: oxygen.pension.gov.sa"
p-hq-sp-ly-01.mohe.gov.sa,"Could not resolve host: p-hq-sp-ly-01.mohe.gov.sa"
p-hq-sp-ly-02.mohe.gov.sa,"Could not resolve host: p-hq-sp-ly-02.mohe.gov.sa"
partners.bfc.gov.sa,"302"
partners.idc.gov.sa,"Connection timed out after 3002 milliseconds"
partners.mot.gov.sa,"Could not resolve host: partners.mot.gov.sa"
pass.mohe.gov.sa,"Could not resolve host: pass.mohe.gov.sa"
pcp.scta.gov.sa,"Could not resolve host: pcp.scta.gov.sa"
pcp.scth.gov.sa,"Could not resolve host: pcp.scth.gov.sa"
peec.gov.sa,"Could not resolve host: peec.gov.sa"
pension.gov.sa,"Could not resolve host: pension.gov.sa"
pgd.gov.sa,"Connection timed out after 3002 milliseconds"
phc.gov.sa,"Could not resolve host: phc.gov.sa"
pis.iam.gov.sa,"Connection timed out after 3002 milliseconds"
planning.gov.sa,"Could not resolve host: planning.gov.sa"
pmc.mohj.gov.sa,"Could not resolve host: pmc.mohj.gov.sa"
pme.gov.sa,"Could not resolve host: pme.gov.sa"
pmo.sfd.gov.sa,"Could not resolve host: pmo.sfd.gov.sa"
pool01.ids.gov.sa,"Could not resolve host: pool01.ids.gov.sa"
pool1.mohe.gov.sa,"Could not resolve host: pool1.mohe.gov.sa"
pop.citc.gov.sa,"Connection timed out after 3001 milliseconds"
pop.gsfmo.gov.sa,"Could not resolve host: pop.gsfmo.gov.sa"
pop.makkah.gov.sa,"Could not resolve host: pop.makkah.gov.sa"
pop.mohe.gov.sa,"Could not resolve host: pop.mohe.gov.sa"
pop.mot.gov.sa,"Could not resolve host: pop.mot.gov.sa"
pop.scta.gov.sa,"Could not resolve host: pop.scta.gov.sa"
pop.scth.gov.sa,"Could not resolve host: pop.scth.gov.sa"
pop.srg.gov.sa,"Could not resolve host: pop.srg.gov.sa"
portal.ars.gov.sa,"Could not resolve host: portal.ars.gov.sa"
portal.gaca.gov.sa,"Could not resolve host: portal.gaca.gov.sa"
portal.gc.momra.gov.sa,"Could not resolve host: portal.gc.momra.gov.sa"
portal.khm.gov.sa,"Could not resolve host: portal.khm.gov.sa"
portal.mahdedu.gov.sa,"Could not resolve host: portal.mahdedu.gov.sa"
portal.mlsd.gov.sa,"Could not resolve host: portal.mlsd.gov.sa"
portal.modon.gov.sa,"Could not resolve host: portal.modon.gov.sa"
portal.mol.gov.sa,"Could not resolve host: portal.mol.gov.sa"
portal.mot.gov.sa,"Could not resolve host: portal.mot.gov.sa"
portal.rsaf.gov.sa,"Could not resolve host: portal.rsaf.gov.sa"
portaldev.mot.gov.sa,"Could not resolve host: portaldev.mot.gov.sa"
post.um.gov.sa,"Could not resolve host: post.um.gov.sa"
pp.arriyadhenv.gov.sa,"Could not resolve host: pp.arriyadhenv.gov.sa"
ppa.gov.sa,"Could not resolve host: ppa.gov.sa"
ppamail-cas.ppa.gov.sa,"Could not resolve host: ppamail-cas.ppa.gov.sa"
ppamail-cas1.ppa.gov.sa,"Could not resolve host: ppamail-cas1.ppa.gov.sa"
ppamail-cas2.ppa.gov.sa,"Could not resolve host: ppamail-cas2.ppa.gov.sa"
ppdn-a-exca-a01.moi.gov.sa,"Could not resolve host: ppdn-a-exca-a01.moi.gov.sa"
ppdn-a-exca-a02.moi.gov.sa,"Could not resolve host: ppdn-a-exca-a02.moi.gov.sa"
ppdn-a-exdg-c01.moi.gov.sa,"Could not resolve host: ppdn-a-exdg-c01.moi.gov.sa"
pressfile.scta.gov.sa,"Could not resolve host: pressfile.scta.gov.sa"
pressfile.scth.gov.sa,"Could not resolve host: pressfile.scth.gov.sa"
presso.eca.gov.sa,"Could not resolve host: presso.eca.gov.sa"
procurement.mot.gov.sa,"Could not resolve host: procurement.mot.gov.sa"
prodpool.sct.gov.sa,"Could not resolve host: prodpool.sct.gov.sa"
prodpool.scta.gov.sa,"Could not resolve host: prodpool.scta.gov.sa"
prodpool.scth.gov.sa,"Could not resolve host: prodpool.scth.gov.sa"
psbjh.gov.sa,"Could not resolve host: psbjh.gov.sa"
pst.spsc.gov.sa,"Could not resolve host: pst.spsc.gov.sa"
pts.gaca.gov.sa,"Could not resolve host: pts.gaca.gov.sa"
pv.gov.sa,"Resolving timed out after 3000 milliseconds"
pw.scth.gov.sa,"Could not resolve host: pw.scth.gov.sa"
qalwah.gov.sa,"Could not resolve host: qalwah.gov.sa"
qarar.ma3an.gov.sa,"Could not resolve host: qarar.ma3an.gov.sa"
qassim.gov.sa,"SSL certificate problem: unable to get local issuer certificate"
qassimedu.gov.sa,"Could not resolve host: qassimedu.gov.sa"
qawaem.mci.gov.sa,"Could not resolve host: qawaem.mci.gov.sa"
qawaemuat.mci.gov.sa,"Could not resolve host: qawaemuat.mci.gov.sa"
qe.gov.sa,"Could not resolve host: qe.gov.sa"
qge.gov.sa,"Could not resolve host: qge.gov.sa"
qh.gov.sa,"Could not resolve host: qh.gov.sa"
qkadmin.gov.sa,"Could not resolve host: qkadmin.gov.sa"
qortobhedu.gov.sa,"Could not resolve host: qortobhedu.gov.sa"
qtvtc.gov.sa,"Could not resolve host: qtvtc.gov.sa"
qudratak.yesser.gov.sa,"Could not resolve host: qudratak.yesser.gov.sa"
qweb.mowe.gov.sa,"Could not resolve host: qweb.mowe.gov.sa"
r-habbas.gov.sa,"Could not resolve host: r-habbas.gov.sa"
ra.momra.gov.sa,"Could not resolve host: ra.momra.gov.sa"
rabegh-municipality.gov.sa,"Could not resolve host: rabegh-municipality.gov.sa"
rabegh.gov.sa,"Could not resolve host: rabegh.gov.sa"
raccess.moa.gov.sa,"Could not resolve host: raccess.moa.gov.sa"
radioactive.sfda.gov.sa,"Connection timed out after 3001 milliseconds"
rafhaedu.gov.sa,"Could not resolve host: rafhaedu.gov.sa"
rai.gov.sa,"Could not resolve host: rai.gov.sa"
ranyahmc.gov.sa,"Could not resolve host: ranyahmc.gov.sa"
rasd.ma3an.gov.sa,"Could not resolve host: rasd.ma3an.gov.sa"
rasdcrm.mlsd.gov.sa,"Could not resolve host: rasdcrm.mlsd.gov.sa"
rasmc.gov.sa,"Could not resolve host: rasmc.gov.sa"
rawdahedu.gov.sa,"Could not resolve host: rawdahedu.gov.sa"
rb1-exc-02.sfda.gov.sa,"Could not resolve host: rb1-exc-02.sfda.gov.sa"
rb1-exc-06.sfda.gov.sa,"Could not resolve host: rb1-exc-06.sfda.gov.sa"
rb1-exc-07.sfda.gov.sa,"Could not resolve host: rb1-exc-07.sfda.gov.sa"
rb1-exc-11.sfda.gov.sa,"Could not resolve host: rb1-exc-11.sfda.gov.sa"
rb1-exc-12.sfda.gov.sa,"Could not resolve host: rb1-exc-12.sfda.gov.sa"
rb1-mcsipad-01.sfda.gov.sa,"Could not resolve host: rb1-mcsipad-01.sfda.gov.sa"
rcj.gov.sa,"Could not resolve host: rcj.gov.sa"
rcjairwatch1.rcjubail.gov.sa,"Could not resolve host: rcjairwatch1.rcjubail.gov.sa"
rcjowa.rcjubail.gov.sa,"Could not resolve host: rcjowa.rcjubail.gov.sa"
rcjy.gov.sa,"301"
rcjy01ad02.rcjy.gov.sa,"Could not resolve host: rcjy01ad02.rcjy.gov.sa"
rcjy01mail1.rcjy.gov.sa,"Could not resolve host: rcjy01mail1.rcjy.gov.sa"
rcyanbu.gov.sa,"Could not resolve host: rcyanbu.gov.sa"
recc.mci.gov.sa,"Could not resolve host: recc.mci.gov.sa"
recc.mci.gov.sa.mci.gov.sa,"Could not resolve host: recc.mci.gov.sa.mci.gov.sa"
redf.gov.sa,"Could not resolve host: redf.gov.sa"
reg.mhaedu.gov.sa,"Could not resolve host: reg.mhaedu.gov.sa"
rega.gov.sa,"Connection timed out after 3002 milliseconds"
register.ncdc.gov.sa,"Could not resolve host: register.ncdc.gov.sa"
remote.sfda.gov.sa,"Connection timed out after 3002 milliseconds"
reporting.mofa.gov.sa,"Could not resolve host: reporting.mofa.gov.sa"
res.moj.gov.sa,"Resolving timed out after 3001 milliseconds"
res2.moj.gov.sa,"Resolving timed out after 3001 milliseconds"
reselny.edueast.gov.sa,"Could not resolve host: reselny.edueast.gov.sa"
revproxy.mol.gov.sa,"Could not resolve host: revproxy.mol.gov.sa"
revproxy.scta.gov.sa,"Could not resolve host: revproxy.scta.gov.sa"
rgr.gov.sa,"Could not resolve host: rgr.gov.sa"
rgs.gov.sa,"Could not resolve host: rgs.gov.sa"
rhq00-cht00.scsb.gov.sa,"Could not resolve host: rhq00-cht00.scsb.gov.sa"
rhq00-cht01.scsb.gov.sa,"Could not resolve host: rhq00-cht01.scsb.gov.sa"
rhq00-cht02.scsb.gov.sa,"Could not resolve host: rhq00-cht02.scsb.gov.sa"
rights.jeddah.gov.sa,"Could not resolve host: rights.jeddah.gov.sa"
riyadah.gov.sa,"Could not resolve host: riyadah.gov.sa"
rms.mol.gov.sa,"Could not resolve host: rms.mol.gov.sa"
rms.sama.gov.sa,"Could not resolve host: rms.sama.gov.sa"
ror.mol.gov.sa,"Could not resolve host: ror.mol.gov.sa"
royalcourt.gov.sa,"Could not resolve host: royalcourt.gov.sa"
royaldewan.gov.sa,"Could not resolve host: royaldewan.gov.sa"
royalprotocol.gov.sa,"Could not resolve host: royalprotocol.gov.sa"
rp.arriyadhenv.gov.sa,"Could not resolve host: rp.arriyadhenv.gov.sa"
rproxy.mol.gov.sa,"Could not resolve host: rproxy.mol.gov.sa"
rratlas.kacare.gov.sa,"Could not resolve host: rratlas.kacare.gov.sa"
rsadf.gov.sa,"Could not resolve host: rsadf.gov.sa"
rsaf.gov.sa,"Connection timed out after 3002 milliseconds"
rsd.mof.gov.sa,"Could not resolve host: rsd.mof.gov.sa"
rslf.gov.sa,"Could not resolve host: rslf.gov.sa"
rsnf.gov.sa,"Could not resolve host: rsnf.gov.sa"
ruex1.energy.gov.sa,"Could not resolve host: ruex1.energy.gov.sa"
ruex2.energy.gov.sa,"Could not resolve host: ruex2.energy.gov.sa"
ruex3.energy.gov.sa,"Could not resolve host: ruex3.energy.gov.sa"
ruh-exhcs-01.mofa.gov.sa,"Could not resolve host: ruh-exhcs-01.mofa.gov.sa"
ruh-exhcs-02.mofa.gov.sa,"Could not resolve host: ruh-exhcs-02.mofa.gov.sa"
ruh-exhcs-03.mofa.gov.sa,"Could not resolve host: ruh-exhcs-03.mofa.gov.sa"
ruh-hcs-01.mofa.gov.sa,"Could not resolve host: ruh-hcs-01.mofa.gov.sa"
ruh-hcs-02.mofa.gov.sa,"Could not resolve host: ruh-hcs-02.mofa.gov.sa"
ruh-hq-cas01.bog.gov.sa,"Could not resolve host: ruh-hq-cas01.bog.gov.sa"
ruh-hq-cas02.bog.gov.sa,"Could not resolve host: ruh-hq-cas02.bog.gov.sa"
ruh-hq-casdr.bog.gov.sa,"Could not resolve host: ruh-hq-casdr.bog.gov.sa"
ruhcashub1.moci.gov.sa,"Could not resolve host: ruhcashub1.moci.gov.sa"
ruhcashub2.moci.gov.sa,"Could not resolve host: ruhcashub2.moci.gov.sa"
ry1cuxwye1.mof.gov.sa,"Connection timed out after 3002 milliseconds"
rydhqex01.srg.gov.sa,"Could not resolve host: rydhqex01.srg.gov.sa"
rydmail.momra.gov.sa,"Could not resolve host: rydmail.momra.gov.sa"
ryhb5-pw-cas1.moe.gov.sa,"Could not resolve host: ryhb5-pw-cas1.moe.gov.sa"
ryhb5-pw-cas2.moe.gov.sa,"Could not resolve host: ryhb5-pw-cas2.moe.gov.sa"
ryhb5-pw-mbx1.moe.gov.sa,"Could not resolve host: ryhb5-pw-mbx1.moe.gov.sa"
ryhb5-pw-mbx2.moe.gov.sa,"Could not resolve host: ryhb5-pw-mbx2.moe.gov.sa"
s.crg.gov.sa,"Could not resolve host: s.crg.gov.sa"
saef.gov.sa,"Could not resolve host: saef.gov.sa"
safous.gov.sa,"Could not resolve host: safous.gov.sa"
sagia.gov.sa,"Could not resolve host: sagia.gov.sa"
sahl.mohj.gov.sa,"Could not resolve host: sahl.mohj.gov.sa"
sama.gov.sa,"Recv failure: Connexion ré-initialisée par le correspondant"
samahqhcs01.sama.gov.sa,"Could not resolve host: samahqhcs01.sama.gov.sa"
samahqhcs02.sama.gov.sa,"Could not resolve host: samahqhcs02.sama.gov.sa"
samanet.gov.sa,"Could not resolve host: samanet.gov.sa"
sang.gov.sa,"Connection timed out after 3002 milliseconds"
saso.gov.sa,"302"
saudi.gov.sa,"Could not resolve host: saudi.gov.sa"
saudigym.gov.sa,"Could not resolve host: saudigym.gov.sa"
saudiskills.gov.sa,"Could not resolve host: saudiskills.gov.sa"
sauditourism.crm.scth.gov.sa,"Could not resolve host: sauditourism.crm.scth.gov.sa"
saudivision2030.gov.sa,"Could not resolve host: saudivision2030.gov.sa"
sba.gov.sa,"Could not resolve host: sba.gov.sa"
sba.moa.gov.sa,"Could not resolve host: sba.moa.gov.sa"
sbc.gov.sa,"302"
sbs.moe.gov.sa,"302"
sbsf.gov.sa,"Could not resolve host: sbsf.gov.sa"
scholarship.rcj.gov.sa,"Could not resolve host: scholarship.rcj.gov.sa"
scj.gov.sa,"200"
scsb.gov.sa,"Could not resolve host: scsb.gov.sa"
scta.gov.sa,"Could not resolve host: scta.gov.sa"
scth.gov.sa,"Could not resolve host: scth.gov.sa"
sd-eservice.mlsd.gov.sa,"Could not resolve host: sd-eservice.mlsd.gov.sa"
sd-eservices.mlsd.gov.sa,"Could not resolve host: sd-eservices.mlsd.gov.sa"
sd.eca.gov.sa,"Could not resolve host: sd.eca.gov.sa"
sd.mlsd.gov.sa,"Could not resolve host: sd.mlsd.gov.sa"
sdsf.gov.sa,"Could not resolve host: sdsf.gov.sa"
se.laithedu.gov.sa,"Could not resolve host: se.laithedu.gov.sa"
secure-web.mlsd.gov.sa,"Could not resolve host: secure-web.mlsd.gov.sa"
secure.gcs.gov.sa,"Could not resolve host: secure.gcs.gov.sa"
secure.mohe.gov.sa,"Could not resolve host: secure.mohe.gov.sa"
secure.scth.gov.sa,"Could not resolve host: secure.scth.gov.sa"
secure.yesser.gov.sa,"Could not resolve host: secure.yesser.gov.sa"
securemail.moci.gov.sa,"Could not resolve host: securemail.moci.gov.sa"
security-web.mlsd.gov.sa,"Could not resolve host: security-web.mlsd.gov.sa"
sedu.gov.sa,"Could not resolve host: sedu.gov.sa"
seec.gov.sa,"Resolving timed out after 3000 milliseconds"
seg.moj.gov.sa,"Resolving timed out after 3000 milliseconds"
self.mofa.gov.sa,"Could not resolve host: self.mofa.gov.sa"
selfservices.scth.gov.sa,"Could not resolve host: selfservices.scth.gov.sa"
ser.gov.sa,"Could not resolve host: ser.gov.sa"
serv.mol.gov.sa,"Could not resolve host: serv.mol.gov.sa"
server.yanbuedu.gov.sa,"Could not resolve host: server.yanbuedu.gov.sa"
server1.alrassedu.gov.sa,"Could not resolve host: server1.alrassedu.gov.sa"
service6.sama.gov.sa,"Connection timed out after 3002 milliseconds"
services.amana-md.gov.sa,"302"
services.intekhab.gov.sa,"Could not resolve host: services.intekhab.gov.sa"
services.mcs.gov.sa,"Could not resolve host: services.mcs.gov.sa"
services.mofa.gov.sa,"Connection timed out after 3002 milliseconds"
sfda.gov.sa,"200"
sfdmail.sfd.gov.sa,"Could not resolve host: sfdmail.sfd.gov.sa"
sftp.kacare.gov.sa,"Could not resolve host: sftp.kacare.gov.sa"
sg.gcs.gov.sa,"Could not resolve host: sg.gcs.gov.sa"
shaqraedu.gov.sa,"Could not resolve host: shaqraedu.gov.sa"
sharqiah.gov.sa,"Connection timed out after 3002 milliseconds"
shmu.gov.sa,"Could not resolve host: shmu.gov.sa"
shortcut.jeddah.gov.sa,"Could not resolve host: shortcut.jeddah.gov.sa"
shura.gov.sa,"301"
sidf.gov.sa,"SSL certificate problem: unable to get local issuer certificate"
sip.alhasa.gov.sa,"Connection timed out after 3001 milliseconds"
sip.alriyadh.gov.sa,"Could not resolve host: sip.alriyadh.gov.sa"
sip.amana-md.gov.sa,"Could not resolve host: sip.amana-md.gov.sa"
sip.bog.gov.sa,"Could not resolve host: sip.bog.gov.sa"
sip.gaca.gov.sa,"Could not resolve host: sip.gaca.gov.sa"
sip.gcs.gov.sa,"Could not resolve host: sip.gcs.gov.sa"
sip.holymakkah.gov.sa,"Could not resolve host: sip.holymakkah.gov.sa"
sip.ids.gov.sa,"Could not resolve host: sip.ids.gov.sa"
sip.mep.gov.sa,"Could not resolve host: sip.mep.gov.sa"
sip.modon.gov.sa,"Could not resolve host: sip.modon.gov.sa"
sip.mof.gov.sa,"Connection timed out after 3000 milliseconds"
sip.moh.gov.sa,"Could not resolve host: sip.moh.gov.sa"
sip.mohe.gov.sa,"Could not resolve host: sip.mohe.gov.sa"
sip.moj.gov.sa,"Resolving timed out after 3000 milliseconds"
sip.mol.gov.sa,"Could not resolve host: sip.mol.gov.sa"
sip.mot.gov.sa,"Could not resolve host: sip.mot.gov.sa"
sip.pv.gov.sa,"Resolving timed out after 3000 milliseconds"
sip.redf.gov.sa,"Connection timed out after 3001 milliseconds"
sip.rkhabra.gov.sa,"Could not resolve host: sip.rkhabra.gov.sa"
sip.scta.gov.sa,"Could not resolve host: sip.scta.gov.sa"
sip.scth.gov.sa,"Could not resolve host: sip.scth.gov.sa"
sip.shura.gov.sa,"Could not resolve host: sip.shura.gov.sa"
sip.sidf.gov.sa,"Could not resolve host: sip.sidf.gov.sa"
sip.tvtc.gov.sa,"Resolving timed out after 3000 milliseconds"
site1.hmmc.gov.sa,"Could not resolve host: site1.hmmc.gov.sa"
sls.gov.sa,"Could not resolve host: sls.gov.sa"
smarttrasport.mot.gov.sa,"Could not resolve host: smarttrasport.mot.gov.sa"
smea.gov.sa,"Could not resolve host: smea.gov.sa"
smf.gov.sa,"Could not resolve host: smf.gov.sa"
sms.holymakkah.gov.sa,"Could not resolve host: sms.holymakkah.gov.sa"
sms.mot.gov.sa,"Could not resolve host: sms.mot.gov.sa"
smtp.cloud.moi.gov.sa,"Could not resolve host: smtp.cloud.moi.gov.sa"
smtp.gaca.gov.sa,"Could not resolve host: smtp.gaca.gov.sa"
smtp.mohe.gov.sa,"Could not resolve host: smtp.mohe.gov.sa"
smtp.mot.gov.sa,"Could not resolve host: smtp.mot.gov.sa"
smtp.scta.gov.sa,"Could not resolve host: smtp.scta.gov.sa"
smtp.scth.gov.sa,"Could not resolve host: smtp.scth.gov.sa"
sns1.mol.gov.sa,"Could not resolve host: sns1.mol.gov.sa"
sns2.mol.gov.sa,"Could not resolve host: sns2.mol.gov.sa"
snsg.mol.gov.sa,"Could not resolve host: snsg.mol.gov.sa"
soa.momra.gov.sa,"Could not resolve host: soa.momra.gov.sa"
soaexttest.mofa.gov.sa,"Could not resolve host: soaexttest.mofa.gov.sa"
sourceone.scta.gov.sa,"Could not resolve host: sourceone.scta.gov.sa"
spsc.gov.sa,"SSL certificate problem: unable to get local issuer certificate"
sqm.scta.gov.sa,"Could not resolve host: sqm.scta.gov.sa"
sqm.scth.gov.sa,"Could not resolve host: sqm.scth.gov.sa"
srg.gov.sa,"Connection timed out after 3002 milliseconds"
srs.sfda.gov.sa,"Could not resolve host: srs.sfda.gov.sa"
srv-001-exm.moimsd.gov.sa,"Resolving timed out after 3000 milliseconds"
srv-expem01.mowe.gov.sa,"Could not resolve host: srv-expem01.mowe.gov.sa"
srv-hub1.alhasa.gov.sa,"Could not resolve host: srv-hub1.alhasa.gov.sa"
srv-hub2.alhasa.gov.sa,"Could not resolve host: srv-hub2.alhasa.gov.sa"
srv-owa1301.alhasa.gov.sa,"Could not resolve host: srv-owa1301.alhasa.gov.sa"
srv-wbmsadmin.mowe.gov.sa,"Could not resolve host: srv-wbmsadmin.mowe.gov.sa"
srvcas1.mowe.gov.sa,"Could not resolve host: srvcas1.mowe.gov.sa"
srvcas2.mowe.gov.sa,"Could not resolve host: srvcas2.mowe.gov.sa"
ssa-at.gov.sa,"Could not resolve host: ssa-at.gov.sa"
ssa.gov.sa,"301"
sso.eca.gov.sa,"Could not resolve host: sso.eca.gov.sa"
sso.holymakkah.gov.sa,"Could not resolve host: sso.holymakkah.gov.sa"
sso.moa.gov.sa,"Could not resolve host: sso.moa.gov.sa"
sso.mol.gov.sa,"Could not resolve host: sso.mol.gov.sa"
sso.mot.gov.sa,"Could not resolve host: sso.mot.gov.sa"
sso.sfd.gov.sa,"Could not resolve host: sso.sfd.gov.sa"
ssoexttest.mofa.gov.sa,"Could not resolve host: ssoexttest.mofa.gov.sa"
stats.gov.sa,"302"
status.mot.gov.sa,"Could not resolve host: status.mot.gov.sa"
sts.bfc.gov.sa,"Could not resolve host: sts.bfc.gov.sa"
sts.idc.gov.sa,"Could not resolve host: sts.idc.gov.sa"
sts.mlsd.gov.sa,"Could not resolve host: sts.mlsd.gov.sa"
sts.mol.gov.sa,"Could not resolve host: sts.mol.gov.sa"
sts.rcjy.gov.sa,"Could not resolve host: sts.rcjy.gov.sa"
sts.sama.gov.sa,"404"
studmeal.moe.gov.sa,"Could not resolve host: studmeal.moe.gov.sa"
sufayri.gov.sa,"Could not resolve host: sufayri.gov.sa"
supp.hafiz.gov.sa,"Could not resolve host: supp.hafiz.gov.sa"
suppliers-test.modon.gov.sa,"Could not resolve host: suppliers-test.modon.gov.sa"
suppliers.modon.gov.sa,"Could not resolve host: suppliers.modon.gov.sa"
support.hafiz.gov.sa,"Could not resolve host: support.hafiz.gov.sa"
support.musaned.gov.sa,"Could not resolve host: support.musaned.gov.sa"
support.ncdc.gov.sa,"Could not resolve host: support.ncdc.gov.sa"
support.tabukedu.gov.sa,"Could not resolve host: support.tabukedu.gov.sa"
support.yanbuedu.gov.sa,"Could not resolve host: support.yanbuedu.gov.sa"
survey.ncsc.gov.sa,"Could not resolve host: survey.ncsc.gov.sa"
swa.gov.sa,"403"
swaaid-jedu.gov.sa,"Could not resolve host: swaaid-jedu.gov.sa"
swcc.gov.sa,"403"
sync.seec.gov.sa,"Resolving timed out after 3002 milliseconds"
tabarjal.gov.sa,"Could not resolve host: tabarjal.gov.sa"
tabukedu.gov.sa,"Could not resolve host: tabukedu.gov.sa"
tabukm.gov.sa,"Connection timed out after 3002 milliseconds"
tadreeb.gov.sa,"Could not resolve host: tadreeb.gov.sa"
taifcity.gov.sa,"SSL certificate problem: unable to get local issuer certificate"
taifedu.gov.sa,"Could not resolve host: taifedu.gov.sa"
taifnashat.gov.sa,"Could not resolve host: taifnashat.gov.sa"
takaful.moe.gov.sa,"Could not resolve host: takaful.moe.gov.sa"
takaful.moe.gov.sa.moe.gov.sa,"Could not resolve host: takaful.moe.gov.sa.moe.gov.sa"
taktech.gov.sa,"Could not resolve host: taktech.gov.sa"
taleemsa.gov.sa,"Could not resolve host: taleemsa.gov.sa"
tameem.moj.gov.sa,"Resolving timed out after 3001 milliseconds"
tanbeeh.ma3an.gov.sa,"Could not resolve host: tanbeeh.ma3an.gov.sa"
tansiq.gc.momra.gov.sa,"Could not resolve host: tansiq.gc.momra.gov.sa"
tansiq.momra.gov.sa,"Could not resolve host: tansiq.momra.gov.sa"
taqa.gov.sa,"Connection timed out after 3001 milliseconds"
taqeem.gov.sa,"200"
taqyeem.ma3an.gov.sa,"Could not resolve host: taqyeem.ma3an.gov.sa"
tawasol.scta.gov.sa,"Could not resolve host: tawasol.scta.gov.sa"
tawasol.scth.gov.sa,"Could not resolve host: tawasol.scth.gov.sa"
tawasul.moe.gov.sa,"200"
tawtheq.moj.gov.sa,"Resolving timed out after 3001 milliseconds"
tc.gov.sa,"Could not resolve host: tc.gov.sa"
tch.gov.sa,"Could not resolve host: tch.gov.sa"
teachers.gov.sa,"Could not resolve host: teachers.gov.sa"
teachershasa.gov.sa,"Could not resolve host: teachershasa.gov.sa"
teams.mot.gov.sa,"Could not resolve host: teams.mot.gov.sa"
tech.gov.sa,"Could not resolve host: tech.gov.sa"
tenders.mot.gov.sa,"Could not resolve host: tenders.mot.gov.sa"
test.energy.gov.sa,"Could not resolve host: test.energy.gov.sa"
test.qh.gov.sa,"Could not resolve host: test.qh.gov.sa"
test.saudi.gov.sa,"Could not resolve host: test.saudi.gov.sa"
testapp2.scta.gov.sa,"Could not resolve host: testapp2.scta.gov.sa"
testapp2.scth.gov.sa,"Could not resolve host: testapp2.scth.gov.sa"
testapp3.scta.gov.sa,"Could not resolve host: testapp3.scta.gov.sa"
testapp3.scth.gov.sa,"Could not resolve host: testapp3.scth.gov.sa"
testapp4.scta.gov.sa,"Could not resolve host: testapp4.scta.gov.sa"
testapp4.scth.gov.sa,"Could not resolve host: testapp4.scth.gov.sa"
testtansiq.momra.gov.sa,"Could not resolve host: testtansiq.momra.gov.sa"
tge.gov.sa,"Could not resolve host: tge.gov.sa"
thadiq-mun.gov.sa,"Could not resolve host: thadiq-mun.gov.sa"
tm.mci.gov.sa,"Could not resolve host: tm.mci.gov.sa"
tm.mci.gov.sa.mci.gov.sa,"Could not resolve host: tm.mci.gov.sa.mci.gov.sa"
tmg.ids.gov.sa,"Could not resolve host: tmg.ids.gov.sa"
trasoul.yesser.gov.sa,"Could not resolve host: trasoul.yesser.gov.sa"
turaifedu.gov.sa,"Could not resolve host: turaifedu.gov.sa"
tvtc.gov.sa,"SSL certificate problem: unable to get local issuer certificate"
uag.gcs.gov.sa,"Could not resolve host: uag.gcs.gov.sa"
uc-expc.stats.gov.sa,"Could not resolve host: uc-expc.stats.gov.sa"
uc-expe.stats.gov.sa,"Could not resolve host: uc-expe.stats.gov.sa"
uc.gaca.gov.sa,"Could not resolve host: uc.gaca.gov.sa"
uc.holymakkah.gov.sa,"Could not resolve host: uc.holymakkah.gov.sa"
ult.amana-md.gov.sa,"Could not resolve host: ult.amana-md.gov.sa"
umljm.gov.sa,"Could not resolve host: umljm.gov.sa"
unaizahm.gov.sa,"Could not resolve host: unaizahm.gov.sa"
update.hmmc.gov.sa,"Could not resolve host: update.hmmc.gov.sa"
updates.scta.gov.sa,"Could not resolve host: updates.scta.gov.sa"
ushaiqer.gov.sa,"Could not resolve host: ushaiqer.gov.sa"
vgate.gsfmo.gov.sa,"Could not resolve host: vgate.gsfmo.gov.sa"
video3.mowe.gov.sa,"Could not resolve host: video3.mowe.gov.sa"
viewer.gc.momra.gov.sa,"Could not resolve host: viewer.gc.momra.gov.sa"
visa.mofa.gov.sa,"200"
vision2030.gov.sa,"301"
visithail.gov.sa,"Could not resolve host: visithail.gov.sa"
visits.sfda.gov.sa,"Could not resolve host: visits.sfda.gov.sa"
visitservice.cchi.gov.sa,"Could not resolve host: visitservice.cchi.gov.sa"
vls.mci.gov.sa,"Could not resolve host: vls.mci.gov.sa"
vmd.swcc.gov.sa,"Could not resolve host: vmd.swcc.gov.sa"
vpn.alriyadh.gov.sa,"Connection timed out after 3002 milliseconds"
vpn.amana-md.gov.sa,"Connection timed out after 3002 milliseconds"
vpn.bog.gov.sa,"Connection timed out after 3001 milliseconds"
vpn.gaca.gov.sa,"Could not resolve host: vpn.gaca.gov.sa"
vpn.gdp.gov.sa,"Could not resolve host: vpn.gdp.gov.sa"
vpn.mci.gov.sa,"Could not resolve host: vpn.mci.gov.sa"
vpn.mci.gov.sa.mci.gov.sa,"Could not resolve host: vpn.mci.gov.sa.mci.gov.sa"
vpn.mcit.gov.sa,"Could not resolve host: vpn.mcit.gov.sa"
vpn.modon.gov.sa,"Resolving timed out after 3000 milliseconds"
vpn.mol.gov.sa,"Could not resolve host: vpn.mol.gov.sa"
vpn.mot.gov.sa,"Could not resolve host: vpn.mot.gov.sa"
vpn.mwa.gov.sa,"Could not resolve host: vpn.mwa.gov.sa"
vpn.pgd.gov.sa,"TLS connect error: error:0A000152:SSL routines::unsafe legacy renegotiation disabled"
vpn.sama.gov.sa,"Connection timed out after 3001 milliseconds"
vpn.sang.gov.sa,"Could not resolve host: vpn.sang.gov.sa"
vpn.scta.gov.sa,"Could not resolve host: vpn.scta.gov.sa"
vpn.scth.gov.sa,"Could not resolve host: vpn.scth.gov.sa"
wac.mol.gov.sa,"Could not resolve host: wac.mol.gov.sa"
wac02.mol.gov.sa,"Could not resolve host: wac02.mol.gov.sa"
wac03.mol.gov.sa,"Could not resolve host: wac03.mol.gov.sa"
wapp.bog.gov.sa,"Connection timed out after 3002 milliseconds"
wapp.holymakkah.gov.sa,"Could not resolve host: wapp.holymakkah.gov.sa"
was.gov.sa,"Could not resolve host: was.gov.sa"
was.mep.gov.sa,"Could not resolve host: was.mep.gov.sa"
watheq.gov.sa,"Could not resolve host: watheq.gov.sa"
wbmsadmin.mowe.gov.sa,"Could not resolve host: wbmsadmin.mowe.gov.sa"
web-test.ncdc.gov.sa,"Connection timed out after 3002 milliseconds"
web.hafiz.gov.sa,"Could not resolve host: web.hafiz.gov.sa"
web.ncdc.gov.sa,"Connection timed out after 3002 milliseconds"
web.sfda.gov.sa,"Could not resolve host: web.sfda.gov.sa"
webaccess.moa.gov.sa,"Could not resolve host: webaccess.moa.gov.sa"
webapps.eamana.gov.sa,"Could not resolve host: webapps.eamana.gov.sa"
webauth.modon.gov.sa,"Could not resolve host: webauth.modon.gov.sa"
webcon.alriyadh.gov.sa,"Could not resolve host: webcon.alriyadh.gov.sa"
webcon.bog.gov.sa,"Could not resolve host: webcon.bog.gov.sa"
webcon.gaca.gov.sa,"Could not resolve host: webcon.gaca.gov.sa"
webcon.gcs.gov.sa,"Could not resolve host: webcon.gcs.gov.sa"
webcon.holymakkah.gov.sa,"Could not resolve host: webcon.holymakkah.gov.sa"
webcon.modon.gov.sa,"Could not resolve host: webcon.modon.gov.sa"
webcon.mof.gov.sa,"Connection timed out after 3000 milliseconds"
webcon.moh.gov.sa,"Could not resolve host: webcon.moh.gov.sa"
webcon.mol.gov.sa,"Could not resolve host: webcon.mol.gov.sa"
webcon.pv.gov.sa,"Could not resolve host: webcon.pv.gov.sa"
webcon.redf.gov.sa,"Connection timed out after 3002 milliseconds"
webcon.scta.gov.sa,"Could not resolve host: webcon.scta.gov.sa"
webcon02.mol.gov.sa,"Could not resolve host: webcon02.mol.gov.sa"
webcon03.mol.gov.sa,"Could not resolve host: webcon03.mol.gov.sa"
webconf.alhasa.gov.sa,"Connection timed out after 3002 milliseconds"
webconf.ids.gov.sa,"Could not resolve host: webconf.ids.gov.sa"
webconf.mep.gov.sa,"Could not resolve host: webconf.mep.gov.sa"
webconf.moj.gov.sa,"Resolving timed out after 3000 milliseconds"
webconf.mol.gov.sa,"Could not resolve host: webconf.mol.gov.sa"
webconf.mot.gov.sa,"Could not resolve host: webconf.mot.gov.sa"
webconf.rkhabra.gov.sa,"Could not resolve host: webconf.rkhabra.gov.sa"
webconf.scta.gov.sa,"Could not resolve host: webconf.scta.gov.sa"
webconf.scth.gov.sa,"Could not resolve host: webconf.scth.gov.sa"
webconf.shura.gov.sa,"Connection timed out after 3002 milliseconds"
webconf.sidf.gov.sa,"Could not resolve host: webconf.sidf.gov.sa"
webconf.tvtc.gov.sa,"Could not resolve host: webconf.tvtc.gov.sa"
webdisk.allaithged.gov.sa,"Could not resolve host: webdisk.allaithged.gov.sa"
webdisk.alrassedu.gov.sa,"Could not resolve host: webdisk.alrassedu.gov.sa"
webdisk.arar-mu.gov.sa,"Could not resolve host: webdisk.arar-mu.gov.sa"
webdisk.art.gov.sa,"Could not resolve host: webdisk.art.gov.sa"
webdisk.awqaf.gov.sa,"Could not resolve host: webdisk.awqaf.gov.sa"
webdisk.bahaeslah.gov.sa,"Could not resolve host: webdisk.bahaeslah.gov.sa"
webdisk.baladialula.gov.sa,"Could not resolve host: webdisk.baladialula.gov.sa"
webdisk.bc.gov.sa,"Could not resolve host: webdisk.bc.gov.sa"
webdisk.buk.gov.sa,"Could not resolve host: webdisk.buk.gov.sa"
webdisk.cst.gov.sa,"Could not resolve host: webdisk.cst.gov.sa"
webdisk.dgedu.gov.sa,"Could not resolve host: webdisk.dgedu.gov.sa"
webdisk.eduwd.gov.sa,"Could not resolve host: webdisk.eduwd.gov.sa"
webdisk.etsrg.gov.sa,"Could not resolve host: webdisk.etsrg.gov.sa"
webdisk.gca.gov.sa,"Could not resolve host: webdisk.gca.gov.sa"
webdisk.gce.gov.sa,"Could not resolve host: webdisk.gce.gov.sa"
webdisk.investinqassim.gov.sa,"Could not resolve host: webdisk.investinqassim.gov.sa"
webdisk.jep.gov.sa,"Could not resolve host: webdisk.jep.gov.sa"
webdisk.kkmh.gov.sa,"Could not resolve host: webdisk.kkmh.gov.sa"
webdisk.kskc.gov.sa,"Could not resolve host: webdisk.kskc.gov.sa"
webdisk.laithedu.gov.sa,"Could not resolve host: webdisk.laithedu.gov.sa"
webdisk.maisan.gov.sa,"Could not resolve host: webdisk.maisan.gov.sa"
webdisk.orders.buk.gov.sa,"Could not resolve host: webdisk.orders.buk.gov.sa"
webdisk.pst.spsc.gov.sa,"Could not resolve host: webdisk.pst.spsc.gov.sa"
webdisk.rabegh-municipality.gov.sa,"Could not resolve host: webdisk.rabegh-municipality.gov.sa"
webdisk.rabegh.gov.sa,"Could not resolve host: webdisk.rabegh.gov.sa"
webdisk.reselny.edueast.gov.sa,"Could not resolve host: webdisk.reselny.edueast.gov.sa"
webdisk.sbsf.gov.sa,"Could not resolve host: webdisk.sbsf.gov.sa"
webdisk.taleemsa.gov.sa,"Could not resolve host: webdisk.taleemsa.gov.sa"
webdisk.teachers.gov.sa,"Could not resolve host: webdisk.teachers.gov.sa"
webdisk.teachershasa.gov.sa,"Could not resolve host: webdisk.teachershasa.gov.sa"
webdisk.tech.gov.sa,"Could not resolve host: webdisk.tech.gov.sa"
webdisk.tge.gov.sa,"Could not resolve host: webdisk.tge.gov.sa"
webdisk.turaifedu.gov.sa,"Could not resolve host: webdisk.turaifedu.gov.sa"
webdisk.unaizahm.gov.sa,"Could not resolve host: webdisk.unaizahm.gov.sa"
webdisk.ushaiqer.gov.sa,"Could not resolve host: webdisk.ushaiqer.gov.sa"
webepm.eamana.gov.sa,"Could not resolve host: webepm.eamana.gov.sa"
webex.scsb.gov.sa,"Could not resolve host: webex.scsb.gov.sa"
webexadmin.scsb.gov.sa,"Could not resolve host: webexadmin.scsb.gov.sa"
webext.mohe.gov.sa,"Could not resolve host: webext.mohe.gov.sa"
webfax.modon.gov.sa,"Failed to connect to webfax.modon.gov.sa port 443 after 200 ms: Could not connect to server"
webgis.amana-md.gov.sa,"Could not resolve host: webgis.amana-md.gov.sa"
webmail.alhasa.gov.sa,"302"
webmail.allaithged.gov.sa,"Could not resolve host: webmail.allaithged.gov.sa"
webmail.alrassedu.gov.sa,"Could not resolve host: webmail.alrassedu.gov.sa"
webmail.alriyadh.gov.sa,"Could not resolve host: webmail.alriyadh.gov.sa"
webmail.art.gov.sa,"Could not resolve host: webmail.art.gov.sa"
webmail.awqaf.gov.sa,"Could not resolve host: webmail.awqaf.gov.sa"
webmail.bahaeslah.gov.sa,"Could not resolve host: webmail.bahaeslah.gov.sa"
webmail.baladialula.gov.sa,"Could not resolve host: webmail.baladialula.gov.sa"
webmail.bc.gov.sa,"Could not resolve host: webmail.bc.gov.sa"
webmail.bog.gov.sa,"Connection timed out after 3002 milliseconds"
webmail.buk.gov.sa,"Could not resolve host: webmail.buk.gov.sa"
webmail.cchi.gov.sa,"302"
webmail.cib.gov.sa,"Could not resolve host: webmail.cib.gov.sa"
webmail.citc.gov.sa,"Connection timed out after 3002 milliseconds"
webmail.cloud.moi.gov.sa,"Connection timed out after 3002 milliseconds"
webmail.cst.gov.sa,"Connection timed out after 3002 milliseconds"
webmail.dgedu.gov.sa,"Could not resolve host: webmail.dgedu.gov.sa"
webmail.ecra.gov.sa,"Could not resolve host: webmail.ecra.gov.sa"
webmail.eduwd.gov.sa,"Could not resolve host: webmail.eduwd.gov.sa"
webmail.etsrg.gov.sa,"Could not resolve host: webmail.etsrg.gov.sa"
webmail.gca.gov.sa,"Could not resolve host: webmail.gca.gov.sa"
webmail.gcam.gov.sa,"Could not resolve host: webmail.gcam.gov.sa"
webmail.gce.gov.sa,"Could not resolve host: webmail.gce.gov.sa"
webmail.hafiz.gov.sa,"Could not resolve host: webmail.hafiz.gov.sa"
webmail.hef.gov.sa,"403"
webmail.holymakkah.gov.sa,"Operation timed out after 3002 milliseconds with 0 bytes received"
webmail.interior.gov.sa,"Connection timed out after 3002 milliseconds"
webmail.investinqassim.gov.sa,"Could not resolve host: webmail.investinqassim.gov.sa"
webmail.jep.gov.sa,"Could not resolve host: webmail.jep.gov.sa"
webmail.kkmh.gov.sa,"Could not resolve host: webmail.kkmh.gov.sa"
webmail.kskc.gov.sa,"Could not resolve host: webmail.kskc.gov.sa"
webmail.laithedu.gov.sa,"Could not resolve host: webmail.laithedu.gov.sa"
webmail.maisan.gov.sa,"Could not resolve host: webmail.maisan.gov.sa"
webmail.makkah.gov.sa,"Could not resolve host: webmail.makkah.gov.sa"
webmail.mcit.gov.sa,"Could not resolve host: webmail.mcit.gov.sa"
webmail.mcs.gov.sa,"Could not resolve host: webmail.mcs.gov.sa"
webmail.moa.gov.sa,"Could not resolve host: webmail.moa.gov.sa"
webmail.moci.gov.sa,"Could not resolve host: webmail.moci.gov.sa"
webmail.moda.gov.sa,"Could not resolve host: webmail.moda.gov.sa"
webmail.modon.gov.sa,"Resolving timed out after 3000 milliseconds"
webmail.moe.gov.sa,"302"
webmail.mofa.gov.sa,"Could not resolve host: webmail.mofa.gov.sa"
webmail.moh.gov.sa,"302"
webmail.mol.gov.sa,"Could not resolve host: webmail.mol.gov.sa"
webmail.mot.gov.sa,"Connection timed out after 3002 milliseconds"
webmail.mowe.gov.sa,"Could not resolve host: webmail.mowe.gov.sa"
webmail.nic.gov.sa,"Connection timed out after 3002 milliseconds"
webmail.orders.buk.gov.sa,"Could not resolve host: webmail.orders.buk.gov.sa"
webmail.pst.spsc.gov.sa,"Could not resolve host: webmail.pst.spsc.gov.sa"
webmail.rabegh-municipality.gov.sa,"Could not resolve host: webmail.rabegh-municipality.gov.sa"
webmail.rabegh.gov.sa,"Could not resolve host: webmail.rabegh.gov.sa"
webmail.rcjy.gov.sa,"Could not resolve host: webmail.rcjy.gov.sa"
webmail.redf.gov.sa,"Connection timed out after 3002 milliseconds"
webmail.reselny.edueast.gov.sa,"Could not resolve host: webmail.reselny.edueast.gov.sa"
webmail.rsadf.gov.sa,"Could not resolve host: webmail.rsadf.gov.sa"
webmail.sama.gov.sa,"Could not resolve host: webmail.sama.gov.sa"
webmail.sbsf.gov.sa,"Could not resolve host: webmail.sbsf.gov.sa"
webmail.scsb.gov.sa,"Could not resolve host: webmail.scsb.gov.sa"
webmail.scta.gov.sa,"Could not resolve host: webmail.scta.gov.sa"
webmail.scth.gov.sa,"Could not resolve host: webmail.scth.gov.sa"
webmail.sdb.gov.sa,"Connection timed out after 3002 milliseconds"
webmail.sec.gov.sa,"Could not resolve host: webmail.sec.gov.sa"
webmail.sfda.gov.sa,"Could not resolve host: webmail.sfda.gov.sa"
webmail.sharqiah.gov.sa,"Connection timed out after 3002 milliseconds"
webmail.shura.gov.sa,"Connection timed out after 3001 milliseconds"
webmail.sidf.gov.sa,"Recv failure: Connexion ré-initialisée par le correspondant"
webmail.srg.gov.sa,"Connection timed out after 3002 milliseconds"
webmail.swcc.gov.sa,"Could not resolve host: webmail.swcc.gov.sa"
webmail.taleemsa.gov.sa,"Could not resolve host: webmail.taleemsa.gov.sa"
webmail.teachers.gov.sa,"Could not resolve host: webmail.teachers.gov.sa"
webmail.tech.gov.sa,"Could not resolve host: webmail.tech.gov.sa"
webmail.tel.moi.gov.sa,"Connection timed out after 3001 milliseconds"
webmail.tge.gov.sa,"Could not resolve host: webmail.tge.gov.sa"
webmail.turaifedu.gov.sa,"Could not resolve host: webmail.turaifedu.gov.sa"
webmail.unaizahm.gov.sa,"Could not resolve host: webmail.unaizahm.gov.sa"
webmail.ushaiqer.gov.sa,"Could not resolve host: webmail.ushaiqer.gov.sa"
webmail1.fsf.gov.sa,"Could not resolve host: webmail1.fsf.gov.sa"
webmail2.fsf.gov.sa,"Could not resolve host: webmail2.fsf.gov.sa"
webportal.mot.gov.sa,"Could not resolve host: webportal.mot.gov.sa"
webportalstat.mlsd.gov.sa,"Could not resolve host: webportalstat.mlsd.gov.sa"
webra.ncdc.gov.sa,"Could not resolve host: webra.ncdc.gov.sa"
webservice.gosionline.gov.sa,"Could not resolve host: webservice.gosionline.gov.sa"
webvpn.mcs.gov.sa,"Could not resolve host: webvpn.mcs.gov.sa"
webvpn.mot.gov.sa,"Could not resolve host: webvpn.mot.gov.sa"
whm.alrassedu.gov.sa,"Could not resolve host: whm.alrassedu.gov.sa"
whm.gcam.gov.sa,"Could not resolve host: whm.gcam.gov.sa"
whm.investinqassim.gov.sa,"Could not resolve host: whm.investinqassim.gov.sa"
wj.gaca.gov.sa,"Could not resolve host: wj.gaca.gov.sa"
workfolders.mot.gov.sa,"Could not resolve host: workfolders.mot.gov.sa"
workplace.fg.gov.sa,"Connection timed out after 3002 milliseconds"
wps.mol.gov.sa,"Could not resolve host: wps.mol.gov.sa"
ws.mofa.gov.sa,"Could not resolve host: ws.mofa.gov.sa"
wstst.mofa.gov.sa,"Could not resolve host: wstst.mofa.gov.sa"
www.access.mep.gov.sa,"Could not resolve host: www.access.mep.gov.sa"
www.access.mol.gov.sa,"Could not resolve host: www.access.mol.gov.sa"
www.access.tvtc.gov.sa,"Resolving timed out after 3000 milliseconds"
www.access02.mol.gov.sa,"Could not resolve host: www.access02.mol.gov.sa"
www.address.gov.sa,"Connection timed out after 3002 milliseconds"
www.adf.gov.sa,"Connection timed out after 3001 milliseconds"
www.ahwal.gov.sa,"Could not resolve host: www.ahwal.gov.sa"
www.alahsa-health.gov.sa,"Could not resolve host: www.alahsa-health.gov.sa"
www.albahaedu.gov.sa,"Could not resolve host: www.albahaedu.gov.sa"
www.albahainv.gov.sa,"Could not resolve host: www.albahainv.gov.sa"
www.albirkgedu.gov.sa,"Could not resolve host: www.albirkgedu.gov.sa"
www.albosor-m.gov.sa,"Could not resolve host: www.albosor-m.gov.sa"
www.aljouf.gov.sa,"Could not resolve host: www.aljouf.gov.sa"
www.aljoufedu.gov.sa,"Could not resolve host: www.aljoufedu.gov.sa"
www.alkhitah.gov.sa,"Could not resolve host: www.alkhitah.gov.sa"
www.allaithged.gov.sa,"Could not resolve host: www.allaithged.gov.sa"
www.almuzahmiyyaedu.gov.sa,"Could not resolve host: www.almuzahmiyyaedu.gov.sa"
www.alqasabcc.gov.sa,"Could not resolve host: www.alqasabcc.gov.sa"
www.alquran.gov.sa,"Could not resolve host: www.alquran.gov.sa"
www.alrassedu.gov.sa,"Could not resolve host: www.alrassedu.gov.sa"
www.alrassge.gov.sa,"Could not resolve host: www.alrassge.gov.sa"
www.anas3.albirkgedu.gov.sa,"Could not resolve host: www.anas3.albirkgedu.gov.sa"
www.app.mhaedu.gov.sa,"Could not resolve host: www.app.mhaedu.gov.sa"
www.app.nic.gov.sa,"Could not resolve host: www.app.nic.gov.sa"
www.app.tvtc.gov.sa,"Resolving timed out after 3000 milliseconds"
www.apppnr-portal.moi.gov.sa,"Could not resolve host: www.apppnr-portal.moi.gov.sa"
www.aqargroup.msi.gov.sa,"Could not resolve host: www.aqargroup.msi.gov.sa"
www.arar-mu.gov.sa,"Failed to connect to www.arar-mu.gov.sa port 443 after 2670 ms: Could not connect to server"
www.arriyadhenv.gov.sa,"TLS connect error: error:0A000438:SSL routines::tlsv1 alert internal error"
www.art.gov.sa,"Could not resolve host: www.art.gov.sa"
www.aseer.gov.sa,"Connection timed out after 3001 milliseconds"
www.aseerhealth.gov.sa,"Could not resolve host: www.aseerhealth.gov.sa"
www.ata-hail.gov.sa,"Could not resolve host: www.ata-hail.gov.sa"
www.awqaf.gov.sa,"Could not resolve host: www.awqaf.gov.sa"
www.bahaedu.gov.sa,"Could not resolve host: www.bahaedu.gov.sa"
www.bahaeslah.gov.sa,"Could not resolve host: www.bahaeslah.gov.sa"
www.baladialula.gov.sa,"Could not resolve host: www.baladialula.gov.sa"
www.balgree.gov.sa,"Could not resolve host: www.balgree.gov.sa"
www.baqaahealth.gov.sa,"Could not resolve host: www.baqaahealth.gov.sa"
www.bc.gov.sa,"Could not resolve host: www.bc.gov.sa"
www.bip.gov.sa,"Could not resolve host: www.bip.gov.sa"
www.boe.gov.sa,"Connection timed out after 3001 milliseconds"
www.bog.gov.sa,"Connection timed out after 3002 milliseconds"
www.bpm.mot.gov.sa,"Could not resolve host: www.bpm.mot.gov.sa"
www.buk.gov.sa,"Could not resolve host: www.buk.gov.sa"
www.bvsci.albirkgedu.gov.sa,"Could not resolve host: www.bvsci.albirkgedu.gov.sa"
www.c4i.gov.sa,"Could not resolve host: www.c4i.gov.sa"
www.cbahi.gov.sa,"Could not resolve host: www.cbahi.gov.sa"
www.citc.gov.sa,"301"
www.citrix.royalprotocol.gov.sa,"Could not resolve host: www.citrix.royalprotocol.gov.sa"
www.citrix.scsb.gov.sa,"Could not resolve host: www.citrix.scsb.gov.sa"
www.cloud.mabqaiq.gov.sa,"Could not resolve host: www.cloud.mabqaiq.gov.sa"
www.cmr.gov.sa,"Could not resolve host: www.cmr.gov.sa"
www.cs.amana-md.gov.sa,"Could not resolve host: www.cs.amana-md.gov.sa"
www.cst.gov.sa,"200"
www.dgedu.gov.sa,"Could not resolve host: www.dgedu.gov.sa"
www.dharyah.gov.sa,"Could not resolve host: www.dharyah.gov.sa"
www.docs.mhaedu.gov.sa,"Could not resolve host: www.docs.mhaedu.gov.sa"
www.dppedu.gov.sa,"Could not resolve host: www.dppedu.gov.sa"
www.dubam.gov.sa,"Could not resolve host: www.dubam.gov.sa"
www.dulani.gov.sa,"Connection timed out after 3000 milliseconds"
www.dzit.gov.sa,"Could not resolve host: www.dzit.gov.sa"
www.e-learning.swcc.gov.sa,"Could not resolve host: www.e-learning.swcc.gov.sa"
www.e-rcr.rcjy.gov.sa,"Could not resolve host: www.e-rcr.rcjy.gov.sa"
www.e-stage.jdph.gov.sa,"Could not resolve host: www.e-stage.jdph.gov.sa"
www.e.jdph.gov.sa,"Could not resolve host: www.e.jdph.gov.sa"
www.eamana.gov.sa,"Connection timed out after 3002 milliseconds"
www.easternemara.gov.sa,"Could not resolve host: www.easternemara.gov.sa"
www.edueast.gov.sa,"Could not resolve host: www.edueast.gov.sa"
www.eduwd.gov.sa,"Could not resolve host: www.eduwd.gov.sa"
www.eec.gov.sa,"Could not resolve host: www.eec.gov.sa"
www.el.laithedu.gov.sa,"Could not resolve host: www.el.laithedu.gov.sa"
www.employee.sama.gov.sa,"Could not resolve host: www.employee.sama.gov.sa"
www.emr-jou-ex-01.jouf.gov.sa,"Could not resolve host: www.emr-jou-ex-01.jouf.gov.sa"
www.enote.gov.sa,"Could not resolve host: www.enote.gov.sa"
www.eog.gov.sa,"Could not resolve host: www.eog.gov.sa"
www.epassport.gov.sa,"Connection timed out after 3002 milliseconds"
www.ershad.mhaedu.gov.sa,"Could not resolve host: www.ershad.mhaedu.gov.sa"
www.ershadsabia.gc.gov.sa,"Could not resolve host: www.ershadsabia.gc.gov.sa"
www.eservices.bip.gov.sa,"Could not resolve host: www.eservices.bip.gov.sa"
www.eservices.redf.gov.sa,"Could not resolve host: www.eservices.redf.gov.sa"
www.etransformation.gov.sa,"Could not resolve host: www.etransformation.gov.sa"
www.etsrg.gov.sa,"Could not resolve host: www.etsrg.gov.sa"
www.exam.moe.gov.sa,"Could not resolve host: www.exam.moe.gov.sa"
www.exchange.jaz.gov.sa,"Could not resolve host: www.exchange.jaz.gov.sa"
www.external.mol.gov.sa,"Could not resolve host: www.external.mol.gov.sa"
www.external02.mol.gov.sa,"Could not resolve host: www.external02.mol.gov.sa"
www.fetan.laithedu.gov.sa,"Could not resolve host: www.fetan.laithedu.gov.sa"
www.fg.gov.sa,"Connection timed out after 3002 milliseconds"
www.gab.gov.sa,"Could not resolve host: www.gab.gov.sa"
www.gate.shaqraedu.gov.sa,"Could not resolve host: www.gate.shaqraedu.gov.sa"
www.gca.gov.sa,"302"
www.gcam.gov.sa,"Could not resolve host: www.gcam.gov.sa"
www.gce.gov.sa,"Could not resolve host: www.gce.gov.sa"
www.gip.gov.sa,"Could not resolve host: www.gip.gov.sa"
www.gis.ars.gov.sa,"Could not resolve host: www.gis.ars.gov.sa"
www.gosi.gov.sa,"200"
www.gosionline.gov.sa,"Could not resolve host: www.gosionline.gov.sa"
www.gpyw.gov.sa,"Connection timed out after 3002 milliseconds"
www.gsfmo.gov.sa,"Could not resolve host: www.gsfmo.gov.sa"
www.haddadedu.gov.sa,"Could not resolve host: www.haddadedu.gov.sa"
www.hafiz.gov.sa,"Could not resolve host: www.hafiz.gov.sa"
www.hawiyati.gov.sa,"Could not resolve host: www.hawiyati.gov.sa"
www.hbthedu.gov.sa,"Could not resolve host: www.hbthedu.gov.sa"
www.hdsmap.gov.sa,"Could not resolve host: www.hdsmap.gov.sa"
www.hef.gov.sa,"301"
www.hida.gov.sa,"Could not resolve host: www.hida.gov.sa"
www.hmm.gov.sa,"200"
www.hmmc.gov.sa,"Could not resolve host: www.hmmc.gov.sa"
www.hms.amana-md.gov.sa,"Could not resolve host: www.hms.amana-md.gov.sa"
www.holymakkah.gov.sa,"308"
www.home.qassimedu.gov.sa,"Could not resolve host: www.home.qassimedu.gov.sa"
www.host.ccbishaedu.gov.sa,"Could not resolve host: www.host.ccbishaedu.gov.sa"
www.hu.msi.gov.sa,"Could not resolve host: www.hu.msi.gov.sa"
www.iam.gov.sa,"Could not resolve host: www.iam.gov.sa"
www.icsc.gov.sa,"Could not resolve host: www.icsc.gov.sa"
www.ilink.scsb.gov.sa,"Could not resolve host: www.ilink.scsb.gov.sa"
www.im.mol.gov.sa,"Could not resolve host: www.im.mol.gov.sa"
www.investinqassim.gov.sa,"Could not resolve host: www.investinqassim.gov.sa"
www.islah.gov.sa,"Could not resolve host: www.islah.gov.sa"
www.j-psy-moh.gov.sa,"Could not resolve host: www.j-psy-moh.gov.sa"
www.jazanh.gov.sa,"Could not resolve host: www.jazanh.gov.sa"
www.jazanpsych.gov.sa,"Could not resolve host: www.jazanpsych.gov.sa"
www.jdf.gov.sa,"Could not resolve host: www.jdf.gov.sa"
www.jdph.gov.sa,"Could not resolve host: www.jdph.gov.sa"
www.jedutr.gov.sa,"Could not resolve host: www.jedutr.gov.sa"
www.jep.gov.sa,"Could not resolve host: www.jep.gov.sa"
www.jodah.qassimedu.gov.sa,"Could not resolve host: www.jodah.qassimedu.gov.sa"
www.kfhh.gov.sa,"Could not resolve host: www.kfhh.gov.sa"
www.kfmcom.gov.sa,"Could not resolve host: www.kfmcom.gov.sa"
www.kfnl.gov.sa,"Could not resolve host: www.kfnl.gov.sa"
www.khulaisedu.gov.sa,"Could not resolve host: www.khulaisedu.gov.sa"
www.kkmcom.gov.sa,"Could not resolve host: www.kkmcom.gov.sa"
www.kkmh.gov.sa,"Could not resolve host: www.kkmh.gov.sa"
www.kmc.gov.sa,"Could not resolve host: www.kmc.gov.sa"
www.kskc.gov.sa,"Could not resolve host: www.kskc.gov.sa"
www.laboreducation.gov.sa,"Could not resolve host: www.laboreducation.gov.sa"
www.laithedu.gov.sa,"Could not resolve host: www.laithedu.gov.sa"
www.ma3an.gov.sa,"Could not resolve host: www.ma3an.gov.sa"
www.maak.saudi.gov.sa,"Could not resolve host: www.maak.saudi.gov.sa"
www.mabqaiq.gov.sa,"Could not resolve host: www.mabqaiq.gov.sa"
www.madinaedu.gov.sa,"Could not resolve host: www.madinaedu.gov.sa"
www.mail.998.gov.sa,"Could not resolve host: www.mail.998.gov.sa"
www.mail.adf.gov.sa,"Could not resolve host: www.mail.adf.gov.sa"
www.mail.amanataljouf.gov.sa,"Could not resolve host: www.mail.amanataljouf.gov.sa"
www.mail.ars.gov.sa,"Could not resolve host: www.mail.ars.gov.sa"
www.mail.bip.gov.sa,"Could not resolve host: www.mail.bip.gov.sa"
www.mail.cppa.gov.sa,"Could not resolve host: www.mail.cppa.gov.sa"
www.mail.dmmr.gov.sa,"Could not resolve host: www.mail.dmmr.gov.sa"
www.mail.e-najran.gov.sa,"Could not resolve host: www.mail.e-najran.gov.sa"
www.mail.emartaseer.gov.sa,"Could not resolve host: www.mail.emartaseer.gov.sa"
www.mail.gph.gov.sa,"Could not resolve host: www.mail.gph.gov.sa"
www.mail.makkah.gov.sa,"Could not resolve host: www.mail.makkah.gov.sa"
www.mail.mda.gov.sa,"Could not resolve host: www.mail.mda.gov.sa"
www.mail.mep.gov.sa,"Could not resolve host: www.mail.mep.gov.sa"
www.mail.mwa.gov.sa,"Could not resolve host: www.mail.mwa.gov.sa"
www.mail.nccam.gov.sa,"Could not resolve host: www.mail.nccam.gov.sa"
www.mail.ncda.gov.sa,"Could not resolve host: www.mail.ncda.gov.sa"
www.mail.royaldewan.gov.sa,"Could not resolve host: www.mail.royaldewan.gov.sa"
www.mail.royalprotocol.gov.sa,"Could not resolve host: www.mail.royalprotocol.gov.sa"
www.mail.scj.gov.sa,"Could not resolve host: www.mail.scj.gov.sa"
www.mail.scot.gov.sa,"Could not resolve host: www.mail.scot.gov.sa"
www.maisan.gov.sa,"Could not resolve host: www.maisan.gov.sa"
www.majedu.gov.sa,"Could not resolve host: www.majedu.gov.sa"
www.makhwahedu.gov.sa,"Could not resolve host: www.makhwahedu.gov.sa"
www.makkah.gov.sa,"Connection timed out after 3001 milliseconds"
www.map.namasedu.gov.sa,"Could not resolve host: www.map.namasedu.gov.sa"
www.mc.gov.sa,"301"
www.mdm.mot.gov.sa,"Could not resolve host: www.mdm.mot.gov.sa"
www.meet.qtvtc.gov.sa,"Could not resolve host: www.meet.qtvtc.gov.sa"
www.methnbedu.gov.sa,"Could not resolve host: www.methnbedu.gov.sa"
www.mhaedu.gov.sa,"Could not resolve host: www.mhaedu.gov.sa"
www.mlsd.gov.sa,"Could not resolve host: www.mlsd.gov.sa"
www.mmc.gov.sa,"Could not resolve host: www.mmc.gov.sa"
www.moda.gov.sa,"Could not resolve host: www.moda.gov.sa"
www.modon.gov.sa,"Could not resolve host: www.modon.gov.sa"
www.moe.gov.sa,"302"
www.mofa.gov.sa,"302"
www.mohe.gov.sa,"Could not resolve host: www.mohe.gov.sa"
www.mohj.gov.sa,"Could not resolve host: www.mohj.gov.sa"
www.moi.gov.sa,"Resolving timed out after 3002 milliseconds"
www.moj.gov.sa,"Connection timed out after 3001 milliseconds"
www.mol.gov.sa,"Could not resolve host: www.mol.gov.sa"
www.mosa-d-web.mosa-d.gov.sa,"Could not resolve host: www.mosa-d-web.mosa-d.gov.sa"
www.mosa-d.gov.sa,"Could not resolve host: www.mosa-d.gov.sa"
www.mosa.gov.sa,"Could not resolve host: www.mosa.gov.sa"
www.mot.gov.sa,"301"
www.mowaih.gov.sa,"Could not resolve host: www.mowaih.gov.sa"
www.msi.gov.sa,"Could not resolve host: www.msi.gov.sa"
www.mtc.gov.sa,"Could not resolve host: www.mtc.gov.sa"
www.mulhi.msi.gov.sa,"Could not resolve host: www.mulhi.msi.gov.sa"
www.musaned.gov.sa,"Could not resolve host: www.musaned.gov.sa"
www.my.ecra.gov.sa,"Could not resolve host: www.my.ecra.gov.sa"
www.myid.gov.sa,"Could not resolve host: www.myid.gov.sa"
www.namasedu.gov.sa,"Could not resolve host: www.namasedu.gov.sa"
www.nazaha.gov.sa,"Connection timed out after 3001 milliseconds"
www.ncc.gov.sa,"Connection timed out after 3002 milliseconds"
www.ncdc.gov.sa,"Could not resolve host: www.ncdc.gov.sa"
www.nclom.gov.sa,"Could not resolve host: www.nclom.gov.sa"
www.ncsc.gov.sa,"Could not resolve host: www.ncsc.gov.sa"
www.new2017.eec.gov.sa,"Could not resolve host: www.new2017.eec.gov.sa"
www.nezame.mohj.gov.sa,"Could not resolve host: www.nezame.mohj.gov.sa"
www.nightschool.laithedu.gov.sa,"Could not resolve host: www.nightschool.laithedu.gov.sa"
www.nis.gov.sa,"Could not resolve host: www.nis.gov.sa"
www.northedu.gov.sa,"Resolving timed out after 3001 milliseconds"
www.nre.gov.sa,"Could not resolve host: www.nre.gov.sa"
www.order.tech.gov.sa,"Could not resolve host: www.order.tech.gov.sa"
www.orders.buk.gov.sa,"Could not resolve host: www.orders.buk.gov.sa"
www.outlook.hrc.gov.sa,"Could not resolve host: www.outlook.hrc.gov.sa"
www.pension.gov.sa,"Connection timed out after 3001 milliseconds"
www.pgd.gov.sa,"Connection timed out after 3002 milliseconds"
www.phc.gov.sa,"Could not resolve host: www.phc.gov.sa"
www.pia.iam.gov.sa,"Could not resolve host: www.pia.iam.gov.sa"
www.post.um.gov.sa,"Could not resolve host: www.post.um.gov.sa"
www.psbjh.gov.sa,"Could not resolve host: www.psbjh.gov.sa"
www.pst.spsc.gov.sa,"Could not resolve host: www.pst.spsc.gov.sa"
www.qalwah.gov.sa,"Could not resolve host: www.qalwah.gov.sa"
www.qassim.gov.sa,"SSL certificate problem: unable to get local issuer certificate"
www.qassimedu.gov.sa,"Could not resolve host: www.qassimedu.gov.sa"
www.qe.gov.sa,"Could not resolve host: www.qe.gov.sa"
www.qge.gov.sa,"Could not resolve host: www.qge.gov.sa"
www.qh.gov.sa,"Could not resolve host: www.qh.gov.sa"
www.qkadmin.gov.sa,"Could not resolve host: www.qkadmin.gov.sa"
www.qortobhedu.gov.sa,"Could not resolve host: www.qortobhedu.gov.sa"
www.qtvtc.gov.sa,"Could not resolve host: www.qtvtc.gov.sa"
www.qudratak.yesser.gov.sa,"Could not resolve host: www.qudratak.yesser.gov.sa"
www.r-habbas.gov.sa,"Could not resolve host: www.r-habbas.gov.sa"
www.rabegh-municipality.gov.sa,"Could not resolve host: www.rabegh-municipality.gov.sa"
www.rabegh.gov.sa,"Could not resolve host: www.rabegh.gov.sa"
www.rafhaedu.gov.sa,"Could not resolve host: www.rafhaedu.gov.sa"
www.rai.gov.sa,"Could not resolve host: www.rai.gov.sa"
www.ranyahmc.gov.sa,"Could not resolve host: www.ranyahmc.gov.sa"
www.rasmc.gov.sa,"Could not resolve host: www.rasmc.gov.sa"
www.rawdahedu.gov.sa,"Could not resolve host: www.rawdahedu.gov.sa"
www.rcj.gov.sa,"Could not resolve host: www.rcj.gov.sa"
www.rcjowa.rcjubail.gov.sa,"Could not resolve host: www.rcjowa.rcjubail.gov.sa"
www.rcjy.gov.sa,"200"
www.redf.gov.sa,"Could not resolve host: www.redf.gov.sa"
www.reg.mhaedu.gov.sa,"Could not resolve host: www.reg.mhaedu.gov.sa"
www.reselny.edueast.gov.sa,"Could not resolve host: www.reselny.edueast.gov.sa"
www.revproxy.mol.gov.sa,"Could not resolve host: www.revproxy.mol.gov.sa"
www.rgr.gov.sa,"Could not resolve host: www.rgr.gov.sa"
www.rms.sama.gov.sa,"Could not resolve host: www.rms.sama.gov.sa"
www.royaldewan.gov.sa,"Could not resolve host: www.royaldewan.gov.sa"
www.royalprotocol.gov.sa,"Could not resolve host: www.royalprotocol.gov.sa"
www.rproxy.mol.gov.sa,"Could not resolve host: www.rproxy.mol.gov.sa"
www.s.crg.gov.sa,"Could not resolve host: www.s.crg.gov.sa"
www.sagia.gov.sa,"Could not resolve host: www.sagia.gov.sa"
www.sahl.mohj.gov.sa,"Could not resolve host: www.sahl.mohj.gov.sa"
www.samanet.gov.sa,"Could not resolve host: www.samanet.gov.sa"
www.saudi.gov.sa,"Could not resolve host: www.saudi.gov.sa"
www.saudigym.gov.sa,"Could not resolve host: www.saudigym.gov.sa"
www.sba.gov.sa,"SSL: no alternative certificate subject name matches target hostname 'www.sba.gov.sa'"
www.sbc.gov.sa,"Connection timed out after 3002 milliseconds"
www.sbsf.gov.sa,"Could not resolve host: www.sbsf.gov.sa"
www.sdsf.gov.sa,"Could not resolve host: www.sdsf.gov.sa"
www.se.laithedu.gov.sa,"Could not resolve host: www.se.laithedu.gov.sa"
www.securemail.moci.gov.sa,"Could not resolve host: www.securemail.moci.gov.sa"
www.sedu.gov.sa,"Could not resolve host: www.sedu.gov.sa"
www.seec.gov.sa,"301"
www.ser.gov.sa,"Could not resolve host: www.ser.gov.sa"
www.server.yanbuedu.gov.sa,"Could not resolve host: www.server.yanbuedu.gov.sa"
www.server1.alrassedu.gov.sa,"Could not resolve host: www.server1.alrassedu.gov.sa"
www.sfd.gov.sa,"Connection timed out after 3002 milliseconds"
www.sfda.gov.sa,"200"
www.sharqiah.gov.sa,"Could not resolve host: www.sharqiah.gov.sa"
www.sip.alhasa.gov.sa,"Could not resolve host: www.sip.alhasa.gov.sa"
www.sip.ids.gov.sa,"Could not resolve host: www.sip.ids.gov.sa"
www.sip.mof.gov.sa,"Could not resolve host: www.sip.mof.gov.sa"
www.sip.pv.gov.sa,"Could not resolve host: www.sip.pv.gov.sa"
www.sip.rkhabra.gov.sa,"Could not resolve host: www.sip.rkhabra.gov.sa"
www.sip.shura.gov.sa,"Could not resolve host: www.sip.shura.gov.sa"
www.sip.tvtc.gov.sa,"Resolving timed out after 3000 milliseconds"
www.site1.hmmc.gov.sa,"Could not resolve host: www.site1.hmmc.gov.sa"
www.sls.gov.sa,"Could not resolve host: www.sls.gov.sa"
www.spsc.gov.sa,"Could not resolve host: www.spsc.gov.sa"
www.srg.gov.sa,"Connection timed out after 3001 milliseconds"
www.ssa-at.gov.sa,"Could not resolve host: www.ssa-at.gov.sa"
www.ssa.gov.sa,"Could not resolve host: www.ssa.gov.sa"
www.sufayri.gov.sa,"Could not resolve host: www.sufayri.gov.sa"
www.support.yanbuedu.gov.sa,"Could not resolve host: www.support.yanbuedu.gov.sa"
www.swa.gov.sa,"403"
www.swaaid-jedu.gov.sa,"Could not resolve host: www.swaaid-jedu.gov.sa"
www.tabarjal.gov.sa,"Could not resolve host: www.tabarjal.gov.sa"
www.tadreeb.gov.sa,"Could not resolve host: www.tadreeb.gov.sa"
www.taifcity.gov.sa,"SSL certificate problem: unable to get local issuer certificate"
www.taifedu.gov.sa,"Could not resolve host: www.taifedu.gov.sa"
www.taifnashat.gov.sa,"Could not resolve host: www.taifnashat.gov.sa"
www.taleemsa.gov.sa,"Could not resolve host: www.taleemsa.gov.sa"
www.tc.gov.sa,"Could not resolve host: www.tc.gov.sa"
www.tch.gov.sa,"Could not resolve host: www.tch.gov.sa"
www.teachers.gov.sa,"Could not resolve host: www.teachers.gov.sa"
www.teachershasa.gov.sa,"Could not resolve host: www.teachershasa.gov.sa"
www.tech.gov.sa,"Could not resolve host: www.tech.gov.sa"
www.tge.gov.sa,"Could not resolve host: www.tge.gov.sa"
www.thadiq-mun.gov.sa,"Could not resolve host: www.thadiq-mun.gov.sa"
www.trasoul.yesser.gov.sa,"Could not resolve host: www.trasoul.yesser.gov.sa"
www.turaifedu.gov.sa,"Could not resolve host: www.turaifedu.gov.sa"
www.ult.amana-md.gov.sa,"Could not resolve host: www.ult.amana-md.gov.sa"
www.um.gov.sa,"Could not resolve host: www.um.gov.sa"
www.umljm.gov.sa,"Could not resolve host: www.umljm.gov.sa"
www.unaizahm.gov.sa,"Could not resolve host: www.unaizahm.gov.sa"
www.update.hmmc.gov.sa,"Could not resolve host: www.update.hmmc.gov.sa"
www.ushaiqer.gov.sa,"Could not resolve host: www.ushaiqer.gov.sa"
www.visithail.gov.sa,"Could not resolve host: www.visithail.gov.sa"
www.vpn.gdp.gov.sa,"Could not resolve host: www.vpn.gdp.gov.sa"
www.vpn.mot.gov.sa,"Could not resolve host: www.vpn.mot.gov.sa"
www.vpn.mwa.gov.sa,"Could not resolve host: www.vpn.mwa.gov.sa"
www.watheq.gov.sa,"Could not resolve host: www.watheq.gov.sa"
www.webconf.mol.gov.sa,"Could not resolve host: www.webconf.mol.gov.sa"
www.webconf.tvtc.gov.sa,"Resolving timed out after 3001 milliseconds"
www.webmail.alhasa.gov.sa,"Could not resolve host: www.webmail.alhasa.gov.sa"
www.webmail1.fsf.gov.sa,"Could not resolve host: www.webmail1.fsf.gov.sa"
www.www2.moe.gov.sa,"Could not resolve host: www.www2.moe.gov.sa"
www.xn--lgbbaal6aor3mdwu7a.albirkgedu.gov.sa,"Could not resolve host: www.xn--lgbbaal6aor3mdwu7a.albirkgedu.gov.sa"
www.yanbuedu.gov.sa,"Could not resolve host: www.yanbuedu.gov.sa"
www.yanbugov.gov.sa,"Could not resolve host: www.yanbugov.gov.sa"
www.yesser.gov.sa,"Could not resolve host: www.yesser.gov.sa"
www.ynbu.gov.sa,"Could not resolve host: www.ynbu.gov.sa"
www1.mot.gov.sa,"Could not resolve host: www1.mot.gov.sa"
www2.modon.gov.sa,"Could not resolve host: www2.modon.gov.sa"
www2.moe.gov.sa,"Could not resolve host: www2.moe.gov.sa"
www2.mot.gov.sa,"Could not resolve host: www2.mot.gov.sa"
www3.mot.gov.sa,"Could not resolve host: www3.mot.gov.sa"
www9.moe.gov.sa,"Could not resolve host: www9.moe.gov.sa"
xmail.gab.gov.sa,"Could not resolve host: xmail.gab.gov.sa"
xmail.holymakkah.gov.sa,"Could not resolve host: xmail.holymakkah.gov.sa"
xn--lgbbaal6aor3mdwu7a.albirkgedu.gov.sa,"Could not resolve host: xn--lgbbaal6aor3mdwu7a.albirkgedu.gov.sa"
yanbuedu.gov.sa,"Could not resolve host: yanbuedu.gov.sa"
yanbugov.gov.sa,"Could not resolve host: yanbugov.gov.sa"
yesser.gov.sa,"Could not resolve host: yesser.gov.sa"
ynbu.gov.sa,"Could not resolve host: ynbu.gov.sa"
