type,label,website,hostname,level
constitutional_court,Q85879382,https://www.adachikouiki.lg.jp/,adachikouiki.lg.jp,
constitutional_court,Q11381268,https://www.aizu-kouiki.jp/,aizu-kouiki.jp,
constitutional_court,Akaigawa,https://www.akaigawa.com/,akaigawa.com,
constitutional_court,Aka,https://www.akamura.net/,akamura.net,
constitutional_court,Akiota,https://www.akiota.jp/,akiota.jp,
constitutional_court,Akitakata,https://www.akitakata.jp/,akitakata.jp,
constitutional_court,Akkeshi,https://www.akkeshi-town.jp/,akkeshi-town.jp,
constitutional_court,Greater Nagano Region Union,https://www.area-nagano.jp/,area-nagano.jp,local
constitutional_court,Asuka,https://asukamura.jp/,asukamura.jp,
constitutional_court,Q85876148,https://www.az9.or.jp/,az9.or.jp,
constitutional_court,Betsukai,https://betsukai.jp/,betsukai.jp,
constitutional_court,Bungo-ōno-shi,https://www.bungo-ohno.jp/,bungo-ohno.jp,
ministry,Agency for Cultural Affairs,https://www.bunka.go.jp,bunka.go.jp,
ministry,Aeronautical Safety College,https://www.cab.mlit.go.jp/asc/,cab.mlit.go.jp,
constitutional_court,Ministerial Meeting on the International Horticultural Expo 2027,https://www.cas.go.jp/jp/seisaku/2027_hakurankai/index.html,cas.go.jp,
constitutional_court,Children and Families Agency,https://www.cfa.go.jp/,cfa.go.jp,central
constitutional_court,Chatan,https://www.chatan.jp/,chatan.jp,
constitutional_court,Kirishima,https://www.city-kirishima.jp/,city-kirishima.jp,
constitutional_court,Matsuura,https://www.city-matsuura.jp/,city-matsuura.jp,
constitutional_court,Nakatsu,https://www.city-nakatsu.jp/,city-nakatsu.jp,
constitutional_court,Yanai,https://www.city-yanai.jp/,city-yanai.jp,
constitutional_court,Yuzawa,https://www.city-yuzawa.jp/,city-yuzawa.jp,
constitutional_court,Abashiri,https://www.city.abashiri.hokkaido.jp/,city.abashiri.hokkaido.jp,
constitutional_court,Abiko,https://www.city.abiko.chiba.jp/,city.abiko.chiba.jp,
constitutional_court,Adachi,https://www.city.adachi.tokyo.jp/,city.adachi.tokyo.jp,
constitutional_court,Agano,https://www.city.agano.niigata.jp/,city.agano.niigata.jp,
constitutional_court,Ageo,https://www.city.ageo.lg.jp/,city.ageo.lg.jp,
constitutional_court,Miyoshi,https://www.city.aichi-miyoshi.lg.jp/,city.aichi-miyoshi.lg.jp,
constitutional_court,Aioi,https://www.city.aioi.lg.jp/,city.aioi.lg.jp,
constitutional_court,Aira,https://www.city.aira.lg.jp/,city.aira.lg.jp,
constitutional_court,Aisai,https://www.city.aisai.lg.jp/,city.aisai.lg.jp,
constitutional_court,Aizuwakamatsu,https://www.city.aizuwakamatsu.fukushima.jp/,city.aizuwakamatsu.fukushima.jp,
constitutional_court,Aizuwakamatsu,https://www.city.aizuwakamatsu.fukushima.jp/docs/2011080200035/,city.aizuwakamatsu.fukushima.jp,
constitutional_court,Akabira,https://www.city.akabira.hokkaido.jp/,city.akabira.hokkaido.jp,
constitutional_court,Akaiwa,https://www.city.akaiwa.lg.jp/,city.akaiwa.lg.jp,
constitutional_court,Akashi,https://www.city.akashi.lg.jp/,city.akashi.lg.jp,
constitutional_court,Aki,https://www.city.aki.kochi.jp/,city.aki.kochi.jp,
constitutional_court,Akiruno,https://www.city.akiruno.tokyo.jp/,city.akiruno.tokyo.jp,
constitutional_court,Akishima,https://www.city.akishima.lg.jp/,city.akishima.lg.jp,
constitutional_court,Akita,https://www.city.akita.lg.jp/,city.akita.lg.jp,
constitutional_court,Ako,https://www.city.ako.lg.jp/,city.ako.lg.jp,
constitutional_court,Akune,https://www.city.akune.lg.jp/,city.akune.lg.jp,
constitutional_court,Ama,https://www.city.ama.aichi.jp/,city.ama.aichi.jp,
constitutional_court,Ama,http://www.city.ama.aichi.jp/,city.ama.aichi.jp,
constitutional_court,Amagasaki,https://www.city.amagasaki.hyogo.jp/,city.amagasaki.hyogo.jp,
constitutional_court,Amakusa,https://www.city.amakusa.kumamoto.jp/,city.amakusa.kumamoto.jp,
constitutional_court,Amami,https://www.city.amami.lg.jp/,city.amami.lg.jp,
constitutional_court,Anan,https://www.city.anan.tokushima.jp/,city.anan.tokushima.jp,
constitutional_court,Anjō,https://www.city.anjo.aichi.jp/,city.anjo.aichi.jp,
constitutional_court,Annaka,https://www.city.annaka.lg.jp/,city.annaka.lg.jp,
constitutional_court,Aomori,https://www.city.aomori.aomori.jp/,city.aomori.aomori.jp,
constitutional_court,Arakawa,https://www.city.arakawa.tokyo.jp/,city.arakawa.tokyo.jp,
constitutional_court,Arao,https://www.city.arao.lg.jp/,city.arao.lg.jp,
constitutional_court,Arida,https://www.city.arida.lg.jp/,city.arida.lg.jp,
constitutional_court,Asago,https://www.city.asago.hyogo.jp/,city.asago.hyogo.jp,
constitutional_court,Asahi,https://www.city.asahi.lg.jp/,city.asahi.lg.jp,
constitutional_court,Asahikawa,https://www.city.asahikawa.hokkaido.jp/foreign/d059268.html,city.asahikawa.hokkaido.jp,
constitutional_court,Asahikawa,https://www.city.asahikawa.hokkaido.jp/,city.asahikawa.hokkaido.jp,
constitutional_court,Asaka,https://www.city.asaka.lg.jp/,city.asaka.lg.jp,
constitutional_court,Asakuchi,https://www.city.asakuchi.lg.jp/,city.asakuchi.lg.jp,
constitutional_court,Asakura,https://www.city.asakura.lg.jp/,city.asakura.lg.jp,
constitutional_court,Ashibetsu,https://www.city.ashibetsu.hokkaido.jp/,city.ashibetsu.hokkaido.jp,
constitutional_court,Ashikaga,https://www.city.ashikaga.tochigi.jp/,city.ashikaga.tochigi.jp,
constitutional_court,Ashiya,https://www.city.ashiya.lg.jp/,city.ashiya.lg.jp,
constitutional_court,Aso,https://www.city.aso.kumamoto.jp/,city.aso.kumamoto.jp,
constitutional_court,Atami,https://www.city.atami.lg.jp/,city.atami.lg.jp,
constitutional_court,Atsugi,https://www.city.atsugi.kanagawa.jp/,city.atsugi.kanagawa.jp,
constitutional_court,Awa,https://www.city.awa.lg.jp/,city.awa.lg.jp,
constitutional_court,Awaji,https://www.city.awaji.lg.jp/,city.awaji.lg.jp,
constitutional_court,Awara,https://www.city.awara.lg.jp/,city.awara.lg.jp,
constitutional_court,Ayabe,https://www.city.ayabe.lg.jp/,city.ayabe.lg.jp,
constitutional_court,Ayase,https://www.city.ayase.kanagawa.jp/,city.ayase.kanagawa.jp,
constitutional_court,Azumino,https://www.city.azumino.nagano.jp/,city.azumino.nagano.jp,
constitutional_court,Bando,https://www.city.bando.lg.jp/,city.bando.lg.jp,
constitutional_court,Beppu,https://www.city.beppu.oita.jp/,city.beppu.oita.jp,
constitutional_court,Bibai,https://www.city.bibai.hokkaido.jp/,city.bibai.hokkaido.jp,
constitutional_court,Bizen,https://www.city.bizen.okayama.jp/,city.bizen.okayama.jp,
constitutional_court,Bungotakada,https://www.city.bungotakada.oita.jp/,city.bungotakada.oita.jp,
ministry,Q11499750,https://www.city.bunkyo.lg.jp/kyouikuiinkai.html,city.bunkyo.lg.jp,
constitutional_court,Bunkyō-ku,https://www.city.bunkyo.lg.jp/,city.bunkyo.lg.jp,
constitutional_court,Buzen,https://www.city.buzen.lg.jp/,city.buzen.lg.jp,
constitutional_court,Hanamigawa-ku,https://www.city.chiba.jp/hanamigawa/,city.chiba.jp,
constitutional_court,Mihama-ku,https://www.city.chiba.jp/mihama/,city.chiba.jp,
constitutional_court,Chūō-ku,https://www.city.chiba.jp/chuo/,city.chiba.jp,
constitutional_court,Chiba,https://www.city.chiba.jp/,city.chiba.jp,
constitutional_court,Midori-ku,https://www.city.chiba.jp/midori/,city.chiba.jp,
constitutional_court,Inage-ku,https://www.city.chiba.jp/inage/,city.chiba.jp,
constitutional_court,Wakaba-ku,https://www.city.chiba.jp/wakaba/,city.chiba.jp,
constitutional_court,Chichibu,https://www.city.chichibu.lg.jp/,city.chichibu.lg.jp,
constitutional_court,Chigasaki,https://www.city.chigasaki.kanagawa.jp/,city.chigasaki.kanagawa.jp,
constitutional_court,Chikugo,https://www.city.chikugo.lg.jp/,city.chikugo.lg.jp,
constitutional_court,Chikuma,https://www.city.chikuma.lg.jp/,city.chikuma.lg.jp,
constitutional_court,Chikusei,https://www.city.chikusei.lg.jp/,city.chikusei.lg.jp,
constitutional_court,Chikushino,https://www.city.chikushino.fukuoka.jp/,city.chikushino.fukuoka.jp,
constitutional_court,Chino,https://www.city.chino.lg.jp/,city.chino.lg.jp,
constitutional_court,Chiryū-shi,https://www.city.chiryu.aichi.jp,city.chiryu.aichi.jp,
constitutional_court,Chita,https://www.city.chita.lg.jp/,city.chita.lg.jp,
constitutional_court,Chitose,https://www.city.chitose.lg.jp/,city.chitose.lg.jp,
constitutional_court,Chiyoda,https://www.city.chiyoda.lg.jp/,city.chiyoda.lg.jp,
constitutional_court,Chōfu,https://www.city.chofu.lg.jp/,city.chofu.lg.jp,
constitutional_court,Chōshi,https://www.city.choshi.chiba.jp/,city.choshi.chiba.jp,
constitutional_court,Chūō,https://www.city.chuo.lg.jp/,city.chuo.lg.jp,
constitutional_court,Chūō-shi,https://www.city.chuo.yamanashi.jp/,city.chuo.yamanashi.jp,
constitutional_court,Daisen,https://www.city.daisen.lg.jp/,city.daisen.lg.jp,
constitutional_court,Daitō-shi,https://www.city.daito.lg.jp/,city.daito.lg.jp,
constitutional_court,Date,https://www.city.date.hokkaido.jp/,city.date.hokkaido.jp,
constitutional_court,Dazaifu,https://www.city.dazaifu.lg.jp/,city.dazaifu.lg.jp,
constitutional_court,Ebetsu,https://www.city.ebetsu.hokkaido.jp/,city.ebetsu.hokkaido.jp,
constitutional_court,Ebina,https://www.city.ebina.kanagawa.jp/,city.ebina.kanagawa.jp,
constitutional_court,Ebino,https://www.city.ebino.lg.jp/,city.ebino.lg.jp,
constitutional_court,Echizen,https://www.city.echizen.lg.jp/,city.echizen.lg.jp,
constitutional_court,Edogawa,https://www.city.edogawa.tokyo.jp/,city.edogawa.tokyo.jp,
constitutional_court,Ena,https://www.city.ena.lg.jp/,city.ena.lg.jp,
constitutional_court,Eniwa,https://www.city.eniwa.hokkaido.jp/,city.eniwa.hokkaido.jp,
constitutional_court,Etajima,https://www.city.etajima.hiroshima.jp/,city.etajima.hiroshima.jp,
constitutional_court,Fuchū-shi,https://www.city.fuchu.hiroshima.jp/,city.fuchu.hiroshima.jp,
constitutional_court,Fuchū,https://www.city.fuchu.tokyo.jp/,city.fuchu.tokyo.jp,
constitutional_court,Fuefuki,https://www.city.fuefuki.yamanashi.jp/,city.fuefuki.yamanashi.jp,
constitutional_court,Fuji,https://www.city.fuji.shizuoka.jp/,city.fuji.shizuoka.jp,
constitutional_court,Fujieda,https://www.city.fujieda.shizuoka.jp/,city.fujieda.shizuoka.jp,
constitutional_court,Fujiidera,https://www.city.fujiidera.lg.jp/,city.fujiidera.lg.jp,
constitutional_court,Fujimi,https://www.city.fujimi.saitama.jp/,city.fujimi.saitama.jp,
constitutional_court,Fujimino,https://www.city.fujimino.saitama.jp/,city.fujimino.saitama.jp,
constitutional_court,Fujinomiya,https://www.city.fujinomiya.lg.jp/,city.fujinomiya.lg.jp,
constitutional_court,Fujioka,https://www.city.fujioka.gunma.jp/,city.fujioka.gunma.jp,
constitutional_court,Fujisawa,https://www.city.fujisawa.kanagawa.jp/,city.fujisawa.kanagawa.jp,
constitutional_court,Fujiyoshida,https://www.city.fujiyoshida.yamanashi.jp/,city.fujiyoshida.yamanashi.jp,
constitutional_court,Fukagawa,https://www.city.fukagawa.lg.jp/,city.fukagawa.lg.jp,
constitutional_court,Fukaya,https://www.city.fukaya.saitama.jp/,city.fukaya.saitama.jp,
constitutional_court,Fukuchiyama,https://www.city.fukuchiyama.lg.jp/,city.fukuchiyama.lg.jp,
constitutional_court,Sakai,https://www.city.fukui-sakai.lg.jp/,city.fukui-sakai.lg.jp,
constitutional_court,Fukui,http://www.city.fukui.lg.jp/foreign/portuguese/p006585.html,city.fukui.lg.jp,
constitutional_court,Fukui,http://www.city.fukui.lg.jp/foreign/english/p004763.html,city.fukui.lg.jp,
constitutional_court,Fukui,http://www.city.fukui.lg.jp/foreign/foreign/others.html,city.fukui.lg.jp,
constitutional_court,Fukui,https://www.city.fukui.lg.jp/,city.fukui.lg.jp,
constitutional_court,Fukui,http://www.city.fukui.lg.jp/foreign/chinese/p006587.html,city.fukui.lg.jp,
constitutional_court,Minami-ku,https://www.city.fukuoka.lg.jp/minami/,city.fukuoka.lg.jp,
constitutional_court,Fukuoka,https://www.city.fukuoka.lg.jp/,city.fukuoka.lg.jp,
constitutional_court,Jōnan-ku,https://www.city.fukuoka.lg.jp/jonan/,city.fukuoka.lg.jp,
constitutional_court,Hakata-ku,https://www.city.fukuoka.lg.jp/hakata/,city.fukuoka.lg.jp,
constitutional_court,Minami-ku,http://www.city.fukuoka.lg.jp/minami/,city.fukuoka.lg.jp,
constitutional_court,Q124547276,https://www.city.fukuoka.lg.jp/shimin/kusei/shisei/022.html,city.fukuoka.lg.jp,
constitutional_court,Higashi-ku,https://www.city.fukuoka.lg.jp/higashi/index.html,city.fukuoka.lg.jp,
constitutional_court,Chihaya Certificate Issuance Service Corner,https://www.city.fukuoka.lg.jp/higashiku/shimin/annai-oshirase/030.html,city.fukuoka.lg.jp,
ministry,Q11592229,https://www.city.fukuoka.lg.jp/kyouiku/,city.fukuoka.lg.jp,
constitutional_court,Chūō-ku,http://www.city.fukuoka.lg.jp/chuo/,city.fukuoka.lg.jp,
constitutional_court,Sawara-ku,https://www.city.fukuoka.lg.jp/sawara/index.html,city.fukuoka.lg.jp,
constitutional_court,Nishi-ku,https://www.city.fukuoka.lg.jp/nishi/index.html,city.fukuoka.lg.jp,
constitutional_court,Chūō-ku,https://www.city.fukuoka.lg.jp/chuo/,city.fukuoka.lg.jp,
constitutional_court,Fukuroi,https://www.city.fukuroi.shizuoka.jp/,city.fukuroi.shizuoka.jp,
constitutional_court,Date,https://www.city.fukushima-date.lg.jp/,city.fukushima-date.lg.jp,
constitutional_court,Fukushima,https://www.city.fukushima.fukushima.jp/,city.fukushima.fukushima.jp,
constitutional_court,Fukutsu,https://www.city.fukutsu.lg.jp/,city.fukutsu.lg.jp,
constitutional_court,Fukuyama,https://www.city.fukuyama.hiroshima.jp/,city.fukuyama.hiroshima.jp,
constitutional_court,Funabashi,https://www.city.funabashi.lg.jp/,city.funabashi.lg.jp,
constitutional_court,Furano,https://www.city.furano.hokkaido.jp/,city.furano.hokkaido.jp,
constitutional_court,Fussa,https://www.city.fussa.tokyo.jp/,city.fussa.tokyo.jp,
constitutional_court,Futtsu,https://www.city.futtsu.lg.jp/,city.futtsu.lg.jp,
constitutional_court,Gamagōri-shi,https://www.city.gamagori.lg.jp/,city.gamagori.lg.jp,
constitutional_court,Gero,https://www.city.gero.lg.jp/,city.gero.lg.jp,
constitutional_court,Gifu,https://www.city.gifu.lg.jp/,city.gifu.lg.jp,
constitutional_court,Ginowan,https://www.city.ginowan.lg.jp/,city.ginowan.lg.jp,
constitutional_court,Gobō-shi,https://www.city.gobo.lg.jp/,city.gobo.lg.jp,
constitutional_court,Gojō,https://www.city.gojo.lg.jp/,city.gojo.lg.jp,
constitutional_court,Gose,https://www.city.gose.nara.jp/,city.gose.nara.jp,
constitutional_court,Gosen,https://www.city.gosen.lg.jp/,city.gosen.lg.jp,
constitutional_court,Goshogawara,https://www.city.goshogawara.lg.jp/,city.goshogawara.lg.jp,
constitutional_court,Gotemba,https://www.city.gotemba.lg.jp/,city.gotemba.lg.jp,
constitutional_court,Goto,https://www.city.goto.nagasaki.jp/,city.goto.nagasaki.jp,
constitutional_court,Gōtsu-shi,https://www.city.gotsu.lg.jp/,city.gotsu.lg.jp,
constitutional_court,Gujō-shi,https://www.city.gujo.gifu.jp/,city.gujo.gifu.jp,
constitutional_court,Gyōda-shi,https://www.city.gyoda.lg.jp/,city.gyoda.lg.jp,
constitutional_court,Habikino,https://www.city.habikino.lg.jp/,city.habikino.lg.jp,
constitutional_court,Hachimantai,https://www.city.hachimantai.lg.jp/,city.hachimantai.lg.jp,
constitutional_court,Hachinohe,https://www.city.hachinohe.aomori.jp/,city.hachinohe.aomori.jp,
constitutional_court,Hachiōji-shi,https://www.city.hachioji.tokyo.jp/,city.hachioji.tokyo.jp,
constitutional_court,Hadano,https://www.city.hadano.kanagawa.jp/,city.hadano.kanagawa.jp,
constitutional_court,Hagi,https://www.city.hagi.lg.jp/,city.hagi.lg.jp,
constitutional_court,Hakodate,https://www.city.hakodate.hokkaido.jp/,city.hakodate.hokkaido.jp,
constitutional_court,Hakodate,https://www.city.hakodate.hokkaido.jp/docs/2014020200096/,city.hakodate.hokkaido.jp,
constitutional_court,Hakodate,https://www.city.hakodate.hokkaido.jp/docs/2014013100457/,city.hakodate.hokkaido.jp,
constitutional_court,Hakui,https://www.city.hakui.lg.jp/,city.hakui.lg.jp,
constitutional_court,Hakusan,https://www.city.hakusan.lg.jp/,city.hakusan.lg.jp,
constitutional_court,Hamada,https://www.city.hamada.shimane.jp/,city.hamada.shimane.jp,
constitutional_court,Tenryū-ku,https://www.city.hamamatsu.shizuoka.jp/tn-shinko/ward/tenryuku/,city.hamamatsu.shizuoka.jp,
constitutional_court,Hamamatsu,https://www.city.hamamatsu.shizuoka.jp/hamavtn/,city.hamamatsu.shizuoka.jp,
constitutional_court,Chūō Ward,https://www.city.hamamatsu.shizuoka.jp/ward/chuo/index.html,city.hamamatsu.shizuoka.jp,
constitutional_court,Hamamatsu,https://www.city.hamamatsu.shizuoka.jp/hamapo/,city.hamamatsu.shizuoka.jp,
constitutional_court,Hamamatsu,https://www.city.hamamatsu.shizuoka.jp/hamachi/,city.hamamatsu.shizuoka.jp,
constitutional_court,Hamamatsu,https://www.city.hamamatsu.shizuoka.jp/hamaspa/,city.hamamatsu.shizuoka.jp,
constitutional_court,Tenryū-ku,https://www.city.hamamatsu.shizuoka.jp/ward/tenryu/index.html,city.hamamatsu.shizuoka.jp,
constitutional_court,Hamamatsu,https://www.city.hamamatsu.shizuoka.jp/hamatgl/,city.hamamatsu.shizuoka.jp,
constitutional_court,Hamamatsu,https://www.city.hamamatsu.shizuoka.jp/,city.hamamatsu.shizuoka.jp,
constitutional_court,Hamana-ku,https://www.city.hamamatsu.shizuoka.jp/ward/hamana/index.html,city.hamamatsu.shizuoka.jp,
constitutional_court,Hamamatsu,https://www.city.hamamatsu.shizuoka.jp/hamaeng/,city.hamamatsu.shizuoka.jp,
constitutional_court,Hamura,https://www.city.hamura.tokyo.jp/,city.hamura.tokyo.jp,
constitutional_court,Hanamaki,https://www.city.hanamaki.iwate.jp/,city.hanamaki.iwate.jp,
constitutional_court,Handa,https://www.city.handa.lg.jp/,city.handa.lg.jp,
constitutional_court,Hannan,https://www.city.hannan.lg.jp/,city.hannan.lg.jp,
constitutional_court,Hannō,https://www.city.hanno.lg.jp/,city.hanno.lg.jp,
constitutional_court,Hanyū-shi,https://www.city.hanyu.lg.jp/,city.hanyu.lg.jp,
constitutional_court,Hashima,https://www.city.hashima.lg.jp/,city.hashima.lg.jp,
constitutional_court,Hashimoto,https://www.city.hashimoto.lg.jp/,city.hashimoto.lg.jp,
constitutional_court,Hasuda,https://www.city.hasuda.saitama.jp/,city.hasuda.saitama.jp,
constitutional_court,Hatsukaichi,https://www.city.hatsukaichi.hiroshima.jp/,city.hatsukaichi.hiroshima.jp,
constitutional_court,Hekinan,https://www.city.hekinan.lg.jp/,city.hekinan.lg.jp,
constitutional_court,Hida,https://www.city.hida.gifu.jp/,city.hida.gifu.jp,
constitutional_court,Hidaka,https://www.city.hidaka.lg.jp/,city.hidaka.lg.jp,
constitutional_court,Higashihiroshima,https://www.city.higashihiroshima.lg.jp/,city.higashihiroshima.lg.jp,
constitutional_court,Higashikurume,https://www.city.higashikurume.lg.jp/,city.higashikurume.lg.jp,
constitutional_court,Higashimatsushima,https://www.city.higashimatsushima.miyagi.jp/,city.higashimatsushima.miyagi.jp,
constitutional_court,Higashimatsuyama,https://www.city.higashimatsuyama.lg.jp/,city.higashimatsuyama.lg.jp,
constitutional_court,Higashimurayama,https://www.city.higashimurayama.tokyo.jp/,city.higashimurayama.tokyo.jp,
constitutional_court,Higashine,https://www.city.higashine.yamagata.jp/,city.higashine.yamagata.jp,
constitutional_court,Higashiōmi-shi,https://www.city.higashiomi.shiga.jp/,city.higashiomi.shiga.jp,
constitutional_court,Higashiōsaka-shi,https://www.city.higashiosaka.lg.jp/,city.higashiosaka.lg.jp,
constitutional_court,Higashiyamato,https://www.city.higashiyamato.lg.jp/,city.higashiyamato.lg.jp,
constitutional_court,Hikari,https://www.city.hikari.lg.jp/,city.hikari.lg.jp,
constitutional_court,Hikone,https://www.city.hikone.lg.jp/,city.hikone.lg.jp,
constitutional_court,Himeji,https://www.city.himeji.lg.jp/,city.himeji.lg.jp,local
constitutional_court,Himi,https://www.city.himi.toyama.jp/,city.himi.toyama.jp,
constitutional_court,Hino,https://www.city.hino.lg.jp/,city.hino.lg.jp,
constitutional_court,Hioki,https://www.city.hioki.kagoshima.jp/,city.hioki.kagoshima.jp,
constitutional_court,Hirado,https://www.city.hirado.nagasaki.jp/,city.hirado.nagasaki.jp,
constitutional_court,Hirakata,https://www.city.hirakata.osaka.jp/,city.hirakata.osaka.jp,
constitutional_court,Hirakawa,https://www.city.hirakawa.lg.jp/,city.hirakawa.lg.jp,
constitutional_court,Hiratsuka,https://www.city.hiratsuka.kanagawa.jp/,city.hiratsuka.kanagawa.jp,
constitutional_court,Hirosaki,https://www.city.hirosaki.aomori.jp/,city.hirosaki.aomori.jp,
constitutional_court,Higashi-ku,https://www.city.hiroshima.lg.jp/site/higashiku/,city.hiroshima.lg.jp,
ministry,Q11484542,https://www.city.hiroshima.lg.jp/site/education/,city.hiroshima.lg.jp,
constitutional_court,Asaminami-ku,https://www.city.hiroshima.lg.jp/site/asaminamiku/,city.hiroshima.lg.jp,
constitutional_court,Saeki-ku,https://www.city.hiroshima.lg.jp/site/saekiku/,city.hiroshima.lg.jp,
constitutional_court,Asakita-ku,https://www.city.hiroshima.lg.jp/site/asakitaku/,city.hiroshima.lg.jp,
constitutional_court,Naka-ku,https://www.city.hiroshima.lg.jp/site/nakaku/,city.hiroshima.lg.jp,
constitutional_court,Saeki-ku,http://www.city.hiroshima.lg.jp/saeki/,city.hiroshima.lg.jp,
constitutional_court,Hiroshima,https://www.city.hiroshima.lg.jp/,city.hiroshima.lg.jp,
constitutional_court,Minami-ku,https://www.city.hiroshima.lg.jp/site/minamiku/,city.hiroshima.lg.jp,
constitutional_court,Nishi-ku,https://www.city.hiroshima.lg.jp/site/nishiku/,city.hiroshima.lg.jp,
constitutional_court,Aki-ku,https://www.city.hiroshima.lg.jp/site/akiku/,city.hiroshima.lg.jp,
constitutional_court,Hita,https://www.city.hita.oita.jp/,city.hita.oita.jp,
constitutional_court,Hitachi,https://www.city.hitachi.lg.jp/,city.hitachi.lg.jp,
constitutional_court,Hitachinaka,https://www.city.hitachinaka.lg.jp/,city.hitachinaka.lg.jp,
constitutional_court,Hitachiōmiya-shi,https://www.city.hitachiomiya.lg.jp/,city.hitachiomiya.lg.jp,
constitutional_court,Hitachiōta-shi,https://www.city.hitachiota.ibaraki.jp/,city.hitachiota.ibaraki.jp,
constitutional_court,Hitoyoshi,https://www.city.hitoyoshi.lg.jp/,city.hitoyoshi.lg.jp,
constitutional_court,Hōfu-shi,https://www.city.hofu.yamaguchi.jp/,city.hofu.yamaguchi.jp,
constitutional_court,Hokota,https://www.city.hokota.lg.jp/,city.hokota.lg.jp,
constitutional_court,Hokuto,https://www.city.hokuto.hokkaido.jp/,city.hokuto.hokkaido.jp,
constitutional_court,Hokuto,https://www.city.hokuto.yamanashi.jp/,city.hokuto.yamanashi.jp,
constitutional_court,Honjō-shi,https://www.city.honjo.lg.jp/,city.honjo.lg.jp,
constitutional_court,Ibara,https://www.city.ibara.okayama.jp/,city.ibara.okayama.jp,
constitutional_court,Koga,https://www.city.ibaraki-koga.lg.jp/,city.ibaraki-koga.lg.jp,
constitutional_court,Ibaraki,https://www.city.ibaraki.osaka.jp/,city.ibaraki.osaka.jp,
constitutional_court,Ibusuki,https://www.city.ibusuki.lg.jp/,city.ibusuki.lg.jp,
constitutional_court,Ichihara,https://www.city.ichihara.chiba.jp/,city.ichihara.chiba.jp,
constitutional_court,Ichikawa,https://www.city.ichikawa.lg.jp/,city.ichikawa.lg.jp,
constitutional_court,Ichikikushikino,https://www.city.ichikikushikino.lg.jp/,city.ichikikushikino.lg.jp,
constitutional_court,Ichinomiya,https://www.city.ichinomiya.aichi.jp/,city.ichinomiya.aichi.jp,
constitutional_court,Ichinoseki,https://www.city.ichinoseki.iwate.jp/,city.ichinoseki.iwate.jp,
constitutional_court,Iga,https://www.city.iga.lg.jp/,city.iga.lg.jp,
constitutional_court,Iida,https://www.city.iida.lg.jp/,city.iida.lg.jp,
constitutional_court,Iiyama,https://www.city.iiyama.nagano.jp/,city.iiyama.nagano.jp,
constitutional_court,Iizuka,https://www.city.iizuka.lg.jp/,city.iizuka.lg.jp,
constitutional_court,Ikeda,https://www.city.ikeda.osaka.jp/,city.ikeda.osaka.jp,
constitutional_court,Iki,https://www.city.iki.nagasaki.jp/,city.iki.nagasaki.jp,
constitutional_court,Ikoma,https://www.city.ikoma.lg.jp/,city.ikoma.lg.jp,
constitutional_court,Imabari,https://www.city.imabari.ehime.jp/,city.imabari.ehime.jp,
constitutional_court,Imari,https://www.city.imari.saga.jp/,city.imari.saga.jp,
constitutional_court,Imizu,https://www.city.imizu.toyama.jp/,city.imizu.toyama.jp,
constitutional_court,Inabe,https://www.city.inabe.mie.jp/,city.inabe.mie.jp,
constitutional_court,Inagi,https://www.city.inagi.tokyo.jp/,city.inagi.tokyo.jp,
constitutional_court,Inashiki,https://www.city.inashiki.lg.jp/index.html,city.inashiki.lg.jp,
constitutional_court,Inazawa,https://www.city.inazawa.aichi.jp/,city.inazawa.aichi.jp,
constitutional_court,Inuyama,https://www.city.inuyama.aichi.jp/,city.inuyama.aichi.jp,
constitutional_court,Inzai,https://www.city.inzai.lg.jp/,city.inzai.lg.jp,
constitutional_court,Iruma,https://www.city.iruma.saitama.jp/,city.iruma.saitama.jp,
constitutional_court,Isa,https://www.city.isa.kagoshima.jp/,city.isa.kagoshima.jp,
constitutional_court,Isahaya,https://www.city.isahaya.nagasaki.jp/,city.isahaya.nagasaki.jp,
constitutional_court,Ise,https://www.city.ise.mie.jp/,city.ise.mie.jp,
constitutional_court,Isehara,https://www.city.isehara.kanagawa.jp/,city.isehara.kanagawa.jp,
constitutional_court,Isesaki,https://www.city.isesaki.lg.jp/,city.isesaki.lg.jp,
constitutional_court,Ishigaki,https://www.city.ishigaki.okinawa.jp/,city.ishigaki.okinawa.jp,
constitutional_court,Ishikari,https://www.city.ishikari.hokkaido.jp/,city.ishikari.hokkaido.jp,
constitutional_court,Ishinomaki,https://www.city.ishinomaki.lg.jp/,city.ishinomaki.lg.jp,
constitutional_court,Ishioka,https://www.city.ishioka.lg.jp,city.ishioka.lg.jp,
constitutional_court,Isumi,https://www.city.isumi.lg.jp/,city.isumi.lg.jp,
constitutional_court,Itabashi,https://www.city.itabashi.tokyo.jp/,city.itabashi.tokyo.jp,
constitutional_court,Itako,https://www.city.itako.lg.jp/,city.itako.lg.jp,
constitutional_court,Itami,https://www.city.itami.lg.jp/,city.itami.lg.jp,
constitutional_court,Ito,https://www.city.ito.shizuoka.jp/,city.ito.shizuoka.jp,
constitutional_court,Itoigawa,https://www.city.itoigawa.lg.jp/,city.itoigawa.lg.jp,
constitutional_court,Itoman,https://www.city.itoman.lg.jp/,city.itoman.lg.jp,
constitutional_court,Itoshima,https://www.city.itoshima.lg.jp/,city.itoshima.lg.jp,
constitutional_court,Iwade,https://www.city.iwade.lg.jp/,city.iwade.lg.jp,
constitutional_court,Iwaki,https://www.city.iwaki.lg.jp/,city.iwaki.lg.jp,
constitutional_court,Iwakuni,https://www.city.iwakuni.lg.jp/,city.iwakuni.lg.jp,
constitutional_court,Iwakura,https://www.city.iwakura.aichi.jp/,city.iwakura.aichi.jp,
constitutional_court,Iwamizawa,https://www.city.iwamizawa.hokkaido.jp/,city.iwamizawa.hokkaido.jp,
constitutional_court,Iwanuma,https://www.city.iwanuma.miyagi.jp/,city.iwanuma.miyagi.jp,
constitutional_court,Iwata,https://www.city.iwata.shizuoka.jp/,city.iwata.shizuoka.jp,
constitutional_court,Iyo,https://www.city.iyo.lg.jp/,city.iyo.lg.jp,
constitutional_court,Izu,https://www.city.izu.shizuoka.jp/,city.izu.shizuoka.jp,
constitutional_court,Izumiotsu,https://www.city.izumiotsu.lg.jp/,city.izumiotsu.lg.jp,
constitutional_court,Izumisano,https://www.city.izumisano.lg.jp,city.izumisano.lg.jp,
constitutional_court,Izumo,https://www.city.izumo.shimane.jp/,city.izumo.shimane.jp,
constitutional_court,Izunokuni,https://www.city.izunokuni.shizuoka.jp/,city.izunokuni.shizuoka.jp,
constitutional_court,Jōetsu-shi,https://www.city.joetsu.niigata.jp/,city.joetsu.niigata.jp,
constitutional_court,Jōsō-shi,https://www.city.joso.lg.jp/,city.joso.lg.jp,
constitutional_court,Jōyō-shi,https://www.city.joyo.kyoto.jp/,city.joyo.kyoto.jp,
constitutional_court,Kadoma,https://www.city.kadoma.osaka.jp/,city.kadoma.osaka.jp,
constitutional_court,Kaga,https://www.city.kaga.ishikawa.jp/,city.kaga.ishikawa.jp,
constitutional_court,Izumi,https://www.city.kagoshima-izumi.lg.jp/,city.kagoshima-izumi.lg.jp,
constitutional_court,Kagoshima,https://www.city.kagoshima.lg.jp/,city.kagoshima.lg.jp,
constitutional_court,Kahoku,https://www.city.kahoku.lg.jp/,city.kahoku.lg.jp,
constitutional_court,Kai,https://www.city.kai.yamanashi.jp/,city.kai.yamanashi.jp,
constitutional_court,Kainan,https://www.city.kainan.lg.jp/,city.kainan.lg.jp,
constitutional_court,Kaizu,https://www.city.kaizu.lg.jp/,city.kaizu.lg.jp,
constitutional_court,Kaizuka,https://www.city.kaizuka.lg.jp/,city.kaizuka.lg.jp,
constitutional_court,Kakamigahara,https://www.city.kakamigahara.lg.jp/,city.kakamigahara.lg.jp,
supreme_court,Kakegawa City Council,https://www.city.kakegawa.shizuoka.jp/gyosei/shisei/shigikai/,city.kakegawa.shizuoka.jp,local
constitutional_court,Kakegawa,https://www.city.kakegawa.shizuoka.jp/,city.kakegawa.shizuoka.jp,
parliament,Kakegawa City Council,https://www.city.kakegawa.shizuoka.jp/gyosei/shisei/shigikai/,city.kakegawa.shizuoka.jp,local
constitutional_court,Kakogawa,https://www.city.kakogawa.lg.jp/,city.kakogawa.lg.jp,
constitutional_court,Kakuda,https://www.city.kakuda.lg.jp/,city.kakuda.lg.jp,
constitutional_court,Kama,https://www.city.kama.lg.jp/,city.kama.lg.jp,
constitutional_court,Kamagaya,https://www.city.kamagaya.chiba.jp/,city.kamagaya.chiba.jp,
constitutional_court,Kamaishi,https://www.city.kamaishi.iwate.jp/,city.kamaishi.iwate.jp,
constitutional_court,Kamakura,https://www.city.kamakura.kanagawa.jp/,city.kamakura.kanagawa.jp,
constitutional_court,Kameoka,https://www.city.kameoka.kyoto.jp/,city.kameoka.kyoto.jp,
constitutional_court,Kameyama,https://www.city.kameyama.mie.jp/,city.kameyama.mie.jp,
constitutional_court,Kami,https://www.city.kami.lg.jp/,city.kami.lg.jp,
constitutional_court,Kamiamakusa,https://www.city.kamiamakusa.kumamoto.jp/,city.kamiamakusa.kumamoto.jp,
constitutional_court,Kaminoyama,https://www.city.kaminoyama.yamagata.jp/,city.kaminoyama.yamagata.jp,
constitutional_court,Kamisu,https://www.city.kamisu.ibaraki.jp/,city.kamisu.ibaraki.jp,
constitutional_court,Kamo,https://www.city.kamo.niigata.jp/,city.kamo.niigata.jp,
constitutional_court,Kamogawa,https://www.city.kamogawa.lg.jp/,city.kamogawa.lg.jp,
constitutional_court,Kanazawa,https://www.city.kanazawa.ishikawa.jp/index_k.html,city.kanazawa.ishikawa.jp,
constitutional_court,Kanazawa,https://www.city.kanazawa.ishikawa.jp/index_e.html,city.kanazawa.ishikawa.jp,
constitutional_court,Kanazawa,https://www.city.kanazawa.ishikawa.jp/index_c.html,city.kanazawa.ishikawa.jp,
constitutional_court,Kani,https://www.city.kani.lg.jp/,city.kani.lg.jp,
constitutional_court,Kan'onji,https://www.city.kanonji.kagawa.jp/,city.kanonji.kagawa.jp,
constitutional_court,Kanoya,https://www.city.kanoya.lg.jp/,city.kanoya.lg.jp,
constitutional_court,Kanuma,https://www.city.kanuma.tochigi.jp/,city.kanuma.tochigi.jp,
constitutional_court,Kanzaki,https://www.city.kanzaki.saga.jp/,city.kanzaki.saga.jp,
constitutional_court,Karatsu,https://www.city.karatsu.lg.jp/,city.karatsu.lg.jp,
constitutional_court,Kariya,https://www.city.kariya.lg.jp/,city.kariya.lg.jp,
constitutional_court,Kasai,https://www.city.kasai.hyogo.jp/,city.kasai.hyogo.jp,
constitutional_court,Kasama,https://www.city.kasama.lg.jp/,city.kasama.lg.jp,
constitutional_court,Kasaoka,https://www.city.kasaoka.okayama.jp/,city.kasaoka.okayama.jp,
constitutional_court,Kashiba,https://www.city.kashiba.lg.jp/,city.kashiba.lg.jp,
constitutional_court,Kashihara,https://www.city.kashihara.nara.jp/,city.kashihara.nara.jp,
constitutional_court,Kashima,https://www.city.kashima.ibaraki.jp/,city.kashima.ibaraki.jp,
constitutional_court,Kashiwa,https://www.city.kashiwa.lg.jp/,city.kashiwa.lg.jp,
constitutional_court,Kashiwara,http://www.city.kashiwara.osaka.jp/,city.kashiwara.osaka.jp,
constitutional_court,Kashiwazaki,https://www.city.kashiwazaki.lg.jp/,city.kashiwazaki.lg.jp,
constitutional_court,Kasuga,https://www.city.kasuga.fukuoka.jp/,city.kasuga.fukuoka.jp,
constitutional_court,Kasugai,https://www.city.kasugai.lg.jp/,city.kasugai.lg.jp,
constitutional_court,Kasukabe,https://www.city.kasukabe.lg.jp/,city.kasukabe.lg.jp,
constitutional_court,Kasumigaura,https://www.city.kasumigaura.lg.jp/,city.kasumigaura.lg.jp,
constitutional_court,Katagami,https://www.city.katagami.lg.jp/,city.katagami.lg.jp,
constitutional_court,Katano,https://www.city.katano.osaka.jp/,city.katano.osaka.jp,
constitutional_court,Katō-shi,https://www.city.kato.lg.jp/,city.kato.lg.jp,
constitutional_court,Katori,https://www.city.katori.lg.jp/,city.katori.lg.jp,
constitutional_court,Katsuragi,https://www.city.katsuragi.nara.jp/,city.katsuragi.nara.jp,
constitutional_court,Katsushika,https://www.city.katsushika.lg.jp/,city.katsushika.lg.jp,
constitutional_court,Katsuura,https://www.city.katsuura.lg.jp/,city.katsuura.lg.jp,
constitutional_court,Katsuyama,https://www.city.katsuyama.fukui.jp/,city.katsuyama.fukui.jp,
constitutional_court,Kawachinagano,https://www.city.kawachinagano.lg.jp/,city.kawachinagano.lg.jp,
constitutional_court,Kawagoe,https://www.city.kawagoe.saitama.jp/,city.kawagoe.saitama.jp,
constitutional_court,Kawagoe,https://www.city.kawagoe.saitama.jp/foreignlanguage/gaikokuseki.html,city.kawagoe.saitama.jp,
constitutional_court,Kawaguchi,https://www.city.kawaguchi.lg.jp/,city.kawaguchi.lg.jp,
constitutional_court,Kawanishi,https://www.city.kawanishi.hyogo.jp/,city.kawanishi.hyogo.jp,
constitutional_court,Nakahara-ku,https://www.city.kawasaki.jp/nakahara/,city.kawasaki.jp,
constitutional_court,Miyamae-ku,https://www.city.kawasaki.jp/miyamae/,city.kawasaki.jp,
constitutional_court,Takatsu-ku,https://www.city.kawasaki.jp/takatsu/,city.kawasaki.jp,
constitutional_court,Kawasaki-ku,http://www.city.kawasaki.jp/kawasaki/,city.kawasaki.jp,
constitutional_court,Saiwai-ku,https://www.city.kawasaki.jp/saiwai/,city.kawasaki.jp,
constitutional_court,Kawasaki,https://www.city.kawasaki.jp/,city.kawasaki.jp,
constitutional_court,Tama-ku,https://www.city.kawasaki.jp/tama/,city.kawasaki.jp,
constitutional_court,Asao-ku,https://www.city.kawasaki.jp/asao/,city.kawasaki.jp,
constitutional_court,Kazo,https://www.city.kazo.lg.jp/,city.kazo.lg.jp,
constitutional_court,Kazuno,https://www.city.kazuno.akita.jp/,city.kazuno.akita.jp,
constitutional_court,Kikuchi,https://www.city.kikuchi.lg.jp/,city.kikuchi.lg.jp,
constitutional_court,Kikugawa,https://www.city.kikugawa.shizuoka.jp/,city.kikugawa.shizuoka.jp,
constitutional_court,Kimitsu,https://www.city.kimitsu.lg.jp/,city.kimitsu.lg.jp,
constitutional_court,Kinokawa,https://www.city.kinokawa.lg.jp/,city.kinokawa.lg.jp,
constitutional_court,Kiryū,https://www.city.kiryu.lg.jp/,city.kiryu.lg.jp,
constitutional_court,Kisarazu,https://www.city.kisarazu.lg.jp/,city.kisarazu.lg.jp,
constitutional_court,Kishiwada,https://www.city.kishiwada.lg.jp/,city.kishiwada.lg.jp,
constitutional_court,Kishiwada,https://www.city.kishiwada.osaka.jp/,city.kishiwada.osaka.jp,
constitutional_court,Kita,https://www.city.kita.tokyo.jp/,city.kita.tokyo.jp,
constitutional_court,Kitaakita,https://www.city.kitaakita.akita.jp/,city.kitaakita.akita.jp,
constitutional_court,Kitahiroshima,https://www.city.kitahiroshima.hokkaido.jp/,city.kitahiroshima.hokkaido.jp,
constitutional_court,Kitaibaraki City,https://www.city.kitaibaraki.lg.jp/,city.kitaibaraki.lg.jp,
constitutional_court,Kitakami,https://www.city.kitakami.iwate.jp/,city.kitakami.iwate.jp,
constitutional_court,Kitakata,https://www.city.kitakata.fukushima.jp/,city.kitakata.fukushima.jp,
constitutional_court,Kokuraminami-ku,https://www.city.kitakyushu.lg.jp/kokuraminami/index.html,city.kitakyushu.lg.jp,
constitutional_court,Kitakyūshū,https://www.city.kitakyushu.lg.jp/,city.kitakyushu.lg.jp,
constitutional_court,Moji-ku,https://www.city.kitakyushu.lg.jp/moji/index.html,city.kitakyushu.lg.jp,
constitutional_court,Yahatanishi-ku,https://www.city.kitakyushu.lg.jp/yahatanishi/,city.kitakyushu.lg.jp,
ministry,Q11400945,https://www.city.kitakyushu.lg.jp/kyouiku/,city.kitakyushu.lg.jp,
constitutional_court,Yahatahigashi-ku,https://www.city.kitakyushu.lg.jp/yahatahigashi/index.html,city.kitakyushu.lg.jp,
constitutional_court,Kokurakita-ku,https://www.city.kitakyushu.lg.jp/kokurakita/index.html,city.kitakyushu.lg.jp,
constitutional_court,Tobata-ku,https://www.city.kitakyushu.lg.jp/tobata/,city.kitakyushu.lg.jp,
constitutional_court,Wakamatsu-ku,https://www.city.kitakyushu.lg.jp/wakamatsu/,city.kitakyushu.lg.jp,
constitutional_court,Kitami,https://www.city.kitami.lg.jp/,city.kitami.lg.jp,
constitutional_court,Kitamoto,http://www.city.kitamoto.saitama.jp/,city.kitamoto.saitama.jp,
constitutional_court,Kitanagoya,https://www.city.kitanagoya.lg.jp/,city.kitanagoya.lg.jp,
constitutional_court,Kitsuki,https://www.city.kitsuki.lg.jp/,city.kitsuki.lg.jp,
constitutional_court,Kiyose,https://www.city.kiyose.lg.jp/,city.kiyose.lg.jp,
constitutional_court,Kiyosu,https://www.city.kiyosu.aichi.jp/,city.kiyosu.aichi.jp,
constitutional_court,Kizugawa,https://www.city.kizugawa.lg.jp/,city.kizugawa.lg.jp,
constitutional_court,Kobayashi,https://www.city.kobayashi.lg.jp/,city.kobayashi.lg.jp,
constitutional_court,Suma-ku,https://www.city.kobe.lg.jp/kuyakusho/sumaku/,city.kobe.lg.jp,
constitutional_court,Hyōgo-ku,https://www.city.kobe.lg.jp/kuyakusho/hyogoku/,city.kobe.lg.jp,
constitutional_court,Nishi-ku,https://www.city.kobe.lg.jp/kuyakusho/nishiku/,city.kobe.lg.jp,
constitutional_court,Kita-ku,https://www.city.kobe.lg.jp/kuyakusho/kitaku/,city.kobe.lg.jp,
constitutional_court,Chūō-ku,https://www.city.kobe.lg.jp/kuyakusho/chuoku/,city.kobe.lg.jp,
constitutional_court,Nagata-ku,https://www.city.kobe.lg.jp/kuyakusho/nagataku/,city.kobe.lg.jp,
constitutional_court,Tarumi-ku,https://www.city.kobe.lg.jp/kuyakusho/tarumiku/,city.kobe.lg.jp,
constitutional_court,Nada-ku,https://www.city.kobe.lg.jp/kuyakusho/nadaku/,city.kobe.lg.jp,
constitutional_court,Higashinada-ku,https://www.city.kobe.lg.jp/kuyakusho/higashinadaku/,city.kobe.lg.jp,
constitutional_court,Kobe,https://www.city.kobe.lg.jp/,city.kobe.lg.jp,
constitutional_court,Kōnan-shi,https://www.city.kochi-konan.lg.jp/,city.kochi-konan.lg.jp,
constitutional_court,Kōchi-shi,https://www.city.kochi.kochi.jp/,city.kochi.kochi.jp,
constitutional_court,Kodaira,https://www.city.kodaira.tokyo.jp/,city.kodaira.tokyo.jp,
constitutional_court,Kofu,https://www.city.kofu.yamanashi.jp/,city.kofu.yamanashi.jp,
constitutional_court,Koga,https://www.city.koga.fukuoka.jp/,city.koga.fukuoka.jp,
constitutional_court,Koganei,https://www.city.koganei.lg.jp/,city.koganei.lg.jp,
constitutional_court,Kōka-shi,https://www.city.koka.lg.jp/,city.koka.lg.jp,
constitutional_court,Kokubunji,https://www.city.kokubunji.tokyo.jp/,city.kokubunji.tokyo.jp,
constitutional_court,Q118945566,https://www.city.komae.tokyo.jp/index.html,city.komae.tokyo.jp,local
constitutional_court,Komae,https://www.city.komae.tokyo.jp/,city.komae.tokyo.jp,
constitutional_court,Komagane,https://www.city.komagane.nagano.jp/,city.komagane.nagano.jp,
constitutional_court,Komaki,https://www.city.komaki.aichi.jp/,city.komaki.aichi.jp,
constitutional_court,Komatsu,https://www.city.komatsu.lg.jp/,city.komatsu.lg.jp,
constitutional_court,Komatsushima,https://www.city.komatsushima.lg.jp/,city.komatsushima.lg.jp,
constitutional_court,Komoro,https://www.city.komoro.lg.jp/,city.komoro.lg.jp,
constitutional_court,Kōnan-shi,https://www.city.konan.lg.jp/,city.konan.lg.jp,
constitutional_court,Kōriyama,https://www.city.koriyama.lg.jp/,city.koriyama.lg.jp,
constitutional_court,Kōriyama,https://www.city.koriyama.lg.jp/multilingual/,city.koriyama.lg.jp,
constitutional_court,Kosai,https://www.city.kosai.shizuoka.jp/,city.kosai.shizuoka.jp,
constitutional_court,Kōshi-shi,https://www.city.koshi.lg.jp/,city.koshi.lg.jp,
constitutional_court,Koshigaya,https://www.city.koshigaya.saitama.jp/,city.koshigaya.saitama.jp,
constitutional_court,Koshu,https://www.city.koshu.yamanashi.jp/,city.koshu.yamanashi.jp,
constitutional_court,Kōtō,https://www.city.koto.lg.jp/foreignlanguage/tc/,city.koto.lg.jp,
constitutional_court,Kōtō,https://www.city.koto.lg.jp/foreignlanguage/kr/,city.koto.lg.jp,
constitutional_court,Kōtō,https://www.city.koto.lg.jp/foreignlanguage/en/,city.koto.lg.jp,
constitutional_court,Kōtō,https://www.city.koto.lg.jp/foreignlanguage/cn/,city.koto.lg.jp,
constitutional_court,Kōtō,https://www.city.koto.lg.jp/,city.koto.lg.jp,
constitutional_court,Kōnosu-shi,https://www.city.kounosu.saitama.jp/,city.kounosu.saitama.jp,
constitutional_court,Kudamatsu,https://www.city.kudamatsu.lg.jp/,city.kudamatsu.lg.jp,
constitutional_court,Kuji,https://www.city.kuji.iwate.jp/,city.kuji.iwate.jp,
constitutional_court,Kuki,https://www.city.kuki.lg.jp/,city.kuki.lg.jp,
constitutional_court,Kumagaya,https://www.city.kumagaya.lg.jp/,city.kumagaya.lg.jp,
constitutional_court,Chūō-ku,https://www.city.kumamoto.jp/chuo/,city.kumamoto.jp,
constitutional_court,Minami-ku,https://www.city.kumamoto.jp/minami/,city.kumamoto.jp,
constitutional_court,Nishi-ku,https://www.city.kumamoto.jp/nishi/,city.kumamoto.jp,
constitutional_court,Higashi-ku,https://www.city.kumamoto.jp/higashi/,city.kumamoto.jp,
constitutional_court,Kita-ku,https://www.city.kumamoto.jp/kita/,city.kumamoto.jp,
constitutional_court,Kumamoto,https://www.city.kumamoto.jp/,city.kumamoto.jp,
constitutional_court,Kumano,https://www.city.kumano.lg.jp/,city.kumano.lg.jp,
constitutional_court,Kunisaki,https://www.city.kunisaki.oita.jp/,city.kunisaki.oita.jp,
constitutional_court,Kunitachi,https://www.city.kunitachi.tokyo.jp/,city.kunitachi.tokyo.jp,
constitutional_court,Kurashiki,https://www.city.kurashiki.okayama.jp/,city.kurashiki.okayama.jp,
constitutional_court,Kurayoshi,https://www.city.kurayoshi.lg.jp/,city.kurayoshi.lg.jp,
constitutional_court,Kure,https://www.city.kure.lg.jp/,city.kure.lg.jp,
constitutional_court,Kurobe,https://www.city.kurobe.toyama.jp/,city.kurobe.toyama.jp,
constitutional_court,Kuroishi,http://www.city.kuroishi.aomori.jp/,city.kuroishi.aomori.jp,
constitutional_court,Kurume,https://www.city.kurume.fukuoka.jp/,city.kurume.fukuoka.jp,
constitutional_court,Kusatsu,https://www.city.kusatsu.shiga.jp/,city.kusatsu.shiga.jp,
constitutional_court,Kushima,https://www.city.kushima.lg.jp/,city.kushima.lg.jp,
constitutional_court,Kushiro,https://www.city.kushiro.lg.jp/,city.kushiro.lg.jp,
constitutional_court,Kuwana,https://www.city.kuwana.lg.jp/,city.kuwana.lg.jp,
constitutional_court,Kyōtanabe-shi,https://www.city.kyotanabe.lg.jp/,city.kyotanabe.lg.jp,
constitutional_court,Kyōtango-shi,https://www.city.kyotango.lg.jp/,city.kyotango.lg.jp,
constitutional_court,Shimogyō-ku,https://www.city.kyoto.lg.jp/shimogyo/,city.kyoto.lg.jp,
constitutional_court,Nishikyō Ward,https://www.city.kyoto.lg.jp/nisikyo/,city.kyoto.lg.jp,
constitutional_court,Minami-ku,https://www.city.kyoto.lg.jp/minami/,city.kyoto.lg.jp,
constitutional_court,Nakagyō Ward,https://www.city.kyoto.lg.jp/nakagyo/,city.kyoto.lg.jp,
constitutional_court,Ukyō Ward,https://www.city.kyoto.lg.jp/ukyo/,city.kyoto.lg.jp,
constitutional_court,Yamashina-ku,https://www.city.kyoto.lg.jp/yamasina/,city.kyoto.lg.jp,
constitutional_court,Kyoto,https://www.city.kyoto.lg.jp/,city.kyoto.lg.jp,
constitutional_court,Higashiyama-ku,https://www.city.kyoto.lg.jp/higasiyama/,city.kyoto.lg.jp,
constitutional_court,Kamigyō-ku,https://www.city.kyoto.lg.jp/kamigyo/,city.kyoto.lg.jp,
constitutional_court,Sakyō-ku,https://www.city.kyoto.lg.jp/sakyo/,city.kyoto.lg.jp,
constitutional_court,Fushimi-ku,https://www.city.kyoto.lg.jp/fushimi/,city.kyoto.lg.jp,
constitutional_court,Government of Kyoto City,https://www.city.kyoto.lg.jp/,city.kyoto.lg.jp,local
constitutional_court,Kita-ku,https://www.city.kyoto.lg.jp/kita/,city.kyoto.lg.jp,
ministry,Kyoto City Board of Education,http://www.city.kyoto.lg.jp/kyoiku/,city.kyoto.lg.jp,
constitutional_court,Machida,https://www.city.machida.tokyo.jp/,city.machida.tokyo.jp,
constitutional_court,Maebashi,https://www.city.maebashi.gunma.jp/,city.maebashi.gunma.jp,
constitutional_court,Maihara,https://www.city.maibara.lg.jp/,city.maibara.lg.jp,
constitutional_court,Maizuru,https://www.city.maizuru.kyoto.jp/,city.maizuru.kyoto.jp,
constitutional_court,Makinohara,https://www.city.makinohara.shizuoka.jp/,city.makinohara.shizuoka.jp,
constitutional_court,Makurazaki,https://www.city.makurazaki.lg.jp/,city.makurazaki.lg.jp,
constitutional_court,Maniwa,https://www.city.maniwa.lg.jp/,city.maniwa.lg.jp,
constitutional_court,Marugame,https://www.city.marugame.lg.jp/,city.marugame.lg.jp,
constitutional_court,Masuda,https://www.city.masuda.lg.jp/,city.masuda.lg.jp,
constitutional_court,Matsubara,https://www.city.matsubara.lg.jp/,city.matsubara.lg.jp,
constitutional_court,Matsudo,https://www.city.matsudo.chiba.jp/,city.matsudo.chiba.jp,
ministry,Matsudo City Board of Education,http://www.city.matsudo.chiba.jp/,city.matsudo.chiba.jp,
constitutional_court,Matsue,https://www.city.matsue.lg.jp/,city.matsue.lg.jp,
constitutional_court,Matsumoto,https://www.city.matsumoto.nagano.jp/,city.matsumoto.nagano.jp,
constitutional_court,Matsusaka,https://www.city.matsusaka.mie.jp/,city.matsusaka.mie.jp,
constitutional_court,Matsuyama,https://www.city.matsuyama.ehime.jp/,city.matsuyama.ehime.jp,
constitutional_court,Meguro,https://www.city.meguro.tokyo.jp/,city.meguro.tokyo.jp,
constitutional_court,Meguro,https://www.city.meguro.tokyo.jp/multi/,city.meguro.tokyo.jp,
constitutional_court,Midori,https://www.city.midori.gunma.jp/,city.midori.gunma.jp,
constitutional_court,Mihara,https://www.city.mihara.hiroshima.jp/,city.mihara.hiroshima.jp,
constitutional_court,Mikasa,https://www.city.mikasa.hokkaido.jp/,city.mikasa.hokkaido.jp,
constitutional_court,Miki,https://www.city.miki.lg.jp/,city.miki.lg.jp,
constitutional_court,Mima,https://www.city.mima.lg.jp/,city.mima.lg.jp,
constitutional_court,Mimasaka,https://www.city.mimasaka.lg.jp/,city.mimasaka.lg.jp,
constitutional_court,Minamata,https://www.city.minamata.lg.jp/,city.minamata.lg.jp,
constitutional_court,Minami-Alps,https://www.city.minami-alps.yamanashi.jp/,city.minami-alps.yamanashi.jp,
constitutional_court,Minamiashigara,https://www.city.minamiashigara.kanagawa.jp/,city.minamiashigara.kanagawa.jp,
constitutional_court,Minami-Awaji,https://www.city.minamiawaji.hyogo.jp/,city.minamiawaji.hyogo.jp,
constitutional_court,Minamiboso,https://www.city.minamiboso.chiba.jp/,city.minamiboso.chiba.jp,
constitutional_court,Minamikyushu,https://www.city.minamikyushu.lg.jp/,city.minamikyushu.lg.jp,
constitutional_court,Minamisatsuma,https://www.city.minamisatsuma.lg.jp/,city.minamisatsuma.lg.jp,
constitutional_court,Minamishimabara,https://www.city.minamishimabara.lg.jp/,city.minamishimabara.lg.jp,
constitutional_court,Minamisōma-shi,https://www.city.minamisoma.lg.jp/,city.minamisoma.lg.jp,
constitutional_court,Minamiuonuma,https://www.city.minamiuonuma.niigata.jp/,city.minamiuonuma.niigata.jp,
constitutional_court,Minato,https://www.city.minato.tokyo.jp/,city.minato.tokyo.jp,
constitutional_court,Mino,https://www.city.mino.gifu.jp/,city.mino.gifu.jp,
constitutional_court,Minoh,https://www.city.minoh.lg.jp/,city.minoh.lg.jp,
constitutional_court,Minokamo,https://www.city.minokamo.lg.jp/,city.minokamo.lg.jp,
constitutional_court,Misato,https://www.city.misato.lg.jp/,city.misato.lg.jp,
constitutional_court,Misawa,https://www.city.misawa.lg.jp/,city.misawa.lg.jp,
constitutional_court,Mishima,https://www.city.mishima.shizuoka.jp/,city.mishima.shizuoka.jp,
constitutional_court,Mitaka,https://www.city.mitaka.lg.jp/,city.mitaka.lg.jp,
constitutional_court,Mito,https://www.city.mito.lg.jp/,city.mito.lg.jp,
constitutional_court,Mitoyo,https://www.city.mitoyo.lg.jp/,city.mitoyo.lg.jp,
constitutional_court,Mitsuke,https://www.city.mitsuke.niigata.jp/,city.mitsuke.niigata.jp,
constitutional_court,Miura,https://www.city.miura.kanagawa.jp/,city.miura.kanagawa.jp,
constitutional_court,Miyako,https://www.city.miyako.iwate.jp/,city.miyako.iwate.jp,
constitutional_court,Miyakojima,https://www.city.miyakojima.lg.jp/,city.miyakojima.lg.jp,
constitutional_court,Miyakonojō,https://www.city.miyakonojo.miyazaki.jp/,city.miyakonojo.miyazaki.jp,
constitutional_court,Miyama,https://www.city.miyama.lg.jp/,city.miyama.lg.jp,
constitutional_court,Miyawaka,https://www.city.miyawaka.lg.jp/,city.miyawaka.lg.jp,
constitutional_court,Miyazaki,https://www.city.miyazaki.miyazaki.jp/cn/,city.miyazaki.miyazaki.jp,
constitutional_court,Miyazaki,https://www.city.miyazaki.miyazaki.jp/,city.miyazaki.miyazaki.jp,
constitutional_court,Miyazaki,https://www.city.miyazaki.miyazaki.jp/en/,city.miyazaki.miyazaki.jp,
constitutional_court,Miyazaki,https://www.city.miyazaki.miyazaki.jp/kr/,city.miyazaki.miyazaki.jp,
constitutional_court,Miyazu,https://www.city.miyazu.kyoto.jp/,city.miyazu.kyoto.jp,
constitutional_court,Miyoshi,https://www.city.miyoshi.hiroshima.jp/,city.miyoshi.hiroshima.jp,
constitutional_court,Mizuho,https://www.city.mizuho.lg.jp/,city.mizuho.lg.jp,
constitutional_court,Mizunami,https://www.city.mizunami.lg.jp/,city.mizunami.lg.jp,
constitutional_court,Mobara,https://www.city.mobara.chiba.jp/,city.mobara.chiba.jp,
constitutional_court,Mooka,https://www.city.moka.lg.jp/,city.moka.lg.jp,
constitutional_court,Moriguchi,https://www.city.moriguchi.osaka.jp/,city.moriguchi.osaka.jp,
constitutional_court,Morioka,https://www.city.morioka.iwate.jp/,city.morioka.iwate.jp,
constitutional_court,Moriya,https://www.city.moriya.ibaraki.jp/,city.moriya.ibaraki.jp,
constitutional_court,Moriyama,https://www.city.moriyama.lg.jp/,city.moriyama.lg.jp,
constitutional_court,Motomiya,https://www.city.motomiya.lg.jp/,city.motomiya.lg.jp,
constitutional_court,Motosu,https://www.city.motosu.lg.jp/,city.motosu.lg.jp,
constitutional_court,Mukō-shi,https://www.city.muko.kyoto.jp/,city.muko.kyoto.jp,
constitutional_court,Munakata,https://www.city.munakata.lg.jp/,city.munakata.lg.jp,
constitutional_court,Murakami,https://www.city.murakami.lg.jp/,city.murakami.lg.jp,
constitutional_court,Murayama,https://www.city.murayama.lg.jp/,city.murayama.lg.jp,
constitutional_court,Muroran,https://www.city.muroran.lg.jp/,city.muroran.lg.jp,
constitutional_court,Muroto,https://www.city.muroto.kochi.jp/,city.muroto.kochi.jp,
constitutional_court,Musashimurayama,https://www.city.musashimurayama.lg.jp/,city.musashimurayama.lg.jp,
constitutional_court,Musashino,https://www.city.musashino.lg.jp/,city.musashino.lg.jp,
constitutional_court,Mutsu,https://www.city.mutsu.lg.jp/,city.mutsu.lg.jp,
constitutional_court,Myōkō,https://www.city.myoko.niigata.jp/,city.myoko.niigata.jp,
constitutional_court,Nabari,https://www.city.nabari.lg.jp/,city.nabari.lg.jp,
constitutional_court,Nagahama,https://www.city.nagahama.lg.jp/,city.nagahama.lg.jp,
constitutional_court,Nagai,https://www.city.nagai.yamagata.jp/,city.nagai.yamagata.jp,
constitutional_court,Nagakute,https://www.city.nagakute.lg.jp/,city.nagakute.lg.jp,
constitutional_court,Nagano,https://www.city.nagano.nagano.jp/,city.nagano.nagano.jp,
constitutional_court,Nagaoka,https://www.city.nagaoka.niigata.jp/,city.nagaoka.niigata.jp,
constitutional_court,Nagaokakyō-shi,https://www.city.nagaokakyo.lg.jp/,city.nagaokakyo.lg.jp,
constitutional_court,Nagareyama,https://www.city.nagareyama.chiba.jp/,city.nagareyama.chiba.jp,
constitutional_court,Nagasaki,https://www.city.nagasaki.lg.jp/,city.nagasaki.lg.jp,
constitutional_court,Nagato,https://www.city.nagato.yamaguchi.jp/,city.nagato.yamaguchi.jp,
constitutional_court,Nago,https://www.city.nago.okinawa.jp/,city.nago.okinawa.jp,
constitutional_court,Moriyama-ku,https://www.city.nagoya.jp/moriyama/,city.nagoya.jp,
constitutional_court,Shōwa-ku,https://www.city.nagoya.jp/showa/,city.nagoya.jp,
constitutional_court,Tenpaku-ku,http://www.city.nagoya.jp/tempaku/,city.nagoya.jp,
constitutional_court,Tenpaku-ku,https://www.city.nagoya.jp/tempaku/,city.nagoya.jp,
constitutional_court,Higashi-ku,https://www.city.nagoya.jp/higashi/,city.nagoya.jp,
constitutional_court,Midori-ku,https://www.city.nagoya.jp/midori/,city.nagoya.jp,
constitutional_court,Nakagawa-ku,https://www.city.nagoya.jp/nakagawa/,city.nagoya.jp,
constitutional_court,Atsuta-ku,https://www.city.nagoya.jp/atsuta/,city.nagoya.jp,
constitutional_court,Nagoya,https://www.city.nagoya.jp/,city.nagoya.jp,
parliament,Nagoya City Assembly,https://www.city.nagoya.jp/shikai/,city.nagoya.jp,local
constitutional_court,Meitō-ku,https://www.city.nagoya.jp/meito/,city.nagoya.jp,
constitutional_court,Chikusa-ku,https://www.city.nagoya.jp/chikusa/,city.nagoya.jp,
constitutional_court,Minami-ku,https://www.city.nagoya.jp/minami/,city.nagoya.jp,
constitutional_court,Mizuho-ku,https://www.city.nagoya.jp/mizuho/,city.nagoya.jp,
constitutional_court,Nakamura-ku,https://www.city.nagoya.jp/nakamura/,city.nagoya.jp,
constitutional_court,Naka-ku,https://www.city.nagoya.jp/naka/,city.nagoya.jp,
constitutional_court,Nishi-ku,https://www.city.nagoya.jp/nishi/,city.nagoya.jp,
supreme_court,Nagoya City Assembly,https://www.city.nagoya.jp/shikai/,city.nagoya.jp,local
constitutional_court,Minato-ku,https://www.city.nagoya.jp/minato/,city.nagoya.jp,
constitutional_court,Kita-ku,https://www.city.nagoya.jp/kita/,city.nagoya.jp,
constitutional_court,Naha,https://www.city.naha.okinawa.jp/,city.naha.okinawa.jp,
constitutional_court,Naka,https://www.city.naka.lg.jp/,city.naka.lg.jp,
constitutional_court,Nakagawa,https://www.city.nakagawa.lg.jp/,city.nakagawa.lg.jp,
constitutional_court,Nakama,https://www.city.nakama.lg.jp/,city.nakama.lg.jp,
constitutional_court,Nakano,https://www.city.nakano.nagano.jp/,city.nakano.nagano.jp,
constitutional_court,Nakatsugawa,https://www.city.nakatsugawa.lg.jp/,city.nakatsugawa.lg.jp,
constitutional_court,Namegata,https://www.city.namegata.ibaraki.jp/,city.namegata.ibaraki.jp,
constitutional_court,Namerikawa,https://www.city.namerikawa.toyama.jp/,city.namerikawa.toyama.jp,
constitutional_court,Nanao,https://www.city.nanao.lg.jp/,city.nanao.lg.jp,
constitutional_court,Nanjō-shi,https://www.city.nanjo.okinawa.jp/,city.nanjo.okinawa.jp,
constitutional_court,Nankoku,https://www.city.nankoku.lg.jp/,city.nankoku.lg.jp,
constitutional_court,Nantan,https://www.city.nantan.kyoto.jp/www/,city.nantan.kyoto.jp,
constitutional_court,Nanto,https://www.city.nanto.toyama.jp/,city.nanto.toyama.jp,
constitutional_court,Nanyo,http://www.city.nanyo.yamagata.jp/,city.nanyo.yamagata.jp,
constitutional_court,Nara,https://www.city.nara.lg.jp/,city.nara.lg.jp,
constitutional_court,Narashino,https://www.city.narashino.lg.jp/,city.narashino.lg.jp,
constitutional_court,Narita,https://www.city.narita.chiba.jp/,city.narita.chiba.jp,
constitutional_court,Naruto,https://www.city.naruto.tokushima.jp/,city.naruto.tokushima.jp,
constitutional_court,Nasukarasuyama,https://www.city.nasukarasuyama.lg.jp/,city.nasukarasuyama.lg.jp,
constitutional_court,Nasushiobara,https://www.city.nasushiobara.lg.jp/,city.nasushiobara.lg.jp,
constitutional_court,Natori,https://www.city.natori.miyagi.jp/,city.natori.miyagi.jp,
constitutional_court,Nayoro,http://www.city.nayoro.lg.jp/,city.nayoro.lg.jp,
constitutional_court,Nemuro,https://www.city.nemuro.hokkaido.jp/,city.nemuro.hokkaido.jp,
constitutional_court,Nerima,https://www.city.nerima.tokyo.jp/,city.nerima.tokyo.jp,
constitutional_court,Neyagawa,https://www.city.neyagawa.osaka.jp/,city.neyagawa.osaka.jp,
constitutional_court,Neyagawa,https://www.city.neyagawa.osaka.jp/roma2/,city.neyagawa.osaka.jp,
constitutional_court,Neyagawa,https://www.city.neyagawa.osaka.jp/yasashiinihongo/,city.neyagawa.osaka.jp,
constitutional_court,Nichinan,https://www.city.nichinan.lg.jp/,city.nichinan.lg.jp,
constitutional_court,Nihonmatsu,https://www.city.nihonmatsu.lg.jp/,city.nihonmatsu.lg.jp,
constitutional_court,Akiha-ku,https://www.city.niigata.lg.jp/akiha/,city.niigata.lg.jp,
constitutional_court,Niigata,https://www.city.niigata.lg.jp/multilingual/,city.niigata.lg.jp,
constitutional_court,Niigata,https://www.city.niigata.lg.jp/,city.niigata.lg.jp,
constitutional_court,Higashi-ku,https://www.city.niigata.lg.jp/higashi/,city.niigata.lg.jp,
constitutional_court,Chūō-ku,https://www.city.niigata.lg.jp/chuo/,city.niigata.lg.jp,
constitutional_court,Minami-ku,https://www.city.niigata.lg.jp/minami/,city.niigata.lg.jp,
constitutional_court,Kōnan-ku,https://www.city.niigata.lg.jp/konan/,city.niigata.lg.jp,
constitutional_court,Nishi-ku,https://www.city.niigata.lg.jp/nishi/,city.niigata.lg.jp,
constitutional_court,Kita-ku,https://www.city.niigata.lg.jp/kita/,city.niigata.lg.jp,
constitutional_court,Nishikan-ku,https://www.city.niigata.lg.jp/nishikan/,city.niigata.lg.jp,
constitutional_court,Niihama,https://www.city.niihama.lg.jp/,city.niihama.lg.jp,
constitutional_court,Niimi,https://www.city.niimi.okayama.jp/,city.niimi.okayama.jp,
constitutional_court,Niiza,https://www.city.niiza.lg.jp/,city.niiza.lg.jp,
constitutional_court,Nikaho,https://www.city.nikaho.akita.jp/,city.nikaho.akita.jp,
constitutional_court,Nikkō-shi,https://www.city.nikko.lg.jp/,city.nikko.lg.jp,
constitutional_court,Ninohe,https://www.city.ninohe.lg.jp/,city.ninohe.lg.jp,
constitutional_court,Nirasaki,https://www.city.nirasaki.lg.jp/,city.nirasaki.lg.jp,
constitutional_court,Nishinoomote,https://www.city.nishinoomote.lg.jp/,city.nishinoomote.lg.jp,
constitutional_court,Nishio,https://www.city.nishio.aichi.jp/,city.nishio.aichi.jp,
constitutional_court,Nishitōkyō-shi,https://www.city.nishitokyo.lg.jp/,city.nishitokyo.lg.jp,
constitutional_court,Nishiwaki,https://www.city.nishiwaki.lg.jp/,city.nishiwaki.lg.jp,
constitutional_court,Nisshin,https://www.city.nisshin.lg.jp/,city.nisshin.lg.jp,
constitutional_court,Nobeoka,https://www.city.nobeoka.miyazaki.jp/,city.nobeoka.miyazaki.jp,
constitutional_court,Noboribetsu,https://www.city.noboribetsu.lg.jp/,city.noboribetsu.lg.jp,
constitutional_court,Noda,https://www.city.noda.chiba.jp/,city.noda.chiba.jp,
constitutional_court,Nōgata-shi,https://www.city.nogata.fukuoka.jp/,city.nogata.fukuoka.jp,
constitutional_court,Nomi,https://www.city.nomi.ishikawa.jp/,city.nomi.ishikawa.jp,
constitutional_court,Nonoichi,https://www.city.nonoichi.lg.jp/,city.nonoichi.lg.jp,
constitutional_court,Noshiro,https://www.city.noshiro.lg.jp/,city.noshiro.lg.jp,
constitutional_court,Numata,https://www.city.numata.gunma.jp/,city.numata.gunma.jp,
constitutional_court,Numazu,https://www.city.numazu.shizuoka.jp/,city.numazu.shizuoka.jp,
constitutional_court,Oamishirasato,https://www.city.oamishirasato.lg.jp/,city.oamishirasato.lg.jp,
constitutional_court,Obanazawa,https://www.city.obanazawa.yamagata.jp/,city.obanazawa.yamagata.jp,
constitutional_court,Obihiro,https://www.city.obihiro.hokkaido.jp/,city.obihiro.hokkaido.jp,
constitutional_court,Ōbu-shi,https://www.city.obu.aichi.jp/,city.obu.aichi.jp,
constitutional_court,Ōda-shi,https://www.city.oda.lg.jp/,city.oda.lg.jp,
constitutional_court,Ōdate,https://www.city.odate.lg.jp/,city.odate.lg.jp,
constitutional_court,Odawara,https://www.city.odawara.kanagawa.jp/,city.odawara.kanagawa.jp,
constitutional_court,Ōfunato,https://www.city.ofunato.iwate.jp/,city.ofunato.iwate.jp,
constitutional_court,Oga,https://www.city.oga.akita.jp/,city.oga.akita.jp,
constitutional_court,Ōgaki-shi,https://www.city.ogaki.lg.jp/,city.ogaki.lg.jp,
constitutional_court,Ogi,https://www.city.ogi.lg.jp/,city.ogi.lg.jp,
constitutional_court,Ogori,https://www.city.ogori.fukuoka.jp/,city.ogori.fukuoka.jp,
constitutional_court,Ōtawara-shi,https://www.city.ohtawara.tochigi.jp/,city.ohtawara.tochigi.jp,
constitutional_court,Ōita-shi,https://www.city.oita.oita.jp/,city.oita.oita.jp,
constitutional_court,Ojiya,https://www.city.ojiya.niigata.jp/,city.ojiya.niigata.jp,
constitutional_court,Ōkawa-shi,https://www.city.okawa.lg.jp/,city.okawa.lg.jp,
constitutional_court,Okaya,https://www.city.okaya.lg.jp/,city.okaya.lg.jp,
constitutional_court,Kita-ku,https://www.city.okayama.jp/kitaku/,city.okayama.jp,
constitutional_court,Okayama,https://www.city.okayama.jp/,city.okayama.jp,
constitutional_court,Higashi-ku,https://www.city.okayama.jp/higashiku/,city.okayama.jp,
constitutional_court,Naka-ku,https://www.city.okayama.jp/nakaku/,city.okayama.jp,
constitutional_court,Minami-ku,https://www.city.okayama.jp/minamiku/,city.okayama.jp,
constitutional_court,Okazaki,https://www.city.okazaki.lg.jp/,city.okazaki.lg.jp,
constitutional_court,Okegawa,https://www.city.okegawa.lg.jp/,city.okegawa.lg.jp,
constitutional_court,Okinawa,https://www.city.okinawa.okinawa.jp/,city.okinawa.okinawa.jp,
constitutional_court,Ōmachi-shi,https://www.city.omachi.nagano.jp/,city.omachi.nagano.jp,
constitutional_court,Omaezaki,https://www.city.omaezaki.shizuoka.jp/,city.omaezaki.shizuoka.jp,
constitutional_court,Ome,https://www.city.ome.tokyo.jp/,city.ome.tokyo.jp,
constitutional_court,Omihachiman,https://www.city.omihachiman.lg.jp/,city.omihachiman.lg.jp,
constitutional_court,Omitama,https://www.city.omitama.lg.jp/,city.omitama.lg.jp,
constitutional_court,Ōmura-shi,https://www.city.omura.nagasaki.jp/,city.omura.nagasaki.jp,
constitutional_court,Ōmuta-shi,https://www.city.omuta.lg.jp/,city.omuta.lg.jp,
constitutional_court,Ōno-shi,https://www.city.ono.fukui.jp/,city.ono.fukui.jp,
constitutional_court,Ono,https://www.city.ono.hyogo.jp/,city.ono.hyogo.jp,
constitutional_court,Ōnojō-shi,https://www.city.onojo.fukuoka.jp/,city.onojo.fukuoka.jp,
constitutional_court,Onomichi,https://www.city.onomichi.hiroshima.jp/site/onomichicity/,city.onomichi.hiroshima.jp,
constitutional_court,Onomichi,https://www.city.onomichi.hiroshima.jp/site/yasashii-nihongo/,city.onomichi.hiroshima.jp,
constitutional_court,Onomichi,https://www.city.onomichi.hiroshima.jp/,city.onomichi.hiroshima.jp,
constitutional_court,Izumi,https://www.city.osaka-izumi.lg.jp/,city.osaka-izumi.lg.jp,
constitutional_court,Jōtō-ku,https://www.city.osaka.lg.jp/joto/,city.osaka.lg.jp,
constitutional_court,Suminoe-ku,https://www.city.osaka.lg.jp/suminoe/,city.osaka.lg.jp,
constitutional_court,Osaka,https://www.city.osaka.lg.jp/,city.osaka.lg.jp,
constitutional_court,Miyakojima Ward,https://www.city.osaka.lg.jp/miyakojima/,city.osaka.lg.jp,
constitutional_court,Chūō-ku,https://www.city.osaka.lg.jp/chuo/,city.osaka.lg.jp,
constitutional_court,Nishiyodogawa-ku,https://www.city.osaka.lg.jp/nishiyodogawa/,city.osaka.lg.jp,
constitutional_court,Kita-ku,https://www.city.osaka.lg.jp/kita/,city.osaka.lg.jp,
constitutional_court,Sumiyoshi-ku,https://www.city.osaka.lg.jp/sumiyoshi/,city.osaka.lg.jp,
constitutional_court,Ikuno-ku,https://www.city.osaka.lg.jp/ikuno/,city.osaka.lg.jp,
constitutional_court,Higashinari-ku,https://www.city.osaka.lg.jp/higashinari/,city.osaka.lg.jp,
constitutional_court,Tennōji-ku,https://www.city.osaka.lg.jp/tennoji/,city.osaka.lg.jp,
constitutional_court,Government of Osaka,https://www.city.osaka.lg.jp/,city.osaka.lg.jp,local
constitutional_court,Fukushima-ku,https://www.city.osaka.lg.jp/fukushima/,city.osaka.lg.jp,
constitutional_court,Naniwa-ku,https://www.city.osaka.lg.jp/naniwa/,city.osaka.lg.jp,
constitutional_court,Taishō-ku,https://www.city.osaka.lg.jp/taisho/,city.osaka.lg.jp,
constitutional_court,Higashiyodogawa-ku,https://www.city.osaka.lg.jp/higashiyodogawa/,city.osaka.lg.jp,
constitutional_court,Konohana-ku,https://www.city.osaka.lg.jp/konohana/,city.osaka.lg.jp,
constitutional_court,Abeno-ku,https://www.city.osaka.lg.jp/abeno/,city.osaka.lg.jp,
constitutional_court,Higashisumiyoshi-ku,https://www.city.osaka.lg.jp/higashisumiyoshi/,city.osaka.lg.jp,
constitutional_court,Minato-ku,https://www.city.osaka.lg.jp/minato/,city.osaka.lg.jp,
constitutional_court,Nishi-ku,https://www.city.osaka.lg.jp/nishi/,city.osaka.lg.jp,
constitutional_court,Asahi Ward,https://www.city.osaka.lg.jp/asahi/,city.osaka.lg.jp,
constitutional_court,Tsurumi-ku,https://www.city.osaka.lg.jp/tsurumi/,city.osaka.lg.jp,
constitutional_court,Nishinari-ku,https://www.city.osaka.lg.jp/nishinari/,city.osaka.lg.jp,
constitutional_court,Yodogawa-ku,https://www.city.osaka.lg.jp/yodogawa/,city.osaka.lg.jp,
constitutional_court,Hirano-ku,https://www.city.osaka.lg.jp/hirano/,city.osaka.lg.jp,
constitutional_court,Osakasayama,https://www.city.osakasayama.osaka.jp/,city.osakasayama.osaka.jp,
constitutional_court,Osaki,https://www.city.osaki.miyagi.jp/,city.osaki.miyagi.jp,
constitutional_court,Ōshū-shi,https://www.city.oshu.iwate.jp/,city.oshu.iwate.jp,
constitutional_court,Ōta-shi,https://www.city.ota.gunma.jp/,city.ota.gunma.jp,
constitutional_court,Ota,https://www.city.ota.tokyo.jp/kokusaitoshi/for_foreigners/,city.ota.tokyo.jp,
constitutional_court,Ota,https://www.city.ota.tokyo.jp/,city.ota.tokyo.jp,
constitutional_court,Ōtake-shi,https://www.city.otake.hiroshima.jp/,city.otake.hiroshima.jp,
constitutional_court,Otaru,https://www.city.otaru.lg.jp/,city.otaru.lg.jp,
constitutional_court,Otsu,https://www.city.otsu.lg.jp/,city.otsu.lg.jp,
constitutional_court,Ōtsuki-shi,https://www.city.otsuki.yamanashi.jp/,city.otsuki.yamanashi.jp,
constitutional_court,Owariasahi,https://www.city.owariasahi.lg.jp/,city.owariasahi.lg.jp,
constitutional_court,Owase,https://www.city.owase.lg.jp/,city.owase.lg.jp,
constitutional_court,Oyabe,https://www.city.oyabe.toyama.jp/,city.oyabe.toyama.jp,
constitutional_court,Oyama,https://www.city.oyama.tochigi.jp/,city.oyama.tochigi.jp,
constitutional_court,Ōzu-shi,https://www.city.ozu.ehime.jp/,city.ozu.ehime.jp,
constitutional_court,Rikuzentakata,https://www.city.rikuzentakata.iwate.jp/,city.rikuzentakata.iwate.jp,
constitutional_court,Rittō-shi,https://www.city.ritto.lg.jp/,city.ritto.lg.jp,
constitutional_court,Ryūgasaki-shi,https://www.city.ryugasaki.ibaraki.jp/,city.ryugasaki.ibaraki.jp,
constitutional_court,Sabae,https://www.city.sabae.fukui.jp/,city.sabae.fukui.jp,
constitutional_court,Sado,https://www.city.sado.niigata.jp/,city.sado.niigata.jp,
constitutional_court,Kashima,https://www.city.saga-kashima.lg.jp/,city.saga-kashima.lg.jp,
constitutional_court,Saga,https://www.city.saga.lg.jp/,city.saga.lg.jp,
constitutional_court,Sagae,https://www.city.sagae.yamagata.jp/,city.sagae.yamagata.jp,
constitutional_court,Chūō-ku,https://www.city.sagamihara.kanagawa.jp/chuoku/,city.sagamihara.kanagawa.jp,
constitutional_court,Chūō-ku,http://www.city.sagamihara.kanagawa.jp/chuoku/,city.sagamihara.kanagawa.jp,
constitutional_court,Minami-ku,http://www.city.sagamihara.kanagawa.jp/minamiku/,city.sagamihara.kanagawa.jp,
constitutional_court,Midori-ku,http://www.city.sagamihara.kanagawa.jp/midoriku/,city.sagamihara.kanagawa.jp,
constitutional_court,Sagamihara,https://www.city.sagamihara.kanagawa.jp/1009780/,city.sagamihara.kanagawa.jp,
constitutional_court,Minami-ku,https://www.city.sagamihara.kanagawa.jp/minamiku/,city.sagamihara.kanagawa.jp,
constitutional_court,Sagamihara,https://www.city.sagamihara.kanagawa.jp/,city.sagamihara.kanagawa.jp,
constitutional_court,Midori-ku,https://www.city.sagamihara.kanagawa.jp/midoriku/,city.sagamihara.kanagawa.jp,
constitutional_court,Saijo,https://www.city.saijo.ehime.jp/,city.saijo.ehime.jp,
constitutional_court,Saikai,https://www.city.saikai.nagasaki.jp/,city.saikai.nagasaki.jp,
constitutional_court,Saiki,https://www.city.saiki.oita.jp/,city.saiki.oita.jp,
constitutional_court,"Kita-ku, Saitama",https://www.city.saitama.jp/kita/,city.saitama.jp,
constitutional_court,Nishi-ku,https://www.city.saitama.jp/nishi/,city.saitama.jp,
constitutional_court,Sakura-ku,https://www.city.saitama.jp/sakura/,city.saitama.jp,
constitutional_court,Saitama,https://www.city.saitama.jp/jp/,city.saitama.jp,
constitutional_court,Ōmiya-ku,https://www.city.saitama.jp/omiya/,city.saitama.jp,
constitutional_court,Iwatsuki-ku,https://www.city.saitama.jp/iwatsuki/,city.saitama.jp,
constitutional_court,Chūō-ku,https://www.city.saitama.jp/chuo/,city.saitama.jp,
constitutional_court,Saitama,https://www.city.saitama.jp/,city.saitama.jp,
ministry,Q11267409,https://www.city.saitama.jp/003/002/008/,city.saitama.jp,
constitutional_court,Saitama,https://www.city.saitama.jp/en/,city.saitama.jp,
constitutional_court,Minuma-ku,https://www.city.saitama.jp/minuma/,city.saitama.jp,
constitutional_court,Minami-ku,https://www.city.saitama.jp/minami/,city.saitama.jp,
constitutional_court,Midori-ku,https://www.city.saitama.jp/midori/,city.saitama.jp,
constitutional_court,Urawa-ku,https://www.city.saitama.lg.jp/urawa/,city.saitama.lg.jp,
constitutional_court,Saito,https://www.city.saito.lg.jp/,city.saito.lg.jp,
constitutional_court,Sakado,https://www.city.sakado.lg.jp/,city.sakado.lg.jp,
constitutional_court,Mihara-ku,https://www.city.sakai.lg.jp/mihara/,city.sakai.lg.jp,
constitutional_court,Minami-ku,https://www.city.sakai.lg.jp/minami/,city.sakai.lg.jp,
ministry,Sakai City Board of Education,http://www.city.sakai.lg.jp/kosodate/kyoiku/torikumi/list/iinkai.html,city.sakai.lg.jp,
constitutional_court,Sakai-ku,https://www.city.sakai.lg.jp/sakai/,city.sakai.lg.jp,
constitutional_court,Higashi-ku,https://www.city.sakai.lg.jp/higashi/,city.sakai.lg.jp,
constitutional_court,Nishi-ku,https://www.city.sakai.lg.jp/nishi/,city.sakai.lg.jp,
constitutional_court,Naka-ku,https://www.city.sakai.lg.jp/naka/,city.sakai.lg.jp,
constitutional_court,Sakai,https://www.city.sakai.lg.jp/,city.sakai.lg.jp,
constitutional_court,Kita-ku,https://www.city.sakai.lg.jp/kita/,city.sakai.lg.jp,
constitutional_court,Sakaide,https://www.city.sakaide.lg.jp/,city.sakaide.lg.jp,
constitutional_court,Sakaiminato,https://www.city.sakaiminato.lg.jp/,city.sakaiminato.lg.jp,
constitutional_court,Sakata,https://www.city.sakata.lg.jp/,city.sakata.lg.jp,
constitutional_court,Saku,https://www.city.saku.nagano.jp/,city.saku.nagano.jp,
constitutional_court,Sakura,https://www.city.sakura.lg.jp/,city.sakura.lg.jp,
constitutional_court,Sakuragawa,https://www.city.sakuragawa.lg.jp/,city.sakuragawa.lg.jp,
constitutional_court,Sakurai,https://www.city.sakurai.lg.jp/,city.sakurai.lg.jp,
constitutional_court,Sanmu,https://www.city.sammu.lg.jp/,city.sammu.lg.jp,
constitutional_court,Sanda,https://www.city.sanda.lg.jp/,city.sanda.lg.jp,
constitutional_court,Sanjō-shi,https://www.city.sanjo.niigata.jp/,city.sanjo.niigata.jp,
constitutional_court,Sano,https://www.city.sano.lg.jp/,city.sano.lg.jp,
constitutional_court,Sanuki,https://www.city.sanuki.kagawa.jp/,city.sanuki.kagawa.jp,
constitutional_court,Sanʼyō-Onoda,https://www.city.sanyo-onoda.lg.jp/,city.sanyo-onoda.lg.jp,
constitutional_court,Higashi-ku,https://www.city.sapporo.jp/higashi/,city.sapporo.jp,
constitutional_court,Shiroishi-ku,https://www.city.sapporo.jp/shiroishi/,city.sapporo.jp,
constitutional_court,Teine-ku,https://www.city.sapporo.jp/teine/,city.sapporo.jp,
constitutional_court,Atsubetsu-ku,https://www.city.sapporo.jp/atsubetsu/,city.sapporo.jp,
constitutional_court,Nishi-ku,https://www.city.sapporo.jp/nishi/,city.sapporo.jp,
constitutional_court,Kiyota-ku,https://www.city.sapporo.jp/kiyota/,city.sapporo.jp,
constitutional_court,Minami-ku,https://www.city.sapporo.jp/minami/,city.sapporo.jp,
constitutional_court,Toyohira-ku,https://www.city.sapporo.jp/toyohira/,city.sapporo.jp,
constitutional_court,Chūō-ku,https://www.city.sapporo.jp/chuo/,city.sapporo.jp,
constitutional_court,Kita-ku,http://www.city.sapporo.jp/kitaku/,city.sapporo.jp,
constitutional_court,Sapporo,https://www.city.sapporo.jp/,city.sapporo.jp,
constitutional_court,Sasebo,https://www.city.sasebo.lg.jp/languages/traditional_chinese/,city.sasebo.lg.jp,
constitutional_court,Sasebo,https://www.city.sasebo.lg.jp/languages/english/,city.sasebo.lg.jp,
constitutional_court,Sasebo,https://www.city.sasebo.lg.jp/languages/simplified_chinese/,city.sasebo.lg.jp,
constitutional_court,Sasebo,https://www.city.sasebo.lg.jp/,city.sasebo.lg.jp,
constitutional_court,Sasebo,https://www.city.sasebo.lg.jp/languages/korean/,city.sasebo.lg.jp,
constitutional_court,Satsumasendai,https://www.city.satsumasendai.lg.jp/,city.satsumasendai.lg.jp,
constitutional_court,Satte,https://www.city.satte.lg.jp/,city.satte.lg.jp,
constitutional_court,Sayama,https://www.city.sayama.saitama.jp/,city.sayama.saitama.jp,
constitutional_court,Seiyo,https://www.city.seiyo.ehime.jp/,city.seiyo.ehime.jp,
constitutional_court,Seki,https://www.city.seki.lg.jp/,city.seki.lg.jp,
constitutional_court,Semboku,https://www.city.semboku.akita.jp/,city.semboku.akita.jp,
constitutional_court,Miyagino-ku,https://www.city.sendai.jp/miyaginoku/,city.sendai.jp,
constitutional_court,Sendai,https://www.city.sendai.jp/,city.sendai.jp,
constitutional_court,Wakabayashi-ku,https://www.city.sendai.jp/wakabayashiku/,city.sendai.jp,
constitutional_court,Taihaku-ku,https://www.city.sendai.jp/taihakuku/,city.sendai.jp,
constitutional_court,Aoba-ku,https://www.city.sendai.jp/aobaku/,city.sendai.jp,
constitutional_court,Izumi-ku,https://www.city.sendai.jp/izumiku/,city.sendai.jp,
constitutional_court,Sennan,https://www.city.sennan.lg.jp/,city.sennan.lg.jp,
constitutional_court,Setagaya,https://www.city.setagaya.lg.jp/,city.setagaya.lg.jp,
constitutional_court,Seto,https://www.city.seto.aichi.jp/,city.seto.aichi.jp,
constitutional_court,Setouchi,https://www.city.setouchi.lg.jp/,city.setouchi.lg.jp,
constitutional_court,Settsu,https://www.city.settsu.osaka.jp/,city.settsu.osaka.jp,
constitutional_court,Shibata,https://www.city.shibata.lg.jp/,city.shibata.lg.jp,
constitutional_court,Shibetsu,https://www.city.shibetsu.lg.jp/,city.shibetsu.lg.jp,
constitutional_court,Shibukawa,https://www.city.shibukawa.lg.jp/,city.shibukawa.lg.jp,
constitutional_court,Shibushi,https://www.city.shibushi.lg.jp/,city.shibushi.lg.jp,
constitutional_court,Shibuya,https://www.city.shibuya.tokyo.jp/eng/index.html,city.shibuya.tokyo.jp,
constitutional_court,Shibuya,https://www.city.shibuya.tokyo.jp/,city.shibuya.tokyo.jp,
constitutional_court,Konan,https://www.city.shiga-konan.lg.jp/,city.shiga-konan.lg.jp,
constitutional_court,Shijōnawate-shi,https://www.city.shijonawate.lg.jp/,city.shijonawate.lg.jp,
constitutional_court,Shiki,https://www.city.shiki.lg.jp/,city.shiki.lg.jp,
constitutional_court,Shikokuchūō-shi,https://www.city.shikokuchuo.ehime.jp/,city.shikokuchuo.ehime.jp,
constitutional_court,Shima,https://www.city.shima.mie.jp/,city.shima.mie.jp,
constitutional_court,Shimabara,https://www.city.shimabara.lg.jp/,city.shimabara.lg.jp,
constitutional_court,Shimada,https://www.city.shimada.shizuoka.jp/,city.shimada.shizuoka.jp,
constitutional_court,Shimanto,https://www.city.shimanto.lg.jp/,city.shimanto.lg.jp,
constitutional_court,Shimoda,https://www.city.shimoda.shizuoka.jp/,city.shimoda.shizuoka.jp,
constitutional_court,Shimonoseki,https://www.city.shimonoseki.lg.jp/,city.shimonoseki.lg.jp,
constitutional_court,Shimotsuke,https://www.city.shimotsuke.lg.jp/,city.shimotsuke.lg.jp,
constitutional_court,Shimotsuma,https://www.city.shimotsuma.lg.jp/,city.shimotsuma.lg.jp,
constitutional_court,Shinagawa,https://www.city.shinagawa.tokyo.jp/,city.shinagawa.tokyo.jp,
constitutional_court,Shingu,https://www.city.shingu.lg.jp/,city.shingu.lg.jp,
constitutional_court,Shinjō-shi,https://www.city.shinjo.yamagata.jp/,city.shinjo.yamagata.jp,
constitutional_court,Shinjuku,https://www.city.shinjuku.lg.jp/,city.shinjuku.lg.jp,
constitutional_court,Shinshiro,https://www.city.shinshiro.lg.jp/,city.shinshiro.lg.jp,
constitutional_court,Shiogama,https://www.city.shiogama.miyagi.jp/,city.shiogama.miyagi.jp,
constitutional_court,Shiojiri,https://www.city.shiojiri.lg.jp/,city.shiojiri.lg.jp,
constitutional_court,Shirakawa,https://www.city.shirakawa.fukushima.jp/,city.shirakawa.fukushima.jp,
constitutional_court,Shiraoka,https://www.city.shiraoka.lg.jp/,city.shiraoka.lg.jp,
constitutional_court,Shiroi,https://www.city.shiroi.chiba.jp/,city.shiroi.chiba.jp,
constitutional_court,Shiroishi,https://www.city.shiroishi.miyagi.jp/,city.shiroishi.miyagi.jp,
constitutional_court,Shisō-shi,https://www.city.shiso.lg.jp/,city.shiso.lg.jp,
constitutional_court,Shizuoka,https://www.city.shizuoka.lg.jp/,city.shizuoka.lg.jp,
constitutional_court,Shimizu-ku,https://www.city.shizuoka.lg.jp/shimizu.html,city.shizuoka.lg.jp,
constitutional_court,Aoi-ku,https://www.city.shizuoka.lg.jp/aoi.html,city.shizuoka.lg.jp,
constitutional_court,Suruga-ku,https://www.city.shizuoka.lg.jp/suruga.html,city.shizuoka.lg.jp,
constitutional_court,Shōbara-shi,https://www.city.shobara.hiroshima.jp/,city.shobara.hiroshima.jp,
constitutional_court,Shūnan-shi,https://www.city.shunan.lg.jp/,city.shunan.lg.jp,
constitutional_court,Sodegaura,https://www.city.sodegaura.lg.jp/,city.sodegaura.lg.jp,
constitutional_court,Sōja-shi,https://www.city.soja.okayama.jp/,city.soja.okayama.jp,
constitutional_court,Sōka-shi,https://www.city.soka.saitama.jp/,city.soka.saitama.jp,
constitutional_court,Sōma-shi,https://www.city.soma.fukushima.jp/,city.soma.fukushima.jp,
constitutional_court,Sō,https://www.city.soo.kagoshima.jp/,city.soo.kagoshima.jp,
constitutional_court,Sōsa-shi,https://www.city.sosa.lg.jp/,city.sosa.lg.jp,
constitutional_court,Suginami,https://www.city.suginami.tokyo.jp/guide/annai/information/,city.suginami.tokyo.jp,
constitutional_court,Suginami,https://www.city.suginami.tokyo.jp/,city.suginami.tokyo.jp,
constitutional_court,Suita,https://www.city.suita.osaka.jp/,city.suita.osaka.jp,
constitutional_court,Sukagawa,https://www.city.sukagawa.fukushima.jp/,city.sukagawa.fukushima.jp,
constitutional_court,Sukumo,https://www.city.sukumo.kochi.jp/,city.sukumo.kochi.jp,
constitutional_court,Sumida,https://www.city.sumida.lg.jp/,city.sumida.lg.jp,
constitutional_court,Sumoto,https://www.city.sumoto.lg.jp/,city.sumoto.lg.jp,
constitutional_court,Sunagawa,https://www.city.sunagawa.hokkaido.jp/,city.sunagawa.hokkaido.jp,
constitutional_court,Susaki,https://www.city.susaki.lg.jp/,city.susaki.lg.jp,
constitutional_court,Susono,https://www.city.susono.shizuoka.jp/,city.susono.shizuoka.jp,
constitutional_court,Suwa,https://www.city.suwa.lg.jp/,city.suwa.lg.jp,
constitutional_court,Suzaka,https://www.city.suzaka.nagano.jp/,city.suzaka.nagano.jp,
constitutional_court,Suzu,https://www.city.suzu.lg.jp/,city.suzu.lg.jp,
constitutional_court,Suzuka,https://www.city.suzuka.lg.jp/,city.suzuka.lg.jp,
constitutional_court,Tachikawa,https://www.city.tachikawa.lg.jp/,city.tachikawa.lg.jp,
constitutional_court,Tagajō,https://www.city.tagajo.miyagi.jp/,city.tagajo.miyagi.jp,
constitutional_court,Tahara,https://www.city.tahara.aichi.jp/,city.tahara.aichi.jp,
constitutional_court,Tainai,https://www.city.tainai.niigata.jp/,city.tainai.niigata.jp,
constitutional_court,Taitō-ku,https://www.city.taito.lg.jp/,city.taito.lg.jp,
constitutional_court,Tajimi,https://www.city.tajimi.lg.jp/,city.tajimi.lg.jp,
constitutional_court,Takahagi,https://www.city.takahagi.ibaraki.jp/,city.takahagi.ibaraki.jp,
constitutional_court,Takahama,https://www.city.takahama.lg.jp/,city.takahama.lg.jp,
constitutional_court,Takahashi,https://www.city.takahashi.lg.jp/,city.takahashi.lg.jp,
constitutional_court,Takaishi,https://www.city.takaishi.lg.jp/,city.takaishi.lg.jp,
constitutional_court,Takamatsu,https://www.city.takamatsu.kagawa.jp/,city.takamatsu.kagawa.jp,
constitutional_court,Takaoka,https://www.city.takaoka.toyama.jp/,city.takaoka.toyama.jp,
constitutional_court,Takarazuka,https://www.city.takarazuka.hyogo.jp/,city.takarazuka.hyogo.jp,
constitutional_court,Takasago,https://www.city.takasago.lg.jp/,city.takasago.lg.jp,
constitutional_court,Takasaki,https://www.city.takasaki.gunma.jp/,city.takasaki.gunma.jp,
constitutional_court,Takashima,https://www.city.takashima.lg.jp/,city.takashima.lg.jp,
constitutional_court,Takatsuki,https://www.city.takatsuki.osaka.jp/,city.takatsuki.osaka.jp,
constitutional_court,Takayama,https://www.city.takayama.lg.jp/,city.takayama.lg.jp,
constitutional_court,Takehara,https://www.city.takehara.lg.jp/,city.takehara.lg.jp,
constitutional_court,Takeo,https://www.city.takeo.lg.jp/,city.takeo.lg.jp,
constitutional_court,Taketa,https://www.city.taketa.oita.jp/,city.taketa.oita.jp,
constitutional_court,Takikawa,https://www.city.takikawa.lg.jp/,city.takikawa.lg.jp,
constitutional_court,Takizawa,https://www.city.takizawa.iwate.jp/,city.takizawa.iwate.jp,
constitutional_court,Taku,https://www.city.taku.lg.jp/,city.taku.lg.jp,
constitutional_court,Tama,https://www.city.tama.lg.jp/,city.tama.lg.jp,
constitutional_court,Tamana,https://www.city.tamana.lg.jp/,city.tamana.lg.jp,
constitutional_court,Tamano,https://www.city.tamano.lg.jp/,city.tamano.lg.jp,
constitutional_court,Tamba,https://www.city.tamba.lg.jp/,city.tamba.lg.jp,
constitutional_court,Tamba-Sasayama,https://www.city.tambasasayama.lg.jp/,city.tambasasayama.lg.jp,
constitutional_court,Tamura,https://www.city.tamura.lg.jp/,city.tamura.lg.jp,
constitutional_court,Tanabe,https://www.city.tanabe.lg.jp/,city.tanabe.lg.jp,
constitutional_court,Tarumizu,https://www.city.tarumizu.lg.jp/,city.tarumizu.lg.jp,
constitutional_court,Tatebayashi,https://www.city.tatebayashi.gunma.jp/,city.tatebayashi.gunma.jp,
constitutional_court,Tateyama,https://www.city.tateyama.chiba.jp/,city.tateyama.chiba.jp,
constitutional_court,Tatsuno,https://www.city.tatsuno.lg.jp/,city.tatsuno.lg.jp,
constitutional_court,Tendō-shi,https://www.city.tendo.yamagata.jp/,city.tendo.yamagata.jp,
constitutional_court,Tenri,https://www.city.tenri.nara.jp/,city.tenri.nara.jp,
constitutional_court,Toba,https://www.city.toba.mie.jp/,city.toba.mie.jp,
constitutional_court,Sakura,https://www.city.tochigi-sakura.lg.jp/,city.tochigi-sakura.lg.jp,
constitutional_court,Tochigi,https://www.city.tochigi.lg.jp/,city.tochigi.lg.jp,
constitutional_court,Toda,https://www.city.toda.saitama.jp/,city.toda.saitama.jp,
constitutional_court,Tōgane-shi,https://www.city.togane.chiba.jp/,city.togane.chiba.jp,
constitutional_court,Tōkai-shi,https://www.city.tokai.aichi.jp/,city.tokai.aichi.jp,
constitutional_court,Tōkamachi-shi,https://www.city.tokamachi.lg.jp/,city.tokamachi.lg.jp,
constitutional_court,Toki,https://www.city.toki.lg.jp/,city.toki.lg.jp,
constitutional_court,Tokoname,https://www.city.tokoname.aichi.jp/,city.tokoname.aichi.jp,
constitutional_court,Tokorozawa,https://www.city.tokorozawa.saitama.jp/,city.tokorozawa.saitama.jp,
constitutional_court,Tokushima,https://www.city.tokushima.tokushima.jp/,city.tokushima.tokushima.jp,
constitutional_court,Tokushima,https://www.city.tokushima.tokushima.jp/multilingual/english_portal/,city.tokushima.tokushima.jp,
constitutional_court,Nakano,https://www.city.tokyo-nakano.lg.jp/,city.tokyo-nakano.lg.jp,
constitutional_court,Tomakomai,https://www.city.tomakomai.hokkaido.jp,city.tomakomai.hokkaido.jp,
constitutional_court,Tome,https://www.city.tome.miyagi.jp/,city.tome.miyagi.jp,
constitutional_court,Tōmi-shi,https://www.city.tomi.nagano.jp/,city.tomi.nagano.jp,
constitutional_court,Tomigusuku,https://www.city.tomigusuku.lg.jp/,city.tomigusuku.lg.jp,
constitutional_court,Tomioka,https://www.city.tomioka.lg.jp/,city.tomioka.lg.jp,
constitutional_court,Tomisato,https://www.city.tomisato.lg.jp/,city.tomisato.lg.jp,
constitutional_court,Tonami,https://www.city.tonami.toyama.jp/,city.tonami.toyama.jp,
constitutional_court,Tondabayashi,https://www.city.tondabayashi.lg.jp/,city.tondabayashi.lg.jp,
constitutional_court,Tōno-shi,https://www.city.tono.iwate.jp/,city.tono.iwate.jp,
constitutional_court,Tōon-shi,https://www.city.toon.ehime.jp/,city.toon.ehime.jp,
constitutional_court,Toride,https://www.city.toride.ibaraki.jp/,city.toride.ibaraki.jp,
constitutional_court,Tosa,https://www.city.tosa.lg.jp/,city.tosa.lg.jp,
constitutional_court,Tosashimizu,https://www.city.tosashimizu.kochi.jp/,city.tosashimizu.kochi.jp,
constitutional_court,Toshima,https://www.city.toshima.lg.jp/info/,city.toshima.lg.jp,
constitutional_court,Toshima,https://www.city.toshima.lg.jp/,city.toshima.lg.jp,
constitutional_court,Tosu,https://www.city.tosu.lg.jp/,city.tosu.lg.jp,
constitutional_court,Tottori,https://www.city.tottori.lg.jp/,city.tottori.lg.jp,
constitutional_court,Towada,https://www.city.towada.lg.jp/,city.towada.lg.jp,
constitutional_court,Toyama,https://www.city.toyama.toyama.jp/vietnamese/VietNam.html,city.toyama.toyama.jp,
constitutional_court,Toyama,https://www.city.toyama.toyama.jp/english/English.html,city.toyama.toyama.jp,
constitutional_court,Toyama,https://www.city.toyama.toyama.jp/,city.toyama.toyama.jp,
constitutional_court,Toyama,https://www.city.toyama.toyama.jp/chinese/chinese.html,city.toyama.toyama.jp,
constitutional_court,Toyama,https://www.city.toyama.toyama.jp/korean/korean.html,city.toyama.toyama.jp,
constitutional_court,Toyama,https://www.city.toyama.toyama.jp/portuguese/portuguese.html,city.toyama.toyama.jp,
constitutional_court,Toyoake,https://www.city.toyoake.lg.jp/,city.toyoake.lg.jp,
constitutional_court,Toyohashi,https://www.city.toyohashi.lg.jp/,city.toyohashi.lg.jp,
constitutional_court,Toyokawa,https://www.city.toyokawa.lg.jp/,city.toyokawa.lg.jp,
constitutional_court,Toyonaka,https://www.city.toyonaka.osaka.jp/,city.toyonaka.osaka.jp,
ministry,Toyonaka City Board of Education,http://www.city.toyonaka.osaka.jp/kosodate/kyo_iin/kyouikuiin.html,city.toyonaka.osaka.jp,
constitutional_court,Toyooka,https://www.city.toyooka.lg.jp/,city.toyooka.lg.jp,
constitutional_court,Toyota,https://www.city.toyota.aichi.jp/,city.toyota.aichi.jp,
constitutional_court,Tsubame,https://www.city.tsubame.niigata.jp/,city.tsubame.niigata.jp,
constitutional_court,Tsuchiura,https://www.city.tsuchiura.lg.jp/,city.tsuchiura.lg.jp,
constitutional_court,Tsugaru,https://www.city.tsugaru.aomori.jp/,city.tsugaru.aomori.jp,
constitutional_court,Tsukuba,https://www.city.tsukuba.lg.jp/,city.tsukuba.lg.jp,
constitutional_court,Tsukubamirai,https://www.city.tsukubamirai.lg.jp/,city.tsukubamirai.lg.jp,
constitutional_court,Tsukumi,https://www.city.tsukumi.oita.jp/,city.tsukumi.oita.jp,
constitutional_court,Tsuru,https://www.city.tsuru.yamanashi.jp/,city.tsuru.yamanashi.jp,
constitutional_court,Tsuruga,https://www.city.tsuruga.lg.jp/,city.tsuruga.lg.jp,
constitutional_court,Tsurugashima,https://www.city.tsurugashima.lg.jp/,city.tsurugashima.lg.jp,
constitutional_court,Tsuruoka,https://www.city.tsuruoka.lg.jp/,city.tsuruoka.lg.jp,
constitutional_court,Tsushima,https://www.city.tsushima.lg.jp,city.tsushima.lg.jp,
constitutional_court,Tsushima,https://www.city.tsushima.nagasaki.jp/,city.tsushima.nagasaki.jp,
constitutional_court,Tsuyama,https://www.city.tsuyama.lg.jp/,city.tsuyama.lg.jp,
constitutional_court,Ube,https://www.city.ube.yamaguchi.jp/,city.ube.yamaguchi.jp,
constitutional_court,Uda,https://www.city.uda.nara.jp/,city.uda.nara.jp,
constitutional_court,Ueda,https://www.city.ueda.nagano.jp/,city.ueda.nagano.jp,
constitutional_court,Uenohara,https://www.city.uenohara.yamanashi.jp/,city.uenohara.yamanashi.jp,
constitutional_court,Uji,https://www.city.uji.kyoto.jp/,city.uji.kyoto.jp,
constitutional_court,Uki,https://www.city.uki.kumamoto.jp/,city.uki.kumamoto.jp,
constitutional_court,Ukiha,https://www.city.ukiha.fukuoka.jp/,city.ukiha.fukuoka.jp,
constitutional_court,Unnan,https://www.city.unnan.shimane.jp/,city.unnan.shimane.jp,
constitutional_court,Unzen,https://www.city.unzen.nagasaki.jp/,city.unzen.nagasaki.jp,
constitutional_court,Uonuma,https://www.city.uonuma.niigata.jp/,city.uonuma.niigata.jp,
constitutional_court,Uozu,https://www.city.uozu.toyama.jp/,city.uozu.toyama.jp,
constitutional_court,Urasoe,https://www.city.urasoe.lg.jp/,city.urasoe.lg.jp,
constitutional_court,Urayasu,https://www.city.urayasu.lg.jp/,city.urayasu.lg.jp,
constitutional_court,Ureshino,https://www.city.ureshino.lg.jp/,city.ureshino.lg.jp,
constitutional_court,Uruma,https://www.city.uruma.lg.jp/,city.uruma.lg.jp,
constitutional_court,Usa,https://www.city.usa.oita.jp/,city.usa.oita.jp,
constitutional_court,Ushiku,https://www.city.ushiku.lg.jp/,city.ushiku.lg.jp,
constitutional_court,Usuki,https://www.city.usuki.oita.jp/,city.usuki.oita.jp,
constitutional_court,Utashinai,https://www.city.utashinai.hokkaido.jp/,city.utashinai.hokkaido.jp,
constitutional_court,Uto,https://www.city.uto.lg.jp/,city.uto.lg.jp,
constitutional_court,Utsunomiya,https://www.city.utsunomiya.lg.jp/,city.utsunomiya.lg.jp,
constitutional_court,Uwajima,https://www.city.uwajima.ehime.jp/,city.uwajima.ehime.jp,
constitutional_court,Wajima,https://www.city.wajima.ishikawa.jp/,city.wajima.ishikawa.jp,
constitutional_court,Wakayama,https://www.city.wakayama.wakayama.jp/,city.wakayama.wakayama.jp,
constitutional_court,Wakkanai,https://www.city.wakkanai.hokkaido.jp/,city.wakkanai.hokkaido.jp,
constitutional_court,Wakō-shi,https://www.city.wako.lg.jp/,city.wako.lg.jp,
constitutional_court,Warabi,https://www.city.warabi.saitama.jp/,city.warabi.saitama.jp,
constitutional_court,Yabu,https://www.city.yabu.hyogo.jp/,city.yabu.hyogo.jp,
constitutional_court,Yachimata,https://www.city.yachimata.lg.jp/,city.yachimata.lg.jp,
constitutional_court,Yachiyo,https://www.city.yachiyo.chiba.jp/,city.yachiyo.chiba.jp,
constitutional_court,Yaita,https://www.city.yaita.tochigi.jp/,city.yaita.tochigi.jp,
constitutional_court,Yaizu,https://www.city.yaizu.lg.jp/,city.yaizu.lg.jp,
constitutional_court,Yamaga,https://www.city.yamaga.kumamoto.jp/,city.yamaga.kumamoto.jp,
constitutional_court,Yamagata,https://www.city.yamagata-yamagata.lg.jp/,city.yamagata-yamagata.lg.jp,
constitutional_court,Yamagata,https://www.city.yamagata.gifu.jp/,city.yamagata.gifu.jp,
constitutional_court,Yamaguchi,https://www.city.yamaguchi.lg.jp/,city.yamaguchi.lg.jp,
constitutional_court,Yamanashi,https://www.city.yamanashi.yamanashi.jp/,city.yamanashi.yamanashi.jp,
constitutional_court,Yamato,https://www.city.yamato.lg.jp/,city.yamato.lg.jp,
constitutional_court,Yamatokōriyama,https://www.city.yamatokoriyama.lg.jp/,city.yamatokoriyama.lg.jp,
constitutional_court,Yamatotakada,https://www.city.yamatotakada.nara.jp/,city.yamatotakada.nara.jp,
constitutional_court,Yame,https://www.city.yame.fukuoka.jp/,city.yame.fukuoka.jp,
constitutional_court,Yanagawa,https://www.city.yanagawa.fukuoka.jp/,city.yanagawa.fukuoka.jp,
constitutional_court,Yao,https://www.city.yao.osaka.jp/soshiki/29-0-0-0-0_12.html,city.yao.osaka.jp,
constitutional_court,Yao,https://www.city.yao.osaka.jp/soshiki/29-0-0-0-0_1.html,city.yao.osaka.jp,
constitutional_court,Yao,https://www.city.yao.osaka.jp/soshiki/29-0-0-0-0_23.html,city.yao.osaka.jp,
constitutional_court,Yao,https://www.city.yao.osaka.jp/soshiki/29-0-0-0-0_34.html,city.yao.osaka.jp,
constitutional_court,Yao,https://www.city.yao.osaka.jp/,city.yao.osaka.jp,
constitutional_court,Yao,https://www.city.yao.osaka.jp/soshiki/29-0-0-0-0_45.html,city.yao.osaka.jp,
constitutional_court,Yashio,https://www.city.yashio.lg.jp/,city.yashio.lg.jp,
constitutional_court,Yasu,https://www.city.yasu.lg.jp/,city.yasu.lg.jp,
constitutional_court,Yasugi,https://www.city.yasugi.shimane.jp/,city.yasugi.shimane.jp,
constitutional_court,Yatomi,https://www.city.yatomi.lg.jp/,city.yatomi.lg.jp,
constitutional_court,Yatsushiro,https://www.city.yatsushiro.lg.jp/,city.yatsushiro.lg.jp,
constitutional_court,Yawata,https://www.city.yawata.kyoto.jp/,city.yawata.kyoto.jp,
constitutional_court,Yawatahama,https://www.city.yawatahama.ehime.jp/,city.yawatahama.ehime.jp,
constitutional_court,Yokkaichi,https://www.city.yokkaichi.lg.jp/,city.yokkaichi.lg.jp,
constitutional_court,Midori-ku,https://www.city.yokohama.lg.jp/midori/,city.yokohama.lg.jp,
constitutional_court,Asahi-ku,https://www.city.yokohama.lg.jp/asahi/,city.yokohama.lg.jp,
constitutional_court,Kōnan-ku,https://www.city.yokohama.lg.jp/konan/,city.yokohama.lg.jp,
constitutional_court,Nishi-ku,https://www.city.yokohama.lg.jp/nishi/,city.yokohama.lg.jp,
constitutional_court,Kanagawa-ku,https://www.city.yokohama.lg.jp/kanagawa/,city.yokohama.lg.jp,
constitutional_court,Sakae-ku,https://www.city.yokohama.lg.jp/sakae/,city.yokohama.lg.jp,
constitutional_court,Izumi-ku,https://www.city.yokohama.lg.jp/izumi/,city.yokohama.lg.jp,
constitutional_court,Totsuka-ku,https://www.city.yokohama.lg.jp/totsuka/,city.yokohama.lg.jp,
constitutional_court,Naka-ku,https://www.city.yokohama.lg.jp/naka/,city.yokohama.lg.jp,
constitutional_court,Isogo-ku,https://www.city.yokohama.lg.jp/isogo/,city.yokohama.lg.jp,
constitutional_court,Yokohama City Decarbonization and GREEN x EXPO Promotion Bureau,https://www.city.yokohama.lg.jp/city-info/yokohamashi/org/green/,city.yokohama.lg.jp,
constitutional_court,Kanazawa-ku,https://www.city.yokohama.lg.jp/kanazawa/,city.yokohama.lg.jp,
constitutional_court,Kōhoku-ku,https://www.city.yokohama.lg.jp/kohoku/,city.yokohama.lg.jp,
constitutional_court,Yokohama,https://www.city.yokohama.lg.jp/,city.yokohama.lg.jp,
constitutional_court,Seya-ku,https://www.city.yokohama.lg.jp/seya/,city.yokohama.lg.jp,
constitutional_court,Tsuzuki-ku,https://www.city.yokohama.lg.jp/tsuzuki/,city.yokohama.lg.jp,
constitutional_court,Aoba-ku,https://www.city.yokohama.lg.jp/aoba/,city.yokohama.lg.jp,
constitutional_court,Tsurumi-ku,https://www.city.yokohama.lg.jp/tsurumi/,city.yokohama.lg.jp,
constitutional_court,Hodogaya-ku,https://www.city.yokohama.lg.jp/hodogaya/,city.yokohama.lg.jp,
constitutional_court,Minami-ku,https://www.city.yokohama.lg.jp/minami/,city.yokohama.lg.jp,
constitutional_court,Yokosuka,https://www.city.yokosuka.kanagawa.jp/0535/foreign_languages/,city.yokosuka.kanagawa.jp,
constitutional_court,Yokosuka,https://www.city.yokosuka.kanagawa.jp/,city.yokosuka.kanagawa.jp,
constitutional_court,Yokote,https://www.city.yokote.lg.jp/,city.yokote.lg.jp,
constitutional_court,Yonago,https://www.city.yonago.lg.jp/,city.yonago.lg.jp,
constitutional_court,Yonezawa,https://www.city.yonezawa.yamagata.jp/,city.yonezawa.yamagata.jp,
constitutional_court,Yoshikawa,https://www.city.yoshikawa.saitama.jp/,city.yoshikawa.saitama.jp,
constitutional_court,Yoshinogawa,https://www.city.yoshinogawa.lg.jp/,city.yoshinogawa.lg.jp,
constitutional_court,Yotsukaidō-shi,https://www.city.yotsukaido.chiba.jp/,city.yotsukaido.chiba.jp,
constitutional_court,Yūbari-shi,https://www.city.yubari.lg.jp/,city.yubari.lg.jp,
constitutional_court,Yufu,https://www.city.yufu.oita.jp/,city.yufu.oita.jp,
constitutional_court,Yūki-shi,https://www.city.yuki.lg.jp/,city.yuki.lg.jp,
constitutional_court,Yukuhashi,https://www.city.yukuhashi.fukuoka.jp/,city.yukuhashi.fukuoka.jp,
constitutional_court,Yurihonjo,https://www.city.yurihonjo.lg.jp/,city.yurihonjo.lg.jp,
constitutional_court,Zama,https://www.city.zama.kanagawa.jp/,city.zama.kanagawa.jp,
constitutional_court,Zentsūji-shi,https://www.city.zentsuji.kagawa.jp/,city.zentsuji.kagawa.jp,
constitutional_court,Zushi,https://www.city.zushi.kanagawa.jp/,city.zushi.kanagawa.jp,
ministry,Q11420646,http://www.col.mlit.go.jp/,col.mlit.go.jp,
constitutional_court,Tokyo Customs,https://www.customs.go.jp/tokyo/english/,customs.go.jp,
constitutional_court,Kobe Customs,https://www.customs.go.jp/kobe/,customs.go.jp,
constitutional_court,Nagasaki Customs,https://www.customs.go.jp/nagasaki/english/,customs.go.jp,local
constitutional_court,Kobe Customs,https://www.customs.go.jp/kobe/english/,customs.go.jp,
constitutional_court,Okinawa Regional Customs,https://www.customs.go.jp/okinawa/,customs.go.jp,central-1
constitutional_court,Yokohama Customs,https://www.customs.go.jp/yokohama/english/,customs.go.jp,
constitutional_court,Tokyo Customs,https://www.customs.go.jp/tokyo/,customs.go.jp,
constitutional_court,Nagasaki Customs,https://www.customs.go.jp/nagasaki/,customs.go.jp,local
constitutional_court,Yokohama Customs,https://www.customs.go.jp/yokohama/,customs.go.jp,
constitutional_court,Daisen,https://www.daisen.jp/,daisen.jp,
ministry,Meteorological Satellite Center,https://www.data.jma.go.jp/mscweb/ja/,data.jma.go.jp,
ministry,Meteorological Satellite Center,https://www.data.jma.go.jp/mscweb/en/,data.jma.go.jp,
constitutional_court,Hokuei,https://www.e-hokuei.net/,e-hokuei.net,
constitutional_court,Rumoi,https://www.e-rumoi.jp/,e-rumoi.jp,
ministry,Ibaraki Prefectural Board of Education,http://www.edu.pref.ibaraki.jp/board/foreign_language/en/index.html,edu.pref.ibaraki.jp,
ministry,Ehime Prefectural Board of Education,https://ehime-c.esnet.ed.jp,ehime-c.esnet.ed.jp,
constitutional_court,Fujiyoshida,https://en.city.fujiyoshida.yamanashi.jp/,en.city.fujiyoshida.yamanashi.jp,
constitutional_court,Hirado,https://en.city.hirado.nagasaki.jp/,en.city.hirado.nagasaki.jp,
constitutional_court,Ogasawara Village,https://en.vill.ogasawara.tokyo.jp/,en.vill.ogasawara.tokyo.jp,
constitutional_court,Engaru,https://engaru.jp/,engaru.jp,
constitutional_court,Q86731671,http://www.engarukouiki.jp/,engarukouiki.jp,
constitutional_court,Tokyo,https://www.english.metro.tokyo.lg.jp/,english.metro.tokyo.lg.jp,
ministry,Ministry of the Environment of Japan,https://www.env.go.jp/,env.go.jp,
ministry,Ministry of the Environment of Japan,https://www.env.go.jp/en/,env.go.jp,
constitutional_court,Esashi,https://www.esashi.jp/,esashi.jp,
ministry,Economic and Social Research Institute,https://www.esri.cao.go.jp/index-e.html,esri.cao.go.jp,
ministry,Economic and Social Research Institute,https://www.esri.cao.go.jp/index.html,esri.cao.go.jp,
ministry,Economic and Social Research Institute,http://www.esri.go.jp/,esri.go.jp,
constitutional_court,Q65277049,https://www.f-suiki.or.jp/,f-suiki.or.jp,
ministry,Shōbō Daigakkō,http://fdmc.fdma.go.jp/index.html,fdmc.fdma.go.jp,
constitutional_court,Q24197403,http://fire-tokachi.hokkaido.jp,fire-tokachi.hokkaido.jp,
constitutional_court,Fukuoka-Kitakyushu Expressway Public Corporation,https://www.fk-tosikou.or.jp/,fk-tosikou.or.jp,
ministry,Fukuoka Prefectural Board of Education,http://www.fsg.pref.fukuoka.jp/jimusyo/fukuoka.html,fsg.pref.fukuoka.jp,
constitutional_court,Oyama,https://www.fuji-oyama.jp/,fuji-oyama.jp,
constitutional_court,Funabashi,https://www.funabashi-multilingual.info/,funabashi-multilingual.info,
constitutional_court,Q24864968,http://www.futaba-koiki.jp/index.html,futaba-koiki.jp,
constitutional_court,Q124047792,https://gakushu.city.fukuoka.lg.jp/,gakushu.city.fukuoka.lg.jp,local
constitutional_court,Government of Japan,https://www.gov-online.go.jp/,gov-online.go.jp,central
constitutional_court,Firefighting in Iwamizawa,http://www.hamanasu.com/syoubou/,hamanasu.com,
constitutional_court,Hichisō-chō,https://www.hichiso.jp/,hichiso.jp,
constitutional_court,Q22125068,http://hidaka-chubu-119.jp,hidaka-chubu-119.jp,
constitutional_court,Hidaka Subprefecture,http://www.hidaka.pref.hokkaido.lg.jp/,hidaka.pref.hokkaido.lg.jp,
constitutional_court,Hiezu,https://www.hiezu.jp/,hiezu.jp,
constitutional_court,Higashikagawa,https://www.higashikagawa.jp/,higashikagawa.jp,
constitutional_court,Higashikushira,https://www.higashikushira.com/,higashikushira.com,
constitutional_court,Higashinaruse,https://www.higashinaruse.com/,higashinaruse.com,
constitutional_court,Q22124748,http://hijagawa.or.jp/,hijagawa.or.jp,
constitutional_court,Himeshima,https://www.himeshima.jp/,himeshima.jp,
constitutional_court,Hiraya,https://www.hirayamura.jp/,hirayamura.jp,
constitutional_court,Hitoyoshi Kuma,https://www.hitoyoshikuma.com/,hitoyoshikuma.com,
constitutional_court,Hiyama Subprefecture,http://www.hiyama.pref.hokkaido.lg.jp/,hiyama.pref.hokkaido.lg.jp,
constitutional_court,Hokkaido Regional Development Bureau,https://www.hkd.mlit.go.jp/,hkd.mlit.go.jp,central-1
constitutional_court,Hōdatsu-shimizu-chō,https://www.hodatsushimizu.jp/,hodatsushimizu.jp,
constitutional_court,Esashi,https://www.hokkaido-esashi.jp/,hokkaido-esashi.jp,
constitutional_court,Q11401128,https://www.hokusin.or.jp/,hokusin.or.jp,local
constitutional_court,Dominican Province of Our Lady of the Rosary,https://www.holyrosaryprovince.org/index.php?lang=es,holyrosaryprovince.org,
constitutional_court,Dominican Province of Our Lady of the Rosary,https://www.holyrosaryprovince.org/index.php?option=com_sppagebuilder&view=page&id=1&Itemid=101&lang=en,holyrosaryprovince.org,
ministry,Suruga Sanatorium,http://www.hosp.go.jp/~suruga2/,hosp.go.jp,
ministry,Hoshizuka Keiaien Sanatorium,http://www.hosp.go.jp/~keiaien/,hosp.go.jp,
ministry,Kikuchi Keifūen Sanatorium,http://www.hosp.go.jp/~keifuen/,hosp.go.jp,
ministry,Okinawa Airakuen,http://www.hosp.go.jp/~airakuen/,hosp.go.jp,
ministry,Amami Wakoen Sanatorium,http://www.hosp.go.jp/~amami/gaiyo.html,hosp.go.jp,
ministry,Nagashima Aiseien Sanatorium,http://www.hosp.go.jp/~aiseien/,hosp.go.jp,
ministry,Matsuoka Hoyōen Sanatorium,http://www.hosp.go.jp/~matuoka/,hosp.go.jp,
constitutional_court,Hōki-chō,https://www.houki-town.jp/,houki-town.jp,
constitutional_court,Hyūga-shi,https://www.hyugacity.jp/,hyugacity.jp,
constitutional_court,Iburi Subprefecture,http://www.iburi.pref.hokkaido.lg.jp/,iburi.pref.hokkaido.lg.jp,
constitutional_court,Ie,https://www.iejima.org/,iejima.org,
constitutional_court,Iinan,https://www.iinan.jp/,iinan.jp,
constitutional_court,Ikeda,https://www.ikedamachi.net/,ikedamachi.net,
constitutional_court,Tokyo Regional Immigration Bureau,http://www.immi-moj.go.jp/soshiki/kikou/tokyo.html,immi-moj.go.jp,
constitutional_court,Nagoya Regional Immigration Bureau,http://www.immi-moj.go.jp/soshiki/kikou/nagoya.html,immi-moj.go.jp,
constitutional_court,Nagoya Regional Immigration Bureau,http://www.immi-moj.go.jp/english/soshiki/kikou/nagoya.html,immi-moj.go.jp,
constitutional_court,Ina,https://www.inacity.jp/,inacity.jp,
constitutional_court,Tsu,https://www.info.city.tsu.mie.jp/,info.city.tsu.mie.jp,
ministry,National Institute of Population and Social Security Research,http://www.ipss.go.jp/index-e.asp,ipss.go.jp,
constitutional_court,Ishikari Subprefecture,http://www.ishikari.pref.hokkaido.lg.jp/,ishikari.pref.hokkaido.lg.jp,
constitutional_court,Q11586859,http://www.ishikarihokubu.jp,ishikarihokubu.jp,
constitutional_court,Q11444838,http://www.isumi-kouiki.com/,isumi-kouiki.com,
constitutional_court,Iwami-chō,https://www.iwami.gr.jp/,iwami.gr.jp,
constitutional_court,Government of Japan,https://www.japan.go.jp/,japan.go.jp,central
ministry,Japan Casino Regulatory Commission,https://www.jcrc.go.jp/,jcrc.go.jp,
ministry,Fisheries Agency,https://www.jfa.maff.go.jp/e/,jfa.maff.go.jp,
ministry,Fisheries Agency,https://www.jfa.maff.go.jp/,jfa.maff.go.jp,
ministry,Fair Trade Commission,https://www.jftc.go.jp/,jftc.go.jp,
ministry,National Personnel Authority,https://www.jinji.go.jp/,jinji.go.jp,
constitutional_court,Jinsekikogen,https://www.jinsekigun.jp/,jinsekigun.jp,
constitutional_court,Fukushima Local Meteorological Observatory,https://www.jma-net.go.jp/fukushima/,jma-net.go.jp,
constitutional_court,Kumamoto Local Meteorological Observatory,https://www.jma-net.go.jp/kumamoto/,jma-net.go.jp,
constitutional_court,Saga Local Meteorological Observatory,https://www.jma-net.go.jp/saga/,jma-net.go.jp,
constitutional_court,Abashiri Local Meteorological Observatory,https://www.jma-net.go.jp/abashiri/,jma-net.go.jp,
constitutional_court,Tokushima Local Meteorological Observatory,https://www.jma-net.go.jp/tokushima/,jma-net.go.jp,
constitutional_court,Hikone Local Meteorological Observatory,https://www.jma-net.go.jp/hikone/,jma-net.go.jp,
constitutional_court,Kobe Local Meteorological Observatory,https://www.jma-net.go.jp/kobe-c/,jma-net.go.jp,
constitutional_court,Wakkanai Local Meteorological Observatory,https://www.jma-net.go.jp/wakkanai/,jma-net.go.jp,
constitutional_court,Miyakojima Local Meteorological Observatory,https://www.jma-net.go.jp/miyako/,jma-net.go.jp,local
ministry,Aerological Observatory,https://www.jma-net.go.jp/kousou/index-e.html,jma-net.go.jp,
constitutional_court,Gifu Local Meteorological Observatory,https://www.jma-net.go.jp/gifu/,jma-net.go.jp,central-1
constitutional_court,Takamatsu Local Meteorological Observatory,https://www.jma-net.go.jp/takamatsu/,jma-net.go.jp,central-1
constitutional_court,Muroran Local Meteorological Observatory,https://www.jma-net.go.jp/muroran/,jma-net.go.jp,
ministry,Aerological Observatory,https://www.jma-net.go.jp/kousou/index.html,jma-net.go.jp,
constitutional_court,Tottori Local Meteorological Observatory,https://www.jma-net.go.jp/tottori/,jma-net.go.jp,
constitutional_court,Aomori Local Meteorological Observatory,https://www.jma-net.go.jp/aomori/,jma-net.go.jp,
constitutional_court,Shimonoseki Local Meteorological Observatory,https://www.jma-net.go.jp/shimonoseki/,jma-net.go.jp,
constitutional_court,Asahikawa Local Meteorological Observatory,https://www.jma-net.go.jp/asahikawa/,jma-net.go.jp,
constitutional_court,Akita Local Meteorological Observatory,https://www.jma-net.go.jp/akita/,jma-net.go.jp,
constitutional_court,Q108635154,https://www.jma-net.go.jp/kanazawa/,jma-net.go.jp,
constitutional_court,Kansai Aviation Weather Service Center,https://www.jma-net.go.jp/kansai-airport/,jma-net.go.jp,
constitutional_court,Minamidaitoujima Local Meteorological Observatory,https://www.jma-net.go.jp/daitou/index.html,jma-net.go.jp,
constitutional_court,Wakayama Local Meteorological Observatory,https://www.jma-net.go.jp/wakayama/,jma-net.go.jp,
constitutional_court,Q117100557,https://www.jma-net.go.jp/obihiro/,jma-net.go.jp,
constitutional_court,Q108635148,https://www.jma-net.go.jp/maebashi/,jma-net.go.jp,
constitutional_court,Kumagaya Local Meteorological Observatory,https://www.jma-net.go.jp/kumagaya/,jma-net.go.jp,central-1
constitutional_court,Okayama Local Meteorological Observatory,https://www.jma-net.go.jp/okayama/,jma-net.go.jp,
constitutional_court,Ishigakijima Local Meteorological Observatory,https://www.jma-net.go.jp/ishigaki/,jma-net.go.jp,local
constitutional_court,Kōfu Local Meteorological Observatory,https://www.jma-net.go.jp/kofu/,jma-net.go.jp,
constitutional_court,Hiroshima Local Meteorological Observatory,https://www.jma-net.go.jp/hiroshima/,jma-net.go.jp,central-1
constitutional_court,Morioka Local Meteorological Observatory,https://www.jma-net.go.jp/morioka/,jma-net.go.jp,
constitutional_court,Utsunomiya Local Meteorological Observatory,https://www.jma-net.go.jp/utsunomiya/,jma-net.go.jp,
constitutional_court,Yamagata Local Meteorological Observatory,https://www.jma-net.go.jp/yamagata/,jma-net.go.jp,
constitutional_court,Okinawa Meteorological Observatory,https://www.jma-net.go.jp/okinawa/,jma-net.go.jp,central-1
constitutional_court,Miyazaki Local Meteorological Observatory,https://www.jma-net.go.jp/miyazaki/,jma-net.go.jp,
constitutional_court,Kochi Local Meteorological Observatory,https://www.jma-net.go.jp/kochi/,jma-net.go.jp,
constitutional_court,Yokohama Local Meteorological Observatory,https://www.jma-net.go.jp/yokohama/,jma-net.go.jp,
constitutional_court,Ōita Local Meteorological Observatory,https://www.jma-net.go.jp/oita/,jma-net.go.jp,central-1
constitutional_court,Nagano Local Meteorological Observatory,https://www.jma-net.go.jp/nagano/,jma-net.go.jp,
constitutional_court,Nagoya Local Meteorological Observatory,https://www.jma-net.go.jp/nagoya/,jma-net.go.jp,central-1
constitutional_court,Kagoshima Local Meteorological Observatory,https://www.jma-net.go.jp/kagoshima/,jma-net.go.jp,
constitutional_court,Niigata Local Meteorological Observatory,https://www.jma-net.go.jp/niigata/,jma-net.go.jp,
constitutional_court,Matsuyama Local Meteorological Observatory,https://www.jma-net.go.jp/matsuyama/,jma-net.go.jp,
constitutional_court,Kushiro Local Meteorological Observatory,https://www.jma-net.go.jp/kushiro/,jma-net.go.jp,
constitutional_court,Tsu Local Meteorological Office,https://www.jma-net.go.jp/tsu/,jma-net.go.jp,
constitutional_court,kyoto Local Meteorological Observatory,https://www.jma-net.go.jp/kyoto/,jma-net.go.jp,
constitutional_court,Q108635155,https://www.jma-net.go.jp/fukui/,jma-net.go.jp,
constitutional_court,Q108635144,https://www.jma-net.go.jp/mito/,jma-net.go.jp,
constitutional_court,Q108635150,https://www.jma-net.go.jp/choshi/,jma-net.go.jp,
constitutional_court,Q108635152,https://www.jma-net.go.jp/toyama/,jma-net.go.jp,
constitutional_court,Nagasaki Local Meteorological Observatory,https://www.jma-net.go.jp/nagasaki-c/,jma-net.go.jp,
constitutional_court,Matsue Local Meteorological Observatory,https://www.jma-net.go.jp/matsue/,jma-net.go.jp,
constitutional_court,Shizuoka Local Meteorological Observatory,https://www.jma-net.go.jp/shizuoka/,jma-net.go.jp,
constitutional_court,Nara Local Meteorological Observatory,https://www.jma-net.go.jp/nara/,jma-net.go.jp,
constitutional_court,Hakodate Local Meteorological Observatory,https://www.jma-net.go.jp/hakodate-c/,jma-net.go.jp,
constitutional_court,Tagawa,https://www.joho.tagawa.fukuoka.jp/,joho.tagawa.fukuoka.jp,
constitutional_court,Hello Work,https://jsite.mhlw.go.jp/tokyo-hellowork/,jsite.mhlw.go.jp,
constitutional_court,Q11374869,https://jsite.mhlw.go.jp/kyoto-roudoukyoku/,jsite.mhlw.go.jp,central-1
constitutional_court,Q11502842,https://jsite.mhlw.go.jp/niigata-roudoukyoku/top_page.html,jsite.mhlw.go.jp,central-1
constitutional_court,Q11609547,https://jsite.mhlw.go.jp/gunma-roudoukyoku/,jsite.mhlw.go.jp,central-1
ministry,Japan Transport Safety Board,https://jtsb.mlit.go.jp/,jtsb.mlit.go.jp,
constitutional_court,2nd Regional Coast Guard Headquarters,https://www.kaiho.mlit.go.jp/02kanku/,kaiho.mlit.go.jp,
constitutional_court,8th Regional Coast Guard Headquarters,https://www.kaiho.mlit.go.jp/08kanku/,kaiho.mlit.go.jp,
constitutional_court,7th Regional Coast Guard Headquarters,https://www.kaiho.mlit.go.jp/07kanku/,kaiho.mlit.go.jp,
constitutional_court,1st Regional Coast Guard Headquarters,https://www.kaiho.mlit.go.jp/01kanku/,kaiho.mlit.go.jp,
constitutional_court,5th Regional Coast Guard Headquarters,https://www.kaiho.mlit.go.jp/05kanku/,kaiho.mlit.go.jp,
constitutional_court,10th Regional Coast Guard Headquarters,http://www.kaiho.mlit.go.jp/10kanku/,kaiho.mlit.go.jp,
constitutional_court,6th Regional Coast Guard Headquarters,https://www.kaiho.mlit.go.jp/06kanku/,kaiho.mlit.go.jp,
constitutional_court,3rd Regional Coast Guard Headquarters,https://www.kaiho.mlit.go.jp/03kanku/,kaiho.mlit.go.jp,
constitutional_court,11th Regional Coast Guard Headquarters,http://www.kaiho.mlit.go.jp/11kanku/,kaiho.mlit.go.jp,
constitutional_court,4th Regional Coast Guard Headquarters,http://www.kaiho.mlit.go.jp/04kanku/,kaiho.mlit.go.jp,
constitutional_court,9th Regional Coast Guard Headquarters,https://www.kaiho.mlit.go.jp/09kanku/,kaiho.mlit.go.jp,
ministry,Kakioka Magnetic Observatory,https://www.kakioka-jma.go.jp/en/,kakioka-jma.go.jp,
ministry,Kakioka Magnetic Observatory,https://www.kakioka-jma.go.jp/,kakioka-jma.go.jp,
constitutional_court,Kamikatsu,http://www.kamikatsu.jp/,kamikatsu.jp,
constitutional_court,Kamikawa Subprefecture,https://www.kamikawa.pref.hokkaido.lg.jp/,kamikawa.pref.hokkaido.lg.jp,
supreme_court,Kamishihoro Town Council,https://www.kamishihoro.jp/gikai/,kamishihoro.jp,
parliament,Kamishihoro Town Council,https://www.kamishihoro.jp/gikai/,kamishihoro.jp,
constitutional_court,Kamishihoro,https://www.kamishihoro.jp/,kamishihoro.jp,
constitutional_court,Secretariat to Audit and Inspection Commissioners of the Tokyo Metropolitan Government,https://www.kansa.metro.tokyo.lg.jp/,kansa.metro.tokyo.lg.jp,central-1
constitutional_court,Cabinet of Japan,https://www.kantei.go.jp/jp/naikaku/,kantei.go.jp,central
constitutional_court,Katsurao,https://www.katsurao.org/,katsurao.org,
constitutional_court,Kawabe,https://www.kawabe-gifu.jp/,kawabe-gifu.jp,
constitutional_court,Kawatana,https://www.kawatana.jp/,kawatana.jp,
constitutional_court,Kawauchi,http://www.kawauchimura.jp/,kawauchimura.jp,
constitutional_court,Kazamaura,https://www.kazamaura.jp/,kazamaura.jp,
constitutional_court,Kesennuma,https://www.kesennuma.miyagi.jp/,kesennuma.miyagi.jp,
constitutional_court,Q24793584,http://www.kh119.jp/~honbu/,kh119.jp,
constitutional_court,Kimotsuki,https://www.kimotsuki-town.jp/,kimotsuki-town.jp,
constitutional_court,Kitagawa,https://www.kitagawamura.jp/,kitagawamura.jp,
constitutional_court,Tamaki,https://kizuna.town.tamaki.mie.jp/,kizuna.town.tamaki.mie.jp,
constitutional_court,Kyoto National Highway Office,https://www.kkr.mlit.go.jp/kyoto/,kkr.mlit.go.jp,central-1
constitutional_court,Shiga National Highway Office,https://www.kkr.mlit.go.jp/shiga/,kkr.mlit.go.jp,central-1
ministry,Oku Kōmyōen Sanatorium,http://www.komyoen.go.jp/,komyoen.go.jp,
ministry,Tokyo Metropolitan Public Safety Commission,https://www.kouaniinkai.metro.tokyo.jp/,kouaniinkai.metro.tokyo.jp,
ministry,Osaka Prefectural Public Safety Commission,https://kouaniinkai.pref.osaka.jp/,kouaniinkai.pref.osaka.jp,
ministry,Tokushima Prefectural Public Safety Commission,https://www.kouaniinkai.pref.tokushima.jp/,kouaniinkai.pref.tokushima.jp,
constitutional_court,Union of Kansai Governments,https://www.kouiki-kansai.jp/,kouiki-kansai.jp,
constitutional_court,Q22125265,http://www.kouiki.shirakawa.jp/,kouiki.shirakawa.jp,
constitutional_court,Q17226931,https://www.koukikourei-nagano.jp/www/index.html,koukikourei-nagano.jp,
constitutional_court,Koumi,https://www.koumi-town.jp/,koumi-town.jp,
constitutional_court,Kōra-chō,https://www.kouratown.jp/,kouratown.jp,
constitutional_court,Q60989504,https://www.kuji-kouiki.jp/,kuji-kouiki.jp,
constitutional_court,Kumakogen,https://www.kumakogen.jp/,kumakogen.jp,
constitutional_court,Kuma,https://www.kumamura.com/,kumamura.com,
ministry,Q11489111,https://www.kunaicho.go.jp/about/shisetsu/others/bokujo.html,kunaicho.go.jp,
constitutional_court,Kurihara,https://www.kuriharacity.jp/,kuriharacity.jp,
constitutional_court,Kuromatsunai,http://www.kuromatsunai.com/,kuromatsunai.com,
constitutional_court,Kushiro Subprefecture,http://www.kushiro.pref.hokkaido.lg.jp/,kushiro.pref.hokkaido.lg.jp,
ministry,Tokyo Metropolitan Government Board of Education,https://www.kyoiku.metro.tokyo.lg.jp/,kyoiku.metro.tokyo.lg.jp,
ministry,Kyoto Prefectural Board of Education,https://www.kyoto-be.ne.jp/,kyoto-be.ne.jp,
ministry,Kumamoto Prefectural Board of Education,http://kyouiku.higo.ed.jp/,kyouiku.higo.ed.jp,
ministry,Oita Prefectural Board of Education,http://kyouiku.oita-ed.jp/,kyouiku.oita-ed.jp,
constitutional_court,Matsumoto Region Union,http://www.m-kouiki.or.jp/,m-kouiki.or.jp,local
constitutional_court,Tohoku Regional Agricultural Administration Office,https://www.maff.go.jp/tohoku/,maff.go.jp,central-1
constitutional_court,Kanto Regional Agricultural Administration Office,https://www.maff.go.jp/kanto/,maff.go.jp,central-1
constitutional_court,Kinki Regional Agricultural Administration Office,https://www.maff.go.jp/kinki/,maff.go.jp,central-1
constitutional_court,Chugoku–Shikoku Regional Agricultural Administration Office,https://www.maff.go.jp/chushi/,maff.go.jp,central-1
ministry,"Policy Research Institute,Ministry of Agriculture,Forestry and Fisheries",https://www.maff.go.jp/primaff/,maff.go.jp,
constitutional_court,Hokkaido District Agriculture Office,https://www.maff.go.jp/hokkaido/,maff.go.jp,central-1
ministry,National Veterinary Assay Laboratory,http://www.maff.go.jp/nval/,maff.go.jp,
constitutional_court,Hokuriku Regional Agricultural Administration Office,https://www.maff.go.jp/hokuriku/,maff.go.jp,central-1
constitutional_court,Kyushu Regional Agricultural Administration Office,https://www.maff.go.jp/kyusyu/,maff.go.jp,central-1
ministry,"Ministry of Agriculture, Forestry and Fisheries",https://www.maff.go.jp/,maff.go.jp,
constitutional_court,Tokai Regional Agricultural Administration Office,https://www.maff.go.jp/tokai/,maff.go.jp,central-1
constitutional_court,Naganuma,https://www.maoi-net.jp/,maoi-net.jp,
ministry,Meteorological College,https://www.mc-jma.go.jp/mcjma/index.htm,mc-jma.go.jp,
ministry,Meteorological College,https://www.mc-jma.go.jp/mcjma/en/indexe.htm,mc-jma.go.jp,
constitutional_court,Memuro,https://www.memuro.net/,memuro.net,
ministry,"Ministry of Economy, Trade and Industry",https://www.meti.go.jp/,meti.go.jp,
constitutional_court,Tokyo,https://www.metro.tokyo.lg.jp/,metro.tokyo.lg.jp,
constitutional_court,Tokyo Metropolitan Government,https://www.metro.tokyo.lg.jp,metro.tokyo.lg.jp,central-1
ministry,Japan Sports Agency,https://www.mext.go.jp/sports/,mext.go.jp,
ministry,"Ministry of Education, Culture, Sports, Science and Technology",https://www.mext.go.jp/,mext.go.jp,
supreme_court,Memuro Town Council,https://mgikai.memuro.net/,mgikai.memuro.net,
parliament,Memuro Town Council,https://mgikai.memuro.net/,mgikai.memuro.net,
ministry,Central Labor Relations Commission,https://www.mhlw.go.jp/churoi/,mhlw.go.jp,
ministry,Central Labor Relations Commission,https://www.mhlw.go.jp/english/org/policy/central-labour.html,mhlw.go.jp,
ministry,Suruga Sanatorium,https://www.mhlw.go.jp/seisakunitsuite/bunya/kenkou_iryou/iryou/hansen/suruga/,mhlw.go.jp,
ministry,Matsuoka Hoyōen Sanatorium,https://www.mhlw.go.jp/seisakunitsuite/bunya/kenkou_iryou/iryou/hansen/matuoka/welcome.html,mhlw.go.jp,
ministry,Nagashima Aiseien Sanatorium,https://www.mhlw.go.jp/seisakunitsuite/bunya/kenkou_iryou/iryou/hansen/aiseien/,mhlw.go.jp,
ministry,Ōshima Seishōen Sanatorium,https://www.mhlw.go.jp/seisakunitsuite/bunya/kenkou_iryou/iryou/hansen/osima/,mhlw.go.jp,
ministry,Miyako Nanseien Sanatorium,https://www.mhlw.go.jp/seisakunitsuite/bunya/kenkou_iryou/iryou/hansen/miyako/welcome.html,mhlw.go.jp,
ministry,Tama Zenshōen Sanatorium,https://www.mhlw.go.jp/seisakunitsuite/bunya/kenkou_iryou/iryou/hansen/zenshoen/,mhlw.go.jp,
ministry,Okinawa Airakuen,https://www.mhlw.go.jp/seisakunitsuite/bunya/kenkou_iryou/iryou/hansen/airakuen/site/top.html,mhlw.go.jp,
ministry,Kuryū Rakusen'en Sanatorium,https://www.mhlw.go.jp/seisakunitsuite/bunya/kenkou_iryou/iryou/hansen/kuriu/,mhlw.go.jp,
ministry,Kikuchi Keifūen Sanatorium,https://www.mhlw.go.jp/seisakunitsuite/bunya/kenkou_iryou/iryou/hansen/keifuen/,mhlw.go.jp,
ministry,Hoshizuka Keiaien Sanatorium,https://www.mhlw.go.jp/seisakunitsuite/bunya/kenkou_iryou/iryou/hansen/keiaien/,mhlw.go.jp,
ministry,Amami Wakoen Sanatorium,https://www.mhlw.go.jp/seisakunitsuite/bunya/kenkou_iryou/iryou/hansen/amami/,mhlw.go.jp,
ministry,Oku Kōmyōen Sanatorium,https://www.mhlw.go.jp/seisakunitsuite/bunya/kenkou_iryou/iryou/hansen/komyo/,mhlw.go.jp,
ministry,"Ministry of Health, Labour and Welfare",https://www.mhlw.go.jp,mhlw.go.jp,
constitutional_court,Minamiaiki,https://www.minamiaiki.jp/,minamiaiki.jp,
constitutional_court,Minamiaizu,http://www.minamiaizu.org/,minamiaizu.org,
constitutional_court,Minamimaki,https://www.minamimakimura.jp/,minamimakimura.jp,
constitutional_court,Mishima,http://mishimamura.com/,mishimamura.com,
constitutional_court,Miyoshi,https://www.miyoshi.i-tokushima.jp/,miyoshi.i-tokushima.jp,
constitutional_court,Q21654897,https://www.miyoshikouiki.jp/,miyoshikouiki.jp,
ministry,"Ministry of Land, Infrastructure, Transport and Tourism",https://www.mlit.go.jp/,mlit.go.jp,
ministry,Ministry of Defense,https://www.mod.go.jp/en/,mod.go.jp,
ministry,Ministry of Defense,https://www.mod.go.jp/,mod.go.jp,
ministry,Ministry of Finance of Japan,https://www.mof.go.jp/,mof.go.jp,
ministry,Ministry of Finance of Japan,https://www.mof.go.jp/english/,mof.go.jp,
ministry,Ministry of Foreign Affairs of Japan,https://www.mofa.go.jp/,mofa.go.jp,
ministry,Ministry of Foreign Affairs of Japan,https://www.mofa.go.jp/mofaj/,mofa.go.jp,
constitutional_court,Kanto Regional Correction Headquarters,https://www.moj.go.jp/kyousei1/kyousei08_00101.html,moj.go.jp,
ministry,Ministry of Justice of Japan,https://www.moj.go.jp/,moj.go.jp,
ministry,Fukuoka Detention House,https://www.moj.go.jp/kyousei1/kyousei05_00072.html,moj.go.jp,
ministry,Public Security Examination Commission,https://www.moj.go.jp/kouanshin/kouanshinsa_index.html,moj.go.jp,
ministry,Kobe Detention House,https://www.moj.go.jp/kyousei1/kyousei05_00098.html,moj.go.jp,
constitutional_court,Monbetsu,https://mombetsu.jp/,mombetsu.jp,
ministry,Meteorological Research Institute,https://www.mri-jma.go.jp/index_en.html,mri-jma.go.jp,
ministry,Meteorological Research Institute,http://www.mri-jma.go.jp/index.html,mri-jma.go.jp,
constitutional_court,Nakashibetsu,https://www.nakashibetsu.jp/,nakashibetsu.jp,
constitutional_court,Nakijin,https://www.nakijin.jp/,nakijin.jp,
constitutional_court,Nanmoku,http://www.nanmoku.ne.jp/,nanmoku.ne.jp,
constitutional_court,Q95468378,https://www.nanpu.or.jp/,nanpu.or.jp,
constitutional_court,Q24816794,http://www.nansoufd.sakura.ne.jp,nansoufd.sakura.ne.jp,
constitutional_court,Neba,https://www.nebamura.jp/,nebamura.jp,
constitutional_court,Nemuro Subprefecture,http://www.nemuro.pref.hokkaido.lg.jp/,nemuro.pref.hokkaido.lg.jp,
constitutional_court,Q24847960,http://nfd119.sakura.ne.jp,nfd119.sakura.ne.jp,
ministry,National Institute for Defense Studies,https://www.nids.mod.go.jp/,nids.mod.go.jp,
ministry,National Institute for Educational Policy Research,http://www.nier.go.jp/English/,nier.go.jp,
ministry,National Institute of Health Sciences,https://www.nihs.go.jp/index-j.html,nihs.go.jp,
ministry,National Institute of Infectious Diseases,https://www.niid.jihs.go.jp/,niid.jihs.go.jp,
constitutional_court,Niijima,https://www.niijima.com/,niijima.com,local
constitutional_court,Niikappu,https://www.niikappu.jp/,niikappu.jp,
ministry,National Institute for Land and Infrastructure Management,http://www.nilim.go.jp/english/,nilim.go.jp,
ministry,National Institute of Public Health of Japan,https://www.niph.go.jp/,niph.go.jp,
ministry,National Institute of Public Health of Japan,https://www.niph.go.jp/en/index/,niph.go.jp,
constitutional_court,Nishinomiya,https://www.nishi.or.jp/,nishi.or.jp,
constitutional_court,Nishimeya,https://www.nishimeya.jp/,nishimeya.jp,
ministry,National Institute of Science and Technology Policy,http://www.nistep.go.jp/,nistep.go.jp,
ministry,National Public Safety Commission,https://www.npsc.go.jp/,npsc.go.jp,
ministry,Nuclear Regulation Authority,https://www.nra.go.jp/,nra.go.jp,
ministry,Nuclear Regulation Authority,https://www.nra.go.jp/english/,nra.go.jp,
ministry,National Tax College,https://www.nta.go.jp/about/organization/ntc/index.htm,nta.go.jp,
constitutional_court,Q11552664,https://www.nta.go.jp/about/organization/okinawa/,nta.go.jp,central-1
constitutional_court,Ōdai-chō,https://www.odaitown.jp/,odaitown.jp,
constitutional_court,Shinkamigoto,https://official.shinkamigoto.net/,official.shinkamigoto.net,
constitutional_court,Okinawa General Bureau,https://www.ogb.go.jp/,ogb.go.jp,central-1
constitutional_court,Ojika,http://ojika.net/,ojika.net,
constitutional_court,Okhotsk Subprefecture,http://www.okhotsk.pref.hokkaido.lg.jp,okhotsk.pref.hokkaido.lg.jp,
constitutional_court,Oki Wide Area Union,http://okikouiki.jp/,okikouiki.jp,
constitutional_court,Okunoto Regional Association,https://www.okntkoik.jp/,okntkoik.jp,
constitutional_court,Osaka Waste Management Authority,https://www.osaka-env-paa.jp/,osaka-env-paa.jp,
constitutional_court,Oshima Subprefecture,http://www.oshima.pref.hokkaido.lg.jp/,oshima.pref.hokkaido.lg.jp,
ministry,Kanagawa Prefectural Board of Education,http://www.pen-kanagawa.ed.jp,pen-kanagawa.ed.jp,
ministry,Fukushima Prefectural Public Safety Commission,http://www.police.pref.fukushima.jp/kouan/,police.pref.fukushima.jp,
ministry,Hokkaido Hakodate Area Prefectural Public Safety Commission,https://www.police.pref.hokkaido.lg.jp/00ps/hakodatehonbu/iinkai/kouan-top.html,police.pref.hokkaido.lg.jp,
constitutional_court,Q11396033,http://www.police.pref.hokkaido.lg.jp/guide/menkyo/map/hakodate_map.html,police.pref.hokkaido.lg.jp,local
ministry,Okinawa Prefectural Public Safety Commission,https://www.police.pref.okinawa.jp/kouan/,police.pref.okinawa.jp,
ministry,Saga Prefectural Public Safety Commission,http://www.police.pref.saga.jp/psc.html,police.pref.saga.jp,
ministry,Toyama Prefectural Public Safety Commission,https://police.pref.toyama.jp/shoukai/kouan/index.html,police.pref.toyama.jp,
ministry,Wakayama Prefectural Public Safety Commission,https://www.police.pref.wakayama.lg.jp/koan/,police.pref.wakayama.lg.jp,
ministry,Yamaguchi Prefectual Police Safety Commission,https://www.police.pref.yamaguchi.lg.jp/koan/index.html,police.pref.yamaguchi.lg.jp,
ministry,Personal Information Protection Commission,https://www.ppc.go.jp/en/,ppc.go.jp,
ministry,Personal Information Protection Commission,https://www.ppc.go.jp/,ppc.go.jp,
constitutional_court,Aichi prefectural government,https://www.pref.aichi.jp/global/ch/index.html,pref.aichi.jp,central-1
constitutional_court,Aichi Prefecture,http://www.pref.aichi.jp/global/en/,pref.aichi.jp,
constitutional_court,Aichi prefectural government,https://www.pref.aichi.jp/global/ck/index.html,pref.aichi.jp,central-1
constitutional_court,Aichi prefectural government,https://www.pref.aichi.jp/global/hg/index.html,pref.aichi.jp,central-1
constitutional_court,Aichi prefectural government,https://www.pref.aichi.jp/global/en/index.html,pref.aichi.jp,central-1
constitutional_court,Aichi prefectural government,https://www.pref.aichi.jp,pref.aichi.jp,central-1
constitutional_court,Aichi prefectural government,https://www.pref.aichi.jp/global/sp/index.html,pref.aichi.jp,central-1
constitutional_court,Aichi Prefecture,https://www.pref.aichi.jp/,pref.aichi.jp,
ministry,Aichi Prefectural Public Safety Commission,https://www.pref.aichi.jp/koan/,pref.aichi.jp,
constitutional_court,Aichi prefectural government,https://www.pref.aichi.jp/global/pt/index.html,pref.aichi.jp,central-1
constitutional_court,Akita Prefecture,https://www.pref.akita.lg.jp/,pref.akita.lg.jp,
constitutional_court,Aomori Prefecture,https://www.pref.aomori.lg.jp/foreigners/,pref.aomori.lg.jp,
constitutional_court,Aomori Prefecture,https://www.pref.aomori.lg.jp/,pref.aomori.lg.jp,
constitutional_court,Chiba Prefecture,https://www.pref.chiba.lg.jp/,pref.chiba.lg.jp,
constitutional_court,Chiba Prefectural Government,https://www.pref.chiba.lg.jp/,pref.chiba.lg.jp,central-1
constitutional_court,Ehime prefectural government,https://www.pref.ehime.jp/,pref.ehime.jp,central-1
constitutional_court,Ehime Prefecture,https://www.pref.ehime.jp,pref.ehime.jp,
ministry,Fukushima Prefectural Board of Education,http://www.pref.fks.ed.jp/,pref.fks.ed.jp,
constitutional_court,Fukui Prefecture,https://www.pref.fukui.lg.jp/,pref.fukui.lg.jp,
ministry,Fukui Prefectural Public Safety Commission,http://www.pref.fukui.lg.jp/kouaniinkai/toppage.html,pref.fukui.lg.jp,
constitutional_court,Fukuoka Prefecture,https://www.pref.fukuoka.lg.jp/site/english/,pref.fukuoka.lg.jp,
ministry,Fukuoka Prefectural Board of Education,http://www.pref.fukuoka.lg.jp/soshiki/2100000.html,pref.fukuoka.lg.jp,
constitutional_court,Fukuoka Prefecture,https://www.pref.fukuoka.lg.jp/,pref.fukuoka.lg.jp,
constitutional_court,Fukuoka prefectural government,https://www.pref.fukuoka.lg.jp/,pref.fukuoka.lg.jp,central-1
constitutional_court,Fukuoka Prefecture,https://www.pref.fukuoka.lg.jp/site/japanese/,pref.fukuoka.lg.jp,
constitutional_court,Fukushima Prefecture,https://www.pref.fukushima.lg.jp/,pref.fukushima.lg.jp,
constitutional_court,Fukushima Prefecture,http://www.pref.fukushima.lg.jp/site/portal-es/,pref.fukushima.lg.jp,
constitutional_court,Gifu Prefecture,https://www.pref.gifu.lg.jp/site/english/,pref.gifu.lg.jp,
constitutional_court,Gifu Prefecture,https://www.pref.gifu.lg.jp/site/vietnam/,pref.gifu.lg.jp,
constitutional_court,Gifu Prefecture,https://www.pref.gifu.lg.jp/,pref.gifu.lg.jp,
constitutional_court,Gifu Prefecture,https://www.pref.gifu.lg.jp/site/chinese/,pref.gifu.lg.jp,
constitutional_court,Gifu Prefecture,https://www.pref.gifu.lg.jp/site/tagalog/,pref.gifu.lg.jp,
ministry,Gifu Prefectural Board of Education,http://www.pref.gifu.lg.jp/kensei/kakushu-iinkai/kyoiku-iinkai/,pref.gifu.lg.jp,
constitutional_court,Gifu Prefecture,https://www.pref.gifu.lg.jp/site/portugues/,pref.gifu.lg.jp,
constitutional_court,Gunma Prefecture,https://www.pref.gunma.jp/,pref.gunma.jp,
constitutional_court,Gunma prefectural government,https://www.pref.gunma.jp/,pref.gunma.jp,central-1
ministry,Gunma Prefectural Board of Education,http://www.pref.gunma.jp/03/x0110001.html,pref.gunma.jp,
ministry,Hiroshima Prefectural Public Safety Commission,https://www.pref.hiroshima.lg.jp/site/kouan/,pref.hiroshima.lg.jp,
constitutional_court,Hiroshima Prefecture,https://www.pref.hiroshima.lg.jp/,pref.hiroshima.lg.jp,
constitutional_court,Hokkaido Government,https://www.pref.hokkaido.lg.jp,pref.hokkaido.lg.jp,central-1
constitutional_court,Hokkaidō,https://www.pref.hokkaido.lg.jp/,pref.hokkaido.lg.jp,
constitutional_court,Ibaraki Prefecture,https://www.pref.ibaraki.jp/site/foreign-language/,pref.ibaraki.jp,
constitutional_court,Ibaraki Prefecture,https://www.pref.ibaraki.jp/,pref.ibaraki.jp,
constitutional_court,Ishikawa Prefecture,https://www.pref.ishikawa.lg.jp/foreign/pt/,pref.ishikawa.lg.jp,
constitutional_court,Ishikawa Prefecture,https://www.pref.ishikawa.lg.jp/foreign/en/,pref.ishikawa.lg.jp,
constitutional_court,Ishikawa Prefecture,https://www.pref.ishikawa.lg.jp/foreign/kr/,pref.ishikawa.lg.jp,
constitutional_court,Ishikawa Prefecture,https://www.pref.ishikawa.lg.jp/foreign/cn/,pref.ishikawa.lg.jp,
constitutional_court,Ishikawa Prefecture,https://www.pref.ishikawa.lg.jp/foreign/ru/,pref.ishikawa.lg.jp,
constitutional_court,Ishikawa Prefecture,https://www.pref.ishikawa.lg.jp/,pref.ishikawa.lg.jp,
constitutional_court,Ishikawa prefectural government,https://www.pref.ishikawa.lg.jp/,pref.ishikawa.lg.jp,central-1
constitutional_court,Iwate Prefecture,https://www.pref.iwate.jp/,pref.iwate.jp,
constitutional_court,Iwate Prefecture,https://www.pref.iwate.jp/kyouikubunka/kokusai/1007293/,pref.iwate.jp,
constitutional_court,Iwate prefectural government,https://www.pref.iwate.jp/,pref.iwate.jp,central-1
constitutional_court,Iwate Prefecture,https://www.pref.iwate.jp/kyouikubunka/kokusai/1006971/,pref.iwate.jp,
ministry,Kagawa Prefectural Board of Education,http://www.pref.kagawa.jp/kenkyoui/,pref.kagawa.jp,
constitutional_court,Kagawa Prefecture,https://www.pref.kagawa.lg.jp/,pref.kagawa.lg.jp,
constitutional_court,Ōshima Subprefecture,http://www.pref.kagoshima.jp/chiiki/oshima/,pref.kagoshima.jp,
constitutional_court,Kagoshima prefectural government,https://www.pref.kagoshima.jp,pref.kagoshima.jp,central-1
constitutional_court,Kagoshima Prefecture,https://www.pref.kagoshima.jp,pref.kagoshima.jp,
constitutional_court,Kanagawa Prefectural Youth Center,https://www.pref.kanagawa.jp/div/0230/index.html,pref.kanagawa.jp,
constitutional_court,Kanagawa Prefectural Government,https://www.pref.kanagawa.jp/,pref.kanagawa.jp,central-1
constitutional_court,Kanagawa Gender Equality Center,https://www.pref.kanagawa.jp/docs/x2t/top.html,pref.kanagawa.jp,
constitutional_court,Kanagawa Prefecture,https://www.pref.kanagawa.jp/,pref.kanagawa.jp,
constitutional_court,Kōchi Prefecture,https://www.pref.kochi.lg.jp/,pref.kochi.lg.jp,
constitutional_court,Kōchi Prefecture,https://www.pref.kochi.lg.jp/chinese/,pref.kochi.lg.jp,
constitutional_court,Kōchi Prefecture,https://www.pref.kochi.lg.jp/korean/,pref.kochi.lg.jp,
constitutional_court,Kōchi Prefecture,https://www.pref.kochi.lg.jp/english/,pref.kochi.lg.jp,
constitutional_court,Kumamoto prefectural government,https://www.pref.kumamoto.jp/,pref.kumamoto.jp,central-1
constitutional_court,Kumamoto Prefecture,https://www.pref.kumamoto.jp/,pref.kumamoto.jp,
constitutional_court,Kyōto prefectural government,https://www.pref.kyoto.jp,pref.kyoto.jp,central-1
constitutional_court,Kyoto Prefecture,https://www.pref.kyoto.jp/,pref.kyoto.jp,
ministry,Mie Prefecture Board of Education,http://www.pref.mie.lg.jp/kyoiku/hp/,pref.mie.lg.jp,
constitutional_court,Mie Prefecture,https://www.pref.mie.lg.jp/,pref.mie.lg.jp,
constitutional_court,Miyagi Prefecture,https://www.pref.miyagi.jp/,pref.miyagi.jp,
constitutional_court,Miyazaki Prefectural Government,https://www.pref.miyazaki.lg.jp/,pref.miyazaki.lg.jp,central-1
constitutional_court,Miyazaki Prefecture,https://www.pref.miyazaki.lg.jp/,pref.miyazaki.lg.jp,
constitutional_court,Nagano Prefecture,https://www.pref.nagano.lg.jp/kokusai/government/chinese/,pref.nagano.lg.jp,
constitutional_court,Nagano Prefecture,https://www.pref.nagano.lg.jp/government/,pref.nagano.lg.jp,
constitutional_court,Nagano Prefecture,https://www.pref.nagano.lg.jp/kokusai/government/english/,pref.nagano.lg.jp,
ministry,Nagano Prefectural Board of Education,http://www.pref.nagano.lg.jp/kyoiku/kyoiku/,pref.nagano.lg.jp,
constitutional_court,Nagano Prefecture,https://www.pref.nagano.lg.jp/,pref.nagano.lg.jp,
constitutional_court,Nagasaki Prefecture,https://www.pref.nagasaki.jp/pub/english/,pref.nagasaki.jp,
constitutional_court,Nagasaki Prefecture,https://www.pref.nagasaki.jp/pub/chinese/,pref.nagasaki.jp,
constitutional_court,Nagasaki Prefecture,https://www.pref.nagasaki.jp/pub/korean/,pref.nagasaki.jp,
constitutional_court,Nagasaki Prefecture,https://www.pref.nagasaki.jp/,pref.nagasaki.jp,
constitutional_court,Nara prefectural government,https://www.pref.nara.jp/,pref.nara.jp,central-1
ministry,Nara Prefectural Board of Education,http://www.pref.nara.jp/kyoiku/,pref.nara.jp,
constitutional_court,Nara Prefecture,https://www.pref.nara.jp/,pref.nara.jp,
constitutional_court,Niigata Prefecture,https://www.pref.niigata.lg.jp/sec/kokusai/kor-index.html,pref.niigata.lg.jp,
constitutional_court,Niigata Prefecture,https://www.pref.niigata.lg.jp/sec/kokusai/chs-index.html,pref.niigata.lg.jp,
constitutional_court,Niigata Prefecture,https://www.pref.niigata.lg.jp/,pref.niigata.lg.jp,
constitutional_court,Niigata Prefecture,https://www.pref.niigata.lg.jp/sec/kokusai/mongolian-main.html,pref.niigata.lg.jp,
ministry,Niigata Prefectural Board of Education,http://www.pref.niigata.lg.jp/kyoiku.html,pref.niigata.lg.jp,
constitutional_court,Niigata Prefecture,https://www.pref.niigata.lg.jp/sec/kokusai/rus-index.html,pref.niigata.lg.jp,
constitutional_court,Niigata prefectural government,https://www.pref.niigata.lg.jp/,pref.niigata.lg.jp,central-1
constitutional_court,Niigata Prefecture,https://www.pref.niigata.lg.jp/sec/kokusai/cht-index.html,pref.niigata.lg.jp,
constitutional_court,Niigata Prefecture,https://www.pref.niigata.lg.jp/sec/kokusai/vietnam-main.html,pref.niigata.lg.jp,
constitutional_court,Niigata Prefecture,https://www.pref.niigata.lg.jp/sec/kokusai/en-index.html,pref.niigata.lg.jp,
constitutional_court,Ōita Prefectural Government,https://www.pref.oita.jp/,pref.oita.jp,central-1
constitutional_court,Ōita Prefecture,https://www.pref.oita.jp/,pref.oita.jp,
constitutional_court,Okayama Prefecture,https://www.pref.okayama.jp/page/298933.html,pref.okayama.jp,
constitutional_court,Okayama Prefecture,https://www.pref.okayama.jp/,pref.okayama.jp,
constitutional_court,Okayama Prefecture,https://www.pref.okayama.jp/page/298936.html,pref.okayama.jp,
ministry,Okayama Prefectural Public Safety Commission,http://www.pref.okayama.jp/kouaniinkai/toppage.htm,pref.okayama.jp,
constitutional_court,Okayama Prefecture,https://www.pref.okayama.jp/page/298932.html,pref.okayama.jp,
ministry,Okinawa Prefectural Board of Education,http://www.pref.okinawa.jp/edu/,pref.okinawa.jp,
constitutional_court,Okinawa Prefectural Government,https://www.pref.okinawa.lg.jp/site/chijiko/kohokoryu/foreign/spanish/index.html,pref.okinawa.lg.jp,central-1
constitutional_court,Okinawa Prefectural Government,https://www.pref.okinawa.lg.jp/index.html,pref.okinawa.lg.jp,central-1
constitutional_court,Okinawa Prefectural Government,https://www.pref.okinawa.lg.jp/site/chijiko/kohokoryu/foreign/chinese-t/index.html,pref.okinawa.lg.jp,central-1
constitutional_court,Okinawa Prefecture,https://www.pref.okinawa.lg.jp/site/chijiko/kohokoryu/foreign/korean/,pref.okinawa.lg.jp,
constitutional_court,Okinawa Prefecture,https://www.pref.okinawa.lg.jp/,pref.okinawa.lg.jp,
constitutional_court,Okinawa Prefecture,https://www.pref.okinawa.lg.jp/site/chijiko/kohokoryu/foreign/chinese-s/,pref.okinawa.lg.jp,
constitutional_court,Okinawa Prefecture,https://www.pref.okinawa.lg.jp/site/chijiko/kohokoryu/foreign/spanish/,pref.okinawa.lg.jp,
constitutional_court,Okinawa Prefecture,https://www.pref.okinawa.lg.jp/site/chijiko/kohokoryu/foreign/chinese-t/,pref.okinawa.lg.jp,
constitutional_court,Okinawa Prefectural Government,https://www.pref.okinawa.lg.jp/site/chijiko/kohokoryu/foreign/english/index.html,pref.okinawa.lg.jp,central-1
constitutional_court,Okinawa Prefectural Government,https://www.pref.okinawa.lg.jp/site/chijiko/kohokoryu/foreign/chinese-s/index.html,pref.okinawa.lg.jp,central-1
constitutional_court,Okinawa Prefecture,https://www.pref.okinawa.lg.jp/site/chijiko/kohokoryu/foreign/english/,pref.okinawa.lg.jp,
constitutional_court,Okinawa Prefectural Government,https://www.pref.okinawa.lg.jp/site/chijiko/kohokoryu/foreign/korean/index.html,pref.okinawa.lg.jp,central-1
ministry,Osaka Prefectural Board of Education,http://www.pref.osaka.jp/,pref.osaka.jp,
constitutional_court,Ōsaka Prefectural Government,https://www.pref.osaka.lg.jp/,pref.osaka.lg.jp,central-1
constitutional_court,Osaka Prefecture,https://www.pref.osaka.lg.jp/,pref.osaka.lg.jp,
constitutional_court,Osaka Prefecture,https://www.pref.osaka.lg.jp.c.agb.hpcn.transer-cn.com/default.html,pref.osaka.lg.jp.c.agb.hpcn.transer-cn.com,
constitutional_court,Osaka Prefecture,https://www.pref.osaka.lg.jp.e.agb.hp.transer.com/default.html,pref.osaka.lg.jp.e.agb.hp.transer.com,
constitutional_court,Osaka Prefecture,https://www.pref.osaka.lg.jp.f.agb.hp.transer.com/default.html,pref.osaka.lg.jp.f.agb.hp.transer.com,
constitutional_court,Osaka Prefecture,https://www.pref.osaka.lg.jp.g.agb.hp.transer.com/default.html,pref.osaka.lg.jp.g.agb.hp.transer.com,
constitutional_court,Osaka Prefecture,https://www.pref.osaka.lg.jp.i.agb.hp.transer.com/default.html,pref.osaka.lg.jp.i.agb.hp.transer.com,
constitutional_court,Osaka Prefecture,https://www.pref.osaka.lg.jp.id.agb.hp.transer.com/default.html,pref.osaka.lg.jp.id.agb.hp.transer.com,
constitutional_court,Osaka Prefecture,https://www.pref.osaka.lg.jp.k.agb.hp.transer.com/default.html,pref.osaka.lg.jp.k.agb.hp.transer.com,
constitutional_court,Osaka Prefecture,https://www.pref.osaka.lg.jp.p.agb.hp.transer.com/default.html,pref.osaka.lg.jp.p.agb.hp.transer.com,
constitutional_court,Osaka Prefecture,https://www.pref.osaka.lg.jp.s.agb.hp.transer.com/default.html,pref.osaka.lg.jp.s.agb.hp.transer.com,
constitutional_court,Osaka Prefecture,https://www.pref.osaka.lg.jp.th.agb.hp.transer.com/default.html,pref.osaka.lg.jp.th.agb.hp.transer.com,
constitutional_court,Osaka Prefecture,https://www.pref.osaka.lg.jp.v.agb.hp.transer.com/default.html,pref.osaka.lg.jp.v.agb.hp.transer.com,
constitutional_court,Saga Prefecture,https://www.pref.saga.lg.jp/,pref.saga.lg.jp,
constitutional_court,Saitama Prefecture,https://www.pref.saitama.lg.jp/,pref.saitama.lg.jp,
constitutional_court,Saitama Prefecture,https://www.pref.saitama.lg.jp/korean/,pref.saitama.lg.jp,
ministry,Saitama Board of Education,https://www.pref.saitama.lg.jp/kyoiku/,pref.saitama.lg.jp,
constitutional_court,Saitama Prefecture,https://www.pref.saitama.lg.jp/english/,pref.saitama.lg.jp,
constitutional_court,Saitama Prefecture,https://www.pref.saitama.lg.jp/a0306/yasashi-nihongo/,pref.saitama.lg.jp,
constitutional_court,Saitama Prefecture,https://www.pref.saitama.lg.jp/chinese/,pref.saitama.lg.jp,
constitutional_court,Shiga Prefecture,https://www.pref.shiga.lg.jp/,pref.shiga.lg.jp,
constitutional_court,Shimane Prefecture,https://www.pref.shimane.lg.jp/,pref.shimane.lg.jp,
ministry,Shimane-ken Kyōiku Iinkai,https://www.pref.shimane.lg.jp/kyoikuiinkai/,pref.shimane.lg.jp,
constitutional_court,Shimane prefectural government,https://www.pref.shimane.lg.jp/,pref.shimane.lg.jp,central-1
ministry,Shimane Prefectural Public Safety Commission,http://www.pref.shimane.lg.jp/spc/,pref.shimane.lg.jp,
ministry,Shizuoka Prefectural Board of Education,http://www.pref.shizuoka.jp/kyouiku/,pref.shizuoka.jp,
constitutional_court,Shizuoka Prefectural Government,https://www.pref.shizuoka.jp/index.html,pref.shizuoka.jp,central-1
constitutional_court,Shizuoka Prefecture,https://www.pref.shizuoka.jp,pref.shizuoka.jp,
constitutional_court,Tochigi prefectural government,https://www.pref.tochigi.lg.jp/english/foreignlanguage.html,pref.tochigi.lg.jp,central-1
constitutional_court,Tochigi Prefecture,https://www.pref.tochigi.lg.jp/,pref.tochigi.lg.jp,
constitutional_court,Tochigi prefectural government,https://www.pref.tochigi.lg.jp/,pref.tochigi.lg.jp,central-1
constitutional_court,Tokushima Prefecture,https://www.pref.tokushima.lg.jp/cn/japanese/,pref.tokushima.lg.jp,
constitutional_court,Tokushima Prefecture,https://www.pref.tokushima.lg.jp/en/japanese/,pref.tokushima.lg.jp,
constitutional_court,Tokushima Prefecture,https://www.pref.tokushima.lg.jp/de/japanese/,pref.tokushima.lg.jp,
constitutional_court,Tokushima Prefecture,https://www.pref.tokushima.lg.jp/,pref.tokushima.lg.jp,
constitutional_court,Tokushima Prefecture,https://www.pref.tokushima.lg.jp/ko/japanese/,pref.tokushima.lg.jp,
constitutional_court,Tokushima Prefecture,https://www.pref.tokushima.lg.jp/tw/japanese/,pref.tokushima.lg.jp,
constitutional_court,Tottori prefectural government,https://www.pref.tottori.lg.jp/,pref.tottori.lg.jp,central-1
constitutional_court,Tottori Prefecture,https://www.pref.tottori.lg.jp/,pref.tottori.lg.jp,
constitutional_court,Toyama prefectural government,https://www.pref.toyama.jp/,pref.toyama.jp,central-1
constitutional_court,Toyama Prefecture,https://www.pref.toyama.jp/,pref.toyama.jp,
constitutional_court,Wakayama Prefecture,https://www.pref.wakayama.lg.jp/bcms/english/,pref.wakayama.lg.jp,
constitutional_court,Wakayama Prefecture,https://www.pref.wakayama.lg.jp/bcms/chinese/,pref.wakayama.lg.jp,
constitutional_court,Wakayama Prefecture,https://www.pref.wakayama.lg.jp/,pref.wakayama.lg.jp,
constitutional_court,Wakayama Prefecture,https://www.pref.wakayama.lg.jp/bcms/korean/,pref.wakayama.lg.jp,
ministry,Wakayama Prefectural Board of Education,http://www.pref.wakayama.lg.jp/prefg/500900/,pref.wakayama.lg.jp,
constitutional_court,Q121097898,https://www.pref.wakayama.lg.jp/prefg/130100/kaisou.html,pref.wakayama.lg.jp,
constitutional_court,Yamagata Prefecture,https://www.pref.yamagata.jp/,pref.yamagata.jp,
constitutional_court,Shōnai Subprefecture,https://www.pref.yamagata.jp/kensei/shoukai/about/sougoushichou/nyuusatsujouhou/index.html,pref.yamagata.jp,local
ministry,Yamagata Prefectural Public Safety Commission,http://www.pref.yamagata.jp/ou/koan/,pref.yamagata.jp,
constitutional_court,Yamagata prefectural government,https://www.pref.yamagata.jp/,pref.yamagata.jp,central-1
constitutional_court,Yamaguchi Prefecture,https://www.pref.yamaguchi.lg.jp/foreign/english/,pref.yamaguchi.lg.jp,
constitutional_court,Yamaguchi Prefecture,https://www.pref.yamaguchi.lg.jp/foreign/korean/,pref.yamaguchi.lg.jp,
constitutional_court,Yamaguchi Prefecture,https://www.pref.yamaguchi.lg.jp/foreign/chinese/,pref.yamaguchi.lg.jp,
constitutional_court,Yamaguchi prefectural government,https://www.pref.yamaguchi.lg.jp/,pref.yamaguchi.lg.jp,central-1
constitutional_court,Yamaguchi Prefecture,https://www.pref.yamaguchi.lg.jp/foreign/spanish/,pref.yamaguchi.lg.jp,
constitutional_court,Yamaguchi Prefecture,https://www.pref.yamaguchi.lg.jp/,pref.yamaguchi.lg.jp,
constitutional_court,Yamanashi Prefecture,https://www.pref.yamanashi.jp/foreign/,pref.yamanashi.jp,
ministry,Yamanashi Prefectural Board of Education,https://www.pref.yamanashi.jp/gakkosui/nyuusi/h27nyuushi.html,pref.yamanashi.jp,
ministry,Yamanashi Prefectural Public Safety Commission,http://www.pref.yamanashi.jp/police/kouaniinkai/,pref.yamanashi.jp,
constitutional_court,Yamanashi prefectural government,https://www.pref.yamanashi.jp/,pref.yamanashi.jp,central-1
constitutional_court,Yamanashi Prefecture,https://www.pref.yamanashi.jp/,pref.yamanashi.jp,
constitutional_court,Kyushu Regional Development Bureau,http://www.qsr.mlit.go.jp/,qsr.mlit.go.jp,central-1
constitutional_court,Rausu,https://www.rausu-town.jp/,rausu-town.jp,
ministry,National Rehabilitation Center for Persons with Disabilities,https://www.rehab.go.jp/,rehab.go.jp,
constitutional_court,Reihoku,https://reihoku-kumamoto.jp/,reihoku-kumamoto.jp,
constitutional_court,Rikubetsu,https://www.rikubetsu.jp/,rikubetsu.jp,
supreme_court,Rikubetsu Town Council,https://www.rikubetsu.jp/gikai/,rikubetsu.jp,
parliament,Rikubetsu Town Council,https://www.rikubetsu.jp/gikai/,rikubetsu.jp,
constitutional_court,Kyushu Regional Forest Office,https://www.rinya.maff.go.jp/kyusyu/,rinya.maff.go.jp,central-1
constitutional_court,Rokkasho,https://www.rokkasho.jp/,rokkasho.jp,
constitutional_court,Rumoi Subprefecture,http://www.rumoi.pref.hokkaido.lg.jp/,rumoi.pref.hokkaido.lg.jp,
constitutional_court,Q108743731,https://www.safety-naha.meti.go.jp/,safety-naha.meti.go.jp,central-1
constitutional_court,Traffic Safety Museum,http://safety-toyama.or.jp/museum/,safety-toyama.or.jp,
constitutional_court,Samani,http://www.samani.jp/,samani.jp,
supreme_court,National Diet,http://www.sangiin.go.jp/eng/index.htm,sangiin.go.jp,central
parliament,National Diet,http://www.sangiin.go.jp/eng/index.htm,sangiin.go.jp,central
constitutional_court,Q22127220,http://www.sankankouiki.jp/,sankankouiki.jp,
constitutional_court,Sarabetsu,https://www.sarabetsu.jp/,sarabetsu.jp,
parliament,Sarabetsu Village Council,https://www.sarabetsu.jp/gikai/,sarabetsu.jp,
supreme_court,Sarabetsu Village Council,https://www.sarabetsu.jp/gikai/,sarabetsu.jp,
constitutional_court,Satsuma,https://www.satsuma-net.jp/,satsuma-net.jp,
constitutional_court,Saza,https://www.sazacho-nagasaki.jp/,sazacho-nagasaki.jp,
constitutional_court,Q24817291,https://sharifd.jp,sharifd.jp,
constitutional_court,Shibetsu,https://www.shibetsutown.jp/,shibetsutown.jp,
constitutional_court,Shichigahama,https://www.shichigahama.com/,shichigahama.com,
constitutional_court,Shihoro,https://www.shihoro.jp/,shihoro.jp,
supreme_court,Shihoro Town Council,https://www.shihoro.jp/assembly/,shihoro.jp,
parliament,Shihoro Town Council,https://www.shihoro.jp/assembly/,shihoro.jp,
constitutional_court,Shinchi,https://www.shinchi-town.jp/,shinchi-town.jp,
constitutional_court,Shinhidaka,https://www.shinhidaka-hokkaido.jp/,shinhidaka-hokkaido.jp,
parliament,Shintoku Town Council,https://www.shintoku-town.jp/gyousei/gikai/,shintoku-town.jp,
constitutional_court,Shintoku,https://www.shintoku-town.jp/,shintoku-town.jp,
supreme_court,Shintoku Town Council,https://www.shintoku-town.jp/gyousei/gikai/,shintoku-town.jp,
constitutional_court,Shirakawa,https://www.shirakawa-go.org/,shirakawa-go.org,
constitutional_court,Shiribeshi Subprefecture,http://www.shiribeshi.pref.hokkaido.lg.jp/,shiribeshi.pref.hokkaido.lg.jp,
constitutional_court,Sorachi Subprefecture,http://www.sorachi.pref.hokkaido.lg.jp/,sorachi.pref.hokkaido.lg.jp,
ministry,Ministry of Internal Affairs and Communications,https://www.soumu.go.jp/english/index.html,soumu.go.jp,
constitutional_court,Okinawa Office of Telecommunications,https://www.soumu.go.jp/soutsu/okinawa/,soumu.go.jp,central-1
constitutional_court,Kinki Bureau of Telecommunications,https://www.soumu.go.jp/soutsu/kinki/,soumu.go.jp,central-1
ministry,Environmental Dispute Coordination Commission,https://www.soumu.go.jp/kouchoi/,soumu.go.jp,
constitutional_court,Kanto Bureau of Telecommunications,https://www.soumu.go.jp/soutsu/kanto/,soumu.go.jp,central-1
ministry,Ministry of Internal Affairs and Communications,https://www.soumu.go.jp/,soumu.go.jp,
ministry,Local Autonomy College,https://www.soumu.go.jp/jitidai/index.htm,soumu.go.jp,
constitutional_court,Q124739026,https://www.soumu.go.jp/kanku/okinawa.html,soumu.go.jp,central-1
constitutional_court,Hachijō Subprefecture,https://www.soumu.metro.tokyo.lg.jp/09hatijou/,soumu.metro.tokyo.lg.jp,
constitutional_court,Ōshima Subprefecture,https://www.soumu.metro.tokyo.lg.jp/11osima/,soumu.metro.tokyo.lg.jp,
constitutional_court,Ogasawara Subprefecture,https://www.soumu.metro.tokyo.lg.jp/07ogasawara/,soumu.metro.tokyo.lg.jp,
constitutional_court,Miyake Subprefecture,https://www.soumu.metro.tokyo.lg.jp/14miyake/miyakehp/,soumu.metro.tokyo.lg.jp,
constitutional_court,Soya Subprefecture,http://www.souya.pref.hokkaido.lg.jp/,souya.pref.hokkaido.lg.jp,
constitutional_court,Q11614772,http://takifire.com,takifire.com,
constitutional_court,Tano,https://tanocho.jp/,tanocho.jp,
constitutional_court,Teshio,https://www.teshiotown.hokkaido.jp/,teshiotown.hokkaido.jp,
constitutional_court,Mihama,https://tiktocoins.info/,tiktocoins.info,
ministry,Tōhoku Shinseien Sanatorium,http://www.tohoku-shinseien.com/,tohoku-shinseien.com,
constitutional_court,Q11526169,http://tohoku.env.go.jp/,tohoku.env.go.jp,central-1
constitutional_court,Tokachi Subprefecture,http://www.tokachi.pref.hokkaido.lg.jp/,tokachi.pref.hokkaido.lg.jp,
constitutional_court,Toshima,http://www.tokara.jp/,tokara.jp,
constitutional_court,Tokunoshima,https://www.tokunoshima-town.org/,tokunoshima-town.org,
constitutional_court,Q11525322,https://www.tokyo-ikiiki.net/,tokyo-ikiiki.net,
constitutional_court,Tomioka,https://www.tomioka-town.jp/,tomioka-town.jp,
constitutional_court,Tomiya,https://www.tomiya-city.miyagi.jp/,tomiya-city.miyagi.jp,
constitutional_court,Toshima,https://www.toshimamura.org/,toshimamura.org,local
constitutional_court,Kawasaki,https://www.town-kawasaki.com/,town-kawasaki.com,
constitutional_court,Kiso,https://www.town-kiso.com/,town-kiso.com,
constitutional_court,Kōfu-chō,https://www.town-kofu.jp/,town-kofu.jp,
constitutional_court,Kyōgoku-chō,https://www.town-kyogoku.jp/,town-kyogoku.jp,
constitutional_court,Ōno-chō,https://www.town-ono.jp/,town-ono.jp,
constitutional_court,Takachiho,https://www.town-takachiho.jp/,town-takachiho.jp,
constitutional_court,Abira,https://www.town.abira.lg.jp/,town.abira.lg.jp,
constitutional_court,Abu,https://www.town.abu.lg.jp/,town.abu.lg.jp,
constitutional_court,Aga,https://www.town.aga.niigata.jp/,town.aga.niigata.jp,
constitutional_court,Agematsu,https://www.town.agematsu.nagano.jp/,town.agematsu.nagano.jp,
constitutional_court,Agui,https://www.town.agui.lg.jp/,town.agui.lg.jp,
constitutional_court,Aibetsu,https://www.town.aibetsu.hokkaido.jp/,town.aibetsu.hokkaido.jp,
constitutional_court,Higashiura,https://www.town.aichi-higashiura.lg.jp/,town.aichi-higashiura.lg.jp,
constitutional_court,Mihama,https://www.town.aichi-mihama.lg.jp/,town.aichi-mihama.lg.jp,
constitutional_court,Tōgō-chō,https://www.town.aichi-togo.lg.jp/,town.aichi-togo.lg.jp,
constitutional_court,Aikawa,https://www.town.aikawa.kanagawa.jp/,town.aikawa.kanagawa.jp,
constitutional_court,Ainan,https://www.town.ainan.ehime.jp/,town.ainan.ehime.jp,
constitutional_court,Aisho,https://www.town.aisho.shiga.jp/,town.aisho.shiga.jp,
constitutional_court,Aizubange,https://www.town.aizubange.fukushima.jp/,town.aizubange.fukushima.jp,
constitutional_court,Aizumi,https://www.town.aizumi.lg.jp/,town.aizumi.lg.jp,
constitutional_court,Aizumisato,https://www.town.aizumisato.fukushima.jp/,town.aizumisato.fukushima.jp,
constitutional_court,Ajigasawa,https://www.town.ajigasawa.lg.jp/,town.ajigasawa.lg.jp,
constitutional_court,Ama,http://www.town.ama.shimane.jp/,town.ama.shimane.jp,
constitutional_court,Amagi,https://www.town.amagi.lg.jp/,town.amagi.lg.jp,
constitutional_court,Ami,https://www.town.ami.lg.jp/,town.ami.lg.jp,
constitutional_court,Anamizu,https://www.town.anamizu.lg.jp/,town.anamizu.lg.jp,
constitutional_court,Anan,http://www.town.anan.nagano.jp/,town.anan.nagano.jp,
constitutional_court,Ando,https://www.town.ando.nara.jp/,town.ando.nara.jp,
constitutional_court,Anpachi,https://www.town.anpachi.lg.jp/,town.anpachi.lg.jp,
constitutional_court,Nanbu,https://www.town.aomori-nanbu.lg.jp/,town.aomori-nanbu.lg.jp,
constitutional_court,Aridagawa,https://www.town.aridagawa.lg.jp/,town.aridagawa.lg.jp,
constitutional_court,Arita,https://www.town.arita.lg.jp/,town.arita.lg.jp,
constitutional_court,Asagiri,https://www.town.asagiri.lg.jp/,town.asagiri.lg.jp,
constitutional_court,Asahi,https://www.town.asahi.toyama.jp/,town.asahi.toyama.jp,
constitutional_court,Asahi,https://www.town.asahi.yamagata.jp/,town.asahi.yamagata.jp,
constitutional_court,Asakawa,http://www.town.asakawa.fukushima.jp/,town.asakawa.fukushima.jp,
constitutional_court,Ashikita,https://www.town.ashikita.lg.jp/,town.ashikita.lg.jp,
constitutional_court,Ashiya,https://www.town.ashiya.lg.jp/,town.ashiya.lg.jp,
supreme_court,Ashoro Town Council,https://www.town.ashoro.hokkaido.jp/gikai/,town.ashoro.hokkaido.jp,
parliament,Ashoro Town Council,https://www.town.ashoro.hokkaido.jp/gikai/,town.ashoro.hokkaido.jp,
constitutional_court,Ashoro,https://www.town.ashoro.hokkaido.jp/,town.ashoro.hokkaido.jp,
constitutional_court,Assabu,https://www.town.assabu.lg.jp/,town.assabu.lg.jp,
constitutional_court,Atsuma,https://www.town.atsuma.lg.jp/,town.atsuma.lg.jp,
constitutional_court,Aya,https://www.town.aya.miyazaki.jp/,town.aya.miyazaki.jp,
constitutional_court,Ayagawa,https://www.town.ayagawa.lg.jp/,town.ayagawa.lg.jp,
constitutional_court,Bandai,https://www.town.bandai.fukushima.jp/,town.bandai.fukushima.jp,
constitutional_court,Biei,https://town.biei.hokkaido.jp/,town.biei.hokkaido.jp,
constitutional_court,Bifuka,http://www.town.bifuka.hokkaido.jp/,town.bifuka.hokkaido.jp,
constitutional_court,Bihoro,http://www.town.bihoro.hokkaido.jp/,town.bihoro.hokkaido.jp,
constitutional_court,Biratori,https://www.town.biratori.hokkaido.jp/,town.biratori.hokkaido.jp,
constitutional_court,Chikujō-machi,https://www.town.chikujo.fukuoka.jp/,town.chikujo.fukuoka.jp,
constitutional_court,Chikuzen,https://www.town.chikuzen.fukuoka.jp/,town.chikuzen.fukuoka.jp,
constitutional_court,China,https://www.town.china.lg.jp/,town.china.lg.jp,
constitutional_court,Chippubetsu,https://www.town.chippubetsu.hokkaido.jp/,town.chippubetsu.hokkaido.jp,
constitutional_court,Chiyoda,https://www.town.chiyoda.gunma.jp/,town.chiyoda.gunma.jp,
constitutional_court,Chōnan-machi,https://www.town.chonan.chiba.jp/,town.chonan.chiba.jp,
constitutional_court,Daigo,https://www.town.daigo.ibaraki.jp/,town.daigo.ibaraki.jp,
constitutional_court,Echizen,https://www.town.echizen.fukui.jp/,town.echizen.fukui.jp,
constitutional_court,Eiheiji,https://www.town.eiheiji.lg.jp/,town.eiheiji.lg.jp,
constitutional_court,Embetsu,https://www.town.embetsu.hokkaido.jp/,town.embetsu.hokkaido.jp,
constitutional_court,Erimo,https://www.town.erimo.lg.jp/,town.erimo.lg.jp,
constitutional_court,Fuchū-chō,https://www.town.fuchu.hiroshima.jp/,town.fuchu.hiroshima.jp,
constitutional_court,Fujikawa,https://www.town.fujikawa.yamanashi.jp/,town.fujikawa.yamanashi.jp,
constitutional_court,Fujikawaguchiko,https://www.town.fujikawaguchiko.lg.jp/,town.fujikawaguchiko.lg.jp,
constitutional_court,Fujimi,https://www.town.fujimi.lg.jp/,town.fujimi.lg.jp,
constitutional_court,Fujisaki,http://www.town.fujisaki.lg.jp/,town.fujisaki.lg.jp,
constitutional_court,Fujisato,https://www.town.fujisato.akita.jp/,town.fujisato.akita.jp,
constitutional_court,Fukaura,https://www.town.fukaura.lg.jp/,town.fukaura.lg.jp,
constitutional_court,Fukuchi,https://www.town.fukuchi.lg.jp/,town.fukuchi.lg.jp,
constitutional_court,Mihama,https://www.town.fukui-mihama.lg.jp/,town.fukui-mihama.lg.jp,
constitutional_court,Wakasa,https://www.town.fukui-wakasa.lg.jp/,town.fukui-wakasa.lg.jp,
constitutional_court,Fukusaki,https://www.town.fukusaki.hyogo.jp/,town.fukusaki.hyogo.jp,
constitutional_court,Futaba,https://www.town.fukushima-futaba.lg.jp/,town.fukushima-futaba.lg.jp,
constitutional_court,Fukushima,https://www.town.fukushima.hokkaido.jp/,town.fukushima.hokkaido.jp,
constitutional_court,Funagata,https://www.town.funagata.yamagata.jp/,town.funagata.yamagata.jp,
constitutional_court,Furubira,https://www.town.furubira.lg.jp/,town.furubira.lg.jp,
constitutional_court,Furudono,https://www.town.furudono.fukushima.jp/,town.furudono.fukushima.jp,
constitutional_court,Fusō-chō,https://www.town.fuso.lg.jp/,town.fuso.lg.jp,
constitutional_court,Genkai,https://www.town.genkai.lg.jp/,town.genkai.lg.jp,
constitutional_court,Ikeda,https://www.town.gifu-ikeda.lg.jp/,town.gifu-ikeda.lg.jp,
constitutional_court,Ginan,https://www.town.ginan.lg.jp/,town.ginan.lg.jp,
constitutional_court,Gōdo-chō,https://www.town.godo.gifu.jp/,town.godo.gifu.jp,
constitutional_court,Gojōme-machi,https://www.town.gojome.akita.jp/,town.gojome.akita.jp,
constitutional_court,Goka,https://www.town.goka.lg.jp/,town.goka.lg.jp,
constitutional_court,Gokase,https://www.town.gokase.miyazaki.jp/,town.gokase.miyazaki.jp,
constitutional_court,Gonohe,https://www.town.gonohe.aomori.jp/,town.gonohe.aomori.jp,
constitutional_court,Gyokuto,https://www.town.gyokuto.kumamoto.jp/,town.gyokuto.kumamoto.jp,
constitutional_court,Haboro,https://www.town.haboro.lg.jp/,town.haboro.lg.jp,
constitutional_court,Hachijō-machi,https://www.town.hachijo.tokyo.jp/,town.hachijo.tokyo.jp,
constitutional_court,Hachirōgata-machi,https://www.town.hachirogata.akita.jp/,town.hachirogata.akita.jp,
constitutional_court,Haebaru,https://www.town.haebaru.lg.jp/,town.haebaru.lg.jp,
constitutional_court,Hakone,https://www.town.hakone.kanagawa.jp/,town.hakone.kanagawa.jp,
constitutional_court,Hamatonbetsu,http://www.town.hamatonbetsu.hokkaido.jp/,town.hamatonbetsu.hokkaido.jp,
constitutional_court,Hanawa,https://www.town.hanawa.fukushima.jp/,town.hanawa.fukushima.jp,
constitutional_court,Happō-chō,https://www.town.happo.lg.jp/,town.happo.lg.jp,
constitutional_court,Harima,https://www.town.harima.lg.jp/,town.harima.lg.jp,
constitutional_court,Hasami,https://www.town.hasami.lg.jp/,town.hasami.lg.jp,
constitutional_court,Hashikami,https://www.town.hashikami.lg.jp/,town.hashikami.lg.jp,
constitutional_court,Hatoyama,https://www.town.hatoyama.saitama.jp/,town.hatoyama.saitama.jp,
constitutional_court,Hayakawa,https://www.town.hayakawa.yamanashi.jp/,town.hayakawa.yamanashi.jp,
constitutional_court,Hayama,https://www.town.hayama.lg.jp/,town.hayama.lg.jp,
constitutional_court,Hayashima,https://www.town.hayashima.lg.jp/,town.hayashima.lg.jp,
constitutional_court,Heguri,https://www.town.heguri.nara.jp/,town.heguri.nara.jp,
constitutional_court,Hidaka,https://www.town.hidaka.hokkaido.jp/,town.hidaka.hokkaido.jp,
constitutional_court,Hidakagawa,https://www.town.hidakagawa.lg.jp/,town.hidakagawa.lg.jp,
constitutional_court,Higashiagatsuma,https://www.town.higashiagatsuma.gunma.jp/,town.higashiagatsuma.gunma.jp,
constitutional_court,Higashiizu,https://www.town.higashiizu.lg.jp/,town.higashiizu.lg.jp,
constitutional_court,Higashikagura,https://www.town.higashikagura.lg.jp/,town.higashikagura.lg.jp,
constitutional_court,Higashikawa,https://town.higashikawa.hokkaido.jp/,town.higashikawa.hokkaido.jp,
constitutional_court,Higashimiyoshi,https://www.town.higashimiyoshi.lg.jp/,town.higashimiyoshi.lg.jp,
constitutional_court,Higashisonogi,https://www.town.higashisonogi.lg.jp/,town.higashisonogi.lg.jp,
constitutional_court,Hiji,https://www.town.hiji.lg.jp/,town.hiji.lg.jp,
constitutional_court,Hikawa,https://www.town.hikawa.kumamoto.jp/,town.hikawa.kumamoto.jp,
constitutional_court,Hino,https://www.town.hino.tottori.jp/,town.hino.tottori.jp,
constitutional_court,Hinode,https://www.town.hinode.tokyo.jp/,town.hinode.tokyo.jp,
constitutional_court,Hinokage,https://www.town.hinokage.lg.jp/,town.hinokage.lg.jp,
constitutional_court,Hiraizumi,https://www.town.hiraizumi.iwate.jp/,town.hiraizumi.iwate.jp,
constitutional_court,Hiranai,https://www.town.hiranai.aomori.jp/,town.hiranai.aomori.jp,
constitutional_court,Hirao,https://www.town.hirao.lg.jp/,town.hirao.lg.jp,
constitutional_court,Hirogawa,https://www.town.hirogawa.wakayama.jp/,town.hirogawa.wakayama.jp,
constitutional_court,Hirokawa,https://www.town.hirokawa.fukuoka.jp/,town.hirokawa.fukuoka.jp,
constitutional_court,Hirono,https://www.town.hirono.fukushima.jp/,town.hirono.fukushima.jp,
constitutional_court,Hirono,https://www.town.hirono.iwate.jp/,town.hirono.iwate.jp,
constitutional_court,Hiroo,https://www.town.hiroo.lg.jp/,town.hiroo.lg.jp,
supreme_court,Hiroo Town Council,https://www.town.hiroo.lg.jp/gikai/,town.hiroo.lg.jp,
parliament,Hiroo Town Council,https://www.town.hiroo.lg.jp/gikai/,town.hiroo.lg.jp,
constitutional_court,Hisayama,https://www.town.hisayama.fukuoka.jp/,town.hisayama.fukuoka.jp,
supreme_court,Ikeda Town Council,https://www.town.hokkaido-ikeda.lg.jp/kikan/gikai/,town.hokkaido-ikeda.lg.jp,
constitutional_court,Ikeda,https://www.town.hokkaido-ikeda.lg.jp/,town.hokkaido-ikeda.lg.jp,
parliament,Ikeda Town Council,https://www.town.hokkaido-ikeda.lg.jp/kikan/gikai/,town.hokkaido-ikeda.lg.jp,
constitutional_court,Kamikawa,https://www.town.hokkaido-kamikawa.lg.jp/,town.hokkaido-kamikawa.lg.jp,
constitutional_court,Mori,https://www.town.hokkaido-mori.lg.jp/,town.hokkaido-mori.lg.jp,
constitutional_court,Hokuryū-chō,http://www.town.hokuryu.hokkaido.jp/,town.hokuryu.hokkaido.jp,
supreme_court,Hombetsu Town Council,https://www.town.honbetsu.hokkaido.jp/web/parliament/,town.honbetsu.hokkaido.jp,
parliament,Hombetsu Town Council,https://www.town.honbetsu.hokkaido.jp/web/parliament/,town.honbetsu.hokkaido.jp,
constitutional_court,Hombetsu,https://www.town.honbetsu.hokkaido.jp/,town.honbetsu.hokkaido.jp,
constitutional_court,Horokanai,https://www.town.horokanai.hokkaido.jp/,town.horokanai.hokkaido.jp,
constitutional_court,Horonobe,https://www.town.horonobe.lg.jp/,town.horonobe.lg.jp,
constitutional_court,Inami,https://www.town.hyogo-inami.lg.jp/,town.hyogo-inami.lg.jp,
constitutional_court,Taishi,https://www.town.hyogo-taishi.lg.jp/,town.hyogo-taishi.lg.jp,
constitutional_court,Kawachi,https://www.town.ibaraki-kawachi.lg.jp/,town.ibaraki-kawachi.lg.jp,
constitutional_court,Sakai,https://www.town.ibaraki-sakai.lg.jp/,town.ibaraki-sakai.lg.jp,
constitutional_court,Yachiyo,https://www.town.ibaraki-yachiyo.lg.jp/,town.ibaraki-yachiyo.lg.jp,
constitutional_court,Ibaraki,https://www.town.ibaraki.lg.jp/,town.ibaraki.lg.jp,
constitutional_court,Ibigawa,https://www.town.ibigawa.lg.jp/,town.ibigawa.lg.jp,
constitutional_court,Ichikai,https://www.town.ichikai.tochigi.jp/,town.ichikai.tochigi.jp,
constitutional_court,Ichikawa,https://www.town.ichikawa.lg.jp/,town.ichikawa.lg.jp,
constitutional_court,Ichikawamisato,https://www.town.ichikawamisato.yamanashi.jp/,town.ichikawamisato.yamanashi.jp,
constitutional_court,Ichinohe,https://www.town.ichinohe.iwate.jp/,town.ichinohe.iwate.jp,
constitutional_court,Ichinomiya,https://www.town.ichinomiya.chiba.jp/,town.ichinomiya.chiba.jp,
constitutional_court,Ide,https://www.town.ide.kyoto.jp/,town.ide.kyoto.jp,
constitutional_court,Iide,https://www.town.iide.yamagata.jp/,town.iide.yamagata.jp,
constitutional_court,Iijima,https://www.town.iijima.lg.jp/,town.iijima.lg.jp,
constitutional_court,Iizuna,https://www.town.iizuna.nagano.jp/,town.iizuna.nagano.jp,
constitutional_court,Ikaruga,https://www.town.ikaruga.nara.jp/,town.ikaruga.nara.jp,
constitutional_court,Ikata,https://www.town.ikata.ehime.jp/,town.ikata.ehime.jp,
constitutional_court,Ikawa,http://www.town.ikawa.akita.jp/,town.ikawa.akita.jp,
constitutional_court,Ikeda,https://www.town.ikeda.fukui.jp/,town.ikeda.fukui.jp,
constitutional_court,Imabetsu,https://www.town.imabetsu.lg.jp/,town.imabetsu.lg.jp,
constitutional_court,Imakane,https://www.town.imakane.lg.jp/,town.imakane.lg.jp,
constitutional_court,Inagawa,https://www.town.inagawa.lg.jp/,town.inagawa.lg.jp,
constitutional_court,Inawashiro,https://www.town.inawashiro.fukushima.jp/,town.inawashiro.fukushima.jp,
constitutional_court,Ine,https://www.town.ine.kyoto.jp/,town.ine.kyoto.jp,
constitutional_court,Ino,https://www.town.ino.kochi.jp/,town.ino.kochi.jp,
constitutional_court,Isen,https://www.town.isen.kagoshima.jp/,town.isen.kagoshima.jp,
constitutional_court,Ishii,https://www.town.ishii.lg.jp/,town.ishii.lg.jp,
constitutional_court,Ishikawa,https://www.town.ishikawa.fukushima.jp/,town.ishikawa.fukushima.jp,
constitutional_court,Itakura,https://www.town.itakura.gunma.jp/,town.itakura.gunma.jp,
constitutional_court,Itano,http://www.town.itano.tokushima.jp/,town.itano.tokushima.jp,
constitutional_court,Itoda,https://www.town.itoda.lg.jp/,town.itoda.lg.jp,
constitutional_court,Iwaizumi,https://www.town.iwaizumi.lg.jp/,town.iwaizumi.lg.jp,
constitutional_court,Iwanai,https://www.town.iwanai.hokkaido.jp/,town.iwanai.hokkaido.jp,
constitutional_court,Iwate,https://town.iwate.iwate.jp/,town.iwate.iwate.jp,
constitutional_court,Izumozaki,https://www.town.izumozaki.niigata.jp/,town.izumozaki.niigata.jp,
constitutional_court,Kadena,https://www.town.kadena.okinawa.jp/,town.kadena.okinawa.jp,
constitutional_court,Kadogawa,https://www.town.kadogawa.lg.jp/,town.kadogawa.lg.jp,
constitutional_court,Kagamiishi,https://www.town.kagamiishi.fukushima.jp/,town.kagamiishi.fukushima.jp,
constitutional_court,Kagamino,https://www.town.kagamino.lg.jp/,town.kagamino.lg.jp,
constitutional_court,Osaki,https://www.town.kagoshima-osaki.lg.jp/,town.kagoshima-osaki.lg.jp,
constitutional_court,Kahoku,https://www.town.kahoku.yamagata.jp/,town.kahoku.yamagata.jp,
constitutional_court,Kaisei,https://www.town.kaisei.kanagawa.jp/,town.kaisei.kanagawa.jp,
constitutional_court,Kaita,https://www.town.kaita.lg.jp/,town.kaita.lg.jp,
constitutional_court,Kaiyō-chō,https://www.town.kaiyo.lg.jp/,town.kaiyo.lg.jp,
constitutional_court,Kami,https://www.town.kami.miyagi.jp/,town.kami.miyagi.jp,
constitutional_court,Kamifurano,https://www.town.kamifurano.hokkaido.jp/,town.kamifurano.hokkaido.jp,
constitutional_court,Kamigori,https://www.town.kamigori.hyogo.jp/,town.kamigori.hyogo.jp,
constitutional_court,Kamiichi,https://www.town.kamiichi.toyama.jp/,town.kamiichi.toyama.jp,
constitutional_court,Kamijima,https://www.town.kamijima.lg.jp/,town.kamijima.lg.jp,
constitutional_court,Kamikawa,https://www.town.kamikawa.hyogo.jp/,town.kamikawa.hyogo.jp,
constitutional_court,Kamikawa,https://www.town.kamikawa.saitama.jp/,town.kamikawa.saitama.jp,
constitutional_court,Kamimine,https://www.town.kamimine.lg.jp/,town.kamimine.lg.jp,
constitutional_court,Kaminokawa,https://www.town.kaminokawa.lg.jp/,town.kaminokawa.lg.jp,
constitutional_court,Kaminokuni,https://www.town.kaminokuni.lg.jp/,town.kaminokuni.lg.jp,
constitutional_court,Kaminoseki,https://www.town.kaminoseki.lg.jp/,town.kaminoseki.lg.jp,
constitutional_court,Kamisato,https://www.town.kamisato.saitama.jp/,town.kamisato.saitama.jp,
constitutional_court,Kamisunagawa,https://town.kamisunagawa.hokkaido.jp/,town.kamisunagawa.hokkaido.jp,
constitutional_court,Kamitonda,https://www.town.kamitonda.lg.jp/,town.kamitonda.lg.jp,
constitutional_court,Kamiyama,https://www.town.kamiyama.lg.jp/,town.kamiyama.lg.jp,
constitutional_court,Kanan,https://www.town.kanan.osaka.jp/,town.kanan.osaka.jp,
constitutional_court,Kanda,https://www.town.kanda.lg.jp/,town.kanda.lg.jp,
constitutional_court,Kanegasaki,https://www.town.kanegasaki.iwate.jp/,town.kanegasaki.iwate.jp,
constitutional_court,Kaneyama,https://www.town.kaneyama.fukushima.jp/,town.kaneyama.fukushima.jp,
constitutional_court,Kaneyama,https://www.town.kaneyama.yamagata.jp/,town.kaneyama.yamagata.jp,
constitutional_court,Kanie,https://www.town.kanie.aichi.jp/,town.kanie.aichi.jp,
constitutional_court,Kanmaki,https://www.town.kanmaki.nara.jp/,town.kanmaki.nara.jp,
constitutional_court,Kanna,https://www.town.kanna.gunma.jp/,town.kanna.gunma.jp,
constitutional_court,Kannami,https://www.town.kannami.shizuoka.jp/,town.kannami.shizuoka.jp,
constitutional_court,Kanra,https://www.town.kanra.lg.jp/,town.kanra.lg.jp,
constitutional_court,Karuizawa,https://www.town.karuizawa.lg.jp/,town.karuizawa.lg.jp,
constitutional_court,Karumai,https://www.town.karumai.iwate.jp/,town.karumai.iwate.jp,
constitutional_court,Kasagi,https://www.town.kasagi.lg.jp/,town.kasagi.lg.jp,
constitutional_court,Kasamatsu,https://www.town.kasamatsu.gifu.jp/,town.kasamatsu.gifu.jp,
constitutional_court,Kasuya,https://www.town.kasuya.fukuoka.jp/,town.kasuya.fukuoka.jp,
constitutional_court,Katsuragi,https://www.town.katsuragi.wakayama.jp/,town.katsuragi.wakayama.jp,
constitutional_court,Katsuura,https://www.town.katsuura.lg.jp/,town.katsuura.lg.jp,
constitutional_court,Kawagoe,https://www.town.kawagoe.mie.jp/,town.kawagoe.mie.jp,
constitutional_court,Kawai,https://www.town.kawai.nara.jp/,town.kawai.nara.jp,
constitutional_court,Kawajima,https://www.town.kawajima.saitama.jp/,town.kawajima.saitama.jp,
constitutional_court,Kawakita,https://www.town.kawakita.ishikawa.jp/,town.kawakita.ishikawa.jp,
constitutional_court,Kawamata,https://www.town.kawamata.lg.jp/,town.kawamata.lg.jp,
constitutional_court,Kawaminami,https://www.town.kawaminami.miyazaki.jp/,town.kawaminami.miyazaki.jp,
constitutional_court,Kawanehon,https://www.town.kawanehon.shizuoka.jp/,town.kawanehon.shizuoka.jp,
constitutional_court,Kawanishi,https://www.town.kawanishi.yamagata.jp/,town.kawanishi.yamagata.jp,
constitutional_court,Kawara,https://www.town.kawara.fukuoka.jp/,town.kawara.fukuoka.jp,
constitutional_court,Kawasaki,https://www.town.kawasaki.miyagi.jp/,town.kawasaki.miyagi.jp,
constitutional_court,Kawazu,https://www.town.kawazu.shizuoka.jp/,town.kawazu.shizuoka.jp,
constitutional_court,Keisen,https://www.town.keisen.fukuoka.jp/,town.keisen.fukuoka.jp,
constitutional_court,Kenbuchi,https://www.town.kembuchi.hokkaido.jp/,town.kembuchi.hokkaido.jp,
constitutional_court,Kibi-chūō Chō,https://www.town.kibichuo.lg.jp/,town.kibichuo.lg.jp,
constitutional_court,Kihō-chō,https://www.town.kiho.lg.jp/,town.kiho.lg.jp,
constitutional_court,Kihoku,https://www.town.kihoku.ehime.jp/,town.kihoku.ehime.jp,
constitutional_court,Kijō-chō,https://www.town.kijo.lg.jp/,town.kijo.lg.jp,
constitutional_court,Kikai,https://www.town.kikai.lg.jp/,town.kikai.lg.jp,
constitutional_court,Kikonai,https://www.town.kikonai.hokkaido.jp/,town.kikonai.hokkaido.jp,
constitutional_court,Kikuyō-machi,https://www.town.kikuyo.lg.jp/,town.kikuyo.lg.jp,
constitutional_court,Kimino,https://www.town.kimino.wakayama.jp/,town.kimino.wakayama.jp,
constitutional_court,Kimobetsu,https://www.town.kimobetsu.hokkaido.jp/,town.kimobetsu.hokkaido.jp,
constitutional_court,Kin,https://www.town.kin.okinawa.jp,town.kin.okinawa.jp,
constitutional_court,Kinko,https://www.town.kinko.lg.jp/,town.kinko.lg.jp,
constitutional_court,Kisosaki,https://www.town.kisosaki.lg.jp/,town.kisosaki.lg.jp,
constitutional_court,Kitagata,http://www.town.kitagata.gifu.jp/,town.kitagata.gifu.jp,
constitutional_court,Kitahiroshima,https://www.town.kitahiroshima.lg.jp/,town.kitahiroshima.lg.jp,
constitutional_court,Kitajima,https://www.town.kitajima.lg.jp/,town.kitajima.lg.jp,
constitutional_court,Kiyama,https://www.town.kiyama.lg.jp/,town.kiyama.lg.jp,
constitutional_court,Kiyokawa,https://www.town.kiyokawa.kanagawa.jp/,town.kiyokawa.kanagawa.jp,
constitutional_court,Kiyosato,https://www.town.kiyosato.hokkaido.jp/,town.kiyosato.hokkaido.jp,
constitutional_court,Tsuno,https://town.kochi-tsuno.lg.jp/,town.kochi-tsuno.lg.jp,
constitutional_court,Kōge-machi,https://www.town.koge.lg.jp/,town.koge.lg.jp,
constitutional_court,Kokonoe,https://www.town.kokonoe.oita.jp/,town.kokonoe.oita.jp,
constitutional_court,Koori,https://www.town.koori.fukushima.jp/,town.koori.fukushima.jp,
constitutional_court,Kōryō-chō,https://www.town.koryo.nara.jp/,town.koryo.nara.jp,
constitutional_court,Kōsa-machi,https://www.town.kosa.lg.jp/,town.kosa.lg.jp,
constitutional_court,Kosaka,https://www.town.kosaka.akita.jp/,town.kosaka.akita.jp,
constitutional_court,Koshimizu,https://www.town.koshimizu.hokkaido.jp/,town.koshimizu.hokkaido.jp,
constitutional_court,Kota,https://www.town.kota.lg.jp/,town.kota.lg.jp,
constitutional_court,Kotake,https://town.kotake.lg.jp/,town.kotake.lg.jp,
constitutional_court,Kotohira,https://www.town.kotohira.kagawa.jp/,town.kotohira.kagawa.jp,
constitutional_court,Kotoura,https://www.town.kotoura.tottori.jp/,town.kotoura.tottori.jp,
constitutional_court,Kōhoku-machi,https://www.town.kouhoku.saga.jp/,town.kouhoku.saga.jp,
constitutional_court,Kōya-chō,https://www.town.koya.wakayama.jp/,town.koya.wakayama.jp,
constitutional_court,Kozagawa,http://www.town.kozagawa.wakayama.jp/,town.kozagawa.wakayama.jp,
constitutional_court,Kōzaki-machi,https://www.town.kozaki.chiba.jp/,town.kozaki.chiba.jp,
constitutional_court,Kudoyama,https://www.town.kudoyama.wakayama.jp/,town.kudoyama.wakayama.jp,
constitutional_court,Kujūkuri-machi,https://www.town.kujukuri.chiba.jp/,town.kujukuri.chiba.jp,
constitutional_court,Kashima,https://www.town.kumamoto-kashima.lg.jp/,town.kumamoto-kashima.lg.jp,
constitutional_court,Misato,https://www.town.kumamoto-misato.lg.jp/,town.kumamoto-misato.lg.jp,
constitutional_court,Nishiki,https://www.town.kumamoto-nishiki.lg.jp/,town.kumamoto-nishiki.lg.jp,
constitutional_court,Oguni,https://www.town.kumamoto-oguni.lg.jp/,town.kumamoto-oguni.lg.jp,
constitutional_court,Yamato,https://www.town.kumamoto-yamato.lg.jp/,town.kumamoto-yamato.lg.jp,
constitutional_court,Kumano,https://www.town.kumano.hiroshima.jp/,town.kumano.hiroshima.jp,
constitutional_court,Kumatori,https://www.town.kumatori.lg.jp/,town.kumatori.lg.jp,
constitutional_court,Kumejima,https://www.town.kumejima.okinawa.jp/,town.kumejima.okinawa.jp,
constitutional_court,Kumenan,https://www.town.kumenan.lg.jp/,town.kumenan.lg.jp,
constitutional_court,Kumiyama,https://www.town.kumiyama.lg.jp/,town.kumiyama.lg.jp,
constitutional_court,Kunimi,https://www.town.kunimi.fukushima.jp/,town.kunimi.fukushima.jp,
constitutional_court,Kunitomi,https://www.town.kunitomi.miyazaki.jp/,town.kunitomi.miyazaki.jp,
constitutional_court,Kunneppu,https://www.town.kunneppu.hokkaido.jp/,town.kunneppu.hokkaido.jp,
constitutional_court,Kurate,https://www.town.kurate.lg.jp/,town.kurate.lg.jp,
constitutional_court,Kuriyama,https://www.town.kuriyama.hokkaido.jp/,town.kuriyama.hokkaido.jp,
constitutional_court,Kuroshio,https://www.town.kuroshio.lg.jp/,town.kuroshio.lg.jp,
constitutional_court,Kusatsu,https://www.town.kusatsu.gunma.jp/,town.kusatsu.gunma.jp,
constitutional_court,Kushimoto,https://www.town.kushimoto.wakayama.jp/,town.kushimoto.wakayama.jp,
constitutional_court,Kushiro,http://www.town.kushiro.lg.jp/,town.kushiro.lg.jp,
constitutional_court,Kusu,https://www.town.kusu.oita.jp/,town.kusu.oita.jp,
constitutional_court,Kutchan,https://www.town.kutchan.hokkaido.jp/,town.kutchan.hokkaido.jp,
constitutional_court,Kuzumaki,https://www.town.kuzumaki.iwate.jp/,town.kuzumaki.iwate.jp,
constitutional_court,Kyonan,https://www.town.kyonan.chiba.jp/,town.kyonan.chiba.jp,
constitutional_court,Kyōtanba-chō,https://www.town.kyotamba.kyoto.jp/,town.kyotamba.kyoto.jp,
constitutional_court,Kyōwa-chō,https://www.town.kyowa.hokkaido.jp/,town.kyowa.hokkaido.jp,
parliament,Makubetsu Town Council,https://www.town.makubetsu.lg.jp/gikai/,town.makubetsu.lg.jp,
supreme_court,Makubetsu Town Council,https://www.town.makubetsu.lg.jp/gikai/,town.makubetsu.lg.jp,
constitutional_court,Makubetsu,https://www.town.makubetsu.lg.jp/,town.makubetsu.lg.jp,
constitutional_court,Mamurogawa,https://www.town.mamurogawa.yamagata.jp/,town.mamurogawa.yamagata.jp,
constitutional_court,Manazuru,https://www.town.manazuru.kanagawa.jp/,town.manazuru.kanagawa.jp,
constitutional_court,Mannō-chō,https://www.town.manno.lg.jp/,town.manno.lg.jp,
constitutional_court,Marumori,https://www.town.marumori.miyagi.jp/,town.marumori.miyagi.jp,
constitutional_court,Masaki,https://www.town.masaki.ehime.jp/,town.masaki.ehime.jp,
constitutional_court,Mashike,https://www.town.mashike.hokkaido.jp/,town.mashike.hokkaido.jp,
constitutional_court,Mashiki,https://www.town.mashiki.lg.jp/,town.mashiki.lg.jp,
constitutional_court,Mashiko,https://www.town.mashiko.lg.jp/,town.mashiko.lg.jp,
constitutional_court,Matsubushi,https://www.town.matsubushi.lg.jp/,town.matsubushi.lg.jp,
constitutional_court,Matsuda,https://town.matsuda.kanagawa.jp/,town.matsuda.kanagawa.jp,
constitutional_court,Matsukawa,https://www.town.matsukawa.lg.jp/,town.matsukawa.lg.jp,
constitutional_court,Matsumae,https://www.town.matsumae.hokkaido.jp/,town.matsumae.hokkaido.jp,
constitutional_court,Matsuno,https://www.town.matsuno.ehime.jp/,town.matsuno.ehime.jp,
constitutional_court,Matsushige,https://www.town.matsushige.tokushima.jp/,town.matsushige.tokushima.jp,
constitutional_court,Matsuzaki,https://www.town.matsuzaki.shizuoka.jp/,town.matsuzaki.shizuoka.jp,
constitutional_court,Meiwa,https://www.town.meiwa.gunma.jp/,town.meiwa.gunma.jp,
constitutional_court,Meiwa,https://www.town.meiwa.mie.jp/,town.meiwa.mie.jp,
constitutional_court,Mibu,https://www.town.mibu.tochigi.jp/,town.mibu.tochigi.jp,
constitutional_court,Kihoku,https://www.town.mie-kihoku.lg.jp/,town.mie-kihoku.lg.jp,
constitutional_court,Mifune,https://www.town.mifune.kumamoto.jp/,town.mifune.kumamoto.jp,
constitutional_court,Mihama,https://www.town.mihama.mie.jp/,town.mihama.mie.jp,
constitutional_court,Mihama,http://www.town.mihama.wakayama.jp/,town.mihama.wakayama.jp,
constitutional_court,Miharu,https://www.town.miharu.fukushima.jp/,town.miharu.fukushima.jp,
constitutional_court,Kami,https://www.town.mikata-kami.lg.jp/,town.mikata-kami.lg.jp,
constitutional_court,Mikawa,https://www.town.mikawa.yamagata.jp/,town.mikawa.yamagata.jp,
constitutional_court,Miki,https://www.town.miki.lg.jp/,town.miki.lg.jp,
constitutional_court,Mimata,https://www.town.mimata.lg.jp/,town.mimata.lg.jp,
constitutional_court,Minabe,https://www.town.minabe.lg.jp/,town.minabe.lg.jp,
constitutional_court,Minakami,https://www.town.minakami.gunma.jp/,town.minakami.gunma.jp,
constitutional_court,Minami,https://www.town.minami.lg.jp/,town.minami.lg.jp,
constitutional_court,Minamichita,https://www.town.minamichita.lg.jp/,town.minamichita.lg.jp,
constitutional_court,Minami-Echizen,https://www.town.minamiechizen.lg.jp/,town.minamiechizen.lg.jp,
constitutional_court,Minamifurano,https://www.town.minamifurano.hokkaido.jp/,town.minamifurano.hokkaido.jp,
constitutional_court,Minamiise,https://www.town.minamiise.lg.jp/,town.minamiise.lg.jp,
constitutional_court,Minamiizu,https://www.town.minamiizu.shizuoka.jp/,town.minamiizu.shizuoka.jp,
constitutional_court,Minamioguni,https://www.town.minamioguni.lg.jp/,town.minamioguni.lg.jp,
constitutional_court,Minamiōsumi-chō,https://www.town.minamiosumi.lg.jp/,town.minamiosumi.lg.jp,
constitutional_court,Minamisanriku,https://www.town.minamisanriku.miyagi.jp/,town.minamisanriku.miyagi.jp,
constitutional_court,Minamitane,http://www.town.minamitane.kagoshima.jp/,town.minamitane.kagoshima.jp,
constitutional_court,Minano,https://www.town.minano.saitama.jp/,town.minano.saitama.jp,
constitutional_court,Minobu,https://www.town.minobu.lg.jp/,town.minobu.lg.jp,
constitutional_court,Minowa,https://www.town.minowa.lg.jp/,town.minowa.lg.jp,
constitutional_court,Misaki,https://www.town.misaki.okayama.jp/,town.misaki.okayama.jp,
constitutional_court,Misaki,https://www.town.misaki.osaka.jp/,town.misaki.osaka.jp,
constitutional_court,Misasa,https://www.town.misasa.tottori.jp/,town.misasa.tottori.jp,
constitutional_court,Misato,https://www.town.misato.akita.jp/,town.misato.akita.jp,
constitutional_court,Misato,https://www.town.misato.miyagi.jp/,town.misato.miyagi.jp,
constitutional_court,Mishima,https://www.town.mishima.fukushima.jp/,town.mishima.fukushima.jp,
constitutional_court,Mitake,https://www.town.mitake.lg.jp/,town.mitake.lg.jp,
constitutional_court,Mitane,https://www.town.mitane.akita.jp/,town.mitane.akita.jp,
constitutional_court,Matsushima,https://www.town.miyagi-matsushima.lg.jp/,town.miyagi-matsushima.lg.jp,
constitutional_court,Ōsato,https://www.town.miyagi-osato.lg.jp/,town.miyagi-osato.lg.jp,
constitutional_court,Miyake,https://www.town.miyake.lg.jp/,town.miyake.lg.jp,
constitutional_court,Miyaki,https://www.town.miyaki.lg.jp/,town.miyaki.lg.jp,
constitutional_court,Miyako,https://www.town.miyako.lg.jp/,town.miyako.lg.jp,
constitutional_court,Miyashiro,https://www.town.miyashiro.lg.jp/,town.miyashiro.lg.jp,
constitutional_court,Misato,https://www.town.miyazaki-misato.lg.jp/,town.miyazaki-misato.lg.jp,
constitutional_court,Miyota,https://www.town.miyota.nagano.jp/,town.miyota.nagano.jp,
constitutional_court,Mizuho,https://www.town.mizuho.tokyo.jp/,town.mizuho.tokyo.jp,
constitutional_court,Mizumaki,https://www.town.mizumaki.lg.jp/,town.mizumaki.lg.jp,
constitutional_court,Mogami,https://town.mogami.lg.jp/,town.mogami.lg.jp,
constitutional_court,Mori,https://www.town.morimachi.shizuoka.jp/,town.morimachi.shizuoka.jp,
constitutional_court,Moroyama,https://www.town.moroyama.saitama.jp/,town.moroyama.saitama.jp,
constitutional_court,Moseushi,https://www.town.moseushi.hokkaido.jp/,town.moseushi.hokkaido.jp,
constitutional_court,Motegi,https://www.town.motegi.tochigi.jp/,town.motegi.tochigi.jp,
constitutional_court,Motobu,https://www.town.motobu.okinawa.jp/,town.motobu.okinawa.jp,
constitutional_court,Motoyama,https://www.town.motoyama.kochi.jp/,town.motoyama.kochi.jp,
constitutional_court,Mukawa,http://www.town.mukawa.lg.jp/,town.mukawa.lg.jp,
constitutional_court,Murata,https://www.town.murata.miyagi.jp/,town.murata.miyagi.jp,
constitutional_court,Mutsuzawa,https://www.town.mutsuzawa.chiba.jp/,town.mutsuzawa.chiba.jp,
constitutional_court,Nachikatsuura,https://www.town.nachikatsuura.wakayama.jp/,town.nachikatsuura.wakayama.jp,
constitutional_court,Nagaizumi,https://www.town.nagaizumi.lg.jp/,town.nagaizumi.lg.jp,
constitutional_court,Takamori,https://www.town.nagano-takamori.lg.jp/,town.nagano-takamori.lg.jp,
constitutional_court,Naganohara,https://www.town.naganohara.gunma.jp/,town.naganohara.gunma.jp,
constitutional_court,Nagara,https://www.town.nagara.chiba.jp/,town.nagara.chiba.jp,
constitutional_court,Nagashima,https://www.town.nagashima.lg.jp/,town.nagashima.lg.jp,
constitutional_court,Nagasu,https://www.town.nagasu.lg.jp/,town.nagasu.lg.jp,
constitutional_court,Nagatoro,https://www.town.nagatoro.saitama.jp/,town.nagatoro.saitama.jp,
constitutional_court,Nagawa,https://www.town.nagawa.nagano.jp/,town.nagawa.nagano.jp,
constitutional_court,Nagi,https://www.town.nagi.okayama.jp/,town.nagi.okayama.jp,
constitutional_court,Nagiso,https://www.town.nagiso.nagano.jp/,town.nagiso.nagano.jp,
constitutional_court,Nagomi,https://www.town.nagomi.lg.jp/,town.nagomi.lg.jp,
constitutional_court,Nahari,https://www.town.nahari.kochi.jp/,town.nahari.kochi.jp,
constitutional_court,Naie,https://www.town.naie.hokkaido.jp/,town.naie.hokkaido.jp,
constitutional_court,Nakadomari,https://www.town.nakadomari.lg.jp/,town.nakadomari.lg.jp,
constitutional_court,Nakafurano,https://www.town.nakafurano.lg.jp/,town.nakafurano.lg.jp,
constitutional_court,Nakagawa,https://www.town.nakagawa.hokkaido.jp/,town.nakagawa.hokkaido.jp,
constitutional_court,Nakai,https://www.town.nakai.kanagawa.jp/,town.nakai.kanagawa.jp,
constitutional_court,Nakanojō,https://www.town.nakanojo.gunma.jp/,town.nakanojo.gunma.jp,
constitutional_court,Nakanoto,https://www.town.nakanoto.ishikawa.jp/,town.nakanoto.ishikawa.jp,
constitutional_court,Nakatane,https://town.nakatane.kagoshima.jp/,town.nakatane.kagoshima.jp,
constitutional_court,Nakatonbetsu,https://www.town.nakatombetsu.hokkaido.jp/,town.nakatombetsu.hokkaido.jp,
constitutional_court,Nakatosa,https://www.town.nakatosa.lg.jp/,town.nakatosa.lg.jp,
constitutional_court,Nakayama,https://www.town.nakayama.yamagata.jp/,town.nakayama.yamagata.jp,
constitutional_court,Namegawa,https://www.town.namegawa.saitama.jp/,town.namegawa.saitama.jp,
constitutional_court,Namie,https://www.town.namie.fukushima.jp/,town.namie.fukushima.jp,
constitutional_court,Nanae,https://www.town.nanae.hokkaido.jp/,town.nanae.hokkaido.jp,
constitutional_court,Nanbu,https://www.town.nanbu.tottori.jp/,town.nanbu.tottori.jp,
constitutional_court,Nanbu,https://www.town.nanbu.yamanashi.jp/,town.nanbu.yamanashi.jp,
constitutional_court,Nankan,https://www.town.nankan.lg.jp/,town.nankan.lg.jp,
constitutional_court,Nanporo,https://www.town.nanporo.hokkaido.jp/,town.nanporo.hokkaido.jp,
constitutional_court,Naoshima,https://www.town.naoshima.lg.jp/,town.naoshima.lg.jp,
constitutional_court,Kawanishi,https://www.town.nara-kawanishi.lg.jp/,town.nara-kawanishi.lg.jp,
constitutional_court,Naraha,https://www.town.naraha.lg.jp/,town.naraha.lg.jp,
constitutional_court,Nasu,https://www.town.nasu.lg.jp/,town.nasu.lg.jp,
constitutional_court,Nichinan,https://www.town.nichinan.lg.jp/,town.nichinan.lg.jp,
constitutional_court,Niki,https://www.town.niki.hokkaido.jp/,town.niki.hokkaido.jp,
constitutional_court,Ninomiya,https://www.town.ninomiya.kanagawa.jp/,town.ninomiya.kanagawa.jp,
constitutional_court,Niseko,https://www.town.niseko.lg.jp/,town.niseko.lg.jp,
constitutional_court,Nishiaizu,https://www.town.nishiaizu.fukushima.jp/,town.nishiaizu.fukushima.jp,
constitutional_court,Nishihara,https://www.town.nishihara.okinawa.jp/,town.nishihara.okinawa.jp,
constitutional_court,Nishiizu,https://www.town.nishiizu.shizuoka.jp/,town.nishiizu.shizuoka.jp,
constitutional_court,Nishikatsura,https://www.town.nishikatsura.yamanashi.jp/,town.nishikatsura.yamanashi.jp,
constitutional_court,Nishikawa,https://www.town.nishikawa.yamagata.jp/,town.nishikawa.yamagata.jp,
constitutional_court,Nishinoshima,https://www.town.nishinoshima.shimane.jp/,town.nishinoshima.shimane.jp,
constitutional_court,Nishiwaga,https://www.town.nishiwaga.lg.jp/,town.nishiwaga.lg.jp,
constitutional_court,Niyodogawa,https://www.town.niyodogawa.lg.jp/,town.niyodogawa.lg.jp,
constitutional_court,Nogi,https://www.town.nogi.lg.jp/,town.nogi.lg.jp,
constitutional_court,Noheji,https://www.town.noheji.aomori.jp/,town.noheji.aomori.jp,
constitutional_court,Nose,https://www.town.nose.osaka.jp/,town.nose.osaka.jp,
constitutional_court,Noto,https://www.town.noto.lg.jp/,town.noto.lg.jp,
constitutional_court,Numata,https://www.town.numata.hokkaido.jp/,town.numata.hokkaido.jp,
constitutional_court,Nyūzen-machi,https://www.town.nyuzen.toyama.jp/,town.nyuzen.toyama.jp,
constitutional_court,Ōarai-machi,https://www.town.oarai.lg.jp/,town.oarai.lg.jp,
constitutional_court,Obira,https://www.town.obira.hokkaido.jp/,town.obira.hokkaido.jp,
constitutional_court,Obuse,https://www.town.obuse.nagano.jp/,town.obuse.nagano.jp,
constitutional_court,Ochi,http://www.town.ochi.kochi.jp/,town.ochi.kochi.jp,
constitutional_court,Oe,https://www.town.oe.yamagata.jp/,town.oe.yamagata.jp,
constitutional_court,Ogano,https://www.town.ogano.lg.jp/,town.ogano.lg.jp,
constitutional_court,Ogawa,https://www.town.ogawa.saitama.jp/,town.ogawa.saitama.jp,
constitutional_court,Ōgawara,https://www.town.ogawara.miyagi.jp/,town.ogawara.miyagi.jp,
constitutional_court,Ogose,https://www.town.ogose.saitama.jp/,town.ogose.saitama.jp,
constitutional_court,Oguchi,https://www.town.oguchi.lg.jp/,town.oguchi.lg.jp,
constitutional_court,Oguni,https://www.town.oguni.yamagata.jp/,town.oguni.yamagata.jp,
constitutional_court,Ōharu-chō,https://www.town.oharu.aichi.jp/,town.oharu.aichi.jp,
constitutional_court,Oi,https://www.town.ohi.fukui.jp/,town.ohi.fukui.jp,
constitutional_court,Ōnan,https://www.town.ohnan.lg.jp/,town.ohnan.lg.jp,
constitutional_court,Oi,https://www.town.oi.kanagawa.jp/,town.oi.kanagawa.jp,
constitutional_court,Oirase,https://www.town.oirase.aomori.jp/,town.oirase.aomori.jp,
constitutional_court,Oishida,https://www.town.oishida.yamagata.jp/,town.oishida.yamagata.jp,
constitutional_court,Oiso,https://www.town.oiso.kanagawa.jp/,town.oiso.kanagawa.jp,
constitutional_court,Oizumi,https://www.town.oizumi.gunma.jp/,town.oizumi.gunma.jp,
constitutional_court,Ōji-chō,https://www.town.oji.nara.jp/,town.oji.nara.jp,
constitutional_court,Ojika,https://www.town.ojika.lg.jp/,town.ojika.lg.jp,
constitutional_court,Okagaki,https://www.town.okagaki.lg.jp/,town.okagaki.lg.jp,
constitutional_court,Oketo,https://www.town.oketo.hokkaido.jp/,town.oketo.hokkaido.jp,
constitutional_court,Okinoshima,https://www.town.okinoshima.shimane.jp/,town.okinoshima.shimane.jp,
constitutional_court,Okoppe,https://www.town.okoppe.lg.jp/,town.okoppe.lg.jp,
constitutional_court,Okuizumo,https://www.town.okuizumo.shimane.jp/,town.okuizumo.shimane.jp,
constitutional_court,Okuma,https://www.town.okuma.fukushima.jp/,town.okuma.fukushima.jp,
constitutional_court,Okushiri,https://www.town.okushiri.lg.jp/,town.okushiri.lg.jp,
constitutional_court,Okutama,https://www.town.okutama.tokyo.jp/,town.okutama.tokyo.jp,
constitutional_court,Omachi,https://www.town.omachi.lg.jp/,town.omachi.lg.jp,
constitutional_court,Onagawa,https://www.town.onagawa.miyagi.jp/,town.onagawa.miyagi.jp,
constitutional_court,Onga,https://www.town.onga.lg.jp/,town.onga.lg.jp,
constitutional_court,Onjuku,https://www.town.onjuku.chiba.jp/,town.onjuku.chiba.jp,
constitutional_court,Ono,https://www.town.ono.fukushima.jp/,town.ono.fukushima.jp,
constitutional_court,Oki,https://www.town.ooki.lg.jp/,town.ooki.lg.jp,
constitutional_court,Ōma-machi,https://www.town.ooma.lg.jp/,town.ooma.lg.jp,
constitutional_court,Ora,https://www.town.ora.gunma.jp/,town.ora.gunma.jp,
constitutional_court,Ōsakikamijima,https://www.town.osakikamijima.hiroshima.jp/,town.osakikamijima.hiroshima.jp,
constitutional_court,Oshamambe,https://www.town.oshamambe.lg.jp/,town.oshamambe.lg.jp,
constitutional_court,Oshima,https://www.town.oshima.tokyo.jp/,town.oshima.tokyo.jp,local
constitutional_court,Otaki,https://www.town.otaki.chiba.jp/,town.otaki.chiba.jp,
constitutional_court,Ōtō-machi,https://www.town.oto.fukuoka.jp/,town.oto.fukuoka.jp,
constitutional_court,Otobe,https://www.town.otobe.lg.jp/,town.otobe.lg.jp,
parliament,Otofuke Town Council,https://www.town.otofuke.hokkaido.jp/gikai/,town.otofuke.hokkaido.jp,
supreme_court,Otofuke Town Council,https://www.town.otofuke.hokkaido.jp/gikai/,town.otofuke.hokkaido.jp,
constitutional_court,Otofuke,https://www.town.otofuke.hokkaido.jp/,town.otofuke.hokkaido.jp,
constitutional_court,Ōtoyo-chō,https://www.town.otoyo.kochi.jp/,town.otoyo.kochi.jp,
constitutional_court,Otsuchi,https://www.town.otsuchi.iwate.jp/,town.otsuchi.iwate.jp,
constitutional_court,Otsuki,https://www.town.otsuki.kochi.jp/,town.otsuki.kochi.jp,
constitutional_court,Omu,https://www.town.oumu.hokkaido.jp/,town.oumu.hokkaido.jp,
constitutional_court,Ōwani-machi,http://www.town.owani.lg.jp/,town.owani.lg.jp,
constitutional_court,Ōyamazaki-chō,https://www.town.oyamazaki.kyoto.jp/,town.oyamazaki.kyoto.jp,
constitutional_court,Ōyodo-chō,https://www.town.oyodo.lg.jp/,town.oyodo.lg.jp,
constitutional_court,Ozora,https://www.town.ozora.hokkaido.jp/,town.ozora.hokkaido.jp,
constitutional_court,Ozu,https://www.town.ozu.kumamoto.jp/,town.ozu.kumamoto.jp,
constitutional_court,Pippu,https://www.town.pippu.hokkaido.jp/,town.pippu.hokkaido.jp,
constitutional_court,Rankoshi,https://www.town.rankoshi.hokkaido.jp/,town.rankoshi.hokkaido.jp,
constitutional_court,Ranzan,https://www.town.ranzan.saitama.jp/,town.ranzan.saitama.jp,
constitutional_court,Rebun,https://www.town.rebun.hokkaido.jp/,town.rebun.hokkaido.jp,
constitutional_court,Rifu,https://www.town.rifu.miyagi.jp/,town.rifu.miyagi.jp,
constitutional_court,Rishiri,https://www.town.rishiri.hokkaido.jp/,town.rishiri.hokkaido.jp,
constitutional_court,Rishirifuji,https://www.town.rishirifuji.hokkaido.jp/rishirifuji/,town.rishirifuji.hokkaido.jp,
constitutional_court,Rokunohe,https://www.town.rokunohe.aomori.jp/,town.rokunohe.aomori.jp,
constitutional_court,Ryūō-chō,https://www.town.ryuoh.shiga.jp/,town.ryuoh.shiga.jp,
constitutional_court,Ina,https://www.town.saitama-ina.lg.jp/,town.saitama-ina.lg.jp,
constitutional_court,Misato,https://www.town.saitama-misato.lg.jp/,town.saitama-misato.lg.jp,
constitutional_court,Miyoshi,https://www.town.saitama-miyoshi.lg.jp/,town.saitama-miyoshi.lg.jp,
constitutional_court,Saka,https://www.town.saka.lg.jp/,town.saka.lg.jp,
constitutional_court,Sakae,https://www.town.sakae.chiba.jp/,town.sakae.chiba.jp,
constitutional_court,Sakahogi,https://www.town.sakahogi.gifu.jp/,town.sakahogi.gifu.jp,
constitutional_court,Sakaki,https://www.town.sakaki.nagano.jp/,town.sakaki.nagano.jp,
constitutional_court,Sakawa,https://www.town.sakawa.lg.jp/,town.sakawa.lg.jp,
constitutional_court,Sakuho,https://www.town.sakuho.nagano.jp/,town.sakuho.nagano.jp,
constitutional_court,Samukawa,https://www.town.samukawa.kanagawa.jp/,town.samukawa.kanagawa.jp,
constitutional_court,Sangō,https://www.town.sango.nara.jp/,town.sango.nara.jp,
constitutional_court,Sannohe,https://www.town.sannohe.aomori.jp/,town.sannohe.aomori.jp,
constitutional_court,Saroma,https://www.town.saroma.hokkaido.jp/,town.saroma.hokkaido.jp,
constitutional_court,Sasaguri,https://www.town.sasaguri.fukuoka.jp/,town.sasaguri.fukuoka.jp,
constitutional_court,Satosho,https://www.town.satosho.okayama.jp/,town.satosho.okayama.jp,
constitutional_court,Sayo,https://www.town.sayo.lg.jp/,town.sayo.lg.jp,
constitutional_court,Seika,https://www.town.seika.kyoto.jp/,town.seika.kyoto.jp,
constitutional_court,Seiro,https://www.town.seiro.niigata.jp/,town.seiro.niigata.jp,
constitutional_court,Sekigahara,https://www.town.sekigahara.gifu.jp/,town.sekigahara.gifu.jp,
constitutional_court,Sera,https://www.town.sera.hiroshima.jp/,town.sera.hiroshima.jp,
constitutional_court,Setana,https://www.town.setana.lg.jp/,town.setana.lg.jp,
constitutional_court,Setouchi,https://www.town.setouchi.lg.jp/,town.setouchi.lg.jp,
constitutional_court,Shakotan,https://www.town.shakotan.lg.jp/,town.shakotan.lg.jp,
supreme_court,Shakotan Town Council,https://www.town.shakotan.lg.jp/contents/content0099.html,town.shakotan.lg.jp,
parliament,Shakotan Town Council,https://www.town.shakotan.lg.jp/contents/content0099.html,town.shakotan.lg.jp,
constitutional_court,Shari,https://www.town.shari.hokkaido.jp/,town.shari.hokkaido.jp,
constitutional_court,Shibata,https://www.town.shibata.miyagi.jp/,town.shibata.miyagi.jp,
constitutional_court,Shibayama,https://www.town.shibayama.lg.jp/,town.shibayama.lg.jp,
constitutional_court,Shibecha,https://town.shibecha.hokkaido.jp/,town.shibecha.hokkaido.jp,
constitutional_court,Shichikashuku,https://town.shichikashuku.miyagi.jp/,town.shichikashuku.miyagi.jp,
constitutional_court,Shichinohe,https://www.town.shichinohe.lg.jp/,town.shichinohe.lg.jp,
constitutional_court,Hino,https://www.town.shiga-hino.lg.jp/,town.shiga-hino.lg.jp,
constitutional_court,Shika,https://www.town.shika.lg.jp/,town.shika.lg.jp,
constitutional_court,Shikabe,https://www.town.shikabe.lg.jp/,town.shikabe.lg.jp,
constitutional_court,Shikama,https://www.town.shikama.miyagi.jp/,town.shikama.miyagi.jp,
supreme_court,Shikaoi Town Council,https://www.town.shikaoi.lg.jp/gikai/,town.shikaoi.lg.jp,
constitutional_court,Shikaoi,https://www.town.shikaoi.lg.jp/,town.shikaoi.lg.jp,
parliament,Shikaoi Town Council,https://www.town.shikaoi.lg.jp/gikai/,town.shikaoi.lg.jp,
constitutional_court,Shimamoto,https://www.town.shimamoto.lg.jp,town.shimamoto.lg.jp,
constitutional_court,Kawamoto,https://www.town.shimane-kawamoto.lg.jp/,town.shimane-kawamoto.lg.jp,
constitutional_court,Misato,https://www.town.shimane-misato.lg.jp/,town.shimane-misato.lg.jp,
constitutional_court,Shimanto,https://www.town.shimanto.lg.jp/,town.shimanto.lg.jp,
constitutional_court,Shime,https://www.town.shime.lg.jp/,town.shime.lg.jp,
supreme_court,Shimizu Town Council,https://www.town.shimizu.hokkaido.jp/gikai/,town.shimizu.hokkaido.jp,
constitutional_court,Shimizu,https://www.town.shimizu.hokkaido.jp/,town.shimizu.hokkaido.jp,
parliament,Shimizu Town Council,https://www.town.shimizu.hokkaido.jp/gikai/,town.shimizu.hokkaido.jp,
constitutional_court,Shimizu,https://www.town.shimizu.shizuoka.jp/,town.shimizu.shizuoka.jp,
constitutional_court,Shimogō-machi,https://www.town.shimogo.fukushima.jp/,town.shimogo.fukushima.jp,
constitutional_court,Shimoichi,https://www.town.shimoichi.lg.jp/,town.shimoichi.lg.jp,
constitutional_court,Shimokawa,https://www.town.shimokawa.hokkaido.jp/,town.shimokawa.hokkaido.jp,
constitutional_court,Shimonita,https://www.town.shimonita.lg.jp/,town.shimonita.lg.jp,
constitutional_court,Shimosuwa,https://www.town.shimosuwa.lg.jp/,town.shimosuwa.lg.jp,
constitutional_court,Shinano,https://www.town.shinano.lg.jp/,town.shinano.lg.jp,
constitutional_court,Shingū-machi,https://www.town.shingu.fukuoka.jp/,town.shingu.fukuoka.jp,
constitutional_court,Shin'onsen,https://www.town.shinonsen.hyogo.jp/,town.shinonsen.hyogo.jp,
constitutional_court,Shintomi,https://www.town.shintomi.lg.jp/,town.shintomi.lg.jp,
constitutional_court,Shintotsukawa,https://www.town.shintotsukawa.lg.jp/,town.shintotsukawa.lg.jp,
constitutional_court,Shioya,https://www.town.shioya.tochigi.jp/,town.shioya.tochigi.jp,
constitutional_court,Shirahama,https://www.town.shirahama.wakayama.jp/,town.shirahama.wakayama.jp,
constitutional_court,Shirakawa,https://www.town.shirakawa.lg.jp/,town.shirakawa.lg.jp,
constitutional_court,Shirako,https://www.town.shirako.lg.jp/,town.shirako.lg.jp,
constitutional_court,Shiranuka,https://www.town.shiranuka.lg.jp/,town.shiranuka.lg.jp,
constitutional_court,Shiraoi,https://www.town.shiraoi.hokkaido.jp/,town.shiraoi.hokkaido.jp,
constitutional_court,Shirataka,https://www.town.shirataka.lg.jp/,town.shirataka.lg.jp,
constitutional_court,Shiriuchi,https://www.town.shiriuchi.hokkaido.jp/,town.shiriuchi.hokkaido.jp,
constitutional_court,Shiroishi-chō,https://www.town.shiroishi.lg.jp/,town.shiroishi.lg.jp,
constitutional_court,Shirosato,https://www.town.shirosato.lg.jp/,town.shirosato.lg.jp,
constitutional_court,Shisui,https://www.town.shisui.chiba.jp/,town.shisui.chiba.jp,
constitutional_court,Shitara,https://www.town.shitara.lg.jp/,town.shitara.lg.jp,
constitutional_court,Shiwa,https://www.town.shiwa.iwate.jp/,town.shiwa.iwate.jp,
constitutional_court,Shizukuishi,https://www.town.shizukuishi.iwate.jp/,town.shizukuishi.iwate.jp,
constitutional_court,Shōdoshima-chō,https://www.town.shodoshima.lg.jp/,town.shodoshima.lg.jp,
constitutional_court,Shōnai-machi,https://www.town.shonai.lg.jp,town.shonai.lg.jp,
constitutional_court,Shōō-chō,http://www.town.shoo.lg.jp/,town.shoo.lg.jp,
constitutional_court,Shōwa-chō,https://www.town.showa.yamanashi.jp/,town.showa.yamanashi.jp,
constitutional_court,Sōbetsu-chō,https://www.town.sobetsu.lg.jp/,town.sobetsu.lg.jp,
constitutional_court,Soeda,https://www.town.soeda.fukuoka.jp/,town.soeda.fukuoka.jp,
constitutional_court,Sotogahama,https://www.town.sotogahama.lg.jp/,town.sotogahama.lg.jp,
constitutional_court,Sue,https://www.town.sue.fukuoka.jp/,town.sue.fukuoka.jp,
constitutional_court,Sugito,https://www.town.sugito.lg.jp/,town.sugito.lg.jp,
constitutional_court,Sumita,https://www.town.sumita.iwate.jp/,town.sumita.iwate.jp,
constitutional_court,Suō-ōshima-chō,https://www.town.suo-oshima.lg.jp/,town.suo-oshima.lg.jp,
constitutional_court,Susami,http://www.town.susami.lg.jp/,town.susami.lg.jp,
constitutional_court,Suttsu,http://www.town.suttu.lg.jp/,town.suttu.lg.jp,
constitutional_court,Tabuse,https://www.town.tabuse.lg.jp/,town.tabuse.lg.jp,
constitutional_court,Tachiarai,https://www.town.tachiarai.fukuoka.jp/,town.tachiarai.fukuoka.jp,
constitutional_court,Tadami,https://www.town.tadami.lg.jp/,town.tadami.lg.jp,
constitutional_court,Tadaoka,https://www.town.tadaoka.osaka.jp/,town.tadaoka.osaka.jp,
constitutional_court,Tadotsu,https://www.town.tadotsu.kagawa.jp/,town.tadotsu.kagawa.jp,
constitutional_court,Taga,https://www.town.taga.lg.jp/,town.taga.lg.jp,
constitutional_court,Tagami,https://www.town.tagami.niigata.jp/,town.tagami.niigata.jp,
constitutional_court,Taiji,https://www.town.taiji.wakayama.jp,town.taiji.wakayama.jp,
supreme_court,Taiki Town Council,https://www.town.taiki.hokkaido.jp/choseijoho/taikichogikai/,town.taiki.hokkaido.jp,
parliament,Taiki Town Council,https://www.town.taiki.hokkaido.jp/choseijoho/taikichogikai/,town.taiki.hokkaido.jp,
constitutional_court,Taiki,https://www.town.taiki.hokkaido.jp/,town.taiki.hokkaido.jp,
constitutional_court,Taiki,https://www.town.taiki.mie.jp/,town.taiki.mie.jp,
constitutional_court,Taishi,https://www.town.taishi.osaka.jp/,town.taishi.osaka.jp,
constitutional_court,Taiwa,https://www.town.taiwa.miyagi.jp/,town.taiwa.miyagi.jp,
constitutional_court,Tajiri,https://www.town.tajiri.osaka.jp/,town.tajiri.osaka.jp,
constitutional_court,Taka,https://www.town.taka.lg.jp/,town.taka.lg.jp,
constitutional_court,Takahama,https://www.town.takahama.fukui.jp/,town.takahama.fukui.jp,
constitutional_court,Takaharu,https://www.town.takaharu.lg.jp/,town.takaharu.lg.jp,
constitutional_court,Takahata,https://www.town.takahata.yamagata.jp/,town.takahata.yamagata.jp,
constitutional_court,Takamori,https://www.town.takamori.kumamoto.jp/,town.takamori.kumamoto.jp,
constitutional_court,Takanabe,https://www.town.takanabe.lg.jp/,town.takanabe.lg.jp,
constitutional_court,Takanezawa,https://www.town.takanezawa.tochigi.jp/,town.takanezawa.tochigi.jp,
constitutional_court,Takasu,https://www.town.takasu.hokkaido.jp/,town.takasu.hokkaido.jp,
constitutional_court,Takatori,https://www.town.takatori.nara.jp/,town.takatori.nara.jp,
constitutional_court,Taketomi,https://www.town.taketomi.lg.jp/,town.taketomi.lg.jp,
constitutional_court,Taketoyo,https://www.town.taketoyo.lg.jp/,town.taketoyo.lg.jp,
constitutional_court,Taki,https://www.town.taki.mie.jp/,town.taki.mie.jp,
constitutional_court,Takinoue,https://town.takinoue.hokkaido.jp/,town.takinoue.hokkaido.jp,
constitutional_court,Takko,https://www.town.takko.lg.jp/,town.takko.lg.jp,
constitutional_court,Tako,https://www.town.tako.chiba.jp/,town.tako.chiba.jp,
constitutional_court,Tamamura,https://www.town.tamamura.lg.jp/,town.tamamura.lg.jp,
constitutional_court,Tanagura,https://www.town.tanagura.fukushima.jp/,town.tanagura.fukushima.jp,
constitutional_court,Tara,https://www.town.tara.lg.jp/,town.tara.lg.jp,
constitutional_court,Taragi,https://www.town.taragi.lg.jp/,town.taragi.lg.jp,
constitutional_court,Tarui,https://www.town.tarui.lg.jp/,town.tarui.lg.jp,
constitutional_court,Tateshina,https://www.town.tateshina.nagano.jp/,town.tateshina.nagano.jp,
constitutional_court,Tateyama,https://www.town.tateyama.toyama.jp/,town.tateyama.toyama.jp,
constitutional_court,Tatsugō-chō,https://www.town.tatsugo.lg.jp/,town.tatsugo.lg.jp,
constitutional_court,Tatsuno,https://www.town.tatsuno.lg.jp/,town.tatsuno.lg.jp,
constitutional_court,Tawaramoto,https://www.town.tawaramoto.nara.jp/,town.tawaramoto.nara.jp,
constitutional_court,Teshikaga,https://www.town.teshikaga.hokkaido.jp/,town.teshikaga.hokkaido.jp,
constitutional_court,Tobe,https://www.town.tobe.ehime.jp/,town.tobe.ehime.jp,
constitutional_court,Tōbetsu-chō,https://www.town.tobetsu.hokkaido.jp/,town.tobetsu.hokkaido.jp,
constitutional_court,Haga,https://www.town.tochigi-haga.lg.jp/,town.tochigi-haga.lg.jp,
constitutional_court,Nakagawa,https://www.town.tochigi-nakagawa.lg.jp/,town.tochigi-nakagawa.lg.jp,
constitutional_court,Tōei-chō,https://www.town.toei.aichi.jp/,town.toei.aichi.jp,
constitutional_court,Togitsu,https://www.town.togitsu.nagasaki.jp/,town.togitsu.nagasaki.jp,
constitutional_court,Tōma-chō,https://www.town.tohma.hokkaido.jp/,town.tohma.hokkaido.jp,
constitutional_court,Tōnoshō-machi,https://www.town.tohnosho.chiba.jp/,town.tohnosho.chiba.jp,
constitutional_court,Tōhoku-machi,https://www.town.tohoku.lg.jp/,town.tohoku.lg.jp,
constitutional_court,Tōin-chō,https://www.town.toin.lg.jp/,town.toin.lg.jp,
constitutional_court,Tokigawa,https://www.town.tokigawa.lg.jp/,town.tokigawa.lg.jp,
constitutional_court,Mugi,https://www.town.tokushima-mugi.lg.jp/,town.tokushima-mugi.lg.jp,
constitutional_court,Naka-chō,https://www.town.tokushima-naka.lg.jp/,town.tokushima-naka.lg.jp,
constitutional_court,Tsurugi,https://www.town.tokushima-tsurugi.lg.jp/,town.tokushima-tsurugi.lg.jp,
constitutional_court,Tomamae,http://www.town.tomamae.lg.jp/,town.tomamae.lg.jp,
constitutional_court,Tomika,https://www.town.tomika.gifu.jp/,town.tomika.gifu.jp,
constitutional_court,Tone,https://www.town.tone.ibaraki.jp/,town.tone.ibaraki.jp,
constitutional_court,Tonoshō-chō,https://www.town.tonosho.kagawa.jp/,town.tonosho.kagawa.jp,
constitutional_court,Tosa,http://www.town.tosa.kochi.jp/,town.tosa.kochi.jp,
constitutional_court,Tōyako-chō,http://www.town.toyako.hokkaido.jp/,town.toyako.hokkaido.jp,
constitutional_court,Tōyō-chō,http://www.town.toyo.kochi.jp/,town.toyo.kochi.jp,
constitutional_court,Toyono,https://www.town.toyono.osaka.jp/,town.toyono.osaka.jp,
constitutional_court,Toyosato,https://www.town.toyosato.shiga.jp/,town.toyosato.shiga.jp,
constitutional_court,Toyotomi,https://www.town.toyotomi.hokkaido.jp/,town.toyotomi.hokkaido.jp,
constitutional_court,Toyoura,https://www.town.toyoura.hokkaido.jp/,town.toyoura.hokkaido.jp,
constitutional_court,Toyoyama,https://www.town.toyoyama.lg.jp/,town.toyoyama.lg.jp,
constitutional_court,Tsubata,https://www.town.tsubata.lg.jp/,town.tsubata.lg.jp,
constitutional_court,Tsubetsu,https://www.town.tsubetsu.hokkaido.jp/,town.tsubetsu.hokkaido.jp,
constitutional_court,Tsukigata,http://www.town.tsukigata.hokkaido.jp/,town.tsukigata.hokkaido.jp,
constitutional_court,Tsunagi,https://www.town.tsunagi.lg.jp/,town.tsunagi.lg.jp,
constitutional_court,Tsunan,https://www.town.tsunan.niigata.jp/,town.tsunan.niigata.jp,
constitutional_court,Tsuno,https://www.town.tsuno.lg.jp/,town.tsuno.lg.jp,
constitutional_court,Tsuruta,http://www.town.tsuruta.lg.jp/,town.tsuruta.lg.jp,
constitutional_court,Itayanagi,https://www.town.tsuruta.lg.jp/,town.tsuruta.lg.jp,
constitutional_court,Tsuwano,https://www.town.tsuwano.lg.jp/,town.tsuwano.lg.jp,
constitutional_court,Uchiko-chō,https://www.town.uchiko.ehime.jp/,town.uchiko.ehime.jp,
constitutional_court,Uchinada,https://www.town.uchinada.lg.jp/,town.uchinada.lg.jp,
constitutional_court,Ugo,https://www.town.ugo.lg.jp/,town.ugo.lg.jp,
constitutional_court,Ujitawara,https://www.town.ujitawara.kyoto.jp/,town.ujitawara.kyoto.jp,
constitutional_court,Umi,https://www.town.umi.lg.jp/,town.umi.lg.jp,
constitutional_court,Urakawa,https://www.town.urakawa.hokkaido.jp/,town.urakawa.hokkaido.jp,
constitutional_court,Urausu,https://www.town.urausu.hokkaido.jp/,town.urausu.hokkaido.jp,
constitutional_court,Uryu,https://www.town.uryu.hokkaido.jp/,town.uryu.hokkaido.jp,
constitutional_court,Utazu,https://www.town.utazu.lg.jp/,town.utazu.lg.jp,
constitutional_court,Wadomari,https://www.town.wadomari.lg.jp/,town.wadomari.lg.jp,
constitutional_court,Wakasa,https://www.town.wakasa.tottori.jp/,town.wakasa.tottori.jp,
constitutional_court,Hidaka,http://www.town.wakayama-hidaka.lg.jp/,town.wakayama-hidaka.lg.jp,
constitutional_court,Inami,https://www.town.wakayama-inami.lg.jp/,town.wakayama-inami.lg.jp,
constitutional_court,Wake,https://www.town.wake.lg.jp/,town.wake.lg.jp,
constitutional_court,Waki,https://www.town.waki.lg.jp/,town.waki.lg.jp,
constitutional_court,Wakuya,https://www.town.wakuya.miyagi.jp/,town.wakuya.miyagi.jp,
constitutional_court,Wanouchi,https://town.wanouchi.gifu.jp/,town.wanouchi.gifu.jp,
constitutional_court,Wassamu,https://www.town.wassamu.hokkaido.jp/,town.wassamu.hokkaido.jp,
constitutional_court,Watarai,https://www.town.watarai.lg.jp/,town.watarai.lg.jp,
constitutional_court,Watari,https://www.town.watari.miyagi.jp/,town.watari.miyagi.jp,
constitutional_court,Wazuka,https://www.town.wazuka.lg.jp/,town.wazuka.lg.jp,
constitutional_court,Yabuki,https://www.town.yabuki.fukushima.jp/,town.yabuki.fukushima.jp,
constitutional_court,Yaese,https://www.town.yaese.lg.jp/,town.yaese.lg.jp,
constitutional_court,Yahaba,https://www.town.yahaba.iwate.jp/,town.yahaba.iwate.jp,
constitutional_court,Yakage,http://www.town.yakage.okayama.jp/,town.yakage.okayama.jp,
constitutional_court,Yakumo,https://www.town.yakumo.lg.jp/,town.yakumo.lg.jp,
constitutional_court,Yakushima,https://www.town.yakushima.kagoshima.jp/,town.yakushima.kagoshima.jp,
constitutional_court,Yamada,https://www.town.yamada.iwate.jp/,town.yamada.iwate.jp,
constitutional_court,Yamakita,https://www.town.yamakita.kanagawa.jp/,town.yamakita.kanagawa.jp,
constitutional_court,Yamamoto,https://www.town.yamamoto.miyagi.jp/,town.yamamoto.miyagi.jp,
constitutional_court,Yamanobe,https://www.town.yamanobe.yamagata.jp/,town.yamanobe.yamagata.jp,
constitutional_court,Yamanouchi,https://www.town.yamanouchi.nagano.jp/,town.yamanouchi.nagano.jp,
constitutional_court,Yamatsuri,https://www.town.yamatsuri.fukushima.jp/,town.yamatsuri.fukushima.jp,
constitutional_court,Yanaizu,https://www.town.yanaizu.fukushima.jp/,town.yanaizu.fukushima.jp,
constitutional_court,Yaotsu,https://www.town.yaotsu.lg.jp/,town.yaotsu.lg.jp,
constitutional_court,Yasuda,https://www.town.yasuda.kochi.jp/,town.yasuda.kochi.jp,
constitutional_court,Yazu,https://www.town.yazu.tottori.jp/,town.yazu.tottori.jp,
constitutional_court,Yoichi,https://www.town.yoichi.hokkaido.jp/,town.yoichi.hokkaido.jp,
constitutional_court,Yokohama,https://www.town.yokohama.lg.jp/,town.yokohama.lg.jp,
constitutional_court,Yokoshibahikari,https://www.town.yokoshibahikari.chiba.jp/,town.yokoshibahikari.chiba.jp,
constitutional_court,Yokoze,https://www.town.yokoze.saitama.jp/,town.yokoze.saitama.jp,
constitutional_court,Yonabaru,https://www.town.yonabaru.okinawa.jp/,town.yonabaru.okinawa.jp,
constitutional_court,Yonaguni,https://www.town.yonaguni.okinawa.jp/,town.yonaguni.okinawa.jp,
constitutional_court,Yorii,https://www.town.yorii.saitama.jp/,town.yorii.saitama.jp,
constitutional_court,Yōrō-chō,https://www.town.yoro.gifu.jp/,town.yoro.gifu.jp,
constitutional_court,Yosano,https://www.town.yosano.lg.jp/,town.yosano.lg.jp,
constitutional_court,Yoshida,https://www.town.yoshida.shizuoka.jp/,town.yoshida.shizuoka.jp,
constitutional_court,Yoshika,https://www.town.yoshika.lg.jp/,town.yoshika.lg.jp,
constitutional_court,Yoshimi,https://www.town.yoshimi.saitama.jp/,town.yoshimi.saitama.jp,
constitutional_court,Yoshino,https://www.town.yoshino.nara.jp/,town.yoshino.nara.jp,
constitutional_court,Yoshinogari,https://www.town.yoshinogari.lg.jp/,town.yoshinogari.lg.jp,
constitutional_court,Yoshioka,https://www.town.yoshioka.gunma.jp/,town.yoshioka.gunma.jp,
constitutional_court,Yoshitomi,https://www.town.yoshitomi.lg.jp/,town.yoshitomi.lg.jp,
constitutional_court,Yuasa,https://www.town.yuasa.wakayama.jp/,town.yuasa.wakayama.jp,
constitutional_court,Yūbetsu-chō,https://www.town.yubetsu.lg.jp/,town.yubetsu.lg.jp,
constitutional_court,Yugawara,https://www.town.yugawara.kanagawa.jp/,town.yugawara.kanagawa.jp,
constitutional_court,Yuni,https://www.town.yuni.lg.jp/,town.yuni.lg.jp,
constitutional_court,Yunomae,https://www.town.yunomae.lg.jp/,town.yunomae.lg.jp,
constitutional_court,Yura,http://www.town.yura.wakayama.jp/,town.yura.wakayama.jp,
constitutional_court,Yusuhara,http://www.town.yusuhara.kochi.jp/,town.yusuhara.kochi.jp,
constitutional_court,Yūsui-chō,https://www.town.yusui.kagoshima.jp/,town.yusui.kagoshima.jp,
constitutional_court,Yuza,https://www.town.yuza.yamagata.jp/,town.yuza.yamagata.jp,
constitutional_court,Yuzawa,https://www.town.yuzawa.lg.jp/,town.yuzawa.lg.jp,
constitutional_court,Zaō-machi,https://www.town.zao.miyagi.jp/,town.zao.miyagi.jp,
constitutional_court,Hamanaka,https://www.townhamanaka.jp/,townhamanaka.jp,
constitutional_court,Kamiita,https://www.townkamiita.jp/,townkamiita.jp,
constitutional_court,Toyokoro,https://www.toyokoro.jp/,toyokoro.jp,
parliament,Toyokoro Town Council,https://www.toyokoro.jp/site/gikai/,toyokoro.jp,
supreme_court,Toyokoro Town Council,https://www.toyokoro.jp/site/gikai/,toyokoro.jp,
constitutional_court,Tsuruoka,https://www.tsuruokacity.com,tsuruokacity.com,
constitutional_court,Ubuyama,https://www.ubuyama-v.jp/,ubuyama-v.jp,
constitutional_court,Ueno,http://www.uenomura.jp/,uenomura.jp,
constitutional_court,Uken,https://www.uken.net/,uken.net,
constitutional_court,Urahoro,https://www.urahoro.jp/,urahoro.jp,
constitutional_court,Urugi,https://www.urugi.jp/,urugi.jp,
constitutional_court,Nakajima,https://www.vill-nakajima.jp/,vill-nakajima.jp,
constitutional_court,Shimojō-mura,https://www.vill-shimojo.jp/,vill-shimojo.jp,
constitutional_court,Tenryū-mura,https://www.vill-tenryu.jp/,vill-tenryu.jp,
constitutional_court,Achi,https://www.vill.achi.lg.jp/,vill.achi.lg.jp,
constitutional_court,Aguni,https://www.vill.aguni.okinawa.jp/,vill.aguni.okinawa.jp,
constitutional_court,Aogashima,https://www.vill.aogashima.tokyo.jp/,vill.aogashima.tokyo.jp,
constitutional_court,Aoki,http://www.vill.aoki.nagano.jp/,vill.aoki.nagano.jp,
constitutional_court,Asahi,https://www.vill.asahi.nagano.jp/,vill.asahi.nagano.jp,
constitutional_court,Awashimaura,https://www.vill.awashimaura.lg.jp/,vill.awashimaura.lg.jp,
constitutional_court,Chibu,http://www.vill.chibu.lg.jp/,vill.chibu.lg.jp,
constitutional_court,Chihayaakasaka,https://www.vill.chihayaakasaka.osaka.jp/,vill.chihayaakasaka.osaka.jp,
constitutional_court,Chikuhoku,https://www.vill.chikuhoku.lg.jp/,vill.chikuhoku.lg.jp,
constitutional_court,Chōsei-mura,https://www.vill.chosei.chiba.jp/,vill.chosei.chiba.jp,
constitutional_court,Dōshi-mura,http://www.vill.doshi.lg.jp/,vill.doshi.lg.jp,
constitutional_court,Fudai,https://www.vill.fudai.iwate.jp/,vill.fudai.iwate.jp,
constitutional_court,Funahashi,https://www.vill.funahashi.toyama.jp/,vill.funahashi.toyama.jp,
constitutional_court,Geisei,https://www.vill.geisei.kochi.jp/,vill.geisei.kochi.jp,
constitutional_court,Ginoza,http://www.vill.ginoza.okinawa.jp/,vill.ginoza.okinawa.jp,
constitutional_court,Hakuba,https://www.vill.hakuba.lg.jp/English/,vill.hakuba.lg.jp,
constitutional_court,Hakuba,https://www.vill.hakuba.lg.jp/,vill.hakuba.lg.jp,
constitutional_court,Hara,https://www.vill.hara.lg.jp/,vill.hara.lg.jp,
constitutional_court,Hidaka,https://www.vill.hidaka.kochi.jp/,vill.hidaka.kochi.jp,
constitutional_court,Higashi,https://www.vill.higashi.okinawa.jp/,vill.higashi.okinawa.jp,
constitutional_court,Higashichichibu,https://www.vill.higashichichibu.saitama.jp/,vill.higashichichibu.saitama.jp,
constitutional_court,Higashidōri-mura,http://www.vill.higashidoori.lg.jp/,vill.higashidoori.lg.jp,
constitutional_court,Higashishirakawa,https://www.vill.higashishirakawa.gifu.jp/,vill.higashishirakawa.gifu.jp,
constitutional_court,Higashiyoshino,http://www.vill.higashiyoshino.nara.jp/,vill.higashiyoshino.nara.jp,
constitutional_court,Hinoemata,https://www.vill.hinoemata.lg.jp/,vill.hinoemata.lg.jp,
constitutional_court,Hinohara,https://www.vill.hinohara.tokyo.jp/,vill.hinohara.tokyo.jp,
constitutional_court,Hirata,https://www.vill.hirata.fukushima.jp/,vill.hirata.fukushima.jp,
constitutional_court,Iheya,https://www.vill.iheya.okinawa.jp/,vill.iheya.okinawa.jp,
constitutional_court,Iitate,https://www.vill.iitate.fukushima.jp/,vill.iitate.fukushima.jp,
constitutional_court,Inakadate,http://www.vill.inakadate.lg.jp/,vill.inakadate.lg.jp,
constitutional_court,Itsuki,https://www.vill.itsuki.lg.jp/,vill.itsuki.lg.jp,
constitutional_court,Izena,https://vill.izena.okinawa.jp/,vill.izena.okinawa.jp,
constitutional_court,Izumizaki,https://www.vill.izumizaki.fukushima.jp/,vill.izumizaki.fukushima.jp,
constitutional_court,Kamikitayama,https://www.vill.kamikitayama.nara.jp/,vill.kamikitayama.nara.jp,
constitutional_court,Kamikoani,https://www.vill.kamikoani.akita.jp/,vill.kamikoani.akita.jp,
constitutional_court,Kamoenai,https://www.vill.kamoenai.hokkaido.jp/,vill.kamoenai.hokkaido.jp,
constitutional_court,Kariwa,https://www.vill.kariwa.niigata.jp/,vill.kariwa.niigata.jp,
constitutional_court,Katashina,https://www.vill.katashina.gunma.jp/,vill.katashina.gunma.jp,
constitutional_court,Kawaba,https://www.vill.kawaba.gunma.jp/,vill.kawaba.gunma.jp,
constitutional_court,Kawakami,https://www.vill.kawakami.nagano.jp/,vill.kawakami.nagano.jp,
constitutional_court,Kawakami,https://www.vill.kawakami.nara.jp/,vill.kawakami.nara.jp,
constitutional_court,Kijimadaira,https://www.vill.kijimadaira.lg.jp/,vill.kijimadaira.lg.jp,
constitutional_court,Kiso,https://www.vill.kiso.nagano.jp/,vill.kiso.nagano.jp,
constitutional_court,Kitaaiki,http://www.vill.kitaaiki.nagano.jp/,vill.kitaaiki.nagano.jp,
constitutional_court,Kitadaito,https://vill.kitadaito.okinawa.jp/,vill.kitadaito.okinawa.jp,
constitutional_court,Kitanakagusuku,https://www.vill.kitanakagusuku.lg.jp/,vill.kitanakagusuku.lg.jp,
constitutional_court,Kitashiobara,https://www.vill.kitashiobara.fukushima.jp/,vill.kitashiobara.fukushima.jp,
constitutional_court,Kitayama,https://www.vill.kitayama.wakayama.jp/,vill.kitayama.wakayama.jp,
constitutional_court,Kosuge,http://www.vill.kosuge.yamanashi.jp/,vill.kosuge.yamanashi.jp,
constitutional_court,Kozushima,https://vill.kouzushima.tokyo.jp/,vill.kouzushima.tokyo.jp,local
constitutional_court,Kunigami,http://www.vill.kunigami.okinawa.jp/,vill.kunigami.okinawa.jp,
constitutional_court,Kunohe,https://www.vill.kunohe.iwate.jp/,vill.kunohe.iwate.jp,
constitutional_court,Kurotaki,https://www.vill.kurotaki.nara.jp/,vill.kurotaki.nara.jp,
constitutional_court,Makkari,https://www.vill.makkari.lg.jp/,vill.makkari.lg.jp,
constitutional_court,Matsukawa,https://www.vill.matsukawa.nagano.jp/,vill.matsukawa.nagano.jp,
constitutional_court,Mihara,http://www.vill.mihara.kochi.jp/,vill.mihara.kochi.jp,
constitutional_court,Miho,https://www.vill.miho.lg.jp/,vill.miho.lg.jp,
constitutional_court,Mikurajima,https://www.vill.mikurasima.tokyo.jp/,vill.mikurasima.tokyo.jp,local
constitutional_court,Minamiaso,https://www.vill.minamiaso.lg.jp/,vill.minamiaso.lg.jp,
constitutional_court,Minamidaitō-son,http://www.vill.minamidaito.okinawa.jp/,vill.minamidaito.okinawa.jp,
constitutional_court,Minamiminowa,https://www.vill.minamiminowa.lg.jp/,vill.minamiminowa.lg.jp,
constitutional_court,Minamiyamashiro,https://www.vill.minamiyamashiro.lg.jp/,vill.minamiyamashiro.lg.jp,
constitutional_court,Mitsue,https://www.vill.mitsue.nara.jp/,vill.mitsue.nara.jp,
constitutional_court,Miyada,https://www.vill.miyada.nagano.jp/,vill.miyada.nagano.jp,
constitutional_court,Miyake,https://www.vill.miyake.tokyo.jp/,vill.miyake.tokyo.jp,local
constitutional_court,Mizukami,https://www.vill.mizukami.lg.jp/,vill.mizukami.lg.jp,
constitutional_court,Morotsuka,https://www.vill.morotsuka.miyazaki.jp/,vill.morotsuka.miyazaki.jp,
constitutional_court,Toyooka,https://www.vill.nagano-toyooka.lg.jp/,vill.nagano-toyooka.lg.jp,
constitutional_court,Nakagawa,https://www.vill.nakagawa.nagano.jp/,vill.nakagawa.nagano.jp,
constitutional_court,Nakagusuku,https://www.vill.nakagusuku.okinawa.jp/,vill.nakagusuku.okinawa.jp,
constitutional_court,Nakasatsunai,https://www.vill.nakasatsunai.hokkaido.jp/,vill.nakasatsunai.hokkaido.jp,
parliament,Nakasatsunai Village Council,https://www.vill.nakasatsunai.hokkaido.jp/gikai/,vill.nakasatsunai.hokkaido.jp,
supreme_court,Nakasatsunai Village Council,https://www.vill.nakasatsunai.hokkaido.jp/gikai/,vill.nakasatsunai.hokkaido.jp,
constitutional_court,Narusawa,https://www.vill.narusawa.yamanashi.jp/,vill.narusawa.yamanashi.jp,
constitutional_court,Nishiawakura,https://www.vill.nishiawakura.okayama.jp/,vill.nishiawakura.okayama.jp,
constitutional_court,Nishigō-mura,https://www.vill.nishigo.fukushima.jp/,vill.nishigo.fukushima.jp,
constitutional_court,Nishihara,https://www.vill.nishihara.kumamoto.jp/,vill.nishihara.kumamoto.jp,
constitutional_court,Nishimera,https://www.vill.nishimera.lg.jp/,vill.nishimera.lg.jp,
constitutional_court,Nishiokoppe,https://www.vill.nishiokoppe.lg.jp/,vill.nishiokoppe.lg.jp,
constitutional_court,Noda,https://www.vill.noda.iwate.jp/,vill.noda.iwate.jp,
constitutional_court,Nosegawa,https://www.vill.nosegawa.nara.jp/,vill.nosegawa.nara.jp,
constitutional_court,Nozawaonsen,https://www.vill.nozawaonsen.nagano.jp/,vill.nozawaonsen.nagano.jp,
constitutional_court,Ogasawara Village,https://www.vill.ogasawara.tokyo.jp/,vill.ogasawara.tokyo.jp,
constitutional_court,Ogata,https://www.vill.ogata.akita.jp/,vill.ogata.akita.jp,
constitutional_court,Ogawa,https://www.vill.ogawa.nagano.jp/,vill.ogawa.nagano.jp,
constitutional_court,Ogimi,https://www.vill.ogimi.okinawa.jp/,vill.ogimi.okinawa.jp,
constitutional_court,Okura,https://www.vill.ohkura.yamagata.jp/,vill.ohkura.yamagata.jp,
constitutional_court,Okawa,https://www.vill.okawa.kochi.jp/,vill.okawa.kochi.jp,
constitutional_court,Okuwa,https://www.vill.okuwa.lg.jp/,vill.okuwa.lg.jp,
constitutional_court,Omi,https://www.vill.omi.nagano.jp/,vill.omi.nagano.jp,
constitutional_court,Onna,https://www.vill.onna.okinawa.jp/,vill.onna.okinawa.jp,
constitutional_court,Oshika,http://www.vill.ooshika.nagano.jp/,vill.ooshika.nagano.jp,
constitutional_court,Oshino,https://www.vill.oshino.lg.jp/,vill.oshino.lg.jp,
constitutional_court,Otaki,https://www.vill.otaki.nagano.jp/,vill.otaki.nagano.jp,
constitutional_court,Otama,https://www.vill.otama.fukushima.jp/,vill.otama.fukushima.jp,
constitutional_court,Otari,https://www.vill.otari.nagano.jp/,vill.otari.nagano.jp,
constitutional_court,Otoineppu,https://www.vill.otoineppu.hokkaido.jp/,vill.otoineppu.hokkaido.jp,
constitutional_court,Rusutsu,https://www.vill.rusutsu.lg.jp/,vill.rusutsu.lg.jp,
constitutional_court,Sagara,https://www.vill.sagara.lg.jp/,vill.sagara.lg.jp,
constitutional_court,Sai,http://www.vill.sai.lg.jp/,vill.sai.lg.jp,
constitutional_court,Sakae,http://www.vill.sakae.nagano.jp/,vill.sakae.nagano.jp,
constitutional_court,Sakegawa,https://www.vill.sakegawa.yamagata.jp/,vill.sakegawa.yamagata.jp,
constitutional_court,Samegawa,https://www.vill.samegawa.fukushima.jp/,vill.samegawa.fukushima.jp,
constitutional_court,Sanagōchi-son,https://www.vill.sanagochi.lg.jp/,vill.sanagochi.lg.jp,
constitutional_court,Sarufutsu,https://www.vill.sarufutsu.hokkaido.jp/,vill.sarufutsu.hokkaido.jp,
constitutional_court,Sekikawa,http://www.vill.sekikawa.niigata.jp/,vill.sekikawa.niigata.jp,
constitutional_court,Shiiba,https://www.vill.shiiba.miyazaki.jp/,vill.shiiba.miyazaki.jp,
constitutional_court,Shimamaki,https://www.vill.shimamaki.lg.jp/,vill.shimamaki.lg.jp,
constitutional_court,Shimokitayama,https://www.vill.shimokitayama.nara.jp/,vill.shimokitayama.nara.jp,
constitutional_court,Shimukappu,https://www.vill.shimukappu.lg.jp/,vill.shimukappu.lg.jp,
constitutional_court,Shingo,http://www.vill.shingo.aomori.jp/,vill.shingo.aomori.jp,
constitutional_court,Shinjō-son,http://www.vill.shinjo.okayama.jp/,vill.shinjo.okayama.jp,
constitutional_court,Shinshinotsu,https://www.vill.shinshinotsu.hokkaido.jp/,vill.shinshinotsu.hokkaido.jp,
constitutional_court,Shintō-mura,https://www.vill.shinto.gunma.jp/,vill.shinto.gunma.jp,
constitutional_court,Shosanbetsu,http://www.vill.shosanbetsu.lg.jp/,vill.shosanbetsu.lg.jp,
constitutional_court,Shōwa-mura,https://www.vill.showa.fukushima.jp/,vill.showa.fukushima.jp,
constitutional_court,Shōwa-mura,https://www.vill.showa.gunma.jp/,vill.showa.gunma.jp,
constitutional_court,Soni,https://www.vill.soni.nara.jp/,vill.soni.nara.jp,
constitutional_court,Tabayama,https://www.vill.tabayama.yamanashi.jp/,vill.tabayama.yamanashi.jp,
constitutional_court,Takagi,https://www.vill.takagi.lg.jp/,vill.takagi.lg.jp,
constitutional_court,Takayama,https://vill.takayama.gunma.jp/,vill.takayama.gunma.jp,
constitutional_court,Takayama,https://www.vill.takayama.nagano.jp/,vill.takayama.nagano.jp,
constitutional_court,Tamakawa,https://www.vill.tamakawa.fukushima.jp/,vill.tamakawa.fukushima.jp,
constitutional_court,Tanohata,https://www.vill.tanohata.iwate.jp/,vill.tanohata.iwate.jp,
constitutional_court,Tarama,https://www.vill.tarama.okinawa.jp/,vill.tarama.okinawa.jp,
constitutional_court,Ten-ei,https://www.vill.tenei.fukushima.jp/,vill.tenei.fukushima.jp,
constitutional_court,Tenkawa,https://www.vill.tenkawa.nara.jp/,vill.tenkawa.nara.jp,
constitutional_court,Tobishima,https://www.vill.tobishima.aichi.jp/,vill.tobishima.aichi.jp,
constitutional_court,Tōhō-mura,https://vill.toho-info.com/,vill.toho-info.com,
constitutional_court,Tōkai-mura,https://www.vill.tokai.ibaraki.jp/,vill.tokai.ibaraki.jp,
constitutional_court,Tokashiki,https://www.vill.tokashiki.okinawa.jp/,vill.tokashiki.okinawa.jp,
constitutional_court,Tomari,https://www.vill.tomari.hokkaido.jp/,vill.tomari.hokkaido.jp,
constitutional_court,Tonaki,http://www.vill.tonaki.okinawa.jp/,vill.tonaki.okinawa.jp,
constitutional_court,Totsukawa,https://www.vill.totsukawa.lg.jp/,vill.totsukawa.lg.jp,
constitutional_court,Toyone,https://www.vill.toyone.aichi.jp/,vill.toyone.aichi.jp,
constitutional_court,Tozawa,https://www.vill.tozawa.yamagata.jp/,vill.tozawa.yamagata.jp,
constitutional_court,Tsumagoi,https://www.vill.tsumagoi.gunma.jp/,vill.tsumagoi.gunma.jp,
constitutional_court,Tsurui,https://www.vill.tsurui.lg.jp/,vill.tsurui.lg.jp,
constitutional_court,Umaji,https://vill.umaji.lg.jp/,vill.umaji.lg.jp,
constitutional_court,Yahiko,https://www.vill.yahiko.niigata.jp/,vill.yahiko.niigata.jp,
constitutional_court,Yamae,https://www.vill.yamae.lg.jp/,vill.yamae.lg.jp,
constitutional_court,Yamagata,https://www.vill.yamagata.nagano.jp/,vill.yamagata.nagano.jp,
constitutional_court,Yamanakako,https://www.vill.yamanakako.lg.jp/,vill.yamanakako.lg.jp,
constitutional_court,Yamato,https://www.vill.yamato.lg.jp/,vill.yamato.lg.jp,
constitutional_court,Yamazoe,https://www.vill.yamazoe.nara.jp/,vill.yamazoe.nara.jp,
constitutional_court,Yasuoka,https://vill.yasuoka.nagano.jp/,vill.yasuoka.nagano.jp,
constitutional_court,Yomitan,https://www.vill.yomitan.okinawa.jp/index.html,vill.yomitan.okinawa.jp,
constitutional_court,Yomogita,https://www.vill.yomogita.lg.jp/,vill.yomogita.lg.jp,
constitutional_court,Yugawa,https://www.vill.yugawa.fukushima.jp/,vill.yugawa.fukushima.jp,
constitutional_court,Zamami,https://www.vill.zamami.okinawa.jp/,vill.zamami.okinawa.jp,
constitutional_court,Ikusaka,https://www.village.ikusaka.nagano.jp/,village.ikusaka.nagano.jp,
constitutional_court,Ohira,https://www.village.ohira.miyagi.jp/,village.ohira.miyagi.jp,
constitutional_court,Q95947718,https://www.watarigyousei.com/,watarigyousei.com,
constitutional_court,Awaji District Administration Office,https://web.pref.hyogo.lg.jp/area/awaji/index.html,web.pref.hyogo.lg.jp,local
constitutional_court,Q11559828,https://web.pref.hyogo.lg.jp/area/awaji/index.html,web.pref.hyogo.lg.jp,
constitutional_court,Hyōgo Prefecture,https://web.pref.hyogo.lg.jp/,web.pref.hyogo.lg.jp,
constitutional_court,Nagayo,https://webtown.nagayo.jp/,webtown.nagayo.jp,
constitutional_court,Osaka Water Supply Authority,http://www.wsa-osaka.jp/,wsa-osaka.jp,
constitutional_court,Obama,https://www1.city.obama.fukui.jp/,www1.city.obama.fukui.jp,
constitutional_court,Chizu,https://www1.town.chizu.tottori.jp/,www1.town.chizu.tottori.jp,
constitutional_court,Mine,https://www2.city.mine.lg.jp/,www2.city.mine.lg.jp,
ministry,Hyōgo-ken Kyōiku Iinkai,https://www2.hyogo-c.ed.jp/weblog2/board-bo/,www2.hyogo-c.ed.jp,
constitutional_court,Asahi,https://www2.town.asahi.mie.jp/,www2.town.asahi.mie.jp,
constitutional_court,Komono,https://www2.town.komono.mie.jp/,www2.town.komono.mie.jp,
constitutional_court,Kanazawa,https://www4.city.kanazawa.lg.jp/,www4.city.kanazawa.lg.jp,
ministry,Kanazawa City Board of Education,https://www4.city.kanazawa.lg.jp/kosodate_kyoiku/kyoikuiinkai/index.html,www4.city.kanazawa.lg.jp,
constitutional_court,Q24817295,http://www6.marimo.or.jp/kushiro-tobu/,www6.marimo.or.jp,
constitutional_court,Yoron,https://www.yoron.jp/,yoron.jp,
constitutional_court,Q11414000,http://www.yoshida-makinohara-kouiki.jp/,yoshida-makinohara-kouiki.jp,
constitutional_court,Q124466992,http://www.yoshino-kouiki.jp/,yoshino-kouiki.jp,
constitutional_court,Yurihama,https://www.yurihama.jp/,yurihama.jp,
