subdomain,parent_domain,http_status,mx
147pilar.gob.ar,gob.ar,Could not resolve host: 147pilar.gob.ar,none
2015.defensoriaformosa.gob.ar,gob.ar,301,none
2015elecciones.gob.ar,gob.ar,Could not resolve host: 2015elecciones.gob.ar,none
abc.gob.ar,gob.ar,TLS connect error: error:0A00018A:SSL routines::dh key too small,5 alt1.aspmx.l.google.com.; 10 alt4.aspmx.l.google.com.; 10 alt3.aspmx.l.google.com.; 5 alt2.aspmx.l.google.com.; 0 aspmx.l.google.com.
accesible.corrientesprensa.gob.ar,gob.ar,Could not resolve host: accesible.corrientesprensa.gob.ar,none
acn.afip.gob.ar,gob.ar,Could not resolve host: acn.afip.gob.ar,none
acraiz.gob.ar,gob.ar,403,10 mail.sgp.gov.ar.
acumar.sgp.gob.ar,gob.ar,Resolving timed out after 3000 milliseconds,none
ad.sintys.gob.ar,gob.ar,Could not resolve host: ad.sintys.gob.ar,none
administracion.aftic.gob.ar,gob.ar,Could not resolve host: administracion.aftic.gob.ar,none
administracion.correo.gna.gob.ar,gob.ar,Could not resolve host: administracion.correo.gna.gob.ar,none
administraciontest.aftic.gob.ar,gob.ar,Could not resolve host: administraciontest.aftic.gob.ar,none
afi.gob.ar,gob.ar,Operation timed out after 3001 milliseconds with 0 bytes received,10 relay1.side.gob.ar.
afsca.gob.ar,gob.ar,Could not resolve host: afsca.gob.ar,none
aftic.gob.ar,gob.ar,Could not resolve host: aftic.gob.ar,none
agcba.gob.ar,gob.ar,SSL certificate problem: unable to get local issuer certificate,0 agcba-gob-ar.mail.protection.outlook.com.
agendadigital.gob.ar,gob.ar,Could not resolve host: agendadigital.gob.ar,none
aggo-conicet.gob.ar,gob.ar,200,1 smtp.aggo-conicet.gob.ar.; 2 aggo.laplata-conicet.gob.ar.
agip.gob.ar,gob.ar,403,10 smtp2.agip.gob.ar.
alpacorral.gob.ar,gob.ar,301,0 alpacorral.gob.ar.
alumine.gob.ar,gob.ar,200,1000 mxbackup.wnpower.com.; 0 mail.alumine.gob.ar.
ambiente.gob.ar,gob.ar,SSL: no alternative certificate subject name matches target hostname 'ambiente.gob.ar',10 pmg2.multidominio.gob.ar.; 20 pmg1.multidominio.gob.ar.
amparo.iosper.gob.ar,gob.ar,Could not resolve host: amparo.iosper.gob.ar,none
anses.gob.ar,gob.ar,307,5 mx3.anses.gob.ar.; 5 mx2.anses.gob.ar.
antares.dir.riogrande.gob.ar,gob.ar,TLS connect error: error:0A000410:SSL routines::ssl/tls alert handshake failure,none
antifraude.ssn.gob.ar,gob.ar,Could not resolve host: antifraude.ssn.gob.ar,none
apex-calendario.dir.riogrande.gob.ar,gob.ar,SSL: no alternative certificate subject name matches target hostname 'apex-calendario.dir.riogrande.gob.ar',none
apex-impuestos.dir.riogrande.gob.ar,gob.ar,SSL: no alternative certificate subject name matches target hostname 'apex-impuestos.dir.riogrande.gob.ar',none
apex.dir.riogrande.gob.ar,gob.ar,SSL: no alternative certificate subject name matches target hostname 'apex.dir.riogrande.gob.ar',none
apexapp.dir.riogrande.gob.ar,gob.ar,TLS connect error: error:0A000410:SSL routines::ssl/tls alert handshake failure,none
api-test.ssta.gob.ar,gob.ar,SSL: no alternative certificate subject name matches target hostname 'api-test.ssta.gob.ar',none
api.ssta.gob.ar,gob.ar,SSL: no alternative certificate subject name matches target hostname 'api.ssta.gob.ar',none
apielecciones.buenosaires.gob.ar,gob.ar,Could not resolve host: apielecciones.buenosaires.gob.ar,none
aplicaciones.ambiente.gob.ar,gob.ar,Could not resolve host: aplicaciones.ambiente.gob.ar,none
aplicaciones.dpi.gba.gob.ar,gob.ar,Could not resolve host: aplicaciones.dpi.gba.gob.ar,none
aplicaciones2.dpi.gba.gob.ar,gob.ar,Could not resolve host: aplicaciones2.dpi.gba.gob.ar,none
aplicacionesapex.dir.riogrande.gob.ar,gob.ar,302,none
apos.gob.ar,gob.ar,SSL certificate problem: certificate has expired,0 mail.apos.gob.ar.
app-rentasweb.preprod.rentasweb.gob.ar,gob.ar,Could not resolve host: app-rentasweb.preprod.rentasweb.gob.ar,none
app-rentasweb.rentasweb.gob.ar,gob.ar,Could not resolve host: app-rentasweb.rentasweb.gob.ar,none
app.iosper.gob.ar,gob.ar,Could not resolve host: app.iosper.gob.ar,none
app.rentascordoba.gob.ar,gob.ar,301,none
appdesa.rentascordoba.gob.ar,gob.ar,301,none
apps.buenosaires.gob.ar,gob.ar,200,none
apps.snr.gob.ar,gob.ar,Could not resolve host: apps.snr.gob.ar,none
apptest.rentascordoba.gob.ar,gob.ar,301,none
arbolado.macia.gob.ar,gob.ar,Could not resolve host: arbolado.macia.gob.ar,none
archivo.macia.gob.ar,gob.ar,403,none
archivos.prie.gob.ar,gob.ar,Could not resolve host: archivos.prie.gob.ar,none
archivos.puntodigital.paisdigital.modernizacion.gob.ar,gob.ar,Could not resolve host: archivos.puntodigital.paisdigital.modernizacion.gob.ar,none
arcompra.gob.ar,gob.ar,Could not resolve host: arcompra.gob.ar,none
ardifusion.gob.ar,gob.ar,Could not resolve host: ardifusion.gob.ar,none
arg.gob.ar,gob.ar,302,none
argentinacomparte.gob.ar,gob.ar,Could not resolve host: argentinacomparte.gob.ar,none
argentinacompra.gob.ar,gob.ar,Could not resolve host: argentinacompra.gob.ar,none
argentinaorg.sgp.gob.ar,gob.ar,Could not resolve host: argentinaorg.sgp.gob.ar,none
armstrong.gob.ar,gob.ar,302,5 mx1.hostinger.com.; 10 mx2.hostinger.com.
arsat.pinamar.gob.ar,gob.ar,Could not resolve host: arsat.pinamar.gob.ar,none
arts.gob.ar,gob.ar,Could not resolve host: arts.gob.ar,none
as.afip.gob.ar,gob.ar,SSL: no alternative certificate subject name matches target hostname 'as.afip.gob.ar',none
asip.gob.ar,gob.ar,Could not resolve host: asip.gob.ar,0 asip-gob-ar.mail.protection.outlook.com.
atalivaroca.gob.ar,gob.ar,Could not resolve host: atalivaroca.gob.ar,none
atencion.nic.gob.ar,gob.ar,Could not resolve host: atencion.nic.gob.ar,none
atencionciudadana.bahia.gob.ar,gob.ar,302,none
ater.gob.ar,ater.gob.ar,,
atm.gob.ar,gob.ar,Could not resolve host: atm.gob.ar,none
audiencias.mininterior.gob.ar,gob.ar,200,none
aulasstg.jefatura.gob.ar,gob.ar,Could not resolve host: aulasstg.jefatura.gob.ar,none
aulavirtual.policialp.gob.ar,gob.ar,Could not resolve host: aulavirtual.policialp.gob.ar,none
auth.afip.gob.ar,gob.ar,Could not resolve host: auth.afip.gob.ar,none
auth.tcptdf.gob.ar,gob.ar,Resolving timed out after 3000 milliseconds,none
authhomo-ext.afip.gob.ar,gob.ar,Could not resolve host: authhomo-ext.afip.gob.ar,none
autodiscover.anmat.gob.ar,gob.ar,Could not resolve host: autodiscover.anmat.gob.ar,none
autodiscover.anses.gob.ar,gob.ar,307,none
autodiscover.arg.gob.ar,gob.ar,302,none
autodiscover.bcra.gob.ar,gob.ar,Failed to connect to autodiscover.bcra.gob.ar port 443 after 250 ms: Could not connect to server,none
autodiscover.bienesdelestado.gob.ar,gob.ar,Resolving timed out after 3000 milliseconds,none
autodiscover.cnrt.gob.ar,gob.ar,301,none
autodiscover.complejoteatral.gob.ar,gob.ar,302,none
autodiscover.fesp.gob.ar,gob.ar,Could not resolve host: autodiscover.fesp.gob.ar,none
autodiscover.fffir.gob.ar,gob.ar,Could not resolve host: autodiscover.fffir.gob.ar,none
autodiscover.fiscaliageneral.gob.ar,gob.ar,Could not resolve host: autodiscover.fiscaliageneral.gob.ar,none
autodiscover.fiscalias.gob.ar,gob.ar,Operation timed out after 3000 milliseconds with 0 bytes received,none
autodiscover.gba.gob.ar,gob.ar,Could not resolve host: autodiscover.gba.gob.ar,none
autodiscover.gendarmeria.gob.ar,gob.ar,Connection timed out after 3000 milliseconds,none
autodiscover.gna.gob.ar,gob.ar,Connection timed out after 3000 milliseconds,none
autodiscover.jefatura.gob.ar,gob.ar,Could not resolve host: autodiscover.jefatura.gob.ar,none
autodiscover.migraciones.gob.ar,gob.ar,Could not resolve host: autodiscover.migraciones.gob.ar,none
autodiscover.puertobuenosaires.gob.ar,gob.ar,Failed to connect to autodiscover.puertobuenosaires.gob.ar port 443 after 549 ms: Could not connect to server,none
autodiscover.sgp.gob.ar,gob.ar,Connection timed out after 3001 milliseconds,none
autodiscover.sigen.gob.ar,gob.ar,302,none
autodiscover.srt.gob.ar,gob.ar,Could not resolve host: autodiscover.srt.gob.ar,none
autodiscover.turismo.gob.ar,gob.ar,Could not resolve host: autodiscover.turismo.gob.ar,none
autodiscover.uif.gob.ar,gob.ar,Failed to connect to autodiscover.uif.gob.ar port 443 after 273 ms: Could not connect to server,none
autogestion.mcrweb.gob.ar,gob.ar,Could not resolve host: autogestion.mcrweb.gob.ar,none
autogestion.santotome.gob.ar,gob.ar,Could not resolve host: autogestion.santotome.gob.ar,none
automation.profide.gob.ar,gob.ar,Could not resolve host: automation.profide.gob.ar,none
automotor.mcrweb.gob.ar,gob.ar,Could not resolve host: automotor.mcrweb.gob.ar,none
av.gna.gob.ar,gob.ar,Could not resolve host: av.gna.gob.ar,none
aw.enacom.gob.ar,gob.ar,Could not resolve host: aw.enacom.gob.ar,none
ayuda.slyt.gba.gob.ar,gob.ar,TLS connect error: error:0A000458:SSL routines::tlsv1 unrecognized name,none
back.argentina.gob.ar,gob.ar,403,none
back.preciosclaros.gob.ar,gob.ar,Connection timed out after 3002 milliseconds,none
bahia.gob.ar,gob.ar,301,10 bahia-gob-ar.mail.protection.outlook.com.; 20 concejobahia.gob.ar.
bahiaemprende.gob.ar,gob.ar,Could not resolve host: bahiaemprende.gob.ar,none
baldissera.gob.ar,gob.ar,Could not resolve host: baldissera.gob.ar,none
barilocheturismo.gob.ar,gob.ar,301,none
barriosindengue.gob.ar,gob.ar,Connection timed out after 3000 milliseconds,none
becar.gob.ar,gob.ar,Could not resolve host: becar.gob.ar,none
bellaitalia.gob.ar,gob.ar,200,none
bellasartes.gob.ar,gob.ar,200,none
beneficios.lapaz.gob.ar,gob.ar,Could not resolve host: beneficios.lapaz.gob.ar,none
bialetmasse.gob.ar,gob.ar,301,none
biblioargentina.gob.ar,gob.ar,301,0 mail.biblioargentina.gob.ar.; 20 mx1.biblioargentina.gob.ar.
biblioteca.eni.afi.gob.ar,gob.ar,Could not resolve host: biblioteca.eni.afi.gob.ar,none
bicentenario2016.gob.ar,gob.ar,Could not resolve host: bicentenario2016.gob.ar,none
bienesdelestado.gob.ar,gob.ar,Resolving timed out after 3000 milliseconds,none
bitacora.salta.gob.ar,gob.ar,Could not resolve host: bitacora.salta.gob.ar,none
boletindgri.gob.ar,gob.ar,Could not resolve host: boletindgri.gob.ar,none
boletinoficial.gob.ar,gob.ar,Could not resolve host: boletinoficial.gob.ar,none
boletoeducativo.gba.gob.ar,gob.ar,200,none
boletoestudiantil.gob.ar,gob.ar,Could not resolve host: boletoestudiantil.gob.ar,none
bot.argentina.gob.ar,gob.ar,Could not resolve host: bot.argentina.gob.ar,none
botin.argentina.gob.ar,gob.ar,Connection timed out after 3002 milliseconds,none
bovril.gob.ar,gob.ar,200,none
buenosaires.gob.ar,gob.ar,302,0 buenosaires-gob-ar.mail.protection.outlook.com.
buenosairescompras.gob.ar,gob.ar,200,none
bugs.ign.gob.ar,gob.ar,Could not resolve host: bugs.ign.gob.ar,none
buisir.buenosaires.gob.ar,gob.ar,Could not resolve host: buisir.buenosaires.gob.ar,none
busquedasapn.modernizacion.gob.ar,gob.ar,Connection timed out after 3002 milliseconds,none
cabalango.gob.ar,gob.ar,200,none
cabildonacional.gob.ar,gob.ar,301,10 mx.mailcultura.gob.ar.
cacti.bienesdelestado.gob.ar,gob.ar,Resolving timed out after 3000 milliseconds,none
cafesg.gob.ar,gob.ar,Could not resolve host: cafesg.gob.ar,none
calidad-alimentaria.apps.cordoba.gob.ar,gob.ar,Could not resolve host: calidad-alimentaria.apps.cordoba.gob.ar,none
camiloaldao.gob.ar,gob.ar,Could not resolve host: camiloaldao.gob.ar,none
campana.gob.ar,gob.ar,301,0 campana-gob-ar.mail.protection.outlook.com.
campogrande.gob.ar,gob.ar,TLS connect error: error:0A000410:SSL routines::ssl/tls alert handshake failure,none
campus.afip.gob.ar,gob.ar,302,none
campus.becar.gob.ar,gob.ar,Could not resolve host: campus.becar.gob.ar,none
campus2.inap.gob.ar,gob.ar,Could not resolve host: campus2.inap.gob.ar,none
campushmabb.gob.ar,gob.ar,303,none
canuelas.gob.ar,gob.ar,Could not resolve host: canuelas.gob.ar,none
capacitacion.inap.gob.ar,gob.ar,Could not resolve host: capacitacion.inap.gob.ar,none
capacitacion.slyt.gba.gob.ar,gob.ar,TLS connect error: error:0A000458:SSL routines::tlsv1 unrecognized name,none
casadelacuerdo.gob.ar,gob.ar,Could not resolve host: casadelacuerdo.gob.ar,10 mx.mailcultura.gob.ar.
casadelbicentenario.gob.ar,gob.ar,301,10 mx.mailcultura.gob.ar.
casademoneda.gob.ar,gob.ar,Could not resolve host: casademoneda.gob.ar,none
casadericardorojas.gob.ar,gob.ar,301,none
casaindependencia.gob.ar,gob.ar,301,none
casanatalsarmiento.gob.ar,gob.ar,301,none
casarosada.gob.ar,gob.ar,Could not resolve host: casarosada.gob.ar,none
casaverde.sintys.gob.ar,gob.ar,Could not resolve host: casaverde.sintys.gob.ar,none
catalogo.sgp.gob.ar,gob.ar,Could not resolve host: catalogo.sgp.gob.ar,none
catamarca.gob.ar,gob.ar,Could not resolve host: catamarca.gob.ar,5 alt2.aspmx.l.google.com.; 10 aspmx2.googlemail.com.
cba.gob.ar,cba.gob.ar,,
cccg.ign.gob.ar,gob.ar,HTTP/2 stream 1 was not closed cleanly: PROTOCOL_ERROR (err 1),none
ccrf.gob.ar,gob.ar,Could not resolve host: ccrf.gob.ar,none
cde.gob.ar,gob.ar,Could not resolve host: cde.gob.ar,none
cenareso.gob.ar,gob.ar,Could not resolve host: cenareso.gob.ar,none
cenpe.educacion.gob.ar,gob.ar,Could not resolve host: cenpe.educacion.gob.ar,none
cenpecapacitacion.educacion.gob.ar,gob.ar,Could not resolve host: cenpecapacitacion.educacion.gob.ar,none
cenpecontrol.educacion.gob.ar,gob.ar,Could not resolve host: cenpecontrol.educacion.gob.ar,none
cenpemail.educacion.gob.ar,gob.ar,Could not resolve host: cenpemail.educacion.gob.ar,none
cenpetk.educacion.gob.ar,gob.ar,Could not resolve host: cenpetk.educacion.gob.ar,none
centraldebalances.gob.ar,gob.ar,Could not resolve host: centraldebalances.gob.ar,none
centroaudiovisual.gob.ar,gob.ar,301,none
cenue.gob.ar,gob.ar,Could not resolve host: cenue.gob.ar,none
ceroveinticinco.gob.ar,gob.ar,Could not resolve host: ceroveinticinco.gob.ar,none
cerrocatedral.gob.ar,gob.ar,Could not resolve host: cerrocatedral.gob.ar,none
cesba.gob.ar,gob.ar,301,none
cetmic.gob.ar,gob.ar,Could not resolve host: cetmic.gob.ar,none
cgp-catamarca.gob.ar,gob.ar,Could not resolve host: cgp-catamarca.gob.ar,none
chaco.gob.ar,chaco.gob.ar,,
chubut.gob.ar,chubut.gob.ar,,
ci.pinamar.gob.ar,gob.ar,Could not resolve host: ci.pinamar.gob.ar,none
cificen.gob.ar,gob.ar,Could not resolve host: cificen.gob.ar,none
cipolletti.gob.ar,gob.ar,200,10 mail.cipolletti.gob.ar.
cippa.gob.ar,gob.ar,Could not resolve host: cippa.gob.ar,none
citc.gob.ar,gob.ar,Could not resolve host: citc.gob.ar,none
ciudadmalvinas.gob.ar,gob.ar,Could not resolve host: ciudadmalvinas.gob.ar,none
civetan-conicet.gob.ar,gob.ar,SSL: no alternative certificate subject name matches target hostname 'civetan-conicet.gob.ar',none
clic.gob.ar,gob.ar,Could not resolve host: clic.gob.ar,none
cloud.afip.gob.ar,gob.ar,Could not resolve host: cloud.afip.gob.ar,none
cloud.gendarmeria.gob.ar,gob.ar,Could not resolve host: cloud.gendarmeria.gob.ar,none
cloud.rosario-conicet.gob.ar,gob.ar,302,none
cloud1.oroverde.gob.ar,gob.ar,Could not resolve host: cloud1.oroverde.gob.ar,none
cloudint.mininterior.gob.ar,gob.ar,Could not resolve host: cloudint.mininterior.gob.ar,none
cluster.rosario-conicet.gob.ar,gob.ar,200,2 mail3.rosario-conicet.gov.ar.; 1 mail.rosario-conicet.gov.ar.
cnc.gob.ar,gob.ar,Could not resolve host: cnc.gob.ar,10 relay3.sicyt.gob.ar.; 5 relay4.sicyt.gob.ar.
cnmmlh.gob.ar,gob.ar,Could not resolve host: cnmmlh.gob.ar,none
cnrt.gob.ar,gob.ar,403,none
cnuggi.ign.gob.ar,gob.ar,Could not resolve host: cnuggi.ign.gob.ar,none
cofefup.gob.ar,gob.ar,Could not resolve host: cofefup.gob.ar,none
coirco.gob.ar,gob.ar,Could not resolve host: coirco.gob.ar,0 coirco.gob.ar.
coloniapellegrini.gob.ar,gob.ar,Could not resolve host: coloniapellegrini.gob.ar,none
coloniasarmiento.gob.ar,gob.ar,Could not resolve host: coloniasarmiento.gob.ar,none
comarb.gob.ar,gob.ar,301,none
comdoc.jus.gob.ar,gob.ar,403,none
comitecontralatrata.gob.ar,gob.ar,Could not resolve host: comitecontralatrata.gob.ar,20 pmg1.multidominio.gob.ar.; 10 pmg2.multidominio.gob.ar.
complejoastronomico.gob.ar,gob.ar,Could not resolve host: complejoastronomico.gob.ar,none
complejoteatral.gob.ar,gob.ar,200,none
comprar.gob.ar,gob.ar,Could not resolve host: comprar.gob.ar,none
compras.afip.gob.ar,gob.ar,Could not resolve host: compras.afip.gob.ar,none
comunadealejandra.gob.ar,gob.ar,Could not resolve host: comunadealejandra.gob.ar,none
comunadepilar.gob.ar,gob.ar,200,20 mx1.comunadepilar.gob.ar.; 0 mail.comunadepilar.gob.ar.
comunicaciontucuman.gob.ar,gob.ar,Could not resolve host: comunicaciontucuman.gob.ar,none
concejocdg.gob.ar,gob.ar,Could not resolve host: concejocdg.gob.ar,none
concejoreconquista.gob.ar,gob.ar,200,10 mx.concejoreconquista.gob.ar.
concejovillamaria.gob.ar,gob.ar,SSL: no alternative certificate subject name matches target hostname 'concejovillamaria.gob.ar',none
concursar.gob.ar,gob.ar,Could not resolve host: concursar.gob.ar,10 pmg2.multidominio.gob.ar.; 20 pmg1.multidominio.gob.ar.
conectados.gob.ar,gob.ar,Could not resolve host: conectados.gob.ar,none
conectarigualdad.gob.ar,gob.ar,Could not resolve host: conectarigualdad.gob.ar,none
conference.ign.gob.ar,gob.ar,Could not resolve host: conference.ign.gob.ar,none
conference.tcptdf.gob.ar,gob.ar,Could not resolve host: conference.tcptdf.gob.ar,none
conocimiento.gob.ar,gob.ar,200,none
conozcomisiones.gob.ar,gob.ar,Could not resolve host: conozcomisiones.gob.ar,none
conquistadores.gob.ar,gob.ar,200,none
conrecsecex.educacion.gob.ar,gob.ar,Could not resolve host: conrecsecex.educacion.gob.ar,none
consulta.slyt.gba.gob.ar,gob.ar,TLS connect error: error:0A000458:SSL routines::tlsv1 unrecognized name,none
consultapublica.argentina.gob.ar,gob.ar,200,none
consultas.anses.gob.ar,gob.ar,Could not resolve host: consultas.anses.gob.ar,none
consultas.slyt.gba.gob.ar,gob.ar,Could not resolve host: consultas.slyt.gba.gob.ar,none
consumoprotegido.gob.ar,gob.ar,Connection timed out after 3002 milliseconds,none
contaduria.mcrweb.gob.ar,gob.ar,200,none
convenio.jefatura.gob.ar,gob.ar,Could not resolve host: convenio.jefatura.gob.ar,none
convenios.trabajo.gob.ar,gob.ar,Could not resolve host: convenios.trabajo.gob.ar,none
cookie-creator.ardifusion.gob.ar,gob.ar,Could not resolve host: cookie-creator.ardifusion.gob.ar,none
corfo.gob.ar,gob.ar,Could not resolve host: corfo.gob.ar,none
coronda.coronda.gob.ar,gob.ar,Could not resolve host: coronda.coronda.gob.ar,none
coronda.gob.ar,gob.ar,Could not resolve host: coronda.gob.ar,none
correo.arg.gob.ar,gob.ar,302,none
correo.dnic.gob.ar,gob.ar,Connection timed out after 3001 milliseconds,none
correo.fffir.gob.ar,gob.ar,Could not resolve host: correo.fffir.gob.ar,none
correo.gna.gob.ar,gob.ar,Could not resolve host: correo.gna.gob.ar,none
correo.mendoza-conicet.gob.ar,gob.ar,Could not resolve host: correo.mendoza-conicet.gob.ar,dig error
correo.politicassociales.gob.ar,gob.ar,403,none
correo.uif.gob.ar,gob.ar,Could not resolve host: correo.uif.gob.ar,none
correo.ushuaia.gob.ar,gob.ar,200,none
corrientes.gob.ar,corrientes.gob.ar,,
corrientesexporta.gob.ar,gob.ar,Could not resolve host: corrientesexporta.gob.ar,none
corrientesprensa.gob.ar,gob.ar,Could not resolve host: corrientesprensa.gob.ar,none
corrientesturismo.gob.ar,gob.ar,Could not resolve host: corrientesturismo.gob.ar,none
coverage.pinamar.gob.ar,gob.ar,Could not resolve host: coverage.pinamar.gob.ar,none
criptomail.afi.gob.ar,gob.ar,Could not resolve host: criptomail.afi.gob.ar,none
crjppf.gob.ar,gob.ar,Could not resolve host: crjppf.gob.ar,none
cruzdelosmilagros.gob.ar,gob.ar,Could not resolve host: cruzdelosmilagros.gob.ar,none
crypt.hacienda.gob.ar,gob.ar,Could not resolve host: crypt.hacienda.gob.ar,none
csegura.catamarca.gob.ar,gob.ar,Could not resolve host: csegura.catamarca.gob.ar,none
csw.ign.gob.ar,gob.ar,Could not resolve host: csw.ign.gob.ar,none
ctacte.afip.gob.ar,gob.ar,Could not resolve host: ctacte.afip.gob.ar,none
cuestablanca.gob.ar,gob.ar,Could not resolve host: cuestablanca.gob.ar,none
cultura.dorrego.gob.ar,gob.ar,301,none
cultura.gob.ar,gob.ar,Could not resolve host: cultura.gob.ar,10 mx.mailcultura.gob.ar.
culturasantiago.gob.ar,gob.ar,Could not resolve host: culturasantiago.gob.ar,none
culturaydesarrollo.gob.ar,gob.ar,Could not resolve host: culturaydesarrollo.gob.ar,none
curso.seguridadvial.gob.ar,gob.ar,Could not resolve host: curso.seguridadvial.gob.ar,none
cus.msal.gob.ar,gob.ar,Could not resolve host: cus.msal.gob.ar,none
dalmaciovelez.gob.ar,gob.ar,Could not resolve host: dalmaciovelez.gob.ar,none
dat.jefatura.gob.ar,gob.ar,Could not resolve host: dat.jefatura.gob.ar,none
dat.modernizacion.gob.ar,gob.ar,Could not resolve host: dat.modernizacion.gob.ar,none
datosproductores.ssn.gob.ar,gob.ar,Could not resolve host: datosproductores.ssn.gob.ar,none
dcitucuman.gob.ar,gob.ar,Could not resolve host: dcitucuman.gob.ar,none
defensadelpublico.gob.ar,gob.ar,200,none
defensoriabariloche.gob.ar,gob.ar,301,0 defensoriabariloche.gob.ar.
defensoriaformosa.gob.ar,defensoriaformosa.gob.ar,,
defensoriatucuman.gob.ar,gob.ar,SSL: no alternative certificate subject name matches target hostname 'defensoriatucuman.gob.ar',none
defensorsantiago.gob.ar,gob.ar,Could not resolve host: defensorsantiago.gob.ar,none
deliberanteobera.gob.ar,gob.ar,200,0 deliberanteobera.gob.ar.
demo.sibom.slyt.gba.gob.ar,gob.ar,Could not resolve host: demo.sibom.slyt.gba.gob.ar,none
demo.ssta.gob.ar,gob.ar,Could not resolve host: demo.ssta.gob.ar,none
demo01.salta.gob.ar,gob.ar,Could not resolve host: demo01.salta.gob.ar,none
demodc.salta.gob.ar,gob.ar,Could not resolve host: demodc.salta.gob.ar,none
demodc2.salta.gob.ar,gob.ar,Could not resolve host: demodc2.salta.gob.ar,none
demos.hcdbahiablanca.gob.ar,gob.ar,Could not resolve host: demos.hcdbahiablanca.gob.ar,none
deposito.mcrweb.gob.ar,gob.ar,Could not resolve host: deposito.mcrweb.gob.ar,none
desa.rentasweb.gob.ar,gob.ar,Could not resolve host: desa.rentasweb.gob.ar,none
desafioslacumbre.gob.ar,gob.ar,Could not resolve host: desafioslacumbre.gob.ar,none
desarrollo.salta.gob.ar,gob.ar,200,none
desarrollosocial.gob.ar,gob.ar,Could not resolve host: desarrollosocial.gob.ar,none
dev.ambiente.gob.ar,gob.ar,Could not resolve host: dev.ambiente.gob.ar,none
dev.softwarepublico.jefatura.gob.ar,gob.ar,Could not resolve host: dev.softwarepublico.jefatura.gob.ar,none
devel.ign.gob.ar,gob.ar,Could not resolve host: devel.ign.gob.ar,none
dgaspf.gob.ar,gob.ar,200,none
dialin.gna.gob.ar,gob.ar,Could not resolve host: dialin.gna.gob.ar,none
dialin.jefatura.gob.ar,gob.ar,Could not resolve host: dialin.jefatura.gob.ar,none
dialin.sigen.gob.ar,gob.ar,Connection timed out after 3000 milliseconds,none
digesto.concejovillamaria.gob.ar,gob.ar,Could not resolve host: digesto.concejovillamaria.gob.ar,none
digestomisiones.gob.ar,gob.ar,200,none
digituc.gob.ar,gob.ar,Could not resolve host: digituc.gob.ar,none
dimsmt.gob.ar,gob.ar,302,none
diossesgo.gob.ar,gob.ar,Could not resolve host: diossesgo.gob.ar,none
directorio.rosario-conicet.gob.ar,gob.ar,Could not resolve host: directorio.rosario-conicet.gob.ar,none
dni.gob.ar,gob.ar,Could not resolve host: dni.gob.ar,none
dnic.gob.ar,gob.ar,Could not resolve host: dnic.gob.ar,none
dns1.supbienestar.gob.ar,gob.ar,Could not resolve host: dns1.supbienestar.gob.ar,none
dns2.supbienestar.gob.ar,gob.ar,Could not resolve host: dns2.supbienestar.gob.ar,none
domain.ign.gob.ar,gob.ar,Could not resolve host: domain.ign.gob.ar,none
dondevotociudad.gob.ar,gob.ar,Connection timed out after 3002 milliseconds,none
dorrego.gob.ar,gob.ar,Could not resolve host: dorrego.gob.ar,1000 mxbackup.wnpower.com.; 0 dorrego.gob.ar.
download.ign.gob.ar,gob.ar,Could not resolve host: download.ign.gob.ar,none
dprneuquen.gob.ar,dprneuquen.gob.ar,,
dtpm.cnrt.gob.ar,gob.ar,Could not resolve host: dtpm.cnrt.gob.ar,none
dv.boletinoficial.gob.ar,gob.ar,Could not resolve host: dv.boletinoficial.gob.ar,none
e-etap.jefatura.gob.ar,gob.ar,Could not resolve host: e-etap.jefatura.gob.ar,none
e-etap.sgp.gob.ar,gob.ar,Could not resolve host: e-etap.sgp.gob.ar,none
eas.sigen.gob.ar,gob.ar,302,none
eco.sintys.gob.ar,gob.ar,TLS connect error: error:0A000410:SSL routines::ssl/tls alert handshake failure,none
economianqn.gob.ar,gob.ar,SSL certificate problem: unable to get local issuer certificate,none
eduardocastex.gob.ar,gob.ar,200,none
educacion.gob.ar,gob.ar,Could not resolve host: educacion.gob.ar,0 educacion-gob-ar.mail.protection.outlook.com.
eficiencia.gob.ar,gob.ar,Could not resolve host: eficiencia.gob.ar,none
efluentes.ambiente.gob.ar,gob.ar,Could not resolve host: efluentes.ambiente.gob.ar,none
egob.concordia.gob.ar,gob.ar,301,none
elchalten.gob.ar,gob.ar,Could not resolve host: elchalten.gob.ar,none
elclimalohacesvos.gob.ar,gob.ar,Could not resolve host: elclimalohacesvos.gob.ar,none
elecciones.gob.ar,gob.ar,Could not resolve host: elecciones.gob.ar,none
eleccionesciudad.gob.ar,gob.ar,200,none
electoralsde.gob.ar,gob.ar,Could not resolve host: electoralsde.gob.ar,none
electoraltucuman.gob.ar,electoraltucuman.gob.ar,,
eltio.gob.ar,gob.ar,Could not resolve host: eltio.gob.ar,0 mail.eltio.gob.ar.; 20 mx1.eltio.gob.ar.
eltrebol.gob.ar,gob.ar,301,none
emaurosario.gob.ar,gob.ar,200,none
empleojoven.gob.ar,gob.ar,SSL: no alternative certificate subject name matches target hostname 'empleojoven.gob.ar',none
en.boletinoficial.gob.ar,gob.ar,Could not resolve host: en.boletinoficial.gob.ar,none
encuentro.gob.ar,gob.ar,Could not resolve host: encuentro.gob.ar,none
encuestas.supbienestar.gob.ar,gob.ar,Could not resolve host: encuestas.supbienestar.gob.ar,none
energia.gob.ar,gob.ar,SSL certificate problem: unable to get local issuer certificate,none
energianeuquen.gob.ar,energianeuquen.gob.ar,,
eng.jgm.gob.ar,gob.ar,Could not resolve host: eng.jgm.gob.ar,none
eni.afi.gob.ar,gob.ar,Could not resolve host: eni.afi.gob.ar,10 relay1.side.gob.ar.
entrerios.gob.ar,entrerios.gob.ar,,
envdiputadossantafe.gob.ar,gob.ar,Could not resolve host: envdiputadossantafe.gob.ar,none
epec.gob.ar,gob.ar,Could not resolve host: epec.gob.ar,none
escena70.complejoteatral.gob.ar,gob.ar,Operation timed out after 3001 milliseconds with 0 bytes received,none
escuelaanimadores.gob.ar,gob.ar,200,none
escuelas.galpondelamusica.gob.ar,gob.ar,Could not resolve host: escuelas.galpondelamusica.gob.ar,none
esid.mincyt.gob.ar,gob.ar,Could not resolve host: esid.mincyt.gob.ar,none
esiga.inta.gob.ar,gob.ar,Could not resolve host: esiga.inta.gob.ar,none
espaciopyme.gob.ar,gob.ar,Could not resolve host: espaciopyme.gob.ar,none
espaciosantafesino.gob.ar,gob.ar,Could not resolve host: espaciosantafesino.gob.ar,none
estadisticaciudad.gob.ar,gob.ar,302,none
estanciajesusmaria.gob.ar,gob.ar,301,10 mx.mailcultura.gob.ar.
estebanecheverria.gob.ar,gob.ar,Could not resolve host: estebanecheverria.gob.ar,0 estebanecheverria.gob.ar.
etap.jefatura.gob.ar,gob.ar,Could not resolve host: etap.jefatura.gob.ar,none
eucop.gob.ar,gob.ar,Could not resolve host: eucop.gob.ar,none
expc.modernizacion.gob.ar,gob.ar,Could not resolve host: expc.modernizacion.gob.ar,none
expe.modernizacion.gob.ar,gob.ar,Could not resolve host: expe.modernizacion.gob.ar,none
expedientes.catamarca.gob.ar,gob.ar,403,none
expertomdp.gob.ar,gob.ar,200,0 expertomdp.gob.ar.
expo.macia.gob.ar,gob.ar,200,none
external.tcptdf.gob.ar,gob.ar,Could not resolve host: external.tcptdf.gob.ar,none
extranet.eleccionesciudad.gob.ar,gob.ar,Could not resolve host: extranet.eleccionesciudad.gob.ar,none
extranet.hcdn.gob.ar,gob.ar,Could not resolve host: extranet.hcdn.gob.ar,none
f-dnpc.minseg.gob.ar,gob.ar,Could not resolve host: f-dnpc.minseg.gob.ar,none
fabi.quilmes.gob.ar,gob.ar,Could not resolve host: fabi.quilmes.gob.ar,none
fe.rosario-conicet.gob.ar,gob.ar,Could not resolve host: fe.rosario-conicet.gob.ar,none
federal.gob.ar,gob.ar,200,none
felizindependencia.gob.ar,gob.ar,Could not resolve host: felizindependencia.gob.ar,none
fesp.gob.ar,gob.ar,Could not resolve host: fesp.gob.ar,none
festivalcinerosario.gob.ar,gob.ar,Could not resolve host: festivalcinerosario.gob.ar,none
festivalojoalpiojo.gob.ar,gob.ar,200,none
fh.energianeuquen.gob.ar,gob.ar,Could not resolve host: fh.energianeuquen.gob.ar,none
fiestadelafrutilla.coronda.gob.ar,gob.ar,Could not resolve host: fiestadelafrutilla.coronda.gob.ar,none
files.expo.macia.gob.ar,gob.ar,Could not resolve host: files.expo.macia.gob.ar,none
fileserver.slyt.gba.gob.ar,gob.ar,Could not resolve host: fileserver.slyt.gba.gob.ar,none
firewall.ign.gob.ar,gob.ar,Could not resolve host: firewall.ign.gob.ar,none
firma.ssn.gob.ar,gob.ar,Could not resolve host: firma.ssn.gob.ar,none
flash.sintys.gob.ar,gob.ar,Could not resolve host: flash.sintys.gob.ar,none
fnartes.gob.ar,gob.ar,301,none
focus.tcptdf.gob.ar,gob.ar,Could not resolve host: focus.tcptdf.gob.ar,none
fondopartidario.elecciones.gob.ar,gob.ar,Resolving timed out after 3000 milliseconds,none
formacion.cenareso.gob.ar,gob.ar,Could not resolve host: formacion.cenareso.gob.ar,none
formosa.gob.ar,gob.ar,Could not resolve host: formosa.gob.ar,5 fm.formosa.gob.ar.; 10 fm2.formosa.gob.ar.
formulario.minplan.gob.ar,gob.ar,Could not resolve host: formulario.minplan.gob.ar,none
foro.agendadigital.gob.ar,gob.ar,Could not resolve host: foro.agendadigital.gob.ar,none
ftp.ign.gob.ar,gob.ar,Could not resolve host: ftp.ign.gob.ar,none
fw.ign.gob.ar,gob.ar,Could not resolve host: fw.ign.gob.ar,none
galpondelamusica.gob.ar,gob.ar,Could not resolve host: galpondelamusica.gob.ar,none
gba.gob.ar,gba.gob.ar,,
ge.salta.gob.ar,gob.ar,Could not resolve host: ge.salta.gob.ar,none
generalarenales.gob.ar,gob.ar,Could not resolve host: generalarenales.gob.ar,0 generalarenales.gob.ar.
geodesia.ign.gob.ar,gob.ar,Could not resolve host: geodesia.ign.gob.ar,none
gestion.educacion.gob.ar,gob.ar,Could not resolve host: gestion.educacion.gob.ar,none
gestion.puntodigital.gob.ar,gob.ar,200,none
gestionesanteriores.buenosairescompras.gob.ar,gob.ar,Could not resolve host: gestionesanteriores.buenosairescompras.gob.ar,none
gin.iosfa.gob.ar,gob.ar,302,none
git.educacion.gob.ar,gob.ar,Could not resolve host: git.educacion.gob.ar,none
gitlab.catamarca.gob.ar,gob.ar,Could not resolve host: gitlab.catamarca.gob.ar,none
gitlab.jefatura.gob.ar,gob.ar,Could not resolve host: gitlab.jefatura.gob.ar,none
gitlab.modernizacion.gob.ar,gob.ar,Connection timed out after 3002 milliseconds,none
gitlab.salta.gob.ar,gob.ar,Could not resolve host: gitlab.salta.gob.ar,none
gna.gob.ar,gob.ar,Connection timed out after 3000 milliseconds,10 mx3.gna.gob.ar.; 10 mx1.gna.gob.ar.; 10 mx2.gna.gob.ar.
gob.ar,gob.ar,,none
gobiernoabierto.cordoba.gob.ar,gob.ar,200,none
godoycruz.gob.ar,gob.ar,Could not resolve host: godoycruz.gob.ar,10 mail.godoycruz.gob.ar.
gonzaleschaves.gob.ar,gob.ar,Could not resolve host: gonzaleschaves.gob.ar,none
gralfernandezoro.gob.ar,gob.ar,200,none
graphite.pinamar.gob.ar,gob.ar,Could not resolve host: graphite.pinamar.gob.ar,none
grilla.afsca.gob.ar,gob.ar,Could not resolve host: grilla.afsca.gob.ar,none
guiadetramites.gba.gob.ar,gob.ar,SSL: no alternative certificate subject name matches target hostname 'guiadetramites.gba.gob.ar',none
habilitaciones.mcrweb.gob.ar,gob.ar,Could not resolve host: habilitaciones.mcrweb.gob.ar,none
haciendanqn.gob.ar,gob.ar,Could not resolve host: haciendanqn.gob.ar,10 mail.haciendanqn.gob.ar.
hades.dnic.gob.ar,gob.ar,Could not resolve host: hades.dnic.gob.ar,none
hc.riogrande.gob.ar,gob.ar,403,none
hcdcaletaolivia.gob.ar,gob.ar,Could not resolve host: hcdcaletaolivia.gob.ar,none
hcddorrego.gob.ar,gob.ar,Could not resolve host: hcddorrego.gob.ar,0 hcddorrego.gob.ar.
hcdeduardocastex.gob.ar,gob.ar,Could not resolve host: hcdeduardocastex.gob.ar,none
hcdlanus.gob.ar,gob.ar,Could not resolve host: hcdlanus.gob.ar,none
hcdlanus.gob.ar.ci2.toservers.com,gob.ar,Resolving timed out after 3000 milliseconds,none
hcdmarcospaz.gob.ar,gob.ar,Could not resolve host: hcdmarcospaz.gob.ar,none
hcdnecochea.gob.ar,gob.ar,Could not resolve host: hcdnecochea.gob.ar,none
hcdptosantacruz.gob.ar,gob.ar,Could not resolve host: hcdptosantacruz.gob.ar,none
hcdpuertorico.gob.ar,gob.ar,200,0 hcdpuertorico.gob.ar.
hcdsancayetano.gob.ar,gob.ar,Could not resolve host: hcdsancayetano.gob.ar,none
hcdvictorica.gob.ar,gob.ar,301,none
hermes.fesp.gob.ar,gob.ar,Could not resolve host: hermes.fesp.gob.ar,none
hidraulica.gob.ar,gob.ar,Could not resolve host: hidraulica.gob.ar,none
homo-www.arcompra.gob.ar,gob.ar,Could not resolve host: homo-www.arcompra.gob.ar,none
hospitalposadas.gob.ar,gob.ar,302,none
hospitalsantojanni.gob.ar,gob.ar,Connection timed out after 3001 milliseconds,none
hsextras.mcrweb.gob.ar,gob.ar,Could not resolve host: hsextras.mcrweb.gob.ar,none
iasep.gob.ar,gob.ar,200,0 mail.iasep.gob.ar.
ibera.gob.ar,gob.ar,Could not resolve host: ibera.gob.ar,0 mail.ibera.gob.ar.
ic.jefatura.gob.ar,gob.ar,Could not resolve host: ic.jefatura.gob.ar,none
icate-conicet.gob.ar,gob.ar,Could not resolve host: icate-conicet.gob.ar,none
icate-conicet.gob.ar.cn2.toservers.com,gob.ar,Could not resolve host: icate-conicet.gob.ar.cn2.toservers.com,none
id.argentina.gob.ar,gob.ar,302,none
ide.ign.gob.ar,gob.ar,Could not resolve host: ide.ign.gob.ar,none
idera.ign.gob.ar,gob.ar,Could not resolve host: idera.ign.gob.ar,none
idfederada.gob.ar,gob.ar,Could not resolve host: idfederada.gob.ar,none
ifimar-conicet.gob.ar,gob.ar,Could not resolve host: ifimar-conicet.gob.ar,none
igehcs-conicet.gob.ar,gob.ar,Could not resolve host: igehcs-conicet.gob.ar,none
ign.gob.ar,gob.ar,SSL: no alternative certificate subject name matches target hostname 'ign.gob.ar',none
images.transporte.gob.ar,gob.ar,Could not resolve host: images.transporte.gob.ar,none
imap.arg.gob.ar,gob.ar,Could not resolve host: imap.arg.gob.ar,none
imap.concordia.gob.ar,gob.ar,200,none
imap.defensadelpublico.gob.ar,gob.ar,200,none
imap.ign.gob.ar,gob.ar,Could not resolve host: imap.ign.gob.ar,none
imap.intech.gob.ar,gob.ar,Could not resolve host: imap.intech.gob.ar,none
imap.laplata-conicet.gob.ar,gob.ar,Connection timed out after 3001 milliseconds,none
imap.mendoza-conicet.gob.ar,gob.ar,Resolving timed out after 3000 milliseconds,10 correo.mendoza-conicet.gov.ar.
imaps.concordia.gob.ar,gob.ar,Could not resolve host: imaps.concordia.gob.ar,none
impresion.rentasweb.gob.ar,gob.ar,Could not resolve host: impresion.rentasweb.gob.ar,none
inaes.gob.ar,gob.ar,TLS connect error: error:0A00010B:SSL routines::wrong version number,none
inamu.gob.ar,gob.ar,301,5 ALT2.ASPMX.L.GOOGLE.COM.; 1 ASPMX.L.GOOGLE.COM.; 10 ALT3.ASPMX.L.GOOGLE.COM.; 5 ALT1.ASPMX.L.GOOGLE.COM.; 10 ALT4.ASPMX.L.GOOGLE.COM.
inap.gob.ar,gob.ar,Could not resolve host: inap.gob.ar,none
inapl.gob.ar,gob.ar,301,none
incaa.gob.ar,gob.ar,Could not resolve host: incaa.gob.ar,10 mail.incaa.gob.ar.
incidencias.ign.gob.ar,gob.ar,Could not resolve host: incidencias.ign.gob.ar,none
industria.gob.ar,gob.ar,Could not resolve host: industria.gob.ar,none
industriacorrientes.gob.ar,gob.ar,Could not resolve host: industriacorrientes.gob.ar,none
inet.gob.ar,gob.ar,Could not resolve host: inet.gob.ar,none
infinitoxdescubrir.gob.ar,gob.ar,Could not resolve host: infinitoxdescubrir.gob.ar,none
informes.dnic.gob.ar,gob.ar,Could not resolve host: informes.dnic.gob.ar,none
informes.dnrpi.jus.gob.ar,gob.ar,403,none
infraestructura.afip.gob.ar,gob.ar,Could not resolve host: infraestructura.afip.gob.ar,none
infuetur.gob.ar,infuetur.gob.ar,,
inmcv.gob.ar,gob.ar,Could not resolve host: inmcv.gob.ar,none
inpi.gob.ar,gob.ar,Could not resolve host: inpi.gob.ar,none
inscripciones.concursar.gob.ar,gob.ar,Could not resolve host: inscripciones.concursar.gob.ar,none
insssep.gob.ar,gob.ar,Could not resolve host: insssep.gob.ar,none
institutonewberiano.gob.ar,gob.ar,Could not resolve host: institutonewberiano.gob.ar,none
institutorosas.gob.ar,gob.ar,301,10 mx.mailcultura.gob.ar.
inta.gob.ar,gob.ar,301,none
inti.gob.ar,gob.ar,Could not resolve host: inti.gob.ar,none
intra.mininterior.gob.ar,gob.ar,Could not resolve host: intra.mininterior.gob.ar,none
intranet.dir.riogrande.gob.ar,gob.ar,Could not resolve host: intranet.dir.riogrande.gob.ar,none
intranet.ign.gob.ar,gob.ar,Could not resolve host: intranet.ign.gob.ar,none
intranet.intech.gob.ar,gob.ar,Could not resolve host: intranet.intech.gob.ar,none
intranet.jiaac.gob.ar,gob.ar,Could not resolve host: intranet.jiaac.gob.ar,none
intranet.laplata-conicet.gob.ar,gob.ar,Could not resolve host: intranet.laplata-conicet.gob.ar,none
intranet.modernizacion.gob.ar,gob.ar,Connection timed out after 3002 milliseconds,none
iop.gob.ar,gob.ar,Could not resolve host: iop.gob.ar,none
iosper.gob.ar,iosper.gob.ar,,
ira.afi.gob.ar,gob.ar,Could not resolve host: ira.afi.gob.ar,none
iscgp.gob.ar,gob.ar,Could not resolve host: iscgp.gob.ar,none
ischigualasto.gob.ar,gob.ar,Could not resolve host: ischigualasto.gob.ar,none
issn.gob.ar,gob.ar,Could not resolve host: issn.gob.ar,none
issys.gob.ar,issys.gob.ar,,
it.cultura.gob.ar,gob.ar,Could not resolve host: it.cultura.gob.ar,none
jefatura.gob.ar,gob.ar,403,none
jenkins.modernizacion.gob.ar,gob.ar,Connection timed out after 3001 milliseconds,none
jgm.gob.ar,gob.ar,SSL: no alternative certificate subject name matches target hostname 'jgm.gob.ar',none
jiaac.gob.ar,gob.ar,Could not resolve host: jiaac.gob.ar,none
jitsi-videobridge.tcptdf.gob.ar,gob.ar,Resolving timed out after 3001 milliseconds,none
jornadas.snr.gob.ar,gob.ar,SSL: no alternative certificate subject name matches target hostname 'jornadas.snr.gob.ar',none
jujuy.gob.ar,jujuy.gob.ar,,
juridicos.afip.gob.ar,gob.ar,200,none
jusbaires.gob.ar,gob.ar,Connection timed out after 3002 milliseconds,15 mx2.jusbaires.gob.ar.; 20 mx1.jusbaires.gob.ar.
jusrionegro.gob.ar,jusrionegro.gob.ar,,
jussantacruz.gob.ar,gob.ar,Could not resolve host: jussantacruz.gob.ar,none
justiciachaco.gob.ar,justiciachaco.gob.ar,,
justiciacordoba.gob.ar,gob.ar,Could not resolve host: justiciacordoba.gob.ar,none
justiciajujuy.gob.ar,gob.ar,Could not resolve host: justiciajujuy.gob.ar,0 montaraz.justiciajujuy.gob.ar.
justicialapampa.gob.ar,justicialapampa.gob.ar,,
justicialarioja.gob.ar,gob.ar,200,5 mail.justicialarioja.gob.ar.
kibana.pinamar.gob.ar,gob.ar,Could not resolve host: kibana.pinamar.gob.ar,none
kiwi.fiscalias.gob.ar,gob.ar,Could not resolve host: kiwi.fiscalias.gob.ar,none
kserver.incaa.gob.ar,gob.ar,Could not resolve host: kserver.incaa.gob.ar,none
lacautiva.gob.ar,gob.ar,200,10 mail.lacautiva.gob.ar.
laciudad.laplata.gob.ar,gob.ar,Resolving timed out after 3000 milliseconds,none
lacumbre.gob.ar,gob.ar,301,none
lagranja.gob.ar,gob.ar,Could not resolve host: lagranja.gob.ar,0 mail.lagranja.gob.ar.
lamendieta.gob.ar,gob.ar,Could not resolve host: lamendieta.gob.ar,none
lapampa.gob.ar,lapampa.gob.ar,,
lapaz.gob.ar,gob.ar,SSL certificate problem: self-signed certificate,none
laplata-conicet.gob.ar,gob.ar,Could not resolve host: laplata-conicet.gob.ar,20 smtp-un.laplata-conicet.gob.ar.; 20 smtp-i2.laplata-conicet.gob.ar.; 10 smtp.laplata-conicet.gob.ar.
laplata.gob.ar,gob.ar,Resolving timed out after 3000 milliseconds,none
lapuertaambato.gob.ar,gob.ar,Could not resolve host: lapuertaambato.gob.ar,none
laquiaca.gob.ar,gob.ar,200,none
larioja.gob.ar,larioja.gob.ar,,
lasgrutasturismo.gob.ar,gob.ar,200,none
lastermasderiohondo.gob.ar,gob.ar,SSL certificate problem: certificate has expired,none
lavalle.gob.ar,gob.ar,Could not resolve host: lavalle.gob.ar,none
lavallemendoza.gob.ar,gob.ar,200,none
lecheriapagoporcalidad.minagri.gob.ar,gob.ar,Could not resolve host: lecheriapagoporcalidad.minagri.gob.ar,none
legacy.bcra.gob.ar,gob.ar,Could not resolve host: legacy.bcra.gob.ar,none
legalizaciones.mininterior.gob.ar,gob.ar,302,none
legiscba.gob.ar,legiscba.gob.ar,,
legislaturadetucuman.gob.ar,gob.ar,200,none
legislaturaformosa.gob.ar,gob.ar,200,none
legislaturaneuquen.gob.ar,gob.ar,Could not resolve host: legislaturaneuquen.gob.ar,none
legislaturasde.gob.ar,gob.ar,Could not resolve host: legislaturasde.gob.ar,none
legisrn.gob.ar,gob.ar,Could not resolve host: legisrn.gob.ar,10 pop2.legisrn.gob.ar.; 20 pop3.legisrn.gob.ar.; 30 pop4.legisrn.gob.ar.; 0 pop.legisrn.gob.ar.
legnqn.gob.ar,gob.ar,SSL certificate problem: unable to get local issuer certificate,none
lincoln.gob.ar,gob.ar,200,10 lincoln-gob-ar.mail.protection.outlook.com.
login-beta.salta.gob.ar,gob.ar,Could not resolve host: login-beta.salta.gob.ar,none
login.ign.gob.ar,gob.ar,Could not resolve host: login.ign.gob.ar,none
login.salta.gob.ar,gob.ar,302,none
login.ssn.gob.ar,gob.ar,Connection timed out after 3001 milliseconds,none
loteriaderionegro.gob.ar,gob.ar,200,none
loteriadesantacruz.gob.ar,gob.ar,200,none
lswebext.pfa-uc.gob.ar,gob.ar,Could not resolve host: lswebext.pfa-uc.gob.ar,none
lync-edge.pfa-uc.gob.ar,gob.ar,Could not resolve host: lync-edge.pfa-uc.gob.ar,none
lyncdiscover.gna.gob.ar,gob.ar,Could not resolve host: lyncdiscover.gna.gob.ar,none
lyncdiscover.jefatura.gob.ar,gob.ar,Could not resolve host: lyncdiscover.jefatura.gob.ar,none
lyncdiscover.pfa-uc.gob.ar,gob.ar,Could not resolve host: lyncdiscover.pfa-uc.gob.ar,none
lyncdiscover.sigen.gob.ar,gob.ar,Connection timed out after 3001 milliseconds,none
lyncpool.gna.gob.ar,gob.ar,Could not resolve host: lyncpool.gna.gob.ar,none
macia.gob.ar,gob.ar,301,0 mail.macia.gob.ar.
magyp.gob.ar,gob.ar,200,none
mail.afsca.gob.ar,gob.ar,Could not resolve host: mail.afsca.gob.ar,none
mail.alpacorral.gob.ar,gob.ar,Could not resolve host: mail.alpacorral.gob.ar,none
mail.alumine.gob.ar,gob.ar,Could not resolve host: mail.alumine.gob.ar,none
mail.anses.gob.ar,gob.ar,Connection timed out after 3000 milliseconds,none
mail.apos.gob.ar,gob.ar,SSL certificate problem: certificate has expired,none
mail.armstrong.gob.ar,gob.ar,Could not resolve host: mail.armstrong.gob.ar,none
mail.atalivaroca.gob.ar,gob.ar,Could not resolve host: mail.atalivaroca.gob.ar,none
mail.bahiaemprende.gob.ar,gob.ar,Could not resolve host: mail.bahiaemprende.gob.ar,none
mail.baldissera.gob.ar,gob.ar,Could not resolve host: mail.baldissera.gob.ar,none
mail.bec.rosario-conicet.gob.ar,gob.ar,Could not resolve host: mail.bec.rosario-conicet.gob.ar,none
mail.bellaitalia.gob.ar,gob.ar,Could not resolve host: mail.bellaitalia.gob.ar,none
mail.bialetmasse.gob.ar,gob.ar,SSL certificate problem: EE certificate key too weak,none
mail.biblioargentina.gob.ar,gob.ar,Could not resolve host: mail.biblioargentina.gob.ar,none
mail.bienesdelestado.gob.ar,gob.ar,302,none
mail.bovril.gob.ar,gob.ar,SSL: no alternative certificate subject name matches target hostname 'mail.bovril.gob.ar',none
mail.cabalango.gob.ar,gob.ar,SSL: no alternative certificate subject name matches target hostname 'mail.cabalango.gob.ar',none
mail.cafesg.gob.ar,gob.ar,Could not resolve host: mail.cafesg.gob.ar,none
mail.camiloaldao.gob.ar,gob.ar,Could not resolve host: mail.camiloaldao.gob.ar,none
mail.campana.gob.ar,gob.ar,307,none
mail.campogrande.gob.ar,gob.ar,406,none
mail.campushmabb.gob.ar,gob.ar,303,none
mail.canuelas.gob.ar,gob.ar,200,none
mail.casleo.gob.ar,gob.ar,Could not resolve host: mail.casleo.gob.ar,none
mail.ccrf.gob.ar,gob.ar,Could not resolve host: mail.ccrf.gob.ar,none
mail.centroaudiovisual.gob.ar,gob.ar,200,none
mail.ceroveinticinco.gob.ar,gob.ar,Could not resolve host: mail.ceroveinticinco.gob.ar,none
mail.cerrocatedral.gob.ar,gob.ar,Could not resolve host: mail.cerrocatedral.gob.ar,none
mail.cetmic.gob.ar,gob.ar,Could not resolve host: mail.cetmic.gob.ar,none
mail.cfp.gob.ar,gob.ar,Connection timed out after 3001 milliseconds,none
mail.cgp-catamarca.gob.ar,gob.ar,Could not resolve host: mail.cgp-catamarca.gob.ar,none
mail.cificen.gob.ar,gob.ar,Could not resolve host: mail.cificen.gob.ar,none
mail.cipolletti.gob.ar,gob.ar,301,none
mail.civetan-conicet.gob.ar,gob.ar,Could not resolve host: mail.civetan-conicet.gob.ar,none
mail.cnrt.gob.ar,gob.ar,301,none
mail.coirco.gob.ar,gob.ar,200,none
mail.coloniasarmiento.gob.ar,gob.ar,Could not resolve host: mail.coloniasarmiento.gob.ar,none
mail.complejoastronomico.gob.ar,gob.ar,200,none
mail.complejoteatral.gob.ar,gob.ar,302,none
mail.comunadealejandra.gob.ar,gob.ar,Could not resolve host: mail.comunadealejandra.gob.ar,none
mail.comunadepilar.gob.ar,gob.ar,SSL: no alternative certificate subject name matches target hostname 'mail.comunadepilar.gob.ar',none
mail.concejocdg.gob.ar,gob.ar,Could not resolve host: mail.concejocdg.gob.ar,none
mail.concejoreconquista.gob.ar,gob.ar,SSL: no alternative certificate subject name matches target hostname 'mail.concejoreconquista.gob.ar',none
mail.concordia.gob.ar,gob.ar,Could not resolve host: mail.concordia.gob.ar,none
mail.conocimiento.gob.ar,gob.ar,Could not resolve host: mail.conocimiento.gob.ar,none
mail.conozcomisiones.gob.ar,gob.ar,Could not resolve host: mail.conozcomisiones.gob.ar,none
mail.conquistadores.gob.ar,gob.ar,Could not resolve host: mail.conquistadores.gob.ar,none
mail.corfo.gob.ar,gob.ar,301,1 corfo.gob.ar.
mail.coronda.gob.ar,gob.ar,Could not resolve host: mail.coronda.gob.ar,none
mail.corrientesexporta.gob.ar,gob.ar,Could not resolve host: mail.corrientesexporta.gob.ar,none
mail.corrientesprensa.gob.ar,gob.ar,Could not resolve host: mail.corrientesprensa.gob.ar,none
mail.corrientesturismo.gob.ar,gob.ar,Could not resolve host: mail.corrientesturismo.gob.ar,none
mail.crjppf.gob.ar,gob.ar,Could not resolve host: mail.crjppf.gob.ar,none
mail.cruzdelosmilagros.gob.ar,gob.ar,Could not resolve host: mail.cruzdelosmilagros.gob.ar,none
mail.cuestablanca.gob.ar,gob.ar,Could not resolve host: mail.cuestablanca.gob.ar,none
mail.culturasantiago.gob.ar,gob.ar,Could not resolve host: mail.culturasantiago.gob.ar,none
mail.dalmaciovelez.gob.ar,gob.ar,Could not resolve host: mail.dalmaciovelez.gob.ar,none
mail.dc.salta.gob.ar,gob.ar,Could not resolve host: mail.dc.salta.gob.ar,none
mail.defensoriabariloche.gob.ar,gob.ar,Could not resolve host: mail.defensoriabariloche.gob.ar,none
mail.defensorsantiago.gob.ar,gob.ar,Could not resolve host: mail.defensorsantiago.gob.ar,none
mail.deliberanteobera.gob.ar,gob.ar,301,0 deliberanteobera.gob.ar.
mail.desafioslacumbre.gob.ar,gob.ar,Could not resolve host: mail.desafioslacumbre.gob.ar,none
mail.digestomisiones.gob.ar,gob.ar,SSL: no alternative certificate subject name matches target hostname 'mail.digestomisiones.gob.ar',none
mail.diossesgo.gob.ar,gob.ar,Could not resolve host: mail.diossesgo.gob.ar,dig error
mail.diputados.gob.ar,gob.ar,Could not resolve host: mail.diputados.gob.ar,none
mail.dorrego.gob.ar,gob.ar,200,1000 mxbackup.wnpower.com.; 0 dorrego.gob.ar.
mail.dprneuquen.gob.ar,gob.ar,200,none
mail.elecciones.gob.ar,gob.ar,Resolving timed out after 3001 milliseconds,none
mail.electoralsde.gob.ar,gob.ar,Could not resolve host: mail.electoralsde.gob.ar,none
mail.eltrebol.gob.ar,gob.ar,Could not resolve host: mail.eltrebol.gob.ar,none
mail.emaurosario.gob.ar,gob.ar,301,0 emaurosario.gob.ar.
mail.escuelaanimadores.gob.ar,gob.ar,Could not resolve host: mail.escuelaanimadores.gob.ar,0 escuelaanimadores.gob.ar.
mail.espaciopyme.gob.ar,gob.ar,Could not resolve host: mail.espaciopyme.gob.ar,none
mail.espaciosantafesino.gob.ar,gob.ar,Connection timed out after 3002 milliseconds,none
mail.estebanecheverria.gob.ar,gob.ar,Could not resolve host: mail.estebanecheverria.gob.ar,none
mail.eucop.gob.ar,gob.ar,Could not resolve host: mail.eucop.gob.ar,none
mail.federal.gob.ar,gob.ar,Could not resolve host: mail.federal.gob.ar,none
mail.fesp.gob.ar,gob.ar,Could not resolve host: mail.fesp.gob.ar,none
mail.festivalcinerosario.gob.ar,gob.ar,Could not resolve host: mail.festivalcinerosario.gob.ar,none
mail.festivalojoalpiojo.gob.ar,gob.ar,Could not resolve host: mail.festivalojoalpiojo.gob.ar,0 festivalojoalpiojo.gob.ar.
mail.fiscaliageneral.gob.ar,gob.ar,Could not resolve host: mail.fiscaliageneral.gob.ar,none
mail.fiscalias.gob.ar,gob.ar,Operation timed out after 3000 milliseconds with 0 bytes received,none
mail.fm.gob.ar,gob.ar,Connection timed out after 3002 milliseconds,none
mail.galpondelamusica.gob.ar,gob.ar,Could not resolve host: mail.galpondelamusica.gob.ar,none
mail.gba.gob.ar,gob.ar,302,none
mail.generalarenales.gob.ar,gob.ar,302,none
mail.godoycruz.gob.ar,gob.ar,200,none
mail.gonzaleschaves.gob.ar,gob.ar,SSL: no alternative certificate subject name matches target hostname 'mail.gonzaleschaves.gob.ar',none
mail.gralfernandezoro.gob.ar,gob.ar,Could not resolve host: mail.gralfernandezoro.gob.ar,0 gralfernandezoro.gob.ar.
mail.haciendanqn.gob.ar,gob.ar,SSL certificate problem: unable to get local issuer certificate,none
mail.hcddorrego.gob.ar,gob.ar,200,0 hcddorrego.gob.ar.
mail.hcdlanus.gob.ar,gob.ar,Could not resolve host: mail.hcdlanus.gob.ar,none
mail.hcdlanus.gob.ar.ci2.toservers.com,gob.ar,Resolving timed out after 3000 milliseconds,none
mail.hcdmarcospaz.gob.ar,gob.ar,Could not resolve host: mail.hcdmarcospaz.gob.ar,none
mail.hcdn.gob.ar,gob.ar,Connection timed out after 3002 milliseconds,none
mail.hcdnecochea.gob.ar,gob.ar,301,none
mail.hcdptosantacruz.gob.ar,gob.ar,Could not resolve host: mail.hcdptosantacruz.gob.ar,none
mail.hcdsancayetano.gob.ar,gob.ar,200,none
mail.hospitalposadas.gob.ar,gob.ar,Could not resolve host: mail.hospitalposadas.gob.ar,none
mail.icate-conicet.gob.ar,gob.ar,Could not resolve host: mail.icate-conicet.gob.ar,none
mail.icate-conicet.gob.ar.cn2.toservers.com,gob.ar,Could not resolve host: mail.icate-conicet.gob.ar.cn2.toservers.com,dig error
mail.idera.gob.ar,gob.ar,Could not resolve host: mail.idera.gob.ar,none
mail.igehcs-conicet.gob.ar,gob.ar,Could not resolve host: mail.igehcs-conicet.gob.ar,none
mail.ign.gob.ar,gob.ar,200,none
mail.iidefar-conicet.gob.ar,gob.ar,Could not resolve host: mail.iidefar-conicet.gob.ar,none
mail.incaa.gob.ar,gob.ar,200,none
mail.industriacorrientes.gob.ar,gob.ar,Could not resolve host: mail.industriacorrientes.gob.ar,none
mail.infuetur.gob.ar,gob.ar,SSL certificate problem: unable to get local issuer certificate,none
mail.intec.santafe-conicet.gob.ar,gob.ar,Connection timed out after 3000 milliseconds,5 intec.santafe-conicet.gob.ar.
mail.inv.rosario-conicet.gob.ar,gob.ar,SSL certificate problem: certificate has expired,none
mail.iosper.gob.ar,gob.ar,301,none
mail.irice-conicet.gob.ar,gob.ar,Could not resolve host: mail.irice-conicet.gob.ar,none
mail.ischigualasto.gob.ar,gob.ar,Could not resolve host: mail.ischigualasto.gob.ar,none
mail.ishir-conicet.gob.ar,gob.ar,Could not resolve host: mail.ishir-conicet.gob.ar,none
mail.issys.gob.ar,gob.ar,SSL certificate problem: self-signed certificate,none
mail.lacumbre.gob.ar,gob.ar,301,none
mail.lagranja.gob.ar,gob.ar,Could not resolve host: mail.lagranja.gob.ar,none
mail.lapuertaambato.gob.ar,gob.ar,Could not resolve host: mail.lapuertaambato.gob.ar,none
mail.lasgrutasturismo.gob.ar,gob.ar,Could not resolve host: mail.lasgrutasturismo.gob.ar,none
mail.lavalle.gob.ar,gob.ar,Could not resolve host: mail.lavalle.gob.ar,none
mail.lavallemendoza.gob.ar,gob.ar,Could not resolve host: mail.lavallemendoza.gob.ar,none
mail.legiscba.gob.ar,gob.ar,302,none
mail.legislaturasde.gob.ar,gob.ar,Could not resolve host: mail.legislaturasde.gob.ar,none
mail.legisrn.gob.ar,gob.ar,200,none
mail.loteriaderionegro.gob.ar,gob.ar,Connection timed out after 3002 milliseconds,none
mail.loteriadesantacruz.gob.ar,gob.ar,301,none
mail.macia.gob.ar,gob.ar,301,none
mail.marull.gob.ar,gob.ar,Could not resolve host: mail.marull.gob.ar,none
mail.mda.gob.ar,gob.ar,Could not resolve host: mail.mda.gob.ar,none
mail.memorialmalvinas.gob.ar,gob.ar,Could not resolve host: mail.memorialmalvinas.gob.ar,none
mail.mercedescorrientes.gob.ar,gob.ar,Could not resolve host: mail.mercedescorrientes.gob.ar,none
mail.minplan.gob.ar,gob.ar,Could not resolve host: mail.minplan.gob.ar,none
mail.minpro.gob.ar,gob.ar,SSL certificate problem: self-signed certificate,none
mail.minpro.gob.ar.ci2.toservers.com,gob.ar,Resolving timed out after 3000 milliseconds,none
mail.montemaiz.gob.ar,gob.ar,Could not resolve host: mail.montemaiz.gob.ar,none
mail.montesdeoca.gob.ar,gob.ar,Could not resolve host: mail.montesdeoca.gob.ar,none
mail.monumentoalabandera.gob.ar,gob.ar,200,none
mail.mosconi.gob.ar,gob.ar,200,none
mail.mptt.gob.ar,gob.ar,Could not resolve host: mail.mptt.gob.ar,none
mail.museoameghino.gob.ar,gob.ar,Could not resolve host: mail.museoameghino.gob.ar,none
mail.museobrigadierlopez.gob.ar,gob.ar,Could not resolve host: mail.museobrigadierlopez.gob.ar,none
mail.museodelamemoria.gob.ar,gob.ar,200,none
mail.museogallardo.gob.ar,gob.ar,Could not resolve host: mail.museogallardo.gob.ar,none
mail.museojuandegaray.gob.ar,gob.ar,Could not resolve host: mail.museojuandegaray.gob.ar,none
mail.museomarc.gob.ar,gob.ar,Connection timed out after 3002 milliseconds,none
mail.nic.gob.ar,gob.ar,Could not resolve host: mail.nic.gob.ar,none
mail.noetinger.gob.ar,gob.ar,SSL: no alternative certificate subject name matches target hostname 'mail.noetinger.gob.ar',none
mail.nono.gob.ar,gob.ar,Operation timed out after 3000 milliseconds with 0 bytes received,none
mail.nonoturismo.gob.ar,gob.ar,301,none
mail.oncativo.gob.ar,gob.ar,Could not resolve host: mail.oncativo.gob.ar,none
mail.oroverde.gob.ar,gob.ar,200,none
mail.parquesnacionales.gob.ar,gob.ar,Could not resolve host: mail.parquesnacionales.gob.ar,none
mail.patrimoniosde.gob.ar,gob.ar,Could not resolve host: mail.patrimoniosde.gob.ar,none
mail.pehuajo.gob.ar,gob.ar,Could not resolve host: mail.pehuajo.gob.ar,none
mail.pinedo.gob.ar,gob.ar,Could not resolve host: mail.pinedo.gob.ar,none
mail.pocito.gob.ar,gob.ar,Could not resolve host: mail.pocito.gob.ar,0 pocito.gob.ar.
mail.policiafederal.gob.ar,gob.ar,Could not resolve host: mail.policiafederal.gob.ar,none
mail.policialp.gob.ar,gob.ar,Connection timed out after 3000 milliseconds,none
mail.portalandresito.gob.ar,gob.ar,Could not resolve host: mail.portalandresito.gob.ar,none
mail.prosiga.gob.ar,gob.ar,Could not resolve host: mail.prosiga.gob.ar,none
mail.puan.gob.ar,gob.ar,Could not resolve host: mail.puan.gob.ar,none
mail.puertolibertad.gob.ar,gob.ar,Could not resolve host: mail.puertolibertad.gob.ar,none
mail.pujato.gob.ar,gob.ar,200,none
mail.rafaela.gob.ar,gob.ar,Could not resolve host: mail.rafaela.gob.ar,none
mail.rentasjujuy.gob.ar,gob.ar,SSL: no alternative certificate subject name matches target hostname 'mail.rentasjujuy.gob.ar',none
mail.roca.gob.ar,gob.ar,301,none
mail.rosario-conicet.gob.ar,gob.ar,Could not resolve host: mail.rosario-conicet.gob.ar,none
mail.rosariomasjoven.gob.ar,gob.ar,Could not resolve host: mail.rosariomasjoven.gob.ar,none
mail.rosarionoticias.gob.ar,gob.ar,200,none
mail.saludmentalragone.gob.ar,gob.ar,Could not resolve host: mail.saludmentalragone.gob.ar,none
mail.sanjorge.gob.ar,gob.ar,Resolving timed out after 3000 milliseconds,none
mail.sanmartinmza.gob.ar,gob.ar,SSL: no alternative certificate subject name matches target hostname 'mail.sanmartinmza.gob.ar',none
mail.sanpedrodejujuy.gob.ar,gob.ar,Could not resolve host: mail.sanpedrodejujuy.gob.ar,none
mail.sansalvadorer.gob.ar,gob.ar,Could not resolve host: mail.sansalvadorer.gob.ar,none
mail.santacruzpatagonia.gob.ar.ci2.toservers.com,gob.ar,SSL certificate problem: certificate has expired,dig error
mail.santafelavieja.gob.ar,gob.ar,Connection timed out after 3002 milliseconds,none
mail.santiagocultura.gob.ar,gob.ar,Could not resolve host: mail.santiagocultura.gob.ar,none
mail.secretariasde.gob.ar,gob.ar,Could not resolve host: mail.secretariasde.gob.ar,none
mail.senadodecatamarca.gob.ar,gob.ar,301,0 senadodecatamarca.gob.ar.
mail.sinai.gob.ar,gob.ar,Could not resolve host: mail.sinai.gob.ar,none
mail.sinalic.gob.ar,gob.ar,Could not resolve host: mail.sinalic.gob.ar,none
mail.sindicaturaneuquen.gob.ar,gob.ar,200,0 sindicaturaneuquen.gob.ar.
mail.sisanjuan.gob.ar,gob.ar,401,none
mail.slyt.gob.ar,gob.ar,Could not resolve host: mail.slyt.gob.ar,none
mail.sommer.gob.ar,gob.ar,Could not resolve host: mail.sommer.gob.ar,none
mail.sommer.gob.ar.ci2.toservers.com,gob.ar,Resolving timed out after 3002 milliseconds,none
mail.srt.gob.ar,gob.ar,Could not resolve host: mail.srt.gob.ar,none
mail.ssas.gob.ar,gob.ar,Could not resolve host: mail.ssas.gob.ar,none
mail.ssn.gob.ar,gob.ar,TLS connect error: error:0A000126:SSL routines::unexpected eof while reading,none
mail.supbienestar.gob.ar,gob.ar,SSL certificate problem: unable to get local issuer certificate,none
mail.tancacha.gob.ar,gob.ar,200,none
mail.tanti.gob.ar,gob.ar,Could not resolve host: mail.tanti.gob.ar,none
mail.tclarioja.gob.ar,gob.ar,Could not resolve host: mail.tclarioja.gob.ar,none
mail.tclarioja.gob.ar.ci2.toservers.com,gob.ar,Resolving timed out after 3001 milliseconds,dig error
mail.tcmriogrande.gob.ar,gob.ar,200,none
mail.tcptdf.gob.ar,gob.ar,SSL certificate problem: self-signed certificate,none
mail.teatro25demayo.gob.ar,gob.ar,Could not resolve host: mail.teatro25demayo.gob.ar,none
mail.teodelina.gob.ar,gob.ar,200,none
mail.termasdelaselva.gob.ar,gob.ar,Could not resolve host: mail.termasdelaselva.gob.ar,none
mail.terminalrosario.gob.ar,gob.ar,TLS connect error: error:0A000126:SSL routines::unexpected eof while reading,none
mail.tierraelegida.gob.ar,gob.ar,Could not resolve host: mail.tierraelegida.gob.ar,none
mail.toay.gob.ar,gob.ar,Could not resolve host: mail.toay.gob.ar,none
mail.tornquist.gob.ar,gob.ar,Could not resolve host: mail.tornquist.gob.ar,none
mail.tortugas.gob.ar,gob.ar,Could not resolve host: mail.tortugas.gob.ar,none
mail.trabajosantiago.gob.ar,gob.ar,SSL certificate problem: certificate has expired,0 trabajosantiago.gob.ar.
mail.tramitescorrientes.gob.ar,gob.ar,Could not resolve host: mail.tramitescorrientes.gob.ar,none
mail.trevelin.gob.ar,gob.ar,Could not resolve host: mail.trevelin.gob.ar,none
mail.turismo.gob.ar,gob.ar,Could not resolve host: mail.turismo.gob.ar,none
mail.tvrionegrina.gob.ar,gob.ar,Could not resolve host: mail.tvrionegrina.gob.ar,none
mail.uif.gob.ar,gob.ar,Could not resolve host: mail.uif.gob.ar,none
mail.unquillo.gob.ar,gob.ar,Could not resolve host: mail.unquillo.gob.ar,none
mail.verparasaber.gob.ar,gob.ar,Could not resolve host: mail.verparasaber.gob.ar,none
mail.viedma.gob.ar,gob.ar,200,none
mail.villapehuenia.gob.ar,gob.ar,SSL: no alternative certificate subject name matches target hostname 'mail.villapehuenia.gob.ar',none
mail.viviendacatamarca.gob.ar,gob.ar,Could not resolve host: mail.viviendacatamarca.gob.ar,none
mail.xn--caadadegomez-bhb.gob.ar,gob.ar,Could not resolve host: mail.xn--caadadegomez-bhb.gob.ar,none
mail.xn--cauelas-5za.gob.ar,gob.ar,200,none
mail02.tcptdf.gob.ar,gob.ar,Could not resolve host: mail02.tcptdf.gob.ar,none
mail2.fiscaliageneral.gob.ar,gob.ar,Connection timed out after 3001 milliseconds,none
mail2.fiscalias.gob.ar,gob.ar,Could not resolve host: mail2.fiscalias.gob.ar,none
mail2.salta.gob.ar,gob.ar,Could not resolve host: mail2.salta.gob.ar,none
mail3.rafaela.gob.ar,gob.ar,200,none
mailbioq.rosario-conicet.gob.ar,gob.ar,301,none
manuales.slyt.gba.gob.ar,gob.ar,Could not resolve host: manuales.slyt.gba.gob.ar,none
mapa.cesba.gob.ar,gob.ar,200,none
mapas.ign.gob.ar,gob.ar,Could not resolve host: mapas.ign.gob.ar,none
mapas.parquesnacionales.gob.ar,gob.ar,Could not resolve host: mapas.parquesnacionales.gob.ar,none
mapas.ushuaia.gob.ar,gob.ar,Could not resolve host: mapas.ushuaia.gob.ar,none
marull.gob.ar,gob.ar,Could not resolve host: marull.gob.ar,none
mcp.arg.gob.ar,gob.ar,Could not resolve host: mcp.arg.gob.ar,none
mcrweb.gob.ar,gob.ar,Could not resolve host: mcrweb.gob.ar,none
mds.gob.ar,gob.ar,Could not resolve host: mds.gob.ar,none
media.expo.macia.gob.ar,gob.ar,Could not resolve host: media.expo.macia.gob.ar,none
media.macia.gob.ar,gob.ar,Could not resolve host: media.macia.gob.ar,none
meet.gna.gob.ar,gob.ar,Connection timed out after 3001 milliseconds,none
meet.jefatura.gob.ar,gob.ar,403,none
meet.pfa-uc.gob.ar,gob.ar,Could not resolve host: meet.pfa-uc.gob.ar,none
meet.sgp.gob.ar,gob.ar,Could not resolve host: meet.sgp.gob.ar,none
meet.sigen.gob.ar,gob.ar,Could not resolve host: meet.sigen.gob.ar,none
meimporta.gob.ar,gob.ar,Could not resolve host: meimporta.gob.ar,none
memorialmalvinas.gob.ar,gob.ar,Could not resolve host: memorialmalvinas.gob.ar,none
mendoza.gob.ar,mendoza.gob.ar,,
mensajes.salta.gob.ar,gob.ar,Could not resolve host: mensajes.salta.gob.ar,none
mercedescorrientes.gob.ar,gob.ar,Could not resolve host: mercedescorrientes.gob.ar,none
merlo.gob.ar,gob.ar,Could not resolve host: merlo.gob.ar,0 mail.merlo.gob.ar.
mesaentrada.mcrweb.gob.ar,gob.ar,Could not resolve host: mesaentrada.mcrweb.gob.ar,none
mhn.gob.ar,gob.ar,Could not resolve host: mhn.gob.ar,none
mi.argentina.gob.ar,gob.ar,200,none
mi.iosper.gob.ar,gob.ar,Could not resolve host: mi.iosper.gob.ar,none
mibicitubici.gob.ar,gob.ar,301,none
mica.gob.ar,gob.ar,200,none
mientrada.buenosaires.gob.ar,gob.ar,Could not resolve host: mientrada.buenosaires.gob.ar,none
migraciones.gob.ar,gob.ar,Could not resolve host: migraciones.gob.ar,none
minedujujuy.gob.ar,gob.ar,Could not resolve host: minedujujuy.gob.ar,none
minem.gob.ar,gob.ar,Connection timed out after 3001 milliseconds,dig error
mininterior.gob.ar,gob.ar,Operation timed out after 3000 milliseconds with 0 bytes received,none
minplan.gob.ar,gob.ar,Could not resolve host: minplan.gob.ar,none
minpro.gob.ar,gob.ar,Could not resolve host: minpro.gob.ar,0 mail.minpro.gob.ar.
minpro.gob.ar.ci2.toservers.com,gob.ar,Resolving timed out after 3000 milliseconds,dig error
minseg.gob.ar,gob.ar,Could not resolve host: minseg.gob.ar,none
misaplicaciones.cnrt.gob.ar,gob.ar,Could not resolve host: misaplicaciones.cnrt.gob.ar,none
misiones.gob.ar,misiones.gob.ar,,
mnad.gob.ar,gob.ar,Could not resolve host: mnad.gob.ar,none
mnao.gob.ar,gob.ar,301,none
mnba.gob.ar,gob.ar,Could not resolve host: mnba.gob.ar,none
modernizacion.gob.ar,gob.ar,Could not resolve host: modernizacion.gob.ar,none
modo.mininterior.gob.ar,gob.ar,Could not resolve host: modo.mininterior.gob.ar,none
monitoreo.concordia.gob.ar,gob.ar,400,none
monotributo.gob.ar,gob.ar,Could not resolve host: monotributo.gob.ar,none
montecaseros.gob.ar,gob.ar,301,1 smtp.google.com.
montehermoso.gob.ar,gob.ar,Could not resolve host: montehermoso.gob.ar,none
montemaiz.gob.ar,gob.ar,200,0 montemaiz.gob.ar.
montesdeoca.gob.ar,gob.ar,Could not resolve host: montesdeoca.gob.ar,none
monumentoalabandera.gob.ar,gob.ar,200,none
moreno.gob.ar,gob.ar,Could not resolve host: moreno.gob.ar,none
moron.gob.ar,gob.ar,Could not resolve host: moron.gob.ar,none
mosconi.gob.ar,gob.ar,Could not resolve host: mosconi.gob.ar,none
mpa.santafe.gob.ar,gob.ar,SSL: no alternative certificate subject name matches target hostname 'mpa.santafe.gob.ar',none
mpdefensa.gob.ar,gob.ar,403,none
mpf.gob.ar,gob.ar,Could not resolve host: mpf.gob.ar,none
mplibres.gob.ar,gob.ar,Could not resolve host: mplibres.gob.ar,20 alt1.aspmx.l.google.com.; 20 alt2.aspmx.l.google.com.; 30 aspmx3.googlemail.com.; 30 aspmx2.googlemail.com.; 10 aspmx.l.google.com.
mptt.gob.ar,gob.ar,Could not resolve host: mptt.gob.ar,none
msalsgo.gob.ar,gob.ar,Could not resolve host: msalsgo.gob.ar,10 fusion.mxrouting.net.; 20 fusion-relay.mxrouting.net.
msp.arg.gob.ar,gob.ar,302,none
muestra.rosario-conicet.gob.ar,gob.ar,Could not resolve host: muestra.rosario-conicet.gob.ar,none
multimedia.mininterior.gob.ar,gob.ar,Could not resolve host: multimedia.mininterior.gob.ar,none
municipios.tramiteslegislativos.slyt.gba.gob.ar,gob.ar,Could not resolve host: municipios.tramiteslegislativos.slyt.gba.gob.ar,none
munired.mcypcorrientes.gob.ar,gob.ar,200,none
munsenillosa.gob.ar,gob.ar,Could not resolve host: munsenillosa.gob.ar,none
museoameghino.gob.ar,gob.ar,Could not resolve host: museoameghino.gob.ar,100 mail.museoameghino.gob.ar.
museobrigadierlopez.gob.ar,gob.ar,Could not resolve host: museobrigadierlopez.gob.ar,none
museocasadeyrurtia.gob.ar,gob.ar,301,none
museodelamemoria.gob.ar,gob.ar,200,none
museodelgrabado.gob.ar,gob.ar,Could not resolve host: museodelgrabado.gob.ar,10 mx.mailcultura.gob.ar.
museodeltraje.gob.ar,gob.ar,Could not resolve host: museodeltraje.gob.ar,none
museogallardo.gob.ar,gob.ar,Could not resolve host: museogallardo.gob.ar,none
museojoseterry.gob.ar,gob.ar,301,none
museojuandegaray.gob.ar,gob.ar,Could not resolve host: museojuandegaray.gob.ar,none
museoliniers.gob.ar,gob.ar,301,none
museomalvinas.gob.ar,gob.ar,403,10 mx.mailcultura.gob.ar.
museomarc.gob.ar,gob.ar,Could not resolve host: museomarc.gob.ar,none
museoroca.gob.ar,gob.ar,301,none
museorosagalisteo.gob.ar,museorosagalisteo.gob.ar,,
museosarmiento.gob.ar,gob.ar,Could not resolve host: museosarmiento.gob.ar,none
museovirtualdeporte.gob.ar,gob.ar,526,0 mail.museovirtualdeporte.gob.ar.
mx1.concordia.gob.ar,gob.ar,Could not resolve host: mx1.concordia.gob.ar,none
nac.gob.ar,gob.ar,Could not resolve host: nac.gob.ar,none
net.sigen.gob.ar,gob.ar,Connection timed out after 3002 milliseconds,none
neuquen.gob.ar,neuquen.gob.ar,,
new.museodelamemoria.gob.ar,gob.ar,Could not resolve host: new.museodelamemoria.gob.ar,none
nic.gob.ar,gob.ar,Could not resolve host: nic.gob.ar,10 mx30.slyt.gob.ar.; 10 mx20.slyt.gob.ar.
noetinger.gob.ar,gob.ar,301,0 mail.noetinger.gob.ar.; 20 mx1.noetinger.gob.ar.
nono.gob.ar,gob.ar,Could not resolve host: nono.gob.ar,none
nonoturismo.gob.ar,gob.ar,301,none
noticias.produccionrosario.gob.ar,gob.ar,Could not resolve host: noticias.produccionrosario.gob.ar,none
nube.ambiente.gob.ar,gob.ar,Connection timed out after 3002 milliseconds,none
nube.defensadelpublico.gob.ar,gob.ar,302,none
nube.haciendanqn.gob.ar,gob.ar,Could not resolve host: nube.haciendanqn.gob.ar,none
nube.incaa.gob.ar,gob.ar,Could not resolve host: nube.incaa.gob.ar,none
nube.modernizacion.gob.ar,gob.ar,Could not resolve host: nube.modernizacion.gob.ar,none
nube.msal.gob.ar,gob.ar,Could not resolve host: nube.msal.gob.ar,none
nube.salud.gob.ar,gob.ar,Could not resolve host: nube.salud.gob.ar,none
nuevodni.gob.ar,gob.ar,Resolving timed out after 3001 milliseconds,none
oab.sigen.gob.ar,gob.ar,Could not resolve host: oab.sigen.gob.ar,none
oaw-4550-cnia.inta.gob.ar,gob.ar,Could not resolve host: oaw-4550-cnia.inta.gob.ar,none
obio.ambiente.gob.ar,gob.ar,Could not resolve host: obio.ambiente.gob.ar,none
obras.catamarca.gob.ar,gob.ar,403,none
office.gna.gob.ar,gob.ar,Could not resolve host: office.gna.gob.ar,none
officeweb.modernizacion.gob.ar,gob.ar,Could not resolve host: officeweb.modernizacion.gob.ar,none
ofiuco.dir.riogrande.gob.ar,gob.ar,TLS connect error: error:0A000410:SSL routines::ssl/tls alert handshake failure,none
ofwa.modernizacion.gob.ar,gob.ar,Could not resolve host: ofwa.modernizacion.gob.ar,none
ombu.fiscalias.gob.ar,gob.ar,Connection timed out after 3002 milliseconds,none
onc.uoc.jefatura.gob.ar,gob.ar,Could not resolve host: onc.uoc.jefatura.gob.ar,none
oncativo.gob.ar,gob.ar,Could not resolve host: oncativo.gob.ar,none
oncca.afip.gob.ar,gob.ar,403,none
oos.arg.gob.ar,gob.ar,Could not resolve host: oos.arg.gob.ar,none
organismos.tramiteslegislativos.slyt.gba.gob.ar,gob.ar,Could not resolve host: organismos.tramiteslegislativos.slyt.gba.gob.ar,none
oroverde.gob.ar,gob.ar,301,0 oroverde.gob.ar.
ot.salta.gob.ar,gob.ar,Could not resolve host: ot.salta.gob.ar,none
owa.casademoneda.gob.ar,gob.ar,Could not resolve host: owa.casademoneda.gob.ar,none
owa.jefatura.gob.ar,gob.ar,Could not resolve host: owa.jefatura.gob.ar,none
owa.jgm.gob.ar,gob.ar,302,none
owa.modernizacion.gob.ar,gob.ar,Could not resolve host: owa.modernizacion.gob.ar,none
owa.puertobuenosaires.gob.ar,gob.ar,Could not resolve host: owa.puertobuenosaires.gob.ar,none
owa.sigen.gob.ar,gob.ar,302,none
owncloud.rosario-conicet.gob.ar,gob.ar,Could not resolve host: owncloud.rosario-conicet.gob.ar,none
owncloud.slyt.gba.gob.ar,gob.ar,TLS connect error: error:0A000458:SSL routines::tlsv1 unrecognized name,none
owncloud1.ifimar-conicet.gob.ar,gob.ar,Could not resolve host: owncloud1.ifimar-conicet.gob.ar,none
pagossir.buenosaires.gob.ar,gob.ar,200,none
palaciosanjose.gob.ar,gob.ar,301,none
palaisdeglace.gob.ar,gob.ar,Could not resolve host: palaisdeglace.gob.ar,none
parquesindustriales.gob.ar,gob.ar,Could not resolve host: parquesindustriales.gob.ar,none
parquesnacionales.gob.ar,gob.ar,Could not resolve host: parquesnacionales.gob.ar,none
pasodeloslibres.gob.ar,gob.ar,200,none
password.modernizacion.gob.ar,gob.ar,Could not resolve host: password.modernizacion.gob.ar,none
patrimoniales.mcrweb.gob.ar,gob.ar,Could not resolve host: patrimoniales.mcrweb.gob.ar,none
patrimoniosde.gob.ar,gob.ar,Could not resolve host: patrimoniosde.gob.ar,none
pc.boletinoficial.gob.ar,gob.ar,Could not resolve host: pc.boletinoficial.gob.ar,none
pehuajo.gob.ar,gob.ar,301,none
pescanacion.magyp.gob.ar,gob.ar,Could not resolve host: pescanacion.magyp.gob.ar,none
pinedo.gob.ar,gob.ar,Could not resolve host: pinedo.gob.ar,none
piwik.slyt.gba.gob.ar,gob.ar,Could not resolve host: piwik.slyt.gba.gob.ar,none
pmm.bcra.gob.ar,gob.ar,Could not resolve host: pmm.bcra.gob.ar,none
pocito.gob.ar,gob.ar,Could not resolve host: pocito.gob.ar,0 pocito.gob.ar.
policialp.gob.ar,policialp.gob.ar,,
policiamisiones.gob.ar,gob.ar,403,none
politicaspublicas.argentinacomparte.gob.ar,gob.ar,Could not resolve host: politicaspublicas.argentinacomparte.gob.ar,none
politicassociales.gob.ar,gob.ar,403,none
polizadigital.ssn.gob.ar,gob.ar,Could not resolve host: polizadigital.ssn.gob.ar,none
pop.arg.gob.ar,gob.ar,Could not resolve host: pop.arg.gob.ar,none
pop.concordia.gob.ar,gob.ar,Could not resolve host: pop.concordia.gob.ar,none
pop.defensadelpublico.gob.ar,gob.ar,Connection timed out after 3001 milliseconds,none
pop3.concordia.gob.ar,gob.ar,200,none
pop3.ign.gob.ar,gob.ar,Could not resolve host: pop3.ign.gob.ar,none
pop3.intech.gob.ar,gob.ar,Could not resolve host: pop3.intech.gob.ar,none
pop3.laplata-conicet.gob.ar,gob.ar,302,dig error
pop3.mendoza-conicet.gob.ar,gob.ar,Resolving timed out after 3000 milliseconds,dig error
pop3.sanjuan.gob.ar,gob.ar,Could not resolve host: pop3.sanjuan.gob.ar,none
portal.ater.gob.ar,gob.ar,200,none
portal.catamarca.gob.ar,gob.ar,403,none
portal.cordoba.gob.ar,gob.ar,Could not resolve host: portal.cordoba.gob.ar,none
portal.coronda.gob.ar,gob.ar,Could not resolve host: portal.coronda.gob.ar,none
portal.educacion.gob.ar,gob.ar,Could not resolve host: portal.educacion.gob.ar,none
portal.pagostad.gob.ar,gob.ar,200,none
portal.supbienestar.gob.ar,gob.ar,Could not resolve host: portal.supbienestar.gob.ar,none
portalandresito.gob.ar,gob.ar,Could not resolve host: portalandresito.gob.ar,none
portaldeempleo.paisdigital.modernizacion.gob.ar,gob.ar,Could not resolve host: portaldeempleo.paisdigital.modernizacion.gob.ar,none
portalmedico.supbienestar.gob.ar,gob.ar,Could not resolve host: portalmedico.supbienestar.gob.ar,none
poseidon.dnic.gob.ar,gob.ar,Could not resolve host: poseidon.dnic.gob.ar,none
posgar.ign.gob.ar,gob.ar,Could not resolve host: posgar.ign.gob.ar,none
pre-back.argentina.gob.ar,gob.ar,Could not resolve host: pre-back.argentina.gob.ar,none
pre-www.arcompra.gob.ar,gob.ar,Could not resolve host: pre-www.arcompra.gob.ar,none
pre-www.argentina.gob.ar,gob.ar,Could not resolve host: pre-www.argentina.gob.ar,none
preciosclaros.gob.ar,gob.ar,SSL: no alternative certificate subject name matches target hostname 'preciosclaros.gob.ar',none
prefectura.gob.ar,gob.ar,Could not resolve host: prefectura.gob.ar,none
preinscripciones.concursar.gob.ar,gob.ar,Could not resolve host: preinscripciones.concursar.gob.ar,none
premiereftp.jefatura.gob.ar,gob.ar,Could not resolve host: premiereftp.jefatura.gob.ar,none
prensa.salta.gob.ar,gob.ar,Could not resolve host: prensa.salta.gob.ar,none
preprod.rentasweb.gob.ar,gob.ar,Could not resolve host: preprod.rentasweb.gob.ar,none
presupuestoparticipativo.laplata.gob.ar,gob.ar,Resolving timed out after 3000 milliseconds,none
primarias.gob.ar,gob.ar,Resolving timed out after 3000 milliseconds,none
primerosexportadores.produccionrosario.gob.ar,gob.ar,200,none
printer.mcrweb.gob.ar,gob.ar,Could not resolve host: printer.mcrweb.gob.ar,none
produccionrosario.gob.ar,gob.ar,Resolving timed out after 3000 milliseconds,none
programahogar.gob.ar,gob.ar,Could not resolve host: programahogar.gob.ar,none
prosiga.ign.gob.ar,gob.ar,Could not resolve host: prosiga.ign.gob.ar,none
proxy.ign.gob.ar,gob.ar,Could not resolve host: proxy.ign.gob.ar,none
proyectos.ign.gob.ar,gob.ar,Could not resolve host: proyectos.ign.gob.ar,none
proyectos.prie.gob.ar,gob.ar,Could not resolve host: proyectos.prie.gob.ar,none
proyectos.salta.gob.ar,gob.ar,Could not resolve host: proyectos.salta.gob.ar,none
proyectos.slyt.gba.gob.ar,gob.ar,Could not resolve host: proyectos.slyt.gba.gob.ar,none
ptn.gob.ar,gob.ar,Could not resolve host: ptn.gob.ar,none
puan.gob.ar,gob.ar,301,none
puertolibertad.gob.ar,gob.ar,Could not resolve host: puertolibertad.gob.ar,none
pujato.gob.ar,gob.ar,200,none
qa-back.argentina.gob.ar,gob.ar,503,none
qa-www.argentina.gob.ar,gob.ar,Could not resolve host: qa-www.argentina.gob.ar,none
radiovertice.laplata.gob.ar,gob.ar,Resolving timed out after 3000 milliseconds,none
rafaela.gob.ar,gob.ar,Could not resolve host: rafaela.gob.ar,8 mail3.rafaela.gob.ar.; 15 mail2.rafaela.gob.ar.; 20 mail.rafaela.gob.ar.
ramsac.ign.gob.ar,gob.ar,SSL certificate problem: unable to get local issuer certificate,none
ranop.slyt.gba.gob.ar,gob.ar,Could not resolve host: ranop.slyt.gba.gob.ar,none
rc.apps.cordoba.gob.ar,gob.ar,SSL: no alternative certificate subject name matches target hostname 'rc.apps.cordoba.gob.ar',none
reclamos.pinamar.gob.ar,gob.ar,200,none
recursera.cnm.gob.ar,gob.ar,Could not resolve host: recursera.cnm.gob.ar,none
redmine.argentina.gob.ar,gob.ar,403,none
regaliasargentinas.gob.ar,gob.ar,Could not resolve host: regaliasargentinas.gob.ar,none
registrocontratistasop.salta.gob.ar,gob.ar,Could not resolve host: registrocontratistasop.salta.gob.ar,none
reincidencia.justiciajujuy.gob.ar,gob.ar,200,none
relay1.modernizacion.gob.ar,gob.ar,Could not resolve host: relay1.modernizacion.gob.ar,none
relay2.modernizacion.gob.ar,gob.ar,Could not resolve host: relay2.modernizacion.gob.ar,none
remoto.cnc.gob.ar,gob.ar,Could not resolve host: remoto.cnc.gob.ar,none
renabe.bienesdelestado.gob.ar,gob.ar,Could not resolve host: renabe.bienesdelestado.gob.ar,none
renatea.gob.ar,gob.ar,Could not resolve host: renatea.gob.ar,none
rentas.mcrweb.gob.ar,gob.ar,Could not resolve host: rentas.mcrweb.gob.ar,none
rentascordoba.gob.ar,gob.ar,301,none
rentasjujuy.gob.ar,gob.ar,200,0 mail.rentasjujuy.gob.ar.; 20 mx1.rentasjujuy.gob.ar.
rentasjujuyonline.gob.ar,gob.ar,Could not resolve host: rentasjujuyonline.gob.ar,0 mail.rentasjujuyonline.gob.ar.; 0 smtp.rentasjujuyonline.gob.ar.
rentasweb.gob.ar,gob.ar,Could not resolve host: rentasweb.gob.ar,none
repositorio.paisdigital.modernizacion.gob.ar,gob.ar,Connection timed out after 3001 milliseconds,none
resistencia.gob.ar,gob.ar,Could not resolve host: resistencia.gob.ar,none
riogrande.gob.ar,gob.ar,403,10 mail.riogrande.gob.ar.
rionegro.gob.ar,rionegro.gob.ar,,
rnabiology.ibr-conicet.gob.ar,gob.ar,Could not resolve host: rnabiology.ibr-conicet.gob.ar,none
roca.gob.ar,gob.ar,200,none
rosariomasjoven.gob.ar,gob.ar,Could not resolve host: rosariomasjoven.gob.ar,none
rosarionoticias.gob.ar,gob.ar,200,none
rrhh.mcrweb.gob.ar,gob.ar,Could not resolve host: rrhh.mcrweb.gob.ar,none
rubricadigital.ssn.gob.ar,gob.ar,Connection timed out after 3001 milliseconds,none
rubricadigitaltest.ssn.gob.ar,gob.ar,Connection timed out after 3002 milliseconds,none
s166.cordoba.gob.ar,gob.ar,Could not resolve host: s166.cordoba.gob.ar,none
saa.iosper.gob.ar,gob.ar,200,none
saas.gendarmeria.gob.ar,gob.ar,Connection timed out after 3001 milliseconds,none
sac.iosper.gob.ar,gob.ar,Could not resolve host: sac.iosper.gob.ar,none
sai.inap.gob.ar,gob.ar,200,none
sai.iosper.gob.ar,gob.ar,301,none
salta.gob.ar,gob.ar,Could not resolve host: salta.gob.ar,10 fmail.salta.gob.ar.
saltainfo.salta.gob.ar,gob.ar,Connection timed out after 3001 milliseconds,none
saludmentalragone.gob.ar,gob.ar,Could not resolve host: saludmentalragone.gob.ar,none
saludnqn.gob.ar,gob.ar,Could not resolve host: saludnqn.gob.ar,none
sam.iosper.gob.ar,gob.ar,200,none
sampacho.gob.ar,gob.ar,200,none
sanisidro.gob.ar,gob.ar,Could not resolve host: sanisidro.gob.ar,none
sanjorge.gob.ar,gob.ar,301,0 sanjorge.gob.ar.
sanjuan.gob.ar,gob.ar,Could not resolve host: sanjuan.gob.ar,none
sanluis.gob.ar,sanluis.gob.ar,,
sanmartiniano.gob.ar,gob.ar,301,none
sanmartinmza.gob.ar,gob.ar,Could not resolve host: sanmartinmza.gob.ar,none
sanpedrodejujuy.gob.ar,gob.ar,200,none
sansalvadordejujuy.gob.ar,gob.ar,SSL: no alternative certificate subject name matches target hostname 'sansalvadordejujuy.gob.ar',10 mail.sansalvadordejujuy.gob.ar.
sansalvadorer.gob.ar,gob.ar,200,none
santacruz.gob.ar,santacruz.gob.ar,,
santacruzpatagonia.gob.ar,gob.ar,SSL: no alternative certificate subject name matches target hostname 'santacruzpatagonia.gob.ar',none
santacruzpatagonia.gob.ar.ci2.toservers.com,gob.ar,Resolving timed out after 3000 milliseconds,none
santafe.gob.ar,gob.ar,Could not resolve host: santafe.gob.ar,none
santafelavieja.gob.ar,gob.ar,Could not resolve host: santafelavieja.gob.ar,none
santarosa.gob.ar,gob.ar,301,none
santiagocultura.gob.ar,gob.ar,Could not resolve host: santiagocultura.gob.ar,none
sarha.mininterior.gob.ar,gob.ar,Could not resolve host: sarha.mininterior.gob.ar,none
sarhaonlineext.afip.gob.ar,gob.ar,Could not resolve host: sarhaonlineext.afip.gob.ar,none
sau.iosper.gob.ar,gob.ar,200,none
scam.gna.gob.ar,gob.ar,Could not resolve host: scam.gna.gob.ar,none
scamserapp.gendarmeria.gob.ar,gob.ar,Connection timed out after 3002 milliseconds,none
sde.gob.ar,sde.gob.ar,,
sdgcad.afip.gob.ar,gob.ar,403,none
se.gob.ar,gob.ar,Could not resolve host: se.gob.ar,none
secretariasde.gob.ar,gob.ar,Could not resolve host: secretariasde.gob.ar,none
sefiweb.afip.gob.ar,gob.ar,Could not resolve host: sefiweb.afip.gob.ar,none
seguridad4g.gob.ar,gob.ar,Failed to connect to seguridad4g.gob.ar port 443 after 256 ms: Could not connect to server,none
seguridadinformatica.sgp.gob.ar,gob.ar,Connection timed out after 3002 milliseconds,dig error
seguridadvial.gob.ar,gob.ar,Could not resolve host: seguridadvial.gob.ar,none
seguro.ssn.gob.ar,gob.ar,Connection timed out after 3001 milliseconds,none
seguro2.ssn.gob.ar,gob.ar,Could not resolve host: seguro2.ssn.gob.ar,none
seguro3.ssn.gob.ar,gob.ar,Could not resolve host: seguro3.ssn.gob.ar,none
senadodecatamarca.gob.ar,gob.ar,200,none
senasa.gob.ar,gob.ar,301,none
senip.gob.ar,gob.ar,301,none
sentry.apps.cordoba.gob.ar,gob.ar,Could not resolve host: sentry.apps.cordoba.gob.ar,none
seo2.iosper.gob.ar,gob.ar,Could not resolve host: seo2.iosper.gob.ar,none
sepyme.produccion.gob.ar,gob.ar,Could not resolve host: sepyme.produccion.gob.ar,none
serpegen.gna.gob.ar,gob.ar,Could not resolve host: serpegen.gna.gob.ar,none
server.catamarca.gob.ar,gob.ar,Could not resolve host: server.catamarca.gob.ar,none
servicios.afip.gob.ar,gob.ar,403,none
servicios.frutic.inta.gob.ar,gob.ar,Could not resolve host: servicios.frutic.inta.gob.ar,none
servicios.intec.santafe-conicet.gob.ar,gob.ar,Connection timed out after 3002 milliseconds,none
servicios.jus.gob.ar,gob.ar,200,none
servicios.mcrweb.gob.ar,gob.ar,404,none
servicios.mda.gob.ar,gob.ar,200,none
servicios.puntodigital.paisdigital.modernizacion.gob.ar,gob.ar,301,none
servicios.santotome.gob.ar,gob.ar,TLS connect error: error:0A000102:SSL routines::unsupported protocol,none
servicios1.afip.gob.ar,gob.ar,TLS connect error: error:0A00018A:SSL routines::dh key too small,none
serviciosadu.afip.gob.ar,gob.ar,Could not resolve host: serviciosadu.afip.gob.ar,none
servicioscf.afip.gob.ar,gob.ar,200,none
servicioscorp.anses.gob.ar,gob.ar,Could not resolve host: servicioscorp.anses.gob.ar,none
serviciosjava.afip.gob.ar,gob.ar,403,none
serviciosjava2.afip.gob.ar,gob.ar,403,none
serviciosnet.afip.gob.ar,gob.ar,Could not resolve host: serviciosnet.afip.gob.ar,none
serviciosphp.afip.gob.ar,gob.ar,Could not resolve host: serviciosphp.afip.gob.ar,none
serviciospl.afip.gob.ar,gob.ar,200,none
serviciospublicos.minplan.gob.ar,gob.ar,Could not resolve host: serviciospublicos.minplan.gob.ar,none
serviciossegsoc.afip.gob.ar,gob.ar,200,none
serviciosweb.afip.gob.ar,gob.ar,403,none
serviciosweb.aftic.gob.ar,gob.ar,Could not resolve host: serviciosweb.aftic.gob.ar,none
servicioswebtest.aftic.gob.ar,gob.ar,Could not resolve host: servicioswebtest.aftic.gob.ar,none
servicioswww.anses.gob.ar,gob.ar,302,none
sesop.gob.ar,gob.ar,Could not resolve host: sesop.gob.ar,none
seti.afip.gob.ar,gob.ar,Could not resolve host: seti.afip.gob.ar,none
setiwebhomoext.afip.gob.ar,gob.ar,200,none
sews.sintys.gob.ar,gob.ar,Could not resolve host: sews.sintys.gob.ar,none
sfmail.turismo.gob.ar,gob.ar,Could not resolve host: sfmail.turismo.gob.ar,none
sgerd.gob.ar,gob.ar,Could not resolve host: sgerd.gob.ar,none
sgp.gob.ar,gob.ar,Connection timed out after 3000 milliseconds,20 mail4.sgp.gov.ar.; 20 mail3.sgp.gov.ar.; 5 mail1.sgp.gov.ar.; 10 mail.sgp.gov.ar.
share.campana.gob.ar,gob.ar,Could not resolve host: share.campana.gob.ar,none
si-cport.gob.ar,gob.ar,Could not resolve host: si-cport.gob.ar,none
siad.slyt.gba.gob.ar,gob.ar,TLS connect error: error:0A000458:SSL routines::tlsv1 unrecognized name,none
sib.gob.ar,gob.ar,200,none
sibom.slyt.gba.gob.ar,gob.ar,200,none
siena.bienesdelestado.gob.ar,gob.ar,Resolving timed out after 3000 milliseconds,none
sifere.rentasweb.gob.ar,gob.ar,Could not resolve host: sifere.rentasweb.gob.ar,none
sig.ign.gob.ar,gob.ar,Could not resolve host: sig.ign.gob.ar,none
sigel.electoraltucuman.gob.ar,gob.ar,TLS connect error: error:0A0000C6:SSL routines::packet length too long,none
sigen.gob.ar,gob.ar,Could not resolve host: sigen.gob.ar,none
sigeva.gob.ar,gob.ar,Could not resolve host: sigeva.gob.ar,10 smtp.sigeva.gob.ar.
sigmund.pinamar.gob.ar,gob.ar,200,none
siig.hcdn.gob.ar,gob.ar,Could not resolve host: siig.hcdn.gob.ar,none
sime-test.jefatura.gob.ar,gob.ar,Could not resolve host: sime-test.jefatura.gob.ar,none
simel.ambiente.gob.ar,gob.ar,Could not resolve host: simel.ambiente.gob.ar,none
simeldes.ambiente.gob.ar,gob.ar,Could not resolve host: simeldes.ambiente.gob.ar,none
sinca.gob.ar,gob.ar,403,none
sinceramientofiscal.mecon.gob.ar,gob.ar,Could not resolve host: sinceramientofiscal.mecon.gob.ar,none
sindicaturaneuquen.gob.ar,gob.ar,200,none
sinide.educacion.gob.ar,gob.ar,Could not resolve host: sinide.educacion.gob.ar,none
sip.gna.gob.ar,gob.ar,Could not resolve host: sip.gna.gob.ar,none
sip.jefatura.gob.ar,gob.ar,Could not resolve host: sip.jefatura.gob.ar,none
sip.pfa-uc.gob.ar,gob.ar,Could not resolve host: sip.pfa-uc.gob.ar,none
sip.sgp.gob.ar,gob.ar,Resolving timed out after 3001 milliseconds,dig error
sir.buenosaires.gob.ar,gob.ar,Could not resolve host: sir.buenosaires.gob.ar,none
sir.pagostad.gob.ar,gob.ar,Could not resolve host: sir.pagostad.gob.ar,none
sirepeva.sgp.gob.ar,gob.ar,Connection timed out after 3002 milliseconds,none
sisanjuan.gob.ar,gob.ar,200,none
sisco.mecon.gob.ar,gob.ar,Resolving timed out after 3001 milliseconds,none
siseg-onep.jefatura.gob.ar,gob.ar,Could not resolve host: siseg-onep.jefatura.gob.ar,none
siseg-pnc.jefatura.gob.ar,gob.ar,Could not resolve host: siseg-pnc.jefatura.gob.ar,none
siseg-sigp-ag.jefatura.gob.ar,gob.ar,200,none
siseg-sigp-metas-min.jefatura.gob.ar,gob.ar,Could not resolve host: siseg-sigp-metas-min.jefatura.gob.ar,none
siseg-sigp-onig.jefatura.gob.ar,gob.ar,Could not resolve host: siseg-sigp-onig.jefatura.gob.ar,none
siseg-sip.jefatura.gob.ar,gob.ar,Could not resolve host: siseg-sip.jefatura.gob.ar,none
siseg-tmc.jefatura.gob.ar,gob.ar,Could not resolve host: siseg-tmc.jefatura.gob.ar,none
siss.sssalud.gob.ar,gob.ar,Could not resolve host: siss.sssalud.gob.ar,none
sistemas.concordia.gob.ar,gob.ar,400,none
sistemas.cultura.gob.ar,gob.ar,Could not resolve host: sistemas.cultura.gob.ar,none
sistemas.gba.gob.ar,gob.ar,Could not resolve host: sistemas.gba.gob.ar,none
sistemas.policialp.gob.ar,gob.ar,Connection timed out after 3000 milliseconds,none
sistemas1.dpi.gba.gob.ar,gob.ar,Could not resolve host: sistemas1.dpi.gba.gob.ar,none
sistemas2.dpi.gba.gob.ar,gob.ar,Could not resolve host: sistemas2.dpi.gba.gob.ar,none
sisupre.ssn.gob.ar,gob.ar,Could not resolve host: sisupre.ssn.gob.ar,none
sitacie.anses.gob.ar,gob.ar,307,none
slyt.gob.ar,gob.ar,Could not resolve host: slyt.gob.ar,none
smtp.arg.gob.ar,gob.ar,Could not resolve host: smtp.arg.gob.ar,none
smtp.concordia.gob.ar,gob.ar,200,none
smtp.defensadelpublico.gob.ar,gob.ar,Could not resolve host: smtp.defensadelpublico.gob.ar,none
smtp.ign.gob.ar,gob.ar,Could not resolve host: smtp.ign.gob.ar,none
smtp.intech.gob.ar,gob.ar,Could not resolve host: smtp.intech.gob.ar,none
smtp.laplata-conicet.gob.ar,gob.ar,Could not resolve host: smtp.laplata-conicet.gob.ar,none
smtp.mendoza-conicet.gob.ar,gob.ar,Resolving timed out after 3000 milliseconds,none
smtp.sanjuan.gob.ar,gob.ar,503,none
soa.afip.gob.ar,gob.ar,Could not resolve host: soa.afip.gob.ar,none
soaservicios.anses.gob.ar,gob.ar,301,none
sofse.gob.ar,gob.ar,301,none
sommer.gob.ar,gob.ar,301,none
sommer.gob.ar.ci2.toservers.com,gob.ar,Resolving timed out after 3000 milliseconds,none
sonar.pinamar.gob.ar,gob.ar,Could not resolve host: sonar.pinamar.gob.ar,none
soporte.mcrweb.gob.ar,gob.ar,Could not resolve host: soporte.mcrweb.gob.ar,none
soporte.pgn-dicom.gob.ar,gob.ar,Could not resolve host: soporte.pgn-dicom.gob.ar,none
sos.concordia.gob.ar,gob.ar,Could not resolve host: sos.concordia.gob.ar,none
sosdev.concordia.gob.ar,gob.ar,Could not resolve host: sosdev.concordia.gob.ar,none
sparl.diputados.gob.ar,gob.ar,Could not resolve host: sparl.diputados.gob.ar,none
sparl.hcdn.gob.ar,gob.ar,Could not resolve host: sparl.hcdn.gob.ar,none
spd.diputados.gob.ar,gob.ar,Could not resolve host: spd.diputados.gob.ar,none
spd.hcdn.gob.ar,gob.ar,Could not resolve host: spd.hcdn.gob.ar,none
spe.iosper.gob.ar,gob.ar,200,none
spe.jefatura.gob.ar,gob.ar,Could not resolve host: spe.jefatura.gob.ar,none
spf.gob.ar,gob.ar,Could not resolve host: spf.gob.ar,0 spf-gob-ar.mail.protection.outlook.com.
src.iosper.gob.ar,gob.ar,200,none
src.sis.cultura.gob.ar,gob.ar,Could not resolve host: src.sis.cultura.gob.ar,none
srh.energianeuquen.gob.ar,gob.ar,Could not resolve host: srh.energianeuquen.gob.ar,none
sri.afip.gob.ar,gob.ar,Could not resolve host: sri.afip.gob.ar,none
sro.uif.gob.ar,gob.ar,Could not resolve host: sro.uif.gob.ar,none
srp.jefatura.gob.ar,gob.ar,Could not resolve host: srp.jefatura.gob.ar,none
srt.gob.ar,gob.ar,Could not resolve host: srt.gob.ar,none
srtorg.gob.ar,gob.ar,Could not resolve host: srtorg.gob.ar,none
ssas.gob.ar,gob.ar,200,0 ssas.gob.ar.
ssl.concordia.gob.ar,gob.ar,Connection timed out after 3002 milliseconds,none
ssl.mindef.gob.ar,gob.ar,Connection timed out after 3001 milliseconds,none
ssn.gob.ar,gob.ar,Could not resolve host: ssn.gob.ar,1 smtp.google.com.
sso.idfederada.gob.ar,gob.ar,Could not resolve host: sso.idfederada.gob.ar,none
sso.slyt.gba.gob.ar,gob.ar,Could not resolve host: sso.slyt.gba.gob.ar,none
sso2.slyt.gba.gob.ar,gob.ar,Could not resolve host: sso2.slyt.gba.gob.ar,none
sstc-dnpr.modernizacion.gob.ar,gob.ar,Could not resolve host: sstc-dnpr.modernizacion.gob.ar,none
stable-middleware-tecno-ext.afip.gob.ar,gob.ar,200,none
static.rentasweb.gob.ar,gob.ar,530,none
stock.slyt.gba.gob.ar,gob.ar,TLS connect error: error:0A000458:SSL routines::tlsv1 unrecognized name,none
stockalumbrado.pinamar.gob.ar,gob.ar,Could not resolve host: stockalumbrado.pinamar.gob.ar,none
subasta.justiciacordoba.gob.ar,gob.ar,Could not resolve host: subasta.justiciacordoba.gob.ar,none
subastas.justiciacordoba.gob.ar,gob.ar,200,none
sube.gob.ar,gob.ar,Empty reply from server,none
sucerp.rentasweb.gob.ar,gob.ar,Connection timed out after 3002 milliseconds,none
supbienestar.gob.ar,gob.ar,SSL certificate problem: unable to get local issuer certificate,none
svn.ign.gob.ar,gob.ar,HTTP/2 stream 1 was not closed cleanly: PROTOCOL_ERROR (err 1),none
sync.agua.gob.ar,gob.ar,403,none
tableros.ambiente.gob.ar,gob.ar,Could not resolve host: tableros.ambiente.gob.ar,none
taiga.catamarca.gob.ar,gob.ar,403,none
tancacha.gob.ar,gob.ar,200,none
tanti.gob.ar,gob.ar,301,none
tc.sgp.gob.ar,gob.ar,Could not resolve host: tc.sgp.gob.ar,none
tclarioja.gob.ar,gob.ar,Could not resolve host: tclarioja.gob.ar,none
tclarioja.gob.ar.ci2.toservers.com,gob.ar,SSL: no alternative certificate subject name matches target hostname 'tclarioja.gob.ar.ci2.toservers.com',0 mail.tclarioja.gob.ar.ci2.toservers.com.
tcmriogrande.gob.ar,gob.ar,301,none
tcpsantafe.gob.ar,gob.ar,SSL certificate problem: unable to get local issuer certificate,none
tcptdf.gob.ar,tcptdf.gob.ar,,
teatro25demayo.gob.ar,gob.ar,Could not resolve host: teatro25demayo.gob.ar,none
teatrocervantes.gob.ar,gob.ar,Failed to connect to teatrocervantes.gob.ar port 443 after 251 ms: Could not connect to server,20 mx2.teatrocervantes.gob.ar.; 1 mail.teatrocervantes.gob.ar.
tele.inap.gob.ar,gob.ar,Could not resolve host: tele.inap.gob.ar,none
teodelina.gob.ar,gob.ar,200,none
termasdelaselva.gob.ar,gob.ar,Could not resolve host: termasdelaselva.gob.ar,none
terminalrosario.gob.ar,gob.ar,SSL certificate problem: self-signed certificate,none
test-scrh.jefatura.gob.ar,gob.ar,Could not resolve host: test-scrh.jefatura.gob.ar,none
test-www.arcompra.gob.ar,gob.ar,Could not resolve host: test-www.arcompra.gob.ar,none
test.concursar.gob.ar,gob.ar,Could not resolve host: test.concursar.gob.ar,none
test.rentasweb.gob.ar,gob.ar,Could not resolve host: test.rentasweb.gob.ar,none
test1.cordoba.gob.ar,gob.ar,Could not resolve host: test1.cordoba.gob.ar,none
test2.cordoba.gob.ar,gob.ar,Could not resolve host: test2.cordoba.gob.ar,none
testdia.afip.gob.ar,gob.ar,Could not resolve host: testdia.afip.gob.ar,none
testw.loteriaderionegro.gob.ar,gob.ar,Could not resolve host: testw.loteriaderionegro.gob.ar,none
tge.sgp.gob.ar,gob.ar,Connection timed out after 3001 milliseconds,dig error
tic.inaes.gob.ar,gob.ar,Could not resolve host: tic.inaes.gob.ar,none
tierradelfuego.gob.ar,gob.ar,Could not resolve host: tierradelfuego.gob.ar,none
tierraelegida.gob.ar,gob.ar,Could not resolve host: tierraelegida.gob.ar,none
tmcrosario.gob.ar,gob.ar,403,none
toay.gob.ar,gob.ar,Could not resolve host: toay.gob.ar,none
toay.toay.gob.ar,gob.ar,Could not resolve host: toay.toay.gob.ar,none
torneos.pinamar.gob.ar,gob.ar,Could not resolve host: torneos.pinamar.gob.ar,none
tornquist.gob.ar,gob.ar,200,none
tortugas.gob.ar,gob.ar,Could not resolve host: tortugas.gob.ar,none
trabajo.gob.ar,gob.ar,Recv failure: Connexion ré-initialisée par le correspondant,none
trabajosantiago.gob.ar,gob.ar,SSL certificate problem: certificate has expired,0 trabajosantiago.gob.ar.
tramites.coronda.gob.ar,gob.ar,Could not resolve host: tramites.coronda.gob.ar,none
tramites.gob.ar,gob.ar,Could not resolve host: tramites.gob.ar,none
tramitesadistancia.gob.ar,gob.ar,Could not resolve host: tramitesadistancia.gob.ar,none
tramitescorrientes.gob.ar,gob.ar,Could not resolve host: tramitescorrientes.gob.ar,none
tramiteslegislativos.slyt.gba.gob.ar,gob.ar,Could not resolve host: tramiteslegislativos.slyt.gba.gob.ar,none
transporte.gob.ar,gob.ar,301,none
trevelin.gob.ar,gob.ar,Could not resolve host: trevelin.gob.ar,10 trevelin-gob-ar.mail.protection.outlook.com.
tribcuentasmendoza.gob.ar,gob.ar,Could not resolve host: tribcuentasmendoza.gob.ar,none
trivia.viajaportupais.gob.ar,gob.ar,Could not resolve host: trivia.viajaportupais.gob.ar,none
tucuman.gob.ar,gob.ar,Could not resolve host: tucuman.gob.ar,none
turismocatamarca.gob.ar,turismocatamarca.gob.ar,,
turn.tcptdf.gob.ar,gob.ar,Resolving timed out after 3001 milliseconds,none
turnos.merlo.gob.ar,gob.ar,Could not resolve host: turnos.merlo.gob.ar,none
turnos.supbienestar.gob.ar,gob.ar,SSL certificate problem: unable to get local issuer certificate,none
tutoresprogresar.gob.ar,gob.ar,Could not resolve host: tutoresprogresar.gob.ar,none
tvrionegrina.gob.ar,gob.ar,Could not resolve host: tvrionegrina.gob.ar,none
ucar.gob.ar,gob.ar,Could not resolve host: ucar.gob.ar,none
unquillo.gob.ar,gob.ar,Could not resolve host: unquillo.gob.ar,none
uocs.jefatura.gob.ar,gob.ar,Could not resolve host: uocs.jefatura.gob.ar,none
uptime.ambiente.gob.ar,gob.ar,Could not resolve host: uptime.ambiente.gob.ar,none
ushuaia.gob.ar,gob.ar,302,none
usig.buenosaires.gob.ar,gob.ar,SSL certificate problem: unable to get local issuer certificate,none
uti.ign.gob.ar,gob.ar,Could not resolve host: uti.ign.gob.ar,none
va.sanluis.gob.ar,gob.ar,Could not resolve host: va.sanluis.gob.ar,none
vc.rosario-conicet.gob.ar,gob.ar,Could not resolve host: vc.rosario-conicet.gob.ar,none
ventas.ign.gob.ar,gob.ar,Could not resolve host: ventas.ign.gob.ar,none
verparasaber.gob.ar,gob.ar,Could not resolve host: verparasaber.gob.ar,none
victorica.gob.ar,gob.ar,200,none
videoconferencia.segemar.gob.ar,gob.ar,Could not resolve host: videoconferencia.segemar.gob.ar,none
viedma.gob.ar,gob.ar,200,0 mail.viedma.gob.ar.
villaberthet.gob.ar,gob.ar,Could not resolve host: villaberthet.gob.ar,none
villamaria.gob.ar,gob.ar,200,10 mail2.villamaria.gob.ar.; 5 mail.villamaria.gob.ar.
villapehuenia.gob.ar,gob.ar,Could not resolve host: villapehuenia.gob.ar,0 mail.villapehuenia.gob.ar.; 20 mx1.villapehuenia.gob.ar.
villatrinidad.gob.ar,gob.ar,Could not resolve host: villatrinidad.gob.ar,none
viviendacatamarca.gob.ar,gob.ar,Could not resolve host: viviendacatamarca.gob.ar,none
vpn.desarrollosocial.gob.ar,gob.ar,Could not resolve host: vpn.desarrollosocial.gob.ar,none
vuelos.ign.gob.ar,gob.ar,Could not resolve host: vuelos.ign.gob.ar,none
wac.sigen.gob.ar,gob.ar,Could not resolve host: wac.sigen.gob.ar,none
web.rosario-conicet.gob.ar,gob.ar,Could not resolve host: web.rosario-conicet.gob.ar,none
web2.rosario-conicet.gob.ar,gob.ar,Could not resolve host: web2.rosario-conicet.gob.ar,none
webconf.gna.gob.ar,gob.ar,Could not resolve host: webconf.gna.gob.ar,none
webex.vialidad.gob.ar,gob.ar,Could not resolve host: webex.vialidad.gob.ar,none
webexadmin.vialidad.gob.ar,gob.ar,Could not resolve host: webexadmin.vialidad.gob.ar,none
webexbbca.vialidad.gob.ar,gob.ar,Could not resolve host: webexbbca.vialidad.gob.ar,none
webext.sigen.gob.ar,gob.ar,Could not resolve host: webext.sigen.gob.ar,none
webformsext.afip.gob.ar,gob.ar,200,none
webmail-dr.bcra.gob.ar,gob.ar,Could not resolve host: webmail-dr.bcra.gob.ar,none
webmail.afip.gob.ar,gob.ar,200,none
webmail.agua.gob.ar,gob.ar,SSL: no alternative certificate subject name matches target hostname 'webmail.agua.gob.ar',none
webmail.anmat.gob.ar,gob.ar,Could not resolve host: webmail.anmat.gob.ar,none
webmail.bcra.gob.ar,gob.ar,Could not resolve host: webmail.bcra.gob.ar,none
webmail.bienesdelestado.gob.ar,gob.ar,Could not resolve host: webmail.bienesdelestado.gob.ar,none
webmail.cefobi-conicet.gob.ar,gob.ar,SSL certificate problem: self-signed certificate,none
webmail.concordia.gob.ar,gob.ar,Could not resolve host: webmail.concordia.gob.ar,none
webmail.defensadelpublico.gob.ar,gob.ar,200,none
webmail.dnic.gob.ar,gob.ar,Could not resolve host: webmail.dnic.gob.ar,none
webmail.dprneuquen.gob.ar,gob.ar,Could not resolve host: webmail.dprneuquen.gob.ar,none
webmail.gba.gob.ar,gob.ar,302,none
webmail.hcdvictorica.gob.ar,gob.ar,Could not resolve host: webmail.hcdvictorica.gob.ar,none
webmail.ibr-conicet.gob.ar,gob.ar,301,none
webmail.idicer-conicet.gob.ar,gob.ar,Could not resolve host: webmail.idicer-conicet.gob.ar,none
webmail.ifise-conicet.gob.ar,gob.ar,Could not resolve host: webmail.ifise-conicet.gob.ar,none
webmail.iicar-conicet.gob.ar,gob.ar,Could not resolve host: webmail.iicar-conicet.gob.ar,none
webmail.inaes.gob.ar,gob.ar,301,none
webmail.incaa.gob.ar,gob.ar,200,none
webmail.intech.gob.ar,gob.ar,Could not resolve host: webmail.intech.gob.ar,none
webmail.iosper.gob.ar,gob.ar,Could not resolve host: webmail.iosper.gob.ar,none
webmail.iprobyq-conicet.gob.ar,gob.ar,301,20 mx1.iprobyq-conicet.gob.ar.; 0 mail.iprobyq-conicet.gob.ar.
webmail.iquir-conicet.gob.ar,gob.ar,301,none
webmail.jefatura.gob.ar,gob.ar,Could not resolve host: webmail.jefatura.gob.ar,none
webmail.jgm.gob.ar,gob.ar,Could not resolve host: webmail.jgm.gob.ar,none
webmail.jusbaires.gob.ar,gob.ar,Could not resolve host: webmail.jusbaires.gob.ar,none
webmail.jusrionegro.gob.ar,gob.ar,SSL: no alternative certificate subject name matches target hostname 'webmail.jusrionegro.gob.ar',none
webmail.laplata-conicet.gob.ar,gob.ar,Operation timed out after 3000 milliseconds with 0 bytes received,dig error
webmail.migraciones.gob.ar,gob.ar,Could not resolve host: webmail.migraciones.gob.ar,none
webmail.mindef.gob.ar,gob.ar,Could not resolve host: webmail.mindef.gob.ar,none
webmail.minplan.gob.ar,gob.ar,Could not resolve host: webmail.minplan.gob.ar,none
webmail.plabem.gob.ar,gob.ar,Could not resolve host: webmail.plabem.gob.ar,none
webmail.refacua.gob.ar,gob.ar,200,none
webmail.rosario-conicet.gob.ar,gob.ar,301,none
webmail.sanjuan.gob.ar,gob.ar,500,none
webmail.slyt.gba.gob.ar,gob.ar,Could not resolve host: webmail.slyt.gba.gob.ar,none
webmail.turismo.gob.ar,gob.ar,Could not resolve host: webmail.turismo.gob.ar,none
webmail.victorica.gob.ar,gob.ar,Could not resolve host: webmail.victorica.gob.ar,none
webmail.villamaria.gob.ar,gob.ar,302,none
webserver.ign.gob.ar,gob.ar,Could not resolve host: webserver.ign.gob.ar,none
webtop.economianqn.gob.ar,gob.ar,Could not resolve host: webtop.economianqn.gob.ar,none
wfs.ign.gob.ar,gob.ar,Could not resolve host: wfs.ign.gob.ar,none
wiki.rosario-conicet.gob.ar,gob.ar,Could not resolve host: wiki.rosario-conicet.gob.ar,none
wmp.afi.gob.ar,gob.ar,Could not resolve host: wmp.afi.gob.ar,none
wms.ign.gob.ar,gob.ar,404,none
ws.afip.gob.ar,gob.ar,Connection timed out after 3000 milliseconds,none
ws.iosper.gob.ar,gob.ar,200,none
ws.mininterior.gob.ar,gob.ar,Could not resolve host: ws.mininterior.gob.ar,none
ws.rentasweb.gob.ar,gob.ar,Could not resolve host: ws.rentasweb.gob.ar,none
wsaa.afip.gob.ar,gob.ar,200,none
wsw.afip.gob.ar,gob.ar,Recv failure: Connexion ré-initialisée par le correspondant,none
www.2015.defensoriaformosa.gob.ar,gob.ar,Could not resolve host: www.2015.defensoriaformosa.gob.ar,none
www.2015elecciones.gob.ar,gob.ar,Could not resolve host: www.2015elecciones.gob.ar,none
www.accesible.corrientesprensa.gob.ar,gob.ar,Could not resolve host: www.accesible.corrientesprensa.gob.ar,none
www.acraiz.gob.ar,gob.ar,Could not resolve host: www.acraiz.gob.ar,none
www.afi.gob.ar,gob.ar,403,none
www.afip.gob.ar,gob.ar,200,none
www.afipfactuweb.gob.ar,gob.ar,Could not resolve host: www.afipfactuweb.gob.ar,none
www.afipreproweb.gob.ar,gob.ar,Could not resolve host: www.afipreproweb.gob.ar,none
www.aftic.gob.ar,gob.ar,Could not resolve host: www.aftic.gob.ar,none
www.agendadigital.gob.ar,gob.ar,Could not resolve host: www.agendadigital.gob.ar,none
www.aipclosing.mecon.gob.ar,gob.ar,200,none
www.aipsubmission.mecon.gob.ar,gob.ar,Connection timed out after 3001 milliseconds,none
www.alpacorral.gob.ar,gob.ar,Could not resolve host: www.alpacorral.gob.ar,none
www.alumine.gob.ar,gob.ar,Could not resolve host: www.alumine.gob.ar,none
www.aolvsalta.gob.ar,gob.ar,Could not resolve host: www.aolvsalta.gob.ar,none
www.apos.gob.ar,gob.ar,Could not resolve host: www.apos.gob.ar,none
www.apps.snr.gob.ar,gob.ar,Could not resolve host: www.apps.snr.gob.ar,none
www.arbolado.macia.gob.ar,gob.ar,Could not resolve host: www.arbolado.macia.gob.ar,none
www.archivo.macia.gob.ar,gob.ar,Could not resolve host: www.archivo.macia.gob.ar,none
www.arcompra.gob.ar,gob.ar,Could not resolve host: www.arcompra.gob.ar,none
www.ardifusion.gob.ar,gob.ar,Could not resolve host: www.ardifusion.gob.ar,none
www.argentina.gob.ar,gob.ar,200,none
www.argentinacomparte.gob.ar,gob.ar,Could not resolve host: www.argentinacomparte.gob.ar,none
www.argentinacompra.gob.ar,gob.ar,Could not resolve host: www.argentinacompra.gob.ar,none
www.armstrong.gob.ar,gob.ar,Could not resolve host: www.armstrong.gob.ar,5 mx1.hostinger.com.; 10 mx2.hostinger.com.
www.arts.gob.ar,gob.ar,Could not resolve host: www.arts.gob.ar,none
www.atalivaroca.gob.ar,gob.ar,Could not resolve host: www.atalivaroca.gob.ar,none
www.atm.gob.ar,gob.ar,Could not resolve host: www.atm.gob.ar,none
www.automation.profide.gob.ar,gob.ar,Could not resolve host: www.automation.profide.gob.ar,none
www.ayuda.slyt.gba.gob.ar,gob.ar,Could not resolve host: www.ayuda.slyt.gba.gob.ar,none
www.bahia.gob.ar,gob.ar,200,none
www.bahiaemprende.gob.ar,gob.ar,Could not resolve host: www.bahiaemprende.gob.ar,none
www.baldissera.gob.ar,gob.ar,Could not resolve host: www.baldissera.gob.ar,none
www.barilocheturismo.gob.ar,gob.ar,301,none
www.barriosindengue.gob.ar,gob.ar,Could not resolve host: www.barriosindengue.gob.ar,none
www.baseinstrumentos.mecon.gob.ar,gob.ar,TLS connect error: error:0A000102:SSL routines::unsupported protocol,none
www.becar.gob.ar,gob.ar,Could not resolve host: www.becar.gob.ar,none
www.begu.gob.ar,gob.ar,Could not resolve host: www.begu.gob.ar,none
www.bellaitalia.gob.ar,gob.ar,Could not resolve host: www.bellaitalia.gob.ar,none
www.beneficios.lapaz.gob.ar,gob.ar,Could not resolve host: www.beneficios.lapaz.gob.ar,none
www.bialetmasse.gob.ar,gob.ar,Failed to connect to www.bialetmasse.gob.ar port 443 after 717 ms: Could not connect to server,none
www.biblioargentina.gob.ar,gob.ar,301,none
www.bienesdelestado.gob.ar,gob.ar,Resolving timed out after 3001 milliseconds,none
www.bior.gob.ar,gob.ar,Could not resolve host: www.bior.gob.ar,none
www.boletindgri.gob.ar,gob.ar,Could not resolve host: www.boletindgri.gob.ar,none
www.boletinoficial.gob.ar,gob.ar,200,none
www.bovril.gob.ar,gob.ar,Could not resolve host: www.bovril.gob.ar,0 mail.bovril.gob.ar.; 20 mx1.bovril.gob.ar.
www.buenosairescompras.gob.ar,gob.ar,Could not resolve host: www.buenosairescompras.gob.ar,none
www.buisir.buenosaires.gob.ar,gob.ar,Connection timed out after 3001 milliseconds,none
www.cabalango.gob.ar,gob.ar,301,none
www.cafesg.gob.ar,gob.ar,301,none
www.cajaonline.cajapolicia.gob.ar,gob.ar,SSL: no alternative certificate subject name matches target hostname 'www.cajaonline.cajapolicia.gob.ar',none
www.camiloaldao.gob.ar,gob.ar,Could not resolve host: www.camiloaldao.gob.ar,none
www.campana.gob.ar,gob.ar,Operation timed out after 3001 milliseconds with 0 bytes received,none
www.campogrande.gob.ar,gob.ar,TLS connect error: error:0A000410:SSL routines::ssl/tls alert handshake failure,none
www.campushmabb.gob.ar,gob.ar,200,0 campushmabb.gob.ar.
www.canuelas.gob.ar,gob.ar,200,none
www.catamarca.gob.ar,gob.ar,403,none
www.ccrf.gob.ar,gob.ar,Could not resolve host: www.ccrf.gob.ar,none
www.cde.gob.ar,gob.ar,Could not resolve host: www.cde.gob.ar,none
www.cefobi-conicet.gob.ar,gob.ar,Could not resolve host: www.cefobi-conicet.gob.ar,none
www.cenareso.gob.ar,gob.ar,Could not resolve host: www.cenareso.gob.ar,none
www.centroaudiovisual.gob.ar,gob.ar,301,none
www.ceroveinticinco.gob.ar,gob.ar,Could not resolve host: www.ceroveinticinco.gob.ar,none
www.cerrocatedral.gob.ar,gob.ar,Could not resolve host: www.cerrocatedral.gob.ar,none
www.cesba.gob.ar,gob.ar,Could not resolve host: www.cesba.gob.ar,0 cesba.gob.ar.
www.cetmic.gob.ar,gob.ar,Could not resolve host: www.cetmic.gob.ar,none
www.cgp-catamarca.gob.ar,gob.ar,200,0 cgp-catamarca.gob.ar.
www.cificen.gob.ar,gob.ar,Could not resolve host: www.cificen.gob.ar,none
www.cinain.gob.ar,gob.ar,Could not resolve host: www.cinain.gob.ar,none
www.cipolletti.gob.ar,gob.ar,403,none
www.cippa.gob.ar,gob.ar,SSL certificate problem: self-signed certificate,none
www.ciudadmalvinas.gob.ar,gob.ar,Could not resolve host: www.ciudadmalvinas.gob.ar,none
www.civetan-conicet.gob.ar,gob.ar,Could not resolve host: www.civetan-conicet.gob.ar,none
www.cloud1.oroverde.gob.ar,gob.ar,Could not resolve host: www.cloud1.oroverde.gob.ar,none
www.cnc.gob.ar,gob.ar,Could not resolve host: www.cnc.gob.ar,none
www.cofefup.gob.ar,gob.ar,Could not resolve host: www.cofefup.gob.ar,none
www.coirco.gob.ar,gob.ar,200,0 coirco.gob.ar.
www.coloniapellegrini.gob.ar,gob.ar,Could not resolve host: www.coloniapellegrini.gob.ar,none
www.coloniasarmiento.gob.ar,gob.ar,Could not resolve host: www.coloniasarmiento.gob.ar,none
www.comitecontralatrata.gob.ar,gob.ar,SSL: no alternative certificate subject name matches target hostname 'www.comitecontralatrata.gob.ar',none
www.complejoastronomico.gob.ar,gob.ar,200,none
www.compromisolaboral.gob.ar,gob.ar,Could not resolve host: www.compromisolaboral.gob.ar,none
www.comunadealejandra.gob.ar,gob.ar,SSL certificate problem: certificate has expired,none
www.comunadepilar.gob.ar,gob.ar,200,none
www.concejocdg.gob.ar,gob.ar,Could not resolve host: www.concejocdg.gob.ar,none
www.concejoldez.gob.ar,gob.ar,Could not resolve host: www.concejoldez.gob.ar,none
www.concejoreconquista.gob.ar,gob.ar,200,none
www.concejovillamaria.gob.ar,gob.ar,Could not resolve host: www.concejovillamaria.gob.ar,none
www.concordia.gob.ar,gob.ar,200,none
www.concursar.gob.ar,gob.ar,Could not resolve host: www.concursar.gob.ar,none
www.conectados.gob.ar,gob.ar,Could not resolve host: www.conectados.gob.ar,none
www.conocimiento.gob.ar,gob.ar,301,none
www.conozcomisiones.gob.ar,gob.ar,Could not resolve host: www.conozcomisiones.gob.ar,none
www.conquistadores.gob.ar,gob.ar,Could not resolve host: www.conquistadores.gob.ar,none
www.consumoprotegido.gob.ar,gob.ar,Connection timed out after 3002 milliseconds,none
www.cordoba.gob.ar,gob.ar,Could not resolve host: www.cordoba.gob.ar,none
www.corfo.gob.ar,gob.ar,301,1 corfo.gob.ar.
www.coronda.coronda.gob.ar,gob.ar,Could not resolve host: www.coronda.coronda.gob.ar,none
www.coronda.gob.ar,gob.ar,Could not resolve host: www.coronda.gob.ar,none
www.correo.gna.gob.ar,gob.ar,Could not resolve host: www.correo.gna.gob.ar,none
www.corrientesexporta.gob.ar,gob.ar,Could not resolve host: www.corrientesexporta.gob.ar,none
www.corrientesprensa.gob.ar,gob.ar,Could not resolve host: www.corrientesprensa.gob.ar,none
www.corrientesturismo.gob.ar,gob.ar,Could not resolve host: www.corrientesturismo.gob.ar,none
www.crjppf.gob.ar,gob.ar,Could not resolve host: www.crjppf.gob.ar,none
www.cruzdelosmilagros.gob.ar,gob.ar,Could not resolve host: www.cruzdelosmilagros.gob.ar,none
www.csegura.catamarca.gob.ar,gob.ar,Could not resolve host: www.csegura.catamarca.gob.ar,none
www.cuestablanca.gob.ar,gob.ar,Could not resolve host: www.cuestablanca.gob.ar,none
www.cultura.dorrego.gob.ar,gob.ar,302,none
www.culturasantiago.gob.ar,gob.ar,Could not resolve host: www.culturasantiago.gob.ar,none
www.curso.seguridadvial.gob.ar,gob.ar,Could not resolve host: www.curso.seguridadvial.gob.ar,none
www.daleaceptar.gob.ar,gob.ar,Connection timed out after 3000 milliseconds,none
www.dalmaciovelez.gob.ar,gob.ar,Could not resolve host: www.dalmaciovelez.gob.ar,none
www.defensoriabariloche.gob.ar,gob.ar,Could not resolve host: www.defensoriabariloche.gob.ar,none
www.defensorsantiago.gob.ar,gob.ar,Could not resolve host: www.defensorsantiago.gob.ar,none
www.deliberanteobera.gob.ar,gob.ar,301,none
www.desafioslacumbre.gob.ar,gob.ar,Could not resolve host: www.desafioslacumbre.gob.ar,none
www.digestomisiones.gob.ar,gob.ar,200,none
www.digituc.gob.ar,gob.ar,Could not resolve host: www.digituc.gob.ar,none
www.dimsmt.gob.ar,gob.ar,200,none
www.diossesgo.gob.ar,gob.ar,Resolving timed out after 3000 milliseconds,none
www.diputados.gob.ar,gob.ar,200,none
www.dir.riogrande.gob.ar,gob.ar,Could not resolve host: www.dir.riogrande.gob.ar,none
www.dni.gob.ar,gob.ar,Could not resolve host: www.dni.gob.ar,none
www.dnrpi.jus.gob.ar,gob.ar,Could not resolve host: www.dnrpi.jus.gob.ar,none
www.dondevotociudad.gob.ar,gob.ar,Could not resolve host: www.dondevotociudad.gob.ar,none
www.dorrego.gob.ar,gob.ar,Could not resolve host: www.dorrego.gob.ar,none
www.dprneuquen.gob.ar,gob.ar,SSL: no alternative certificate subject name matches target hostname 'www.dprneuquen.gob.ar',none
www.dtpm.cnrt.gob.ar,gob.ar,Could not resolve host: www.dtpm.cnrt.gob.ar,none
www.e-com.gob.ar,gob.ar,Could not resolve host: www.e-com.gob.ar,none
www.economianqn.gob.ar,gob.ar,200,dig error
www.eduardocastex.gob.ar,gob.ar,Could not resolve host: www.eduardocastex.gob.ar,none
www.egob.concordia.gob.ar,gob.ar,301,none
www.elecciones.gob.ar,gob.ar,Resolving timed out after 3000 milliseconds,none
www.eleccionesciudad.gob.ar,gob.ar,200,none
www.electoralsde.gob.ar,gob.ar,Could not resolve host: www.electoralsde.gob.ar,none
www.eltio.gob.ar,gob.ar,301,none
www.eltrebol.gob.ar,gob.ar,301,0 eltrebol.gob.ar.
www.emaurosario.gob.ar,gob.ar,301,none
www.envdiputadossantafe.gob.ar,gob.ar,Could not resolve host: www.envdiputadossantafe.gob.ar,none
www.esalud.gob.ar,gob.ar,Could not resolve host: www.esalud.gob.ar,none
www.escuelaanimadores.gob.ar,gob.ar,Could not resolve host: www.escuelaanimadores.gob.ar,none
www.escuelas.galpondelamusica.gob.ar,gob.ar,Could not resolve host: www.escuelas.galpondelamusica.gob.ar,none
www.espaciopyme.gob.ar,gob.ar,Could not resolve host: www.espaciopyme.gob.ar,none
www.espaciosantafesino.gob.ar,gob.ar,Could not resolve host: www.espaciosantafesino.gob.ar,none
www.estebanecheverria.gob.ar,gob.ar,200,none
www.eucop.gob.ar,gob.ar,Could not resolve host: www.eucop.gob.ar,none
www.expedientes.catamarca.gob.ar,gob.ar,Could not resolve host: www.expedientes.catamarca.gob.ar,none
www.expertomdp.gob.ar,gob.ar,200,none
www.expo.macia.gob.ar,gob.ar,Could not resolve host: www.expo.macia.gob.ar,none
www.extranet.eleccionesciudad.gob.ar,gob.ar,Could not resolve host: www.extranet.eleccionesciudad.gob.ar,none
www.fablabbariloche.gob.ar,gob.ar,302,none
www.federal.gob.ar,gob.ar,301,none
www.fesp.gob.ar,gob.ar,Could not resolve host: www.fesp.gob.ar,none
www.festivalcinerosario.gob.ar,gob.ar,200,0 festivalcinerosario.gob.ar.
www.festivalojoalpiojo.gob.ar,gob.ar,Could not resolve host: www.festivalojoalpiojo.gob.ar,none
www.fiestadelafrutilla.coronda.gob.ar,gob.ar,Could not resolve host: www.fiestadelafrutilla.coronda.gob.ar,none
www.files.expo.macia.gob.ar,gob.ar,Could not resolve host: www.files.expo.macia.gob.ar,none
www.fiscales.gob.ar,gob.ar,200,none
www.galpondelamusica.gob.ar,gob.ar,Could not resolve host: www.galpondelamusica.gob.ar,none
www.generalarenales.gob.ar,gob.ar,302,none
www.generalroca.gob.ar,gob.ar,Could not resolve host: www.generalroca.gob.ar,none
www.gescaba.gob.ar,gob.ar,Could not resolve host: www.gescaba.gob.ar,none
www.gestionesanteriores.buenosairescompras.gob.ar,gob.ar,Could not resolve host: www.gestionesanteriores.buenosairescompras.gob.ar,none
www.gna.gob.ar,gob.ar,Could not resolve host: www.gna.gob.ar,none
www.gonzaleschaves.gob.ar,gob.ar,301,0 gonzaleschaves.gob.ar.
www.gralfernandezoro.gob.ar,gob.ar,200,0 gralfernandezoro.gob.ar.
www.grilla.afsca.gob.ar,gob.ar,Could not resolve host: www.grilla.afsca.gob.ar,none
www.haciendanqn.gob.ar,gob.ar,Could not resolve host: www.haciendanqn.gob.ar,none
www.hcdcaletaolivia.gob.ar,gob.ar,Could not resolve host: www.hcdcaletaolivia.gob.ar,none
www.hcddorrego.gob.ar,gob.ar,301,none
www.hcdeduardocastex.gob.ar,gob.ar,200,none
www.hcdlanus.gob.ar,gob.ar,Could not resolve host: www.hcdlanus.gob.ar,none
www.hcdlanus.gob.ar.ci2.toservers.com,gob.ar,SSL certificate problem: certificate has expired,none
www.hcdmarcospaz.gob.ar,gob.ar,Could not resolve host: www.hcdmarcospaz.gob.ar,none
www.hcdn.gob.ar,gob.ar,200,none
www.hcdnecochea.gob.ar,gob.ar,301,none
www.hcdptosantacruz.gob.ar,gob.ar,Could not resolve host: www.hcdptosantacruz.gob.ar,none
www.hcdpuertorico.gob.ar,gob.ar,200,none
www.hcdsancayetano.gob.ar,gob.ar,Could not resolve host: www.hcdsancayetano.gob.ar,none
www.hcdvictorica.gob.ar,gob.ar,200,none
www.hcdvlopez.gob.ar,gob.ar,200,none
www.hipolitoyrigoyen.gob.ar,gob.ar,Could not resolve host: www.hipolitoyrigoyen.gob.ar,none
www.hospitalmyn.gob.ar,gob.ar,302,none
www.hospitalposadas.gob.ar,gob.ar,Could not resolve host: www.hospitalposadas.gob.ar,none
www.hospitalsantojanni.gob.ar,gob.ar,Could not resolve host: www.hospitalsantojanni.gob.ar,none
www.ibera.gob.ar,gob.ar,SSL: no alternative certificate subject name matches target hostname 'www.ibera.gob.ar',0 mail.ibera.gob.ar.
www.iberacorrientes.gob.ar,gob.ar,Could not resolve host: www.iberacorrientes.gob.ar,none
www.icate-conicet.gob.ar,gob.ar,Could not resolve host: www.icate-conicet.gob.ar,none
www.icate-conicet.gob.ar.cn2.toservers.com,gob.ar,SSL certificate problem: certificate has expired,none
www.icic.gob.ar,gob.ar,Could not resolve host: www.icic.gob.ar,none
www.idicer-conicet.gob.ar,gob.ar,SSL: no alternative certificate subject name matches target hostname 'www.idicer-conicet.gob.ar',none
www.ifise-conicet.gob.ar,gob.ar,Could not resolve host: www.ifise-conicet.gob.ar,none
www.igehcs-conicet.gob.ar,gob.ar,Could not resolve host: www.igehcs-conicet.gob.ar,none
www.ign.gob.ar,gob.ar,200,none
www.images.transporte.gob.ar,gob.ar,Could not resolve host: www.images.transporte.gob.ar,none
www.inaes.gob.ar,gob.ar,Connection timed out after 3002 milliseconds,none
www.inamu.gob.ar,gob.ar,301,none
www.industriacorrientes.gob.ar,gob.ar,Could not resolve host: www.industriacorrientes.gob.ar,none
www.infinitoxdescubrir.gob.ar,gob.ar,Could not resolve host: www.infinitoxdescubrir.gob.ar,none
www.iprobyq-conicet.gob.ar,gob.ar,Operation timed out after 3002 milliseconds with 0 bytes received,none
www.iquir-conicet.gob.ar,gob.ar,SSL certificate problem: EE certificate key too weak,none
www.ischigualasto.gob.ar,gob.ar,Could not resolve host: www.ischigualasto.gob.ar,none
www.ishir-conicet.gob.ar,gob.ar,SSL: no alternative certificate subject name matches target hostname 'www.ishir-conicet.gob.ar',none
www.issys.gob.ar,gob.ar,SSL certificate problem: self-signed certificate,none
www.jefatura.gob.ar,gob.ar,403,none
www.jgm.gob.ar,gob.ar,Could not resolve host: www.jgm.gob.ar,0 relay1.jgm.gob.ar.
www.jusbaires.gob.ar,gob.ar,Could not resolve host: www.jusbaires.gob.ar,none
www.justicia2020.gob.ar,gob.ar,Could not resolve host: www.justicia2020.gob.ar,none
www.justiciachaco.gob.ar,gob.ar,Connection timed out after 3002 milliseconds,none
www.justiciajujuy.gob.ar,gob.ar,Could not resolve host: www.justiciajujuy.gob.ar,none
www.justicialapampa.gob.ar,gob.ar,301,none
www.kiwi.fiscalias.gob.ar,gob.ar,Could not resolve host: www.kiwi.fiscalias.gob.ar,none
www.lacumbre.gob.ar,gob.ar,Could not resolve host: www.lacumbre.gob.ar,0 mail.lacumbre.gob.ar.
www.lafrancia.gob.ar,gob.ar,301,none
www.lagranja.gob.ar,gob.ar,200,none
www.lamendieta.gob.ar,gob.ar,301,none
www.lapaz.gob.ar,gob.ar,Could not resolve host: www.lapaz.gob.ar,10 lapaz-gob-ar.mail.protection.outlook.com.
www.laplata.gob.ar,gob.ar,Resolving timed out after 3000 milliseconds,none
www.lapuertaambato.gob.ar,gob.ar,Could not resolve host: www.lapuertaambato.gob.ar,none
www.laquiaca.gob.ar,gob.ar,301,none
www.lasgrutasturismo.gob.ar,gob.ar,301,none
www.lavalle.gob.ar,gob.ar,Could not resolve host: www.lavalle.gob.ar,none
www.lavallemendoza.gob.ar,gob.ar,200,none
www.legislaturaformosa.gob.ar,gob.ar,200,none
www.legislaturasde.gob.ar,gob.ar,Could not resolve host: www.legislaturasde.gob.ar,none
www.legisrn.gob.ar,gob.ar,200,0 pop.legisrn.gob.ar.; 20 pop3.legisrn.gob.ar.; 10 pop2.legisrn.gob.ar.; 30 pop4.legisrn.gob.ar.
www.lincoln.gob.ar,gob.ar,Could not resolve host: www.lincoln.gob.ar,none
www.loteriaderionegro.gob.ar,gob.ar,Operation timed out after 3002 milliseconds with 0 bytes received,none
www.loteriadesantacruz.gob.ar,gob.ar,Could not resolve host: www.loteriadesantacruz.gob.ar,none
www.lync-edge.pfa-uc.gob.ar,gob.ar,Could not resolve host: www.lync-edge.pfa-uc.gob.ar,none
www.macia.gob.ar,gob.ar,200,none
www.mail.afsca.gob.ar,gob.ar,Could not resolve host: www.mail.afsca.gob.ar,none
www.mail.fm.gob.ar,gob.ar,Resolving timed out after 3000 milliseconds,none
www.mail.ign.gob.ar,gob.ar,Could not resolve host: www.mail.ign.gob.ar,none
www.mail.legiscba.gob.ar,gob.ar,Could not resolve host: www.mail.legiscba.gob.ar,none
www.mail.mda.gob.ar,gob.ar,Could not resolve host: www.mail.mda.gob.ar,none
www.mail.minplan.gob.ar,gob.ar,Could not resolve host: www.mail.minplan.gob.ar,none
www.mapa.cesba.gob.ar,gob.ar,Could not resolve host: www.mapa.cesba.gob.ar,none
www.marull.gob.ar,gob.ar,301,none
www.media.expo.macia.gob.ar,gob.ar,Could not resolve host: www.media.expo.macia.gob.ar,none
www.media.macia.gob.ar,gob.ar,Could not resolve host: www.media.macia.gob.ar,none
www.meimporta.gob.ar,gob.ar,Could not resolve host: www.meimporta.gob.ar,none
www.memorialmalvinas.gob.ar,gob.ar,Could not resolve host: www.memorialmalvinas.gob.ar,none
www.mercedescorrientes.gob.ar,gob.ar,Could not resolve host: www.mercedescorrientes.gob.ar,none
www.mibicitubici.gob.ar,gob.ar,Could not resolve host: www.mibicitubici.gob.ar,none
www.mientrada.buenosaires.gob.ar,gob.ar,Could not resolve host: www.mientrada.buenosaires.gob.ar,none
www.mindef.gob.ar,gob.ar,Could not resolve host: www.mindef.gob.ar,none
www.minem.gob.ar,gob.ar,Could not resolve host: www.minem.gob.ar,none
www.mininterior.gob.ar,gob.ar,Operation timed out after 3001 milliseconds with 0 bytes received,none
www.minpro.gob.ar,gob.ar,Could not resolve host: www.minpro.gob.ar,none
www.minpro.gob.ar.ci2.toservers.com,gob.ar,Resolving timed out after 3000 milliseconds,none
www.mmusica.jefatura.gob.ar,gob.ar,Could not resolve host: www.mmusica.jefatura.gob.ar,none
www.montemaiz.gob.ar,gob.ar,200,0 montemaiz.gob.ar.
www.montesdeoca.gob.ar,gob.ar,Could not resolve host: www.montesdeoca.gob.ar,none
www.monumentoalabandera.gob.ar,gob.ar,Could not resolve host: www.monumentoalabandera.gob.ar,none
www.mosconi.gob.ar,gob.ar,301,none
www.mpa.santafe.gob.ar,gob.ar,SSL: no alternative certificate subject name matches target hostname 'www.mpa.santafe.gob.ar',5 mail.mpa.santafe.gob.ar.
www.mptt.gob.ar,gob.ar,Could not resolve host: www.mptt.gob.ar,none
www.museoameghino.gob.ar,gob.ar,200,none
www.museobrigadierlopez.gob.ar,gob.ar,Could not resolve host: www.museobrigadierlopez.gob.ar,none
www.museodelamemoria.gob.ar,gob.ar,Could not resolve host: www.museodelamemoria.gob.ar,none
www.museogallardo.gob.ar,gob.ar,Could not resolve host: www.museogallardo.gob.ar,none
www.museojuandegaray.gob.ar,gob.ar,Could not resolve host: www.museojuandegaray.gob.ar,none
www.museomarc.gob.ar,gob.ar,200,none
www.museorosagalisteo.gob.ar,gob.ar,Could not resolve host: www.museorosagalisteo.gob.ar,0 mail.museorosagalisteo.gob.ar.; 20 mx1.museorosagalisteo.gob.ar.
www.net.sigen.gob.ar,gob.ar,Could not resolve host: www.net.sigen.gob.ar,none
www.new.museodelamemoria.gob.ar,gob.ar,Could not resolve host: www.new.museodelamemoria.gob.ar,none
www.noetinger.gob.ar,gob.ar,200,20 mx1.noetinger.gob.ar.; 0 mail.noetinger.gob.ar.
www.nono.gob.ar,gob.ar,Could not resolve host: www.nono.gob.ar,none
www.nonoturismo.gob.ar,gob.ar,Could not resolve host: www.nonoturismo.gob.ar,none
www.noticias.produccionrosario.gob.ar,gob.ar,Resolving timed out after 3000 milliseconds,none
www.nuevodni.gob.ar,gob.ar,Resolving timed out after 3001 milliseconds,none
www.obras.catamarca.gob.ar,gob.ar,TLS connect error: error:0A000410:SSL routines::ssl/tls alert handshake failure,none
www.ombu.fiscalias.gob.ar,gob.ar,Could not resolve host: www.ombu.fiscalias.gob.ar,none
www.oncativo.gob.ar,gob.ar,Could not resolve host: www.oncativo.gob.ar,none
www.oncca.afip.gob.ar,gob.ar,Could not resolve host: www.oncca.afip.gob.ar,none
www.oroverde.gob.ar,gob.ar,301,none
www.pagossir.buenosaires.gob.ar,gob.ar,Could not resolve host: www.pagossir.buenosaires.gob.ar,none
www.parquesnacionales.gob.ar,gob.ar,Could not resolve host: www.parquesnacionales.gob.ar,none
www.patrimoniosde.gob.ar,gob.ar,Could not resolve host: www.patrimoniosde.gob.ar,none
www.pehuajo.gob.ar,gob.ar,200,none
www.pinedo.gob.ar,gob.ar,Could not resolve host: www.pinedo.gob.ar,none
www.plabem.gob.ar,gob.ar,SSL: no alternative certificate subject name matches target hostname 'www.plabem.gob.ar',none
www.pocito.gob.ar,gob.ar,301,none
www.policiamisiones.gob.ar,gob.ar,403,none
www.portal.catamarca.gob.ar,gob.ar,TLS connect error: error:0A000410:SSL routines::ssl/tls alert handshake failure,none
www.portal.coronda.gob.ar,gob.ar,Could not resolve host: www.portal.coronda.gob.ar,none
www.portalandresito.gob.ar,gob.ar,Could not resolve host: www.portalandresito.gob.ar,none
www.potrerodelosfunes.gob.ar,gob.ar,200,none
www.primarias.gob.ar,gob.ar,Resolving timed out after 3001 milliseconds,dig error
www.primerosexportadores.produccionrosario.gob.ar,gob.ar,Could not resolve host: www.primerosexportadores.produccionrosario.gob.ar,none
www.prosap.gob.ar,gob.ar,Could not resolve host: www.prosap.gob.ar,none
www.puan.gob.ar,gob.ar,Could not resolve host: www.puan.gob.ar,none
www.puertobuenosaires.gob.ar,gob.ar,Connection timed out after 3001 milliseconds,none
www.puertolibertad.gob.ar,gob.ar,Could not resolve host: www.puertolibertad.gob.ar,none
www.pujato.gob.ar,gob.ar,301,none
www.quemuquemu.gob.ar,gob.ar,200,none
www.radiovertice.laplata.gob.ar,gob.ar,Resolving timed out after 3001 milliseconds,dig error
www.refacua.gob.ar,gob.ar,SSL: no alternative certificate subject name matches target hostname 'www.refacua.gob.ar',none
www.renabe.bienesdelestado.gob.ar,gob.ar,Resolving timed out after 3001 milliseconds,none
www.rentasjujuy.gob.ar,gob.ar,Could not resolve host: www.rentasjujuy.gob.ar,none
www.rentasjujuyonline.gob.ar,gob.ar,500,none
www.rentasweb.gob.ar,gob.ar,404,none
www.riogrande.gob.ar,gob.ar,403,none
www.roca.gob.ar,gob.ar,Could not resolve host: www.roca.gob.ar,none
www.rosario-conicet.gob.ar,gob.ar,200,none
www.rosariomasjoven.gob.ar,gob.ar,Could not resolve host: www.rosariomasjoven.gob.ar,none
www.rosarionoticias.gob.ar,gob.ar,200,none
www.s166.cordoba.gob.ar,gob.ar,Could not resolve host: www.s166.cordoba.gob.ar,none
www.saludmentalragone.gob.ar,gob.ar,Could not resolve host: www.saludmentalragone.gob.ar,none
www.saludnqn.gob.ar,gob.ar,302,none
www.sampacho.gob.ar,gob.ar,301,none
www.sanisidro.gob.ar,gob.ar,SSL certificate problem: unable to get local issuer certificate,5 alt1.aspmx.l.google.com.; 10 alt3.aspmx.l.google.com.; 1 aspmx.l.google.com.; 10 alt4.aspmx.l.google.com.; 5 alt2.aspmx.l.google.com.
www.sanjorge.gob.ar,gob.ar,200,none
www.sanmartinmza.gob.ar,gob.ar,SSL: no alternative certificate subject name matches target hostname 'www.sanmartinmza.gob.ar',none
www.sanpedrodejujuy.gob.ar,gob.ar,301,none
www.sansalvadordejujuy.gob.ar,gob.ar,Could not resolve host: www.sansalvadordejujuy.gob.ar,none
www.sansalvadorer.gob.ar,gob.ar,Could not resolve host: www.sansalvadorer.gob.ar,none
www.santacruzpatagonia.gob.ar,gob.ar,200,none
www.santacruzpatagonia.gob.ar.ci2.toservers.com,gob.ar,Could not resolve host: www.santacruzpatagonia.gob.ar.ci2.toservers.com,none
www.santafelavieja.gob.ar,gob.ar,200,none
www.santiagocultura.gob.ar,gob.ar,Could not resolve host: www.santiagocultura.gob.ar,none
www.santotome.gob.ar,gob.ar,200,none
www.sarhaonlineext.afip.gob.ar,gob.ar,Could not resolve host: www.sarhaonlineext.afip.gob.ar,none
www.scam.gna.gob.ar,gob.ar,Could not resolve host: www.scam.gna.gob.ar,none
www.sdgcad.afip.gob.ar,gob.ar,Could not resolve host: www.sdgcad.afip.gob.ar,none
www.se.gob.ar,gob.ar,200,none
www.secretariasde.gob.ar,gob.ar,Could not resolve host: www.secretariasde.gob.ar,none
www.seguro2.ssn.gob.ar,gob.ar,Could not resolve host: www.seguro2.ssn.gob.ar,none
www.seguro3.ssn.gob.ar,gob.ar,Could not resolve host: www.seguro3.ssn.gob.ar,none
www.senadodecatamarca.gob.ar,gob.ar,Could not resolve host: www.senadodecatamarca.gob.ar,none
www.serpegen.gna.gob.ar,gob.ar,Could not resolve host: www.serpegen.gna.gob.ar,none
www.servicios.mda.gob.ar,gob.ar,Could not resolve host: www.servicios.mda.gob.ar,none
www.serviciosjava.afip.gob.ar,gob.ar,Could not resolve host: www.serviciosjava.afip.gob.ar,none
www.serviciospublicos.gob.ar,gob.ar,Could not resolve host: www.serviciospublicos.gob.ar,none
www.sib.gob.ar,gob.ar,Could not resolve host: www.sib.gob.ar,none
www.sibom.slyt.gba.gob.ar,gob.ar,Could not resolve host: www.sibom.slyt.gba.gob.ar,none
www.siena.bienesdelestado.gob.ar,gob.ar,Could not resolve host: www.siena.bienesdelestado.gob.ar,none
www.sigel.electoraltucuman.gob.ar,gob.ar,Could not resolve host: www.sigel.electoraltucuman.gob.ar,none
www.sindicaturaneuquen.gob.ar,gob.ar,200,0 sindicaturaneuquen.gob.ar.
www.sintys.gob.ar,gob.ar,301,none
www.sir.buenosaires.gob.ar,gob.ar,Connection timed out after 3000 milliseconds,none
www.sisanjuan.gob.ar,gob.ar,Could not resolve host: www.sisanjuan.gob.ar,none
www.sistemaspfa.gob.ar,gob.ar,200,none
www.slyt.gba.gob.ar,gob.ar,Could not resolve host: www.slyt.gba.gob.ar,none
www.snr.gob.ar,gob.ar,SSL: no alternative certificate subject name matches target hostname 'www.snr.gob.ar',none
www.soa.afip.gob.ar,gob.ar,Could not resolve host: www.soa.afip.gob.ar,none
www.sommer.gob.ar,gob.ar,301,10 sommer-gob-ar.mail.protection.outlook.com.
www.sommer.gob.ar.ci2.toservers.com,gob.ar,SSL: no alternative certificate subject name matches target hostname 'www.sommer.gob.ar.ci2.toservers.com',none
www.soporte.pgn-dicom.gob.ar,gob.ar,Could not resolve host: www.soporte.pgn-dicom.gob.ar,none
www.srtorg.gob.ar,gob.ar,Connection timed out after 3002 milliseconds,none
www.ssas.gob.ar,gob.ar,301,0 ssas.gob.ar.
www.ssl.mindef.gob.ar,gob.ar,Could not resolve host: www.ssl.mindef.gob.ar,none
www.sso.slyt.gba.gob.ar,gob.ar,Could not resolve host: www.sso.slyt.gba.gob.ar,none
www.ssta.gob.ar,gob.ar,Could not resolve host: www.ssta.gob.ar,none
www.supbienestar.gob.ar,gob.ar,Could not resolve host: www.supbienestar.gob.ar,none
www.tancacha.gob.ar,gob.ar,200,none
www.tanti.gob.ar,gob.ar,Could not resolve host: www.tanti.gob.ar,none
www.tclarioja.gob.ar,gob.ar,Could not resolve host: www.tclarioja.gob.ar,none
www.tclarioja.gob.ar.ci2.toservers.com,gob.ar,Could not resolve host: www.tclarioja.gob.ar.ci2.toservers.com,dig error
www.tcmriogrande.gob.ar,gob.ar,Could not resolve host: www.tcmriogrande.gob.ar,none
www.tcpsantafe.gob.ar,gob.ar,SSL certificate problem: unable to get local issuer certificate,none
www.teatro25demayo.gob.ar,gob.ar,Could not resolve host: www.teatro25demayo.gob.ar,none
www.teodelina.gob.ar,gob.ar,Could not resolve host: www.teodelina.gob.ar,0 mail.teodelina.gob.ar.; 1000 mxbackup.wnpower.com.
www.termasdelaselva.gob.ar,gob.ar,Could not resolve host: www.termasdelaselva.gob.ar,none
www.terminalrosario.gob.ar,gob.ar,SSL certificate problem: self-signed certificate,none
www.test1.cordoba.gob.ar,gob.ar,Could not resolve host: www.test1.cordoba.gob.ar,none
www.test2.cordoba.gob.ar,gob.ar,Could not resolve host: www.test2.cordoba.gob.ar,none
www.testw.loteriaderionegro.gob.ar,gob.ar,Could not resolve host: www.testw.loteriaderionegro.gob.ar,none
www.tierraelegida.gob.ar,gob.ar,Could not resolve host: www.tierraelegida.gob.ar,none
www.toay.gob.ar,gob.ar,200,none
www.toay.toay.gob.ar,gob.ar,Could not resolve host: www.toay.toay.gob.ar,none
www.torneos.pinamar.gob.ar,gob.ar,Could not resolve host: www.torneos.pinamar.gob.ar,none
www.tornquist.gob.ar,gob.ar,200,none
www.tortugas.gob.ar,gob.ar,Could not resolve host: www.tortugas.gob.ar,none
www.trabajosantiago.gob.ar,gob.ar,Could not resolve host: www.trabajosantiago.gob.ar,none
www.tramites.coronda.gob.ar,gob.ar,Could not resolve host: www.tramites.coronda.gob.ar,none
www.tramites.gob.ar,gob.ar,Could not resolve host: www.tramites.gob.ar,none
www.tramitesadistancia.gob.ar,gob.ar,200,none
www.tramitescorrientes.gob.ar,gob.ar,Could not resolve host: www.tramitescorrientes.gob.ar,none
www.tramiteslegislativos.slyt.gba.gob.ar,gob.ar,Could not resolve host: www.tramiteslegislativos.slyt.gba.gob.ar,none
www.transporte.gob.ar,gob.ar,Could not resolve host: www.transporte.gob.ar,none
www.trevelin.gob.ar,gob.ar,200,10 trevelin-gob-ar.mail.protection.outlook.com.
www.tribcuentasmendoza.gob.ar,gob.ar,Could not resolve host: www.tribcuentasmendoza.gob.ar,none
www.trivia.viajaportupais.gob.ar,gob.ar,Could not resolve host: www.trivia.viajaportupais.gob.ar,none
www.turismocatamarca.gob.ar,gob.ar,Could not resolve host: www.turismocatamarca.gob.ar,none
www.turnos.merlo.gob.ar,gob.ar,Could not resolve host: www.turnos.merlo.gob.ar,none
www.tutoresprogresar.gob.ar,gob.ar,Could not resolve host: www.tutoresprogresar.gob.ar,none
www.tvrionegrina.gob.ar,gob.ar,Could not resolve host: www.tvrionegrina.gob.ar,none
www.ucar.gob.ar,gob.ar,Could not resolve host: www.ucar.gob.ar,none
www.unquillo.gob.ar,gob.ar,Could not resolve host: www.unquillo.gob.ar,none
www.ushuaia.gob.ar,gob.ar,200,none
www.va.sanluis.gob.ar,gob.ar,Connection timed out after 3002 milliseconds,none
www.verparasaber.gob.ar,gob.ar,Could not resolve host: www.verparasaber.gob.ar,none
www.victorica.gob.ar,gob.ar,Could not resolve host: www.victorica.gob.ar,none
www.viedma.gob.ar,gob.ar,301,0 mail.viedma.gob.ar.
www.villapehuenia.gob.ar,gob.ar,Could not resolve host: www.villapehuenia.gob.ar,20 mx1.villapehuenia.gob.ar.; 0 mail.villapehuenia.gob.ar.
www.villatrinidad.gob.ar,gob.ar,Could not resolve host: www.villatrinidad.gob.ar,none
www.viviendacatamarca.gob.ar,gob.ar,Could not resolve host: www.viviendacatamarca.gob.ar,none
www.webformsext.afip.gob.ar,gob.ar,Could not resolve host: www.webformsext.afip.gob.ar,none
www.webmail.concordia.gob.ar,gob.ar,Could not resolve host: www.webmail.concordia.gob.ar,none
www.webmail.inaes.gob.ar,gob.ar,Could not resolve host: www.webmail.inaes.gob.ar,none
www.www2.inaes.gob.ar,gob.ar,Could not resolve host: www.www2.inaes.gob.ar,none
www.xn--caadadegomez-bhb.gob.ar,gob.ar,Could not resolve host: www.xn--caadadegomez-bhb.gob.ar,none
www.xn--cauelas-5za.gob.ar,gob.ar,200,0 xn--cauelas-5za.gob.ar.
www.yvera.gob.ar,gob.ar,200,none
www1.inaes.gob.ar,gob.ar,Could not resolve host: www1.inaes.gob.ar,none
www2.inaes.gob.ar,gob.ar,200,none
www2.slyt.gba.gob.ar,gob.ar,Could not resolve host: www2.slyt.gba.gob.ar,none
www3.bcra.gob.ar,gob.ar,401,none
www3.inaes.gob.ar,gob.ar,200,none
xmpp.tcptdf.gob.ar,gob.ar,Could not resolve host: xmpp.tcptdf.gob.ar,none
xn--caadadegomez-bhb.gob.ar,gob.ar,301,none
xn--cauelas-5za.gob.ar,gob.ar,200,none
xn--lanochedelos200aos-20b.gob.ar,gob.ar,Could not resolve host: xn--lanochedelos200aos-20b.gob.ar,none
yacadev.dir.riogrande.gob.ar,gob.ar,Operation timed out after 3000 milliseconds with 0 bytes received,none
yacare.dir.riogrande.gob.ar,gob.ar,Could not resolve host: yacare.dir.riogrande.gob.ar,none
yvera.gob.ar,gob.ar,Could not resolve host: yvera.gob.ar,10 mail.turismo.gob.ar.
zapala.gob.ar,gob.ar,Could not resolve host: zapala.gob.ar,0 mail.zapala.gob.ar.
zcs.campana.gob.ar,gob.ar,Could not resolve host: zcs.campana.gob.ar,none
