subdomain,http_status,mx
5thqiyas.yesser.gov.sa,Could not resolve host: 5thqiyas.yesser.gov.sa,none
6thqiyas.yesser.gov.sa,Could not resolve host: 6thqiyas.yesser.gov.sa,none
900moi.gov.sa,Could not resolve host: 900moi.gov.sa,none
a.chs.gov.sa,Could not resolve host: a.chs.gov.sa,none
access.bog.gov.sa,Connection timed out after 3001 milliseconds,none
access.gaca.gov.sa,Connection timed out after 3001 milliseconds,none
access.gcs.gov.sa,Could not resolve host: access.gcs.gov.sa,none
access.holymakkah.gov.sa,Could not resolve host: access.holymakkah.gov.sa,none
access.mep.gov.sa,Could not resolve host: access.mep.gov.sa,none
access.moh.gov.sa,Could not resolve host: access.moh.gov.sa,none
access.mol.gov.sa,Could not resolve host: access.mol.gov.sa,none
access.mot.gov.sa,Could not resolve host: access.mot.gov.sa,none
access.tvtc.gov.sa,Could not resolve host: access.tvtc.gov.sa,none
access02.mol.gov.sa,Could not resolve host: access02.mol.gov.sa,none
access03.mol.gov.sa,Could not resolve host: access03.mol.gov.sa,none
activesync.modon.gov.sa,Could not resolve host: activesync.modon.gov.sa,none
ada.gov.sa,Could not resolve host: ada.gov.sa,none
address.gov.sa,Connection timed out after 3000 milliseconds,10 mail2.address.gov.sa.; 10 mail1.address.gov.sa.
adf.gov.sa,Connection timed out after 3000 milliseconds,10 mail.adf.gov.sa.
adfs-sd.mlsd.gov.sa,Could not resolve host: adfs-sd.mlsd.gov.sa,none
adfssso.mol.gov.sa,Could not resolve host: adfssso.mol.gov.sa,none
adl.moj.gov.sa,Resolving timed out after 3000 milliseconds,dig error
adlphone.moj.gov.sa,Resolving timed out after 3000 milliseconds,none
adlreg.moj.gov.sa,Resolving timed out after 3001 milliseconds,none
admin.fg.gov.sa,Connection timed out after 3002 milliseconds,none
admin.gc.momra.gov.sa,Could not resolve host: admin.gc.momra.gov.sa,none
admin.jeddah.gov.sa,Could not resolve host: admin.jeddah.gov.sa,none
admin.modon.gov.sa,Could not resolve host: admin.modon.gov.sa,none
admin.moh.gov.sa,Could not resolve host: admin.moh.gov.sa,none
admin.mohe.gov.sa,Could not resolve host: admin.mohe.gov.sa,none
admin.sct.gov.sa,Could not resolve host: admin.sct.gov.sa,none
admin.scta.gov.sa,Could not resolve host: admin.scta.gov.sa,none
admin.scth.gov.sa,Could not resolve host: admin.scth.gov.sa,none
admincomm.moj.gov.sa,Resolving timed out after 3001 milliseconds,none
aes.ars.gov.sa,200,none
afca.gov.sa,Could not resolve host: afca.gov.sa,none
ahwal.gov.sa,200,none
alahsa-health.gov.sa,Could not resolve host: alahsa-health.gov.sa,none
albaha.gov.sa,200,10 mx2.deem.sa.; 50 mx4.deem.sa.; 30 mx3.deem.sa.; 10 mx1.deem.sa.
albahaedu.gov.sa,Could not resolve host: albahaedu.gov.sa,none
albahainv.gov.sa,Could not resolve host: albahainv.gov.sa,none
albirkgedu.gov.sa,Could not resolve host: albirkgedu.gov.sa,none
albosor-m.gov.sa,Could not resolve host: albosor-m.gov.sa,none
alhasa.gov.sa,TLS connect error: error:0A000126:SSL routines::unexpected eof while reading,10 mx2.alhasa.gov.sa.; 5 mx1.alhasa.gov.sa.
aljouf.gov.sa,Could not resolve host: aljouf.gov.sa,none
aljoufedu.gov.sa,Could not resolve host: aljoufedu.gov.sa,none
alkhitah.gov.sa,Could not resolve host: alkhitah.gov.sa,none
allaithged.gov.sa,Could not resolve host: allaithged.gov.sa,none
almuzahmiyyaedu.gov.sa,Could not resolve host: almuzahmiyyaedu.gov.sa,none
alqasabcc.gov.sa,Could not resolve host: alqasabcc.gov.sa,none
alquran.gov.sa,Could not resolve host: alquran.gov.sa,none
alrassedu.gov.sa,Could not resolve host: alrassedu.gov.sa,none
alrassge.gov.sa,Could not resolve host: alrassge.gov.sa,none
alriyadh.gov.sa,307,10 mx1.alriyadh.gov.sa.; 20 mx2.alriyadh.gov.sa.
amana-assir.gov.sa,Could not resolve host: amana-assir.gov.sa,none
amanah.moe.gov.sa,Could not resolve host: amanah.moe.gov.sa,none
amnmd-hq-mail.amana-md.gov.sa,Could not resolve host: amnmd-hq-mail.amana-md.gov.sa,none
amnmd-hq-owa.amana-md.gov.sa,302,none
amnmdlynce1.amana-md.gov.sa,Could not resolve host: amnmdlynce1.amana-md.gov.sa,none
anas3.albirkgedu.gov.sa,Could not resolve host: anas3.albirkgedu.gov.sa,none
anqexmails01.sct.gov.sa,Could not resolve host: anqexmails01.sct.gov.sa,none
ansbilling.gaca.gov.sa,Could not resolve host: ansbilling.gaca.gov.sa,none
apc.momra.gov.sa,Could not resolve host: apc.momra.gov.sa,none
api.address.gov.sa,Could not resolve host: api.address.gov.sa,none
api.gc.momra.gov.sa,Could not resolve host: api.gc.momra.gov.sa,none
api.iph-qa.adaa.gov.sa,Could not resolve host: api.iph-qa.adaa.gov.sa,none
api.iph-uat.adaa.gov.sa,Could not resolve host: api.iph-uat.adaa.gov.sa,none
app.mhaedu.gov.sa,Could not resolve host: app.mhaedu.gov.sa,none
app.mosa.gov.sa,Could not resolve host: app.mosa.gov.sa,none
app.nic.gov.sa,Could not resolve host: app.nic.gov.sa,none
app.tvtc.gov.sa,Resolving timed out after 3001 milliseconds,none
apppnr-portal.moi.gov.sa,SSL certificate problem: unable to get local issuer certificate,none
apps.alriyadh.gov.sa,Connection timed out after 3002 milliseconds,none
apps.mot.gov.sa,Could not resolve host: apps.mot.gov.sa,none
aqargroup.msi.gov.sa,Could not resolve host: aqargroup.msi.gov.sa,none
arar-mu.gov.sa,Failed to connect to arar-mu.gov.sa port 443 after 2304 ms: Could not connect to server,30 mx3.deem.sa.; 10 mx2.deem.sa.; 10 mx1.deem.sa.; 50 mx4.deem.sa.
arc.mofa.gov.sa,Could not resolve host: arc.mofa.gov.sa,none
arriyadhenv.gov.sa,Could not resolve host: arriyadhenv.gov.sa,none
ars.gov.sa,200,none
art.gov.sa,Could not resolve host: art.gov.sa,none
as.cwa.scta.gov.sa,Could not resolve host: as.cwa.scta.gov.sa,none
aseer.gov.sa,Connection timed out after 3002 milliseconds,30 mx3.deem.sa.; 10 mx1.deem.sa.; 50 mx4.deem.sa.; 10 mx2.deem.sa.
aseerhealth.gov.sa,Could not resolve host: aseerhealth.gov.sa,none
assentry.gaca.gov.sa,Could not resolve host: assentry.gaca.gov.sa,none
assir-mail01.amana-assir.gov.sa,Could not resolve host: assir-mail01.amana-assir.gov.sa,none
assir-mail01.ars.gov.sa,Could not resolve host: assir-mail01.ars.gov.sa,none
ata-hail.gov.sa,Could not resolve host: ata-hail.gov.sa,none
atsentry.gaca.gov.sa,Could not resolve host: atsentry.gaca.gov.sa,none
auth.crm.scth.gov.sa,Could not resolve host: auth.crm.scth.gov.sa,none
autodisccover.chs.gov.sa,Could not resolve host: autodisccover.chs.gov.sa,none
autodiscover.900moi.gov.sa,Could not resolve host: autodiscover.900moi.gov.sa,none
autodiscover.albaha.gov.sa,Could not resolve host: autodiscover.albaha.gov.sa,none
autodiscover.alhasa.gov.sa,302,none
autodiscover.allaithged.gov.sa,Could not resolve host: autodiscover.allaithged.gov.sa,none
autodiscover.alrassedu.gov.sa,Could not resolve host: autodiscover.alrassedu.gov.sa,none
autodiscover.alriyadh.gov.sa,Connection timed out after 3002 milliseconds,none
autodiscover.amana-assir.gov.sa,Could not resolve host: autodiscover.amana-assir.gov.sa,none
autodiscover.amana-md.gov.sa,302,none
autodiscover.amanataljouf.gov.sa,302,none
autodiscover.ars.gov.sa,Could not resolve host: autodiscover.ars.gov.sa,none
autodiscover.art.gov.sa,Could not resolve host: autodiscover.art.gov.sa,none
autodiscover.awqaf.gov.sa,Failed to connect to autodiscover.awqaf.gov.sa port 443 after 132 ms: Could not connect to server,none
autodiscover.bahaeslah.gov.sa,Could not resolve host: autodiscover.bahaeslah.gov.sa,none
autodiscover.baladialula.gov.sa,Could not resolve host: autodiscover.baladialula.gov.sa,none
autodiscover.bip.gov.sa,Could not resolve host: autodiscover.bip.gov.sa,none
autodiscover.boe.gov.sa,Could not resolve host: autodiscover.boe.gov.sa,none
autodiscover.bog.gov.sa,Connection timed out after 3002 milliseconds,none
autodiscover.cchi.gov.sa,Could not resolve host: autodiscover.cchi.gov.sa,none
autodiscover.cds.gov.sa,Could not resolve host: autodiscover.cds.gov.sa,none
autodiscover.chs.gov.sa,Could not resolve host: autodiscover.chs.gov.sa,none
autodiscover.cib.gov.sa,Could not resolve host: autodiscover.cib.gov.sa,none
autodiscover.citc.gov.sa,Connection timed out after 3002 milliseconds,none
autodiscover.cloud.moi.gov.sa,Connection timed out after 3001 milliseconds,none
autodiscover.cppa.gov.sa,Could not resolve host: autodiscover.cppa.gov.sa,none
autodiscover.dammam.gov.sa,Could not resolve host: autodiscover.dammam.gov.sa,none
autodiscover.dmmr.gov.sa,Could not resolve host: autodiscover.dmmr.gov.sa,none
autodiscover.dt1.mawthouq.gov.sa,Could not resolve host: autodiscover.dt1.mawthouq.gov.sa,none
autodiscover.dt2.mawthouq.gov.sa,Could not resolve host: autodiscover.dt2.mawthouq.gov.sa,none
autodiscover.dt3.mawthouq.gov.sa,Could not resolve host: autodiscover.dt3.mawthouq.gov.sa,none
autodiscover.dt4.mawthouq.gov.sa,Could not resolve host: autodiscover.dt4.mawthouq.gov.sa,none
autodiscover.dt5.mawthouq.gov.sa,Could not resolve host: autodiscover.dt5.mawthouq.gov.sa,none
autodiscover.dzit.gov.sa,Could not resolve host: autodiscover.dzit.gov.sa,none
autodiscover.e-najran.gov.sa,Could not resolve host: autodiscover.e-najran.gov.sa,none
autodiscover.eca.gov.sa,Could not resolve host: autodiscover.eca.gov.sa,none
autodiscover.ecra.gov.sa,Could not resolve host: autodiscover.ecra.gov.sa,none
autodiscover.emaratriyadh.gov.sa,Could not resolve host: autodiscover.emaratriyadh.gov.sa,none
autodiscover.energy.gov.sa,Could not resolve host: autodiscover.energy.gov.sa,none
autodiscover.etsrg.gov.sa,Could not resolve host: autodiscover.etsrg.gov.sa,none
autodiscover.fg.gov.sa,Could not resolve host: autodiscover.fg.gov.sa,none
autodiscover.fsf.gov.sa,Could not resolve host: autodiscover.fsf.gov.sa,none
autodiscover.gab.gov.sa,Could not resolve host: autodiscover.gab.gov.sa,none
autodiscover.gaca.gov.sa,Could not resolve host: autodiscover.gaca.gov.sa,none
autodiscover.gca.gov.sa,302,none
autodiscover.gce.gov.sa,Could not resolve host: autodiscover.gce.gov.sa,none
autodiscover.gcs.gov.sa,Could not resolve host: autodiscover.gcs.gov.sa,none
autodiscover.gdnc.gov.sa,301,none
autodiscover.gip.gov.sa,Could not resolve host: autodiscover.gip.gov.sa,none
autodiscover.gpyw.gov.sa,Could not resolve host: autodiscover.gpyw.gov.sa,none
autodiscover.gsfmo.gov.sa,Could not resolve host: autodiscover.gsfmo.gov.sa,none
autodiscover.hef.gov.sa,SSL certificate problem: unable to get local issuer certificate,none
autodiscover.holymakkah.gov.sa,Operation timed out after 3002 milliseconds with 0 bytes received,none
autodiscover.hrc.gov.sa,Could not resolve host: autodiscover.hrc.gov.sa,none
autodiscover.ic.gov.sa,Could not resolve host: autodiscover.ic.gov.sa,none
autodiscover.jeddah.gov.sa,Could not resolve host: autodiscover.jeddah.gov.sa,none
autodiscover.kacare.gov.sa,Could not resolve host: autodiscover.kacare.gov.sa,none
autodiscover.kskc.gov.sa,Could not resolve host: autodiscover.kskc.gov.sa,none
autodiscover.laithedu.gov.sa,Could not resolve host: autodiscover.laithedu.gov.sa,none
autodiscover.local.ecra.gov.sa,Could not resolve host: autodiscover.local.ecra.gov.sa,none
autodiscover.makkah.gov.sa,Could not resolve host: autodiscover.makkah.gov.sa,none
autodiscover.mci.gov.sa,Could not resolve host: autodiscover.mci.gov.sa,none
autodiscover.mcit.gov.sa,Could not resolve host: autodiscover.mcit.gov.sa,none
autodiscover.mcs.gov.sa,Could not resolve host: autodiscover.mcs.gov.sa,none
autodiscover.mda.gov.sa,Could not resolve host: autodiscover.mda.gov.sa,none
autodiscover.mep.gov.sa,Could not resolve host: autodiscover.mep.gov.sa,none
autodiscover.mlsd.gov.sa,Could not resolve host: autodiscover.mlsd.gov.sa,none
autodiscover.mmda.gov.sa,Could not resolve host: autodiscover.mmda.gov.sa,none
autodiscover.moa.gov.sa,Could not resolve host: autodiscover.moa.gov.sa,none
autodiscover.moci.gov.sa,Could not resolve host: autodiscover.moci.gov.sa,none
autodiscover.moda.gov.sa,Could not resolve host: autodiscover.moda.gov.sa,none
autodiscover.modon.gov.sa,SSL certificate problem: unable to get local issuer certificate,none
autodiscover.moe.gov.sa,Resolving timed out after 3000 milliseconds,none
autodiscover.mofa.gov.sa,Could not resolve host: autodiscover.mofa.gov.sa,none
autodiscover.moh.gov.sa,Failed to connect to autodiscover.moh.gov.sa port 443 after 180 ms: Could not connect to server,none
autodiscover.mohe.gov.sa,Could not resolve host: autodiscover.mohe.gov.sa,none
autodiscover.moi.gov.sa,Connection timed out after 3001 milliseconds,none
autodiscover.moia.gov.sa,Could not resolve host: autodiscover.moia.gov.sa,none
autodiscover.moimsd.gov.sa,Resolving timed out after 3000 milliseconds,dig error
autodiscover.moisp.gov.sa,Could not resolve host: autodiscover.moisp.gov.sa,none
autodiscover.moj.gov.sa,Could not resolve host: autodiscover.moj.gov.sa,none
autodiscover.mol.gov.sa,Could not resolve host: autodiscover.mol.gov.sa,none
autodiscover.momra.gov.sa,302,none
autodiscover.mopm-ta.gov.sa,Could not resolve host: autodiscover.mopm-ta.gov.sa,none
autodiscover.mosa.gov.sa,Could not resolve host: autodiscover.mosa.gov.sa,none
autodiscover.mot.gov.sa,Connection timed out after 3000 milliseconds,none
autodiscover.mowe.gov.sa,Could not resolve host: autodiscover.mowe.gov.sa,none
autodiscover.mwa.gov.sa,Could not resolve host: autodiscover.mwa.gov.sa,none
autodiscover.mydzit.gov.sa,Could not resolve host: autodiscover.mydzit.gov.sa,none
autodiscover.najran.gov.sa,Could not resolve host: autodiscover.najran.gov.sa,none
autodiscover.nazaha.gov.sa,Connection timed out after 3000 milliseconds,none
autodiscover.ncda.gov.sa,Could not resolve host: autodiscover.ncda.gov.sa,none
autodiscover.pension.gov.sa,Could not resolve host: autodiscover.pension.gov.sa,none
autodiscover.pgd.gov.sa,Could not resolve host: autodiscover.pgd.gov.sa,none
autodiscover.planning.gov.sa,Could not resolve host: autodiscover.planning.gov.sa,none
autodiscover.ppa.gov.sa,Could not resolve host: autodiscover.ppa.gov.sa,none
autodiscover.qassim.gov.sa,Could not resolve host: autodiscover.qassim.gov.sa,none
autodiscover.rabegh-municipality.gov.sa,Could not resolve host: autodiscover.rabegh-municipality.gov.sa,none
autodiscover.rabegh.gov.sa,Could not resolve host: autodiscover.rabegh.gov.sa,none
autodiscover.rcjubail.gov.sa,Could not resolve host: autodiscover.rcjubail.gov.sa,none
autodiscover.rcjy.gov.sa,Connection timed out after 3000 milliseconds,none
autodiscover.redf.gov.sa,Connection timed out after 3000 milliseconds,none
autodiscover.riyadh.gov.sa,Could not resolve host: autodiscover.riyadh.gov.sa,none
autodiscover.rsaf.gov.sa,Could not resolve host: autodiscover.rsaf.gov.sa,none
autodiscover.sama.gov.sa,Connection timed out after 3001 milliseconds,none
autodiscover.sang.gov.sa,Could not resolve host: autodiscover.sang.gov.sa,none
autodiscover.sbsf.gov.sa,Could not resolve host: autodiscover.sbsf.gov.sa,none
autodiscover.scj.gov.sa,Connection timed out after 3001 milliseconds,none
autodiscover.scot.gov.sa,Could not resolve host: autodiscover.scot.gov.sa,none
autodiscover.scsb.gov.sa,Could not resolve host: autodiscover.scsb.gov.sa,none
autodiscover.scta.gov.sa,Could not resolve host: autodiscover.scta.gov.sa,none
autodiscover.scth.gov.sa,Could not resolve host: autodiscover.scth.gov.sa,none
autodiscover.sdb.gov.sa,Connection timed out after 3001 milliseconds,none
autodiscover.seec.gov.sa,Resolving timed out after 3000 milliseconds,none
autodiscover.sfda.gov.sa,Connection timed out after 3000 milliseconds,none
autodiscover.sharqiah.gov.sa,Could not resolve host: autodiscover.sharqiah.gov.sa,none
autodiscover.sidf.gov.sa,Recv failure: Connexion ré-initialisée par le correspondant,none
autodiscover.srg.gov.sa,Connection timed out after 3002 milliseconds,none
autodiscover.stats.gov.sa,SSL certificate problem: unable to get local issuer certificate,none
autodiscover.tabukm.gov.sa,Could not resolve host: autodiscover.tabukm.gov.sa,none
autodiscover.tel.moi.gov.sa,Could not resolve host: autodiscover.tel.moi.gov.sa,none
autodiscover.um.gov.sa,Could not resolve host: autodiscover.um.gov.sa,none
av.alhasa.gov.sa,Could not resolve host: av.alhasa.gov.sa,none
av.alriyadh.gov.sa,Could not resolve host: av.alriyadh.gov.sa,none
av.gaca.gov.sa,Could not resolve host: av.gaca.gov.sa,none
av.gcs.gov.sa,Could not resolve host: av.gcs.gov.sa,none
av.ids.gov.sa,Could not resolve host: av.ids.gov.sa,none
av.mep.gov.sa,Could not resolve host: av.mep.gov.sa,none
av.moh.gov.sa,Could not resolve host: av.moh.gov.sa,none
av.mol.gov.sa,Could not resolve host: av.mol.gov.sa,none
av.redf.gov.sa,Connection timed out after 3000 milliseconds,none
av.rkhabra.gov.sa,Could not resolve host: av.rkhabra.gov.sa,none
av.scta.gov.sa,Could not resolve host: av.scta.gov.sa,none
av.scth.gov.sa,Could not resolve host: av.scth.gov.sa,none
av.shura.gov.sa,Could not resolve host: av.shura.gov.sa,none
avs.sama.gov.sa,SSL certificate problem: certificate has expired,none
awqaf.gov.sa,Could not resolve host: awqaf.gov.sa,10 awqaf-gov-sa.mail.protection.outlook.com.
b06-exch2.ic.gov.sa,Could not resolve host: b06-exch2.ic.gov.sa,none
b08-exch1.ic.gov.sa,Could not resolve host: b08-exch1.ic.gov.sa,none
back-end.mcs.gov.sa,Could not resolve host: back-end.mcs.gov.sa,none
bahaedu.gov.sa,Could not resolve host: bahaedu.gov.sa,none
bahaeslah.gov.sa,Could not resolve host: bahaeslah.gov.sa,none
baladialula.gov.sa,Could not resolve host: baladialula.gov.sa,none
balgree.gov.sa,Could not resolve host: balgree.gov.sa,none
baqaahealth.gov.sa,Could not resolve host: baqaahealth.gov.sa,none
bareed.mot.gov.sa,Could not resolve host: bareed.mot.gov.sa,none
bayan.ma3an.gov.sa,Could not resolve host: bayan.ma3an.gov.sa,none
bayan.mol.gov.sa,Could not resolve host: bayan.mol.gov.sa,none
bc.gov.sa,Connection timed out after 3002 milliseconds,none
berrysp.scth.gov.sa,Could not resolve host: berrysp.scth.gov.sa,none
beta.hef.gov.sa,Could not resolve host: beta.hef.gov.sa,none
beta.moi.gov.sa,Resolving timed out after 3001 milliseconds,none
beta.moj.gov.sa,Resolving timed out after 3001 milliseconds,none
beta.mot.gov.sa,Could not resolve host: beta.mot.gov.sa,none
beta.sfda.gov.sa,200,none
bi.mol.gov.sa,Could not resolve host: bi.mol.gov.sa,none
bip.gov.sa,Could not resolve host: bip.gov.sa,none
bipp-a-exca-a01.bip.gov.sa,Could not resolve host: bipp-a-exca-a01.bip.gov.sa,none
bipp-a-exca-a02.bip.gov.sa,Could not resolve host: bipp-a-exca-a02.bip.gov.sa,none
blagh.mol.gov.sa,Could not resolve host: blagh.mol.gov.sa,none
boe.gov.sa,Connection timed out after 3002 milliseconds,none
bog.gov.sa,Connection timed out after 3002 milliseconds,none
box.thadiq-mun.gov.sa,Could not resolve host: box.thadiq-mun.gov.sa,none
bpad.saso.gov.sa,Connection timed out after 3002 milliseconds,none
bpm.mot.gov.sa,Could not resolve host: bpm.mot.gov.sa,none
btdcas.samabtd.gov.sa,Could not resolve host: btdcas.samabtd.gov.sa,none
buk.gov.sa,Could not resolve host: buk.gov.sa,none
bvsci.albirkgedu.gov.sa,Could not resolve host: bvsci.albirkgedu.gov.sa,none
c4i.gov.sa,Could not resolve host: c4i.gov.sa,none
career.pta.gov.sa,Could not resolve host: career.pta.gov.sa,none
cas01.chs.gov.sa,Could not resolve host: cas01.chs.gov.sa,none
cas01.holymakkah.gov.sa,Resolving timed out after 3001 milliseconds,none
cas01.jeddah.gov.sa,Could not resolve host: cas01.jeddah.gov.sa,none
cas02.chs.gov.sa,Could not resolve host: cas02.chs.gov.sa,none
cas02.holymakkah.gov.sa,Could not resolve host: cas02.holymakkah.gov.sa,none
cas02.jeddah.gov.sa,Could not resolve host: cas02.jeddah.gov.sa,none
casarray.moe.gov.sa,Could not resolve host: casarray.moe.gov.sa,none
cashub-01.nazaha.gov.sa,Could not resolve host: cashub-01.nazaha.gov.sa,none
cashub-02.nazaha.gov.sa,Could not resolve host: cashub-02.nazaha.gov.sa,none
cbahi.gov.sa,Connection timed out after 3001 milliseconds,none
cbs.amana-md.gov.sa,Could not resolve host: cbs.amana-md.gov.sa,none
cbt.rsaf.gov.sa,Connection timed out after 3002 milliseconds,none
cchiexch002.ads.cchi.gov.sa,Could not resolve host: cchiexch002.ads.cchi.gov.sa,none
cchiexch01.ads.cchi.gov.sa,Could not resolve host: cchiexch01.ads.cchi.gov.sa,none
cdn.haj.gov.sa,SSL: no alternative certificate subject name matches target hostname 'cdn.haj.gov.sa',none
chat1.mowe.gov.sa,Could not resolve host: chat1.mowe.gov.sa,none
chat2.mowe.gov.sa,Could not resolve host: chat2.mowe.gov.sa,none
chs.gov.sa,Could not resolve host: chs.gov.sa,none
cib-hubcas01.cib.gov.sa,Could not resolve host: cib-hubcas01.cib.gov.sa,none
cib-hubcas02.cib.gov.sa,Could not resolve host: cib-hubcas02.cib.gov.sa,none
citc.gov.sa,301,10 mx1.citc.gov.sa.; 5 mx2.cst.gov.sa.; 10 mx2.citc.gov.sa.; 5 mx1.cst.gov.sa.
citrix.mep.gov.sa,Could not resolve host: citrix.mep.gov.sa,none
citrix.royalprotocol.gov.sa,Connection timed out after 3001 milliseconds,none
citrix.scsb.gov.sa,Could not resolve host: citrix.scsb.gov.sa,none
client.shura.gov.sa,Could not resolve host: client.shura.gov.sa,none
cloud.mabqaiq.gov.sa,Could not resolve host: cloud.mabqaiq.gov.sa,none
cloud.moi.gov.sa,Connection timed out after 3002 milliseconds,none
cloud.rcjy.gov.sa,Connection timed out after 3002 milliseconds,none
cmn.mot.gov.sa,Could not resolve host: cmn.mot.gov.sa,none
cmr.gov.sa,Could not resolve host: cmr.gov.sa,none
cnt.mofa.gov.sa,Could not resolve host: cnt.mofa.gov.sa,none
collab-edge.mof.gov.sa,Could not resolve host: collab-edge.mof.gov.sa,none
colorphotos.scta.gov.sa,Could not resolve host: colorphotos.scta.gov.sa,none
colorphotos.scth.gov.sa,Could not resolve host: colorphotos.scth.gov.sa,none
conference.mofa.gov.sa,Could not resolve host: conference.mofa.gov.sa,none
connect.mol.gov.sa,Could not resolve host: connect.mol.gov.sa,none
consultants.mot.gov.sa,Could not resolve host: consultants.mot.gov.sa,none
contact.iph-qa.adaa.gov.sa,Could not resolve host: contact.iph-qa.adaa.gov.sa,none
contact.iph-uat.adaa.gov.sa,Could not resolve host: contact.iph-uat.adaa.gov.sa,none
contractors.mot.gov.sa,Could not resolve host: contractors.mot.gov.sa,none
core.gaca.gov.sa,Could not resolve host: core.gaca.gov.sa,none
countdown.adaa.gov.sa,Could not resolve host: countdown.adaa.gov.sa,none
courtsportal.moj.gov.sa,Resolving timed out after 3000 milliseconds,none
cpanel.allaithged.gov.sa,Could not resolve host: cpanel.allaithged.gov.sa,none
cpanel.alrassedu.gov.sa,Could not resolve host: cpanel.alrassedu.gov.sa,none
cpanel.arar-mu.gov.sa,Could not resolve host: cpanel.arar-mu.gov.sa,none
cpanel.art.gov.sa,Could not resolve host: cpanel.art.gov.sa,none
cpanel.awqaf.gov.sa,Could not resolve host: cpanel.awqaf.gov.sa,none
cpanel.bahaeslah.gov.sa,Could not resolve host: cpanel.bahaeslah.gov.sa,none
cpanel.baladialula.gov.sa,Could not resolve host: cpanel.baladialula.gov.sa,none
cpanel.bc.gov.sa,Could not resolve host: cpanel.bc.gov.sa,none
cpanel.buk.gov.sa,Could not resolve host: cpanel.buk.gov.sa,none
cpanel.cst.gov.sa,Could not resolve host: cpanel.cst.gov.sa,none
cpanel.dgedu.gov.sa,Could not resolve host: cpanel.dgedu.gov.sa,none
cpanel.eduwd.gov.sa,Could not resolve host: cpanel.eduwd.gov.sa,none
cpanel.etsrg.gov.sa,Could not resolve host: cpanel.etsrg.gov.sa,none
cpanel.gca.gov.sa,Could not resolve host: cpanel.gca.gov.sa,none
cpanel.gcam.gov.sa,Could not resolve host: cpanel.gcam.gov.sa,none
cpanel.gce.gov.sa,Could not resolve host: cpanel.gce.gov.sa,none
cpanel.investinqassim.gov.sa,Could not resolve host: cpanel.investinqassim.gov.sa,none
cpanel.jep.gov.sa,Could not resolve host: cpanel.jep.gov.sa,none
cpanel.kkmh.gov.sa,Could not resolve host: cpanel.kkmh.gov.sa,none
cpanel.kskc.gov.sa,Could not resolve host: cpanel.kskc.gov.sa,none
cpanel.laithedu.gov.sa,Could not resolve host: cpanel.laithedu.gov.sa,none
cpanel.maisan.gov.sa,Could not resolve host: cpanel.maisan.gov.sa,none
cpanel.orders.buk.gov.sa,Could not resolve host: cpanel.orders.buk.gov.sa,none
cpanel.pst.spsc.gov.sa,Could not resolve host: cpanel.pst.spsc.gov.sa,none
cpanel.rabegh-municipality.gov.sa,Could not resolve host: cpanel.rabegh-municipality.gov.sa,none
cpanel.rabegh.gov.sa,Could not resolve host: cpanel.rabegh.gov.sa,none
cpanel.reselny.edueast.gov.sa,Could not resolve host: cpanel.reselny.edueast.gov.sa,none
cpanel.sbsf.gov.sa,Could not resolve host: cpanel.sbsf.gov.sa,none
cpanel.taleemsa.gov.sa,Could not resolve host: cpanel.taleemsa.gov.sa,none
cpanel.teachers.gov.sa,Could not resolve host: cpanel.teachers.gov.sa,none
cpanel.tech.gov.sa,Could not resolve host: cpanel.tech.gov.sa,none
cpanel.tge.gov.sa,Could not resolve host: cpanel.tge.gov.sa,none
cpanel.turaifedu.gov.sa,Could not resolve host: cpanel.turaifedu.gov.sa,none
cpanel.unaizahm.gov.sa,Could not resolve host: cpanel.unaizahm.gov.sa,none
cpanel.ushaiqer.gov.sa,Could not resolve host: cpanel.ushaiqer.gov.sa,none
cppa-ch1-09.cppa.gov.sa,Could not resolve host: cppa-ch1-09.cppa.gov.sa,none
cppa-ch2-09.cppa.gov.sa,Could not resolve host: cppa-ch2-09.cppa.gov.sa,none
cppa.gov.sa,Could not resolve host: cppa.gov.sa,none
crm.hafiz.gov.sa,Could not resolve host: crm.hafiz.gov.sa,none
crm.ic.gov.sa,Could not resolve host: crm.ic.gov.sa,none
crm.mot.gov.sa,Could not resolve host: crm.mot.gov.sa,none
crmservices.mol.gov.sa,Could not resolve host: crmservices.mol.gov.sa,none
crmws.mci.gov.sa,Could not resolve host: crmws.mci.gov.sa,none
cs.amana-md.gov.sa,Could not resolve host: cs.amana-md.gov.sa,none
cst.gov.sa,301,none
csweb.gcs.gov.sa,Could not resolve host: csweb.gcs.gov.sa,none
csweb.sct.gov.sa,Could not resolve host: csweb.sct.gov.sa,none
csweb.scta.gov.sa,Could not resolve host: csweb.scta.gov.sa,none
csweb.scth.gov.sa,Could not resolve host: csweb.scth.gov.sa,none
cts.gaca.gov.sa,Could not resolve host: cts.gaca.gov.sa,none
cts.rcjubail.gov.sa,Could not resolve host: cts.rcjubail.gov.sa,none
ctsdata.gaca.gov.sa,Could not resolve host: ctsdata.gaca.gov.sa,none
cuma.sfd.gov.sa,Could not resolve host: cuma.sfd.gov.sa,none
cust.gsfmo.gov.sa,Could not resolve host: cust.gsfmo.gov.sa,none
customers.mot.gov.sa,Could not resolve host: customers.mot.gov.sa,none
customs.gov.sa,Could not resolve host: customs.gov.sa,none
cwa.scta.gov.sa,Could not resolve host: cwa.scta.gov.sa,none
dag1.moe.gov.sa,Could not resolve host: dag1.moe.gov.sa,none
dammam.gov.sa,Could not resolve host: dammam.gov.sa,none
dashboard.ic.gov.sa,Connection timed out after 3001 milliseconds,none
deraa.moi.gov.sa,Could not resolve host: deraa.moi.gov.sa,none
dev.address.gov.sa,Connection timed out after 3000 milliseconds,none
dgedu.gov.sa,Could not resolve host: dgedu.gov.sa,none
dhaadobe1.mopm-ta.gov.sa,Could not resolve host: dhaadobe1.mopm-ta.gov.sa,none
dhace.mopm-ta.gov.sa,Could not resolve host: dhace.mopm-ta.gov.sa,none
dhambx01.mopm.gov.sa,Could not resolve host: dhambx01.mopm.gov.sa,none
dharyah.gov.sa,Could not resolve host: dharyah.gov.sa,none
dialin.alhasa.gov.sa,200,none
dialin.alriyadh.gov.sa,Could not resolve host: dialin.alriyadh.gov.sa,none
dialin.bog.gov.sa,Connection timed out after 3002 milliseconds,none
dialin.gaca.gov.sa,Could not resolve host: dialin.gaca.gov.sa,none
dialin.gcs.gov.sa,Could not resolve host: dialin.gcs.gov.sa,none
dialin.holymakkah.gov.sa,Could not resolve host: dialin.holymakkah.gov.sa,none
dialin.ids.gov.sa,Could not resolve host: dialin.ids.gov.sa,none
dialin.modon.gov.sa,Could not resolve host: dialin.modon.gov.sa,none
dialin.moh.gov.sa,Could not resolve host: dialin.moh.gov.sa,none
dialin.mohe.gov.sa,Could not resolve host: dialin.mohe.gov.sa,none
dialin.moj.gov.sa,Resolving timed out after 3001 milliseconds,none
dialin.mol.gov.sa,Could not resolve host: dialin.mol.gov.sa,none
dialin.redf.gov.sa,Could not resolve host: dialin.redf.gov.sa,none
dialin.rkhabra.gov.sa,Could not resolve host: dialin.rkhabra.gov.sa,none
dialin.sct.gov.sa,Could not resolve host: dialin.sct.gov.sa,none
dialin.scta.gov.sa,Could not resolve host: dialin.scta.gov.sa,none
dialin.scth.gov.sa,Could not resolve host: dialin.scth.gov.sa,none
dialin.sidf.gov.sa,Could not resolve host: dialin.sidf.gov.sa,none
dialin02.mol.gov.sa,Could not resolve host: dialin02.mol.gov.sa,none
dialin03.mol.gov.sa,Could not resolve host: dialin03.mol.gov.sa,none
dis.amana-md.gov.sa,Could not resolve host: dis.amana-md.gov.sa,none
dispute.bfc.gov.sa,Could not resolve host: dispute.bfc.gov.sa,none
dispute.idc.gov.sa,Connection timed out after 3001 milliseconds,none
dm-ex-ch01.dammam.gov.sa,Could not resolve host: dm-ex-ch01.dammam.gov.sa,none
dm-ex-ch02.dammam.gov.sa,Could not resolve host: dm-ex-ch02.dammam.gov.sa,none
dm-ex-ch03.dammam.gov.sa,Could not resolve host: dm-ex-ch03.dammam.gov.sa,none
dm-ex-ch04.dammam.gov.sa,Could not resolve host: dm-ex-ch04.dammam.gov.sa,none
dmmr-ex10.dmmr.gov.sa,Could not resolve host: dmmr-ex10.dmmr.gov.sa,none
dmmr.gov.sa,Could not resolve host: dmmr.gov.sa,none
dms.moci.gov.sa,Could not resolve host: dms.moci.gov.sa,none
dms.scta.gov.sa,Could not resolve host: dms.scta.gov.sa,none
dmsws.mlsd.gov.sa,Could not resolve host: dmsws.mlsd.gov.sa,none
docs.energy.gov.sa,Could not resolve host: docs.energy.gov.sa,none
docs.mhaedu.gov.sa,Could not resolve host: docs.mhaedu.gov.sa,none
download.cwa.scta.gov.sa,Could not resolve host: download.cwa.scta.gov.sa,none
dppedu.gov.sa,Could not resolve host: dppedu.gov.sa,none
dpqexchts01.sct.gov.sa,Could not resolve host: dpqexchts01.sct.gov.sa,none
dpqexchts02.sct.gov.sa,Could not resolve host: dpqexchts02.sct.gov.sa,none
dpqexchts03.sct.gov.sa,Could not resolve host: dpqexchts03.sct.gov.sa,none
dpqexmails01.sct.gov.sa,Could not resolve host: dpqexmails01.sct.gov.sa,none
dpqexmails02.sct.gov.sa,Could not resolve host: dpqexmails02.sct.gov.sa,none
dpqlyncprodfes02.sct.gov.sa,Could not resolve host: dpqlyncprodfes02.sct.gov.sa,none
dpqlyncprofes01.sct.gov.sa,Could not resolve host: dpqlyncprofes01.sct.gov.sa,none
dpqmchs01.sct.gov.sa,Could not resolve host: dpqmchs01.sct.gov.sa,none
dr1-exc-13.sfda.gov.sa,Could not resolve host: dr1-exc-13.sfda.gov.sa,none
drexchs01.sct.gov.sa,Could not resolve host: drexchs01.sct.gov.sa,none
drive.scth.gov.sa,Could not resolve host: drive.scth.gov.sa,none
drmail.dt1.mawthouq.gov.sa,Could not resolve host: drmail.dt1.mawthouq.gov.sa,none
drmail.dt2.mawthouq.gov.sa,Could not resolve host: drmail.dt2.mawthouq.gov.sa,none
drmail.dt3.mawthouq.gov.sa,Could not resolve host: drmail.dt3.mawthouq.gov.sa,none
drmail.dt4.mawthouq.gov.sa,Could not resolve host: drmail.dt4.mawthouq.gov.sa,none
drmail.dt5.mawthouq.gov.sa,Could not resolve host: drmail.dt5.mawthouq.gov.sa,none
dss.amana-md.gov.sa,Could not resolve host: dss.amana-md.gov.sa,none
dubam.gov.sa,Could not resolve host: dubam.gov.sa,none
dulani.gov.sa,Connection timed out after 3002 milliseconds,10 mail.dulani.gov.sa.
dwadmiedu.gov.sa,Could not resolve host: dwadmiedu.gov.sa,none
dzit.gov.sa,Could not resolve host: dzit.gov.sa,none
e-learning.swcc.gov.sa,Could not resolve host: e-learning.swcc.gov.sa,none
e-najran.gov.sa,Connection timed out after 3002 milliseconds,none
e-rcr.rcjy.gov.sa,Could not resolve host: e-rcr.rcjy.gov.sa,none
e-srv.holymakkah.gov.sa,Could not resolve host: e-srv.holymakkah.gov.sa,none
e-stage.jdph.gov.sa,Could not resolve host: e-stage.jdph.gov.sa,none
e.jdph.gov.sa,Could not resolve host: e.jdph.gov.sa,none
e.mci.gov.sa,Could not resolve host: e.mci.gov.sa,none
e.mci.gov.sa.mci.gov.sa,Could not resolve host: e.mci.gov.sa.mci.gov.sa,none
e.modon.gov.sa,Could not resolve host: e.modon.gov.sa,none
e.sba.gov.sa,Resolving timed out after 3000 milliseconds,none
eamana.gov.sa,Could not resolve host: eamana.gov.sa,10 mail.eamana.gov.sa.; 11 smtp2.eamana.gov.sa.; 10 smtp.eamana.gov.sa.
easternemara.gov.sa,Could not resolve host: easternemara.gov.sa,none
eattendance.mofa.gov.sa,Could not resolve host: eattendance.mofa.gov.sa,none
ecm.moa.gov.sa,Could not resolve host: ecm.moa.gov.sa,none
ecm.mot.gov.sa,Could not resolve host: ecm.mot.gov.sa,none
eco.scth.gov.sa,Could not resolve host: eco.scth.gov.sa,none
ecosma.sfda.gov.sa,Connection timed out after 3001 milliseconds,none
ecr.mci.gov.sa,Could not resolve host: ecr.mci.gov.sa,none
ecr.mci.gov.sa.mci.gov.sa,Could not resolve host: ecr.mci.gov.sa.mci.gov.sa,none
ecra.gov.sa,Could not resolve host: ecra.gov.sa,none
ecs.moe.gov.sa,Could not resolve host: ecs.moe.gov.sa,none
edeposit.mci.gov.sa,Could not resolve host: edeposit.mci.gov.sa,none
edeposit.mci.gov.sa.mci.gov.sa,Could not resolve host: edeposit.mci.gov.sa.mci.gov.sa,none
edepositpp.mci.gov.sa,Could not resolve host: edepositpp.mci.gov.sa,none
edgepool.sct.gov.sa,Could not resolve host: edgepool.sct.gov.sa,none
edgepool.scta.gov.sa,Could not resolve host: edgepool.scta.gov.sa,none
edgepool.scth.gov.sa,Could not resolve host: edgepool.scth.gov.sa,none
editor.gc.momra.gov.sa,Could not resolve host: editor.gc.momra.gov.sa,none
edueast.gov.sa,Could not resolve host: edueast.gov.sa,none
eduwave.moe.gov.sa,Could not resolve host: eduwave.moe.gov.sa,none
eduwd.gov.sa,Could not resolve host: eduwd.gov.sa,none
eec.gov.sa,Could not resolve host: eec.gov.sa,none
efax.modon.gov.sa,Could not resolve host: efax.modon.gov.sa,none
egov.mopm-ta.gov.sa,Could not resolve host: egov.mopm-ta.gov.sa,none
eind.mci.gov.sa,Could not resolve host: eind.mci.gov.sa,none
eind.mci.gov.sa.mci.gov.sa,Could not resolve host: eind.mci.gov.sa.mci.gov.sa,none
ejar.gov.sa,Could not resolve host: ejar.gov.sa,none
el.laithedu.gov.sa,Could not resolve host: el.laithedu.gov.sa,none
email.alriyadh.gov.sa,Could not resolve host: email.alriyadh.gov.sa,none
email.amana-md.gov.sa,Could not resolve host: email.amana-md.gov.sa,none
email.bip.gov.sa,Could not resolve host: email.bip.gov.sa,none
email.bog.gov.sa,Could not resolve host: email.bog.gov.sa,none
email.holymakkah.gov.sa,Could not resolve host: email.holymakkah.gov.sa,none
email.moe.gov.sa,Could not resolve host: email.moe.gov.sa,none
email.moi.gov.sa,Could not resolve host: email.moi.gov.sa,none
email.mot.gov.sa,Could not resolve host: email.mot.gov.sa,none
emawad.mot.gov.sa,Could not resolve host: emawad.mot.gov.sa,none
embassies.mofa.gov.sa,302,none
emodon.modon.gov.sa,Could not resolve host: emodon.modon.gov.sa,none
emp.adf.gov.sa,Connection timed out after 3001 milliseconds,none
empcenter.modon.gov.sa,Resolving timed out after 3000 milliseconds,none
employee.sama.gov.sa,Could not resolve host: employee.sama.gov.sa,none
emr-jou-ex-01.jouf.gov.sa,Could not resolve host: emr-jou-ex-01.jouf.gov.sa,none
energy.gov.sa,Could not resolve host: energy.gov.sa,none
enjazmobile.moe.gov.sa,Could not resolve host: enjazmobile.moe.gov.sa,none
eog.gov.sa,Could not resolve host: eog.gov.sa,none
epm.mlsd.gov.sa,Could not resolve host: epm.mlsd.gov.sa,none
epm.moh.gov.sa,Could not resolve host: epm.moh.gov.sa,none
epm.mol.gov.sa,Could not resolve host: epm.mol.gov.sa,none
epm.momra.gov.sa,Could not resolve host: epm.momra.gov.sa,none
epmo.mol.gov.sa,Could not resolve host: epmo.mol.gov.sa,none
epmr.moe.gov.sa,Could not resolve host: epmr.moe.gov.sa,none
eportal.mot.gov.sa,Could not resolve host: eportal.mot.gov.sa,none
eqatif.gov.sa,Connection timed out after 3001 milliseconds,none
era.scta.gov.sa,Could not resolve host: era.scta.gov.sa,none
erp.adaa.gov.sa,Could not resolve host: erp.adaa.gov.sa,none
erp.mot.gov.sa,Could not resolve host: erp.mot.gov.sa,none
ers.seec.gov.sa,Connection timed out after 3001 milliseconds,none
ershad.mhaedu.gov.sa,Could not resolve host: ershad.mhaedu.gov.sa,none
ershadsabia.gc.gov.sa,Could not resolve host: ershadsabia.gc.gov.sa,none
es.adf.gov.sa,Could not resolve host: es.adf.gov.sa,none
esecure.mofa.gov.sa,Could not resolve host: esecure.mofa.gov.sa,none
eservice.gph.gov.sa,Connection timed out after 3002 milliseconds,none
eservice.modon.gov.sa,Resolving timed out after 3001 milliseconds,dig error
eservice.moh.gov.sa,Could not resolve host: eservice.moh.gov.sa,none
eservice.moj.gov.sa,Resolving timed out after 3001 milliseconds,none
eservice.sba.gov.sa,200,none
eservices.adf.gov.sa,Connection timed out after 3002 milliseconds,none
eservices.alriyadh.gov.sa,200,none
eservices.bip.gov.sa,Could not resolve host: eservices.bip.gov.sa,none
eservices.fg.gov.sa,Connection timed out after 3002 milliseconds,none
eservices.mci.gov.sa,Could not resolve host: eservices.mci.gov.sa,none
eservices.mci.gov.sa.mci.gov.sa,Could not resolve host: eservices.mci.gov.sa.mci.gov.sa,none
eservices.mcit.gov.sa,Could not resolve host: eservices.mcit.gov.sa,none
eservices.mcs.gov.sa,Could not resolve host: eservices.mcs.gov.sa,none
eservices.mlsd.gov.sa,Could not resolve host: eservices.mlsd.gov.sa,none
eservices.moi.gov.sa,Could not resolve host: eservices.moi.gov.sa,none
eservices.mot.gov.sa,Could not resolve host: eservices.mot.gov.sa,none
eservices.pension.gov.sa,Could not resolve host: eservices.pension.gov.sa,none
eservices.rcyanbu.gov.sa,Could not resolve host: eservices.rcyanbu.gov.sa,none
eservices.redf.gov.sa,Operation timed out after 3001 milliseconds with 0 bytes received,none
eservices.scsb.gov.sa,Could not resolve host: eservices.scsb.gov.sa,none
eservices.sfda.gov.sa,Connection timed out after 3002 milliseconds,none
eservices.sidf.gov.sa,SSL certificate problem: unable to get local issuer certificate,none
eskan.gov.sa,Could not resolve host: eskan.gov.sa,none
etransformation.gov.sa,Could not resolve host: etransformation.gov.sa,none
etsrg.gov.sa,Could not resolve host: etsrg.gov.sa,none
eum.mol.gov.sa,Could not resolve host: eum.mol.gov.sa,none
evaluation.mlsd.gov.sa,Could not resolve host: evaluation.mlsd.gov.sa,none
event.scta.gov.sa,Could not resolve host: event.scta.gov.sa,none
evserver01.mowe.gov.sa,Could not resolve host: evserver01.mowe.gov.sa,none
ex07.rsaf.gov.sa,Could not resolve host: ex07.rsaf.gov.sa,none
exam.moe.gov.sa,301,none
excas-hub.gsfmo.gov.sa,Could not resolve host: excas-hub.gsfmo.gov.sa,none
excas.mot.gov.sa,Could not resolve host: excas.mot.gov.sa,none
excassrv01.mot.gov.sa,Could not resolve host: excassrv01.mot.gov.sa,none
excassrv02.mot.gov.sa,Could not resolve host: excassrv02.mot.gov.sa,none
excassrv03.mot.gov.sa,Could not resolve host: excassrv03.mot.gov.sa,none
excassrv04.mot.gov.sa,Could not resolve host: excassrv04.mot.gov.sa,none
exch.scot.gov.sa,Could not resolve host: exch.scot.gov.sa,none
exchange.jaz.gov.sa,Could not resolve host: exchange.jaz.gov.sa,none
exchange.mot.gov.sa,Could not resolve host: exchange.mot.gov.sa,none
exchange.planning.gov.sa,Could not resolve host: exchange.planning.gov.sa,none
exchcashub01.gab.gov.sa,Could not resolve host: exchcashub01.gab.gov.sa,none
exchcashub02.gab.gov.sa,Could not resolve host: exchcashub02.gab.gov.sa,none
exhcsrv01.mot.gov.sa,Could not resolve host: exhcsrv01.mot.gov.sa,none
exhcsrv02.mot.gov.sa,Could not resolve host: exhcsrv02.mot.gov.sa,none
expe-clus02.mowe.gov.sa,Could not resolve host: expe-clus02.mowe.gov.sa,none
ext.pv.gov.sa,Connection timed out after 3001 milliseconds,none
external.alhasa.gov.sa,403,none
external.gcs.gov.sa,Could not resolve host: external.gcs.gov.sa,none
external.moj.gov.sa,Resolving timed out after 3000 milliseconds,none
external.mol.gov.sa,Could not resolve host: external.mol.gov.sa,none
external02.mol.gov.sa,Could not resolve host: external02.mol.gov.sa,none
external03.mol.gov.sa,Could not resolve host: external03.mol.gov.sa,none
external04.mol.gov.sa,Could not resolve host: external04.mol.gov.sa,none
extranet.moj.gov.sa,Resolving timed out after 3000 milliseconds,none
extranet.mot.gov.sa,Could not resolve host: extranet.mot.gov.sa,none
fax.modon.gov.sa,Could not resolve host: fax.modon.gov.sa,none
fb.mol.gov.sa,Could not resolve host: fb.mol.gov.sa,none
fcbs.gaca.gov.sa,Could not resolve host: fcbs.gaca.gov.sa,none
federation.sama.gov.sa,Could not resolve host: federation.sama.gov.sa,none
fef.moe.gov.sa,Could not resolve host: fef.moe.gov.sa,none
fef2.moe.gov.sa,Resolving timed out after 3000 milliseconds,none
fekratech.gov.sa,Could not resolve host: fekratech.gov.sa,none
fetan.laithedu.gov.sa,Could not resolve host: fetan.laithedu.gov.sa,none
fg.gov.sa,200,none
filer.moe.gov.sa,Resolving timed out after 3000 milliseconds,none
fleet.gc.momra.gov.sa,Could not resolve host: fleet.gc.momra.gov.sa,none
frcs.sfda.gov.sa,Connection timed out after 3001 milliseconds,none
fsf.gov.sa,Could not resolve host: fsf.gov.sa,none
fsproxy.rkhabra.gov.sa,Could not resolve host: fsproxy.rkhabra.gov.sa,none
ft.edueast.gov.sa,Could not resolve host: ft.edueast.gov.sa,none
ftp.gaca.gov.sa,Could not resolve host: ftp.gaca.gov.sa,none
fwint2.amana-md.gov.sa,Could not resolve host: fwint2.amana-md.gov.sa,none
gab.gov.sa,Could not resolve host: gab.gov.sa,none
gaca.gov.sa,Connection timed out after 3002 milliseconds,10 mx1.deem.sa.; 20 mx2.deem.sa.; 50 mx4.deem.sa.; 30 mx3.deem.sa.
gate.mosa.gov.sa,Could not resolve host: gate.mosa.gov.sa,none
gate.shaqraedu.gov.sa,Could not resolve host: gate.shaqraedu.gov.sa,none
gc.momra.gov.sa,Failed to connect to gc.momra.gov.sa port 443 after 181 ms: Could not connect to server,none
gca.gov.sa,302,none
gcam.gov.sa,Could not resolve host: gcam.gov.sa,15 mx1.cloud.site.sa.; 15 mx4.cloud.site.sa.; 15 mx2.cloud.site.sa.; 15 mx3.cloud.site.sa.
gce.gov.sa,Could not resolve host: gce.gov.sa,none
gchat1.gaca.gov.sa,Could not resolve host: gchat1.gaca.gov.sa,none
gchat2.gaca.gov.sa,Could not resolve host: gchat2.gaca.gov.sa,none
gcs.gov.sa,Could not resolve host: gcs.gov.sa,none
gdis.gov.sa,Could not resolve host: gdis.gov.sa,none
gdmw.gov.sa,Could not resolve host: gdmw.gov.sa,none
gdnc.gov.sa,Connection timed out after 3001 milliseconds,10 mail.gdnc.gov.sa.
gea.gov.sa,301,none
geo.gis.moe.gov.sa,Resolving timed out after 3000 milliseconds,none
geo.moe.gov.sa,Could not resolve host: geo.moe.gov.sa,none
geosystems.momra.gov.sa,Recv failure: Connexion ré-initialisée par le correspondant,none
gip-mail.gip.gov.sa,Could not resolve host: gip-mail.gip.gov.sa,none
gip.gov.sa,Connection timed out after 3001 milliseconds,none
gis.ars.gov.sa,Could not resolve host: gis.ars.gov.sa,none
gis.moe.gov.sa,Resolving timed out after 3000 milliseconds,none
gis.mot.gov.sa,Could not resolve host: gis.mot.gov.sa,none
giscloud.gc.momra.gov.sa,Could not resolve host: giscloud.gc.momra.gov.sa,none
gntp.yesser.gov.sa,Could not resolve host: gntp.yesser.gov.sa,none
gosi.gov.sa,302,none
gov.sa,ConnectException,none
gpyw.gov.sa,Connection timed out after 3001 milliseconds,none
gsfmo.gov.sa,Could not resolve host: gsfmo.gov.sa,none
gw.gov.sa,Could not resolve host: gw.gov.sa,none
haddadedu.gov.sa,Could not resolve host: haddadedu.gov.sa,none
hadir.momra.gov.sa,Could not resolve host: hadir.momra.gov.sa,none
hafiz.gov.sa,Could not resolve host: hafiz.gov.sa,none
hafizaccount.hafiz.gov.sa,Could not resolve host: hafizaccount.hafiz.gov.sa,none
haj.gov.sa,Could not resolve host: haj.gov.sa,none
hawiyati.gov.sa,Could not resolve host: hawiyati.gov.sa,none
hbthedu.gov.sa,Could not resolve host: hbthedu.gov.sa,none
hcs01-srvr.sidf.gov.sa,Could not resolve host: hcs01-srvr.sidf.gov.sa,none
hcs02-srvr.sidf.gov.sa,Could not resolve host: hcs02-srvr.sidf.gov.sa,none
hdsmap.gov.sa,Could not resolve host: hdsmap.gov.sa,none
he.moe.gov.sa,Could not resolve host: he.moe.gov.sa,none
hec.gov.sa,Could not resolve host: hec.gov.sa,none
hef.gov.sa,403,none
helpdesk.sharqiah.gov.sa,Could not resolve host: helpdesk.sharqiah.gov.sa,none
hida.gov.sa,Could not resolve host: hida.gov.sa,none
hmm-ch01.holymakkah.gov.sa,Could not resolve host: hmm-ch01.holymakkah.gov.sa,none
hmm-ch02.holymakkah.gov.sa,Could not resolve host: hmm-ch02.holymakkah.gov.sa,none
hmm-edg01.holymakkah.gov.sa,Could not resolve host: hmm-edg01.holymakkah.gov.sa,none
hmm-edg02.holymakkah.gov.sa,Could not resolve host: hmm-edg02.holymakkah.gov.sa,none
hmm-lync.holymakkah.gov.sa,Could not resolve host: hmm-lync.holymakkah.gov.sa,none
hmm.gov.sa,200,none
hmmc.gov.sa,Could not resolve host: hmmc.gov.sa,none
hmmedge01.holymakkah.gov.sa,Could not resolve host: hmmedge01.holymakkah.gov.sa,none
hmmex01.holymakkah.gov.sa,Could not resolve host: hmmex01.holymakkah.gov.sa,none
hmmssrv.holymakkah.gov.sa,Could not resolve host: hmmssrv.holymakkah.gov.sa,none
hms.amana-md.gov.sa,200,none
holymakkah.gov.sa,308,10 mail.holymakkah.gov.sa.; 10 mail1.holymakkah.gov.sa.; 11 mailgw.holymakkah.gov.sa.
home.qassimedu.gov.sa,Could not resolve host: home.qassimedu.gov.sa,none
host.ccbishaedu.gov.sa,Could not resolve host: host.ccbishaedu.gov.sa,none
housing.gov.sa,Could not resolve host: housing.gov.sa,none
hqhcs01.tel.moi.gov.sa,Could not resolve host: hqhcs01.tel.moi.gov.sa,none
hqhcs02.tel.moi.gov.sa,Could not resolve host: hqhcs02.tel.moi.gov.sa,none
hqrhcs01.sang.gov.sa,Could not resolve host: hqrhcs01.sang.gov.sa,none
hqrhcs02.sang.gov.sa,Could not resolve host: hqrhcs02.sang.gov.sa,none
hqrhcs03.sang.gov.sa,Could not resolve host: hqrhcs03.sang.gov.sa,none
hqrhcs04.sang.gov.sa,Resolving timed out after 3001 milliseconds,none
hu.msi.gov.sa,Could not resolve host: hu.msi.gov.sa,none
hubcas01.emaratriyadh.gov.sa,Could not resolve host: hubcas01.emaratriyadh.gov.sa,none
hubcas02.emaratriyadh.gov.sa,Could not resolve host: hubcas02.emaratriyadh.gov.sa,none
iam.gov.sa,302,10 mx1.saudi.net.sa.; 20 mx2.saudi.net.sa.
iam.momra.gov.sa,Could not resolve host: iam.momra.gov.sa,none
ibtikar.ma3an.gov.sa,Could not resolve host: ibtikar.ma3an.gov.sa,none
ic.gov.sa,Could not resolve host: ic.gov.sa,50 mx4.deem.sa.; 30 mx3.deem.sa.; 10 mx1.deem.sa.; 10 mx2.deem.sa.
icsc.gov.sa,Could not resolve host: icsc.gov.sa,none
icsrv-ex1.ic.gov.sa,Could not resolve host: icsrv-ex1.ic.gov.sa,none
icsrv-ex2.ic.gov.sa,Could not resolve host: icsrv-ex2.ic.gov.sa,none
ids.gov.sa,SSL certificate problem: unable to get local issuer certificate,none
ilink.scsb.gov.sa,Could not resolve host: ilink.scsb.gov.sa,none
ilt-deraa.moi.gov.sa,Could not resolve host: ilt-deraa.moi.gov.sa,none
im.mol.gov.sa,Could not resolve host: im.mol.gov.sa,none
imap.citc.gov.sa,Could not resolve host: imap.citc.gov.sa,none
imap.makkah.gov.sa,Could not resolve host: imap.makkah.gov.sa,none
imap.mohe.gov.sa,Could not resolve host: imap.mohe.gov.sa,none
imap.mot.gov.sa,Could not resolve host: imap.mot.gov.sa,none
imap.scta.gov.sa,Could not resolve host: imap.scta.gov.sa,none
imap.scth.gov.sa,Could not resolve host: imap.scth.gov.sa,none
imap4.mot.gov.sa,Could not resolve host: imap4.mot.gov.sa,none
imsva.gsfmo.gov.sa,Could not resolve host: imsva.gsfmo.gov.sa,none
infolink.mofa.gov.sa,Could not resolve host: infolink.mofa.gov.sa,none
int-casarray.rsaf.gov.sa,Could not resolve host: int-casarray.rsaf.gov.sa,none
intekhab.gov.sa,Could not resolve host: intekhab.gov.sa,none
internal.energy.gov.sa,Could not resolve host: internal.energy.gov.sa,none
intra.moj.gov.sa,Resolving timed out after 3000 milliseconds,none
intranet.energy.gov.sa,Could not resolve host: intranet.energy.gov.sa,none
intranet.moj.gov.sa,Resolving timed out after 3000 milliseconds,none
intranet.mot.gov.sa,Could not resolve host: intranet.mot.gov.sa,none
intranet.yesser.gov.sa,Could not resolve host: intranet.yesser.gov.sa,none
investinqassim.gov.sa,Could not resolve host: investinqassim.gov.sa,none
ipc.sama.gov.sa,Connection timed out after 3001 milliseconds,none
iph-qa.adaa.gov.sa,Could not resolve host: iph-qa.adaa.gov.sa,none
iph-standby.adaa.gov.sa,Could not resolve host: iph-standby.adaa.gov.sa,none
iph-uat.adaa.gov.sa,Could not resolve host: iph-uat.adaa.gov.sa,none
iptel.nic.gov.sa,Connection timed out after 3002 milliseconds,none
isap.moe.gov.sa,Could not resolve host: isap.moe.gov.sa,none
ishrafgate.gov.sa,Could not resolve host: ishrafgate.gov.sa,none
islah.gov.sa,Could not resolve host: islah.gov.sa,none
itm.moe.gov.sa,Resolving timed out after 3000 milliseconds,none
itrack.yesser.gov.sa,Could not resolve host: itrack.yesser.gov.sa,none
j-psy-moh.gov.sa,Could not resolve host: j-psy-moh.gov.sa,none
jahiz.moe.gov.sa,Could not resolve host: jahiz.moe.gov.sa,none
jalsah.gov.sa,Could not resolve host: jalsah.gov.sa,none
jazan.gov.sa,Connection timed out after 3002 milliseconds,30 mx3.deem.sa.; 10 mx2.deem.sa.; 10 mx1.deem.sa.
jazanh.gov.sa,Could not resolve host: jazanh.gov.sa,none
jazanpsych.gov.sa,Could not resolve host: jazanpsych.gov.sa,none
jb230expe01.wj.gaca.gov.sa,Could not resolve host: jb230expe01.wj.gaca.gov.sa,none
jb230expe02.wj.gaca.gov.sa,Could not resolve host: jb230expe02.wj.gaca.gov.sa,none
jdf.gov.sa,Could not resolve host: jdf.gov.sa,none
jdph.gov.sa,Could not resolve host: jdph.gov.sa,none
jedcashub.moci.gov.sa,Could not resolve host: jedcashub.moci.gov.sa,none
jeddah.gov.sa,Connection timed out after 3002 milliseconds,none
jeddahportal.jeddah.gov.sa,Could not resolve host: jeddahportal.jeddah.gov.sa,none
jedpool01.gaca.gov.sa,Could not resolve host: jedpool01.gaca.gov.sa,none
jedutr.gov.sa,Could not resolve host: jedutr.gov.sa,none
jep.gov.sa,Could not resolve host: jep.gov.sa,none
jexpeclus01.wj.gaca.gov.sa,Could not resolve host: jexpeclus01.wj.gaca.gov.sa,none
jobs.bog.gov.sa,Could not resolve host: jobs.bog.gov.sa,none
jobs.fg.gov.sa,Failed to connect to jobs.fg.gov.sa port 443 after 2343 ms: Could not connect to server,none
jobs.gip.gov.sa,Could not resolve host: jobs.gip.gov.sa,none
jobs.mofa.gov.sa,Could not resolve host: jobs.mofa.gov.sa,none
jobs.moi.gov.sa,Resolving timed out after 3000 milliseconds,none
jobs.mot.gov.sa,Could not resolve host: jobs.mot.gov.sa,none
jodah.qassimedu.gov.sa,Could not resolve host: jodah.qassimedu.gov.sa,none
judgesvacation.moj.gov.sa,Resolving timed out after 3000 milliseconds,none
kacare.gov.sa,Could not resolve host: kacare.gov.sa,none
kafalah.gov.sa,Could not resolve host: kafalah.gov.sa,none
kamc.gov.sa,Could not resolve host: kamc.gov.sa,none
kc.jeddah.gov.sa,Connection timed out after 3002 milliseconds,none
kfhh.gov.sa,Could not resolve host: kfhh.gov.sa,none
kfmcom.gov.sa,Could not resolve host: kfmcom.gov.sa,none
kh-mun.gov.sa,Could not resolve host: kh-mun.gov.sa,none
khem.khm.gov.sa,Could not resolve host: khem.khm.gov.sa,none
khm.gov.sa,Could not resolve host: khm.gov.sa,none
khulaisedu.gov.sa,Could not resolve host: khulaisedu.gov.sa,none
khutwa.mof.gov.sa,SSL certificate problem: unable to get local issuer certificate,none
kkmcom.gov.sa,Could not resolve host: kkmcom.gov.sa,none
kkmh.gov.sa,Could not resolve host: kkmh.gov.sa,none
kmc.gov.sa,Could not resolve host: kmc.gov.sa,none
kskc.gov.sa,Could not resolve host: kskc.gov.sa,none
laboreducation.gov.sa,Could not resolve host: laboreducation.gov.sa,none
laithedu.gov.sa,Could not resolve host: laithedu.gov.sa,none
learn.moh.gov.sa,Could not resolve host: learn.moh.gov.sa,none
legacy.dammam.gov.sa,Could not resolve host: legacy.dammam.gov.sa,none
legacy.ecra.gov.sa,Could not resolve host: legacy.ecra.gov.sa,none
legacy.fg.gov.sa,Connection timed out after 3002 milliseconds,none
legacy.gaca.gov.sa,Could not resolve host: legacy.gaca.gov.sa,none
legacy.gdnc.gov.sa,Could not resolve host: legacy.gdnc.gov.sa,none
legacy.holymakkah.gov.sa,Could not resolve host: legacy.holymakkah.gov.sa,none
legacy.local.ecra.gov.sa,Could not resolve host: legacy.local.ecra.gov.sa,none
legacy.mci.gov.sa,Could not resolve host: legacy.mci.gov.sa,none
legacy.moa.gov.sa,Could not resolve host: legacy.moa.gov.sa,none
legacy.modon.gov.sa,Could not resolve host: legacy.modon.gov.sa,none
legacy.moh.gov.sa,Could not resolve host: legacy.moh.gov.sa,none
legacy.moia.gov.sa,Could not resolve host: legacy.moia.gov.sa,none
legacy.momra.gov.sa,Could not resolve host: legacy.momra.gov.sa,none
legacy.mot.gov.sa,Could not resolve host: legacy.mot.gov.sa,none
legacy.mowe.gov.sa,Could not resolve host: legacy.mowe.gov.sa,none
legacy.rcjubail.gov.sa,Could not resolve host: legacy.rcjubail.gov.sa,none
legacy.sfda.gov.sa,Could not resolve host: legacy.sfda.gov.sa,none
len.scsb.gov.sa,Could not resolve host: len.scsb.gov.sa,none
lep.mof.gov.sa,Could not resolve host: lep.mof.gov.sa,none
leqaa.moe.gov.sa,Could not resolve host: leqaa.moe.gov.sa,none
lib.mot.gov.sa,Could not resolve host: lib.mot.gov.sa,none
livechat.mot.gov.sa,Could not resolve host: livechat.mot.gov.sa,none
lm.mot.gov.sa,Could not resolve host: lm.mot.gov.sa,none
lms.cisjubail.gov.sa,Could not resolve host: lms.cisjubail.gov.sa,none
lms.mohj.gov.sa,Could not resolve host: lms.mohj.gov.sa,none
local.ecra.gov.sa,Could not resolve host: local.ecra.gov.sa,none
local.makkah.gov.sa,Could not resolve host: local.makkah.gov.sa,none
lqa.scta.gov.sa,Could not resolve host: lqa.scta.gov.sa,none
lqa.scth.gov.sa,Could not resolve host: lqa.scth.gov.sa,none
lsportal.momra.gov.sa,Could not resolve host: lsportal.momra.gov.sa,none
lsrp.bog.gov.sa,Could not resolve host: lsrp.bog.gov.sa,none
lsrp.moh.gov.sa,Could not resolve host: lsrp.moh.gov.sa,none
lteservice.mot.gov.sa,Could not resolve host: lteservice.mot.gov.sa,none
lteservices.mot.gov.sa,Could not resolve host: lteservices.mot.gov.sa,none
lwa.alriyadh.gov.sa,Could not resolve host: lwa.alriyadh.gov.sa,none
lwa.sct.gov.sa,Could not resolve host: lwa.sct.gov.sa,none
lwa.scta.gov.sa,Could not resolve host: lwa.scta.gov.sa,none
lwa.scth.gov.sa,Could not resolve host: lwa.scth.gov.sa,none
lws.holymakkah.gov.sa,Could not resolve host: lws.holymakkah.gov.sa,none
lync-pr-wac01.moh.gov.sa,Could not resolve host: lync-pr-wac01.moh.gov.sa,none
lync-pr-wac02.moh.gov.sa,Could not resolve host: lync-pr-wac02.moh.gov.sa,none
lync-wac.sidf.gov.sa,Could not resolve host: lync-wac.sidf.gov.sa,none
lync.alriyadh.gov.sa,Could not resolve host: lync.alriyadh.gov.sa,none
lync.amana-md.gov.sa,Could not resolve host: lync.amana-md.gov.sa,none
lync.holymakkah.gov.sa,Could not resolve host: lync.holymakkah.gov.sa,none
lync2013web.mot.gov.sa,Could not resolve host: lync2013web.mot.gov.sa,none
lyncadmin.holymakkah.gov.sa,Could not resolve host: lyncadmin.holymakkah.gov.sa,none
lyncadmin.modon.gov.sa,Could not resolve host: lyncadmin.modon.gov.sa,none
lyncadmin.redf.gov.sa,Could not resolve host: lyncadmin.redf.gov.sa,none
lyncdiscover.alhasa.gov.sa,Could not resolve host: lyncdiscover.alhasa.gov.sa,none
lyncdiscover.alriyadh.gov.sa,Could not resolve host: lyncdiscover.alriyadh.gov.sa,none
lyncdiscover.amana-md.gov.sa,Resolving timed out after 3000 milliseconds,none
lyncdiscover.bog.gov.sa,Could not resolve host: lyncdiscover.bog.gov.sa,none
lyncdiscover.gaca.gov.sa,Could not resolve host: lyncdiscover.gaca.gov.sa,none
lyncdiscover.gcs.gov.sa,Could not resolve host: lyncdiscover.gcs.gov.sa,none
lyncdiscover.holymakkah.gov.sa,Could not resolve host: lyncdiscover.holymakkah.gov.sa,none
lyncdiscover.ids.gov.sa,Could not resolve host: lyncdiscover.ids.gov.sa,none
lyncdiscover.modon.gov.sa,Could not resolve host: lyncdiscover.modon.gov.sa,none
lyncdiscover.moh.gov.sa,Connection timed out after 3002 milliseconds,none
lyncdiscover.moj.gov.sa,Resolving timed out after 3001 milliseconds,none
lyncdiscover.mol.gov.sa,Could not resolve host: lyncdiscover.mol.gov.sa,none
lyncdiscover.mot.gov.sa,Could not resolve host: lyncdiscover.mot.gov.sa,none
lyncdiscover.redf.gov.sa,Connection timed out after 3002 milliseconds,none
lyncdiscover.rkhabra.gov.sa,Could not resolve host: lyncdiscover.rkhabra.gov.sa,none
lyncdiscover.sct.gov.sa,Could not resolve host: lyncdiscover.sct.gov.sa,none
lyncdiscover.scta.gov.sa,Could not resolve host: lyncdiscover.scta.gov.sa,none
lyncdiscover.scth.gov.sa,Could not resolve host: lyncdiscover.scth.gov.sa,none
lyncdiscover.sidf.gov.sa,Could not resolve host: lyncdiscover.sidf.gov.sa,none
lyncdiscoverinternal.sct.gov.sa,Could not resolve host: lyncdiscoverinternal.sct.gov.sa,none
lyncdiscoverinternal.scta.gov.sa,Could not resolve host: lyncdiscoverinternal.scta.gov.sa,none
lyncdiscoverinternal.scth.gov.sa,Could not resolve host: lyncdiscoverinternal.scth.gov.sa,none
lyncdiscoverinternal.sidf.gov.sa,Could not resolve host: lyncdiscoverinternal.sidf.gov.sa,none
lyncedgepool.mot.gov.sa,Could not resolve host: lyncedgepool.mot.gov.sa,none
lyncofficewebapp.moj.gov.sa,Resolving timed out after 3002 milliseconds,none
lyncofficewebapp.mol.gov.sa,Could not resolve host: lyncofficewebapp.mol.gov.sa,none
lyncweb.alhasa.gov.sa,Could not resolve host: lyncweb.alhasa.gov.sa,none
lyncweb.ids.gov.sa,Could not resolve host: lyncweb.ids.gov.sa,none
lyncweb.redf.gov.sa,Could not resolve host: lyncweb.redf.gov.sa,none
lyncweb.rkhabra.gov.sa,Could not resolve host: lyncweb.rkhabra.gov.sa,none
lyncweb.sidf.gov.sa,Could not resolve host: lyncweb.sidf.gov.sa,none
m-medu.gov.sa,Could not resolve host: m-medu.gov.sa,none
m.chs.gov.sa,Could not resolve host: m.chs.gov.sa,none
m.dwadmiedu.gov.sa,Could not resolve host: m.dwadmiedu.gov.sa,none
ma3an.gov.sa,Could not resolve host: ma3an.gov.sa,none
ma3an.mol.gov.sa,Could not resolve host: ma3an.mol.gov.sa,none
maak.saudi.gov.sa,Could not resolve host: maak.saudi.gov.sa,none
mabqaiq.gov.sa,Could not resolve host: mabqaiq.gov.sa,none
madinaedu.gov.sa,Could not resolve host: madinaedu.gov.sa,none
mag.moj.gov.sa,Resolving timed out after 3001 milliseconds,dig error
mail.900moi.gov.sa,Could not resolve host: mail.900moi.gov.sa,none
mail.998.gov.sa,Could not resolve host: mail.998.gov.sa,none
mail.adf.gov.sa,Connection timed out after 3001 milliseconds,none
mail.ahwal.gov.sa,Could not resolve host: mail.ahwal.gov.sa,none
mail.alahsa-health.gov.sa,Could not resolve host: mail.alahsa-health.gov.sa,none
mail.albaha.gov.sa,Could not resolve host: mail.albaha.gov.sa,none
mail.albahainv.gov.sa,Could not resolve host: mail.albahainv.gov.sa,none
mail.albirkgedu.gov.sa,Could not resolve host: mail.albirkgedu.gov.sa,none
mail.albosor-m.gov.sa,Could not resolve host: mail.albosor-m.gov.sa,none
mail.alhasa.gov.sa,Could not resolve host: mail.alhasa.gov.sa,none
mail.aljoufedu.gov.sa,Could not resolve host: mail.aljoufedu.gov.sa,none
mail.alkhitah.gov.sa,Could not resolve host: mail.alkhitah.gov.sa,none
mail.allaithged.gov.sa,Could not resolve host: mail.allaithged.gov.sa,none
mail.almuzahmiyyaedu.gov.sa,Could not resolve host: mail.almuzahmiyyaedu.gov.sa,none
mail.alqasabcc.gov.sa,Could not resolve host: mail.alqasabcc.gov.sa,none
mail.alrass-m.gov.sa,Could not resolve host: mail.alrass-m.gov.sa,none
mail.alrassge.gov.sa,Could not resolve host: mail.alrassge.gov.sa,none
mail.alriyadh.gov.sa,Connection timed out after 3002 milliseconds,none
mail.amana-assir.gov.sa,Could not resolve host: mail.amana-assir.gov.sa,none
mail.amana-md.gov.sa,Failed to connect to mail.amana-md.gov.sa port 443 after 178 ms: Could not connect to server,none
mail.amanataljouf.gov.sa,302,none
mail.app.mhaedu.gov.sa,Could not resolve host: mail.app.mhaedu.gov.sa,none
mail.arar-mu.gov.sa,Could not resolve host: mail.arar-mu.gov.sa,none
mail.ars.gov.sa,302,none
mail.art.gov.sa,Could not resolve host: mail.art.gov.sa,none
mail.aseerhealth.gov.sa,Could not resolve host: mail.aseerhealth.gov.sa,none
mail.ata-hail.gov.sa,Could not resolve host: mail.ata-hail.gov.sa,none
mail.awqaf.gov.sa,Could not resolve host: mail.awqaf.gov.sa,none
mail.bahaedu.gov.sa,Could not resolve host: mail.bahaedu.gov.sa,none
mail.bahaeslah.gov.sa,Could not resolve host: mail.bahaeslah.gov.sa,none
mail.baladialula.gov.sa,Could not resolve host: mail.baladialula.gov.sa,none
mail.balgree.gov.sa,Could not resolve host: mail.balgree.gov.sa,none
mail.baqaahealth.gov.sa,Could not resolve host: mail.baqaahealth.gov.sa,none
mail.bc.gov.sa,Could not resolve host: mail.bc.gov.sa,none
mail.bip.gov.sa,Could not resolve host: mail.bip.gov.sa,none
mail.bishaedu.gov.sa,Could not resolve host: mail.bishaedu.gov.sa,none
mail.boe.gov.sa,Could not resolve host: mail.boe.gov.sa,none
mail.buk.gov.sa,Could not resolve host: mail.buk.gov.sa,none
mail.cds.gov.sa,Could not resolve host: mail.cds.gov.sa,none
mail.chs.gov.sa,Could not resolve host: mail.chs.gov.sa,none
mail.cib.gov.sa,Could not resolve host: mail.cib.gov.sa,none
mail.citc.gov.sa,Could not resolve host: mail.citc.gov.sa,none
mail.cmr.gov.sa,Could not resolve host: mail.cmr.gov.sa,none
mail.cppa.gov.sa,Could not resolve host: mail.cppa.gov.sa,none
mail.cst.gov.sa,Could not resolve host: mail.cst.gov.sa,none
mail.dammam.gov.sa,Could not resolve host: mail.dammam.gov.sa,none
mail.dcom.gov.sa,Could not resolve host: mail.dcom.gov.sa,none
mail.dharyah.gov.sa,Could not resolve host: mail.dharyah.gov.sa,none
mail.dmmr.gov.sa,Could not resolve host: mail.dmmr.gov.sa,none
mail.docs.mhaedu.gov.sa,Could not resolve host: mail.docs.mhaedu.gov.sa,none
mail.dppedu.gov.sa,Could not resolve host: mail.dppedu.gov.sa,none
mail.dt1.mawthouq.gov.sa,Could not resolve host: mail.dt1.mawthouq.gov.sa,none
mail.dt2.mawthouq.gov.sa,Could not resolve host: mail.dt2.mawthouq.gov.sa,none
mail.dt3.mawthouq.gov.sa,Could not resolve host: mail.dt3.mawthouq.gov.sa,none
mail.dt4.mawthouq.gov.sa,Could not resolve host: mail.dt4.mawthouq.gov.sa,none
mail.dt5.mawthouq.gov.sa,Could not resolve host: mail.dt5.mawthouq.gov.sa,none
mail.dubam.gov.sa,Could not resolve host: mail.dubam.gov.sa,none
mail.dzit.gov.sa,Could not resolve host: mail.dzit.gov.sa,none
mail.e-najran.gov.sa,Could not resolve host: mail.e-najran.gov.sa,none
mail.eca.gov.sa,Could not resolve host: mail.eca.gov.sa,none
mail.eduwd.gov.sa,Could not resolve host: mail.eduwd.gov.sa,none
mail.emartaseer.gov.sa,Could not resolve host: mail.emartaseer.gov.sa,none
mail.energy.gov.sa,Could not resolve host: mail.energy.gov.sa,none
mail.eog.gov.sa,Could not resolve host: mail.eog.gov.sa,none
mail.ershad.mhaedu.gov.sa,Could not resolve host: mail.ershad.mhaedu.gov.sa,none
mail.etsrg.gov.sa,Could not resolve host: mail.etsrg.gov.sa,none
mail.fg.gov.sa,Connection timed out after 3001 milliseconds,none
mail.gab.gov.sa,Could not resolve host: mail.gab.gov.sa,none
mail.gaca.gov.sa,Could not resolve host: mail.gaca.gov.sa,none
mail.gca.gov.sa,302,none
mail.gcam.gov.sa,Could not resolve host: mail.gcam.gov.sa,none
mail.gce.gov.sa,Could not resolve host: mail.gce.gov.sa,none
mail.gcs.gov.sa,Could not resolve host: mail.gcs.gov.sa,none
mail.gdnc.gov.sa,301,none
mail.gip.gov.sa,Could not resolve host: mail.gip.gov.sa,none
mail.gph.gov.sa,Could not resolve host: mail.gph.gov.sa,none
mail.gpyw.gov.sa,Could not resolve host: mail.gpyw.gov.sa,none
mail.gsfmo.gov.sa,Could not resolve host: mail.gsfmo.gov.sa,none
mail.haddadedu.gov.sa,Could not resolve host: mail.haddadedu.gov.sa,none
mail.hafiz.gov.sa,Could not resolve host: mail.hafiz.gov.sa,none
mail.hbthedu.gov.sa,Could not resolve host: mail.hbthedu.gov.sa,none
mail.hdsmap.gov.sa,Could not resolve host: mail.hdsmap.gov.sa,none
mail.hef.gov.sa,SSL certificate problem: unable to get local issuer certificate,none
mail.hida.gov.sa,Could not resolve host: mail.hida.gov.sa,none
mail.hmmc.gov.sa,Could not resolve host: mail.hmmc.gov.sa,none
mail.holymakkah.gov.sa,Failed to connect to mail.holymakkah.gov.sa port 443 after 190 ms: Could not connect to server,none
mail.housing.gov.sa,Could not resolve host: mail.housing.gov.sa,none
mail.hrc.gov.sa,Could not resolve host: mail.hrc.gov.sa,none
mail.ic.gov.sa,Could not resolve host: mail.ic.gov.sa,none
mail.icsc.gov.sa,Could not resolve host: mail.icsc.gov.sa,none
mail.islah.gov.sa,Could not resolve host: mail.islah.gov.sa,none
mail.jaz.gov.sa,Could not resolve host: mail.jaz.gov.sa,none
mail.jazanh.gov.sa,Could not resolve host: mail.jazanh.gov.sa,none
mail.jdf.gov.sa,Could not resolve host: mail.jdf.gov.sa,none
mail.jeddah.gov.sa,Could not resolve host: mail.jeddah.gov.sa,none
mail.jedutr.gov.sa,Could not resolve host: mail.jedutr.gov.sa,none
mail.kacare.gov.sa,Could not resolve host: mail.kacare.gov.sa,none
mail.kfhh.gov.sa,Could not resolve host: mail.kfhh.gov.sa,none
mail.kfmcom.gov.sa,Could not resolve host: mail.kfmcom.gov.sa,none
mail.kfnl.gov.sa,Failed to connect to mail.kfnl.gov.sa port 443 after 268 ms: Could not connect to server,none
mail.khulaisedu.gov.sa,Could not resolve host: mail.khulaisedu.gov.sa,none
mail.kingguests.gov.sa,Could not resolve host: mail.kingguests.gov.sa,none
mail.kkmh.gov.sa,Could not resolve host: mail.kkmh.gov.sa,none
mail.kmc.gov.sa,Could not resolve host: mail.kmc.gov.sa,none
mail.kskc.gov.sa,Could not resolve host: mail.kskc.gov.sa,none
mail.laithedu.gov.sa,Could not resolve host: mail.laithedu.gov.sa,none
mail.mabqaiq.gov.sa,Could not resolve host: mail.mabqaiq.gov.sa,none
mail.mahdedu.gov.sa,Could not resolve host: mail.mahdedu.gov.sa,none
mail.maisan.gov.sa,Could not resolve host: mail.maisan.gov.sa,none
mail.majedu.gov.sa,Could not resolve host: mail.majedu.gov.sa,none
mail.makkah.gov.sa,Could not resolve host: mail.makkah.gov.sa,none
mail.mc.gov.sa,Could not resolve host: mail.mc.gov.sa,none
mail.mci.gov.sa,Could not resolve host: mail.mci.gov.sa,none
mail.mcs.gov.sa,Could not resolve host: mail.mcs.gov.sa,none
mail.mda.gov.sa,Could not resolve host: mail.mda.gov.sa,none
mail.mdge.gov.sa,Could not resolve host: mail.mdge.gov.sa,none
mail.mep.gov.sa,Connection timed out after 3002 milliseconds,none
mail.methnbedu.gov.sa,Could not resolve host: mail.methnbedu.gov.sa,none
mail.mlsd.gov.sa,Could not resolve host: mail.mlsd.gov.sa,none
mail.mmc.gov.sa,Could not resolve host: mail.mmc.gov.sa,none
mail.moa.gov.sa,Could not resolve host: mail.moa.gov.sa,none
mail.moci.gov.sa,Could not resolve host: mail.moci.gov.sa,none
mail.moda.gov.sa,Could not resolve host: mail.moda.gov.sa,none
mail.modon.gov.sa,SSL certificate problem: unable to get local issuer certificate,none
mail.moe.gov.sa,Could not resolve host: mail.moe.gov.sa,none
mail.mofa.gov.sa,Could not resolve host: mail.mofa.gov.sa,none
mail.moh.gov.sa,200,none
mail.mohe.gov.sa,Could not resolve host: mail.mohe.gov.sa,none
mail.moi.gov.sa,Could not resolve host: mail.moi.gov.sa,none
mail.moia.gov.sa,Connection timed out after 3001 milliseconds,none
mail.moimsd.gov.sa,Resolving timed out after 3000 milliseconds,none
mail.moisp.gov.sa,Could not resolve host: mail.moisp.gov.sa,none
mail.moj.gov.sa,Could not resolve host: mail.moj.gov.sa,none
mail.mol.gov.sa,Could not resolve host: mail.mol.gov.sa,none
mail.momra.gov.sa,302,none
mail.mopm-ta.gov.sa,Could not resolve host: mail.mopm-ta.gov.sa,none
mail.mosa.gov.sa,Could not resolve host: mail.mosa.gov.sa,none
mail.mot.gov.sa,Could not resolve host: mail.mot.gov.sa,none
mail.mowaih.gov.sa,Could not resolve host: mail.mowaih.gov.sa,none
mail.msi.gov.sa,Could not resolve host: mail.msi.gov.sa,none
mail.mtc.gov.sa,Could not resolve host: mail.mtc.gov.sa,none
mail.mwa.gov.sa,Could not resolve host: mail.mwa.gov.sa,none
mail.najran.gov.sa,SSL certificate problem: unable to get local issuer certificate,none
mail.namasedu.gov.sa,Could not resolve host: mail.namasedu.gov.sa,none
mail.nazaha.gov.sa,Could not resolve host: mail.nazaha.gov.sa,none
mail.ncc.gov.sa,Could not resolve host: mail.ncc.gov.sa,none
mail.nccam.gov.sa,Could not resolve host: mail.nccam.gov.sa,none
mail.ncda.gov.sa,Could not resolve host: mail.ncda.gov.sa,none
mail.nclom.gov.sa,Could not resolve host: mail.nclom.gov.sa,none
mail.ncsc.gov.sa,Could not resolve host: mail.ncsc.gov.sa,none
mail.nhic.gov.sa,401,none
mail.northedu.gov.sa,Could not resolve host: mail.northedu.gov.sa,none
mail.nre.gov.sa,Could not resolve host: mail.nre.gov.sa,none
mail.orders.buk.gov.sa,Could not resolve host: mail.orders.buk.gov.sa,none
mail.pension.gov.sa,Could not resolve host: mail.pension.gov.sa,none
mail.pgd.gov.sa,Could not resolve host: mail.pgd.gov.sa,none
mail.phc.gov.sa,Could not resolve host: mail.phc.gov.sa,none
mail.pif.gov.sa,302,none
mail.psbjh.gov.sa,Could not resolve host: mail.psbjh.gov.sa,none
mail.pst.spsc.gov.sa,Could not resolve host: mail.pst.spsc.gov.sa,none
mail.qalwah.gov.sa,Could not resolve host: mail.qalwah.gov.sa,none
mail.qassim.gov.sa,SSL certificate problem: unable to get local issuer certificate,none
mail.qe.gov.sa,Could not resolve host: mail.qe.gov.sa,none
mail.qh.gov.sa,Could not resolve host: mail.qh.gov.sa,none
mail.qkadmin.gov.sa,Could not resolve host: mail.qkadmin.gov.sa,none
mail.qortobhedu.gov.sa,Could not resolve host: mail.qortobhedu.gov.sa,none
mail.qtvtc.gov.sa,Could not resolve host: mail.qtvtc.gov.sa,none
mail.r-habbas.gov.sa,Could not resolve host: mail.r-habbas.gov.sa,none
mail.rabegh-municipality.gov.sa,Could not resolve host: mail.rabegh-municipality.gov.sa,none
mail.rabegh.gov.sa,Could not resolve host: mail.rabegh.gov.sa,none
mail.rafhaedu.gov.sa,Could not resolve host: mail.rafhaedu.gov.sa,none
mail.rai.gov.sa,Could not resolve host: mail.rai.gov.sa,none
mail.ranyahmc.gov.sa,Could not resolve host: mail.ranyahmc.gov.sa,none
mail.rawdahedu.gov.sa,Could not resolve host: mail.rawdahedu.gov.sa,none
mail.rcyanbu.gov.sa,Could not resolve host: mail.rcyanbu.gov.sa,none
mail.reg.mhaedu.gov.sa,Could not resolve host: mail.reg.mhaedu.gov.sa,none
mail.reselny.edueast.gov.sa,Could not resolve host: mail.reselny.edueast.gov.sa,none
mail.rgr.gov.sa,Could not resolve host: mail.rgr.gov.sa,none
mail.riyadh.gov.sa,Resolving timed out after 3001 milliseconds,none
mail.royaldewan.gov.sa,Could not resolve host: mail.royaldewan.gov.sa,none
mail.royalprotocol.gov.sa,Connection timed out after 3002 milliseconds,none
mail.rsaf.gov.sa,Could not resolve host: mail.rsaf.gov.sa,none
mail.sama.gov.sa,Connection timed out after 3001 milliseconds,none
mail.samabtd.gov.sa,Could not resolve host: mail.samabtd.gov.sa,none
mail.sang.gov.sa,Connection timed out after 3001 milliseconds,none
mail.saso.gov.sa,Connection timed out after 3001 milliseconds,none
mail.saudigym.gov.sa,Could not resolve host: mail.saudigym.gov.sa,none
mail.sbsf.gov.sa,Could not resolve host: mail.sbsf.gov.sa,none
mail.scj.gov.sa,Could not resolve host: mail.scj.gov.sa,none
mail.scot.gov.sa,Could not resolve host: mail.scot.gov.sa,none
mail.sdsf.gov.sa,Could not resolve host: mail.sdsf.gov.sa,none
mail.sedu.gov.sa,Could not resolve host: mail.sedu.gov.sa,none
mail.seec.gov.sa,404,none
mail.sfda.gov.sa,Connection timed out after 3001 milliseconds,none
mail.shura.gov.sa,Could not resolve host: mail.shura.gov.sa,none
mail.ssa-at.gov.sa,Could not resolve host: mail.ssa-at.gov.sa,none
mail.ssa.gov.sa,Could not resolve host: mail.ssa.gov.sa,none
mail.stats.gov.sa,Could not resolve host: mail.stats.gov.sa,none
mail.sufayri.gov.sa,Could not resolve host: mail.sufayri.gov.sa,none
mail.support.yanbuedu.gov.sa,Could not resolve host: mail.support.yanbuedu.gov.sa,none
mail.swaaid-jedu.gov.sa,Could not resolve host: mail.swaaid-jedu.gov.sa,none
mail.tabukm.gov.sa,Could not resolve host: mail.tabukm.gov.sa,none
mail.taifnashat.gov.sa,Could not resolve host: mail.taifnashat.gov.sa,none
mail.tch.gov.sa,Could not resolve host: mail.tch.gov.sa,none
mail.teachershasa.gov.sa,Could not resolve host: mail.teachershasa.gov.sa,none
mail.tech.gov.sa,Could not resolve host: mail.tech.gov.sa,none
mail.tge.gov.sa,Could not resolve host: mail.tge.gov.sa,none
mail.turaifedu.gov.sa,Could not resolve host: mail.turaifedu.gov.sa,none
mail.umljm.gov.sa,Could not resolve host: mail.umljm.gov.sa,none
mail.unaizahm.gov.sa,Could not resolve host: mail.unaizahm.gov.sa,none
mail.ushaiqer.gov.sa,Could not resolve host: mail.ushaiqer.gov.sa,none
mail.visithail.gov.sa,Could not resolve host: mail.visithail.gov.sa,none
mail.wilayah.gov.sa,Could not resolve host: mail.wilayah.gov.sa,none
mail.yanbuedu.gov.sa,Could not resolve host: mail.yanbuedu.gov.sa,none
mail.yanbugov.gov.sa,Could not resolve host: mail.yanbugov.gov.sa,none
mail.ynbu.gov.sa,Could not resolve host: mail.ynbu.gov.sa,none
mail1.holymakkah.gov.sa,Failed to connect to mail1.holymakkah.gov.sa port 443 after 177 ms: Could not connect to server,none
mail1.housing.gov.sa,Could not resolve host: mail1.housing.gov.sa,none
mail1.sama.gov.sa,Resolving timed out after 3000 milliseconds,none
mail2.modon.gov.sa,Failed to connect to mail2.modon.gov.sa port 443 after 262 ms: Could not connect to server,none
mail2.mohe.gov.sa,Could not resolve host: mail2.mohe.gov.sa,none
mail2.mol.gov.sa,Could not resolve host: mail2.mol.gov.sa,none
mail2.sama.gov.sa,Could not resolve host: mail2.sama.gov.sa,none
mail3.jeddah.gov.sa,Could not resolve host: mail3.jeddah.gov.sa,none
mail3.sama.gov.sa,Connection timed out after 3002 milliseconds,none
mail3.seec.gov.sa,Resolving timed out after 3000 milliseconds,none
mail4.sama.gov.sa,Connection timed out after 3000 milliseconds,none
mail5.sama.gov.sa,Connection timed out after 3001 milliseconds,none
mail6.sama.gov.sa,Connection timed out after 3002 milliseconds,none
maildr.sama.gov.sa,Connection timed out after 3002 milliseconds,none
mailsrv1.moda.gov.sa,Could not resolve host: mailsrv1.moda.gov.sa,none
maisan.gov.sa,Could not resolve host: maisan.gov.sa,none
majales.moe.gov.sa,Could not resolve host: majales.moe.gov.sa,none
majales.momra.gov.sa,Could not resolve host: majales.momra.gov.sa,none
majedu.gov.sa,Could not resolve host: majedu.gov.sa,none
makhwahedu.gov.sa,Could not resolve host: makhwahedu.gov.sa,none
makkah.gov.sa,Could not resolve host: makkah.gov.sa,none
makkahedu.gov.sa,Could not resolve host: makkahedu.gov.sa,none
mam.scth.gov.sa,Could not resolve host: mam.scth.gov.sa,none
manager.gc.momra.gov.sa,Could not resolve host: manager.gc.momra.gov.sa,none
manar.gov.sa,Could not resolve host: manar.gov.sa,none
manzelak.amana-md.gov.sa,Could not resolve host: manzelak.amana-md.gov.sa,none
map.moe.gov.sa,Could not resolve host: map.moe.gov.sa,none
map.namasedu.gov.sa,Could not resolve host: map.namasedu.gov.sa,none
maps.modon.gov.sa,SSL certificate problem: unable to get local issuer certificate,dig error
mara.momra.gov.sa,Could not resolve host: mara.momra.gov.sa,none
marasim.mofa.gov.sa,Connection timed out after 3002 milliseconds,none
mawarid.holymakkah.gov.sa,Connection timed out after 3001 milliseconds,none
mbx01.jeddah.gov.sa,Could not resolve host: mbx01.jeddah.gov.sa,none
mbx02.jeddah.gov.sa,Could not resolve host: mbx02.jeddah.gov.sa,none
mc.gov.sa,301,none
mci.gov.sa,Could not resolve host: mci.gov.sa,none
mcs.gov.sa,Could not resolve host: mcs.gov.sa,none
mcs.sfda.gov.sa,Could not resolve host: mcs.sfda.gov.sa,none
mda.gov.sa,Connection timed out after 3002 milliseconds,none
mdc.gc.momra.gov.sa,Could not resolve host: mdc.gc.momra.gov.sa,none
mdel.sfda.gov.sa,Could not resolve host: mdel.sfda.gov.sa,none
mdm.moj.gov.sa,Resolving timed out after 3000 milliseconds,none
mdm.mot.gov.sa,Connection timed out after 3001 milliseconds,none
mdm.scth.gov.sa,Could not resolve host: mdm.scth.gov.sa,none
mdmcsg.amana-md.gov.sa,Could not resolve host: mdmcsg.amana-md.gov.sa,none
med.sfda.gov.sa,Could not resolve host: med.sfda.gov.sa,none
medprice.sfda.gov.sa,Could not resolve host: medprice.sfda.gov.sa,none
meet.alhasa.gov.sa,200,none
meet.alriyadh.gov.sa,Could not resolve host: meet.alriyadh.gov.sa,none
meet.amana-md.gov.sa,Could not resolve host: meet.amana-md.gov.sa,none
meet.bog.gov.sa,Could not resolve host: meet.bog.gov.sa,none
meet.gaca.gov.sa,Could not resolve host: meet.gaca.gov.sa,none
meet.gcs.gov.sa,Could not resolve host: meet.gcs.gov.sa,none
meet.holymakkah.gov.sa,Could not resolve host: meet.holymakkah.gov.sa,none
meet.ids.gov.sa,Could not resolve host: meet.ids.gov.sa,none
meet.modon.gov.sa,Connection timed out after 3002 milliseconds,none
meet.moh.gov.sa,Could not resolve host: meet.moh.gov.sa,none
meet.mohe.gov.sa,Could not resolve host: meet.mohe.gov.sa,none
meet.moj.gov.sa,Resolving timed out after 3000 milliseconds,none
meet.mol.gov.sa,Could not resolve host: meet.mol.gov.sa,none
meet.mot.gov.sa,Could not resolve host: meet.mot.gov.sa,none
meet.qtvtc.gov.sa,Could not resolve host: meet.qtvtc.gov.sa,none
meet.redf.gov.sa,Connection timed out after 3001 milliseconds,none
meet.rkhabra.gov.sa,Could not resolve host: meet.rkhabra.gov.sa,none
meet.sct.gov.sa,Could not resolve host: meet.sct.gov.sa,none
meet.scta.gov.sa,Could not resolve host: meet.scta.gov.sa,none
meet.scth.gov.sa,Could not resolve host: meet.scth.gov.sa,none
meet.shura.gov.sa,Could not resolve host: meet.shura.gov.sa,none
meet.sidf.gov.sa,Could not resolve host: meet.sidf.gov.sa,none
meet02.mol.gov.sa,Could not resolve host: meet02.mol.gov.sa,none
meet03.mol.gov.sa,Could not resolve host: meet03.mol.gov.sa,none
meeting.scsb.gov.sa,Could not resolve host: meeting.scsb.gov.sa,none
meetings.mowe.gov.sa,Could not resolve host: meetings.mowe.gov.sa,none
meg.saso.gov.sa,Could not resolve host: meg.saso.gov.sa,none
mep.gov.sa,Failed to connect to mep.gov.sa port 443 after 166 ms: Could not connect to server,40 smg2.gws.sa.; 30 mx3.deem.sa.; 60 mx.deem.sa.; 20 smg.gws.sa.; 70 mx5.deem.sa.; 10 mx2.deem.sa.; 50 mx4.deem.sa.; 10 mx1.deem.sa.
messaging.mot.gov.sa,Could not resolve host: messaging.mot.gov.sa,none
methnbedu.gov.sa,Could not resolve host: methnbedu.gov.sa,none
mhaedu.gov.sa,Could not resolve host: mhaedu.gov.sa,none
mic.gov.sa,Connection timed out after 3002 milliseconds,none
midc.kacare.gov.sa,Could not resolve host: midc.kacare.gov.sa,none
mlsd.gov.sa,Could not resolve host: mlsd.gov.sa,none
mmc.gov.sa,Could not resolve host: mmc.gov.sa,none
mms.mol.gov.sa,Could not resolve host: mms.mol.gov.sa,none
mms.mot.gov.sa,Could not resolve host: mms.mot.gov.sa,none
mms1.mofa.gov.sa,Could not resolve host: mms1.mofa.gov.sa,none
mms2.mofa.gov.sa,Could not resolve host: mms2.mofa.gov.sa,none
mmsa.mofa.gov.sa,Could not resolve host: mmsa.mofa.gov.sa,none
mmsint.mol.gov.sa,Could not resolve host: mmsint.mol.gov.sa,none
mns.mot.gov.sa,Could not resolve host: mns.mot.gov.sa,none
moa-email1.moa.gov.sa,Could not resolve host: moa-email1.moa.gov.sa,none
mobile.amana-md.gov.sa,Could not resolve host: mobile.amana-md.gov.sa,none
mobile.scta.gov.sa,Could not resolve host: mobile.scta.gov.sa,none
mobile.scth.gov.sa,Could not resolve host: mobile.scth.gov.sa,none
mobileservices.wideip.sfda.gov.sa,Connection timed out after 3002 milliseconds,none
moda-hubcas.moda.gov.sa,Could not resolve host: moda-hubcas.moda.gov.sa,none
moda-hubcas01.moda.gov.sa,Could not resolve host: moda-hubcas01.moda.gov.sa,none
moda-hubcas02.moda.gov.sa,Could not resolve host: moda-hubcas02.moda.gov.sa,none
moda.gov.sa,Could not resolve host: moda.gov.sa,10 mx.moda.gov.sa.
modon.gov.sa,SSL certificate problem: unable to get local issuer certificate,none
modonweb-ext.modon.gov.sa,Could not resolve host: modonweb-ext.modon.gov.sa,none
modsports16.gov.sa,Could not resolve host: modsports16.gov.sa,none
moe.gov.sa,302,none
moevcse1.moe.gov.sa,Could not resolve host: moevcse1.moe.gov.sa,none
moevcse2.moe.gov.sa,Could not resolve host: moevcse2.moe.gov.sa,dig error
mof.gov.sa,302,10 mx3.mof.gov.sa.
mof.mof.gov.sa,Could not resolve host: mof.mof.gov.sa,none
mof.saudi.gov.sa,Could not resolve host: mof.saudi.gov.sa,none
moh.gov.sa,301,none
mohdirweb-ext.moh.gov.sa,Connection timed out after 3001 milliseconds,none
mohe-02-be01.mohe.gov.sa,Could not resolve host: mohe-02-be01.mohe.gov.sa,none
mohe-02-be02.mohe.gov.sa,Could not resolve host: mohe-02-be02.mohe.gov.sa,none
mohe-02-be03.mohe.gov.sa,Could not resolve host: mohe-02-be03.mohe.gov.sa,none
mohe-02-be04.mohe.gov.sa,Could not resolve host: mohe-02-be04.mohe.gov.sa,none
mohe.gov.sa,Could not resolve host: mohe.gov.sa,none
mohevmb01.mohe.gov.sa,Could not resolve host: mohevmb01.mohe.gov.sa,none
mohfe2013web-ext.moh.gov.sa,Could not resolve host: mohfe2013web-ext.moh.gov.sa,none
mohfe2013web-int.moh.gov.sa,Could not resolve host: mohfe2013web-int.moh.gov.sa,none
mohfeweb-ext.moh.gov.sa,Connection timed out after 3001 milliseconds,none
mohj.gov.sa,Could not resolve host: mohj.gov.sa,none
mohj.moh.gov.sa,Could not resolve host: mohj.moh.gov.sa,none
moi.gov.sa,Could not resolve host: moi.gov.sa,none
moisp.gov.sa,Could not resolve host: moisp.gov.sa,none
moj.gov.sa,302,none
mol.gov.sa,Could not resolve host: mol.gov.sa,none
momra.gov.sa,302,none
monafasa.ma3an.gov.sa,Could not resolve host: monafasa.ma3an.gov.sa,none
mopm.gov.sa,Connection timed out after 3002 milliseconds,none
morasalat.saso.gov.sa,Could not resolve host: morasalat.saso.gov.sa,none
mosa-d-web.mosa-d.gov.sa,Could not resolve host: mosa-d-web.mosa-d.gov.sa,none
mosa-d.gov.sa,Could not resolve host: mosa-d.gov.sa,none
mosa.gov.sa,Could not resolve host: mosa.gov.sa,none
mot.gov.sa,Connection timed out after 3002 milliseconds,none
motcas.mot.gov.sa,Could not resolve host: motcas.mot.gov.sa,none
motheq.moj.gov.sa,Resolving timed out after 3000 milliseconds,none
motsite.mot.gov.sa,Could not resolve host: motsite.mot.gov.sa,none
mowaih.gov.sa,Could not resolve host: mowaih.gov.sa,none
mowe.gov.sa,Could not resolve host: mowe.gov.sa,none
moweht01.mowe.gov.sa,Could not resolve host: moweht01.mowe.gov.sa,none
moweht02.mowe.gov.sa,Could not resolve host: moweht02.mowe.gov.sa,none
msi.gov.sa,Could not resolve host: msi.gov.sa,none
mtc.gov.sa,Could not resolve host: mtc.gov.sa,none
mteservices.mot.gov.sa,Could not resolve host: mteservices.mot.gov.sa,none
mtvt.gov.sa,Could not resolve host: mtvt.gov.sa,none
mulhi.msi.gov.sa,Could not resolve host: mulhi.msi.gov.sa,none
murasalat.yesser.gov.sa,Could not resolve host: murasalat.yesser.gov.sa,none
musaned.gov.sa,Could not resolve host: musaned.gov.sa,20 smtp2.tamkeentech.sa.; 5 smtp1.tamkeentech.sa.
mwa.gov.sa,Could not resolve host: mwa.gov.sa,none
mx1.pension.gov.sa,Could not resolve host: mx1.pension.gov.sa,none
mx2.pension.gov.sa,Could not resolve host: mx2.pension.gov.sa,none
my.ecra.gov.sa,Could not resolve host: my.ecra.gov.sa,none
my.mci.gov.sa,Could not resolve host: my.mci.gov.sa,none
my.mol.gov.sa,Could not resolve host: my.mol.gov.sa,none
mydrive.mot.gov.sa,Could not resolve host: mydrive.mot.gov.sa,none
myid.gov.sa,SSL: no alternative certificate subject name matches target hostname 'myid.gov.sa',none
mymail.modon.gov.sa,Could not resolve host: mymail.modon.gov.sa,none
mymofa.mofa.gov.sa,Could not resolve host: mymofa.mofa.gov.sa,none
myportal.modon.gov.sa,Connection timed out after 3002 milliseconds,none
myservice.mci.gov.sa,Could not resolve host: myservice.mci.gov.sa,none
myservices.mohj.gov.sa,Could not resolve host: myservices.mohj.gov.sa,none
mysite.jeddah.gov.sa,Could not resolve host: mysite.jeddah.gov.sa,none
mysite.mot.gov.sa,Could not resolve host: mysite.mot.gov.sa,none
myspace.mol.gov.sa,Could not resolve host: myspace.mol.gov.sa,none
mzrapc.momra.gov.sa,Could not resolve host: mzrapc.momra.gov.sa,none
mzrmail.momra.gov.sa,Could not resolve host: mzrmail.momra.gov.sa,none
nafethah.gov.sa,Could not resolve host: nafethah.gov.sa,none
nafith.swcc.gov.sa,Could not resolve host: nafith.swcc.gov.sa,none
najran.gov.sa,SSL certificate problem: unable to get local issuer certificate,none
namasedu.gov.sa,Could not resolve host: namasedu.gov.sa,none
nazaha.gov.sa,Connection timed out after 3001 milliseconds,none
ncc.gov.sa,Connection timed out after 3000 milliseconds,none
nclom.gov.sa,Could not resolve host: nclom.gov.sa,none
ncrp.kacare.gov.sa,Could not resolve host: ncrp.kacare.gov.sa,none
ncs.eec.gov.sa,Could not resolve host: ncs.eec.gov.sa,none
ncsc.gov.sa,Could not resolve host: ncsc.gov.sa,none
new.guriatedu.gov.sa,Could not resolve host: new.guriatedu.gov.sa,none
new2017.eec.gov.sa,Could not resolve host: new2017.eec.gov.sa,none
newsline.mofa.gov.sa,Could not resolve host: newsline.mofa.gov.sa,none
newvpn.mcit.gov.sa,Could not resolve host: newvpn.mcit.gov.sa,none
nezame.mohj.gov.sa,Could not resolve host: nezame.mohj.gov.sa,none
nic.gov.sa,Connection timed out after 3001 milliseconds,none
nicmobility.cloud.moi.gov.sa,Could not resolve host: nicmobility.cloud.moi.gov.sa,none
nightschool.laithedu.gov.sa,Could not resolve host: nightschool.laithedu.gov.sa,none
nis.gov.sa,Could not resolve host: nis.gov.sa,none
nms.mot.gov.sa,Could not resolve host: nms.mot.gov.sa,none
noor.moe.gov.sa,302,none
noorint.moe.gov.sa,Could not resolve host: noorint.moe.gov.sa,none
northedu.gov.sa,Could not resolve host: northedu.gov.sa,none
npthrd.scth.gov.sa,Could not resolve host: npthrd.scth.gov.sa,none
nre.gov.sa,Could not resolve host: nre.gov.sa,none
nsc.gov.sa,Could not resolve host: nsc.gov.sa,10 mx01.nsc.gov.sa.; 20 mx02.nsc.gov.sa.; 30 mx03.nsc.gov.sa.
nta.moe.gov.sa,302,none
ocs.holymakkah.gov.sa,Could not resolve host: ocs.holymakkah.gov.sa,none
ocs.mot.gov.sa,Could not resolve host: ocs.mot.gov.sa,none
office.pension.gov.sa,Could not resolve host: office.pension.gov.sa,none
office.rcjy.gov.sa,Could not resolve host: office.rcjy.gov.sa,none
officewebapp.moh.gov.sa,Could not resolve host: officewebapp.moh.gov.sa,none
officewebapp.rkhabra.gov.sa,Could not resolve host: officewebapp.rkhabra.gov.sa,none
officewebapps01.sidf.gov.sa,Recv failure: Connexion ré-initialisée par le correspondant,none
offline.modon.gov.sa,Could not resolve host: offline.modon.gov.sa,none
old.moe.gov.sa,Could not resolve host: old.moe.gov.sa,none
online.modon.gov.sa,SSL certificate problem: unable to get local issuer certificate,none
online.sama.gov.sa,Connection timed out after 3002 milliseconds,none
online.scta.gov.sa,Could not resolve host: online.scta.gov.sa,none
online.scth.gov.sa,Could not resolve host: online.scth.gov.sa,none
online2.scta.gov.sa,Could not resolve host: online2.scta.gov.sa,none
online2.scth.gov.sa,Could not resolve host: online2.scth.gov.sa,none
onlinecomplaints.sama.gov.sa,Resolving timed out after 3001 milliseconds,none
opcntr.mofa.gov.sa,Could not resolve host: opcntr.mofa.gov.sa,none
openid.moi.gov.sa,Could not resolve host: openid.moi.gov.sa,none
order.tech.gov.sa,Could not resolve host: order.tech.gov.sa,none
orders.alrassedu.gov.sa,Could not resolve host: orders.alrassedu.gov.sa,none
orders.buk.gov.sa,Could not resolve host: orders.buk.gov.sa,none
orders.shaqraedu.gov.sa,Could not resolve host: orders.shaqraedu.gov.sa,none
outlook.albaha.gov.sa,Could not resolve host: outlook.albaha.gov.sa,none
outlook.hrc.gov.sa,Could not resolve host: outlook.hrc.gov.sa,none
outlook.jeddah.gov.sa,Connection timed out after 3002 milliseconds,none
outlook.mcit.gov.sa,Could not resolve host: outlook.mcit.gov.sa,none
outlook.mofa.gov.sa,Could not resolve host: outlook.mofa.gov.sa,none
outlook.mopm.gov.sa,Could not resolve host: outlook.mopm.gov.sa,none
outlook.mydzit.gov.sa,Could not resolve host: outlook.mydzit.gov.sa,none
outlook.sct.gov.sa,Could not resolve host: outlook.sct.gov.sa,none
outlook.sfda.gov.sa,Could not resolve host: outlook.sfda.gov.sa,none
outlook2.fsf.gov.sa,Could not resolve host: outlook2.fsf.gov.sa,none
outlookdr.sct.gov.sa,Could not resolve host: outlookdr.sct.gov.sa,none
owa.amana-md.gov.sa,302,none
owa.cloud.moi.gov.sa,Connection timed out after 3002 milliseconds,none
owa.energy.gov.sa,Could not resolve host: owa.energy.gov.sa,none
owa.fg.gov.sa,Could not resolve host: owa.fg.gov.sa,none
owa.gaca.gov.sa,Could not resolve host: owa.gaca.gov.sa,none
owa.gcs.gov.sa,Could not resolve host: owa.gcs.gov.sa,none
owa.hafiz.gov.sa,Could not resolve host: owa.hafiz.gov.sa,none
owa.kacare.gov.sa,Could not resolve host: owa.kacare.gov.sa,none
owa.mep.gov.sa,Could not resolve host: owa.mep.gov.sa,none
owa.moci.gov.sa,Could not resolve host: owa.moci.gov.sa,none
owa.modon.gov.sa,Could not resolve host: owa.modon.gov.sa,none
owa.mofa.gov.sa,Could not resolve host: owa.mofa.gov.sa,none
owa.moimsd.gov.sa,Resolving timed out after 3000 milliseconds,none
owa.rcjy.gov.sa,Could not resolve host: owa.rcjy.gov.sa,none
owa.sama.gov.sa,Could not resolve host: owa.sama.gov.sa,none
oxygen.pension.gov.sa,Could not resolve host: oxygen.pension.gov.sa,none
p-hq-sp-ly-01.mohe.gov.sa,Could not resolve host: p-hq-sp-ly-01.mohe.gov.sa,none
p-hq-sp-ly-02.mohe.gov.sa,Could not resolve host: p-hq-sp-ly-02.mohe.gov.sa,none
partners.bfc.gov.sa,302,none
partners.idc.gov.sa,Connection timed out after 3002 milliseconds,none
partners.mot.gov.sa,Could not resolve host: partners.mot.gov.sa,none
pass.mohe.gov.sa,Could not resolve host: pass.mohe.gov.sa,none
pcp.scta.gov.sa,Could not resolve host: pcp.scta.gov.sa,none
pcp.scth.gov.sa,Could not resolve host: pcp.scth.gov.sa,none
peec.gov.sa,Could not resolve host: peec.gov.sa,none
pension.gov.sa,Could not resolve host: pension.gov.sa,none
pgd.gov.sa,Connection timed out after 3002 milliseconds,none
phc.gov.sa,Could not resolve host: phc.gov.sa,none
pis.iam.gov.sa,Connection timed out after 3002 milliseconds,none
planning.gov.sa,Could not resolve host: planning.gov.sa,none
pmc.mohj.gov.sa,Could not resolve host: pmc.mohj.gov.sa,none
pme.gov.sa,Could not resolve host: pme.gov.sa,none
pmo.sfd.gov.sa,Could not resolve host: pmo.sfd.gov.sa,none
pool01.ids.gov.sa,Could not resolve host: pool01.ids.gov.sa,none
pool1.mohe.gov.sa,Could not resolve host: pool1.mohe.gov.sa,none
pop.citc.gov.sa,Connection timed out after 3001 milliseconds,none
pop.gsfmo.gov.sa,Could not resolve host: pop.gsfmo.gov.sa,none
pop.makkah.gov.sa,Could not resolve host: pop.makkah.gov.sa,none
pop.mohe.gov.sa,Could not resolve host: pop.mohe.gov.sa,none
pop.mot.gov.sa,Could not resolve host: pop.mot.gov.sa,none
pop.scta.gov.sa,Could not resolve host: pop.scta.gov.sa,none
pop.scth.gov.sa,Could not resolve host: pop.scth.gov.sa,none
pop.srg.gov.sa,Could not resolve host: pop.srg.gov.sa,none
portal.ars.gov.sa,Could not resolve host: portal.ars.gov.sa,none
portal.gaca.gov.sa,Could not resolve host: portal.gaca.gov.sa,none
portal.gc.momra.gov.sa,Could not resolve host: portal.gc.momra.gov.sa,none
portal.khm.gov.sa,Could not resolve host: portal.khm.gov.sa,none
portal.mahdedu.gov.sa,Could not resolve host: portal.mahdedu.gov.sa,none
portal.mlsd.gov.sa,Could not resolve host: portal.mlsd.gov.sa,none
portal.modon.gov.sa,Could not resolve host: portal.modon.gov.sa,none
portal.mol.gov.sa,Could not resolve host: portal.mol.gov.sa,none
portal.mot.gov.sa,Could not resolve host: portal.mot.gov.sa,none
portal.rsaf.gov.sa,Could not resolve host: portal.rsaf.gov.sa,none
portaldev.mot.gov.sa,Could not resolve host: portaldev.mot.gov.sa,none
post.um.gov.sa,Could not resolve host: post.um.gov.sa,none
pp.arriyadhenv.gov.sa,Could not resolve host: pp.arriyadhenv.gov.sa,none
ppa.gov.sa,Could not resolve host: ppa.gov.sa,none
ppamail-cas.ppa.gov.sa,Could not resolve host: ppamail-cas.ppa.gov.sa,none
ppamail-cas1.ppa.gov.sa,Could not resolve host: ppamail-cas1.ppa.gov.sa,none
ppamail-cas2.ppa.gov.sa,Could not resolve host: ppamail-cas2.ppa.gov.sa,none
ppdn-a-exca-a01.moi.gov.sa,Could not resolve host: ppdn-a-exca-a01.moi.gov.sa,none
ppdn-a-exca-a02.moi.gov.sa,Could not resolve host: ppdn-a-exca-a02.moi.gov.sa,none
ppdn-a-exdg-c01.moi.gov.sa,Could not resolve host: ppdn-a-exdg-c01.moi.gov.sa,none
pressfile.scta.gov.sa,Could not resolve host: pressfile.scta.gov.sa,none
pressfile.scth.gov.sa,Could not resolve host: pressfile.scth.gov.sa,none
presso.eca.gov.sa,Could not resolve host: presso.eca.gov.sa,none
procurement.mot.gov.sa,Could not resolve host: procurement.mot.gov.sa,none
prodpool.sct.gov.sa,Could not resolve host: prodpool.sct.gov.sa,none
prodpool.scta.gov.sa,Could not resolve host: prodpool.scta.gov.sa,none
prodpool.scth.gov.sa,Could not resolve host: prodpool.scth.gov.sa,none
psbjh.gov.sa,Could not resolve host: psbjh.gov.sa,none
pst.spsc.gov.sa,Could not resolve host: pst.spsc.gov.sa,none
pts.gaca.gov.sa,Could not resolve host: pts.gaca.gov.sa,none
pv.gov.sa,Resolving timed out after 3000 milliseconds,none
pw.scth.gov.sa,Could not resolve host: pw.scth.gov.sa,none
qalwah.gov.sa,Could not resolve host: qalwah.gov.sa,none
qarar.ma3an.gov.sa,Could not resolve host: qarar.ma3an.gov.sa,none
qassim.gov.sa,SSL certificate problem: unable to get local issuer certificate,none
qassimedu.gov.sa,Could not resolve host: qassimedu.gov.sa,none
qawaem.mci.gov.sa,Could not resolve host: qawaem.mci.gov.sa,none
qawaemuat.mci.gov.sa,Could not resolve host: qawaemuat.mci.gov.sa,none
qe.gov.sa,Could not resolve host: qe.gov.sa,none
qge.gov.sa,Could not resolve host: qge.gov.sa,none
qh.gov.sa,Could not resolve host: qh.gov.sa,none
qkadmin.gov.sa,Could not resolve host: qkadmin.gov.sa,none
qortobhedu.gov.sa,Could not resolve host: qortobhedu.gov.sa,none
qtvtc.gov.sa,Could not resolve host: qtvtc.gov.sa,none
qudratak.yesser.gov.sa,Could not resolve host: qudratak.yesser.gov.sa,none
qweb.mowe.gov.sa,Could not resolve host: qweb.mowe.gov.sa,none
r-habbas.gov.sa,Could not resolve host: r-habbas.gov.sa,none
ra.momra.gov.sa,Could not resolve host: ra.momra.gov.sa,none
rabegh-municipality.gov.sa,Could not resolve host: rabegh-municipality.gov.sa,none
rabegh.gov.sa,Could not resolve host: rabegh.gov.sa,none
raccess.moa.gov.sa,Could not resolve host: raccess.moa.gov.sa,none
radioactive.sfda.gov.sa,Connection timed out after 3001 milliseconds,none
rafhaedu.gov.sa,Could not resolve host: rafhaedu.gov.sa,none
rai.gov.sa,Could not resolve host: rai.gov.sa,none
ranyahmc.gov.sa,Could not resolve host: ranyahmc.gov.sa,none
rasd.ma3an.gov.sa,Could not resolve host: rasd.ma3an.gov.sa,none
rasdcrm.mlsd.gov.sa,Could not resolve host: rasdcrm.mlsd.gov.sa,none
rasmc.gov.sa,Could not resolve host: rasmc.gov.sa,none
rawdahedu.gov.sa,Could not resolve host: rawdahedu.gov.sa,none
rb1-exc-02.sfda.gov.sa,Could not resolve host: rb1-exc-02.sfda.gov.sa,none
rb1-exc-06.sfda.gov.sa,Could not resolve host: rb1-exc-06.sfda.gov.sa,none
rb1-exc-07.sfda.gov.sa,Could not resolve host: rb1-exc-07.sfda.gov.sa,none
rb1-exc-11.sfda.gov.sa,Could not resolve host: rb1-exc-11.sfda.gov.sa,none
rb1-exc-12.sfda.gov.sa,Could not resolve host: rb1-exc-12.sfda.gov.sa,none
rb1-mcsipad-01.sfda.gov.sa,Could not resolve host: rb1-mcsipad-01.sfda.gov.sa,none
rcj.gov.sa,Could not resolve host: rcj.gov.sa,none
rcjairwatch1.rcjubail.gov.sa,Could not resolve host: rcjairwatch1.rcjubail.gov.sa,none
rcjowa.rcjubail.gov.sa,Could not resolve host: rcjowa.rcjubail.gov.sa,none
rcjy.gov.sa,301,10 mx1.rcjy.gov.sa.; 10 mx2.rcjy.gov.sa.
rcjy01ad02.rcjy.gov.sa,Could not resolve host: rcjy01ad02.rcjy.gov.sa,none
rcjy01mail1.rcjy.gov.sa,Could not resolve host: rcjy01mail1.rcjy.gov.sa,none
rcyanbu.gov.sa,Could not resolve host: rcyanbu.gov.sa,none
recc.mci.gov.sa,Could not resolve host: recc.mci.gov.sa,none
recc.mci.gov.sa.mci.gov.sa,Could not resolve host: recc.mci.gov.sa.mci.gov.sa,none
redf.gov.sa,Could not resolve host: redf.gov.sa,10 mail.redf.gov.sa.
reg.mhaedu.gov.sa,Could not resolve host: reg.mhaedu.gov.sa,none
rega.gov.sa,Connection timed out after 3002 milliseconds,none
register.ncdc.gov.sa,Could not resolve host: register.ncdc.gov.sa,none
remote.sfda.gov.sa,Connection timed out after 3002 milliseconds,none
reporting.mofa.gov.sa,Could not resolve host: reporting.mofa.gov.sa,none
res.moj.gov.sa,Resolving timed out after 3001 milliseconds,dig error
res2.moj.gov.sa,Resolving timed out after 3001 milliseconds,none
reselny.edueast.gov.sa,Could not resolve host: reselny.edueast.gov.sa,none
revproxy.mol.gov.sa,Could not resolve host: revproxy.mol.gov.sa,none
revproxy.scta.gov.sa,Could not resolve host: revproxy.scta.gov.sa,none
rgr.gov.sa,Could not resolve host: rgr.gov.sa,none
rgs.gov.sa,Could not resolve host: rgs.gov.sa,none
rhq00-cht00.scsb.gov.sa,Could not resolve host: rhq00-cht00.scsb.gov.sa,none
rhq00-cht01.scsb.gov.sa,Could not resolve host: rhq00-cht01.scsb.gov.sa,none
rhq00-cht02.scsb.gov.sa,Could not resolve host: rhq00-cht02.scsb.gov.sa,none
rights.jeddah.gov.sa,Could not resolve host: rights.jeddah.gov.sa,none
riyadah.gov.sa,Could not resolve host: riyadah.gov.sa,none
rms.mol.gov.sa,Could not resolve host: rms.mol.gov.sa,none
rms.sama.gov.sa,Could not resolve host: rms.sama.gov.sa,none
ror.mol.gov.sa,Could not resolve host: ror.mol.gov.sa,none
royalcourt.gov.sa,Could not resolve host: royalcourt.gov.sa,10 email01.nic.gov.sa.; 10 mx1.royalcourt.gov.sa.
royaldewan.gov.sa,Could not resolve host: royaldewan.gov.sa,none
royalprotocol.gov.sa,Could not resolve host: royalprotocol.gov.sa,none
rp.arriyadhenv.gov.sa,Could not resolve host: rp.arriyadhenv.gov.sa,none
rproxy.mol.gov.sa,Could not resolve host: rproxy.mol.gov.sa,none
rratlas.kacare.gov.sa,Could not resolve host: rratlas.kacare.gov.sa,none
rsadf.gov.sa,Could not resolve host: rsadf.gov.sa,none
rsaf.gov.sa,Connection timed out after 3002 milliseconds,none
rsd.mof.gov.sa,Could not resolve host: rsd.mof.gov.sa,none
rslf.gov.sa,Could not resolve host: rslf.gov.sa,none
rsnf.gov.sa,Could not resolve host: rsnf.gov.sa,none
ruex1.energy.gov.sa,Could not resolve host: ruex1.energy.gov.sa,none
ruex2.energy.gov.sa,Could not resolve host: ruex2.energy.gov.sa,none
ruex3.energy.gov.sa,Could not resolve host: ruex3.energy.gov.sa,none
ruh-exhcs-01.mofa.gov.sa,Could not resolve host: ruh-exhcs-01.mofa.gov.sa,none
ruh-exhcs-02.mofa.gov.sa,Could not resolve host: ruh-exhcs-02.mofa.gov.sa,none
ruh-exhcs-03.mofa.gov.sa,Could not resolve host: ruh-exhcs-03.mofa.gov.sa,none
ruh-hcs-01.mofa.gov.sa,Could not resolve host: ruh-hcs-01.mofa.gov.sa,none
ruh-hcs-02.mofa.gov.sa,Could not resolve host: ruh-hcs-02.mofa.gov.sa,none
ruh-hq-cas01.bog.gov.sa,Could not resolve host: ruh-hq-cas01.bog.gov.sa,none
ruh-hq-cas02.bog.gov.sa,Could not resolve host: ruh-hq-cas02.bog.gov.sa,none
ruh-hq-casdr.bog.gov.sa,Could not resolve host: ruh-hq-casdr.bog.gov.sa,none
ruhcashub1.moci.gov.sa,Could not resolve host: ruhcashub1.moci.gov.sa,none
ruhcashub2.moci.gov.sa,Could not resolve host: ruhcashub2.moci.gov.sa,none
ry1cuxwye1.mof.gov.sa,Connection timed out after 3002 milliseconds,none
rydhqex01.srg.gov.sa,Could not resolve host: rydhqex01.srg.gov.sa,none
rydmail.momra.gov.sa,Could not resolve host: rydmail.momra.gov.sa,none
ryhb5-pw-cas1.moe.gov.sa,Could not resolve host: ryhb5-pw-cas1.moe.gov.sa,none
ryhb5-pw-cas2.moe.gov.sa,Could not resolve host: ryhb5-pw-cas2.moe.gov.sa,none
ryhb5-pw-mbx1.moe.gov.sa,Could not resolve host: ryhb5-pw-mbx1.moe.gov.sa,none
ryhb5-pw-mbx2.moe.gov.sa,Could not resolve host: ryhb5-pw-mbx2.moe.gov.sa,none
s.crg.gov.sa,Could not resolve host: s.crg.gov.sa,none
saef.gov.sa,Could not resolve host: saef.gov.sa,none
safous.gov.sa,Could not resolve host: safous.gov.sa,none
sagia.gov.sa,Could not resolve host: sagia.gov.sa,none
sahl.mohj.gov.sa,Could not resolve host: sahl.mohj.gov.sa,none
sama.gov.sa,Recv failure: Connexion ré-initialisée par le correspondant,none
samahqhcs01.sama.gov.sa,Could not resolve host: samahqhcs01.sama.gov.sa,none
samahqhcs02.sama.gov.sa,Could not resolve host: samahqhcs02.sama.gov.sa,none
samanet.gov.sa,Could not resolve host: samanet.gov.sa,none
sang.gov.sa,Connection timed out after 3002 milliseconds,none
saso.gov.sa,302,5 mx1.saso.gov.sa.; 10 mx2.saso.gov.sa.
saudi.gov.sa,Could not resolve host: saudi.gov.sa,none
saudigym.gov.sa,Could not resolve host: saudigym.gov.sa,none
saudiskills.gov.sa,Could not resolve host: saudiskills.gov.sa,none
sauditourism.crm.scth.gov.sa,Could not resolve host: sauditourism.crm.scth.gov.sa,none
saudivision2030.gov.sa,Could not resolve host: saudivision2030.gov.sa,none
sba.gov.sa,Could not resolve host: sba.gov.sa,10 fmg.nourmail.com.sa.
sba.moa.gov.sa,Could not resolve host: sba.moa.gov.sa,none
sbc.gov.sa,302,20 mx3.deem.sa.; 40 mx4.deem.sa.
sbs.moe.gov.sa,302,none
sbsf.gov.sa,Could not resolve host: sbsf.gov.sa,none
scholarship.rcj.gov.sa,Could not resolve host: scholarship.rcj.gov.sa,none
scj.gov.sa,200,none
scsb.gov.sa,Could not resolve host: scsb.gov.sa,none
scta.gov.sa,Could not resolve host: scta.gov.sa,none
scth.gov.sa,Could not resolve host: scth.gov.sa,none
sd-eservice.mlsd.gov.sa,Could not resolve host: sd-eservice.mlsd.gov.sa,none
sd-eservices.mlsd.gov.sa,Could not resolve host: sd-eservices.mlsd.gov.sa,none
sd.eca.gov.sa,Could not resolve host: sd.eca.gov.sa,none
sd.mlsd.gov.sa,Could not resolve host: sd.mlsd.gov.sa,none
sdsf.gov.sa,Could not resolve host: sdsf.gov.sa,none
se.laithedu.gov.sa,Could not resolve host: se.laithedu.gov.sa,none
secure-web.mlsd.gov.sa,Could not resolve host: secure-web.mlsd.gov.sa,none
secure.gcs.gov.sa,Could not resolve host: secure.gcs.gov.sa,none
secure.mohe.gov.sa,Could not resolve host: secure.mohe.gov.sa,none
secure.scth.gov.sa,Could not resolve host: secure.scth.gov.sa,none
secure.yesser.gov.sa,Could not resolve host: secure.yesser.gov.sa,none
securemail.moci.gov.sa,Could not resolve host: securemail.moci.gov.sa,none
security-web.mlsd.gov.sa,Could not resolve host: security-web.mlsd.gov.sa,none
sedu.gov.sa,Could not resolve host: sedu.gov.sa,none
seec.gov.sa,Resolving timed out after 3000 milliseconds,none
seg.moj.gov.sa,Resolving timed out after 3000 milliseconds,none
self.mofa.gov.sa,Could not resolve host: self.mofa.gov.sa,none
selfservices.scth.gov.sa,Could not resolve host: selfservices.scth.gov.sa,none
ser.gov.sa,Could not resolve host: ser.gov.sa,none
serv.mol.gov.sa,Could not resolve host: serv.mol.gov.sa,none
server.yanbuedu.gov.sa,Could not resolve host: server.yanbuedu.gov.sa,none
server1.alrassedu.gov.sa,Could not resolve host: server1.alrassedu.gov.sa,none
service6.sama.gov.sa,Connection timed out after 3002 milliseconds,none
services.amana-md.gov.sa,302,none
services.intekhab.gov.sa,Could not resolve host: services.intekhab.gov.sa,none
services.mcs.gov.sa,Could not resolve host: services.mcs.gov.sa,none
services.mofa.gov.sa,Connection timed out after 3002 milliseconds,none
sfda.gov.sa,200,20 smtp3.sfda.gov.sa.; 10 smtp1.sfda.gov.sa.; 10 smtp2.sfda.gov.sa.
sfdmail.sfd.gov.sa,Could not resolve host: sfdmail.sfd.gov.sa,none
sftp.kacare.gov.sa,Could not resolve host: sftp.kacare.gov.sa,none
sg.gcs.gov.sa,Could not resolve host: sg.gcs.gov.sa,none
shaqraedu.gov.sa,Could not resolve host: shaqraedu.gov.sa,none
sharqiah.gov.sa,Connection timed out after 3002 milliseconds,10 emailgateway.sharqiah.gov.sa.
shmu.gov.sa,Could not resolve host: shmu.gov.sa,none
shortcut.jeddah.gov.sa,Could not resolve host: shortcut.jeddah.gov.sa,none
shura.gov.sa,301,none
sidf.gov.sa,SSL certificate problem: unable to get local issuer certificate,none
sip.alhasa.gov.sa,Connection timed out after 3001 milliseconds,none
sip.alriyadh.gov.sa,Could not resolve host: sip.alriyadh.gov.sa,none
sip.amana-md.gov.sa,Could not resolve host: sip.amana-md.gov.sa,none
sip.bog.gov.sa,Could not resolve host: sip.bog.gov.sa,none
sip.gaca.gov.sa,Could not resolve host: sip.gaca.gov.sa,none
sip.gcs.gov.sa,Could not resolve host: sip.gcs.gov.sa,none
sip.holymakkah.gov.sa,Could not resolve host: sip.holymakkah.gov.sa,none
sip.ids.gov.sa,Could not resolve host: sip.ids.gov.sa,none
sip.mep.gov.sa,Could not resolve host: sip.mep.gov.sa,none
sip.modon.gov.sa,Could not resolve host: sip.modon.gov.sa,none
sip.mof.gov.sa,Connection timed out after 3000 milliseconds,none
sip.moh.gov.sa,Could not resolve host: sip.moh.gov.sa,none
sip.mohe.gov.sa,Could not resolve host: sip.mohe.gov.sa,none
sip.moj.gov.sa,Resolving timed out after 3000 milliseconds,none
sip.mol.gov.sa,Could not resolve host: sip.mol.gov.sa,none
sip.mot.gov.sa,Could not resolve host: sip.mot.gov.sa,none
sip.pv.gov.sa,Resolving timed out after 3000 milliseconds,none
sip.redf.gov.sa,Connection timed out after 3001 milliseconds,none
sip.rkhabra.gov.sa,Could not resolve host: sip.rkhabra.gov.sa,none
sip.scta.gov.sa,Could not resolve host: sip.scta.gov.sa,none
sip.scth.gov.sa,Could not resolve host: sip.scth.gov.sa,none
sip.shura.gov.sa,Could not resolve host: sip.shura.gov.sa,none
sip.sidf.gov.sa,Could not resolve host: sip.sidf.gov.sa,none
sip.tvtc.gov.sa,Resolving timed out after 3000 milliseconds,none
site1.hmmc.gov.sa,Could not resolve host: site1.hmmc.gov.sa,none
sls.gov.sa,Could not resolve host: sls.gov.sa,none
smarttrasport.mot.gov.sa,Could not resolve host: smarttrasport.mot.gov.sa,none
smea.gov.sa,Could not resolve host: smea.gov.sa,none
smf.gov.sa,Could not resolve host: smf.gov.sa,none
sms.holymakkah.gov.sa,Could not resolve host: sms.holymakkah.gov.sa,none
sms.mot.gov.sa,Could not resolve host: sms.mot.gov.sa,none
smtp.cloud.moi.gov.sa,Could not resolve host: smtp.cloud.moi.gov.sa,none
smtp.gaca.gov.sa,Could not resolve host: smtp.gaca.gov.sa,none
smtp.mohe.gov.sa,Could not resolve host: smtp.mohe.gov.sa,none
smtp.mot.gov.sa,Could not resolve host: smtp.mot.gov.sa,none
smtp.scta.gov.sa,Could not resolve host: smtp.scta.gov.sa,none
smtp.scth.gov.sa,Could not resolve host: smtp.scth.gov.sa,none
sns1.mol.gov.sa,Could not resolve host: sns1.mol.gov.sa,none
sns2.mol.gov.sa,Could not resolve host: sns2.mol.gov.sa,none
snsg.mol.gov.sa,Could not resolve host: snsg.mol.gov.sa,none
soa.momra.gov.sa,Could not resolve host: soa.momra.gov.sa,none
soaexttest.mofa.gov.sa,Could not resolve host: soaexttest.mofa.gov.sa,none
sourceone.scta.gov.sa,Could not resolve host: sourceone.scta.gov.sa,none
spsc.gov.sa,SSL certificate problem: unable to get local issuer certificate,none
sqm.scta.gov.sa,Could not resolve host: sqm.scta.gov.sa,none
sqm.scth.gov.sa,Could not resolve host: sqm.scth.gov.sa,none
srg.gov.sa,Connection timed out after 3002 milliseconds,none
srs.sfda.gov.sa,Could not resolve host: srs.sfda.gov.sa,none
srv-001-exm.moimsd.gov.sa,Resolving timed out after 3000 milliseconds,none
srv-expem01.mowe.gov.sa,Could not resolve host: srv-expem01.mowe.gov.sa,none
srv-hub1.alhasa.gov.sa,Could not resolve host: srv-hub1.alhasa.gov.sa,none
srv-hub2.alhasa.gov.sa,Could not resolve host: srv-hub2.alhasa.gov.sa,none
srv-owa1301.alhasa.gov.sa,Could not resolve host: srv-owa1301.alhasa.gov.sa,none
srv-wbmsadmin.mowe.gov.sa,Could not resolve host: srv-wbmsadmin.mowe.gov.sa,none
srvcas1.mowe.gov.sa,Could not resolve host: srvcas1.mowe.gov.sa,none
srvcas2.mowe.gov.sa,Could not resolve host: srvcas2.mowe.gov.sa,none
ssa-at.gov.sa,Could not resolve host: ssa-at.gov.sa,none
ssa.gov.sa,301,none
sso.eca.gov.sa,Could not resolve host: sso.eca.gov.sa,none
sso.holymakkah.gov.sa,Could not resolve host: sso.holymakkah.gov.sa,none
sso.moa.gov.sa,Could not resolve host: sso.moa.gov.sa,none
sso.mol.gov.sa,Could not resolve host: sso.mol.gov.sa,none
sso.mot.gov.sa,Could not resolve host: sso.mot.gov.sa,none
sso.sfd.gov.sa,Could not resolve host: sso.sfd.gov.sa,none
ssoexttest.mofa.gov.sa,Could not resolve host: ssoexttest.mofa.gov.sa,none
stats.gov.sa,302,10 smtp1.stats.gov.sa.; 10 smtp2.stats.gov.sa.
status.mot.gov.sa,Could not resolve host: status.mot.gov.sa,none
sts.bfc.gov.sa,Could not resolve host: sts.bfc.gov.sa,none
sts.idc.gov.sa,Could not resolve host: sts.idc.gov.sa,none
sts.mlsd.gov.sa,Could not resolve host: sts.mlsd.gov.sa,none
sts.mol.gov.sa,Could not resolve host: sts.mol.gov.sa,none
sts.rcjy.gov.sa,Could not resolve host: sts.rcjy.gov.sa,none
sts.sama.gov.sa,404,none
studmeal.moe.gov.sa,Could not resolve host: studmeal.moe.gov.sa,none
sufayri.gov.sa,Could not resolve host: sufayri.gov.sa,none
supp.hafiz.gov.sa,Could not resolve host: supp.hafiz.gov.sa,none
suppliers-test.modon.gov.sa,Could not resolve host: suppliers-test.modon.gov.sa,none
suppliers.modon.gov.sa,Could not resolve host: suppliers.modon.gov.sa,none
support.hafiz.gov.sa,Could not resolve host: support.hafiz.gov.sa,none
support.musaned.gov.sa,Could not resolve host: support.musaned.gov.sa,none
support.ncdc.gov.sa,Could not resolve host: support.ncdc.gov.sa,none
support.tabukedu.gov.sa,Could not resolve host: support.tabukedu.gov.sa,none
support.yanbuedu.gov.sa,Could not resolve host: support.yanbuedu.gov.sa,none
survey.ncsc.gov.sa,Could not resolve host: survey.ncsc.gov.sa,none
swa.gov.sa,403,none
swaaid-jedu.gov.sa,Could not resolve host: swaaid-jedu.gov.sa,none
swcc.gov.sa,403,none
sync.seec.gov.sa,Resolving timed out after 3002 milliseconds,dig error
tabarjal.gov.sa,Could not resolve host: tabarjal.gov.sa,none
tabukedu.gov.sa,Could not resolve host: tabukedu.gov.sa,none
tabukm.gov.sa,Connection timed out after 3002 milliseconds,none
tadreeb.gov.sa,Could not resolve host: tadreeb.gov.sa,none
taifcity.gov.sa,SSL certificate problem: unable to get local issuer certificate,none
taifedu.gov.sa,Could not resolve host: taifedu.gov.sa,none
taifnashat.gov.sa,Could not resolve host: taifnashat.gov.sa,none
takaful.moe.gov.sa,Could not resolve host: takaful.moe.gov.sa,none
takaful.moe.gov.sa.moe.gov.sa,Could not resolve host: takaful.moe.gov.sa.moe.gov.sa,none
taktech.gov.sa,Could not resolve host: taktech.gov.sa,none
taleemsa.gov.sa,Could not resolve host: taleemsa.gov.sa,none
tameem.moj.gov.sa,Resolving timed out after 3001 milliseconds,none
tanbeeh.ma3an.gov.sa,Could not resolve host: tanbeeh.ma3an.gov.sa,none
tansiq.gc.momra.gov.sa,Could not resolve host: tansiq.gc.momra.gov.sa,none
tansiq.momra.gov.sa,Could not resolve host: tansiq.momra.gov.sa,none
taqa.gov.sa,Connection timed out after 3001 milliseconds,none
taqeem.gov.sa,200,none
taqyeem.ma3an.gov.sa,Could not resolve host: taqyeem.ma3an.gov.sa,none
tawasol.scta.gov.sa,Could not resolve host: tawasol.scta.gov.sa,none
tawasol.scth.gov.sa,Could not resolve host: tawasol.scth.gov.sa,none
tawasul.moe.gov.sa,200,none
tawtheq.moj.gov.sa,Resolving timed out after 3001 milliseconds,none
tc.gov.sa,Could not resolve host: tc.gov.sa,none
tch.gov.sa,Could not resolve host: tch.gov.sa,none
teachers.gov.sa,Could not resolve host: teachers.gov.sa,none
teachershasa.gov.sa,Could not resolve host: teachershasa.gov.sa,none
teams.mot.gov.sa,Could not resolve host: teams.mot.gov.sa,none
tech.gov.sa,Could not resolve host: tech.gov.sa,none
tenders.mot.gov.sa,Could not resolve host: tenders.mot.gov.sa,none
test.energy.gov.sa,Could not resolve host: test.energy.gov.sa,none
test.qh.gov.sa,Could not resolve host: test.qh.gov.sa,none
test.saudi.gov.sa,Could not resolve host: test.saudi.gov.sa,none
testapp2.scta.gov.sa,Could not resolve host: testapp2.scta.gov.sa,none
testapp2.scth.gov.sa,Could not resolve host: testapp2.scth.gov.sa,none
testapp3.scta.gov.sa,Could not resolve host: testapp3.scta.gov.sa,none
testapp3.scth.gov.sa,Could not resolve host: testapp3.scth.gov.sa,none
testapp4.scta.gov.sa,Could not resolve host: testapp4.scta.gov.sa,none
testapp4.scth.gov.sa,Could not resolve host: testapp4.scth.gov.sa,none
testtansiq.momra.gov.sa,Could not resolve host: testtansiq.momra.gov.sa,none
tge.gov.sa,Could not resolve host: tge.gov.sa,none
thadiq-mun.gov.sa,Could not resolve host: thadiq-mun.gov.sa,none
tm.mci.gov.sa,Could not resolve host: tm.mci.gov.sa,none
tm.mci.gov.sa.mci.gov.sa,Could not resolve host: tm.mci.gov.sa.mci.gov.sa,none
tmg.ids.gov.sa,Could not resolve host: tmg.ids.gov.sa,none
trasoul.yesser.gov.sa,Could not resolve host: trasoul.yesser.gov.sa,none
turaifedu.gov.sa,Could not resolve host: turaifedu.gov.sa,none
tvtc.gov.sa,SSL certificate problem: unable to get local issuer certificate,none
uag.gcs.gov.sa,Could not resolve host: uag.gcs.gov.sa,none
uc-expc.stats.gov.sa,Could not resolve host: uc-expc.stats.gov.sa,none
uc-expe.stats.gov.sa,Could not resolve host: uc-expe.stats.gov.sa,none
uc.gaca.gov.sa,Could not resolve host: uc.gaca.gov.sa,none
uc.holymakkah.gov.sa,Could not resolve host: uc.holymakkah.gov.sa,none
ult.amana-md.gov.sa,Could not resolve host: ult.amana-md.gov.sa,none
umljm.gov.sa,Could not resolve host: umljm.gov.sa,none
unaizahm.gov.sa,Could not resolve host: unaizahm.gov.sa,none
update.hmmc.gov.sa,Could not resolve host: update.hmmc.gov.sa,none
updates.scta.gov.sa,Could not resolve host: updates.scta.gov.sa,none
ushaiqer.gov.sa,Could not resolve host: ushaiqer.gov.sa,none
vgate.gsfmo.gov.sa,Could not resolve host: vgate.gsfmo.gov.sa,none
video3.mowe.gov.sa,Could not resolve host: video3.mowe.gov.sa,none
viewer.gc.momra.gov.sa,Could not resolve host: viewer.gc.momra.gov.sa,none
visa.mofa.gov.sa,200,none
vision2030.gov.sa,301,none
visithail.gov.sa,Could not resolve host: visithail.gov.sa,none
visits.sfda.gov.sa,Could not resolve host: visits.sfda.gov.sa,none
visitservice.cchi.gov.sa,Could not resolve host: visitservice.cchi.gov.sa,none
vls.mci.gov.sa,Could not resolve host: vls.mci.gov.sa,none
vmd.swcc.gov.sa,Could not resolve host: vmd.swcc.gov.sa,none
vpn.alriyadh.gov.sa,Connection timed out after 3002 milliseconds,none
vpn.amana-md.gov.sa,Connection timed out after 3002 milliseconds,none
vpn.bog.gov.sa,Connection timed out after 3001 milliseconds,none
vpn.gaca.gov.sa,Could not resolve host: vpn.gaca.gov.sa,none
vpn.gdp.gov.sa,Could not resolve host: vpn.gdp.gov.sa,none
vpn.mci.gov.sa,Could not resolve host: vpn.mci.gov.sa,none
vpn.mci.gov.sa.mci.gov.sa,Could not resolve host: vpn.mci.gov.sa.mci.gov.sa,none
vpn.mcit.gov.sa,Could not resolve host: vpn.mcit.gov.sa,none
vpn.modon.gov.sa,Resolving timed out after 3000 milliseconds,none
vpn.mol.gov.sa,Could not resolve host: vpn.mol.gov.sa,none
vpn.mot.gov.sa,Could not resolve host: vpn.mot.gov.sa,none
vpn.mwa.gov.sa,Could not resolve host: vpn.mwa.gov.sa,none
vpn.pgd.gov.sa,TLS connect error: error:0A000152:SSL routines::unsafe legacy renegotiation disabled,none
vpn.sama.gov.sa,Connection timed out after 3001 milliseconds,none
vpn.sang.gov.sa,Could not resolve host: vpn.sang.gov.sa,none
vpn.scta.gov.sa,Could not resolve host: vpn.scta.gov.sa,none
vpn.scth.gov.sa,Could not resolve host: vpn.scth.gov.sa,none
wac.mol.gov.sa,Could not resolve host: wac.mol.gov.sa,none
wac02.mol.gov.sa,Could not resolve host: wac02.mol.gov.sa,none
wac03.mol.gov.sa,Could not resolve host: wac03.mol.gov.sa,none
wapp.bog.gov.sa,Connection timed out after 3002 milliseconds,none
wapp.holymakkah.gov.sa,Could not resolve host: wapp.holymakkah.gov.sa,none
was.gov.sa,Could not resolve host: was.gov.sa,none
was.mep.gov.sa,Could not resolve host: was.mep.gov.sa,none
watheq.gov.sa,Could not resolve host: watheq.gov.sa,none
wbmsadmin.mowe.gov.sa,Could not resolve host: wbmsadmin.mowe.gov.sa,none
web-test.ncdc.gov.sa,Connection timed out after 3002 milliseconds,none
web.hafiz.gov.sa,Could not resolve host: web.hafiz.gov.sa,none
web.ncdc.gov.sa,Connection timed out after 3002 milliseconds,none
web.sfda.gov.sa,Could not resolve host: web.sfda.gov.sa,none
webaccess.moa.gov.sa,Could not resolve host: webaccess.moa.gov.sa,none
webapps.eamana.gov.sa,Could not resolve host: webapps.eamana.gov.sa,none
webauth.modon.gov.sa,Could not resolve host: webauth.modon.gov.sa,none
webcon.alriyadh.gov.sa,Could not resolve host: webcon.alriyadh.gov.sa,none
webcon.bog.gov.sa,Could not resolve host: webcon.bog.gov.sa,none
webcon.gaca.gov.sa,Could not resolve host: webcon.gaca.gov.sa,none
webcon.gcs.gov.sa,Could not resolve host: webcon.gcs.gov.sa,none
webcon.holymakkah.gov.sa,Could not resolve host: webcon.holymakkah.gov.sa,none
webcon.modon.gov.sa,Could not resolve host: webcon.modon.gov.sa,none
webcon.mof.gov.sa,Connection timed out after 3000 milliseconds,none
webcon.moh.gov.sa,Could not resolve host: webcon.moh.gov.sa,none
webcon.mol.gov.sa,Could not resolve host: webcon.mol.gov.sa,none
webcon.pv.gov.sa,Could not resolve host: webcon.pv.gov.sa,none
webcon.redf.gov.sa,Connection timed out after 3002 milliseconds,none
webcon.scta.gov.sa,Could not resolve host: webcon.scta.gov.sa,none
webcon02.mol.gov.sa,Could not resolve host: webcon02.mol.gov.sa,none
webcon03.mol.gov.sa,Could not resolve host: webcon03.mol.gov.sa,none
webconf.alhasa.gov.sa,Connection timed out after 3002 milliseconds,none
webconf.ids.gov.sa,Could not resolve host: webconf.ids.gov.sa,none
webconf.mep.gov.sa,Could not resolve host: webconf.mep.gov.sa,none
webconf.moj.gov.sa,Resolving timed out after 3000 milliseconds,none
webconf.mol.gov.sa,Could not resolve host: webconf.mol.gov.sa,none
webconf.mot.gov.sa,Could not resolve host: webconf.mot.gov.sa,none
webconf.rkhabra.gov.sa,Could not resolve host: webconf.rkhabra.gov.sa,none
webconf.scta.gov.sa,Could not resolve host: webconf.scta.gov.sa,none
webconf.scth.gov.sa,Could not resolve host: webconf.scth.gov.sa,none
webconf.shura.gov.sa,Connection timed out after 3002 milliseconds,none
webconf.sidf.gov.sa,Could not resolve host: webconf.sidf.gov.sa,none
webconf.tvtc.gov.sa,Could not resolve host: webconf.tvtc.gov.sa,none
webdisk.allaithged.gov.sa,Could not resolve host: webdisk.allaithged.gov.sa,none
webdisk.alrassedu.gov.sa,Could not resolve host: webdisk.alrassedu.gov.sa,none
webdisk.arar-mu.gov.sa,Could not resolve host: webdisk.arar-mu.gov.sa,none
webdisk.art.gov.sa,Could not resolve host: webdisk.art.gov.sa,none
webdisk.awqaf.gov.sa,Could not resolve host: webdisk.awqaf.gov.sa,none
webdisk.bahaeslah.gov.sa,Could not resolve host: webdisk.bahaeslah.gov.sa,none
webdisk.baladialula.gov.sa,Could not resolve host: webdisk.baladialula.gov.sa,none
webdisk.bc.gov.sa,Could not resolve host: webdisk.bc.gov.sa,none
webdisk.buk.gov.sa,Could not resolve host: webdisk.buk.gov.sa,none
webdisk.cst.gov.sa,Could not resolve host: webdisk.cst.gov.sa,none
webdisk.dgedu.gov.sa,Could not resolve host: webdisk.dgedu.gov.sa,none
webdisk.eduwd.gov.sa,Could not resolve host: webdisk.eduwd.gov.sa,none
webdisk.etsrg.gov.sa,Could not resolve host: webdisk.etsrg.gov.sa,none
webdisk.gca.gov.sa,Could not resolve host: webdisk.gca.gov.sa,none
webdisk.gce.gov.sa,Could not resolve host: webdisk.gce.gov.sa,none
webdisk.investinqassim.gov.sa,Could not resolve host: webdisk.investinqassim.gov.sa,none
webdisk.jep.gov.sa,Could not resolve host: webdisk.jep.gov.sa,none
webdisk.kkmh.gov.sa,Could not resolve host: webdisk.kkmh.gov.sa,none
webdisk.kskc.gov.sa,Could not resolve host: webdisk.kskc.gov.sa,none
webdisk.laithedu.gov.sa,Could not resolve host: webdisk.laithedu.gov.sa,none
webdisk.maisan.gov.sa,Could not resolve host: webdisk.maisan.gov.sa,none
webdisk.orders.buk.gov.sa,Could not resolve host: webdisk.orders.buk.gov.sa,none
webdisk.pst.spsc.gov.sa,Could not resolve host: webdisk.pst.spsc.gov.sa,none
webdisk.rabegh-municipality.gov.sa,Could not resolve host: webdisk.rabegh-municipality.gov.sa,none
webdisk.rabegh.gov.sa,Could not resolve host: webdisk.rabegh.gov.sa,none
webdisk.reselny.edueast.gov.sa,Could not resolve host: webdisk.reselny.edueast.gov.sa,none
webdisk.sbsf.gov.sa,Could not resolve host: webdisk.sbsf.gov.sa,none
webdisk.taleemsa.gov.sa,Could not resolve host: webdisk.taleemsa.gov.sa,none
webdisk.teachers.gov.sa,Could not resolve host: webdisk.teachers.gov.sa,none
webdisk.teachershasa.gov.sa,Could not resolve host: webdisk.teachershasa.gov.sa,none
webdisk.tech.gov.sa,Could not resolve host: webdisk.tech.gov.sa,none
webdisk.tge.gov.sa,Could not resolve host: webdisk.tge.gov.sa,none
webdisk.turaifedu.gov.sa,Could not resolve host: webdisk.turaifedu.gov.sa,none
webdisk.unaizahm.gov.sa,Could not resolve host: webdisk.unaizahm.gov.sa,none
webdisk.ushaiqer.gov.sa,Could not resolve host: webdisk.ushaiqer.gov.sa,none
webepm.eamana.gov.sa,Could not resolve host: webepm.eamana.gov.sa,none
webex.scsb.gov.sa,Could not resolve host: webex.scsb.gov.sa,none
webexadmin.scsb.gov.sa,Could not resolve host: webexadmin.scsb.gov.sa,none
webext.mohe.gov.sa,Could not resolve host: webext.mohe.gov.sa,none
webfax.modon.gov.sa,Failed to connect to webfax.modon.gov.sa port 443 after 200 ms: Could not connect to server,none
webgis.amana-md.gov.sa,Could not resolve host: webgis.amana-md.gov.sa,none
webmail.alhasa.gov.sa,302,none
webmail.allaithged.gov.sa,Could not resolve host: webmail.allaithged.gov.sa,none
webmail.alrassedu.gov.sa,Could not resolve host: webmail.alrassedu.gov.sa,none
webmail.alriyadh.gov.sa,Could not resolve host: webmail.alriyadh.gov.sa,none
webmail.art.gov.sa,Could not resolve host: webmail.art.gov.sa,none
webmail.awqaf.gov.sa,Could not resolve host: webmail.awqaf.gov.sa,none
webmail.bahaeslah.gov.sa,Could not resolve host: webmail.bahaeslah.gov.sa,none
webmail.baladialula.gov.sa,Could not resolve host: webmail.baladialula.gov.sa,none
webmail.bc.gov.sa,Could not resolve host: webmail.bc.gov.sa,none
webmail.bog.gov.sa,Connection timed out after 3002 milliseconds,none
webmail.buk.gov.sa,Could not resolve host: webmail.buk.gov.sa,none
webmail.cchi.gov.sa,302,none
webmail.cib.gov.sa,Could not resolve host: webmail.cib.gov.sa,none
webmail.citc.gov.sa,Connection timed out after 3002 milliseconds,none
webmail.cloud.moi.gov.sa,Connection timed out after 3002 milliseconds,none
webmail.cst.gov.sa,Connection timed out after 3002 milliseconds,none
webmail.dgedu.gov.sa,Could not resolve host: webmail.dgedu.gov.sa,none
webmail.ecra.gov.sa,Could not resolve host: webmail.ecra.gov.sa,none
webmail.eduwd.gov.sa,Could not resolve host: webmail.eduwd.gov.sa,none
webmail.etsrg.gov.sa,Could not resolve host: webmail.etsrg.gov.sa,none
webmail.gca.gov.sa,Could not resolve host: webmail.gca.gov.sa,none
webmail.gcam.gov.sa,Could not resolve host: webmail.gcam.gov.sa,none
webmail.gce.gov.sa,Could not resolve host: webmail.gce.gov.sa,none
webmail.hafiz.gov.sa,Could not resolve host: webmail.hafiz.gov.sa,none
webmail.hef.gov.sa,403,none
webmail.holymakkah.gov.sa,Operation timed out after 3002 milliseconds with 0 bytes received,none
webmail.interior.gov.sa,Connection timed out after 3002 milliseconds,none
webmail.investinqassim.gov.sa,Could not resolve host: webmail.investinqassim.gov.sa,none
webmail.jep.gov.sa,Could not resolve host: webmail.jep.gov.sa,none
webmail.kkmh.gov.sa,Could not resolve host: webmail.kkmh.gov.sa,none
webmail.kskc.gov.sa,Could not resolve host: webmail.kskc.gov.sa,none
webmail.laithedu.gov.sa,Could not resolve host: webmail.laithedu.gov.sa,none
webmail.maisan.gov.sa,Could not resolve host: webmail.maisan.gov.sa,none
webmail.makkah.gov.sa,Could not resolve host: webmail.makkah.gov.sa,none
webmail.mcit.gov.sa,Could not resolve host: webmail.mcit.gov.sa,none
webmail.mcs.gov.sa,Could not resolve host: webmail.mcs.gov.sa,none
webmail.moa.gov.sa,Could not resolve host: webmail.moa.gov.sa,none
webmail.moci.gov.sa,Could not resolve host: webmail.moci.gov.sa,none
webmail.moda.gov.sa,Could not resolve host: webmail.moda.gov.sa,none
webmail.modon.gov.sa,Resolving timed out after 3000 milliseconds,none
webmail.moe.gov.sa,302,none
webmail.mofa.gov.sa,Could not resolve host: webmail.mofa.gov.sa,none
webmail.moh.gov.sa,302,none
webmail.mol.gov.sa,Could not resolve host: webmail.mol.gov.sa,none
webmail.mot.gov.sa,Connection timed out after 3002 milliseconds,none
webmail.mowe.gov.sa,Could not resolve host: webmail.mowe.gov.sa,none
webmail.nic.gov.sa,Connection timed out after 3002 milliseconds,none
webmail.orders.buk.gov.sa,Could not resolve host: webmail.orders.buk.gov.sa,none
webmail.pst.spsc.gov.sa,Could not resolve host: webmail.pst.spsc.gov.sa,none
webmail.rabegh-municipality.gov.sa,Could not resolve host: webmail.rabegh-municipality.gov.sa,none
webmail.rabegh.gov.sa,Could not resolve host: webmail.rabegh.gov.sa,none
webmail.rcjy.gov.sa,Could not resolve host: webmail.rcjy.gov.sa,none
webmail.redf.gov.sa,Connection timed out after 3002 milliseconds,none
webmail.reselny.edueast.gov.sa,Could not resolve host: webmail.reselny.edueast.gov.sa,none
webmail.rsadf.gov.sa,Could not resolve host: webmail.rsadf.gov.sa,none
webmail.sama.gov.sa,Could not resolve host: webmail.sama.gov.sa,none
webmail.sbsf.gov.sa,Could not resolve host: webmail.sbsf.gov.sa,none
webmail.scsb.gov.sa,Could not resolve host: webmail.scsb.gov.sa,none
webmail.scta.gov.sa,Could not resolve host: webmail.scta.gov.sa,none
webmail.scth.gov.sa,Could not resolve host: webmail.scth.gov.sa,none
webmail.sdb.gov.sa,Connection timed out after 3002 milliseconds,none
webmail.sec.gov.sa,Could not resolve host: webmail.sec.gov.sa,none
webmail.sfda.gov.sa,Could not resolve host: webmail.sfda.gov.sa,none
webmail.sharqiah.gov.sa,Connection timed out after 3002 milliseconds,none
webmail.shura.gov.sa,Connection timed out after 3001 milliseconds,none
webmail.sidf.gov.sa,Recv failure: Connexion ré-initialisée par le correspondant,none
webmail.srg.gov.sa,Connection timed out after 3002 milliseconds,none
webmail.swcc.gov.sa,Could not resolve host: webmail.swcc.gov.sa,none
webmail.taleemsa.gov.sa,Could not resolve host: webmail.taleemsa.gov.sa,none
webmail.teachers.gov.sa,Could not resolve host: webmail.teachers.gov.sa,none
webmail.tech.gov.sa,Could not resolve host: webmail.tech.gov.sa,none
webmail.tel.moi.gov.sa,Connection timed out after 3001 milliseconds,none
webmail.tge.gov.sa,Could not resolve host: webmail.tge.gov.sa,none
webmail.turaifedu.gov.sa,Could not resolve host: webmail.turaifedu.gov.sa,none
webmail.unaizahm.gov.sa,Could not resolve host: webmail.unaizahm.gov.sa,none
webmail.ushaiqer.gov.sa,Could not resolve host: webmail.ushaiqer.gov.sa,none
webmail1.fsf.gov.sa,Could not resolve host: webmail1.fsf.gov.sa,none
webmail2.fsf.gov.sa,Could not resolve host: webmail2.fsf.gov.sa,none
webportal.mot.gov.sa,Could not resolve host: webportal.mot.gov.sa,none
webportalstat.mlsd.gov.sa,Could not resolve host: webportalstat.mlsd.gov.sa,none
webra.ncdc.gov.sa,Could not resolve host: webra.ncdc.gov.sa,none
webservice.gosionline.gov.sa,Could not resolve host: webservice.gosionline.gov.sa,none
webvpn.mcs.gov.sa,Could not resolve host: webvpn.mcs.gov.sa,none
webvpn.mot.gov.sa,Could not resolve host: webvpn.mot.gov.sa,none
whm.alrassedu.gov.sa,Could not resolve host: whm.alrassedu.gov.sa,none
whm.gcam.gov.sa,Could not resolve host: whm.gcam.gov.sa,none
whm.investinqassim.gov.sa,Could not resolve host: whm.investinqassim.gov.sa,none
wj.gaca.gov.sa,Could not resolve host: wj.gaca.gov.sa,none
workfolders.mot.gov.sa,Could not resolve host: workfolders.mot.gov.sa,none
workplace.fg.gov.sa,Connection timed out after 3002 milliseconds,none
wps.mol.gov.sa,Could not resolve host: wps.mol.gov.sa,none
ws.mofa.gov.sa,Could not resolve host: ws.mofa.gov.sa,none
wstst.mofa.gov.sa,Could not resolve host: wstst.mofa.gov.sa,none
www.access.mep.gov.sa,Could not resolve host: www.access.mep.gov.sa,none
www.access.mol.gov.sa,Could not resolve host: www.access.mol.gov.sa,none
www.access.tvtc.gov.sa,Resolving timed out after 3000 milliseconds,none
www.access02.mol.gov.sa,Could not resolve host: www.access02.mol.gov.sa,none
www.address.gov.sa,Connection timed out after 3002 milliseconds,none
www.adf.gov.sa,Connection timed out after 3001 milliseconds,none
www.ahwal.gov.sa,Could not resolve host: www.ahwal.gov.sa,none
www.alahsa-health.gov.sa,Could not resolve host: www.alahsa-health.gov.sa,none
www.albahaedu.gov.sa,Could not resolve host: www.albahaedu.gov.sa,none
www.albahainv.gov.sa,Could not resolve host: www.albahainv.gov.sa,none
www.albirkgedu.gov.sa,Could not resolve host: www.albirkgedu.gov.sa,none
www.albosor-m.gov.sa,Could not resolve host: www.albosor-m.gov.sa,none
www.aljouf.gov.sa,Could not resolve host: www.aljouf.gov.sa,none
www.aljoufedu.gov.sa,Could not resolve host: www.aljoufedu.gov.sa,none
www.alkhitah.gov.sa,Could not resolve host: www.alkhitah.gov.sa,none
www.allaithged.gov.sa,Could not resolve host: www.allaithged.gov.sa,none
www.almuzahmiyyaedu.gov.sa,Could not resolve host: www.almuzahmiyyaedu.gov.sa,none
www.alqasabcc.gov.sa,Could not resolve host: www.alqasabcc.gov.sa,none
www.alquran.gov.sa,Could not resolve host: www.alquran.gov.sa,none
www.alrassedu.gov.sa,Could not resolve host: www.alrassedu.gov.sa,none
www.alrassge.gov.sa,Could not resolve host: www.alrassge.gov.sa,none
www.anas3.albirkgedu.gov.sa,Could not resolve host: www.anas3.albirkgedu.gov.sa,none
www.app.mhaedu.gov.sa,Could not resolve host: www.app.mhaedu.gov.sa,none
www.app.nic.gov.sa,Could not resolve host: www.app.nic.gov.sa,none
www.app.tvtc.gov.sa,Resolving timed out after 3000 milliseconds,none
www.apppnr-portal.moi.gov.sa,Could not resolve host: www.apppnr-portal.moi.gov.sa,none
www.aqargroup.msi.gov.sa,Could not resolve host: www.aqargroup.msi.gov.sa,none
www.arar-mu.gov.sa,Failed to connect to www.arar-mu.gov.sa port 443 after 2670 ms: Could not connect to server,none
www.arriyadhenv.gov.sa,TLS connect error: error:0A000438:SSL routines::tlsv1 alert internal error,none
www.art.gov.sa,Could not resolve host: www.art.gov.sa,none
www.aseer.gov.sa,Connection timed out after 3001 milliseconds,none
www.aseerhealth.gov.sa,Could not resolve host: www.aseerhealth.gov.sa,none
www.ata-hail.gov.sa,Could not resolve host: www.ata-hail.gov.sa,none
www.awqaf.gov.sa,Could not resolve host: www.awqaf.gov.sa,10 awqaf-gov-sa.mail.protection.outlook.com.
www.bahaedu.gov.sa,Could not resolve host: www.bahaedu.gov.sa,none
www.bahaeslah.gov.sa,Could not resolve host: www.bahaeslah.gov.sa,none
www.baladialula.gov.sa,Could not resolve host: www.baladialula.gov.sa,none
www.balgree.gov.sa,Could not resolve host: www.balgree.gov.sa,none
www.baqaahealth.gov.sa,Could not resolve host: www.baqaahealth.gov.sa,none
www.bc.gov.sa,Could not resolve host: www.bc.gov.sa,none
www.bip.gov.sa,Could not resolve host: www.bip.gov.sa,none
www.boe.gov.sa,Connection timed out after 3001 milliseconds,none
www.bog.gov.sa,Connection timed out after 3002 milliseconds,none
www.bpm.mot.gov.sa,Could not resolve host: www.bpm.mot.gov.sa,none
www.buk.gov.sa,Could not resolve host: www.buk.gov.sa,none
www.bvsci.albirkgedu.gov.sa,Could not resolve host: www.bvsci.albirkgedu.gov.sa,none
www.c4i.gov.sa,Could not resolve host: www.c4i.gov.sa,none
www.cbahi.gov.sa,Could not resolve host: www.cbahi.gov.sa,none
www.citc.gov.sa,301,none
www.citrix.royalprotocol.gov.sa,Could not resolve host: www.citrix.royalprotocol.gov.sa,none
www.citrix.scsb.gov.sa,Could not resolve host: www.citrix.scsb.gov.sa,none
www.cloud.mabqaiq.gov.sa,Could not resolve host: www.cloud.mabqaiq.gov.sa,none
www.cmr.gov.sa,Could not resolve host: www.cmr.gov.sa,none
www.cs.amana-md.gov.sa,Could not resolve host: www.cs.amana-md.gov.sa,none
www.cst.gov.sa,200,none
www.dgedu.gov.sa,Could not resolve host: www.dgedu.gov.sa,none
www.dharyah.gov.sa,Could not resolve host: www.dharyah.gov.sa,none
www.docs.mhaedu.gov.sa,Could not resolve host: www.docs.mhaedu.gov.sa,none
www.dppedu.gov.sa,Could not resolve host: www.dppedu.gov.sa,none
www.dubam.gov.sa,Could not resolve host: www.dubam.gov.sa,none
www.dulani.gov.sa,Connection timed out after 3000 milliseconds,none
www.dzit.gov.sa,Could not resolve host: www.dzit.gov.sa,none
www.e-learning.swcc.gov.sa,Could not resolve host: www.e-learning.swcc.gov.sa,none
www.e-rcr.rcjy.gov.sa,Could not resolve host: www.e-rcr.rcjy.gov.sa,none
www.e-stage.jdph.gov.sa,Could not resolve host: www.e-stage.jdph.gov.sa,none
www.e.jdph.gov.sa,Could not resolve host: www.e.jdph.gov.sa,none
www.eamana.gov.sa,Connection timed out after 3002 milliseconds,none
www.easternemara.gov.sa,Could not resolve host: www.easternemara.gov.sa,none
www.edueast.gov.sa,Could not resolve host: www.edueast.gov.sa,none
www.eduwd.gov.sa,Could not resolve host: www.eduwd.gov.sa,none
www.eec.gov.sa,Could not resolve host: www.eec.gov.sa,none
www.el.laithedu.gov.sa,Could not resolve host: www.el.laithedu.gov.sa,none
www.employee.sama.gov.sa,Could not resolve host: www.employee.sama.gov.sa,none
www.emr-jou-ex-01.jouf.gov.sa,Could not resolve host: www.emr-jou-ex-01.jouf.gov.sa,none
www.enote.gov.sa,Could not resolve host: www.enote.gov.sa,none
www.eog.gov.sa,Could not resolve host: www.eog.gov.sa,none
www.epassport.gov.sa,Connection timed out after 3002 milliseconds,none
www.ershad.mhaedu.gov.sa,Could not resolve host: www.ershad.mhaedu.gov.sa,none
www.ershadsabia.gc.gov.sa,Could not resolve host: www.ershadsabia.gc.gov.sa,none
www.eservices.bip.gov.sa,Could not resolve host: www.eservices.bip.gov.sa,none
www.eservices.redf.gov.sa,Could not resolve host: www.eservices.redf.gov.sa,none
www.etransformation.gov.sa,Could not resolve host: www.etransformation.gov.sa,none
www.etsrg.gov.sa,Could not resolve host: www.etsrg.gov.sa,none
www.exam.moe.gov.sa,Could not resolve host: www.exam.moe.gov.sa,none
www.exchange.jaz.gov.sa,Could not resolve host: www.exchange.jaz.gov.sa,none
www.external.mol.gov.sa,Could not resolve host: www.external.mol.gov.sa,none
www.external02.mol.gov.sa,Could not resolve host: www.external02.mol.gov.sa,none
www.fetan.laithedu.gov.sa,Could not resolve host: www.fetan.laithedu.gov.sa,none
www.fg.gov.sa,Connection timed out after 3002 milliseconds,none
www.gab.gov.sa,Could not resolve host: www.gab.gov.sa,none
www.gate.shaqraedu.gov.sa,Could not resolve host: www.gate.shaqraedu.gov.sa,none
www.gca.gov.sa,302,none
www.gcam.gov.sa,Could not resolve host: www.gcam.gov.sa,none
www.gce.gov.sa,Could not resolve host: www.gce.gov.sa,none
www.gip.gov.sa,Could not resolve host: www.gip.gov.sa,none
www.gis.ars.gov.sa,Could not resolve host: www.gis.ars.gov.sa,none
www.gosi.gov.sa,200,none
www.gosionline.gov.sa,Could not resolve host: www.gosionline.gov.sa,none
www.gpyw.gov.sa,Connection timed out after 3002 milliseconds,none
www.gsfmo.gov.sa,Could not resolve host: www.gsfmo.gov.sa,none
www.haddadedu.gov.sa,Could not resolve host: www.haddadedu.gov.sa,none
www.hafiz.gov.sa,Could not resolve host: www.hafiz.gov.sa,none
www.hawiyati.gov.sa,Could not resolve host: www.hawiyati.gov.sa,none
www.hbthedu.gov.sa,Could not resolve host: www.hbthedu.gov.sa,none
www.hdsmap.gov.sa,Could not resolve host: www.hdsmap.gov.sa,none
www.hef.gov.sa,301,none
www.hida.gov.sa,Could not resolve host: www.hida.gov.sa,none
www.hmm.gov.sa,200,10 mail1.hmm.gov.sa.; 11 mailgw.hmm.gov.sa.; 10 mail.hmm.gov.sa.
www.hmmc.gov.sa,Could not resolve host: www.hmmc.gov.sa,none
www.hms.amana-md.gov.sa,Could not resolve host: www.hms.amana-md.gov.sa,none
www.holymakkah.gov.sa,308,none
www.home.qassimedu.gov.sa,Could not resolve host: www.home.qassimedu.gov.sa,none
www.host.ccbishaedu.gov.sa,Could not resolve host: www.host.ccbishaedu.gov.sa,none
www.hu.msi.gov.sa,Could not resolve host: www.hu.msi.gov.sa,none
www.iam.gov.sa,Could not resolve host: www.iam.gov.sa,none
www.icsc.gov.sa,Could not resolve host: www.icsc.gov.sa,none
www.ilink.scsb.gov.sa,Could not resolve host: www.ilink.scsb.gov.sa,none
www.im.mol.gov.sa,Could not resolve host: www.im.mol.gov.sa,none
www.investinqassim.gov.sa,Could not resolve host: www.investinqassim.gov.sa,none
www.islah.gov.sa,Could not resolve host: www.islah.gov.sa,none
www.j-psy-moh.gov.sa,Could not resolve host: www.j-psy-moh.gov.sa,none
www.jazanh.gov.sa,Could not resolve host: www.jazanh.gov.sa,none
www.jazanpsych.gov.sa,Could not resolve host: www.jazanpsych.gov.sa,none
www.jdf.gov.sa,Could not resolve host: www.jdf.gov.sa,none
www.jdph.gov.sa,Could not resolve host: www.jdph.gov.sa,none
www.jedutr.gov.sa,Could not resolve host: www.jedutr.gov.sa,none
www.jep.gov.sa,Could not resolve host: www.jep.gov.sa,none
www.jodah.qassimedu.gov.sa,Could not resolve host: www.jodah.qassimedu.gov.sa,none
www.kfhh.gov.sa,Could not resolve host: www.kfhh.gov.sa,none
www.kfmcom.gov.sa,Could not resolve host: www.kfmcom.gov.sa,none
www.kfnl.gov.sa,Could not resolve host: www.kfnl.gov.sa,none
www.khulaisedu.gov.sa,Could not resolve host: www.khulaisedu.gov.sa,none
www.kkmcom.gov.sa,Could not resolve host: www.kkmcom.gov.sa,none
www.kkmh.gov.sa,Could not resolve host: www.kkmh.gov.sa,none
www.kmc.gov.sa,Could not resolve host: www.kmc.gov.sa,none
www.kskc.gov.sa,Could not resolve host: www.kskc.gov.sa,none
www.laboreducation.gov.sa,Could not resolve host: www.laboreducation.gov.sa,none
www.laithedu.gov.sa,Could not resolve host: www.laithedu.gov.sa,none
www.ma3an.gov.sa,Could not resolve host: www.ma3an.gov.sa,none
www.maak.saudi.gov.sa,Could not resolve host: www.maak.saudi.gov.sa,none
www.mabqaiq.gov.sa,Could not resolve host: www.mabqaiq.gov.sa,none
www.madinaedu.gov.sa,Could not resolve host: www.madinaedu.gov.sa,none
www.mail.998.gov.sa,Could not resolve host: www.mail.998.gov.sa,none
www.mail.adf.gov.sa,Could not resolve host: www.mail.adf.gov.sa,none
www.mail.amanataljouf.gov.sa,Could not resolve host: www.mail.amanataljouf.gov.sa,none
www.mail.ars.gov.sa,Could not resolve host: www.mail.ars.gov.sa,none
www.mail.bip.gov.sa,Could not resolve host: www.mail.bip.gov.sa,none
www.mail.cppa.gov.sa,Could not resolve host: www.mail.cppa.gov.sa,none
www.mail.dmmr.gov.sa,Could not resolve host: www.mail.dmmr.gov.sa,none
www.mail.e-najran.gov.sa,Could not resolve host: www.mail.e-najran.gov.sa,none
www.mail.emartaseer.gov.sa,Could not resolve host: www.mail.emartaseer.gov.sa,none
www.mail.gph.gov.sa,Could not resolve host: www.mail.gph.gov.sa,none
www.mail.makkah.gov.sa,Could not resolve host: www.mail.makkah.gov.sa,none
www.mail.mda.gov.sa,Could not resolve host: www.mail.mda.gov.sa,none
www.mail.mep.gov.sa,Could not resolve host: www.mail.mep.gov.sa,none
www.mail.mwa.gov.sa,Could not resolve host: www.mail.mwa.gov.sa,none
www.mail.nccam.gov.sa,Could not resolve host: www.mail.nccam.gov.sa,none
www.mail.ncda.gov.sa,Could not resolve host: www.mail.ncda.gov.sa,none
www.mail.royaldewan.gov.sa,Could not resolve host: www.mail.royaldewan.gov.sa,none
www.mail.royalprotocol.gov.sa,Could not resolve host: www.mail.royalprotocol.gov.sa,none
www.mail.scj.gov.sa,Could not resolve host: www.mail.scj.gov.sa,none
www.mail.scot.gov.sa,Could not resolve host: www.mail.scot.gov.sa,none
www.maisan.gov.sa,Could not resolve host: www.maisan.gov.sa,none
www.majedu.gov.sa,Could not resolve host: www.majedu.gov.sa,none
www.makhwahedu.gov.sa,Could not resolve host: www.makhwahedu.gov.sa,none
www.makkah.gov.sa,Connection timed out after 3001 milliseconds,10 mx2.deem.sa.; 40 mx4.deem.sa.; 10 mx1.deem.sa.; 30 mx3.deem.sa.
www.map.namasedu.gov.sa,Could not resolve host: www.map.namasedu.gov.sa,none
www.mc.gov.sa,301,none
www.mdm.mot.gov.sa,Could not resolve host: www.mdm.mot.gov.sa,none
www.meet.qtvtc.gov.sa,Could not resolve host: www.meet.qtvtc.gov.sa,none
www.methnbedu.gov.sa,Could not resolve host: www.methnbedu.gov.sa,none
www.mhaedu.gov.sa,Could not resolve host: www.mhaedu.gov.sa,none
www.mlsd.gov.sa,Could not resolve host: www.mlsd.gov.sa,none
www.mmc.gov.sa,Could not resolve host: www.mmc.gov.sa,none
www.moda.gov.sa,Could not resolve host: www.moda.gov.sa,none
www.modon.gov.sa,Could not resolve host: www.modon.gov.sa,none
www.moe.gov.sa,302,none
www.mofa.gov.sa,302,none
www.mohe.gov.sa,Could not resolve host: www.mohe.gov.sa,none
www.mohj.gov.sa,Could not resolve host: www.mohj.gov.sa,none
www.moi.gov.sa,Resolving timed out after 3002 milliseconds,none
www.moj.gov.sa,Connection timed out after 3001 milliseconds,none
www.mol.gov.sa,Could not resolve host: www.mol.gov.sa,none
www.mosa-d-web.mosa-d.gov.sa,Could not resolve host: www.mosa-d-web.mosa-d.gov.sa,none
www.mosa-d.gov.sa,Could not resolve host: www.mosa-d.gov.sa,none
www.mosa.gov.sa,Could not resolve host: www.mosa.gov.sa,none
www.mot.gov.sa,301,none
www.mowaih.gov.sa,Could not resolve host: www.mowaih.gov.sa,none
www.msi.gov.sa,Could not resolve host: www.msi.gov.sa,none
www.mtc.gov.sa,Could not resolve host: www.mtc.gov.sa,none
www.mulhi.msi.gov.sa,Could not resolve host: www.mulhi.msi.gov.sa,none
www.musaned.gov.sa,Could not resolve host: www.musaned.gov.sa,none
www.my.ecra.gov.sa,Could not resolve host: www.my.ecra.gov.sa,none
www.myid.gov.sa,Could not resolve host: www.myid.gov.sa,10 mx1.saudi.net.sa.; 20 mx2.saudi.net.sa.
www.namasedu.gov.sa,Could not resolve host: www.namasedu.gov.sa,none
www.nazaha.gov.sa,Connection timed out after 3001 milliseconds,none
www.ncc.gov.sa,Connection timed out after 3002 milliseconds,none
www.ncdc.gov.sa,Could not resolve host: www.ncdc.gov.sa,none
www.nclom.gov.sa,Could not resolve host: www.nclom.gov.sa,none
www.ncsc.gov.sa,Could not resolve host: www.ncsc.gov.sa,none
www.new2017.eec.gov.sa,Could not resolve host: www.new2017.eec.gov.sa,none
www.nezame.mohj.gov.sa,Could not resolve host: www.nezame.mohj.gov.sa,none
www.nightschool.laithedu.gov.sa,Could not resolve host: www.nightschool.laithedu.gov.sa,none
www.nis.gov.sa,Could not resolve host: www.nis.gov.sa,none
www.northedu.gov.sa,Resolving timed out after 3001 milliseconds,none
www.nre.gov.sa,Could not resolve host: www.nre.gov.sa,none
www.order.tech.gov.sa,Could not resolve host: www.order.tech.gov.sa,none
www.orders.buk.gov.sa,Could not resolve host: www.orders.buk.gov.sa,none
www.outlook.hrc.gov.sa,Could not resolve host: www.outlook.hrc.gov.sa,none
www.pension.gov.sa,Connection timed out after 3001 milliseconds,none
www.pgd.gov.sa,Connection timed out after 3002 milliseconds,none
www.phc.gov.sa,Could not resolve host: www.phc.gov.sa,none
www.pia.iam.gov.sa,Could not resolve host: www.pia.iam.gov.sa,none
www.post.um.gov.sa,Could not resolve host: www.post.um.gov.sa,none
www.psbjh.gov.sa,Could not resolve host: www.psbjh.gov.sa,none
www.pst.spsc.gov.sa,Could not resolve host: www.pst.spsc.gov.sa,none
www.qalwah.gov.sa,Could not resolve host: www.qalwah.gov.sa,none
www.qassim.gov.sa,SSL certificate problem: unable to get local issuer certificate,none
www.qassimedu.gov.sa,Could not resolve host: www.qassimedu.gov.sa,none
www.qe.gov.sa,Could not resolve host: www.qe.gov.sa,none
www.qge.gov.sa,Could not resolve host: www.qge.gov.sa,none
www.qh.gov.sa,Could not resolve host: www.qh.gov.sa,none
www.qkadmin.gov.sa,Could not resolve host: www.qkadmin.gov.sa,none
www.qortobhedu.gov.sa,Could not resolve host: www.qortobhedu.gov.sa,none
www.qtvtc.gov.sa,Could not resolve host: www.qtvtc.gov.sa,none
www.qudratak.yesser.gov.sa,Could not resolve host: www.qudratak.yesser.gov.sa,none
www.r-habbas.gov.sa,Could not resolve host: www.r-habbas.gov.sa,none
www.rabegh-municipality.gov.sa,Could not resolve host: www.rabegh-municipality.gov.sa,none
www.rabegh.gov.sa,Could not resolve host: www.rabegh.gov.sa,none
www.rafhaedu.gov.sa,Could not resolve host: www.rafhaedu.gov.sa,none
www.rai.gov.sa,Could not resolve host: www.rai.gov.sa,none
www.ranyahmc.gov.sa,Could not resolve host: www.ranyahmc.gov.sa,none
www.rasmc.gov.sa,Could not resolve host: www.rasmc.gov.sa,none
www.rawdahedu.gov.sa,Could not resolve host: www.rawdahedu.gov.sa,none
www.rcj.gov.sa,Could not resolve host: www.rcj.gov.sa,none
www.rcjowa.rcjubail.gov.sa,Could not resolve host: www.rcjowa.rcjubail.gov.sa,none
www.rcjy.gov.sa,200,none
www.redf.gov.sa,Could not resolve host: www.redf.gov.sa,none
www.reg.mhaedu.gov.sa,Could not resolve host: www.reg.mhaedu.gov.sa,none
www.reselny.edueast.gov.sa,Could not resolve host: www.reselny.edueast.gov.sa,none
www.revproxy.mol.gov.sa,Could not resolve host: www.revproxy.mol.gov.sa,none
www.rgr.gov.sa,Could not resolve host: www.rgr.gov.sa,none
www.rms.sama.gov.sa,Could not resolve host: www.rms.sama.gov.sa,none
www.royaldewan.gov.sa,Could not resolve host: www.royaldewan.gov.sa,none
www.royalprotocol.gov.sa,Could not resolve host: www.royalprotocol.gov.sa,none
www.rproxy.mol.gov.sa,Could not resolve host: www.rproxy.mol.gov.sa,none
www.s.crg.gov.sa,Could not resolve host: www.s.crg.gov.sa,none
www.sagia.gov.sa,Could not resolve host: www.sagia.gov.sa,10 mx2.misa.gov.sa.; 5 mx1.misa.gov.sa.
www.sahl.mohj.gov.sa,Could not resolve host: www.sahl.mohj.gov.sa,none
www.samanet.gov.sa,Could not resolve host: www.samanet.gov.sa,none
www.saudi.gov.sa,Could not resolve host: www.saudi.gov.sa,none
www.saudigym.gov.sa,Could not resolve host: www.saudigym.gov.sa,none
www.sba.gov.sa,SSL: no alternative certificate subject name matches target hostname 'www.sba.gov.sa',none
www.sbc.gov.sa,Connection timed out after 3002 milliseconds,none
www.sbsf.gov.sa,Could not resolve host: www.sbsf.gov.sa,none
www.sdsf.gov.sa,Could not resolve host: www.sdsf.gov.sa,none
www.se.laithedu.gov.sa,Could not resolve host: www.se.laithedu.gov.sa,none
www.securemail.moci.gov.sa,Could not resolve host: www.securemail.moci.gov.sa,none
www.sedu.gov.sa,Could not resolve host: www.sedu.gov.sa,none
www.seec.gov.sa,301,none
www.ser.gov.sa,Could not resolve host: www.ser.gov.sa,none
www.server.yanbuedu.gov.sa,Could not resolve host: www.server.yanbuedu.gov.sa,none
www.server1.alrassedu.gov.sa,Could not resolve host: www.server1.alrassedu.gov.sa,none
www.sfd.gov.sa,Connection timed out after 3002 milliseconds,none
www.sfda.gov.sa,200,none
www.sharqiah.gov.sa,Could not resolve host: www.sharqiah.gov.sa,none
www.sip.alhasa.gov.sa,Could not resolve host: www.sip.alhasa.gov.sa,none
www.sip.ids.gov.sa,Could not resolve host: www.sip.ids.gov.sa,none
www.sip.mof.gov.sa,Could not resolve host: www.sip.mof.gov.sa,none
www.sip.pv.gov.sa,Could not resolve host: www.sip.pv.gov.sa,none
www.sip.rkhabra.gov.sa,Could not resolve host: www.sip.rkhabra.gov.sa,none
www.sip.shura.gov.sa,Could not resolve host: www.sip.shura.gov.sa,none
www.sip.tvtc.gov.sa,Resolving timed out after 3000 milliseconds,none
www.site1.hmmc.gov.sa,Could not resolve host: www.site1.hmmc.gov.sa,none
www.sls.gov.sa,Could not resolve host: www.sls.gov.sa,none
www.spsc.gov.sa,Could not resolve host: www.spsc.gov.sa,none
www.srg.gov.sa,Connection timed out after 3001 milliseconds,none
www.ssa-at.gov.sa,Could not resolve host: www.ssa-at.gov.sa,none
www.ssa.gov.sa,Could not resolve host: www.ssa.gov.sa,none
www.sufayri.gov.sa,Could not resolve host: www.sufayri.gov.sa,none
www.support.yanbuedu.gov.sa,Could not resolve host: www.support.yanbuedu.gov.sa,none
www.swa.gov.sa,403,none
www.swaaid-jedu.gov.sa,Could not resolve host: www.swaaid-jedu.gov.sa,none
www.tabarjal.gov.sa,Could not resolve host: www.tabarjal.gov.sa,none
www.tadreeb.gov.sa,Could not resolve host: www.tadreeb.gov.sa,none
www.taifcity.gov.sa,SSL certificate problem: unable to get local issuer certificate,10 mail1.taifcity.gov.sa.; 20 mail2.taifcity.gov.sa.
www.taifedu.gov.sa,Could not resolve host: www.taifedu.gov.sa,none
www.taifnashat.gov.sa,Could not resolve host: www.taifnashat.gov.sa,none
www.taleemsa.gov.sa,Could not resolve host: www.taleemsa.gov.sa,none
www.tc.gov.sa,Could not resolve host: www.tc.gov.sa,none
www.tch.gov.sa,Could not resolve host: www.tch.gov.sa,none
www.teachers.gov.sa,Could not resolve host: www.teachers.gov.sa,none
www.teachershasa.gov.sa,Could not resolve host: www.teachershasa.gov.sa,none
www.tech.gov.sa,Could not resolve host: www.tech.gov.sa,none
www.tge.gov.sa,Could not resolve host: www.tge.gov.sa,none
www.thadiq-mun.gov.sa,Could not resolve host: www.thadiq-mun.gov.sa,none
www.trasoul.yesser.gov.sa,Could not resolve host: www.trasoul.yesser.gov.sa,none
www.turaifedu.gov.sa,Could not resolve host: www.turaifedu.gov.sa,none
www.ult.amana-md.gov.sa,Could not resolve host: www.ult.amana-md.gov.sa,none
www.um.gov.sa,Could not resolve host: www.um.gov.sa,none
www.umljm.gov.sa,Could not resolve host: www.umljm.gov.sa,none
www.unaizahm.gov.sa,Could not resolve host: www.unaizahm.gov.sa,none
www.update.hmmc.gov.sa,Could not resolve host: www.update.hmmc.gov.sa,none
www.ushaiqer.gov.sa,Could not resolve host: www.ushaiqer.gov.sa,none
www.visithail.gov.sa,Could not resolve host: www.visithail.gov.sa,none
www.vpn.gdp.gov.sa,Could not resolve host: www.vpn.gdp.gov.sa,none
www.vpn.mot.gov.sa,Could not resolve host: www.vpn.mot.gov.sa,none
www.vpn.mwa.gov.sa,Could not resolve host: www.vpn.mwa.gov.sa,none
www.watheq.gov.sa,Could not resolve host: www.watheq.gov.sa,none
www.webconf.mol.gov.sa,Could not resolve host: www.webconf.mol.gov.sa,none
www.webconf.tvtc.gov.sa,Resolving timed out after 3001 milliseconds,none
www.webmail.alhasa.gov.sa,Could not resolve host: www.webmail.alhasa.gov.sa,none
www.webmail1.fsf.gov.sa,Could not resolve host: www.webmail1.fsf.gov.sa,none
www.www2.moe.gov.sa,Could not resolve host: www.www2.moe.gov.sa,none
www.xn--lgbbaal6aor3mdwu7a.albirkgedu.gov.sa,Could not resolve host: www.xn--lgbbaal6aor3mdwu7a.albirkgedu.gov.sa,none
www.yanbuedu.gov.sa,Could not resolve host: www.yanbuedu.gov.sa,none
www.yanbugov.gov.sa,Could not resolve host: www.yanbugov.gov.sa,none
www.yesser.gov.sa,Could not resolve host: www.yesser.gov.sa,none
www.ynbu.gov.sa,Could not resolve host: www.ynbu.gov.sa,none
www1.mot.gov.sa,Could not resolve host: www1.mot.gov.sa,none
www2.modon.gov.sa,Could not resolve host: www2.modon.gov.sa,none
www2.moe.gov.sa,Could not resolve host: www2.moe.gov.sa,none
www2.mot.gov.sa,Could not resolve host: www2.mot.gov.sa,none
www3.mot.gov.sa,Could not resolve host: www3.mot.gov.sa,none
www9.moe.gov.sa,Could not resolve host: www9.moe.gov.sa,dig error
xmail.gab.gov.sa,Could not resolve host: xmail.gab.gov.sa,none
xmail.holymakkah.gov.sa,Could not resolve host: xmail.holymakkah.gov.sa,none
xn--lgbbaal6aor3mdwu7a.albirkgedu.gov.sa,Could not resolve host: xn--lgbbaal6aor3mdwu7a.albirkgedu.gov.sa,none
yanbuedu.gov.sa,Could not resolve host: yanbuedu.gov.sa,none
yanbugov.gov.sa,Could not resolve host: yanbugov.gov.sa,none
yesser.gov.sa,Could not resolve host: yesser.gov.sa,none
ynbu.gov.sa,Could not resolve host: ynbu.gov.sa,none
