subdomain,http_status,mx
3darchiv-test.dlz-it.res.bund.de,HttpConnectTimeoutException > ConnectException: HTTP connect timed out,
3darchiv.dlz-it.res.bund.de,ConnectException > UnresolvedAddressException,
3darchiv.wsv.res.bund.de,HttpConnectTimeoutException > ConnectException: HTTP connect timed out,
access-b.p1.bc.zd.intranet.bund.de,ConnectException > UnresolvedAddressException,
access-f.p1.bc.zd.intranet.bund.de,ConnectException > UnresolvedAddressException,
access.p1.bc.zd.intranet.bund.de,ConnectException > UnresolvedAddressException,
access.sib-ent.zd.intranet.bund.de,ConnectException > UnresolvedAddressException,
access.test.zd.intranet.bund.de,ConnectException > UnresolvedAddressException,
access.zd.intranet.bund.de,HttpConnectTimeoutException > ConnectException: HTTP connect timed out,
admin.atu.gsb.stba.intranet.bund.de,HttpConnectTimeoutException > ConnectException: HTTP connect timed out,
admin.kdb.bund.de,HttpConnectTimeoutException > ConnectException: HTTP connect timed out,
admin.kkn.zd.intranet.bund.de,ConnectException > UnresolvedAddressException,
admin.preview.kdb.bund.de,SSLHandshakeException: (handshake_failure) Received fatal alert: handshake_failure,
admin.prod.gsb.stba.intranet.bund.de,ConnectException > UnresolvedAddressException,
admin.schul.gsb.stba.intranet.bund.de,ConnectException > UnresolvedAddressException,
admin.test.kdb.bund.de,HttpConnectTimeoutException > ConnectException: HTTP connect timed out,
adminportal.gsbos.bund.de,HttpConnectTimeoutException > ConnectException: HTTP connect timed out,
adminportal.service.res.bund.de,ConnectException > UnresolvedAddressException,
adminportalbadv.stu.zd.intranet.bund.de,ConnectException > UnresolvedAddressException,
adminportalbka.stu.zd.intranet.bund.de,ConnectException > UnresolvedAddressException,
adminportalbzst.stu.zd.intranet.bund.de,ConnectException > UnresolvedAddressException,
adminportalitzbund.stu.zd.intranet.bund.de,HttpConnectTimeoutException > ConnectException: HTTP connect timed out,
adminportalkkn.stu.zd.intranet.bund.de,ConnectException > UnresolvedAddressException,
adminportalzoll.stu.zd.intranet.bund.de,HttpConnectTimeoutException > ConnectException: HTTP connect timed out,
adn-qs.wsv.res.bund.de,ConnectException > UnresolvedAddressException,
adn.wsv.res.bund.de,ConnectException > UnresolvedAddressException,
adresspflege-docforms.bfr.bund.de,ConnectException > UnresolvedAddressException,
advancingegovernment.bmi.bund.de,ConnectException > NoRouteToHostException: Host is unreachable,
advmis.bkg.bund.de,HttpConnectTimeoutException > ConnectException: HTTP connect timed out,
ai-db.fli.bund.de,HttpConnectTimeoutException > ConnectException: HTTP connect timed out,
aknz-schulung-k.epsweb.bbk.intranet.bund.de,HttpConnectTimeoutException > ConnectException: HTTP connect timed out,
aknz-schulung.epsweb.bbk.intranet.bund.de,HttpConnectTimeoutException > ConnectException: HTTP connect timed out,
alpse.jki.bund.de,ConnectException > UnresolvedAddressException,
an-he.deberg-preview.service.res.bund.de,HttpConnectTimeoutException > ConnectException: HTTP connect timed out,
an-heidelberg-preview.service.res.bund.de,ConnectException > UnresolvedAddressException,
anforderung.bfr.bund.de,ConnectException > UnresolvedAddressException,
animaltestinfo.bfr.bund.de,HttpConnectTimeoutException > ConnectException: HTTP connect timed out,
antrag-bvbs.bund.de,ConnectException > UnresolvedAddressException,
antrag-gbbmvi.bund.de,ConnectException > UnresolvedAddressException,
apasbafa.bund.de,303,
api.beihilfe.bund.de,HttpConnectTimeoutException > ConnectException: HTTP connect timed out,
api.gesund.bund.de,302,
app-vergiftungen.bfr.bund.de,SSLHandshakeException > ValidatorException > CertPathValidatorException > CertificateExpiredException: NotAfter: Tue Aug 05 14:56:55 CEST 2025,
app.dlz-it.res.bund.de,ConnectException > UnresolvedAddressException,
appbr.dlz-it.res.bund.de,ConnectException > UnresolvedAddressException,
appfarm-data.dlz-it.res.bund.de,ConnectException > UnresolvedAddressException,
appfarm.dlz-it.res.bund.de,ConnectException > UnresolvedAddressException,
appfarmbr.dlz-it.res.bund.de,ConnectException > UnresolvedAddressException,
appfarmgw.dlz-it.res.bund.de,ConnectException > UnresolvedAddressException,
appgw.dlz-it.res.bund.de,ConnectException > UnresolvedAddressException,
appladebaw1.front.adeba.res.bund.de,ConnectException > UnresolvedAddressException,
apps.bfr.bund.de,SSLHandshakeException > ValidatorException > SunCertPathBuilderException: unable to find valid certification path to requested target,
apps2.bvl.bund.de,403,
apptesting.bsi.bund.de,HttpConnectTimeoutException > ConnectException: HTTP connect timed out,
ares.bfr.bund.de,ConnectException > UnresolvedAddressException,
arthropods.fli.bund.de,ConnectException > UnresolvedAddressException,
artifactory.zssi.ivbb.bund.de,ConnectException > UnresolvedAddressException,
as.bmfsfj.bund.de,ConnectException > UnresolvedAddressException,
asr-test.bfr.bund.de,ConnectException > UnresolvedAddressException,
asr.bfr.bund.de,ConnectException > UnresolvedAddressException,
asse.bund.de,ConnectException > UnresolvedAddressException,
assinfo.dlz-it.bvbs.bund.de,ConnectException > UnresolvedAddressException,
at1.pnr.bva.ivbb.bund.de,ConnectException > UnresolvedAddressException,
at2.pnr.bva.ivbb.bund.de,ConnectException > UnresolvedAddressException,
at3.pnr.bva.ivbb.bund.de,ConnectException > UnresolvedAddressException,
at4.pnr.bva.ivbb.bund.de,ConnectException > UnresolvedAddressException,
at5.pnr.bva.ivbb.bund.de,ConnectException > UnresolvedAddressException,
at6.pnr.bva.ivbb.bund.de,ConnectException > UnresolvedAddressException,
at7.pnr.bva.ivbb.bund.de,ConnectException > UnresolvedAddressException,
at8.pnr.bva.ivbb.bund.de,HttpConnectTimeoutException > ConnectException: HTTP connect timed out,
athene-preview.service.res.bund.de,ConnectException > UnresolvedAddressException,
atlas.wsv.bund.de,HttpConnectTimeoutException > ConnectException: HTTP connect timed out,
atu.pnr.bva.ivbb.bund.de,ConnectException > UnresolvedAddressException,
auftrag.bfr.bund.de,ConnectException > UnresolvedAddressException,
auriga.bund.de,303,
austausch.bag.bund.de,HttpConnectTimeoutException > ConnectException: HTTP connect timed out,
austausch.bbk.bund.de,302,
ausweisapp.bund.de,301,
auth.bev.bund.de,ConnectException > UnresolvedAddressException,
autodiscover.badv.bund.de,ConnectException > UnresolvedAddressException,
autodiscover.bas.bund.de,HttpConnectTimeoutException > ConnectException: HTTP connect timed out,
autodiscover.bav.bund.de,HttpConnectTimeoutException > ConnectException: HTTP connect timed out,
autodiscover.bwz.bund.de,ConnectException > UnresolvedAddressException,
autodiscover.bzst.bund.de,ConnectException > UnresolvedAddressException,
autodiscover.fli.bund.de,ConnectException > UnresolvedAddressException,
autodiscover.itzbund.de,ConnectException > UnresolvedAddressException,
autodiscover.kkr.bund.de,ConnectException > UnresolvedAddressException,
autodiscover.p1.bc.zd.intranet.bund.de,HttpConnectTimeoutException > ConnectException: HTTP connect timed out,
autodiscover.p2.bc.zd.intranet.bund.de,ConnectException > UnresolvedAddressException,
autodiscover.vzd-ent.badv.bund.de,ConnectException > UnresolvedAddressException,
autodiscover.vzd-ent.bzst.bund.de,HttpConnectTimeoutException > ConnectException: HTTP connect timed out,
autodiscover.vzd-ent.itzbund.de,HttpConnectTimeoutException > ConnectException: HTTP connect timed out,
autodiscover.vzd-ent.zoll.bund.de,ConnectException > UnresolvedAddressException,
autodiscover.zoll.bund.de,ConnectException > UnresolvedAddressException,
av.sib-ent.zd.intranet.bund.de,ConnectException > UnresolvedAddressException,
av.test.zd.intranet.bund.de,ConnectException > UnresolvedAddressException,
avp.intranet.bund.de,ConnectException > UnresolvedAddressException,
avp.ivbv.bund.de,HttpConnectTimeoutException > ConnectException: HTTP connect timed out,
avs.bfr.bund.de,ConnectException > UnresolvedAddressException,
awstats.gsb.bund.de,HttpConnectTimeoutException > ConnectException: HTTP connect timed out,
badv.bund.de,303,
badvinternet-editor-preview.stu.zd.intranet.bund.de,ConnectException > UnresolvedAddressException,
badvinternet-preview.stu.zd.intranet.bund.de,ConnectException > UnresolvedAddressException,
badvinternet.stu.zd.intranet.bund.de,HttpConnectTimeoutException > ConnectException: HTTP connect timed out,
badvintra-editor-preview.stu.zd.intranet.bund.de,ConnectException > UnresolvedAddressException,
badvintra-editor.atu.gsb.badv.intranet.bund.de,ConnectException > UnresolvedAddressException,
badvintra-editor.prod.gsb.badv.intranet.bund.de,ConnectException > UnresolvedAddressException,
badvintra-preview.atu.gsb.badv.intranet.bund.de,HttpConnectTimeoutException > ConnectException: HTTP connect timed out,
badvintra-preview.prod.gsb.badv.intranet.bund.de,HttpConnectTimeoutException > ConnectException: HTTP connect timed out,
badvintra-preview.stu.zd.intranet.bund.de,ConnectException > UnresolvedAddressException,
badvintra.atu.gsb.badv.intranet.bund.de,ConnectException > UnresolvedAddressException,
badvintra.prod.gsb.badv.intranet.bund.de,ConnectException > UnresolvedAddressException,
badvintra.stu.zd.intranet.bund.de,HttpConnectTimeoutException > ConnectException: HTTP connect timed out,
badvintranet-editor-preview.stu.zd.intranet.bund.de,ConnectException > UnresolvedAddressException,
badvintranet-preview.stu.zd.intranet.bund.de,HttpConnectTimeoutException > ConnectException: HTTP connect timed out,
badvintranet.stu.zd.intranet.bund.de,HttpConnectTimeoutException > ConnectException: HTTP connect timed out,
badvweb-editor-preview.stu.zd.intranet.bund.de,ConnectException > UnresolvedAddressException,
badvweb-editor.atu.gsb.badv.intranet.bund.de,ConnectException > UnresolvedAddressException,
badvweb-editor.prod.gsb.badv.intranet.bund.de,ConnectException > UnresolvedAddressException,
badvweb-preview.atu.gsb.badv.intranet.bund.de,HttpConnectTimeoutException > ConnectException: HTTP connect timed out,
badvweb-preview.prod.gsb.badv.intranet.bund.de,ConnectException > UnresolvedAddressException,
badvweb-preview.stu.zd.intranet.bund.de,ConnectException > UnresolvedAddressException,
badvweb.atu.gsb.badv.intranet.bund.de,ConnectException > UnresolvedAddressException,
badvweb.prod.gsb.badv.intranet.bund.de,ConnectException > UnresolvedAddressException,
badvweb.stu.zd.intranet.bund.de,ConnectException > UnresolvedAddressException,
baf-editor.service.res.bund.de,HttpConnectTimeoutException > ConnectException: HTTP connect timed out,
baf-preview.service.res.bund.de,ConnectException > UnresolvedAddressException,
bafa.bund.de,303,
bafa.zd.intranet.bund.de,ConnectException > UnresolvedAddressException,
bafaintranet-editor-preview.stu.zd.intranet.bund.de,ConnectException > UnresolvedAddressException,
bafaintranet-editor.preview.kkn.zd.intranet.bund.de,ConnectException > UnresolvedAddressException,
bafaintranet-editor.preview.stu.zd.intranet.bund.de,ConnectException > UnresolvedAddressException,
bafaintranet-extranet-preview.stu.zd.intranet.bund.de,HttpConnectTimeoutException > ConnectException: HTTP connect timed out,
bafaintranet-extranet.preview.kkn.zd.intranet.bund.de,ConnectException > UnresolvedAddressException,
bafaintranet-extranet.stu.zd.intranet.bund.de,HttpConnectTimeoutException > ConnectException: HTTP connect timed out,
bafaintranet-preview.stu.zd.intranet.bund.de,ConnectException > UnresolvedAddressException,
bafaintranet.preview.kkn.zd.intranet.bund.de,ConnectException > UnresolvedAddressException,
bafaintranet.stu.zd.intranet.bund.de,ConnectException > UnresolvedAddressException,
bafoeg-docker-release-lokal.artifactory.zssi.ivbb.bund.de,ConnectException > UnresolvedAddressException,
bafoeg-docker-snapshot-lokal.artifactory.zssi.ivbb.bund.de,HttpConnectTimeoutException > ConnectException: HTTP connect timed out,
bafoegonline.bund.de,ConnectException > UnresolvedAddressException,
bafoegonline.bva.bund.de,ConnectException > UnresolvedAddressException,
bafweb-editor.service.res.bund.de,HttpConnectTimeoutException > ConnectException: HTTP connect timed out,
bafweb-preview.service.res.bund.de,ConnectException > UnresolvedAddressException,
bag-editor.service.res.bund.de,ConnectException > UnresolvedAddressException,
bag-preview.service.res.bund.de,HttpConnectTimeoutException > ConnectException: HTTP connect timed out,
bamf-schul.mach.intranet.bund.de,ConnectException > UnresolvedAddressException,
bamf-test.mach.intranet.bund.de,ConnectException > UnresolvedAddressException,
bamf.mach.intranet.bund.de,ConnectException > UnresolvedAddressException,
bamfweb-app-preview.stu.zd.intranet.bund.de,ConnectException > UnresolvedAddressException,
bamfweb-app.preview.kkn.zd.intranet.bund.de,ConnectException > UnresolvedAddressException,
bamfweb-editor-preview.stu.zd.intranet.bund.de,ConnectException > UnresolvedAddressException,
bamfweb-editor.preview.kkn.zd.intranet.bund.de,ConnectException > UnresolvedAddressException,
bamfweb-preview.stu.zd.intranet.bund.de,ConnectException > UnresolvedAddressException,
bamfweb.preview.kkn.zd.intranet.bund.de,HttpConnectTimeoutException > ConnectException: HTTP connect timed out,
bamfweb.stu.zd.intranet.bund.de,HttpConnectTimeoutException > ConnectException: HTTP connect timed out,
banu.bund.de,ConnectException > UnresolvedAddressException,
bast-editor.service.res.bund.de,ConnectException > UnresolvedAddressException,
bast-preview.service.res.bund.de,ConnectException > UnresolvedAddressException,
bast2017-preview.service.res.bund.de,ConnectException > UnresolvedAddressException,
basys-docker-release-lokal.artifactory.zssi.ivbb.bund.de,ConnectException > UnresolvedAddressException,
basys-docker-snapshot-lokal.artifactory.zssi.ivbb.bund.de,ConnectException > UnresolvedAddressException,
baumags-q.wsv.res.bund.de,ConnectException > UnresolvedAddressException,
baumags-test.wsv.res.bund.de,ConnectException > UnresolvedAddressException,
bav-editor.service.res.bund.de,ConnectException > UnresolvedAddressException,
bav-preview.service.res.bund.de,ConnectException > UnresolvedAddressException,
bav.bund.de,302,
bavweb-editor.service.res.bund.de,ConnectException > UnresolvedAddressException,
bavweb-preview.service.res.bund.de,ConnectException > UnresolvedAddressException,
baw-editor.service.res.bund.de,ConnectException > UnresolvedAddressException,
baw-preview.service.res.bund.de,ConnectException > UnresolvedAddressException,
baw.bfr.bund.de,HttpConnectTimeoutException > ConnectException: HTTP connect timed out,
bbiz-kleinmachnow-preview.service.res.bund.de,ConnectException > UnresolvedAddressException,
bbiz-koblenz-preview.service.res.bund.de,ConnectException > UnresolvedAddressException,
bbk-schul.mach.intranet.bund.de,ConnectException > UnresolvedAddressException,
bbk-test.mach.intranet.bund.de,ConnectException > UnresolvedAddressException,
bbk.fazitweb.intranet.bund.de,ConnectException > UnresolvedAddressException,
bbk.mach.intranet.bund.de,ConnectException > UnresolvedAddressException,
bbr-editor.service.res.bund.de,ConnectException > UnresolvedAddressException,
bbr-preview.service.res.bund.de,ConnectException > UnresolvedAddressException,
bbreg.bvl.bund.de,ConnectException > UnresolvedAddressException,
bbrskl-editor.service.res.bund.de,ConnectException > UnresolvedAddressException,
bbrskl-preview.service.res.bund.de,ConnectException > UnresolvedAddressException,
bbrweb-editor.service.res.bund.de,HttpConnectTimeoutException > ConnectException: HTTP connect timed out,
bbrweb-preview.service.res.bund.de,ConnectException > UnresolvedAddressException,
bbsr-enev-portal-preview.service.res.bund.de,ConnectException > UnresolvedAddressException,
bbsr-preview.service.res.bund.de,ConnectException > UnresolvedAddressException,
bdbos.bund.de,303,
bdeakte20-i.gbbmvi.intranet.bund.de,ConnectException > UnresolvedAddressException,
bdeakte20-i.itz.res.bund.de,ConnectException > UnresolvedAddressException,
bdeakte20-s.gbbmvi.intranet.bund.de,ConnectException > UnresolvedAddressException,
bdeakte20-s.itz.res.bund.de,HttpConnectTimeoutException > ConnectException: HTTP connect timed out,
bdeakte20-t.gbbmvi.intranet.bund.de,ConnectException > UnresolvedAddressException,
bdeakte20-t.itz.res.bund.de,ConnectException > UnresolvedAddressException,
bdeakte20.gbbmvi.intranet.bund.de,ConnectException > UnresolvedAddressException,
bdeakte20.itz.res.bund.de,ConnectException > UnresolvedAddressException,
bdeakte21-i.bva.intranet.bund.de,ConnectException > UnresolvedAddressException,
bdeakte21-i.gbbmvi.intranet.bund.de,ConnectException > UnresolvedAddressException,
bdeakte21-i.itz.res.bund.de,ConnectException > UnresolvedAddressException,
bdeakte21-im.bva.intranet.bund.de,ConnectException > UnresolvedAddressException,
bdeakte21-s.bva.intranet.bund.de,ConnectException > UnresolvedAddressException,
bdeakte21-s.gbbmvi.intranet.bund.de,ConnectException > UnresolvedAddressException,
bdeakte21-s.itz.res.bund.de,ConnectException > UnresolvedAddressException,
bdeakte21-sm.bva.intranet.bund.de,ConnectException > UnresolvedAddressException,
bdeakte21-t.bva.intranet.bund.de,ConnectException > UnresolvedAddressException,
bdeakte21-t.gbbmvi.intranet.bund.de,ConnectException > UnresolvedAddressException,
bdeakte21-t.itz.res.bund.de,HttpConnectTimeoutException > ConnectException: HTTP connect timed out,
bdeakte21-tm.bva.intranet.bund.de,ConnectException > UnresolvedAddressException,
bdeakte21.bva.intranet.bund.de,HttpConnectTimeoutException > ConnectException: HTTP connect timed out,
bdeakte21.gbbmvi.intranet.bund.de,ConnectException > UnresolvedAddressException,
bdeakte21.itz.res.bund.de,ConnectException > UnresolvedAddressException,
bdeakte21m.bva.intranet.bund.de,ConnectException > UnresolvedAddressException,
bdeakte22-im.bfj.intranet.bund.de,ConnectException > UnresolvedAddressException,
bdeakte22-m.bfj.intranet.bund.de,HttpConnectTimeoutException > ConnectException: HTTP connect timed out,
bdeakte22-s.bfj.intranet.bund.de,ConnectException > UnresolvedAddressException,
bdeakte22-sm.bfj.intranet.bund.de,ConnectException > UnresolvedAddressException,
bdeakte22-t.bfj.intranet.bund.de,ConnectException > UnresolvedAddressException,
bdeakte22-tm.bfj.intranet.bund.de,ConnectException > UnresolvedAddressException,
bdeakte22.bfj.intranet.bund.de,HttpConnectTimeoutException > ConnectException: HTTP connect timed out,
bdeakte22m.bfj.intranet.bund.de,ConnectException > UnresolvedAddressException,
bdeakte23-s.bmf.intranet.bund.de,ConnectException > UnresolvedAddressException,
bdeakte23-sm.bmf.intranet.bund.de,ConnectException > UnresolvedAddressException,
bdeakte23-t.bmf.intranet.bund.de,ConnectException > UnresolvedAddressException,
bdeakte23-tm.bmf.intranet.bund.de,ConnectException > UnresolvedAddressException,
bdeakte23.bmf.intranet.bund.de,ConnectException > UnresolvedAddressException,
bdeakte23m.bmf.intranet.bund.de,ConnectException > UnresolvedAddressException,
bdeakte24-t.bpb.intranet.bund.de,ConnectException > UnresolvedAddressException,
bdeakte24-tm.bpb.intranet.bund.de,ConnectException > UnresolvedAddressException,
bdeakte25-i.bmjv.intranet.bund.de,ConnectException > UnresolvedAddressException,
bdeakte25-im.bmjv.intranet.bund.de,ConnectException > UnresolvedAddressException,
bdeakte25-t.bmjv.intranet.bund.de,ConnectException > UnresolvedAddressException,
bdeakte25-tm.bmjv.intranet.bund.de,ConnectException > UnresolvedAddressException,
bdeakte25.bmjv.intranet.bund.de,ConnectException > UnresolvedAddressException,
bdeakte25m.bmjv.intranet.bund.de,ConnectException > UnresolvedAddressException,
bdekate22-s.bfj.intranet.bund.de,ConnectException > UnresolvedAddressException,
beacon-status-admin.wsv.bund.de,HttpConnectTimeoutException > ConnectException: HTTP connect timed out,
beacon-status-intern.wsv.bund.de,HttpConnectTimeoutException > ConnectException: HTTP connect timed out,
beacon-status.wsv.bund.de,ConnectException > UnresolvedAddressException,
bedarf.bvl.bund.de,301,
bedeakte25-s.bmjv.intranet.bund.de,ConnectException > UnresolvedAddressException,
bedeakte25-sm.bmjv.intranet.bund.de,ConnectException > UnresolvedAddressException,
bela.bfr.bund.de,ConnectException > UnresolvedAddressException,
bericht-bundesinteresse.bmf.intranet.bund.de,ConnectException > UnresolvedAddressException,
berichte.bfr.bund.de,ConnectException > UnresolvedAddressException,
beruf-familie.bmf.intranet.bund.de,HttpConnectTimeoutException > ConnectException: HTTP connect timed out,
bescha-test.mach.intranet.bund.de,ConnectException > UnresolvedAddressException,
bescha-vm-test.bund.de,HttpConnectTimeoutException > ConnectException: HTTP connect timed out,
bescha-vm.bund.de,ConnectException > UnresolvedAddressException,
bescha.fazitweb.intranet.bund.de,ConnectException > UnresolvedAddressException,
bescha.mach.intranet.bund.de,ConnectException > UnresolvedAddressException,
beschaffung-berichte.bfr.bund.de,ConnectException > UnresolvedAddressException,
beschaffung.bfr.bund.de,ConnectException > UnresolvedAddressException,
bet-migration.bund.de,ConnectException > UnresolvedAddressException,
bet-migration.intranet.bund.de,ConnectException > UnresolvedAddressException,
beta.bund.de,302,
bev-editor-preview.stu.zd.intranet.bund.de,ConnectException > UnresolvedAddressException,
bev-editor.preview.kkn.zd.intranet.bund.de,ConnectException > UnresolvedAddressException,
bev-editor.service.res.bund.de,ConnectException > UnresolvedAddressException,
bev-preview.service.res.bund.de,ConnectException > UnresolvedAddressException,
bev-preview.stu.zd.intranet.bund.de,HttpConnectTimeoutException > ConnectException: HTTP connect timed out,
bev.bund.de,HttpConnectTimeoutException > ConnectException: HTTP connect timed out,
bev.preview.kkn.zd.intranet.bund.de,ConnectException > UnresolvedAddressException,
bev.stu.zd.intranet.bund.de,HttpConnectTimeoutException > ConnectException: HTTP connect timed out,
bewerber.etu.isasonline.bva.bund.de,HttpConnectTimeoutException > ConnectException: HTTP connect timed out,
bewerber.ftu.isasonline.bva.bund.de,HttpConnectTimeoutException > ConnectException: HTTP connect timed out,
bewerber.isasonline.bva.bund.de,HttpConnectTimeoutException > ConnectException: HTTP connect timed out,
bewerbung.basys.intranet.bund.de,ConnectException > UnresolvedAddressException,
bezuegerechner.bva.bund.de,400,
bfarm.fazitweb.intranet.bund.de,ConnectException > UnresolvedAddressException,
bfe.bund.de,SSLHandshakeException > SocketException: Connection reset,
bfg-editor.service.res.bund.de,ConnectException > UnresolvedAddressException,
bfg-grdc-preview.service.res.bund.de,ConnectException > UnresolvedAddressException,
bfg-preview.service.res.bund.de,ConnectException > UnresolvedAddressException,
bfinv.edu.zd.intranet.bund.de,ConnectException > UnresolvedAddressException,
bfinvintranet-editor.atu.gsb.bmf.intranet.bund.de,HttpConnectTimeoutException > ConnectException: HTTP connect timed out,
bfinvintranet-editor.prod.gsb.bmf.intranet.bund.de,ConnectException > UnresolvedAddressException,
bfinvintranet-preview.atu.gsb.bmf.intranet.bund.de,ConnectException > UnresolvedAddressException,
bfinvintranet-preview.prod.gsb.bmf.intranet.bund.de,ConnectException > UnresolvedAddressException,
bfinvintranet-preview.stu.zd.intranet.bund.de,ConnectException > UnresolvedAddressException,
bfinvintranet.atu.gsb.bmf.intranet.bund.de,HttpConnectTimeoutException > ConnectException: HTTP connect timed out,
bfinvintranet.stu.zd.intranet.bund.de,HttpConnectTimeoutException > ConnectException: HTTP connect timed out,
bfr-kennzahlen-alt.bfr.bund.de,ConnectException > UnresolvedAddressException,
bfr-kennzahlen-test.bfr.bund.de,ConnectException > UnresolvedAddressException,
bfr-kennzahlen.bfr.bund.de,HttpConnectTimeoutException > ConnectException: HTTP connect timed out,
bfr.bund.de,301,
bfu-editor.service.res.bund.de,ConnectException > UnresolvedAddressException,
bfu-preview.service.res.bund.de,ConnectException > UnresolvedAddressException,
bfu2017-editor.service.res.bund.de,HttpConnectTimeoutException > ConnectException: HTTP connect timed out,
bfu2017-preview.service.res.bund.de,HttpConnectTimeoutException > ConnectException: HTTP connect timed out,
bgh.bund.de,HttpConnectTimeoutException > ConnectException: HTTP connect timed out,
bgr.bund.de,HttpConnectTimeoutException > ConnectException: HTTP connect timed out,
bib.bund.de,303,
bildungskreditonline.bva.bund.de,400,
bitumen.gbbmvi.bund.de,ConnectException > UnresolvedAddressException,
biwaq-preview.service.res.bund.de,ConnectException > UnresolvedAddressException,
bk.bva.bund.de,ConnectException > UnresolvedAddressException,
bk.fazitweb.intranet.bund.de,ConnectException > UnresolvedAddressException,
bka-contra-preview.stu.zd.intranet.bund.de,ConnectException > UnresolvedAddressException,
bka-drm-preview.stu.zd.intranet.bund.de,HttpConnectTimeoutException > ConnectException: HTTP connect timed out,
bka-drm.stu.zd.intranet.bund.de,ConnectException > UnresolvedAddressException,
bka-editor-preview.stu.zd.intranet.bund.de,HttpConnectTimeoutException > ConnectException: HTTP connect timed out,
bka-eenet-preview.stu.zd.intranet.bund.de,ConnectException > UnresolvedAddressException,
bka-innerersicherheitsfond-preview.stu.zd.intranet.bund.de,ConnectException > UnresolvedAddressException,
bka-polizei-preview.stu.zd.intranet.bund.de,ConnectException > UnresolvedAddressException,
bka-preview.stu.zd.intranet.bund.de,ConnectException > UnresolvedAddressException,
bka.stu.zd.intranet.bund.de,ConnectException > UnresolvedAddressException,
bkg.bund.de,303,
bkggis-ds.bkg.bund.de,ConnectException > UnresolvedAddressException,
bkggis-s.bkg.bund.de,ConnectException > UnresolvedAddressException,
bkggis.bkg.bund.de,HttpConnectTimeoutException > ConnectException: HTTP connect timed out,
blauesband-preview.service.res.bund.de,ConnectException > UnresolvedAddressException,
bltu.bvl.bund.de,301,
bmfintranet-editor.atu.gsb.bmf.intranet.bund.de,ConnectException > UnresolvedAddressException,
bmfintranet-editor.prod.gsb.bmf.intranet.bund.de,HttpConnectTimeoutException > ConnectException: HTTP connect timed out,
bmfintranet-preview.atu.gsb.bmf.intranet.bund.de,ConnectException > UnresolvedAddressException,
bmfintranet-preview.prod.gsb.bmf.intranet.bund.de,ConnectException > UnresolvedAddressException,
bmfintranet-preview.stu.zd.intranet.bund.de,HttpConnectTimeoutException > ConnectException: HTTP connect timed out,
bmfintranet.atu.gsb.bmf.intranet.bund.de,ConnectException > UnresolvedAddressException,
bmfintranet.stu.zd.intranet.bund.de,ConnectException > UnresolvedAddressException,
bmg.bund.de,301,
bmi.bund.de,307,
bmi.fazitweb.intranet.bund.de,HttpConnectTimeoutException > ConnectException: HTTP connect timed out,
bmi.umfrage.intranet.bund.de,ConnectException > UnresolvedAddressException,
bmub.bund.de,ConnectException > UnresolvedAddressException,
bmvbs-editor.service.res.bund.de,ConnectException > UnresolvedAddressException,
bmvbs-preview.service.res.bund.de,ConnectException > UnresolvedAddressException,
bmz-zes.bmz.bund.de,ConnectException > UnresolvedAddressException,
bmz.bund.de,ConnectException > UnresolvedAddressException,
bnd.bund.de,303,
bnetza-editor-preview.stu.zd.intranet.bund.de,ConnectException > UnresolvedAddressException,
bnetza-editor.preview.kkn.zd.intranet.bund.de,HttpConnectTimeoutException > ConnectException: HTTP connect timed out,
bnetza-preview.stu.zd.intranet.bund.de,ConnectException > UnresolvedAddressException,
bnetza.preview.kkn.zd.intranet.bund.de,ConnectException > UnresolvedAddressException,
bnetza.stu.zd.intranet.bund.de,ConnectException > UnresolvedAddressException,
bo.bfr.bund.de,ConnectException > UnresolvedAddressException,
boat-docker-release-lokal.artifactory.zssi.ivbb.bund.de,ConnectException > UnresolvedAddressException,
boat-docker-snapshot-lokal.artifactory.zssi.ivbb.bund.de,ConnectException > UnresolvedAddressException,
boat-test.bva.ivbb.bund.de,ConnectException > UnresolvedAddressException,
boat.bit.bund.de,ConnectException > UnresolvedAddressException,
boat.bva.ivbb.bund.de,ConnectException > UnresolvedAddressException,
bpatg-editor-preview.stu.zd.intranet.bund.de,ConnectException > UnresolvedAddressException,
bpatg-editor.preview.kkn.zd.intranet.bund.de,ConnectException > UnresolvedAddressException,
bpatg-preview.stu.zd.intranet.bund.de,ConnectException > UnresolvedAddressException,
bpatg.fazitweb.intranet.bund.de,HttpConnectTimeoutException > ConnectException: HTTP connect timed out,
bpatg.preview.kkn.zd.intranet.bund.de,ConnectException > UnresolvedAddressException,
bpatg.stu.zd.intranet.bund.de,HttpConnectTimeoutException > ConnectException: HTTP connect timed out,
bpb-test.mach.intranet.bund.de,ConnectException > UnresolvedAddressException,
bpb.fazitweb.intranet.bund.de,ConnectException > UnresolvedAddressException,
bpb.mach.intranet.bund.de,ConnectException > UnresolvedAddressException,
bpm.bzst.intranet.bund.de,ConnectException > UnresolvedAddressException,
bpol.bund.de,303,
braintower.itz.res.bund.de,HttpConnectTimeoutException > ConnectException: HTTP connect timed out,
bscw-ext.itz.res.bund.de,ConnectException > UnresolvedAddressException,
bscw-int.itz.res.bund.de,ConnectException > UnresolvedAddressException,
bscw-stba.itz.res.bund.de,ConnectException > UnresolvedAddressException,
bscw-test.wsv.bvbs.bund.de,ConnectException > UnresolvedAddressException,
bscw.bund.de,HttpConnectTimeoutException > ConnectException: HTTP connect timed out,
bscw.bvbs.bund.de,HttpConnectTimeoutException > ConnectException: HTTP connect timed out,
bscw.intranet.bund.de,HttpConnectTimeoutException > ConnectException: HTTP connect timed out,
bsg.bund.de,303,
bsh-cert-editor.service.res.bund.de,ConnectException > UnresolvedAddressException,
bsh-cert-preview.service.res.bund.de,ConnectException > UnresolvedAddressException,
bsh-editor.service.res.bund.de,ConnectException > UnresolvedAddressException,
bsh-preview.service.res.bund.de,ConnectException > UnresolvedAddressException,
bsi.bund.de,303,
bstu-schul.mach.intranet.bund.de,ConnectException > UnresolvedAddressException,
bstu-test.mach.intranet.bund.de,ConnectException > UnresolvedAddressException,
bstu.bund.de,301,
bstu.mach.intranet.bund.de,ConnectException > UnresolvedAddressException,
bsu-bund.de,302,
bsu-editor.service.res.bund.de,ConnectException > UnresolvedAddressException,
bsu-preview.service.res.bund.de,ConnectException > UnresolvedAddressException,
bsu2016-editor.service.res.bund.de,ConnectException > UnresolvedAddressException,
bsu2016-preview.service.res.bund.de,ConnectException > UnresolvedAddressException,
bube.bund.de,ConnectException > UnresolvedAddressException,
buchung.tms.bva.bund.de,HttpConnectTimeoutException > ConnectException: HTTP connect timed out,
buchung.viko.dlz-it.res.bund.de,ConnectException > UnresolvedAddressException,
bugtracking.bfr.bund.de,ConnectException > UnresolvedAddressException,
bum.test.dvdv.bmi.bund.de,HttpConnectTimeoutException > ConnectException: HTTP connect timed out,
bund.de,302,10 mx1.bund.de.; 10 mx2.bund.de.
bundesnotbrunnen.bund.de,400,
bundesnotbrunnen.intranet.bund.de,HttpConnectTimeoutException > ConnectException: HTTP connect timed out,
buyer.kdb.bund.de,SSLHandshakeException: (handshake_failure) Received fatal alert: handshake_failure,
buyer.preview.kdb.bund.de,SSLHandshakeException: (handshake_failure) Received fatal alert: handshake_failure,
buyer.test.kdb.bund.de,HttpConnectTimeoutException > ConnectException: HTTP connect timed out,
bva-test.mach.intranet.bund.de,ConnectException > UnresolvedAddressException,
bva.bund.de,HttpConnectTimeoutException > ConnectException: HTTP connect timed out,
bva.dlzportal.intranet.bund.de,ConnectException > UnresolvedAddressException,
bva.fazit.intranet.bund.de,ConnectException > UnresolvedAddressException,
bva.mach.intranet.bund.de,ConnectException > UnresolvedAddressException,
bva.preview.dlzportal.intranet.bund.de,HttpConnectTimeoutException > ConnectException: HTTP connect timed out,
bvaweb-editor-preview.stu.zd.intranet.bund.de,ConnectException > UnresolvedAddressException,
bvaweb-editor.preview.kkn.zd.intranet.bund.de,ConnectException > UnresolvedAddressException,
bvaweb-preview.stu.zd.intranet.bund.de,ConnectException > UnresolvedAddressException,
bvaweb-tms-preview.stu.zd.intranet.bund.de,ConnectException > UnresolvedAddressException,
bvaweb-tms.preview.kkn.zd.intranet.bund.de,ConnectException > UnresolvedAddressException,
bvaweb-tms.stu.zd.intranet.bund.de,ConnectException > UnresolvedAddressException,
bvaweb-zfa-editor-preview.stu.zd.intranet.bund.de,ConnectException > UnresolvedAddressException,
bvaweb-zfa-editor.preview.kkn.zd.intranet.bund.de,ConnectException > UnresolvedAddressException,
bvaweb-zfa-preview.stu.zd.intranet.bund.de,ConnectException > UnresolvedAddressException,
bvaweb-zfa.preview.kkn.zd.intranet.bund.de,HttpConnectTimeoutException > ConnectException: HTTP connect timed out,
bvaweb-zfa.stu.zd.intranet.bund.de,ConnectException > UnresolvedAddressException,
bvaweb-zfs-editor.preview.kkn.zd.intranet.bund.de,ConnectException > UnresolvedAddressException,
bvaweb.preview.kkn.zd.intranet.bund.de,HttpConnectTimeoutException > ConnectException: HTTP connect timed out,
bvaweb.stu.zd.intranet.bund.de,ConnectException > UnresolvedAddressException,
bvaztu.pnr.itzbund.bva.bund.de,ConnectException > UnresolvedAddressException,
bvl.bund.de,303,
bwi3.ti.bund.de,ConnectException > UnresolvedAddressException,
bwi3.vti.bund.de,HttpConnectTimeoutException > ConnectException: HTTP connect timed out,
bzst-editor-preview.stu.zd.intranet.bund.de,ConnectException > UnresolvedAddressException,
bzst-preview.stu.zd.intranet.bund.de,ConnectException > UnresolvedAddressException,
bzst.bund.de,303,
bzst.stu.zd.intranet.bund.de,HttpConnectTimeoutException > ConnectException: HTTP connect timed out,
bzstweb-editor-preview.stu.zd.intranet.bund.de,ConnectException > UnresolvedAddressException,
bzstweb-editor.preview.bzst.intranet.bund.de,HttpConnectTimeoutException > ConnectException: HTTP connect timed out,
bzstweb-preview.stu.zd.intranet.bund.de,ConnectException > UnresolvedAddressException,
bzstweb.preview.bzst.intranet.bund.de,ConnectException > UnresolvedAddressException,
ca-itzbund-test.itz.intranet.bund.de,ConnectException > UnresolvedAddressException,
ca-itzbund.itz.intranet.bund.de,ConnectException > UnresolvedAddressException,
ca.sp.p1.bc.zd.intranet.bund.de,HttpConnectTimeoutException > ConnectException: HTTP connect timed out,
ca.sp.test.zolldesk.zd.intranet.bund.de,ConnectException > UnresolvedAddressException,
cag.uesa.bund.de,HttpConnectTimeoutException > ConnectException: HTTP connect timed out,
caldav.bs.bvl.bund.de,ConnectException > UnresolvedAddressException,
cas.fli.bund.de,SSLHandshakeException > SocketException: Connection reset,
cas.prod.gsb.bmf.intranet.bund.de,HttpConnectTimeoutException > ConnectException: HTTP connect timed out,
casadmin.atu.gsb.stba.intranet.bund.de,ConnectException > UnresolvedAddressException,
casadmin.prod.gsb.stba.intranet.bund.de,ConnectException > UnresolvedAddressException,
casadmin.schul.gsb.stba.intranet.bund.de,ConnectException > UnresolvedAddressException,
ccivs.bkg.bund.de,HttpConnectTimeoutException > ConnectException: HTTP connect timed out,
cea.fli.bund.de,ConnectException > UnresolvedAddressException,
cells.bvl.bund.de,HttpConnectTimeoutException > ConnectException: HTTP connect timed out,
cep.drv-bund.ivbb.bund.de,HttpConnectTimeoutException > ConnectException: HTTP connect timed out,
cep.drv-bund.ivbv.bund.de,ConnectException > UnresolvedAddressException,
cert.bmfsfj.bund.de,ConnectException > UnresolvedAddressException,
chat.zssi.ivbb.bund.de,ConnectException > UnresolvedAddressException,
chip.bmfsfj.bund.de,ConnectException > UnresolvedAddressException,
chlamydien.fli.bund.de,ConnectException > UnresolvedAddressException,
ci.zssi.ivbb.bund.de,HttpConnectTimeoutException > ConnectException: HTTP connect timed out,
circa.bund.de,HttpConnectTimeoutException > ConnectException: HTTP connect timed out,
citrix-app-ber.itz.res.bund.de,ConnectException > UnresolvedAddressException,
citrix-app-fra.itz.res.bund.de,ConnectException > UnresolvedAddressException,
citrix-app-inu.itz.res.bund.de,ConnectException > UnresolvedAddressException,
citrix-app.gslb.itz.res.bund.de,HttpConnectTimeoutException > ConnectException: HTTP connect timed out,
citrix-app.itz.res.bund.de,ConnectException > UnresolvedAddressException,
citrix.bag.bund.de,ConnectException > UnresolvedAddressException,
citrix.bfarm.intranet.bund.de,ConnectException > UnresolvedAddressException,
citrix.dlz.ftu.intranet.bund.de,ConnectException > UnresolvedAddressException,
client.sibbscw.test.sib.zd.intranet.bund.de,HttpConnectTimeoutException > ConnectException: HTTP connect timed out,
client.sibdialin.test.zd.intranet.bund.de,ConnectException > UnresolvedAddressException,
client.sibdms.test.sib.zd.intranet.bund.de,ConnectException > UnresolvedAddressException,
client.sibmeet.test.zd.intranet.bund.de,ConnectException > UnresolvedAddressException,
client.sibofficeonline-ext.test.zd.intranet.bund.de,ConnectException > UnresolvedAddressException,
client.ziel.test.sib.zd.intranet.bund.de,HttpConnectTimeoutException > ConnectException: HTTP connect timed out,
cloud.jki.bund.de,ConnectException > UnresolvedAddressException,
cloud.ti.bund.de,ConnectException > UnresolvedAddressException,
cmsaf-editor.service.res.bund.de,ConnectException > UnresolvedAddressException,
cmsaf-preview.service.res.bund.de,HttpConnectTimeoutException > ConnectException: HTTP connect timed out,
cmsafweb-editor.service.res.bund.de,HttpConnectTimeoutException > ConnectException: HTTP connect timed out,
cmsafweb-preview.service.res.bund.de,ConnectException > UnresolvedAddressException,
codex.bfr.bund.de,ConnectException > UnresolvedAddressException,
collab-edge.bdbos.bund.de,HttpConnectTimeoutException > ConnectException: HTTP connect timed out,
collab-edge01.bdbos.bund.de,HttpConnectTimeoutException > ConnectException: HTTP connect timed out,
collab-edge02.bdbos.bund.de,HttpConnectTimeoutException > ConnectException: HTTP connect timed out,
collab-edge03.bdbos.bund.de,HttpConnectTimeoutException > ConnectException: HTTP connect timed out,
constanze.fli.bund.de,ConnectException > UnresolvedAddressException,
content.atu.gsb.badv.intranet.bund.de,ConnectException > UnresolvedAddressException,
content.atu.gsb.bmf.intranet.bund.de,ConnectException > UnresolvedAddressException,
content.atu.gsb.stba.intranet.bund.de,ConnectException > UnresolvedAddressException,
content.edu.zd.intranet.bund.de,ConnectException > UnresolvedAddressException,
content.prod.gsb.badv.intranet.bund.de,HttpConnectTimeoutException > ConnectException: HTTP connect timed out,
content.prod.gsb.bmf.intranet.bund.de,ConnectException > UnresolvedAddressException,
content.prod.gsb.stba.intranet.bund.de,ConnectException > UnresolvedAddressException,
content.schul.gsb.stba.intranet.bund.de,ConnectException > UnresolvedAddressException,
contentbadv.stu.zd.intranet.bund.de,ConnectException > UnresolvedAddressException,
contentbka.stu.zd.intranet.bund.de,ConnectException > UnresolvedAddressException,
contentbzst.stu.zd.intranet.bund.de,ConnectException > UnresolvedAddressException,
contentitzbund.stu.zd.intranet.bund.de,HttpConnectTimeoutException > ConnectException: HTTP connect timed out,
contentkkn.stu.zd.intranet.bund.de,ConnectException > UnresolvedAddressException,
contentstba.stu.zd.intranet.bund.de,ConnectException > UnresolvedAddressException,
contentzoll.stu.zd.intranet.bund.de,ConnectException > UnresolvedAddressException,
contra.bka.stu.zd.intranet.bund.de,ConnectException > UnresolvedAddressException,
cpanel.bas.bund.de,HttpConnectTimeoutException > ConnectException: HTTP connect timed out,
cpcalendars.bas.bund.de,HttpConnectTimeoutException > ConnectException: HTTP connect timed out,
cpcontacts.bas.bund.de,HttpConnectTimeoutException > ConnectException: HTTP connect timed out,
crowd.zssi.ivbb.bund.de,ConnectException > UnresolvedAddressException,
csgbmg.res.bund.de,HttpConnectTimeoutException > ConnectException: HTTP connect timed out,
ctx01.bmwi.bund.de,302,
ctx02.bmwi.bund.de,HttpConnectTimeoutException > ConnectException: HTTP connect timed out,
ctx03.bmwi.bund.de,HttpConnectTimeoutException > ConnectException: HTTP connect timed out,
ctxadmin.intranet.bva.bund.de,ConnectException > UnresolvedAddressException,
culbase.fli.bund.de,ConnectException > UnresolvedAddressException,
dafa-redaktion.ti.bund.de,ConnectException > UnresolvedAddressException,
datasync.bfr.bund.de,ConnectException > UnresolvedAddressException,
datscha.badv.zd.intranet.bund.de,ConnectException > UnresolvedAddressException,
datscha.baf.zd.intranet.bund.de,HttpConnectTimeoutException > ConnectException: HTTP connect timed out,
datscha.bamf.zd.intranet.bund.de,HttpConnectTimeoutException > ConnectException: HTTP connect timed out,
datscha.bfe.bund.de,ConnectException > UnresolvedAddressException,
datscha.bpol.zd.intranet.bund.de,ConnectException > UnresolvedAddressException,
de-srs-test1.bfarm.intranet.bund.de,ConnectException > UnresolvedAddressException,
de-srs-test2.bfarm.intranet.bund.de,ConnectException > UnresolvedAddressException,
de-srs-test3.bfarm.intranet.bund.de,ConnectException > UnresolvedAddressException,
de-srs.bfarm.intranet.bund.de,ConnectException > UnresolvedAddressException,
deine-digitale-seite.bsi.bund.de,HttpConnectTimeoutException > ConnectException: HTTP connect timed out,
demail.zd.res.bund.de,ConnectException > UnresolvedAddressException,
demo-shp.cloud.bund.de,HttpConnectTimeoutException > ConnectException: HTTP connect timed out,
demografieportal.bund.de,SSLHandshakeException: (handshake_failure) Received fatal alert: handshake_failure,
dev-api.gesund.bund.de,SSLHandshakeException > CertificateException: No subject alternative DNS name matching dev-api.gesund.bund.de found.,
dev-extranet.ti.bund.de,ConnectException > UnresolvedAddressException,
dev-intranet.ti.bund.de,ConnectException > UnresolvedAddressException,
dev.gesund.bund.de,SSLHandshakeException > CertificateException: No subject alternative DNS name matching dev.gesund.bund.de found.,
dfs.bund.de,HttpConnectTimeoutException > ConnectException: HTTP connect timed out,
dialin.fli.bund.de,HttpConnectTimeoutException > ConnectException: HTTP connect timed out,
diger.bmi.bund.de,ConnectException > NoRouteToHostException: Host is unreachable,
dk.fli.bund.de,ConnectException > UnresolvedAddressException,
dlz.bund.de,HttpConnectTimeoutException > ConnectException: HTTP connect timed out,
dlzportal1.preview.stage.dlzportal.intranet.bund.de,HttpConnectTimeoutException > ConnectException: HTTP connect timed out,
dlzportal1.stage.dlzportal.intranet.bund.de,ConnectException > UnresolvedAddressException,
dlzportal2.preview.stage.dlzportal.intranet.bund.de,ConnectException > UnresolvedAddressException,
dlzportal2.stage.dlzportal.intranet.bund.de,ConnectException > UnresolvedAddressException,
dmar01-bhv.ad.ti.bund.de,HttpConnectTimeoutException > ConnectException: HTTP connect timed out,
dnb-agsdd-preview.stu.zd.intranet.bund.de,HttpConnectTimeoutException > ConnectException: HTTP connect timed out,
dnb-agsdd.preview.kkn.zd.intranet.bund.de,ConnectException > UnresolvedAddressException,
dnb-agsdd.stu.zd.intranet.bund.de,ConnectException > UnresolvedAddressException,
dnb-editor-preview.stu.zd.intranet.bund.de,HttpConnectTimeoutException > ConnectException: HTTP connect timed out,
dnb-editor.preview.kkn.zd.intranet.bund.de,ConnectException > UnresolvedAddressException,
dnb-nestor-preview.stu.zd.intranet.bund.de,ConnectException > UnresolvedAddressException,
dnb-nestor.preview.kkn.zd.intranet.bund.de,ConnectException > UnresolvedAddressException,
dnb-nestor.stu.zd.intranet.bund.de,ConnectException > UnresolvedAddressException,
dnb.preview.kkn.zd.intranet.bund.de,HttpConnectTimeoutException > ConnectException: HTTP connect timed out,
dnb.preview.stu.zd.intranet.bund.de,HttpConnectTimeoutException > ConnectException: HTTP connect timed out,
dnb.stu.zd.intranet.bund.de,HttpConnectTimeoutException > ConnectException: HTTP connect timed out,
dnbweb-agsdd-preview.stu.zd.intranet.bund.de,ConnectException > UnresolvedAddressException,
dnbweb-agsdd.preview.kkn.zd.intranet.bund.de,ConnectException > UnresolvedAddressException,
dnbweb-editor-preview.stu.zd.intranet.bund.de,HttpConnectTimeoutException > ConnectException: HTTP connect timed out,
dnbweb-editor.preview.kkn.zd.intranet.bund.de,ConnectException > UnresolvedAddressException,
dnbweb-nestor-preview.stu.zd.intranet.bund.de,ConnectException > UnresolvedAddressException,
dnbweb-nestor.preview.kkn.zd.intranet.bund.de,ConnectException > UnresolvedAddressException,
dnbweb-preview.stu.zd.intranet.bund.de,ConnectException > UnresolvedAddressException,
dnbweb.preview.kkn.zd.intranet.bund.de,ConnectException > UnresolvedAddressException,
dnbweb.stu.zd.intranet.bund.de,HttpConnectTimeoutException > ConnectException: HTTP connect timed out,
docforms-extras.bfr.bund.de,ConnectException > UnresolvedAddressException,
docforms-schulung.bfr.bund.de,ConnectException > UnresolvedAddressException,
docforms-terminuebersicht.bfr.bund.de,ConnectException > UnresolvedAddressException,
docforms-test.bfr.bund.de,ConnectException > UnresolvedAddressException,
docforms.bfr.bund.de,ConnectException > UnresolvedAddressException,
doku.gsb.bund.de,HttpConnectTimeoutException > ConnectException: HTTP connect timed out,
doku.zssi.ivbb.bund.de,ConnectException > UnresolvedAddressException,
donauausbau-preview.service.res.bund.de,HttpConnectTimeoutException > ConnectException: HTTP connect timed out,
dorfwettbewerb.bund.de,301,
download.ausweisapp.bund.de,ConnectException > UnresolvedAddressException,
download.bfr.bund.de,SSLHandshakeException > ValidatorException > SunCertPathBuilderException: unable to find valid certification path to requested target,
download.gsb.bund.de,400,
dpma.fazitweb.intranet.bund.de,HttpConnectTimeoutException > ConnectException: HTTP connect timed out,
drm.bka.stu.zd.intranet.bund.de,ConnectException > UnresolvedAddressException,
druid-preview.service.res.bund.de,ConnectException > UnresolvedAddressException,
dtu.pnr.bva.ivbb.bund.de,ConnectException > UnresolvedAddressException,
dvirt.bkg.bund.de,ConnectException > ClosedChannelException,
dvtu-isrv02-lb.itz.res.bund.de,ConnectException > UnresolvedAddressException,
dvtu-test.itz.res.bund.de,ConnectException > UnresolvedAddressException,
e-beschaffung.bund.de,303,
e-id.bva.bund.de,400,
eas.p1.bc.zd.intranet.bund.de,HttpConnectTimeoutException > ConnectException: HTTP connect timed out,
eas.p2.bc.zd.intranet.bund.de,ConnectException > UnresolvedAddressException,
easb-test.bfr.bund.de,HttpConnectTimeoutException > ConnectException: HTTP connect timed out,
easb.bfr.bund.de,ConnectException > UnresolvedAddressException,
easbws.bfr.bund.de,ConnectException > UnresolvedAddressException,
eat-bfr.bfr.bund.de,HttpConnectTimeoutException > ConnectException: HTTP connect timed out,
eat-vegan-bfr.bfr.bund.de,ConnectException > UnresolvedAddressException,
eba-editor.service.res.bund.de,ConnectException > UnresolvedAddressException,
eba-preview.service.res.bund.de,ConnectException > UnresolvedAddressException,
eba.bund.de,HttpConnectTimeoutException > ConnectException: HTTP connect timed out,
ebaera-preview.service.res.bund.de,ConnectException > UnresolvedAddressException,
ebaeub-preview.service.res.bund.de,HttpConnectTimeoutException > ConnectException: HTTP connect timed out,
ebaweb-dzsf-editor.service.res.bund.de,ConnectException > UnresolvedAddressException,
ebaweb-dzsf-preview.service.res.bund.de,HttpConnectTimeoutException > ConnectException: HTTP connect timed out,
ebaweb-editor.service.res.bund.de,ConnectException > UnresolvedAddressException,
ebaweb-era-preview.service.res.bund.de,ConnectException > UnresolvedAddressException,
ebaweb-eub-preview.service.res.bund.de,HttpConnectTimeoutException > ConnectException: HTTP connect timed out,
ebaweb-nb-preview.service.res.bund.de,ConnectException > UnresolvedAddressException,
ebaweb-preview.service.res.bund.de,HttpConnectTimeoutException > ConnectException: HTTP connect timed out,
ebc-editor.service.res.bund.de,ConnectException > UnresolvedAddressException,
ebc-preview.service.res.bund.de,ConnectException > UnresolvedAddressException,
ebrm.bkg.bund.de,HttpConnectTimeoutException > ConnectException: HTTP connect timed out,
eccairs.itz.res.bund.de,ConnectException > UnresolvedAddressException,
ecert-test.bvl.bund.de,200,
ecert.bvl.bund.de,HttpConnectTimeoutException > ConnectException: HTTP connect timed out,
econference.bva.intranet.bund.de,ConnectException > UnresolvedAddressException,
edata.dlz-it.res.bund.de,ConnectException > UnresolvedAddressException,
edata.itz.res.bund.de,HttpConnectTimeoutException > ConnectException: HTTP connect timed out,
editor-prod-mcloud.itz.res.bund.de,HttpConnectTimeoutException > ConnectException: HTTP connect timed out,
editor.bund.de,303,
edu.daisy.bva.bund.de,HttpConnectTimeoutException > ConnectException: HTTP connect timed out,
edu.tms.bva.intranet.bund.de,ConnectException > UnresolvedAddressException,
eenet.bka.stu.zd.intranet.bund.de,ConnectException > UnresolvedAddressException,
eetssig.bag.bund.de,ConnectException > UnresolvedAddressException,
eetssigt.bag.bund.de,ConnectException > UnresolvedAddressException,
ehrenamt.bund.de,HttpConnectTimeoutException > ConnectException: HTTP connect timed out,
ehrungsaufgaben-bva.zd.intranet.bund.de,ConnectException > UnresolvedAddressException,
einstuf.bfr.bund.de,ConnectException > UnresolvedAddressException,
elan1.bafa.bund.de,301,
elan5.bafa.bund.de,HttpConnectTimeoutException > ConnectException: HTTP connect timed out,
elearning.daisy.bva.bund.de,ConnectException > UnresolvedAddressException,
elwis-statview.itz.res.bund.de,ConnectException > UnresolvedAddressException,
emac2.fli.bund.de,ConnectException > UnresolvedAddressException,
emm.jki.bund.de,ConnectException > UnresolvedAddressException,
emsverbesserung-preview.service.res.bund.de,ConnectException > UnresolvedAddressException,
enable-now-int.itz.res.bund.de,ConnectException > UnresolvedAddressException,
enable-now-test.itz.res.bund.de,ConnectException > UnresolvedAddressException,
enable-now.itz.res.bund.de,ConnectException > UnresolvedAddressException,
enap.bund.de,302,
enap.ivbb.bund.de,HttpConnectTimeoutException > ConnectException: HTTP connect timed out,
enorm-download.gsb.bund.de,ConnectException > UnresolvedAddressException,
enorm.bund.de,303,
epizone.fli.bund.de,HttpConnectTimeoutException > ConnectException: HTTP connect timed out,
equal-ii-online.bmas.bund.de,HttpConnectTimeoutException > ConnectException: HTTP connect timed out,
era.bund.de,ConnectException > UnresolvedAddressException,
eroom.bva.bund.de,HttpConnectTimeoutException > ConnectException: HTTP connect timed out,
esb-test.mach.intranet.bund.de,HttpConnectTimeoutException > ConnectException: HTTP connect timed out,
esb.mach.intranet.bund.de,ConnectException > UnresolvedAddressException,
eservice-qa-2014.dlz-it.res.bund.de,HttpConnectTimeoutException > ConnectException: HTTP connect timed out,
eservice-qa2-2014.dlz-it.res.bund.de,ConnectException > UnresolvedAddressException,
eservice-test.ba-dlz-it.bund.de,ConnectException > UnresolvedAddressException,
eservice-test.dlz-it.bvbs.bund.de,ConnectException > UnresolvedAddressException,
eservice.itz.res.bund.de,HttpConnectTimeoutException > ConnectException: HTTP connect timed out,
eservice2.itz.res.bund.de,ConnectException > UnresolvedAddressException,
eservice3.itz.res.bund.de,ConnectException > UnresolvedAddressException,
etu.daisy.bva.bund.de,HttpConnectTimeoutException > ConnectException: HTTP connect timed out,
etu.isasonline.bva.bund.de,HttpConnectTimeoutException > ConnectException: HTTP connect timed out,
eub.bund.de,ConnectException > UnresolvedAddressException,
euginius.bvl.bund.de,301,
eumonitoring.bfr.bund.de,ConnectException > UnresolvedAddressException,
events.bmi.bund.de,HttpConnectTimeoutException > ConnectException: HTTP connect timed out,
evrs.bkg.bund.de,303,
ewisa.baw.res.bund.de,ConnectException > UnresolvedAddressException,
ews.p1.bc.zd.intranet.bund.de,HttpConnectTimeoutException > ConnectException: HTTP connect timed out,
ews.p2.bc.zd.intranet.bund.de,ConnectException > UnresolvedAddressException,
exp-e-cluster.viko.dlz-it.res.bund.de,ConnectException > UnresolvedAddressException,
expertennetzwerk-editor.service.res.bund.de,ConnectException > UnresolvedAddressException,
expertennetzwerk-preview.service.res.bund.de,ConnectException > UnresolvedAddressException,
expertenpool.bfr.bund.de,HttpConnectTimeoutException > ConnectException: HTTP connect timed out,
expertensuche.gesund.bund.de,HttpConnectTimeoutException > ConnectException: HTTP connect timed out,
export.service.bund.de,303,
extranet.bafa.bund.de,303,
extranet.ti.bund.de,ConnectException > UnresolvedAddressException,
ezeitplanung.bmi.bund.de,ConnectException > UnresolvedAddressException,
fa.basys.intranet.bund.de,ConnectException > UnresolvedAddressException,
fba-editor-preview.stu.zd.intranet.bund.de,HttpConnectTimeoutException > ConnectException: HTTP connect timed out,
fba-editor.preview.kkn.zd.intranet.bund.de,ConnectException > UnresolvedAddressException,
fba-editor.service.res.bund.de,ConnectException > UnresolvedAddressException,
fba-preview.service.res.bund.de,ConnectException > UnresolvedAddressException,
fba-preview.stu.zd.intranet.bund.de,ConnectException > UnresolvedAddressException,
fba.bund.de,303,
fba.preview.kkn.zd.intranet.bund.de,ConnectException > UnresolvedAddressException,
fba.stu.zd.intranet.bund.de,HttpConnectTimeoutException > ConnectException: HTTP connect timed out,
fg01.bafa.bund.de,HttpConnectTimeoutException > ConnectException: HTTP connect timed out,
fgs-preview.service.res.bund.de,ConnectException > UnresolvedAddressException,
fis-vl-test.bvl.bund.de,HttpConnectTimeoutException > ConnectException: HTTP connect timed out,
fis-vl.bund.de,302,
fis-vl.bvl.bund.de,302,
fis.bbk.bund.de,400,
fli.bund.de,HttpConnectTimeoutException > ConnectException: HTTP connect timed out,
flufus.dlz-it.res.bund.de,ConnectException > UnresolvedAddressException,
fmm-preview.service.res.bund.de,ConnectException > UnresolvedAddressException,
fmn-preview.service.res.bund.de,ConnectException > UnresolvedAddressException,
fms-editor-preview.stu.zd.intranet.bund.de,HttpConnectTimeoutException > ConnectException: HTTP connect timed out,
fms-preview.service.res.bund.de,HttpConnectTimeoutException > ConnectException: HTTP connect timed out,
fms-preview.stu.zd.intranet.bund.de,ConnectException > UnresolvedAddressException,
fms.bag.bund.de,ConnectException > UnresolvedAddressException,
fms.stba.intranet.bund.de,ConnectException > UnresolvedAddressException,
fms.stu.zd.intranet.bund.de,ConnectException > UnresolvedAddressException,
fmsw-preview.service.res.bund.de,ConnectException > UnresolvedAddressException,
foerderinfo.bund.de,303,
foerderportal.bund.de,HttpConnectTimeoutException > ConnectException: HTTP connect timed out,
foodrisklabs.bfr.bund.de,302,
formgenerator.fli.bund.de,ConnectException > UnresolvedAddressException,
formularcenter.bvl.bund.de,HttpConnectTimeoutException > ConnectException: HTTP connect timed out,
formulare.zd.intranet.bund.de,HttpConnectTimeoutException > ConnectException: HTTP connect timed out,
forschung.bmbf.bund.de,HttpConnectTimeoutException > ConnectException: HTTP connect timed out,
forum.bfdi.bund.de,200,
forum.nfb-db.fli.bund.de,ConnectException > UnresolvedAddressException,
forum.tsn.fli.bund.de,ConnectException > UnresolvedAddressException,
ftu.daisy.bva.bund.de,HttpConnectTimeoutException > ConnectException: HTTP connect timed out,
ftu.isasonline.bva.bund.de,HttpConnectTimeoutException > ConnectException: HTTP connect timed out,
fvt-preview.service.res.bund.de,HttpConnectTimeoutException > ConnectException: HTTP connect timed out,
gancq.fli.bund.de,ConnectException > UnresolvedAddressException,
gdi.fli.bund.de,HttpConnectTimeoutException > ConnectException: HTTP connect timed out,
gdi.ti.bund.de,ConnectException > UnresolvedAddressException,
gdi.vti.bund.de,ConnectException > UnresolvedAddressException,
gdws-editor.service.res.bund.de,ConnectException > UnresolvedAddressException,
gdws-preview.service.res.bund.de,ConnectException > UnresolvedAddressException,
gdws.wsv.bund.de,301,
gdwscouching-editor.service.res.bund.de,HttpConnectTimeoutException > ConnectException: HTTP connect timed out,
gdwscouching-preview.service.res.bund.de,HttpConnectTimeoutException > ConnectException: HTTP connect timed out,
gdz-dop.bkg.bund.de,HttpConnectTimeoutException > ConnectException: HTTP connect timed out,
gdz.bkg.bund.de,HttpConnectTimeoutException > ConnectException: HTTP connect timed out,
gemfa.bzst.bund.de,SSLHandshakeException > ValidatorException > SunCertPathBuilderException: unable to find valid certification path to requested target,
genucenter.bfr.bund.de,ConnectException > UnresolvedAddressException,
geobee.jki.bund.de,HttpConnectTimeoutException > ConnectException: HTTP connect timed out,
geoportal-alt.wsv.res.bund.de,ConnectException > UnresolvedAddressException,
germvet.bvl.bund.de,SSLHandshakeException > ValidatorException > SunCertPathBuilderException: unable to find valid certification path to requested target,
gesamtkonzept-elbe-preview.service.res.bund.de,ConnectException > UnresolvedAddressException,
gesund.bund.de,200,
gifas1.bfr.bund.de,ConnectException > UnresolvedAddressException,
gifas2.bfr.bund.de,ConnectException > UnresolvedAddressException,
gigis-ds.bkg.bund.de,HttpConnectTimeoutException > ConnectException: HTTP connect timed out,
gigis-s.bkg.bund.de,ConnectException > UnresolvedAddressException,
gigis.bkg.bund.de,ConnectException > UnresolvedAddressException,
git.zssi.ivbb.bund.de,ConnectException > UnresolvedAddressException,
gleib-test.bfr.bund.de,ConnectException > UnresolvedAddressException,
gleib.bfr.bund.de,ConnectException > UnresolvedAddressException,
global.bvl.bund.de,SSLHandshakeException > ValidatorException > SunCertPathBuilderException: unable to find valid certification path to requested target,
global.fli.bund.de,ConnectException > UnresolvedAddressException,
gntrans-qs.itz.res.bund.de,ConnectException > UnresolvedAddressException,
gntrans-qs.wsv.res.bund.de,ConnectException > UnresolvedAddressException,
gntrans-t.itz.res.bund.de,HttpConnectTimeoutException > ConnectException: HTTP connect timed out,
gntrans.itz.res.bund.de,ConnectException > UnresolvedAddressException,
goaml-test.zfd.bund.de,HttpConnectTimeoutException > ConnectException: HTTP connect timed out,
goaml.fiu.bund.de,303,
gref.bkg.bund.de,HttpConnectTimeoutException > ConnectException: HTTP connect timed out,
grossgeraete-kalender.bfr.bund.de,ConnectException > UnresolvedAddressException,
gsb-sl.gsb.bund.de,ConnectException > UnresolvedAddressException,
gsb.awstats.bva.bund.de,HttpConnectTimeoutException > ConnectException: HTTP connect timed out,
gsb.bund.de,HttpConnectTimeoutException > ConnectException: HTTP connect timed out,
gsb.bva.bund.de,ConnectException > UnresolvedAddressException,
gsb.download.bva.bund.de,HttpConnectTimeoutException > ConnectException: HTTP connect timed out,
gsb.intranet.bund.de,ConnectException > UnresolvedAddressException,
gsbadmin-badv-preview.atu.gsb.badv.intranet.bund.de,HttpConnectTimeoutException > ConnectException: HTTP connect timed out,
gsbadmin-badv.atu.gsb.badv.intranet.bund.de,ConnectException > UnresolvedAddressException,
gsbadmin-editor.edu.zd.intranet.bund.de,ConnectException > UnresolvedAddressException,
gsbadmin-preview-inter.service.res.bund.de,ConnectException > UnresolvedAddressException,
gsbadmin-preview.atu.gsb.stba.intranet.bund.de,ConnectException > UnresolvedAddressException,
gsbadmin-preview.edu.zd.intranet.bund.de,HttpConnectTimeoutException > ConnectException: HTTP connect timed out,
gsbadmin-preview.prod.gsb.bmf.intranet.bund.de,ConnectException > UnresolvedAddressException,
gsbadmin-preview.prod.gsb.stba.intranet.bund.de,ConnectException > UnresolvedAddressException,
gsbadmin-preview.schul.gsb.stba.intranet.bund.de,ConnectException > UnresolvedAddressException,
gsbadmin-preview.service.res.bund.de,ConnectException > UnresolvedAddressException,
gsbadmin.atu.gsb.stba.intranet.bund.de,ConnectException > UnresolvedAddressException,
gsbadmin.edu.zd.intranet.bund.de,HttpConnectTimeoutException > ConnectException: HTTP connect timed out,
gsbadmin.preview.kkn.zd.intranet.bund.de,HttpConnectTimeoutException > ConnectException: HTTP connect timed out,
gsbadmin.schul.gsb.stba.intranet.bund.de,ConnectException > UnresolvedAddressException,
gsbadminbadv-preview.stu.zd.intranet.bund.de,ConnectException > UnresolvedAddressException,
gsbadminbadv.stu.zd.intranet.bund.de,ConnectException > UnresolvedAddressException,
gsbadminbka-preview.stu.zd.intranet.bund.de,ConnectException > UnresolvedAddressException,
gsbadminbka.stu.zd.intranet.bund.de,ConnectException > UnresolvedAddressException,
gsbadminbzst-preview.stu.zd.intranet.bund.de,ConnectException > UnresolvedAddressException,
gsbadminbzst.stu.zd.intranet.bund.de,ConnectException > UnresolvedAddressException,
gsbadmincas.service.res.bund.de,ConnectException > UnresolvedAddressException,
gsbadminitzbund-preview.stu.zd.intranet.bund.de,ConnectException > UnresolvedAddressException,
gsbadminitzbund.stu.zd.intranet.bund.de,ConnectException > UnresolvedAddressException,
gsbadminkkn-preview.stu.zd.intranet.bund.de,ConnectException > UnresolvedAddressException,
gsbadminkkn.stu.zd.intranet.bund.de,ConnectException > UnresolvedAddressException,
gsbadminzoll-preview.stu.zd.intranet.bund.de,ConnectException > UnresolvedAddressException,
gsbadminzoll.stu.zd.intranet.bund.de,ConnectException > UnresolvedAddressException,
gsbinternetadmin-preview.prod.gsb.badv.intranet.bund.de,ConnectException > UnresolvedAddressException,
gsbinternetadmin.prod.gsb.badv.intranet.bund.de,ConnectException > UnresolvedAddressException,
gsbintranetadmin-badv-preview.atu.gsb.badv.intranet.bund.de,ConnectException > UnresolvedAddressException,
gsbintranetadmin-badv.atu.gsb.badv.intranet.bund.de,ConnectException > UnresolvedAddressException,
gsbintranetadmin-preview.prod.gsb.bmf.intranet.bund.de,ConnectException > UnresolvedAddressException,
gsbintranetadminbadv-preview.stu.zd.intranet.bund.de,ConnectException > UnresolvedAddressException,
gsbintranetadminbadv.stu.zd.intranet.bund.de,ConnectException > UnresolvedAddressException,
gsbintranetadminbka-preview.stu.zd.intranet.bund.de,ConnectException > UnresolvedAddressException,
gsbintranetadminbka.stu.zd.intranet.bund.de,HttpConnectTimeoutException > ConnectException: HTTP connect timed out,
gsbintranetadminbzst-preview.stu.zd.intranet.bund.de,ConnectException > UnresolvedAddressException,
gsbintranetadminbzst.stu.zd.intranet.bund.de,ConnectException > UnresolvedAddressException,
gsbintranetadminitzbund-preview.stu.zd.intranet.bund.de,ConnectException > UnresolvedAddressException,
gsbintranetadminitzbund.stu.zd.intranet.bund.de,ConnectException > UnresolvedAddressException,
gsbintranetadminkkn-preview.stu.zd.intranet.bund.de,ConnectException > UnresolvedAddressException,
gsbintranetadminkkn.stu.zd.intranet.bund.de,ConnectException > UnresolvedAddressException,
gsbintranetadminzoll-preview.stu.zd.intranet.bund.de,ConnectException > UnresolvedAddressException,
gsbintranetadminzoll.stu.zd.intranet.bund.de,HttpConnectTimeoutException > ConnectException: HTTP connect timed out,
gsbschulung-editor-inter.service.res.bund.de,ConnectException > UnresolvedAddressException,
gsbschulung-preview-inter.service.res.bund.de,ConnectException > UnresolvedAddressException,
gutdok.bfr.bund.de,HttpConnectTimeoutException > ConnectException: HTTP connect timed out,
gw1.fli.bund.de,HttpConnectTimeoutException > ConnectException: HTTP connect timed out,
gw2.fli.bund.de,ConnectException > UnresolvedAddressException,
haushaltsportal-inte.bmf.intranet.bund.de,ConnectException > UnresolvedAddressException,
haushaltsportal-test.bmf.intranet.bund.de,ConnectException > UnresolvedAddressException,
haushaltsportal.bmf.intranet.bund.de,ConnectException > UnresolvedAddressException,
hdsv.bfr.bund.de,HttpConnectTimeoutException > ConnectException: HTTP connect timed out,
heimat.bund.de,307,
helpdesk-maagie-i.itz.res.bund.de,ConnectException > UnresolvedAddressException,
helpdesk-maagie-t.itz.res.bund.de,ConnectException > UnresolvedAddressException,
helpdesk-maagie.itz.res.bund.de,ConnectException > UnresolvedAddressException,
herkules.citrix.badv.intranet.bund.de,ConnectException > UnresolvedAddressException,
herkules.citrix.gslb.badv.intranet.bund.de,ConnectException > UnresolvedAddressException,
hjav-editor.prod.gsb.bmf.intranet.bund.de,ConnectException > UnresolvedAddressException,
hjav-preview.atu.gsb.bmf.intranet.bund.de,HttpConnectTimeoutException > ConnectException: HTTP connect timed out,
hjav-preview.prod.gsb.bmf.intranet.bund.de,ConnectException > UnresolvedAddressException,
hjav.atu.gsb.bmf.intranet.bund.de,ConnectException > UnresolvedAddressException,
hk-editor.service.res.bund.de,ConnectException > UnresolvedAddressException,
hk-preview.service.res.bund.de,HttpConnectTimeoutException > ConnectException: HTTP connect timed out,
hkr-belegpflege.bfr.bund.de,HttpConnectTimeoutException > ConnectException: HTTP connect timed out,
hkr-mittelpflege.bfr.bund.de,HttpConnectTimeoutException > ConnectException: HTTP connect timed out,
hkrweb.zd.intranet.bund.de,ConnectException > UnresolvedAddressException,
hsbund.fazitweb.intranet.bund.de,HttpConnectTimeoutException > ConnectException: HTTP connect timed out,
i.de-preview.service.res.bund.de,ConnectException > UnresolvedAddressException,
iam.test.dvdv.bmi.bund.de,HttpConnectTimeoutException > ConnectException: HTTP connect timed out,
ibnzs-docker-release-lokal.artifactory.zssi.ivbb.bund.de,ConnectException > UnresolvedAddressException,
ibnzs-docker-snapshot-lokal.artifactory.zssi.ivbb.bund.de,ConnectException > UnresolvedAddressException,
ibrecke-preview.service.res.bund.de,ConnectException > UnresolvedAddressException,
id-int.sportal.zd.intranet.bund.de,HttpConnectTimeoutException > ConnectException: HTTP connect timed out,
id-prod.sportal.zd.intranet.bund.de,HttpConnectTimeoutException > ConnectException: HTTP connect timed out,
id.bund.de,200,
ida.bkg.bund.de,ConnectException > UnresolvedAddressException,
idata.dlz-it.res.bund.de,HttpConnectTimeoutException > ConnectException: HTTP connect timed out,
idata.itz.res.bund.de,HttpConnectTimeoutException > ConnectException: HTTP connect timed out,
idev.stba.intranet.bund.de,ConnectException > UnresolvedAddressException,
idp.itz.res.bund.de,ConnectException > UnresolvedAddressException,
idp.mri.bund.de,ConnectException > UnresolvedAddressException,
ies.bmz.bund.de,HttpConnectTimeoutException > ConnectException: HTTP connect timed out,
ige-int-mcloud.itz.res.bund.de,ConnectException > UnresolvedAddressException,
ige-test-mcloud.itz.res.bund.de,ConnectException > UnresolvedAddressException,
igs.bkg.bund.de,HttpConnectTimeoutException > ConnectException: HTTP connect timed out,
igs3.bkg.bund.de,HttpConnectTimeoutException > ConnectException: HTTP connect timed out,
ihp-editor.service.res.bund.de,HttpConnectTimeoutException > ConnectException: HTTP connect timed out,
ihp-preview.service.res.bund.de,ConnectException > UnresolvedAddressException,
ilias-kolep.stu.intranet.bund.de,ConnectException > UnresolvedAddressException,
ilias.bva.intranet.bund.de,ConnectException > UnresolvedAddressException,
ilp00006.login.iaas.itz.cloud.intranet.bund.de,HttpConnectTimeoutException > ConnectException: HTTP connect timed out,
ilp00474.login.iaas.stba.cloud.intranet.bund.de,ConnectException > UnresolvedAddressException,
ilp00824.iamservice.iaas.itz.cloud.intranet.bund.de,ConnectException > UnresolvedAddressException,
ilp01144.iamservice.iaas.itz.cloud.intranet.bund.de,ConnectException > UnresolvedAddressException,
ilp01145.iamservice.iaas.itz.cloud.intranet.bund.de,ConnectException > UnresolvedAddressException,
ilp01146.iamservice.iaas.itz.cloud.intranet.bund.de,ConnectException > UnresolvedAddressException,
ilp01147.iamservice.iaas.itz.cloud.intranet.bund.de,ConnectException > UnresolvedAddressException,
ilp01148.iamservice.iaas.itz.cloud.intranet.bund.de,ConnectException > UnresolvedAddressException,
ilp01149.iamservice.iaas.itz.cloud.intranet.bund.de,ConnectException > UnresolvedAddressException,
ilp01150.iamservice.iaas.itz.cloud.intranet.bund.de,ConnectException > UnresolvedAddressException,
ilp01151.iamservice.iaas.itz.cloud.intranet.bund.de,ConnectException > UnresolvedAddressException,
ilp01740.login.iaas.bva.cloud.intranet.bund.de,ConnectException > UnresolvedAddressException,
ilp02114.login.iaas.bamf.cloud.intranet.bund.de,ConnectException > UnresolvedAddressException,
ilp02513.login.iaas.bmi.cloud.intranet.bund.de,ConnectException > UnresolvedAddressException,
imap.bs.bvl.bund.de,ConnectException > UnresolvedAddressException,
imap.p1.bc.zd.intranet.bund.de,ConnectException > UnresolvedAddressException,
imap.p2.bc.zd.intranet.bund.de,ConnectException > UnresolvedAddressException,
imap.ti.bund.de,ConnectException > UnresolvedAddressException,
in-step-i.wsv.res.bund.de,HttpConnectTimeoutException > ConnectException: HTTP connect timed out,
in-step-t.wsv.res.bund.de,HttpConnectTimeoutException > ConnectException: HTTP connect timed out,
in-step.wsv.res.bund.de,ConnectException > UnresolvedAddressException,
info.bbr.bund.de,HttpConnectTimeoutException > ConnectException: HTTP connect timed out,
info.bcsv.cloud.intranet.bund.de,ConnectException > UnresolvedAddressException,
info.cloud.intranet.bund.de,HttpConnectTimeoutException > ConnectException: HTTP connect timed out,
infosystem-easb.bfr.bund.de,ConnectException > UnresolvedAddressException,
infosystem-fgr62.bfr.bund.de,HttpConnectTimeoutException > ConnectException: HTTP connect timed out,
inkasso-lb.wsv.bund.de,200,
inkasso-web.wsv.bund.de,200,
inkasso.wsv.bund.de,ConnectException > UnresolvedAddressException,
innerersicherheitsfond.bka.stu.zd.intranet.bund.de,ConnectException > UnresolvedAddressException,
inside.ti.bund.de,ConnectException > UnresolvedAddressException,
inside2.ti.bund.de,HttpConnectTimeoutException > ConnectException: HTTP connect timed out,
int.bpm.bzst.intranet.bund.de,ConnectException > UnresolvedAddressException,
internet-editor.atu.gsb.stba.intranet.bund.de,HttpConnectTimeoutException > ConnectException: HTTP connect timed out,
internet-editor.prod.gsb.stba.intranet.bund.de,ConnectException > UnresolvedAddressException,
internet-editor.schul.gsb.stba.intranet.bund.de,ConnectException > UnresolvedAddressException,
internet-preview.atu.gsb.stba.intranet.bund.de,ConnectException > UnresolvedAddressException,
internet-preview.prod.gsb.stba.intranet.bund.de,ConnectException > UnresolvedAddressException,
internet-preview.schul.gsb.stba.intranet.bund.de,HttpConnectTimeoutException > ConnectException: HTTP connect timed out,
internet.atu.gsb.stba.intranet.bund.de,ConnectException > UnresolvedAddressException,
internet.schul.gsb.stba.intranet.bund.de,ConnectException > UnresolvedAddressException,
interreg-preview.service.res.bund.de,HttpConnectTimeoutException > ConnectException: HTTP connect timed out,
interreg2014-preview.service.res.bund.de,ConnectException > UnresolvedAddressException,
intranet-editor.atu.gsb.stba.intranet.bund.de,ConnectException > UnresolvedAddressException,
intranet-editor.prod.gsb.stba.intranet.bund.de,ConnectException > UnresolvedAddressException,
intranet-editor.schul.gsb.stba.intranet.bund.de,ConnectException > UnresolvedAddressException,
intranet-preview.atu.gsb.stba.intranet.bund.de,ConnectException > UnresolvedAddressException,
intranet-preview.prod.gsb.stba.intranet.bund.de,ConnectException > UnresolvedAddressException,
intranet-preview.schul.gsb.stba.intranet.bund.de,ConnectException > UnresolvedAddressException,
intranet.atu.gsb.stba.intranet.bund.de,ConnectException > UnresolvedAddressException,
intranet.schul.gsb.stba.intranet.bund.de,ConnectException > UnresolvedAddressException,
intranet.ti.bund.de,HttpConnectTimeoutException > ConnectException: HTTP connect timed out,
inuw-preview.service.res.bund.de,HttpConnectTimeoutException > ConnectException: HTTP connect timed out,
isasonline.bva.bund.de,HttpConnectTimeoutException > ConnectException: HTTP connect timed out,
it-navigator.wsv.res.bund.de,HttpConnectTimeoutException > ConnectException: HTTP connect timed out,
itbestand.bfr.bund.de,ConnectException > UnresolvedAddressException,
itmeldung.bfr.bund.de,ConnectException > UnresolvedAddressException,
itr4web.itz.intranet.bund.de,ConnectException > UnresolvedAddressException,
itzbund-dfd-preview.stu.gsb.zd.intranet.bund.de,ConnectException > UnresolvedAddressException,
itzbund-dfd-preview.stu.zd.intranet.bund.de,HttpConnectTimeoutException > ConnectException: HTTP connect timed out,
itzbund-dfd.stu.gsb.zd.intranet.bund.de,ConnectException > UnresolvedAddressException,
itzbund-dfd.stu.zd.intranet.bund.de,ConnectException > UnresolvedAddressException,
itzbund-editor-preview.stu.zd.intranet.bund.de,ConnectException > UnresolvedAddressException,
itzbund-preview.stu.zd.intranet.bund.de,HttpConnectTimeoutException > ConnectException: HTTP connect timed out,
itzbund.stu.zd.intranet.bund.de,ConnectException > UnresolvedAddressException,
itzbundintranet.edu.zd.intranet.bund.de,ConnectException > UnresolvedAddressException,
itzintranet-editor-preview.stu.zd.intranet.bund.de,ConnectException > UnresolvedAddressException,
itzintranet-preview.stu.zd.intranet.bund.de,ConnectException > UnresolvedAddressException,
itzintranet.stu.zd.intranet.bund.de,HttpConnectTimeoutException > ConnectException: HTTP connect timed out,
iuclid53.bfr.bund.de,HttpConnectTimeoutException > ConnectException: HTTP connect timed out,
iuclid54.bfr.bund.de,ConnectException > UnresolvedAddressException,
ivbb.citrix.badv.intranet.bund.de,ConnectException > UnresolvedAddressException,
ivbb.citrix.ble.intranet.bund.de,HttpConnectTimeoutException > ConnectException: HTTP connect timed out,
ivbb.citrix.bpol.intranet.bund.de,HttpConnectTimeoutException > ConnectException: HTTP connect timed out,
ivbb.citrix.brh.intranet.bund.de,ConnectException > UnresolvedAddressException,
ivbb.citrix.bva.intranet.bund.de,HttpConnectTimeoutException > ConnectException: HTTP connect timed out,
ivbb.citrix.bzst.intranet.bund.de,ConnectException > UnresolvedAddressException,
ivbb.citrix.gslb.badv.intranet.bund.de,ConnectException > UnresolvedAddressException,
ivbb.citrix.gslb.ble.intranet.bund.de,ConnectException > UnresolvedAddressException,
ivbb.citrix.gslb.bpol.intranet.bund.de,ConnectException > UnresolvedAddressException,
ivbb.citrix.gslb.brh.intranet.bund.de,ConnectException > UnresolvedAddressException,
ivbb.citrix.gslb.bva.intranet.bund.de,ConnectException > UnresolvedAddressException,
ivbb.citrix.gslb.bzst.intranet.bund.de,ConnectException > UnresolvedAddressException,
ivbb.citrix.gslb.itz.intranet.bund.de,ConnectException > UnresolvedAddressException,
ivbb.citrix.itz.intranet.bund.de,ConnectException > UnresolvedAddressException,
ivbbab.bfr.bund.de,ConnectException > UnresolvedAddressException,
iwp01072.hiscoutdmz.iaas.itz.cloud.intranet.bund.de,ConnectException > UnresolvedAddressException,
iwp01132.hiscoutdmz.iaas.itz.cloud.intranet.bund.de,ConnectException > UnresolvedAddressException,
iwp01133.hiscoutdmz.iaas.itz.cloud.intranet.bund.de,HttpConnectTimeoutException > ConnectException: HTTP connect timed out,
iwp01148.hiscoutdmz.iaas.itz.cloud.intranet.bund.de,ConnectException > UnresolvedAddressException,
iwp02206.hiscoutdmz.iaas.itz.cloud.intranet.bund.de,HttpConnectTimeoutException > ConnectException: HTTP connect timed out,
iwp02207.hiscoutdmz.iaas.itz.cloud.intranet.bund.de,HttpConnectTimeoutException > ConnectException: HTTP connect timed out,
jira.zssi.ivbb.bund.de,HttpConnectTimeoutException > ConnectException: HTTP connect timed out,
k-applx-gtppr-01p.bag.bund.de,ConnectException > UnresolvedAddressException,
k-applx-gtppr-02p.bag.bund.de,ConnectException > UnresolvedAddressException,
k-applx-gtppr.bag.bund.de,HttpConnectTimeoutException > ConnectException: HTTP connect timed out,
k-ctx-shfile.bag.bund.de,HttpConnectTimeoutException > ConnectException: HTTP connect timed out,
k-pvs.bund.de,303,
k-tcrdp.bag.bund.de,HttpConnectTimeoutException > ConnectException: HTTP connect timed out,
k-webgtppr.bag.bund.de,ConnectException > UnresolvedAddressException,
k-webgtppr01.bag.bund.de,ConnectException > UnresolvedAddressException,
k-webgtppr02.bag.bund.de,ConnectException > UnresolvedAddressException,
karriere.bsi.bund.de,HttpConnectTimeoutException > ConnectException: HTTP connect timed out,
kasuistik.bfr.bund.de,HttpConnectTimeoutException > ConnectException: HTTP connect timed out,
katalog4.bfarm.intranet.bund.de,ConnectException > UnresolvedAddressException,
katalogportal.bvl.bund.de,307,
kavka.bund.de,200,
kba-editor.service.res.bund.de,ConnectException > UnresolvedAddressException,
kba-preview.service.res.bund.de,HttpConnectTimeoutException > ConnectException: HTTP connect timed out,
kdb.bund.de,303,
kkr-editor-preview.stu.zd.intranet.bund.de,HttpConnectTimeoutException > ConnectException: HTTP connect timed out,
kkr-preview.stu.zd.intranet.bund.de,ConnectException > UnresolvedAddressException,
kkr.stu.zd.intranet.bund.de,HttpConnectTimeoutException > ConnectException: HTTP connect timed out,
kkrinternet-editor-preview.stu.zd.intranet.bund.de,ConnectException > UnresolvedAddressException,
kkrinternet-preview.stu.zd.intranet.bund.de,ConnectException > UnresolvedAddressException,
kkrinternet.stu.zd.intranet.bund.de,ConnectException > UnresolvedAddressException,
kleinfahrzeuge-test.wsv.res.bund.de,ConnectException > UnresolvedAddressException,
kleinfahrzeuge.wsv.res.bund.de,HttpConnectTimeoutException > ConnectException: HTTP connect timed out,
klimaportal-preview-editor.service.res.bund.de,ConnectException > UnresolvedAddressException,
klimaportal-preview.service.res.bund.de,ConnectException > UnresolvedAddressException,
klimaps.jki.bund.de,HttpConnectTimeoutException > ConnectException: HTTP connect timed out,
klimavorsorgeportal-preview.service.res.bund.de,ConnectException > UnresolvedAddressException,
klimawa.de-editor.service.res.bund.de,HttpConnectTimeoutException > ConnectException: HTTP connect timed out,
klimawa.de-preview.service.res.bund.de,ConnectException > UnresolvedAddressException,
klimawandel-editor.service.res.bund.de,ConnectException > UnresolvedAddressException,
klimawandel-preview.service.res.bund.de,ConnectException > UnresolvedAddressException,
kliwas-preview.service.res.bund.de,ConnectException > UnresolvedAddressException,
klr-berichte.bfr.bund.de,ConnectException > UnresolvedAddressException,
klrbi.bfr.bund.de,ConnectException > UnresolvedAddressException,
klrweb-test.bfr.bund.de,ConnectException > UnresolvedAddressException,
klrweb.bfr.bund.de,ConnectException > UnresolvedAddressException,
kolep.bva.bund.de,200,
kongress.bfr.bund.de,ConnectException > UnresolvedAddressException,
kosmetik.bvl.bund.de,301,
kpvs-editor-preview.stu.zd.intranet.bund.de,ConnectException > UnresolvedAddressException,
kpvs-preview.stu.zd.intranet.bund.de,ConnectException > UnresolvedAddressException,
kpvs.edu.zd.intranet.bund.de,ConnectException > UnresolvedAddressException,
kpvs.stu.zd.intranet.bund.de,ConnectException > UnresolvedAddressException,
kpvsintranet-editor-preview.stu.zd.intranet.bund.de,ConnectException > UnresolvedAddressException,
kpvsintranet-preview.stu.zd.intranet.bund.de,ConnectException > UnresolvedAddressException,
kpvsintranet.stu.zd.intranet.bund.de,HttpConnectTimeoutException > ConnectException: HTTP connect timed out,
kubernetes.zssi.ivbb.bund.de,ConnectException > UnresolvedAddressException,
kuestendaten.zdm-import-prod.wsv.bvbs.bund.de,ConnectException > UnresolvedAddressException,
kuestendaten.zdm-import-prod.wsv.res.bund.de,ConnectException > UnresolvedAddressException,
kuestendaten.zdm-import-test.wsv.bvbs.bund.de,ConnectException > UnresolvedAddressException,
kuestendaten.zdm-import-test.wsv.res.bund.de,HttpConnectTimeoutException > ConnectException: HTTP connect timed out,
kuestendaten.zdm-portale-prod.wsv.bvbs.bund.de,ConnectException > UnresolvedAddressException,
kuestendaten.zdm-portale-prod.wsv.res.bund.de,ConnectException > UnresolvedAddressException,
kuestendaten.zdm-portale-test.wsv.bvbs.bund.de,ConnectException > UnresolvedAddressException,
kuestendaten.zdm-portale-test.wsv.res.bund.de,ConnectException > UnresolvedAddressException,
kvb-editor.service.res.bund.de,ConnectException > UnresolvedAddressException,
kvb-preview.service.res.bund.de,ConnectException > UnresolvedAddressException,
kvb.bund.de,301,
kvbpdf.kvb.bund.de,ConnectException > UnresolvedAddressException,
kvi-twinning.fli.bund.de,ConnectException > UnresolvedAddressException,
lba2013-editor.service.res.bund.de,ConnectException > UnresolvedAddressException,
lba2013-preview.service.res.bund.de,ConnectException > UnresolvedAddressException,
lbaweb-editor.service.res.bund.de,HttpConnectTimeoutException > ConnectException: HTTP connect timed out,
lbaweb-preview.service.res.bund.de,ConnectException > UnresolvedAddressException,
lcadm.bfr.bund.de,ConnectException > UnresolvedAddressException,
ldap.itz.res.bund.de,ConnectException > UnresolvedAddressException,
ldap.zd.res.bund.de,HttpConnectTimeoutException > ConnectException: HTTP connect timed out,
lebensministerium.bund.de,301,
lehre.fli.bund.de,HttpConnectTimeoutException > ConnectException: HTTP connect timed out,
leistra-preview.service.res.bund.de,HttpConnectTimeoutException > ConnectException: HTTP connect timed out,
lernen.eba.bund.de,HttpConnectTimeoutException > ConnectException: HTTP connect timed out,
lernplattform.bund.de,HttpConnectTimeoutException > ConnectException: HTTP connect timed out,
license.itz.res.bund.de,ConnectException > UnresolvedAddressException,
licenseservice.itz.res.bund.de,ConnectException > UnresolvedAddressException,
lieferanten.bfr.bund.de,ConnectException > UnresolvedAddressException,
liquidtabs.bfr.bund.de,ConnectException > ClosedChannelException,
list.demografieportal.bund.de,HttpConnectTimeoutException > ConnectException: HTTP connect timed out,
list.sozialwerk.bund.de,SSLHandshakeException > ValidatorException > SunCertPathBuilderException: unable to find valid certification path to requested target,
list1.badv.bund.de,ConnectException > UnresolvedAddressException,
list1.bib.bund.de,ConnectException > UnresolvedAddressException,
list1.bwz.bund.de,ConnectException > UnresolvedAddressException,
list1.bzst.bund.de,400,
list1.k-pvs.bund.de,ConnectException > UnresolvedAddressException,
list1.kkr.bund.de,HttpConnectTimeoutException > ConnectException: HTTP connect timed out,
list1.zoll.bund.de,400,
litdok.bfr.bund.de,ConnectException > UnresolvedAddressException,
login.bav.bund.de,HttpConnectTimeoutException > ConnectException: HTTP connect timed out,
login.bmz.bund.de,HttpConnectTimeoutException > ConnectException: HTTP connect timed out,
login.iaas.bamf.cloud.intranet.bund.de,ConnectException > UnresolvedAddressException,
login.iaas.bmi.cloud.intranet.bund.de,ConnectException > UnresolvedAddressException,
login.iaas.bva.cloud.intranet.bund.de,ConnectException > UnresolvedAddressException,
login.iaas.itz.cloud.intranet.bund.de,ConnectException > UnresolvedAddressException,
login.iaas.stba.cloud.intranet.bund.de,ConnectException > UnresolvedAddressException,
logs.zssi.ivbb.bund.de,HttpConnectTimeoutException > ConnectException: HTTP connect timed out,
lwarn.bvl.bund.de,SSLHandshakeException > ValidatorException > SunCertPathBuilderException: unable to find valid certification path to requested target,
lyncdiscover.bwz.bund.de,ConnectException > UnresolvedAddressException,
lyncdiscover.bzst.bund.de,ConnectException > UnresolvedAddressException,
lyncdiscover.fli.bund.de,HttpConnectTimeoutException > ConnectException: HTTP connect timed out,
lyncdiscover.itzbund.de,ConnectException > UnresolvedAddressException,
lyncdiscover.kkr.bund.de,HttpConnectTimeoutException > ConnectException: HTTP connect timed out,
lyncdiscover.sib-ent.zd.intranet.bund.de,ConnectException > UnresolvedAddressException,
lyncdiscover.sib.zd.intranet.bund.de,ConnectException > UnresolvedAddressException,
lyncdiscover.test.zd.intranet.bund.de,HttpConnectTimeoutException > ConnectException: HTTP connect timed out,
lyncdiscover.zoll.bund.de,ConnectException > UnresolvedAddressException,
lyncdiscoverinternal.sib.zd.intranet.bund.de,HttpConnectTimeoutException > ConnectException: HTTP connect timed out,
lyncdiscoverinternal.test.zd.intranet.bund.de,ConnectException > UnresolvedAddressException,
lyncwebext.fli.bund.de,HttpConnectTimeoutException > ConnectException: HTTP connect timed out,
m.bmub.bund.de,ConnectException > UnresolvedAddressException,
m.bund.de,HttpConnectTimeoutException > ConnectException: HTTP connect timed out,
mach-helpdesk.bfr.bund.de,ConnectException > UnresolvedAddressException,
mag.ti.bund.de,ConnectException > UnresolvedAddressException,
mail.bas.bund.de,HttpConnectTimeoutException > ConnectException: HTTP connect timed out,
mail.bav.bund.de,HttpConnectTimeoutException > ConnectException: HTTP connect timed out,
mail.bs.bvl.bund.de,ConnectException > UnresolvedAddressException,
mail.fli.bund.de,HttpConnectTimeoutException > ConnectException: HTTP connect timed out,
mail.p1.bc.zd.intranet.bund.de,ConnectException > UnresolvedAddressException,
mail.p2.bc.zd.intranet.bund.de,ConnectException > UnresolvedAddressException,
mail.zd.res.bund.de,HttpConnectTimeoutException > ConnectException: HTTP connect timed out,
mail1.zd.res.bund.de,ConnectException > UnresolvedAddressException,
mail2.zd.res.bund.de,ConnectException > UnresolvedAddressException,
mail3.zd.res.bund.de,ConnectException > UnresolvedAddressException,
mam.bag.bund.de,HttpConnectTimeoutException > ConnectException: HTTP connect timed out,
mandant-editor.edu.zd.intranet.bund.de,HttpConnectTimeoutException > ConnectException: HTTP connect timed out,
mandant-preview.edu.zd.intranet.bund.de,ConnectException > UnresolvedAddressException,
mandant.edu.zd.intranet.bund.de,HttpConnectTimeoutException > ConnectException: HTTP connect timed out,
mandanteninternet-preview.service.res.bund.de,HttpConnectTimeoutException > ConnectException: HTTP connect timed out,
map1.zdm-portale-prod.wsv.bvbs.bund.de,ConnectException > UnresolvedAddressException,
map1.zdm-portale-prod.wsv.res.bund.de,HttpConnectTimeoutException > ConnectException: HTTP connect timed out,
map2.zdm-portale-prod.wsv.bvbs.bund.de,ConnectException > UnresolvedAddressException,
map2.zdm-portale-prod.wsv.res.bund.de,ConnectException > UnresolvedAddressException,
map3.zdm-portale-prod.wsv.bvbs.bund.de,ConnectException > UnresolvedAddressException,
map3.zdm-portale-prod.wsv.res.bund.de,ConnectException > UnresolvedAddressException,
map4.zdm-portale-prod.wsv.bvbs.bund.de,ConnectException > UnresolvedAddressException,
map4.zdm-portale-prod.wsv.res.bund.de,ConnectException > UnresolvedAddressException,
map5.zdm-portale-prod.wsv.bvbs.bund.de,ConnectException > UnresolvedAddressException,
map5.zdm-portale-prod.wsv.res.bund.de,HttpConnectTimeoutException > ConnectException: HTTP connect timed out,
map6.zdm-portale-prod.wsv.bvbs.bund.de,HttpConnectTimeoutException > ConnectException: HTTP connect timed out,
map6.zdm-portale-prod.wsv.res.bund.de,HttpConnectTimeoutException > ConnectException: HTTP connect timed out,
maps.res.bund.de,ConnectException > UnresolvedAddressException,
mapviewer.bvl.bund.de,ConnectException > UnresolvedAddressException,
market.kdb.bund.de,SSLHandshakeException: (handshake_failure) Received fatal alert: handshake_failure,
market.preview.kdb.bund.de,SSLHandshakeException: (handshake_failure) Received fatal alert: handshake_failure,
market.test.kdb.bund.de,HttpConnectTimeoutException > ConnectException: HTTP connect timed out,
maz.bkg.bund.de,ConnectException > ClosedChannelException,
mdm-bmfsfj.sds.ivbb.bund.de,ConnectException > UnresolvedAddressException,
mdm.bag.bund.de,ConnectException > UnresolvedAddressException,
mdm.bav.bund.de,ConnectException > UnresolvedAddressException,
mdm01.bmi.bund.de,302,
mdm02.bmi.bund.de,HttpConnectTimeoutException > ConnectException: HTTP connect timed out,
meet.bdbos.bund.de,HttpConnectTimeoutException > ConnectException: HTTP connect timed out,
meet.bmi.bund.de,ConnectException > NoRouteToHostException: Host is unreachable,
meet.fli.bund.de,HttpConnectTimeoutException > ConnectException: HTTP connect timed out,
meet01.bdbos.bund.de,ConnectException > UnresolvedAddressException,
meet02.bdbos.bund.de,ConnectException > UnresolvedAddressException,
meet03.bdbos.bund.de,ConnectException > UnresolvedAddressException,
meet04.bdbos.bund.de,ConnectException > UnresolvedAddressException,
meet05.bdbos.bund.de,ConnectException > UnresolvedAddressException,
meet06.bdbos.bund.de,ConnectException > UnresolvedAddressException,
meldestelle.bund.de,HttpConnectTimeoutException > ConnectException: HTTP connect timed out,
meldestelle.bvl.bund.de,301,
metrics.zssi.ivbb.bund.de,HttpConnectTimeoutException > ConnectException: HTTP connect timed out,
mgmt-ber.itz.res.bund.de,HttpConnectTimeoutException > ConnectException: HTTP connect timed out,
mgmt-fra.itz.res.bund.de,ConnectException > UnresolvedAddressException,
mgmt-inu.itz.res.bund.de,HttpConnectTimeoutException > ConnectException: HTTP connect timed out,
mgmt.citrix.itz.res.bund.de,ConnectException > UnresolvedAddressException,
mgmt.dlz-it.res.bund.de,ConnectException > UnresolvedAddressException,
mgmt.itz.res.bund.de,ConnectException > UnresolvedAddressException,
mgmtbr.dlz-it.res.bund.de,ConnectException > UnresolvedAddressException,
mgmtgw.dlz-it.res.bund.de,ConnectException > UnresolvedAddressException,
mibi-portal.bfr.bund.de,200,
mieterschutz.bund.de,HttpConnectTimeoutException > ConnectException: HTTP connect timed out,
mietpreisbremse.bund.de,ConnectException > UnresolvedAddressException,
migration-gesundheit.bund.de,HttpConnectTimeoutException > ConnectException: HTTP connect timed out,
mimas.fli.bund.de,HttpConnectTimeoutException > ConnectException: HTTP connect timed out,
mip.bsi.bund.de,IOException > EOFException: EOF reached while reading,
mis.bkg.bund.de,HttpConnectTimeoutException > ConnectException: HTTP connect timed out,
misp.bsi.bund.de,302,
mitarbeiterbefragung.bmf.intranet.bund.de,HttpConnectTimeoutException > ConnectException: HTTP connect timed out,
mittelplanung.bfr.bund.de,ConnectException > UnresolvedAddressException,
mob.bmz.bund.de,HttpConnectTimeoutException > ConnectException: HTTP connect timed out,
mobi1.bmwi.bund.de,ConnectException > UnresolvedAddressException,
mobi2.bmwi.bund.de,ConnectException > UnresolvedAddressException,
mobil.bfr.bund.de,301,
mobile.bfr.bund.de,ConnectException > UnresolvedAddressException,
mobilesync.fli.bund.de,ConnectException > UnresolvedAddressException,
mobzu.bbr.bund.de,HttpConnectTimeoutException > ConnectException: HTTP connect timed out,
monitoring-nachhaltigkeit.bkamt.intranet.bund.de,HttpConnectTimeoutException > ConnectException: HTTP connect timed out,
monopolkommission.bund.de,HttpConnectTimeoutException > ConnectException: HTTP connect timed out,
mrcounter-web.gsb.zd.intranet.bund.de,ConnectException > UnresolvedAddressException,
mrcounter.gsb.zd.intranet.bund.de,ConnectException > UnresolvedAddressException,
mri.bund.de,301,
msz-preview-editor.service.res.bund.de,ConnectException > UnresolvedAddressException,
msz-preview.service.res.bund.de,ConnectException > UnresolvedAddressException,
mszweb-editor.service.res.bund.de,HttpConnectTimeoutException > ConnectException: HTTP connect timed out,
mszweb-preview.service.res.bund.de,ConnectException > UnresolvedAddressException,
multimedia.gsb.bund.de,400,
mvn.zssi.ivbb.bund.de,ConnectException > UnresolvedAddressException,
mwscan.bund.de,HttpConnectTimeoutException > ConnectException: HTTP connect timed out,
mx.mri.bund.de,ConnectException > UnresolvedAddressException,
mx021.fli.bund.de,ConnectException > ClosedChannelException,
mx022.fli.bund.de,ConnectException > ClosedChannelException,
mx1a.mri.bund.de,HttpConnectTimeoutException > ConnectException: HTTP connect timed out,
mx1b.mri.bund.de,ConnectException > UnresolvedAddressException,
mx2a.mri.bund.de,ConnectException > UnresolvedAddressException,
mx2b.mri.bund.de,HttpConnectTimeoutException > ConnectException: HTTP connect timed out,
my.sp.p1.bc.zd.intranet.bund.de,ConnectException > UnresolvedAddressException,
my.sp.test.zolldesk.zd.intranet.bund.de,ConnectException > UnresolvedAddressException,
mykobakterien.fli.bund.de,ConnectException > UnresolvedAddressException,
nager-im-netz.fli.bund.de,ConnectException > UnresolvedAddressException,
nast-preview.service.res.bund.de,ConnectException > UnresolvedAddressException,
nautilus2.bfr.bund.de,HttpConnectTimeoutException > ConnectException: HTTP connect timed out,
nba-hannover-preview.service.res.bund.de,ConnectException > UnresolvedAddressException,
neckar-preview.service.res.bund.de,ConnectException > UnresolvedAddressException,
nem.bvl.bund.de,HttpConnectTimeoutException > ConnectException: HTTP connect timed out,
neu-riems.ai-db.fli.bund.de,ConnectException > UnresolvedAddressException,
neu-riems.culbase.fli.bund.de,ConnectException > UnresolvedAddressException,
neu-riems.epizone.fli.bund.de,ConnectException > UnresolvedAddressException,
neu-riems.nfb-db.fli.bund.de,ConnectException > UnresolvedAddressException,
neu-riems.ni.tsbh.fli.bund.de,ConnectException > UnresolvedAddressException,
neu-riems.service.tsn.fli.bund.de,ConnectException > UnresolvedAddressException,
neu-riems.tsbh.fli.bund.de,ConnectException > UnresolvedAddressException,
neu-riems.tsn.fli.bund.de,ConnectException > UnresolvedAddressException,
neu-riems.vice.fli.bund.de,ConnectException > UnresolvedAddressException,
neu-wus.service.tsn.fli.bund.de,HttpConnectTimeoutException > ConnectException: HTTP connect timed out,
neu-wus.tsbh.fli.bund.de,ConnectException > UnresolvedAddressException,
neu-wus.tsn.fli.bund.de,ConnectException > UnresolvedAddressException,
neu.tsbh.fli.bund.de,HttpConnectTimeoutException > ConnectException: HTTP connect timed out,
newsletter.baks.bund.de,HttpConnectTimeoutException > ConnectException: HTTP connect timed out,
nfb-db.fli.bund.de,HttpConnectTimeoutException > ConnectException: HTTP connect timed out,
ni.tsbh.fli.bund.de,ConnectException > UnresolvedAddressException,
nl.bmub-bund.de,ConnectException > UnresolvedAddressException,
nl.bmub.bund.de,HttpConnectTimeoutException > ConnectException: HTTP connect timed out,
normenkontrollrat.bund.de,303,
normenscreening.bmi.bund.de,ConnectException > UnresolvedAddressException,
nrl-qfieber.fli.bund.de,ConnectException > UnresolvedAddressException,
nsc.bev.bund.de,ConnectException > UnresolvedAddressException,
nsp-preview.service.res.bund.de,ConnectException > UnresolvedAddressException,
ntp-test.bfr.bund.de,ConnectException > UnresolvedAddressException,
ntp.bfr.bund.de,ConnectException > UnresolvedAddressException,
nutzerkonto.zd.intranet.bund.de,ConnectException > UnresolvedAddressException,
nws.fli.bund.de,ConnectException > UnresolvedAddressException,
nws2013.fli.bund.de,ConnectException > UnresolvedAddressException,
oab.p1.bc.zd.intranet.bund.de,ConnectException > UnresolvedAddressException,
oab.p2.bc.zd.intranet.bund.de,ConnectException > UnresolvedAddressException,
obe.bva.bund.de,HttpConnectTimeoutException > ConnectException: HTTP connect timed out,
oc.bmi.bund.de,HttpConnectTimeoutException > ConnectException: HTTP connect timed out,
ofcsg2bbm.res.bund.de,ConnectException > UnresolvedAddressException,
ofcsg2bmg.res.bund.de,ConnectException > UnresolvedAddressException,
ofcsgbbm.res.bund.de,ConnectException > UnresolvedAddressException,
ofcsgbmg.res.bund.de,HttpConnectTimeoutException > ConnectException: HTTP connect timed out,
office.fis-vl.bvl.bund.de,302,
officenet.bescha.intranet.bund.de,ConnectException > UnresolvedAddressException,
oflsb06.res.bund.de,ConnectException > UnresolvedAddressException,
oflsb07.res.bund.de,ConnectException > UnresolvedAddressException,
oncogene.bvl.bund.de,ConnectException > UnresolvedAddressException,
oos.p1.bc.zd.intranet.bund.de,ConnectException > UnresolvedAddressException,
oos.test.zolldesk.zd.intranet.bund.de,ConnectException > UnresolvedAddressException,
oosext01.sib.zd.intranet.bund.de,ConnectException > UnresolvedAddressException,
opal.mri.bund.de,ConnectException > UnresolvedAddressException,
opendata.bvl.bund.de,200,
origin-www.ausweisapp.bund.de,HttpConnectTimeoutException > ConnectException: HTTP connect timed out,
ortsauskunft.fli.bund.de,ConnectException > UnresolvedAddressException,
osiris.jki.bund.de,HttpConnectTimeoutException > ConnectException: HTTP connect timed out,
oss.bund.de,ConnectException > UnresolvedAddressException,
owa.bav.bund.de,HttpConnectTimeoutException > ConnectException: HTTP connect timed out,
owa.bev.bund.de,ConnectException > UnresolvedAddressException,
owa.bkg.bund.de,ConnectException > ClosedChannelException,
owa.mri.bund.de,HttpConnectTimeoutException > ConnectException: HTTP connect timed out,
pages.git.zssi.ivbb.bund.de,ConnectException > UnresolvedAddressException,
paris-editor-preview.stu.zd.intranet.bund.de,ConnectException > UnresolvedAddressException,
paris-preview.stu.zd.intranet.bund.de,ConnectException > UnresolvedAddressException,
paris.edu.zd.intranet.bund.de,ConnectException > UnresolvedAddressException,
paris.stu.zd.intranet.bund.de,HttpConnectTimeoutException > ConnectException: HTTP connect timed out,
pdata.dlz-it.res.bund.de,ConnectException > UnresolvedAddressException,
pdata.itz.res.bund.de,HttpConnectTimeoutException > ConnectException: HTTP connect timed out,
pegeladmin.wsv.res.bund.de,HttpConnectTimeoutException > ConnectException: HTTP connect timed out,
pegeltest.itz.res.bund.de,ConnectException > UnresolvedAddressException,
pegeltest.wsv.bvbs.bund.de,HttpConnectTimeoutException > ConnectException: HTTP connect timed out,
pegeltestadmin.itz.res.bund.de,ConnectException > UnresolvedAddressException,
pegeltestadmin.wsv.res.bund.de,ConnectException > UnresolvedAddressException,
pegeltestawstats.itz.res.bund.de,ConnectException > UnresolvedAddressException,
pegeltestmunin.itz.res.bund.de,ConnectException > UnresolvedAddressException,
pegeltestwsnd.itz.res.bund.de,ConnectException > UnresolvedAddressException,
pegeltestwsnd.wsv.res.bund.de,ConnectException > UnresolvedAddressException,
pegelwsnd.wsv.res.bund.de,ConnectException > UnresolvedAddressException,
pentaho.at1.pnr.bva.ivbb.bund.de,ConnectException > UnresolvedAddressException,
pentaho.at2.pnr.bva.ivbb.bund.de,HttpConnectTimeoutException > ConnectException: HTTP connect timed out,
pentaho.at3.pnr.bva.ivbb.bund.de,HttpConnectTimeoutException > ConnectException: HTTP connect timed out,
pentaho.at4.pnr.bva.ivbb.bund.de,HttpConnectTimeoutException > ConnectException: HTTP connect timed out,
pentaho.at5.pnr.bva.ivbb.bund.de,ConnectException > UnresolvedAddressException,
pentaho.at6.pnr.bva.ivbb.bund.de,ConnectException > UnresolvedAddressException,
pentaho.at7.pnr.bva.ivbb.bund.de,ConnectException > UnresolvedAddressException,
pentaho.at8.pnr.bva.ivbb.bund.de,ConnectException > UnresolvedAddressException,
pentaho.atu.pnr.bva.ivbb.bund.de,ConnectException > UnresolvedAddressException,
pentaho.dtu.pnr.bva.ivbb.bund.de,ConnectException > UnresolvedAddressException,
pentaho.xsu.pnr.bva.ivbb.bund.de,HttpConnectTimeoutException > ConnectException: HTTP connect timed out,
pentaho.xsu1.pnr.bva.ivbb.bund.de,ConnectException > UnresolvedAddressException,
pentaho.xsu2.pnr.bva.ivbb.bund.de,ConnectException > UnresolvedAddressException,
pfz.bkg.bund.de,HttpConnectTimeoutException > ConnectException: HTTP connect timed out,
pg-infoaustausch.jki.bund.de,ConnectException > UnresolvedAddressException,
phygris.jki.bund.de,ConnectException > UnresolvedAddressException,
pilot.id.bund.de,ConnectException > UnresolvedAddressException,
pilot.pre-id.bund.de,HttpConnectTimeoutException > ConnectException: HTTP connect timed out,
pilot.test-id.bund.de,ConnectException > UnresolvedAddressException,
piwik.ti.bund.de,ConnectException > UnresolvedAddressException,
pnr-capgemini-docker-release-lokal.artifactory.zssi.ivbb.bund.de,HttpConnectTimeoutException > ConnectException: HTTP connect timed out,
pnr-docker-release-lokal.artifactory.zssi.ivbb.bund.de,ConnectException > UnresolvedAddressException,
pnr-docker-release.artifactory.zssi.ivbb.bund.de,HttpConnectTimeoutException > ConnectException: HTTP connect timed out,
pnr-docker-snapshot-lokal.artifactory.zssi.ivbb.bund.de,ConnectException > UnresolvedAddressException,
pnr-empolis-docker-release-lokal.artifactory.zssi.ivbb.bund.de,ConnectException > UnresolvedAddressException,
polizei.bka.stu.zd.intranet.bund.de,ConnectException > UnresolvedAddressException,
pop.ti.bund.de,ConnectException > UnresolvedAddressException,
pop3.p1.bc.zd.intranet.bund.de,ConnectException > UnresolvedAddressException,
pop3.p2.bc.zd.intranet.bund.de,ConnectException > UnresolvedAddressException,
portal.at1.bva.ivbb.bund.de,ConnectException > UnresolvedAddressException,
portal.at2.bva.ivbb.bund.de,ConnectException > UnresolvedAddressException,
portal.at3.bva.ivbb.bund.de,ConnectException > UnresolvedAddressException,
portal.at4.bva.ivbb.bund.de,ConnectException > UnresolvedAddressException,
portal.at5.bva.ivbb.bund.de,ConnectException > UnresolvedAddressException,
portal.at6.bva.ivbb.bund.de,ConnectException > UnresolvedAddressException,
portal.at7.bva.ivbb.bund.de,ConnectException > UnresolvedAddressException,
portal.at8.bva.ivbb.bund.de,ConnectException > UnresolvedAddressException,
portal.atu.bva.ivbb.bund.de,HttpConnectTimeoutException > ConnectException: HTTP connect timed out,
portal.bmf.intranet.bund.de,ConnectException > UnresolvedAddressException,
portal.bmi.bund.de,HttpConnectTimeoutException > ConnectException: HTTP connect timed out,
portal.bmz.bund.de,ConnectException > UnresolvedAddressException,
portal.bvl.bund.de,302,
portal.dtu.bva.ivbb.bund.de,ConnectException > UnresolvedAddressException,
portal.xsu.bva.ivbb.bund.de,HttpConnectTimeoutException > ConnectException: HTTP connect timed out,
portal.xsu1.bva.ivbb.bund.de,ConnectException > UnresolvedAddressException,
portal.xsu2.bva.ivbb.bund.de,ConnectException > UnresolvedAddressException,
portal.ztu.bva.ivbb.bund.de,HttpConnectTimeoutException > ConnectException: HTTP connect timed out,
portal.ztu1.bva.ivbb.bund.de,HttpConnectTimeoutException > ConnectException: HTTP connect timed out,
portal.ztu2.bva.ivbb.bund.de,ConnectException > UnresolvedAddressException,
portal2.bvl.bund.de,ConnectException > UnresolvedAddressException,
portalnok.zdm-import-prod.wsv.bvbs.bund.de,ConnectException > UnresolvedAddressException,
portalnok.zdm-import-prod.wsv.res.bund.de,HttpConnectTimeoutException > ConnectException: HTTP connect timed out,
portalnok.zdm-import-test.wsv.bvbs.bund.de,HttpConnectTimeoutException > ConnectException: HTTP connect timed out,
portalnok.zdm-import-test.wsv.res.bund.de,ConnectException > UnresolvedAddressException,
portalnok.zdm-portale-prod.wsv.bvbs.bund.de,ConnectException > UnresolvedAddressException,
portalnok.zdm-portale-prod.wsv.res.bund.de,ConnectException > UnresolvedAddressException,
portalnok.zdm-portale-test.wsv.bvbs.bund.de,ConnectException > UnresolvedAddressException,
portalnok.zdm-portale-test.wsv.res.bund.de,HttpConnectTimeoutException > ConnectException: HTTP connect timed out,
portalnsk.zdm-import-prod.wsv.bvbs.bund.de,ConnectException > UnresolvedAddressException,
portalnsk.zdm-import-prod.wsv.res.bund.de,ConnectException > UnresolvedAddressException,
portalnsk.zdm-import-test.wsv.bvbs.bund.de,ConnectException > UnresolvedAddressException,
portalnsk.zdm-import-test.wsv.res.bund.de,ConnectException > UnresolvedAddressException,
portalnsk.zdm-portale-prod.wsv.bvbs.bund.de,ConnectException > UnresolvedAddressException,
portalnsk.zdm-portale-prod.wsv.res.bund.de,ConnectException > UnresolvedAddressException,
portalnsk.zdm-portale-test.wsv.bvbs.bund.de,ConnectException > UnresolvedAddressException,
portalnsk.zdm-portale-test.wsv.res.bund.de,ConnectException > UnresolvedAddressException,
portalosk.zdm-import-prod.wsv.bvbs.bund.de,ConnectException > UnresolvedAddressException,
portalosk.zdm-import-prod.wsv.res.bund.de,ConnectException > UnresolvedAddressException,
portalosk.zdm-import-test.wsv.bvbs.bund.de,ConnectException > UnresolvedAddressException,
portalosk.zdm-import-test.wsv.res.bund.de,ConnectException > UnresolvedAddressException,
portalosk.zdm-portale-prod.wsv.bvbs.bund.de,ConnectException > UnresolvedAddressException,
portalosk.zdm-portale-prod.wsv.res.bund.de,ConnectException > UnresolvedAddressException,
portalosk.zdm-portale-test.wsv.bvbs.bund.de,ConnectException > UnresolvedAddressException,
portalosk.zdm-portale-test.wsv.res.bund.de,ConnectException > UnresolvedAddressException,
portaltideelbe.zdm-import-prod.wsv.bvbs.bund.de,HttpConnectTimeoutException > ConnectException: HTTP connect timed out,
portaltideelbe.zdm-import-prod.wsv.res.bund.de,HttpConnectTimeoutException > ConnectException: HTTP connect timed out,
portaltideelbe.zdm-import-test.wsv.bvbs.bund.de,ConnectException > UnresolvedAddressException,
portaltideelbe.zdm-import-test.wsv.res.bund.de,ConnectException > UnresolvedAddressException,
portaltideelbe.zdm-portale-prod.wsv.bvbs.bund.de,ConnectException > UnresolvedAddressException,
portaltideelbe.zdm-portale-prod.wsv.res.bund.de,HttpConnectTimeoutException > ConnectException: HTTP connect timed out,
portaltideelbe.zdm-portale-test.wsv.bvbs.bund.de,ConnectException > UnresolvedAddressException,
portaltideelbe.zdm-portale-test.wsv.res.bund.de,ConnectException > UnresolvedAddressException,
portaltideems.zdm-import-prod.wsv.bvbs.bund.de,HttpConnectTimeoutException > ConnectException: HTTP connect timed out,
portaltideems.zdm-import-prod.wsv.res.bund.de,HttpConnectTimeoutException > ConnectException: HTTP connect timed out,
portaltideems.zdm-import-test.wsv.bvbs.bund.de,ConnectException > UnresolvedAddressException,
portaltideems.zdm-import-test.wsv.res.bund.de,ConnectException > UnresolvedAddressException,
portaltideems.zdm-portale-prod.wsv.bvbs.bund.de,ConnectException > UnresolvedAddressException,
portaltideems.zdm-portale-prod.wsv.res.bund.de,HttpConnectTimeoutException > ConnectException: HTTP connect timed out,
portaltideems.zdm-portale-test.wsv.bvbs.bund.de,ConnectException > UnresolvedAddressException,
portaltideems.zdm-portale-test.wsv.res.bund.de,ConnectException > UnresolvedAddressException,
portaltideweser.zdm-import-prod.wsv.bvbs.bund.de,HttpConnectTimeoutException > ConnectException: HTTP connect timed out,
portaltideweser.zdm-import-prod.wsv.res.bund.de,ConnectException > UnresolvedAddressException,
portaltideweser.zdm-import-test.wsv.bvbs.bund.de,ConnectException > UnresolvedAddressException,
portaltideweser.zdm-import-test.wsv.res.bund.de,ConnectException > UnresolvedAddressException,
portaltideweser.zdm-portale-prod.wsv.bvbs.bund.de,ConnectException > UnresolvedAddressException,
portaltideweser.zdm-portale-prod.wsv.res.bund.de,ConnectException > UnresolvedAddressException,
portaltideweser.zdm-portale-test.wsv.bvbs.bund.de,ConnectException > UnresolvedAddressException,
portaltideweser.zdm-portale-test.wsv.res.bund.de,ConnectException > UnresolvedAddressException,
postausgang.ti.bund.de,ConnectException > UnresolvedAddressException,
pre-id.bund.de,ConnectException > UnresolvedAddressException,
preview-klimaportal.service.res.bund.de,HttpConnectTimeoutException > ConnectException: HTTP connect timed out,
preview.bafa.bund.de,HttpConnectTimeoutException > ConnectException: HTTP connect timed out,
preview.kdb.bund.de,SSLHandshakeException: (handshake_failure) Received fatal alert: handshake_failure,
preview.normenkontrollrat.bund.de,ConnectException > UnresolvedAddressException,
previewbkg.bkg.bund.de,ConnectException > UnresolvedAddressException,
prins.baw.res.bund.de,ConnectException > UnresolvedAddressException,
produkt.gsb.bund.de,303,
project.sp.p1.bc.zd.intranet.bund.de,ConnectException > UnresolvedAddressException,
promadmz.jki.bund.de,ConnectException > UnresolvedAddressException,
prosafe-test.bfr.bund.de,ConnectException > UnresolvedAddressException,
prosafe.bfr.bund.de,HttpConnectTimeoutException > ConnectException: HTTP connect timed out,
proxy-failover.bfr.bund.de,ConnectException > UnresolvedAddressException,
prtr.bund.de,ConnectException > UnresolvedAddressException,
prueferforum.bva.bund.de,HttpConnectTimeoutException > ConnectException: HTTP connect timed out,
psm.bvl.bund.de,SSLHandshakeException > ValidatorException > SunCertPathBuilderException: unable to find valid certification path to requested target,
pw-verwaltung.zd.res.bund.de,ConnectException > UnresolvedAddressException,
pws-test.itz.res.bund.de,ConnectException > UnresolvedAddressException,
qm-audits.bfr.bund.de,ConnectException > UnresolvedAddressException,
qm-helpdesk.bfr.bund.de,ConnectException > UnresolvedAddressException,
qs.zssi.ivbb.bund.de,ConnectException > UnresolvedAddressException,
quickcheck1.gsb.bund.de,HttpConnectTimeoutException > ConnectException: HTTP connect timed out,
quickcheck2.gsb.bund.de,HttpConnectTimeoutException > ConnectException: HTTP connect timed out,
rbe.fli.bund.de,ConnectException > UnresolvedAddressException,
redaktion-wp-fr.ti.bund.de,HttpConnectTimeoutException > ConnectException: HTTP connect timed out,
redaktion-www.ti.bund.de,HttpConnectTimeoutException > ConnectException: HTTP connect timed out,
redaktion.atu.gsb.badv.intranet.bund.de,ConnectException > UnresolvedAddressException,
redaktion.atu.gsb.bmf.intranet.bund.de,ConnectException > UnresolvedAddressException,
redaktion.atu.gsb.stba.intranet.bund.de,ConnectException > UnresolvedAddressException,
redaktion.edu.zd.intranet.bund.de,ConnectException > UnresolvedAddressException,
redaktion.fli.bund.de,HttpConnectTimeoutException > ConnectException: HTTP connect timed out,
redaktion.kkn.zd.intranet.bund.de,ConnectException > UnresolvedAddressException,
redaktion.mri.bund.de,HttpConnectTimeoutException > ConnectException: HTTP connect timed out,
redaktion.prod.gsb.badv.intranet.bund.de,ConnectException > UnresolvedAddressException,
redaktion.prod.gsb.bmf.intranet.bund.de,ConnectException > UnresolvedAddressException,
redaktion.prod.gsb.stba.intranet.bund.de,ConnectException > UnresolvedAddressException,
redaktion.schul.gsb.stba.intranet.bund.de,ConnectException > UnresolvedAddressException,
redaktionstba.stu.zd.intranet.bund.de,ConnectException > UnresolvedAddressException,
redaktionstba.zd.intranet.bund.de,HttpConnectTimeoutException > ConnectException: HTTP connect timed out,
ref.datscha.badv.zd.intranet.bund.de,HttpConnectTimeoutException > ConnectException: HTTP connect timed out,
ref.datscha.baf.zd.intranet.bund.de,HttpConnectTimeoutException > ConnectException: HTTP connect timed out,
ref.datscha.bamf.zd.intranet.bund.de,ConnectException > UnresolvedAddressException,
ref.datscha.bpol.zd.intranet.bund.de,ConnectException > UnresolvedAddressException,
ref.xrechnung.bund.de,303,
ref.xrechnung.zd.intranet.bund.de,ConnectException > UnresolvedAddressException,
registerportal-bva.intranet.bund.de,ConnectException > UnresolvedAddressException,
registerportal-bva.ivbb.bund.de,ConnectException > UnresolvedAddressException,
repo.itz.res.bund.de,ConnectException > UnresolvedAddressException,
repo1-docker-release-lokal.artifactory.zssi.ivbb.bund.de,ConnectException > UnresolvedAddressException,
repo1-docker-snapshot-lokal.artifactory.zssi.ivbb.bund.de,ConnectException > UnresolvedAddressException,
repo2-docker-release-lokal.artifactory.zssi.ivbb.bund.de,ConnectException > UnresolvedAddressException,
repo2-docker-snapshot-lokal.artifactory.zssi.ivbb.bund.de,HttpConnectTimeoutException > ConnectException: HTTP connect timed out,
repo3-docker-release-lokal.artifactory.zssi.ivbb.bund.de,ConnectException > UnresolvedAddressException,
repo3-docker-snapshot-lokal.artifactory.zssi.ivbb.bund.de,ConnectException > UnresolvedAddressException,
repo4-docker-release-lokal.artifactory.zssi.ivbb.bund.de,ConnectException > UnresolvedAddressException,
repo4-docker-snapshot-lokal.artifactory.zssi.ivbb.bund.de,ConnectException > UnresolvedAddressException,
repo5-docker-release-lokal.artifactory.zssi.ivbb.bund.de,ConnectException > UnresolvedAddressException,
repo5-docker-snapshot-lokal.artifactory.zssi.ivbb.bund.de,ConnectException > UnresolvedAddressException,
report.bfr.bund.de,ConnectException > UnresolvedAddressException,
report.s4b.p1.bc.zd.intranet.bund.de,ConnectException > UnresolvedAddressException,
report.sp.p1.bc.zd.intranet.bund.de,HttpConnectTimeoutException > ConnectException: HTTP connect timed out,
report.sp.test.bc.zd.intranet.bund.de,ConnectException > UnresolvedAddressException,
ressource-docker-bva-release-lokal.artifactory.zssi.ivbb.bund.de,ConnectException > UnresolvedAddressException,
ressource-docker-hub.artifactory.zssi.ivbb.bund.de,ConnectException > UnresolvedAddressException,
rest.p1.bc.zd.intranet.bund.de,ConnectException > UnresolvedAddressException,
rest.p2.bc.zd.intranet.bund.de,ConnectException > UnresolvedAddressException,
retiss-preview.service.res.bund.de,ConnectException > UnresolvedAddressException,
review.git.zssi.ivbb.bund.de,ConnectException > UnresolvedAddressException,
riko-editor-preview.stu.zd.intranet.bund.de,ConnectException > UnresolvedAddressException,
riko-preview.stu.zd.intranet.bund.de,ConnectException > UnresolvedAddressException,
riko.edu.zd.intranet.bund.de,ConnectException > UnresolvedAddressException,
riko.stu.zd.intranet.bund.de,ConnectException > UnresolvedAddressException,
rpc.p1.bc.zd.intranet.bund.de,HttpConnectTimeoutException > ConnectException: HTTP connect timed out,
rpc.p2.bc.zd.intranet.bund.de,ConnectException > UnresolvedAddressException,
rps.p1.bc.zd.intranet.bund.de,ConnectException > UnresolvedAddressException,
rps.p2.bc.zd.intranet.bund.de,HttpConnectTimeoutException > ConnectException: HTTP connect timed out,
ruedis-bvl.bfr.bund.de,ConnectException > UnresolvedAddressException,
ruedis-test.bfr.bund.de,ConnectException > UnresolvedAddressException,
ruedis.bfr.bund.de,HttpConnectTimeoutException > ConnectException: HTTP connect timed out,
rzapp1.kvb.bund.de,SSLHandshakeException > ValidatorException > SunCertPathBuilderException: unable to find valid certification path to requested target,
rzdf.bfr.bund.de,ConnectException > UnresolvedAddressException,
schifffahrtsschule-preview.service.res.bund.de,HttpConnectTimeoutException > ConnectException: HTTP connect timed out,
schleuse-erlangen-preview.service.res.bund.de,HttpConnectTimeoutException > ConnectException: HTTP connect timed out,
schleuse-kriegenbrunn-preview.service.res.bund.de,ConnectException > UnresolvedAddressException,
schulen.etu.isasonline.bva.bund.de,HttpConnectTimeoutException > ConnectException: HTTP connect timed out,
schulen.ftu.isasonline.bva.bund.de,HttpConnectTimeoutException > ConnectException: HTTP connect timed out,
schulen.isasonline.bva.bund.de,HttpConnectTimeoutException > ConnectException: HTTP connect timed out,
schulforum-deutsch.bva.bund.de,HttpConnectTimeoutException > ConnectException: HTTP connect timed out,
schulung.daisy.bva.bund.de,HttpConnectTimeoutException > ConnectException: HTTP connect timed out,
schulungen.bmu.intranet.bund.de,ConnectException > UnresolvedAddressException,
secure.bmub.bund.de,ConnectException > UnresolvedAddressException,
secure.m.bmub.bund.de,HttpConnectTimeoutException > ConnectException: HTTP connect timed out,
service.bund.de,HttpConnectTimeoutException > ConnectException: HTTP connect timed out,
service.tsn.fli.bund.de,ConnectException > UnresolvedAddressException,
seth.jki.bund.de,ConnectException > UnresolvedAddressException,
sf.jki.bund.de,HttpConnectTimeoutException > ConnectException: HTTP connect timed out,
sfbextweb01.sib.zd.intranet.bund.de,ConnectException > UnresolvedAddressException,
sfe1.bmi.bund.de,HttpConnectTimeoutException > ConnectException: HTTP connect timed out,
sfe2.bmi.bund.de,HttpConnectTimeoutException > ConnectException: HTTP connect timed out,
sgm.bvl.bund.de,ConnectException > UnresolvedAddressException,
share.fli.bund.de,HttpConnectTimeoutException > ConnectException: HTTP connect timed out,
shop.kdb.bund.de,SSLHandshakeException: (certificate_required) Received fatal alert: certificate_required,
shop.preview.kdb.bund.de,SSLHandshakeException: (handshake_failure) Received fatal alert: handshake_failure,
shop.test.kdb.bund.de,HttpConnectTimeoutException > ConnectException: HTTP connect timed out,
shurl-qs.itz.res.bund.de,ConnectException > UnresolvedAddressException,
shurl.itz.res.bund.de,HttpConnectTimeoutException > ConnectException: HTTP connect timed out,
sib-ent.zd.intranet.bund.de,ConnectException > UnresolvedAddressException,
sib.zd.intranet.bund.de,ConnectException > UnresolvedAddressException,
sibaccess.sib.zd.intranet.bund.de,HttpConnectTimeoutException > ConnectException: HTTP connect timed out,
sibbscw.sib-ent.zd.intranet.bund.de,ConnectException > UnresolvedAddressException,
sibbscw.sib.zd.intranet.bund.de,ConnectException > UnresolvedAddressException,
sibbscw.test.sib.zd.intranet.bund.de,ConnectException > UnresolvedAddressException,
sibca.sib-ent.zd.intranet.bund.de,ConnectException > UnresolvedAddressException,
sibconf.sib.zd.intranet.bund.de,HttpConnectTimeoutException > ConnectException: HTTP connect timed out,
sibdialin.sib-ent.zd.intranet.bund.de,ConnectException > UnresolvedAddressException,
sibdialin.sib.zd.intranet.bund.de,ConnectException > UnresolvedAddressException,
sibdialin.test.zd.intranet.bund.de,ConnectException > UnresolvedAddressException,
sibdms.sib-ent.zd.intranet.bund.de,ConnectException > UnresolvedAddressException,
sibdms.sib.zd.intranet.bund.de,HttpConnectTimeoutException > ConnectException: HTTP connect timed out,
sibdms.test.sib.zd.intranet.bund.de,ConnectException > UnresolvedAddressException,
sibmail.sib-ent.zd.intranet.bund.de,ConnectException > UnresolvedAddressException,
sibmail.sib.zd.intranet.bund.de,ConnectException > UnresolvedAddressException,
sibmail.test.sib.zd.intranet.bund.de,ConnectException > UnresolvedAddressException,
sibmeet.sib-ent.zd.intranet.bund.de,ConnectException > UnresolvedAddressException,
sibmeet.sib.zd.intranet.bund.de,ConnectException > UnresolvedAddressException,
sibmeet.test.zd.intranet.bund.de,ConnectException > UnresolvedAddressException,
sibofficeonline-ext.sib-ent.zd.intranet.bund.de,HttpConnectTimeoutException > ConnectException: HTTP connect timed out,
sibofficeonline-ext.test.zd.intranet.bund.de,ConnectException > UnresolvedAddressException,
sibofficeonline.sib.zd.intranet.bund.de,ConnectException > UnresolvedAddressException,
siboos.sib-ent.zd.intranet.bund.de,ConnectException > UnresolvedAddressException,
sibprofile.sib-ent.zd.intranet.bund.de,ConnectException > UnresolvedAddressException,
sibprofile.sib.zd.intranet.bund.de,ConnectException > UnresolvedAddressException,
sibprofile.test.sib.zd.intranet.bund.de,ConnectException > UnresolvedAddressException,
sibscheduler.sib-ent.zd.intranet.bund.de,ConnectException > UnresolvedAddressException,
sibscheduler.sib.zd.intranet.bund.de,ConnectException > UnresolvedAddressException,
sibscheduler.test.zd.intranet.bund.de,ConnectException > UnresolvedAddressException,
sibskype.sib.zd.intranet.bund.de,ConnectException > UnresolvedAddressException,
sibskypeadmin-ext.test.zd.intranet.bund.de,HttpConnectTimeoutException > ConnectException: HTTP connect timed out,
sibskypepool-ext.sib-ent.zd.intranet.bund.de,HttpConnectTimeoutException > ConnectException: HTTP connect timed out,
sibskypepool-ext.test.zd.intranet.bund.de,ConnectException > UnresolvedAddressException,
sic-editor-preview.stu.zd.intranet.bund.de,HttpConnectTimeoutException > ConnectException: HTTP connect timed out,
sic-preview.stu.zd.intranet.bund.de,ConnectException > UnresolvedAddressException,
sic.stu.zd.intranet.bund.de,HttpConnectTimeoutException > ConnectException: HTTP connect timed out,
sicherheit.bund.de,HttpConnectTimeoutException > ConnectException: HTTP connect timed out,
silebat.bfr.bund.de,ConnectException > UnresolvedAddressException,
sip.fli.bund.de,ConnectException > UnresolvedAddressException,
sip.sib.zd.intranet.bund.de,ConnectException > UnresolvedAddressException,
sip.test.zd.intranet.bund.de,ConnectException > UnresolvedAddressException,
sip1.test.bund.de,ConnectException > UnresolvedAddressException,
sitt.ddns.jki.bund.de,ConnectException > UnresolvedAddressException,
sjpwdp.bsh.res.bund.de,ConnectException > UnresolvedAddressException,
skada.bvl.bund.de,301,
sldlzadmin.dlzportal.intranet.bund.de,ConnectException > UnresolvedAddressException,
sldlzadmin.preview.dlzportal.intranet.bund.de,ConnectException > UnresolvedAddressException,
sldlzadmin.preview.stage.dlzportal.intranet.bund.de,HttpConnectTimeoutException > ConnectException: HTTP connect timed out,
sldlzadmin.stage.dlzportal.intranet.bund.de,ConnectException > UnresolvedAddressException,
sldsystem.kdb.bund.de,SSLHandshakeException: (handshake_failure) Received fatal alert: handshake_failure,
sldsystem.preview.kdb.bund.de,SSLHandshakeException: (handshake_failure) Received fatal alert: handshake_failure,
sldsystem.test.kdb.bund.de,HttpConnectTimeoutException > ConnectException: HTTP connect timed out,
slm.zd.intranet.bund.de,ConnectException > UnresolvedAddressException,
smc.kdb.bund.de,SSLHandshakeException: (handshake_failure) Received fatal alert: handshake_failure,
smc.preview.kdb.bund.de,SSLHandshakeException: (handshake_failure) Received fatal alert: handshake_failure,
smc.test.kdb.bund.de,HttpConnectTimeoutException > ConnectException: HTTP connect timed out,
smpwdp.bsh.res.bund.de,ConnectException > UnresolvedAddressException,
smtp.p1.bc.zd.intranet.bund.de,ConnectException > UnresolvedAddressException,
smtp.p2.bc.zd.intranet.bund.de,ConnectException > UnresolvedAddressException,
smtp.zd.res.bund.de,ConnectException > UnresolvedAddressException,
social.bund.de,200,
social.intranet.bund.de,HttpConnectTimeoutException > ConnectException: HTTP connect timed out,
soft.bmfsfj.bund.de,ConnectException > UnresolvedAddressException,
softlabs.bfr.bund.de,HttpConnectTimeoutException > ConnectException: HTTP connect timed out,
softwareentwicklung.bva.bund.de,HttpConnectTimeoutException > ConnectException: HTTP connect timed out,
sonar.zssi.ivbb.bund.de,ConnectException > UnresolvedAddressException,
sp.p1.bc.zd.intranet.bund.de,ConnectException > UnresolvedAddressException,
sp.test.mas.zd.intranet.bund.de,ConnectException > UnresolvedAddressException,
sp.test.zolldesk.zd.intranet.bund.de,ConnectException > UnresolvedAddressException,
specials.gesund.bund.de,403,
ssl.bsi.bund.de,ConnectException > UnresolvedAddressException,
sso.bvl.bund.de,SSLHandshakeException > ValidatorException > SunCertPathBuilderException: unable to find valid certification path to requested target,
sso.iamservice.iaas.itz.cloud.intranet.bund.de,ConnectException > UnresolvedAddressException,
st.tsbh.fli.bund.de,ConnectException > UnresolvedAddressException,
st.tsn.fli.bund.de,ConnectException > UnresolvedAddressException,
stabrat-editor.atu.gsb.bmf.intranet.bund.de,ConnectException > UnresolvedAddressException,
stabrat-editor.prod.gsb.bmf.intranet.bund.de,ConnectException > UnresolvedAddressException,
stabrat-preview.atu.gsb.bmf.intranet.bund.de,HttpConnectTimeoutException > ConnectException: HTTP connect timed out,
stabrat-preview.prod.gsb.bmf.intranet.bund.de,ConnectException > UnresolvedAddressException,
stabrat.atu.gsb.bmf.intranet.bund.de,ConnectException > UnresolvedAddressException,
stage.epsweb.bbk.intranet.bund.de,ConnectException > UnresolvedAddressException,
stage.grc.bescha.intranet.bund.de,ConnectException > UnresolvedAddressException,
stage.grc.bva.intranet.bund.de,ConnectException > UnresolvedAddressException,
stage.migration-gesundheit.bund.de,HttpConnectTimeoutException > ConnectException: HTTP connect timed out,
staging-api.gesund.bund.de,SSLHandshakeException > CertificateException: No subject alternative DNS name matching staging-api.gesund.bund.de found.,
staging.gesund.bund.de,SSLHandshakeException > CertificateException: No subject alternative DNS name matching staging.gesund.bund.de found.,
staging.warnung.bund.de,HttpConnectTimeoutException > ConnectException: HTTP connect timed out,
standardlsg-editor-inter.service.res.bund.de,ConnectException > UnresolvedAddressException,
standardlsg-editor.edu.zd.intranet.bund.de,ConnectException > UnresolvedAddressException,
standardlsg-editor.preview.gsbos.bund.de,HttpConnectTimeoutException > ConnectException: HTTP connect timed out,
standardlsg-editor.prod.gsb.badv.intranet.bund.de,ConnectException > UnresolvedAddressException,
standardlsg-editor.prod.gsb.bmf.intranet.bund.de,ConnectException > UnresolvedAddressException,
standardlsg-preview-inter.service.res.bund.de,ConnectException > UnresolvedAddressException,
standardlsg-preview.edu.zd.intranet.bund.de,ConnectException > UnresolvedAddressException,
standardlsg-preview.prod.gsb.badv.intranet.bund.de,ConnectException > UnresolvedAddressException,
standardlsg-preview.prod.gsb.bmf.intranet.bund.de,ConnectException > UnresolvedAddressException,
standardlsg.edu.zd.intranet.bund.de,ConnectException > UnresolvedAddressException,
standardlsg.preview.gsbos.bund.de,ConnectException > UnresolvedAddressException,
standardlsg7.edu.zd.intranet.bund.de,ConnectException > UnresolvedAddressException,
standardlsgpreview.edu.zd.intranet.bund.de,ConnectException > UnresolvedAddressException,
stanet-editor.atu.gsb.stba.intranet.bund.de,ConnectException > UnresolvedAddressException,
stanet-editor.prod.gsb.stba.intranet.bund.de,ConnectException > UnresolvedAddressException,
stanet-editor.schul.gsb.stba.intranet.bund.de,ConnectException > UnresolvedAddressException,
stanet-preview.atu.gsb.stba.intranet.bund.de,ConnectException > UnresolvedAddressException,
stanet-preview.prod.gsb.stba.intranet.bund.de,ConnectException > UnresolvedAddressException,
stanet-preview.schul.gsb.stba.intranet.bund.de,ConnectException > UnresolvedAddressException,
stanet.atu.gsb.stba.intranet.bund.de,ConnectException > UnresolvedAddressException,
stanet.schul.gsb.stba.intranet.bund.de,ConnectException > UnresolvedAddressException,
stareg.bvl.bund.de,HttpConnectTimeoutException > ConnectException: HTTP connect timed out,
statistik.gesund.bund.de,HttpConnectTimeoutException > ConnectException: HTTP connect timed out,
statistik.gsb.bund.de,ConnectException > UnresolvedAddressException,
staustufe-obernau-preview.service.res.bund.de,ConnectException > UnresolvedAddressException,
stba-m2-schul.mach.intranet.bund.de,ConnectException > UnresolvedAddressException,
stba-m2-test.mach.intranet.bund.de,ConnectException > UnresolvedAddressException,
stba-m2.mach.intranet.bund.de,ConnectException > UnresolvedAddressException,
stba-test.mach.intranet.bund.de,ConnectException > UnresolvedAddressException,
stba.mach.intranet.bund.de,ConnectException > UnresolvedAddressException,
stbaadmin.stu.zd.intranet.bund.de,HttpConnectTimeoutException > ConnectException: HTTP connect timed out,
stbacasadmin.stu.zd.intranet.bund.de,ConnectException > UnresolvedAddressException,
stbagsbadmin-preview.stu.zd.intranet.bund.de,ConnectException > UnresolvedAddressException,
stbagsbadmin.stu.zd.intranet.bund.de,ConnectException > UnresolvedAddressException,
stbainternet-editor-preview.stu.zd.intranet.bund.de,HttpConnectTimeoutException > ConnectException: HTTP connect timed out,
stbainternet-editor.preview.zd.intranet.bund.de,HttpConnectTimeoutException > ConnectException: HTTP connect timed out,
stbainternet-preview.stu.zd.intranet.bund.de,ConnectException > UnresolvedAddressException,
stbainternet.preview.zd.intranet.bund.de,ConnectException > UnresolvedAddressException,
stbainternet.stu.zd.intranet.bund.de,ConnectException > UnresolvedAddressException,
stbaintranet-editor-preview.stu.zd.intranet.bund.de,ConnectException > UnresolvedAddressException,
stbaintranet-editor.preview.zd.intranet.bund.de,HttpConnectTimeoutException > ConnectException: HTTP connect timed out,
stbaintranet-preview.stu.zd.intranet.bund.de,ConnectException > UnresolvedAddressException,
stbaintranet.preview.zd.intranet.bund.de,ConnectException > UnresolvedAddressException,
stbaintranet.stu.zd.intranet.bund.de,ConnectException > UnresolvedAddressException,
stbastanet-editor-preview.stu.zd.intranet.bund.de,HttpConnectTimeoutException > ConnectException: HTTP connect timed out,
stbastanet-editor.preview.zd.intranet.bund.de,HttpConnectTimeoutException > ConnectException: HTTP connect timed out,
stbastanet-preview.stu.zd.intranet.bund.de,ConnectException > UnresolvedAddressException,
stbastanet.preview.zd.intranet.bund.de,ConnectException > UnresolvedAddressException,
stbastanet.stu.zd.intranet.bund.de,ConnectException > UnresolvedAddressException,
stbauf-intern.bund.de,HttpConnectTimeoutException > ConnectException: HTTP connect timed out,
stbauf-preview.service.res.bund.de,ConnectException > UnresolvedAddressException,
stbauf.bund.de,302,
stell.bvl.bund.de,ConnectException > UnresolvedAddressException,
stellen-naturejobs.bfr.bund.de,ConnectException > UnresolvedAddressException,
stoffdb.bfr.bund.de,ConnectException > UnresolvedAddressException,
storefront.intranet.bva.bund.de,HttpConnectTimeoutException > ConnectException: HTTP connect timed out,
strain.bvl.bund.de,ConnectException > UnresolvedAddressException,
stu.api.beihilfe.bund.de,HttpConnectTimeoutException > ConnectException: HTTP connect timed out,
stu.bet-migration.bund.de,ConnectException > UnresolvedAddressException,
stu.bet-migration.intranet.bund.de,HttpConnectTimeoutException > ConnectException: HTTP connect timed out,
stu.bundesnotbrunnen.bund.de,HttpConnectTimeoutException > ConnectException: HTTP connect timed out,
stu.bundesnotbrunnen.intranet.bund.de,ConnectException > UnresolvedAddressException,
stu.fazit.intranet.bund.de,HttpConnectTimeoutException > ConnectException: HTTP connect timed out,
stu.jobsteuerung.intranet.bund.de,ConnectException > UnresolvedAddressException,
stu.zuwes.intranet.bund.de,HttpConnectTimeoutException > ConnectException: HTTP connect timed out,
subs071.bs.bvl.bund.de,HttpConnectTimeoutException > ConnectException: HTTP connect timed out,
supplier.kdb.bund.de,SSLHandshakeException: (handshake_failure) Received fatal alert: handshake_failure,
supplier.preview.kdb.bund.de,SSLHandshakeException: (handshake_failure) Received fatal alert: handshake_failure,
supplier.test.kdb.bund.de,HttpConnectTimeoutException > ConnectException: HTTP connect timed out,
surl.p1.bc.zd.intranet.bund.de,ConnectException > UnresolvedAddressException,
surl.test.zd.intranet.bund.de,HttpConnectTimeoutException > ConnectException: HTTP connect timed out,
surl.zd.intranet.bund.de,ConnectException > UnresolvedAddressException,
survey.bmi.bund.de,303,
svn.mri.bund.de,ConnectException > UnresolvedAddressException,
svndmz.jki.bund.de,ConnectException > UnresolvedAddressException,
sz-db-test.wsv.res.bund.de,ConnectException > UnresolvedAddressException,
tc.ti.bund.de,ConnectException > UnresolvedAddressException,
tdata.dlz-it.res.bund.de,ConnectException > UnresolvedAddressException,
tdata.itz.res.bund.de,HttpConnectTimeoutException > ConnectException: HTTP connect timed out,
telefonbuch.bfr.bund.de,ConnectException > UnresolvedAddressException,
telefonbuchalt.bfr.bund.de,HttpConnectTimeoutException > ConnectException: HTTP connect timed out,
test-bmf-steuerrechner.itz.bund.de,ConnectException > UnresolvedAddressException,
test-slm.zd.intranet.bund.de,ConnectException > UnresolvedAddressException,
test.anlagenschutz.baf.bund.de,ConnectException > UnresolvedAddressException,
test.bpm.bzst.intranet.bund.de,HttpConnectTimeoutException > ConnectException: HTTP connect timed out,
test.culbase.fli.bund.de,ConnectException > UnresolvedAddressException,
test.fli.bund.de,ConnectException > UnresolvedAddressException,
test.haushalt.bmf.intranet.bund.de,HttpConnectTimeoutException > ConnectException: HTTP connect timed out,
test.kdb.bund.de,HttpConnectTimeoutException > ConnectException: HTTP connect timed out,
test.service.tsn.fli.bund.de,HttpConnectTimeoutException > ConnectException: HTTP connect timed out,
test.social.intranet.bund.de,ConnectException > UnresolvedAddressException,
test.tsbh.fli.bund.de,ConnectException > UnresolvedAddressException,
test.tsn.fli.bund.de,HttpConnectTimeoutException > ConnectException: HTTP connect timed out,
test1.fli.bund.de,ConnectException > UnresolvedAddressException,
test1.gsb.bund.de,HttpConnectTimeoutException > ConnectException: HTTP connect timed out,
test10.gsb.bund.de,HttpConnectTimeoutException > ConnectException: HTTP connect timed out,
test11.gsb.bund.de,HttpConnectTimeoutException > ConnectException: HTTP connect timed out,
test12.gsb.bund.de,HttpConnectTimeoutException > ConnectException: HTTP connect timed out,
test13.gsb.bund.de,HttpConnectTimeoutException > ConnectException: HTTP connect timed out,
test14.gsb.bund.de,HttpConnectTimeoutException > ConnectException: HTTP connect timed out,
test15.gsb.bund.de,HttpConnectTimeoutException > ConnectException: HTTP connect timed out,
test2.gsb.bund.de,HttpConnectTimeoutException > ConnectException: HTTP connect timed out,
test3.gsb.bund.de,HttpConnectTimeoutException > ConnectException: HTTP connect timed out,
test4.gsb.bund.de,HttpConnectTimeoutException > ConnectException: HTTP connect timed out,
test5.gsb.bund.de,HttpConnectTimeoutException > ConnectException: HTTP connect timed out,
test6.gsb.bund.de,HttpConnectTimeoutException > ConnectException: HTTP connect timed out,
test7.gsb.bund.de,HttpConnectTimeoutException > ConnectException: HTTP connect timed out,
test8.gsb.bund.de,HttpConnectTimeoutException > ConnectException: HTTP connect timed out,
test9.gsb.bund.de,HttpConnectTimeoutException > ConnectException: HTTP connect timed out,
testdj1.iamservice.iaas.itz.cloud.intranet.bund.de,ConnectException > UnresolvedAddressException,
testdj2.iamservice.iaas.itz.cloud.intranet.bund.de,ConnectException > UnresolvedAddressException,
testhaproxy.iamservice.iaas.itz.cloud.intranet.bund.de,ConnectException > UnresolvedAddressException,
testing.warnung.bund.de,401,
tfnw-preview.service.res.bund.de,ConnectException > UnresolvedAddressException,
thg.ti.bund.de,ConnectException > UnresolvedAddressException,
thg.vti.bund.de,ConnectException > UnresolvedAddressException,
thw.bund.de,SSLHandshakeException: (handshake_failure) Received fatal alert: handshake_failure,
thw.fazitweb.intranet.bund.de,HttpConnectTimeoutException > ConnectException: HTTP connect timed out,
tms.bund.de,303,
transaction.kdb.bund.de,HttpConnectTimeoutException > ConnectException: HTTP connect timed out,
transaction.preview.kdb.bund.de,SSLHandshakeException: (handshake_failure) Received fatal alert: handshake_failure,
transaction.test.kdb.bund.de,HttpConnectTimeoutException > ConnectException: HTTP connect timed out,
transfer.bkg.bund.de,HttpConnectTimeoutException > ConnectException: HTTP connect timed out,
transrisk-preview.service.res.bund.de,ConnectException > UnresolvedAddressException,
travis.baw.res.bund.de,HttpConnectTimeoutException > ConnectException: HTTP connect timed out,
trenthorst-redaktion.ti.bund.de,ConnectException > UnresolvedAddressException,
tsbh-neu.fli.bund.de,HttpConnectTimeoutException > ConnectException: HTTP connect timed out,
tsbh-neu1.fli.bund.de,ConnectException > UnresolvedAddressException,
tsbh.fli.bund.de,ConnectException > UnresolvedAddressException,
tsis.fli.bund.de,HttpConnectTimeoutException > ConnectException: HTTP connect timed out,
tsn.fli.bund.de,ConnectException > UnresolvedAddressException,
tzms-preview.service.res.bund.de,ConnectException > UnresolvedAddressException,
ubicom.fli.bund.de,ConnectException > UnresolvedAddressException,
uesa.bund.de,HttpConnectTimeoutException > ConnectException: HTTP connect timed out,
umfrage-stuetz.zoll.bund.de,303,
umfrage-zooglow.bfr.bund.de,ConnectException > UnresolvedAddressException,
umfrage.ws-aquanit.iaas.itz.cloud.intranet.bund.de,ConnectException > UnresolvedAddressException,
unseregeschichte.bund.de,HttpConnectTimeoutException > ConnectException: HTTP connect timed out,
vchat.bfr.bund.de,ConnectException > UnresolvedAddressException,
vcs.tele.bfr.bund.de,ConnectException > UnresolvedAddressException,
vd.res.bund.de,ConnectException > UnresolvedAddressException,
vd.zd.res.bund.de,ConnectException > UnresolvedAddressException,
vector.bvl.bund.de,ConnectException > UnresolvedAddressException,
veranstaltungen-test.bfr.bund.de,ConnectException > UnresolvedAddressException,
veranstaltungen.bfr.bund.de,HttpConnectTimeoutException > ConnectException: HTTP connect timed out,
verwaltung.viko.dlz-it.res.bund.de,ConnectException > UnresolvedAddressException,
vetprod.bvl.bund.de,HttpConnectTimeoutException > ConnectException: HTTP connect timed out,
via.fli.bund.de,HttpConnectTimeoutException > ConnectException: HTTP connect timed out,
vice.fli.bund.de,ConnectException > UnresolvedAddressException,
vice1.fli.bund.de,ConnectException > UnresolvedAddressException,
video.bdbos.bund.de,HttpConnectTimeoutException > ConnectException: HTTP connect timed out,
video01.bdbos.bund.de,HttpConnectTimeoutException > ConnectException: HTTP connect timed out,
video02.bdbos.bund.de,HttpConnectTimeoutException > ConnectException: HTTP connect timed out,
view.bkg.bund.de,HttpConnectTimeoutException > ConnectException: HTTP connect timed out,
visitenkarten.bfr.bund.de,ConnectException > UnresolvedAddressException,
visualtime.bfr.bund.de,ConnectException > UnresolvedAddressException,
vktool.bfr.bund.de,HttpConnectTimeoutException > ConnectException: HTTP connect timed out,
vm-maslxcephweb01.bfr.bund.de,ConnectException > UnresolvedAddressException,
vm-maslxgwms01.bfr.bund.de,ConnectException > UnresolvedAddressException,
vm-maslxknime01.bfr.bund.de,ConnectException > UnresolvedAddressException,
vm-maswinvcs01.bfr.bund.de,ConnectException > UnresolvedAddressException,
vm-maswinvcs01.tele.bfr.bund.de,ConnectException > UnresolvedAddressException,
vm-maswinvcs02.bfr.bund.de,HttpConnectTimeoutException > ConnectException: HTTP connect timed out,
vm-maswinvcs02.tele.bfr.bund.de,ConnectException > UnresolvedAddressException,
vm-mjansible.bfr.bund.de,HttpConnectTimeoutException > ConnectException: HTTP connect timed out,
vm-mjtest.bfr.bund.de,ConnectException > UnresolvedAddressException,
vm-test.bescha.intranet.bund.de,ConnectException > UnresolvedAddressException,
vm.bescha.intranet.bund.de,ConnectException > UnresolvedAddressException,
vorschau.basys.intranet.bund.de,ConnectException > UnresolvedAddressException,
voucher.bfr.bund.de,ConnectException > UnresolvedAddressException,
vpn.mri.bund.de,ConnectException > UnresolvedAddressException,
vvs.at1.pnr.bva.ivbb.bund.de,ConnectException > UnresolvedAddressException,
vvs.at2.pnr.bva.ivbb.bund.de,ConnectException > UnresolvedAddressException,
vvs.at3.pnr.bva.ivbb.bund.de,HttpConnectTimeoutException > ConnectException: HTTP connect timed out,
vvs.at4.pnr.bva.ivbb.bund.de,ConnectException > UnresolvedAddressException,
vvs.at5.pnr.bva.ivbb.bund.de,ConnectException > UnresolvedAddressException,
vvs.at6.pnr.bva.ivbb.bund.de,ConnectException > UnresolvedAddressException,
vvs.at7.pnr.bva.ivbb.bund.de,ConnectException > UnresolvedAddressException,
vvs.at8.pnr.bva.ivbb.bund.de,ConnectException > UnresolvedAddressException,
vvs.atu.pnr.bva.ivbb.bund.de,ConnectException > UnresolvedAddressException,
vvs.xsu.pnr.bva.ivbb.bund.de,ConnectException > UnresolvedAddressException,
vvs.xsu1.pnr.bva.ivbb.bund.de,ConnectException > UnresolvedAddressException,
vvs.xsu2.pnr.bva.ivbb.bund.de,ConnectException > UnresolvedAddressException,
wac.fli.bund.de,HttpConnectTimeoutException > ConnectException: HTTP connect timed out,
warnung.bund.de,200,
warnungs-inhalte.bund.de,ConnectException > UnresolvedAddressException,
wartung.fli.bund.de,ConnectException > UnresolvedAddressException,
watson.jki.bund.de,HttpConnectTimeoutException > ConnectException: HTTP connect timed out,
wbx01-mxh.itz.res.bund.de,ConnectException > UnresolvedAddressException,
web.bvl.bund.de,403,
webcon-b.p1.bc.zd.intranet.bund.de,HttpConnectTimeoutException > ConnectException: HTTP connect timed out,
webcon-f.p1.bc.zd.intranet.bund.de,HttpConnectTimeoutException > ConnectException: HTTP connect timed out,
webcon.p1.bc.zd.intranet.bund.de,ConnectException > UnresolvedAddressException,
webcon.test.zd.intranet.bund.de,ConnectException > UnresolvedAddressException,
webcon.zd.intranet.bund.de,ConnectException > UnresolvedAddressException,
webconf.fli.bund.de,HttpConnectTimeoutException > ConnectException: HTTP connect timed out,
webconf.sib-ent.zd.intranet.bund.de,ConnectException > UnresolvedAddressException,
webconf.test.zd.intranet.bund.de,ConnectException > UnresolvedAddressException,
webconfig.p1.bc.zd.intranet.bund.de,ConnectException > UnresolvedAddressException,
webconfig.p2.bc.zd.intranet.bund.de,HttpConnectTimeoutException > ConnectException: HTTP connect timed out,
webdisk.bas.bund.de,HttpConnectTimeoutException > ConnectException: HTTP connect timed out,
webext-b.p1.bc.zd.intranet.bund.de,ConnectException > UnresolvedAddressException,
webext-f.p1.bc.zd.intranet.bund.de,ConnectException > UnresolvedAddressException,
webext.p1.bc.zd.intranet.bund.de,ConnectException > UnresolvedAddressException,
webext.test.zd.intranet.bund.de,ConnectException > UnresolvedAddressException,
webext.zd.intranet.bund.de,ConnectException > UnresolvedAddressException,
webfarm.fli.bund.de,ConnectException > UnresolvedAddressException,
webmail.bas.bund.de,HttpConnectTimeoutException > ConnectException: HTTP connect timed out,
webmail.bfr.bund.de,SSLHandshakeException > ValidatorException > SunCertPathBuilderException: unable to find valid certification path to requested target,
webmail.bs.bvl.bund.de,ConnectException > UnresolvedAddressException,
webmail.p1.bc.zd.intranet.bund.de,ConnectException > UnresolvedAddressException,
webmail.p2.bc.zd.intranet.bund.de,HttpConnectTimeoutException > ConnectException: HTTP connect timed out,
webmail.ti.bund.de,ConnectException > UnresolvedAddressException,
webrtc1.test.bund.de,ConnectException > UnresolvedAddressException,
webrtc2.test.bund.de,ConnectException > UnresolvedAddressException,
webservice.bfr.bund.de,HttpConnectTimeoutException > ConnectException: HTTP connect timed out,
wekan.itz.res.bund.de,ConnectException > UnresolvedAddressException,
weser-jade-nordsee-preview.service.res.bund.de,ConnectException > UnresolvedAddressException,
wiki.bfe.bund.de,ConnectException > UnresolvedAddressException,
wiki.gsb.bund.de,HttpConnectTimeoutException > ConnectException: HTTP connect timed out,
wiki.zssi.ivbb.bund.de,ConnectException > UnresolvedAddressException,
winlis-sde70.bsh.res.bund.de,HttpConnectTimeoutException > ConnectException: HTTP connect timed out,
winlis-sdeeqs70.bsh.res.bund.de,ConnectException > UnresolvedAddressException,
wirtschaftsschutz.bund.de,ConnectException > UnresolvedAddressException,
wisit-ber.itz.res.bund.de,ConnectException > UnresolvedAddressException,
wisit-fra.itz.res.bund.de,ConnectException > UnresolvedAddressException,
wisit-inu.itz.res.bund.de,ConnectException > UnresolvedAddressException,
wisit-test.itz.res.bund.de,HttpConnectTimeoutException > ConnectException: HTTP connect timed out,
wisit.citrix.itz.res.bund.de,ConnectException > UnresolvedAddressException,
wisit.itz.res.bund.de,ConnectException > UnresolvedAddressException,
wlan.bfr.bund.de,HttpConnectTimeoutException > ConnectException: HTTP connect timed out,
wna-aschaffenburg-preview.service.res.bund.de,HttpConnectTimeoutException > ConnectException: HTTP connect timed out,
wna-berlin-preview.service.res.bund.de,HttpConnectTimeoutException > ConnectException: HTTP connect timed out,
wna-datteln-preview.service.res.bund.de,ConnectException > UnresolvedAddressException,
wna-helmstedt-preview.service.res.bund.de,ConnectException > UnresolvedAddressException,
wna-ma.deurg-preview.service.res.bund.de,HttpConnectTimeoutException > ConnectException: HTTP connect timed out,
wna-magdeburg-preview.service.res.bund.de,ConnectException > UnresolvedAddressException,
wolke7.bpb.bund.de,HttpConnectTimeoutException > ConnectException: HTTP connect timed out,
wsa-aschaffenburg-preview.service.res.bund.de,ConnectException > UnresolvedAddressException,
wsa-berlin-preview.service.res.bund.de,ConnectException > UnresolvedAddressException,
wsa-bingen-preview.service.res.bund.de,ConnectException > UnresolvedAddressException,
wsa-bra.deburg-preview.service.res.bund.de,HttpConnectTimeoutException > ConnectException: HTTP connect timed out,
wsa-brandenburg-preview.service.res.bund.de,ConnectException > UnresolvedAddressException,
wsa-braunschweig-preview.service.res.bund.de,ConnectException > UnresolvedAddressException,
wsa-bremen-preview.service.res.bund.de,ConnectException > UnresolvedAddressException,
wsa-bremerhaven-preview.service.res.bund.de,ConnectException > UnresolvedAddressException,
wsa-brunsbuettel-preview.service.res.bund.de,HttpConnectTimeoutException > ConnectException: HTTP connect timed out,
wsa-cuxhaven-preview.service.res.bund.de,ConnectException > UnresolvedAddressException,
wsa-dre.de-preview.service.res.bund.de,ConnectException > UnresolvedAddressException,
wsa-dresden-preview.service.res.bund.de,ConnectException > UnresolvedAddressException,
wsa-duisburg-me.deich-preview.service.res.bund.de,HttpConnectTimeoutException > ConnectException: HTTP connect timed out,
wsa-duisburg-meiderich-preview.service.res.bund.de,HttpConnectTimeoutException > ConnectException: HTTP connect timed out,
wsa-duisburg-rhein-preview.service.res.bund.de,ConnectException > UnresolvedAddressException,
wsa-e.de-preview.service.res.bund.de,ConnectException > UnresolvedAddressException,
wsa-eberswa.depreview.service.res.bund.de,ConnectException > UnresolvedAddressException,
wsa-eberswalde-preview.service.res.bund.de,HttpConnectTimeoutException > ConnectException: HTTP connect timed out,
wsa-emden-preview.service.res.bund.de,ConnectException > UnresolvedAddressException,
wsa-freiburg-preview.service.res.bund.de,ConnectException > UnresolvedAddressException,
wsa-hamburg-preview.service.res.bund.de,ConnectException > UnresolvedAddressException,
wsa-hannmue.de-preview.service.res.bund.de,ConnectException > UnresolvedAddressException,
wsa-hannmuenden-preview.service.res.bund.de,ConnectException > UnresolvedAddressException,
wsa-he.deberg-preview.service.res.bund.de,HttpConnectTimeoutException > ConnectException: HTTP connect timed out,
wsa-heidelberg-preview.service.res.bund.de,ConnectException > UnresolvedAddressException,
wsa-kiel-holtenau-preview.service.res.bund.de,HttpConnectTimeoutException > ConnectException: HTTP connect timed out,
wsa-koblenz-preview.service.res.bund.de,ConnectException > UnresolvedAddressException,
wsa-koeln-preview.service.res.bund.de,ConnectException > UnresolvedAddressException,
wsa-lauenburg-preview.service.res.bund.de,ConnectException > UnresolvedAddressException,
wsa-luebeck-preview.service.res.bund.de,ConnectException > UnresolvedAddressException,
wsa-ma.deurg-preview.service.res.bund.de,ConnectException > UnresolvedAddressException,
wsa-magdeburg-preview.service.res.bund.de,ConnectException > UnresolvedAddressException,
wsa-mannheim-preview.service.res.bund.de,HttpConnectTimeoutException > ConnectException: HTTP connect timed out,
wsa-meppen-preview.service.res.bund.de,ConnectException > UnresolvedAddressException,
wsa-mi.de-preview.service.res.bund.de,ConnectException > UnresolvedAddressException,
wsa-minden-preview.service.res.bund.de,HttpConnectTimeoutException > ConnectException: HTTP connect timed out,
wsa-nuernberg-preview.service.res.bund.de,ConnectException > UnresolvedAddressException,
wsa-regensburg-preview.service.res.bund.de,ConnectException > UnresolvedAddressException,
wsa-rheine-preview.service.res.bund.de,ConnectException > UnresolvedAddressException,
wsa-saarbruecken-preview.service.res.bund.de,ConnectException > UnresolvedAddressException,
wsa-schweinfurt-preview.service.res.bund.de,ConnectException > UnresolvedAddressException,
wsa-stralsund-preview.service.res.bund.de,ConnectException > UnresolvedAddressException,
wsa-stuttgart-preview.service.res.bund.de,ConnectException > UnresolvedAddressException,
wsa-toenning-preview.service.res.bund.de,ConnectException > UnresolvedAddressException,
wsa-trier-preview.service.res.bund.de,ConnectException > UnresolvedAddressException,
wsa-uelzen-preview.service.res.bund.de,ConnectException > UnresolvedAddressException,
wsa-ve.de-preview.service.res.bund.de,HttpConnectTimeoutException > ConnectException: HTTP connect timed out,
wsa-verden-preview.service.res.bund.de,HttpConnectTimeoutException > ConnectException: HTTP connect timed out,
wsa-wilhelmshaven-preview.service.res.bund.de,ConnectException > UnresolvedAddressException,
wsv-editor.service.res.bund.de,ConnectException > UnresolvedAddressException,
wsv-preview.service.res.bund.de,HttpConnectTimeoutException > ConnectException: HTTP connect timed out,
wsv.bund.de,301,
wsvpruf-demo.dlz-it.res.bund.de,HttpConnectTimeoutException > ConnectException: HTTP connect timed out,
wsvpruf-qs.wsv.res.bund.de,HttpConnectTimeoutException > ConnectException: HTTP connect timed out,
wsvpruf-uebung.wsv.res.bund.de,ConnectException > UnresolvedAddressException,
wsvpruf.wsv.res.bund.de,HttpConnectTimeoutException > ConnectException: HTTP connect timed out,
ww2.bkg.bund.de,HttpConnectTimeoutException > ConnectException: HTTP connect timed out,
www.ai-db.fli.bund.de,ConnectException > UnresolvedAddressException,
www.anlagenschutz.baf.bund.de,ConnectException > UnresolvedAddressException,
www.apasbafa.bund.de,303,
www.as.bmfsfj.bund.de,HttpConnectTimeoutException > ConnectException: HTTP connect timed out,
www.asse.bund.de,ConnectException > UnresolvedAddressException,
www.auriga.bund.de,303,
www.ausweisapp.bund.de,307,
www.badv.bund.de,303,
www.baf.bund.de,HttpConnectTimeoutException > ConnectException: HTTP connect timed out,
www.bafoegonline.bund.de,ConnectException > UnresolvedAddressException,
www.bafoegonline.bva.bund.de,302,
www.bag.bund.de,301,
www.bakoev.bund.de,302,
www.baks.bund.de,200,
www.banu.bund.de,ConnectException > UnresolvedAddressException,
www.bas.bund.de,HttpConnectTimeoutException > ConnectException: HTTP connect timed out,
www.bav.bund.de,302,
www.bbk.bund.de,302,
www.bbr.bund.de,HttpConnectTimeoutException > ConnectException: HTTP connect timed out,
www.bbsr.bund.de,302,
www.bdbos.bund.de,HttpConnectTimeoutException > ConnectException: HTTP connect timed out,
www.bescha.bund.de,303,
www.beta.bund.de,HttpConnectTimeoutException > ConnectException: HTTP connect timed out,
www.beu.bund.de,301,
www.bev.bund.de,HttpConnectTimeoutException > ConnectException: HTTP connect timed out,
www.bfdi.bund.de,303,
www.bfe.bund.de,HttpConnectTimeoutException > ConnectException: HTTP connect timed out,
www.bfr.bund.de,HttpConnectTimeoutException > ConnectException: HTTP connect timed out,
www.bgh.bund.de,SSLHandshakeException > SocketException: Connection reset,
www.bgr.bund.de,307,
www.bib.bund.de,303,
www.bildungskreditonline.bva.bund.de,400,
www.bit.bund.de,HttpConnectTimeoutException > ConnectException: HTTP connect timed out,
www.bk.bva.bund.de,ConnectException > UnresolvedAddressException,
www.bkg.bund.de,303,
www.bkggis-ds.bkg.bund.de,ConnectException > UnresolvedAddressException,
www.bkggis-s.bkg.bund.de,ConnectException > UnresolvedAddressException,
www.bkggis.bkg.bund.de,HttpConnectTimeoutException > ConnectException: HTTP connect timed out,
www.blaues-band.bund.de,302,
www.ble.bund.de,303,
www.bmg.bund.de,301,
www.bmi-event.bund.de,ConnectException > UnresolvedAddressException,
www.bmi.bund.de,307,
www.bmj.bund.de,HttpConnectTimeoutException > ConnectException: HTTP connect timed out,
www.bmub.bund.de,HttpConnectTimeoutException > ConnectException: HTTP connect timed out,
www.bnd.bund.de,303,
www.boat-test.bva.bund.de,HttpConnectTimeoutException > ConnectException: HTTP connect timed out,
www.boat.bit.bund.de,HttpConnectTimeoutException > ConnectException: HTTP connect timed out,
www.boat.bva.bund.de,HttpConnectTimeoutException > ConnectException: HTTP connect timed out,
www.bpol.bund.de,303,
www.bscw.bund.de,200,
www.bsg.bund.de,303,
www.bsi.bund.de,303,
www.bstu.bund.de,301,
www.bsu-bund.de,HttpConnectTimeoutException > ConnectException: HTTP connect timed out,
www.bube.bund.de,ConnectException > UnresolvedAddressException,
www.bund.de,302,none
www.bundesnotbrunnen.bund.de,400,
www.bva.bund.de,HttpConnectTimeoutException > ConnectException: HTTP connect timed out,
www.bva2.bund.de,HttpConnectTimeoutException > ConnectException: HTTP connect timed out,
www.bvl.bund.de,303,
www.bwi3.vti.bund.de,HttpConnectTimeoutException > ConnectException: HTTP connect timed out,
www.bzst.bund.de,303,
www.ccivs.bkg.bund.de,HttpConnectTimeoutException > ConnectException: HTTP connect timed out,
www.cert-bund.de,HttpConnectTimeoutException > ConnectException: HTTP connect timed out,
www.cio.bund.de,307,
www.culbase.fli.bund.de,ConnectException > UnresolvedAddressException,
www.daisy.bva.bund.de,HttpConnectTimeoutException > ConnectException: HTTP connect timed out,
www.datenschutz.bund.de,HttpConnectTimeoutException > ConnectException: HTTP connect timed out,
www.demo1.gsb-sl.bva.bund.de,HttpConnectTimeoutException > ConnectException: HTTP connect timed out,
www.demo2.gsb-sl.bva.bund.de,HttpConnectTimeoutException > ConnectException: HTTP connect timed out,
www.demo3.gsb-sl.bva.bund.de,HttpConnectTimeoutException > ConnectException: HTTP connect timed out,
www.demografieportal.bund.de,SSLHandshakeException: (handshake_failure) Received fatal alert: handshake_failure,
www.denis.bund.de,HttpConnectTimeoutException > ConnectException: HTTP connect timed out,
www.dera.bund.de,HttpConnectTimeoutException > ConnectException: HTTP connect timed out,
www.dfs.bund.de,302,
www.diversitaet.bund.de,ConnectException > UnresolvedAddressException,
www.dlz.bund.de,HttpConnectTimeoutException > ConnectException: HTTP connect timed out,
www.download.ausweisapp.bund.de,ConnectException > UnresolvedAddressException,
www.e-beschaffung.bund.de,HttpConnectTimeoutException > ConnectException: HTTP connect timed out,
www.eba.bund.de,302,
www.edu.daisy.bva.bund.de,HttpConnectTimeoutException > ConnectException: HTTP connect timed out,
www.elearning.daisy.bva.bund.de,HttpConnectTimeoutException > ConnectException: HTTP connect timed out,
www.enap.bund.de,302,
www.enap.ivbb.bund.de,ConnectException > UnresolvedAddressException,
www.enorm.bund.de,303,
www.epizone.fli.bund.de,HttpConnectTimeoutException > ConnectException: HTTP connect timed out,
www.era.bund.de,ConnectException > UnresolvedAddressException,
www.eroom.bva.bund.de,HttpConnectTimeoutException > ConnectException: HTTP connect timed out,
www.etu.daisy.bva.bund.de,HttpConnectTimeoutException > ConnectException: HTTP connect timed out,
www.eub.bund.de,ConnectException > UnresolvedAddressException,
www.event-bkm.bund.de,ConnectException > UnresolvedAddressException,
www.fba.bund.de,303,
www.fis-vl.bund.de,ConnectException > UnresolvedAddressException,
www.fli.bund.de,SSLHandshakeException > CertificateException: No subject alternative DNS name matching www.fli.bund.de found.,
www.foerderinfo.bund.de,HttpConnectTimeoutException > ConnectException: HTTP connect timed out,
www.forensic-firearms.bund.de,HttpConnectTimeoutException > ConnectException: HTTP connect timed out,
www.fortbildungsportal.bund.de,HttpConnectTimeoutException > ConnectException: HTTP connect timed out,
www.ftu.daisy.bva.bund.de,HttpConnectTimeoutException > ConnectException: HTTP connect timed out,
www.ftu.kdb.bund.de,HttpConnectTimeoutException > ConnectException: HTTP connect timed out,
www.fuehrungszeugnis.bund.de,HttpConnectTimeoutException > ConnectException: HTTP connect timed out,
www.gbe-bund.de,302,
www.gdws.wsv.bund.de,302,
www.gesamtkonzept-elbe.bund.de,301,
www.gesund.bund.de,HttpConnectTimeoutException > ConnectException: HTTP connect timed out,
www.gewerbeanmeldung.zoll.bund.de,HttpConnectTimeoutException > ConnectException: HTTP connect timed out,
www.gigis-ds.bkg.bund.de,ConnectException > UnresolvedAddressException,
www.gigis-s.bkg.bund.de,ConnectException > UnresolvedAddressException,
www.gigis.bkg.bund.de,ConnectException > UnresolvedAddressException,
www.gsb-quickcheck3.bva.bund.de,HttpConnectTimeoutException > ConnectException: HTTP connect timed out,
www.gsb-quickcheck4.bva.bund.de,HttpConnectTimeoutException > ConnectException: HTTP connect timed out,
www.gsb-sl.bva.bund.de,HttpConnectTimeoutException > ConnectException: HTTP connect timed out,
www.heimat.bund.de,HttpConnectTimeoutException > ConnectException: HTTP connect timed out,
www.id-ref-bug.it.bund.de,HttpConnectTimeoutException > ConnectException: HTTP connect timed out,
www.id-ref.it.bund.de,HttpConnectTimeoutException > ConnectException: HTTP connect timed out,
www.id.bund.de,302,
www.idp.id-ref-bug.it.bund.de,SSLHandshakeException > ValidatorException > CertPathValidatorException > CertificateExpiredException: NotAfter: Mon Feb 07 08:42:11 CET 2022,
www.ies.bmz.bund.de,HttpConnectTimeoutException > ConnectException: HTTP connect timed out,
www.info.bbr.bund.de,ConnectException > UnresolvedAddressException,
www.intranet.bmz.bund.de,HttpConnectTimeoutException > ConnectException: HTTP connect timed out,
www.k-pvs.bund.de,303,
www.karriere.bsi.bund.de,HttpConnectTimeoutException > ConnectException: HTTP connect timed out,
www.kavka.bund.de,HttpConnectTimeoutException > ConnectException: HTTP connect timed out,
www.kdb.bund.de,303,
www.kkr.bund.de,303,
www.kritis.bund.de,303,
www.kunstdatenbank.bund.de,HttpConnectTimeoutException > ConnectException: HTTP connect timed out,
www.kunstsammlung-bund.de,303,
www.kunstundjustiz.bund.de,200,
www.kvb.bund.de,302,
www.lernen.eba.bund.de,HttpConnectTimeoutException > ConnectException: HTTP connect timed out,
www.lernplattform-bakoev-test.bund.de,HttpConnectTimeoutException > ConnectException: HTTP connect timed out,
www.lernplattform-bakoev.bund.de,HttpConnectTimeoutException > ConnectException: HTTP connect timed out,
www.liquidtabs.bfr.bund.de,ConnectException > UnresolvedAddressException,
www.lwarn.bvl.bund.de,ConnectException > UnresolvedAddressException,
www.mediathek.bmi.bund.de,ConnectException > UnresolvedAddressException,
www.meet.bmi.bund.de,ConnectException > NoRouteToHostException: Host is unreachable,
www.meldestelle.bvl.bund.de,ConnectException > UnresolvedAddressException,
www.mieterschutz.bund.de,HttpConnectTimeoutException > ConnectException: HTTP connect timed out,
www.mietpreisbremse.bund.de,ConnectException > UnresolvedAddressException,
www.migration-gesundheit.bund.de,307,
www.mip.bsi.bund.de,IOException > EOFException: EOF reached while reading,
www.mobzu.bbr.bund.de,ConnectException > UnresolvedAddressException,
www.mri.bund.de,307,
www.neuegrippe.bund.de,SSLHandshakeException > CertificateException: No subject alternative DNS name matching www.neuegrippe.bund.de found.,
www.nfb-db.fli.bund.de,HttpConnectTimeoutException > ConnectException: HTTP connect timed out,
www.normenkontrollrat.bund.de,303,
www.online-umfrage.bund.de,HttpConnectTimeoutException > ConnectException: HTTP connect timed out,
www.oss.bund.de,ConnectException > UnresolvedAddressException,
www.portal.bmz.bund.de,ConnectException > UnresolvedAddressException,
www.portal.bvl.bund.de,ConnectException > UnresolvedAddressException,
www.portal2.bvl.bund.de,ConnectException > UnresolvedAddressException,
www.produkt.gsb.bund.de,303,
www.schulforum-deutsch.bva.bund.de,ConnectException > UnresolvedAddressException,
www.schulung.daisy.bva.bund.de,HttpConnectTimeoutException > ConnectException: HTTP connect timed out,
www.service.bund.de,303,
www.softwareentwicklung.bva.bund.de,ConnectException > UnresolvedAddressException,
www.sso.bvl.bund.de,ConnectException > UnresolvedAddressException,
www.standardlsg.gsbos.bund.de,ConnectException > UnresolvedAddressException,
www.stbauf-intern.bund.de,SSLHandshakeException > CertificateException: No subject alternative DNS name matching www.stbauf-intern.bund.de found.,
www.stbauf.bund.de,SSLHandshakeException > CertificateException: No subject alternative DNS name matching www.stbauf.bund.de found.,
www.stu.bundesnotbrunnen.bund.de,400,
www.svn.mri.bund.de,ConnectException > UnresolvedAddressException,
www.thw.bund.de,HttpConnectTimeoutException > ConnectException: HTTP connect timed out,
www.ti.bund.de,ConnectException > UnresolvedAddressException,
www.tms.bund.de,HttpConnectTimeoutException > ConnectException: HTTP connect timed out,
www.tsbh.fli.bund.de,ConnectException > UnresolvedAddressException,
www.tsis.fli.bund.de,ConnectException > UnresolvedAddressException,
www.tsn.fli.bund.de,HttpConnectTimeoutException > ConnectException: HTTP connect timed out,
www.umfrage-stuetz.zoll.bund.de,SSLHandshakeException: (handshake_failure) Received fatal alert: handshake_failure,
www.umfrage.bund.de,HttpConnectTimeoutException > ConnectException: HTTP connect timed out,
www.unseregeschichte.bund.de,HttpConnectTimeoutException > ConnectException: HTTP connect timed out,
www.vpn.mri.bund.de,ConnectException > UnresolvedAddressException,
www.vsz.bund.de,SSLHandshakeException: (handshake_failure) Received fatal alert: handshake_failure,
www.vti.bund.de,ConnectException > UnresolvedAddressException,
www.warnungs-inhalte.bund.de,ConnectException > UnresolvedAddressException,
www.weltraumlagezentrum.bund.de,HttpConnectTimeoutException > ConnectException: HTTP connect timed out,
www.wir-sind-bund.de,303,
www.wirtschaftsschutz.bund.de,HttpConnectTimeoutException > ConnectException: HTTP connect timed out,
www.wsv.bund.de,HttpConnectTimeoutException > ConnectException: HTTP connect timed out,
www.zitis.bund.de,HttpConnectTimeoutException > ConnectException: HTTP connect timed out,
www.zkbs-bund.de,HttpConnectTimeoutException > ConnectException: HTTP connect timed out,
www.zssi.ivbb.bund.de,ConnectException > UnresolvedAddressException,
www1.itboerse.bund.de,ConnectException > UnresolvedAddressException,
www12.bkg.bund.de,ConnectException > ClosedChannelException,
wwwsat.ti.bund.de,ConnectException > UnresolvedAddressException,
xray.artifactory.zssi.ivbb.bund.de,ConnectException > UnresolvedAddressException,
xrechnung.bund.de,303,
xrechnung.zd.intranet.bund.de,ConnectException > UnresolvedAddressException,
xsu.pnr.bva.ivbb.bund.de,HttpConnectTimeoutException > ConnectException: HTTP connect timed out,
xsu1.pnr.bva.ivbb.bund.de,ConnectException > UnresolvedAddressException,
xsu2.pnr.bva.ivbb.bund.de,ConnectException > UnresolvedAddressException,
z-1624194852.pnr.itzbund.bva.bund.de,HttpConnectTimeoutException > ConnectException: HTTP connect timed out,
z6media.bmi.bund.de,ConnectException > UnresolvedAddressException,
zabu.bfr.bund.de,ConnectException > UnresolvedAddressException,
zag.bvl.bund.de,404,
zd.bund.de,ConnectException > UnresolvedAddressException,
zdm-deployment.wsv.bvbs.bund.de,ConnectException > UnresolvedAddressException,
zdm-deployment.wsv.res.bund.de,ConnectException > UnresolvedAddressException,
zdm-import-int.wsv.res.bund.de,ConnectException > UnresolvedAddressException,
zdm-import-prod.wsv.bvbs.bund.de,ConnectException > UnresolvedAddressException,
zdm-import-prod.wsv.res.bund.de,HttpConnectTimeoutException > ConnectException: HTTP connect timed out,
zdm-import-test.wsv.bvbs.bund.de,ConnectException > UnresolvedAddressException,
zdm-import-test.wsv.res.bund.de,HttpConnectTimeoutException > ConnectException: HTTP connect timed out,
zdm-portale-int.wsv.res.bund.de,ConnectException > UnresolvedAddressException,
zdm-portale-prod.wsv.bvbs.bund.de,ConnectException > UnresolvedAddressException,
zdm-portale-prod.wsv.res.bund.de,ConnectException > UnresolvedAddressException,
zdm-portale-test.wsv.bvbs.bund.de,ConnectException > UnresolvedAddressException,
zdm-portale-test.wsv.res.bund.de,ConnectException > UnresolvedAddressException,
zdm-preview.service.res.bund.de,ConnectException > UnresolvedAddressException,
zdm-statview-test.itz.res.bund.de,HttpConnectTimeoutException > ConnectException: HTTP connect timed out,
zdm-statview.itz.res.bund.de,ConnectException > UnresolvedAddressException,
zebet.bfr.bund.de,ConnectException > UnresolvedAddressException,
zeg-statview-test.itz.res.bund.de,HttpConnectTimeoutException > ConnectException: HTTP connect timed out,
zeg-statview.itz.res.bund.de,ConnectException > UnresolvedAddressException,
zeit.bfr.bund.de,HttpConnectTimeoutException > ConnectException: HTTP connect timed out,
ziel.sib-ent.zd.intranet.bund.de,ConnectException > UnresolvedAddressException,
ziel.sib.zd.intranet.bund.de,ConnectException > UnresolvedAddressException,
ziel.sibbscw.sib-ent.zd.intranet.bund.de,ConnectException > UnresolvedAddressException,
ziel.sit.sib-ent.zd.intranet.bund.de,ConnectException > UnresolvedAddressException,
ziel.social.intranet.bund.de,ConnectException > UnresolvedAddressException,
ziel.test.sib.zd.intranet.bund.de,ConnectException > UnresolvedAddressException,
ziel.test.social.intranet.bund.de,ConnectException > UnresolvedAddressException,
zielbscw.sib.zd.intranet.bund.de,HttpConnectTimeoutException > ConnectException: HTTP connect timed out,
zielsibbscw.sib-ent.zd.intranet.bund.de,ConnectException > UnresolvedAddressException,
zielsibbscw.test.sib.zd.intranet.bund.de,ConnectException > UnresolvedAddressException,
zielsit.sib-ent.zd.intranet.bund.de,ConnectException > UnresolvedAddressException,
zitis-schul.mach.intranet.bund.de,ConnectException > UnresolvedAddressException,
zitis-test.mach.intranet.bund.de,ConnectException > UnresolvedAddressException,
zitis.bund.de,303,
zitis.mach.intranet.bund.de,ConnectException > UnresolvedAddressException,
zkbs-bund.de,303,
zkbs.bvl.bund.de,200,
zoll-dtie-preview.stu.zd.intranet.bund.de,ConnectException > UnresolvedAddressException,
zoll-dtie.stu.zd.intranet.bund.de,HttpConnectTimeoutException > ConnectException: HTTP connect timed out,
zoll-editor.preview.stu.zd.intranet.bund.de,ConnectException > UnresolvedAddressException,
zoll-preview.stu.zd.intranet.bund.de,HttpConnectTimeoutException > ConnectException: HTTP connect timed out,
zoll.stu.zd.intranet.bund.de,HttpConnectTimeoutException > ConnectException: HTTP connect timed out,
zollweb-dtie-preview.stu.zoll.intranet.bund.de,ConnectException > UnresolvedAddressException,
zollweb-dtieweb.preview.zoll.intranet.bund.de,HttpConnectTimeoutException > ConnectException: HTTP connect timed out,
zollweb-editor-preview.stu.zoll.intranet.bund.de,HttpConnectTimeoutException > ConnectException: HTTP connect timed out,
zollweb-editor.preview.zoll.intranet.bund.de,ConnectException > UnresolvedAddressException,
zollweb-preview.stu.zoll.intranet.bund.de,ConnectException > UnresolvedAddressException,
zollweb.preview.zoll.intranet.bund.de,HttpConnectTimeoutException > ConnectException: HTTP connect timed out,
zoonosen.bfr.bund.de,ConnectException > UnresolvedAddressException,
zssi-docker-release.artifactory.zssi.ivbb.bund.de,HttpConnectTimeoutException > ConnectException: HTTP connect timed out,
ztu.pnr.bva.ivbb.bund.de,HttpConnectTimeoutException > ConnectException: HTTP connect timed out,
ztu1.pnr.bva.ivbb.bund.de,HttpConnectTimeoutException > ConnectException: HTTP connect timed out,
ztu2.pnr.bva.ivbb.bund.de,ConnectException > UnresolvedAddressException,
zusatzstoffe.bfr.bund.de,ConnectException > UnresolvedAddressException,
zusta-docker-release-lokal.artifactory.zssi.ivbb.bund.de,HttpConnectTimeoutException > ConnectException: HTTP connect timed out,
zusta-docker-snapshot-lokal.artifactory.zssi.ivbb.bund.de,ConnectException > UnresolvedAddressException,
zuwes.intranet.bund.de,HttpConnectTimeoutException > ConnectException: HTTP connect timed out,
zvd01-psh01.zd.bund.de,ConnectException > UnresolvedAddressException,
zvd01-psh02.zd.bund.de,ConnectException > UnresolvedAddressException,
zvd01-psh03.zd.bund.de,ConnectException > UnresolvedAddressException,
zvd01-psh04.zd.bund.de,HttpConnectTimeoutException > ConnectException: HTTP connect timed out,
zvd01-psh11.zd.bund.de,ConnectException > UnresolvedAddressException,
zvd01-psh12.zd.bund.de,ConnectException > UnresolvedAddressException,
zvd02-psh01.zd.bund.de,ConnectException > UnresolvedAddressException,
zvd02-psh02.zd.bund.de,ConnectException > UnresolvedAddressException,
zvd02-psh11.zd.bund.de,ConnectException > UnresolvedAddressException,
zvd02-psh21.zd.bund.de,HttpConnectTimeoutException > ConnectException: HTTP connect timed out,
