domain,name
abbasandtemplecombe-pc.gov.uk,
abbertonandlangenhoeparish.gov.uk,
abbeydoreandbactongroup-pc.gov.uk,
abbeyhillparishcouncil.gov.uk,
abbotskerswell-pc.gov.uk,
abbotslangley-pc.gov.uk,Abbots Langley
abbotsleighparish.gov.uk,
abbotsleyparishcouncil.gov.uk,
abbotsmorton-pc.gov.uk,
abbotsripton-pc.gov.uk,
abbottsann-pc.gov.uk,
abbr-pc.gov.uk,
abdonandheathparish.gov.uk,
abenburycommunitycouncil.gov.uk,
aberdeencity.gov.uk,Aberdeen City Council
aberdeenshire.gov.uk,Aberdeenshire Council
aberford-pc.gov.uk,
abergavennytowncouncil.gov.uk,Abergavenny Town Council
abermulellandyssil-cc.gov.uk,
aberporthcommunitycouncil.gov.uk,
abertilleryandllanhilleth-wcc.gov.uk,
aberystwyth.gov.uk,Aberystwyth Town Council
abinger-pc.gov.uk,
abington-pc.gov.uk,
abthorpeparish.gov.uk,
acastermalbis-pc.gov.uk,Acaster Malbis
acklington-pc.gov.uk,
ackworthparishcouncil.gov.uk,
acleparishcouncil.gov.uk,
acol-pc.gov.uk,
acombparish.gov.uk,
actonbridge-pc.gov.uk,
actonburnell-pc.gov.uk,
actoncommunitycouncil.gov.uk,
actonparishcouncil.gov.uk,
actontrussellbednall-pc.gov.uk,
actonturville-pc.gov.uk,
adderburyparishcouncil.gov.uk,
adderstonewithluckerparish.gov.uk,
addingham-pc.gov.uk,
addington-pc.gov.uk,
addlethorpeparishcouncil.gov.uk,
adisham-pc.gov.uk,
adlington-pc.gov.uk,
adlingtontowncouncil.gov.uk,
admingtonparishcouncil.gov.uk,
adstockparish.gov.uk,
adur-worthing.gov.uk,Worthing
adur.gov.uk,Adur
adurdc.gov.uk,
aightonbaileyandchaigley-pc.gov.uk,
ailsworth-pc.gov.uk,
ainstable-pc.gov.uk,
aintreevillageparishcouncil.gov.uk,
aiskewleemingbar-pc.gov.uk,
aislabyparishcouncil.gov.uk,
akeleyparishcouncil.gov.uk,Akeley
alberburywithcardestonparishcouncil.gov.uk,
albourne-pc.gov.uk,
albrightondonington-pc.gov.uk,
albrightonparishcouncil.gov.uk,
alburgh-pc.gov.uk,
alburyparishcouncil.gov.uk,
alcester-tc.gov.uk,Alcester Town Council
alconburyparishcouncil.gov.uk,Alconbury
alconburyweston-pc.gov.uk,
alcshropshire.gov.uk,
aldboroughandthurgarton-pc.gov.uk,
aldbourne-pc.gov.uk,
aldbroughstjohnparishcouncil.gov.uk,
aldburyparishcouncil.gov.uk,
aldeburghtowncouncil.gov.uk,Aldeburgh Town Council
aldebyparishcouncil.gov.uk,
aldenham-pc.gov.uk,
alderburyparishcouncil.gov.uk,Alderbury Parish Council
alderholtparishcouncil.gov.uk,
alderleyedge-pc.gov.uk,Alderley Edge Parish Council
aldermaston-pc.gov.uk,
alderminster-pc.gov.uk,Alderminster
aldertonparishcouncil.gov.uk,
aldertonsuffolk-pc.gov.uk,
alderwasleyparishcouncil.gov.uk,
aldfordandsaighton-pc.gov.uk,
aldhamparishcouncil.gov.uk,
aldhamsuffolk-pc.gov.uk,
aldingbourne-pc.gov.uk,
aldinghamparishcouncil.gov.uk,
aldingtonandbonnington-pc.gov.uk,
aldsworthparishcouncil.gov.uk,
aldwickparishcouncil.gov.uk,Aldwick Parish Council
aldwincleparishcouncil.gov.uk,
aldworth-pc.gov.uk,
alfoldparishcouncil.gov.uk,
alfordtowncouncil.gov.uk,
alfretontowncouncil.gov.uk,
algarkirkparishcouncil.gov.uk,
alkboroughwalcotparishcouncil.gov.uk,Alkborough
alkingtonparishcouncil.gov.uk,
allbrook-pc.gov.uk,
allcannings-pc.gov.uk,
allendaleparish.gov.uk,
allerdale.gov.uk,Allerdale Borough Council
allerparishcouncil.gov.uk,
allerthorpeparishcouncil.gov.uk,
allertonbywaterparishcouncil.gov.uk,
allesleyparishcouncil.gov.uk,
allhallows-pc.gov.uk,
allhallowskent-pc.gov.uk,
allingtonboscombewilts-pc.gov.uk,
allithwaiteandcartmel-pc.gov.uk,
allostockparishcouncil.gov.uk,
allsaints-pc.gov.uk,
allstrettonsmethcottwoolstaston-pc.gov.uk,
almeleyparishcouncil.gov.uk,
almondsburyparishcouncil.gov.uk,
alneparishcouncil.gov.uk,
alnwick-tc.gov.uk,Alnwick Town Council
alphetonparish.gov.uk,
alpingtonwithyelverton-pc.gov.uk,
alresfordparishcouncil.gov.uk,
alrewasparishcouncil.gov.uk,
alsagertowncouncil.gov.uk,
alstonmoorparish.gov.uk,
altarnunparishcouncil.gov.uk,
altham-pc.gov.uk,
althorneparishcouncil.gov.uk,
alton.gov.uk,Alton Town Council
altonsandhoneystreet-pc.gov.uk,
alveleyandromsley-pc.gov.uk,
alvescotparishcouncil.gov.uk,
alveston-pc.gov.uk,
alvingtonparishcouncil.gov.uk,
alwingtonparish.gov.uk,
alwintonparishcouncil.gov.uk,
alwoodleyparishcouncil.gov.uk,
amberhill-pc.gov.uk,
amberhillparishcouncil.gov.uk,
ambervalley.gov.uk,Amber Valley Borough Council
ambleston-cc.gov.uk,
amersham-tc.gov.uk,Amersham Town Council
amesburytowncouncil.gov.uk,
ammanford-tc.gov.uk,
amotherby-pc.gov.uk,
ampfieldparish.gov.uk,
ampleforth-pc.gov.uk,
ampneycrucis-pc.gov.uk,
amporthantsparishcouncil.gov.uk,
ampthill-tc.gov.uk,
ancaster-pc.gov.uk,
ancroftparishcouncil.gov.uk,
anderton-with-marbury-pc.gov.uk,
andover-tc.gov.uk,Andover Town Council
andoversfordparish.gov.uk,
anglecommunitycouncil.gov.uk,
anglesey.gov.uk,Isle of Anglesey County Council
angleseystaffs-pc.gov.uk,
angmering-pc.gov.uk,Angmering Parish Council
anlaby-common-pc.gov.uk,
annesleyparishcouncil.gov.uk,
ansdellandfairhaven-pc.gov.uk,
ansford-pc.gov.uk,
ansleyparishcouncil.gov.uk,
anstystaplefield-pc.gov.uk,Ansty and Staplefield
anstywiltsparish.gov.uk,
antinghamparishcouncil.gov.uk,
antony-pc.gov.uk,
antrimandnewtownabbey.gov.uk,Antrim and Newtownabbey District Council
antrobus-pc.gov.uk,
anwick-pc.gov.uk,
appleby-pc.gov.uk,
appledoreparishcouncil.gov.uk,
appleford-pc.gov.uk,
appleton-eaton-pc.gov.uk,
appletonparish.gov.uk,
appletonroebuckandacasterselby-pc.gov.uk,
appletonwiske-pc.gov.uk,
appletreewick-pc.gov.uk,
apuldramparish.gov.uk,
arborfieldparish.gov.uk,
arclidparishcouncil.gov.uk,
ardeleyparishcouncil.gov.uk,
ardingtonandlockinge-pc.gov.uk,
ardleigh-pc.gov.uk,
ardleywf-pc.gov.uk,
ardsandnorthdown.gov.uk,Ards and North Down
argoedcommunitycouncil.gov.uk,
argyll-bute.gov.uk,Argyll and Bute Council
arkholmewithcawood-pc.gov.uk,
arlesey-tc.gov.uk,
arlingham-pc.gov.uk,
arlington-pc.gov.uk,
armaghbanbridgecraigavon.gov.uk,"Armagh City, Banbridge and Craigavon Borough Council"
armitagewithhandsacre-pc.gov.uk,
armthorpeparishcouncil.gov.uk,
arneparishcouncil.gov.uk,
arnsideparishcouncil.gov.uk,
arreton-pc.gov.uk,
arringtonparishcouncil.gov.uk,
arthingtonparishcouncil.gov.uk,
arthingworth-pc.gov.uk,
arthuretparishcouncil.gov.uk,
artington-pc.gov.uk,
arun.gov.uk,Arun District Council
arundeltowncouncil.gov.uk,Arundel Town Council
asenbyparish.gov.uk,
asfordbyparishcouncil.gov.uk,
ash-somerset-pc.gov.uk,
ashbournetowncouncil.gov.uk,Ashbourne Town Council
ashburtontowncouncil.gov.uk,
ashburyparishcouncil.gov.uk,
ashbymagnaparishcouncil.gov.uk,
ashbyparvaparish.gov.uk,
ashbystmaryparish.gov.uk,
ashbytowncouncil.gov.uk,
ashbywouldstowncouncil.gov.uk,
ashchurchrural-pc.gov.uk,
ashcottparishcouncil.gov.uk,
ashcumridley-pc.gov.uk,
ashdonparishcouncil.gov.uk,
ashendon-pc.gov.uk,
ashfield-dc.gov.uk,
ashfield.gov.uk,Ashfield District Council
ashfieldcumthorpe-pc.gov.uk,
ashford-in-the-water-pc.gov.uk,
ashford.gov.uk,Ashford Borough Council
ashfordcarbonellparishcouncil.gov.uk,
ashfordporthealth.gov.uk,
ashingdonparishcouncil.gov.uk,
ashingtontowncouncil.gov.uk,Ashington Town Council
ashleyparishcouncil.gov.uk,
ashmanhaughparishcouncil.gov.uk,
ashover-pc.gov.uk,
ashparishcouncil.gov.uk,
ashperton-pc.gov.uk,
ashreigneyparishcouncil.gov.uk,
ashton-pc.gov.uk,
ashtonhayesparishcouncil.gov.uk,
ashtonparishcouncil.gov.uk,
ashurstandcolbury-pc.gov.uk,
ashurstparish.gov.uk,
ashurstwood-vc.gov.uk,Ashurst Wood
ashwellparishcouncil.gov.uk,
ashwellthorpeandfundenhall-pc.gov.uk,
askamandirelethparishcouncil.gov.uk,
askderbyshire.gov.uk,
askerntowncouncil.gov.uk,
askhamandhelton-pc.gov.uk,
askhamparishmeeting.gov.uk,
askhamrichard-pc.gov.uk,
askriggandlowabbotside-pc.gov.uk,
aslactonparishcouncil.gov.uk,
aspatria-tc.gov.uk,
aspleyguiseparishcouncil.gov.uk,
asselbyparishcouncil.gov.uk,
assington-pc.gov.uk,
astbury-moreton-pc.gov.uk,
asterbygoulceby-pc.gov.uk,
asthalparishcouncil.gov.uk,
astleyanddunley-pc.gov.uk,
astleyshropshireparishcouncil.gov.uk,
aston-pc.gov.uk,
astonabbotts-pc.gov.uk,
astoncantlowparish.gov.uk,
astonclinton-pc.gov.uk,
astoningham-pc.gov.uk,
astonlewallsparishcouncil.gov.uk,
astonontrentparishcouncil.gov.uk,
astonoxon-pc.gov.uk,
astonrowantparishcouncil.gov.uk,
astonsandfordparishmeeting.gov.uk,
astwoodandhardmead-pc.gov.uk,
atchamparishcouncil.gov.uk,
atheringtonparishcouncil.gov.uk,
atherstone-tc.gov.uk,
atworthparishcouncil.gov.uk,
aubournwithhaddington-pc.gov.uk,
auchterarderdistrict-cc.gov.uk,
auckleyparishcouncil.gov.uk,
audlemparishcouncil.gov.uk,
audleyparishcouncil.gov.uk,
aulthucknallparishcouncil.gov.uk,
austerfield-pc.gov.uk,
austparishcouncil.gov.uk,
aveburyparishcouncil.gov.uk,
avening-pc.gov.uk,
avonandsomerset-pcc.gov.uk,Avon and Somerset Police and Crime Commissioner
avondassettparishcouncil.gov.uk,
avonfire.gov.uk,
awliscombeparishcouncil.gov.uk,
awsworthparishcouncil.gov.uk,
axbridge-tc.gov.uk,Axbridge Town Council
axminstertowncouncil.gov.uk,Axminster Town Council
aylburton-pc.gov.uk,
aylesburytowncouncil.gov.uk,Aylesbury Town Council
aylesburyvaledc.gov.uk,Aylesbury Vale District Council
aylesford-pc.gov.uk,
aylesham-pc.gov.uk,
ayleshamparishcouncil.gov.uk,
aylmertonparishcouncil.gov.uk,
aylsham-tc.gov.uk,Aylsham Town Council
aynho-pc.gov.uk,
ayrshire-vjb.gov.uk,
ayrshire.gov.uk,
aysgarthanddistrict-pc.gov.uk,
aythorpe-pc.gov.uk,
azerley-pc.gov.uk,
babergh.gov.uk,Babergh District Council
babraham-pc.gov.uk,
babworthparishcouncil.gov.uk,
backwell-pc.gov.uk,
bacton-pc.gov.uk,
bactonandedingthorpeparishcouncil.gov.uk,
badby-pc.gov.uk,
baddesleyensor-pc.gov.uk,
badgerfarm-pc.gov.uk,
badgerparishcouncil.gov.uk,
badgersmountparishcouncil.gov.uk,
badgeworthparishcouncil.gov.uk,
badgworth-pc.gov.uk,
badinghamparishcouncil.gov.uk,
badmintonparishcouncil.gov.uk,
badsworthparishcouncil.gov.uk,
badwellashparishcouncil.gov.uk,
bagbyandbalk-pc.gov.uk,
bagilltcommunitycouncil.gov.uk,
bagintonparish.gov.uk,
bagnallparishcouncil.gov.uk,
bagworthandthornton-pc.gov.uk,
baildontowncouncil.gov.uk,
bainbridgeparishcouncil.gov.uk,
baintonandashton-pc.gov.uk,
bakewelltowncouncil.gov.uk,Bakewell Town Council
balcombeparishcouncil.gov.uk,
baldersby-pc.gov.uk,
baldersbyparishcouncil.gov.uk,
balderstoneparishcouncil.gov.uk,
baldertonparishcouncil.gov.uk,
ballinghambolstonehentland-pc.gov.uk,
balsallparishcouncil.gov.uk,
baltonsboroughparish.gov.uk,
bamburghparishcouncil.gov.uk,
bamfordwiththornhill-pc.gov.uk,
bamptonoxon-parishcouncil.gov.uk,
bamptonparishcouncil.gov.uk,
bamptontowncouncil.gov.uk,Bampton Town Council
banbury.gov.uk,Banbury Town Council
banchorycommunitycouncil.gov.uk,
bandleyside-pc.gov.uk,
bandt-pc.gov.uk,
banhamparishcouncil.gov.uk,
banknewtonparishcouncil.gov.uk,
banwellparishcouncil.gov.uk,
barbon-pc.gov.uk,
barbyandonleyparishcouncil.gov.uk,
barcombeparish.gov.uk,
bardneygroup-pc.gov.uk,
bardonmill-pc.gov.uk,
bardonmillparishcouncil.gov.uk,
bardseyparishcouncil.gov.uk,
bardwell-pc.gov.uk,
barford-pc.gov.uk,
barfords-pc.gov.uk,
barfordsherbournewasperton-jpc.gov.uk,
barhamparish.gov.uk,
barhamparishcouncil.gov.uk,
barhill-pc.gov.uk,
barkbyparishcouncil.gov.uk,
barkhamparish.gov.uk,
barkingparishcouncil.gov.uk,
barkstonandsystonparishcouncil.gov.uk,
barkstonashparishcouncil.gov.uk,
barkwayparishcouncil.gov.uk,
barlastonparishcouncil.gov.uk,
barlboroughparishcouncil.gov.uk,
barlestoneparishcouncil.gov.uk,
barleyparishcouncil.gov.uk,
barlingmagna-pc.gov.uk,
barlowparishcouncil.gov.uk,
barmbymoorparishcouncil.gov.uk,
barmingparishcouncil.gov.uk,
barmouthtowncouncil.gov.uk,
barnack-pc.gov.uk,
barnacre-with-bonds-pc.gov.uk,
barnardcastletowncouncil.gov.uk,Barnard Castle Town Council
barnbyparishcouncil.gov.uk,
barnet.gov.uk,Barnet London Borough Council
barnetby-pc.gov.uk,
barnham-pc.gov.uk,
barnhamandeastergate-pc.gov.uk,
barnhambroom-pc.gov.uk,
barningham-pc.gov.uk,
barnoldbylebeck-pc.gov.uk,
barnoldswicktowncouncil.gov.uk,Barnoldswick Town Council
barnsley.gov.uk,Barnsley Metropolitan Borough Council
barnstapletowncouncil.gov.uk,
barnston-pc.gov.uk,
barntgreenparishcouncil.gov.uk,
barnton-pc.gov.uk,
barrington-pc.gov.uk,
barringtonglos-pc.gov.uk,
barringtonparishcouncil.gov.uk,
barrow-pc.gov.uk,
barrowbc.gov.uk,Barrow-in-Furness Borough Council
barrowbyparishcouncil.gov.uk,
barrowcumdenham-pc.gov.uk,
barrowden-pc.gov.uk,
barrowparish.gov.uk,
barrowtowncouncil.gov.uk,Barrow
barrowupontrentparish.gov.uk,
barrytowncouncil.gov.uk,Barry Town Council
barshamparishcouncil.gov.uk,
barshamshipmeadow-pc.gov.uk,
barstonparishcouncil.gov.uk,
bartestreewithlugwardinegroup-pc.gov.uk,
barthomley-pc.gov.uk,
bartlowparishmeeting.gov.uk,
barton-pc.gov.uk,
bartonandpooleybridge-pc.gov.uk,
bartonbendish-pc.gov.uk,
bartoninfabis-pc.gov.uk,
bartonleclay-pc.gov.uk,
bartonlewillowsparishcouncil.gov.uk,
bartonmills-pc.gov.uk,
bartonseagrave-pc.gov.uk,
bartonstaceyparishcouncil.gov.uk,
bartonstdavidparish.gov.uk,
bartonunderneedwood-pc.gov.uk,
bartonuponhumbertowncouncil.gov.uk,
barwell-pc.gov.uk,
basildon-berks-pc.gov.uk,Basildon
basildon.gov.uk,Basildon Borough Council
basingstoke.gov.uk,Basingstoke and Deane Borough Council
baslowandbubnellparishcouncil.gov.uk,
bassenthwaite-pc.gov.uk,
bassetlaw.gov.uk,Bassetlaw District Council
bassingbournparishcouncil.gov.uk,
bassinghamparishcouncil.gov.uk,
batchworth-ecc.gov.uk,
batheaston-pc.gov.uk,
bathnes.gov.uk,Bath and North East Somerset Council
battisford-pc.gov.uk,
battletowncouncil.gov.uk,Battle Town Council
baughurst-pc.gov.uk,Baughurst
baumberparishcouncil.gov.uk,
bawdsey-pc.gov.uk,
bawtrytowncouncil.gov.uk,
baxterley-pc.gov.uk,
baylham-pc.gov.uk,
baystonhillparishcouncil.gov.uk,
baytonparishcouncil.gov.uk,
bbh-pc.gov.uk,
bbsparish.gov.uk,
bbsparishcouncil.gov.uk,
bcpcouncil.gov.uk,"Bournemouth, Christchurch and Poole Council"
bdnhparishmeeting.gov.uk,
beachamptonparish.gov.uk,
beachamwellparishcouncil.gov.uk,
beacons-npa.gov.uk,
beaconsfieldtowncouncil.gov.uk,Beaconsfield Town Council
beadnellparishcouncil.gov.uk,
bealparishcouncil.gov.uk,
beaminster-tc.gov.uk,Beaminster Town Council
beanparishcouncil.gov.uk,
bearley-pc.gov.uk,
bearpark-pc.gov.uk,
bearstedparishcouncil.gov.uk,
beaumaristowncouncil.gov.uk,Beaumaris
beaumontparishcouncil.gov.uk,
beaworthyparishcouncil.gov.uk,
becclestowncouncil.gov.uk,
beckermetwiththornhill-pc.gov.uk,
beckinghamcumsaundby-pc.gov.uk,
beckington-pc.gov.uk,
beckley-and-stowood-pc.gov.uk,Beckley and Stowood Parish Council
beckrowparish.gov.uk,
bedale-tc.gov.uk,Bedale Town Council
bedfieldparishcouncil.gov.uk,
bedford.gov.uk,Bedford Borough Council
bedsfire.gov.uk,
beechhill-pc.gov.uk,
beedonparish.gov.uk,
beeleyparishcouncil.gov.uk,
beenham-pc.gov.uk,
beer-pc.gov.uk,
beestonregis-pc.gov.uk,
beestonwithbittering-pc.gov.uk,
beetham-pc.gov.uk,
beetleyparish.gov.uk,
bekesbournewithpatrixbourneparishcouncil.gov.uk,
belbroughtonandfairfield-pc.gov.uk,
belchfordandfulletbyparishcouncil.gov.uk,
belfastcity.gov.uk,Lord Mayor of Belfast
belfordparishcouncil.gov.uk,
bellerby-pc.gov.uk,
bellinghamparishcouncil.gov.uk,
belmontparishcouncil.gov.uk,
belmontrural-pc.gov.uk,
belpertowncouncil.gov.uk,Belper Town Council
belsayparishcouncil.gov.uk,
beltonandmanthorpeparishcouncil.gov.uk,
beltoninrutland-pc.gov.uk,
beltonparishcouncil.gov.uk,
beltonwithbrowston-pc.gov.uk,
belvoirparishcouncil.gov.uk,
bembridgeparishcouncil.gov.uk,
benefieldparishcouncil.gov.uk,
benendenparishcouncil.gov.uk,
bengeoruralparishcouncil.gov.uk,
benhallandsternfield-pc.gov.uk,
benthamtowncouncil.gov.uk,
bentleyandmerevale-pc.gov.uk,
bentleyparishcouncil.gov.uk,
bentleypauncefootparishcouncil.gov.uk,
bentleysuffolkparishcouncil.gov.uk,
benwickparishcouncil.gov.uk,
beoley-pc.gov.uk,
bepton-pc.gov.uk,
bereferrersparishcouncil.gov.uk,
bereregisparishcouncil.gov.uk,
berinsfield-pc.gov.uk,Berinsfield Parish Council
berkeley-tc.gov.uk,Berkeley Town Council
berkhamsted-tc.gov.uk,
berkhamstedtowncouncil.gov.uk,Berkhamsted Town Council
berkswich-pc.gov.uk,
berricksalome-pc.gov.uk,
berringtonparishcouncil.gov.uk,
berrowparish.gov.uk,
berrowparishcouncil.gov.uk,
berryfields-pc.gov.uk,
berrypomeroyparishcouncil.gov.uk,
bersted-pc.gov.uk,Bersted Parish Council
berwick-tc.gov.uk,Berwick-upon-Tweed Town Council
berwickparishcouncil.gov.uk,
besthorpeparishcouncil.gov.uk,
bestwoodvillageparishcouncil.gov.uk,
betchworth-pc.gov.uk,Betchworth Parish Council
bethersden-pc.gov.uk,
betleybalterleywrinehillparishcouncil.gov.uk,
beverley.gov.uk,Beverley Town Council
beverstonparishcouncil.gov.uk,
bewdleytowncouncil.gov.uk,
bewerleyparishcouncil.gov.uk,
bexhilltowncouncil.gov.uk,Bexhill-on-Sea Town Council
bexley.gov.uk,Bexley London Borough Council
beyton-pc.gov.uk,
bhhw-pc.gov.uk,
bhw-pc.gov.uk,
biburyparishcouncil.gov.uk,
bicester.gov.uk,Bicester
bickerstaffeparishcouncil.gov.uk,
bickingtonparishcouncil.gov.uk,
bickleighparish.gov.uk,
bictonparishcouncil.gov.uk,
biddenham-pc.gov.uk,
biddestoneslaughterford-pc.gov.uk,Biddestone and Slaughterford
biddulph-tc.gov.uk,
bideford-tc.gov.uk,Bideford Town Council
bidfordonavon-pc.gov.uk,
bigburyparishcouncil.gov.uk,
bigbyparishcouncil.gov.uk,
biggleswadetowncouncil.gov.uk,Biggleswade Town Council
bilbrookparishcouncil.gov.uk,
bilbrough-pc.gov.uk,
billericaytowncouncil.gov.uk,Billericay Town Council
billesdonparishcouncil.gov.uk,
billing-pc.gov.uk,
billingborough-pc.gov.uk,
billingeparishcouncil.gov.uk,
billingham-tc.gov.uk,
billinghay-pc.gov.uk,
billingshurst.gov.uk,Billingshurst Parish Council
billingsley-pc.gov.uk,Billingsley
billingtonparishcouncil.gov.uk,
bilsbyfarlesthorpe-pc.gov.uk,
bilsdale-pc.gov.uk,
bilsington-pc.gov.uk,
bilsthorpe-pc.gov.uk,
bilsthorpeparishcouncil.gov.uk,
biltoninainstywithbickerton-pc.gov.uk,
binfieldparishcouncil.gov.uk,
bingham-tc.gov.uk,Bingham Town Council
bingleytowncouncil.gov.uk,
binleywoods-pc.gov.uk,
binstedparishcouncil.gov.uk,
bircham-pc.gov.uk,
birchanger-pc.gov.uk,
birchington-pc.gov.uk,
birchoverparish.gov.uk,
birchparishcouncil.gov.uk,
birchwoodtowncouncil.gov.uk,
birdhamparishcouncil.gov.uk,
birdingbury-pc.gov.uk,
birleywithupperhillparishcouncil.gov.uk,
birlingparishcouncil.gov.uk,
birmingham.gov.uk,Birmingham City Council
birtsmortonparishcouncil.gov.uk,
bisbrookeparishmeeting.gov.uk,
bishopauckland-tc.gov.uk,
bishopburtonparishcouncil.gov.uk,
bishopmiddleham-pc.gov.uk,
bishopmonkton-pc.gov.uk,
bishopnortonwithatterby-pc.gov.uk,
bishopscanningsparishcouncil.gov.uk,
bishopscastletowncouncil.gov.uk,Bishop's Castle Town Council
bishopscaundle-pc.gov.uk,
bishopscleeveparishcouncil.gov.uk,
bishopsfromeparishcouncil.gov.uk,
bishopshullparishcouncil.gov.uk,
bishopsitchington-pc.gov.uk,Bishop's Itchington
bishopslydeardparishcouncil.gov.uk,
bishopsstortfordtc.gov.uk,Bishop's Stortford Town Council
bishopssuttonparishcouncil.gov.uk,
bishopstachbrook-pc.gov.uk,
bishopsteignton-pc.gov.uk,
bishopstone-pc.gov.uk,
bishopstonegroup-herefordshire-pc.gov.uk,
bishopswaltham-pc.gov.uk,
bishopthorpe-pc.gov.uk,
bishopwilton-pc.gov.uk,
bisley-with-lypiatt.gov.uk,Bisley-with-Lypiatt
bisleyparishcouncil.gov.uk,
bitterley-pc.gov.uk,
bitteswellparishcouncil.gov.uk,
bittonparishcouncil.gov.uk,
bixandassendon-pc.gov.uk,
blaby.gov.uk,Blaby District Council
blabyparishcouncil.gov.uk,
blackbirdleysparishcouncil.gov.uk,Blackbird Leys
blackburn.gov.uk,Blackburn with Darwen Borough Council
blackmore-hookend-wyattsgreen-pc.gov.uk,
blacknotley-pc.gov.uk,Black Notley Parish Council
blackoparishcouncil.gov.uk,
blackpool.gov.uk,Blackpool Borough Council
blackrodtowncouncil.gov.uk,
blacksluiceidb.gov.uk,
blacktorrington-pc.gov.uk,
blackwaterandhawley-tc.gov.uk,
blackwaterandhawleytowncouncil.gov.uk,
blackwell-pc.gov.uk,
bladon-pc.gov.uk,
blaenau-gwent.gov.uk,Blaenau Gwent County Borough Council
blaenhonddan-wcc.gov.uk,
blagdonparishcouncil.gov.uk,
blakeneyparishcouncil.gov.uk,
blanchlandparishcouncil.gov.uk,
blandfordforum-tc.gov.uk,
blandfordstmary-pc.gov.uk,
blaxhall-pc.gov.uk,
blaxtonparishcouncil.gov.uk,
bleanparishcouncil.gov.uk,
bleasby-pc.gov.uk,
bledlowcumsaundertonparishcouncil.gov.uk,
bletchingley-pc.gov.uk,
bletchleyfennystratford-tc.gov.uk,
bletsoe-pc.gov.uk,
blewburyparishcouncil.gov.uk,
blidworthparishcouncil.gov.uk,
blindbothel-pc.gov.uk,
blislandparishcouncil.gov.uk,
blisworthparishcouncil.gov.uk,
blithfieldparishcouncil.gov.uk,
blockleyparish.gov.uk,
blofield-pc.gov.uk,
bloxhamparishcouncil.gov.uk,
blundestonflixtonparish.gov.uk,
blunham-pc.gov.uk,
blunsdon-pc.gov.uk,
bluntisham-pc.gov.uk,
blyfordandsotherton-pc.gov.uk,
blythparishcouncil.gov.uk,
blythtowncouncil.gov.uk,
blytonparishcouncil.gov.uk,
bmg-pc.gov.uk,
bmkalc.gov.uk,
boarhuntparishcouncil.gov.uk,
boarstallparish.gov.uk,
bobbing-pc.gov.uk,
bobbington-pc.gov.uk,
boddington-pc.gov.uk,
bodenhamparishcouncil.gov.uk,
bodhamparishcouncil.gov.uk,
bodicoteparishcouncil.gov.uk,
bodmin.gov.uk,Bodmin Town Council
bognorregis.gov.uk,Bognor Regis Town Council
boldparishcouncil.gov.uk,
boldreparishcouncil.gov.uk,
bollington-tc.gov.uk,Bollington Town Council
bolneyparishcouncil.gov.uk,
bolnhurstkeysoe-pc.gov.uk,
bolsover.gov.uk,Bolsover District Council
bolton.gov.uk,Westhoughton Town Council
boltonlesandsparish.gov.uk,
boltonparish.gov.uk,
bomereheath-pc.gov.uk,
bonbyparishcouncil.gov.uk,
boningaleparish.gov.uk,
bonsall-pc.gov.uk,
bordengateparishcouncil.gov.uk,
bordenparishcouncil.gov.uk,
bordergroup-pc.gov.uk,
boreham-pc.gov.uk,
bosburyandcoddingtong-gpc.gov.uk,
bosham-pc.gov.uk,
boston.gov.uk,Boston Borough Council
bostonspa-pc.gov.uk,
botesdale-pc.gov.uk,
botley-pc.gov.uk,
botleynorthhinksey-pc.gov.uk,
bottesford-pc.gov.uk,
bottesfordtowncouncil.gov.uk,
bottisham-pc.gov.uk,
boughton-pc.gov.uk,
boughtonalupheastwellparishcouncil.gov.uk,
boughtonmalherbe-pc.gov.uk,
boughtonmonchelsea-pc.gov.uk,
boughtonunderblean-pc.gov.uk,
bournemouth-tc.gov.uk,Bournemouth Town Council
bournemouth.gov.uk,Bournemouth Borough Council
bournetowncouncil.gov.uk,
bournheath-pc.gov.uk,
bourton-pc.gov.uk,
bourtononthewater-pc.gov.uk,
bourtons-cherwell-pc.gov.uk,
boveytracey.gov.uk,Bovey Tracey Town Council
bovingdonparishcouncil.gov.uk,
bowbrickhill-pc.gov.uk,
bowersgiffordnorthbenfleet-pc.gov.uk,
bowesparishcouncil.gov.uk,
boxford-pc.gov.uk,
boxgroveparishcouncil.gov.uk,
boxleyparishcouncil.gov.uk,
boxparishcouncil.gov.uk,
boxted-pc.gov.uk,
boxworthparish.gov.uk,
boyattwood-pc.gov.uk,
boylestoneparishcouncil.gov.uk,
boyntonparishcouncil.gov.uk,
boyton-corton-pc.gov.uk,
bozeatparishcouncil.gov.uk,
brabourneparishcouncil.gov.uk,
bracebridgeheath-pc.gov.uk,
brackenfieldparishcouncil.gov.uk,
bracklacommunitycouncil.gov.uk,
brackleynorthants-tc.gov.uk,Brackley Town Council
bracknell-forest.gov.uk,Bracknell Forest Council
bracknelltowncouncil.gov.uk,Bracknell Town Council
braconashandhethel-pc.gov.uk,
bradenham-pc.gov.uk,
bradenhamparishcouncil.gov.uk,
bradfield-pc.gov.uk,
bradfield-yorks-pc.gov.uk,
bradfieldcombustwithstanningfieldparish.gov.uk,
bradford.gov.uk,City of Bradford Metropolitan District Council
bradfordonavontowncouncil.gov.uk,Bradford on Avon Town Council
bradfordontone-pc.gov.uk,
bradfordpeverell-pc.gov.uk,
brading.gov.uk,Brading Town Council
bradley-pc.gov.uk,
bradleyparishcouncil.gov.uk,
bradleysboth-pc.gov.uk,
bradleystoke.gov.uk,Bradley Stoke Town Council
bradninch-tc.gov.uk,Bradninch Town Council
bradnopparishcouncil.gov.uk,
bradwallparish.gov.uk,
bradwell-pc.gov.uk,Bradwell
bradwellonsea-pc.gov.uk,
bradwellparishcouncil.gov.uk,
bradwellwithpattiswick-pc.gov.uk,
braffertonhelperby-pc.gov.uk,
brailes-pc.gov.uk,
brailsfordandednastonparishcouncil.gov.uk,
braintree.gov.uk,Braintree District Council
bramber-pc.gov.uk,
bramertonparishcouncil.gov.uk,
bramfieldandthoringtonparishcouncil.gov.uk,
bramfordparishcouncil.gov.uk,
bramhamparishcouncil.gov.uk,
bramhopecarlton-pc.gov.uk,
bramley-pc.gov.uk,
bramleyparishcouncil.gov.uk,
bramleypc.gov.uk,
brampfordspekeparish.gov.uk,
brampton-cambs-pc.gov.uk,
brampton-pc.gov.uk,
bramptonashparishcouncil.gov.uk,
bramptonbierlow-pc.gov.uk,
bramptonoxnead-pc.gov.uk,
bramshaw-pc.gov.uk,
bramshottandliphook-pc.gov.uk,Bramshott and Liphook Parish Council
brancaster-pc.gov.uk,
brandesburtonparishcouncil.gov.uk,
brandeston-pc.gov.uk,
brandon-tc.gov.uk,
brandonandbyshottlesparishcouncil.gov.uk,
brandsbycumstearsbyparishcouncil.gov.uk,
branscombe-pc.gov.uk,
bransgore-parish.gov.uk,
branston-pc.gov.uk,
branstonparishcouncil.gov.uk,
branstontowncouncil.gov.uk,
branthamparishcouncil.gov.uk,
branxtonparishcouncil.gov.uk,
brassingtonparishcouncil.gov.uk,
brastedparishcouncil.gov.uk,
brattlebyparish.gov.uk,
brattonclovelly-pc.gov.uk,
brattonflemingparishcouncil.gov.uk,
brattonparishcouncil.gov.uk,
braunston-pc.gov.uk,
braunstonparishcouncil.gov.uk,
brauntonmarshdrainageboard.gov.uk,
brauntonparishcouncil.gov.uk,Braunton Parish Council
brawdycommunitycouncil.gov.uk,
brayparishcouncil.gov.uk,Bray Parish Council
braytonparishcouncil.gov.uk,
breadsallparishcouncil.gov.uk,
breamore.gov.uk,Breamore
breanparishcouncil.gov.uk,
breastonparishcouncil.gov.uk,
breckland.gov.uk,Breckland Council
brede-pc.gov.uk,
bredenburygroup-pc.gov.uk,
bredfield-pc.gov.uk,
bredgarparishcouncil.gov.uk,
bredhurst-pc.gov.uk,
breedonparishcouncil.gov.uk,
breintonparishcouncil.gov.uk,
brenchleyandmatfield-pc.gov.uk,
brent.gov.uk,Brent London Borough Council
brenteleighparishcouncil.gov.uk,
brentknollparishcouncil.gov.uk,
brentwood.gov.uk,Brentwood Borough Council
breretonandravenhill-pc.gov.uk,
breretonparishcouncil.gov.uk,
bretherton-pc.gov.uk,
bretton-pc.gov.uk,
brettonparishcouncil.gov.uk,
brewham-pc.gov.uk,
brewoodandcoven-pc.gov.uk,
brickhillparishcouncil.gov.uk,Brickhill Parish Council
bridfordparishcouncil.gov.uk,
bridgend.gov.uk,Bridgend County Borough Council
bridgendtowncouncil.gov.uk,
bridgeruleparishcouncil.gov.uk,
bridgham-pc.gov.uk,
bridgnorthtowncouncil.gov.uk,Bridgnorth Town Council
bridgwater-tc.gov.uk,
bridgwaterwithout-pc.gov.uk,
bridlington.gov.uk,Bridlington Town Council
bridport-tc.gov.uk,Bridport Town Council
bridstowparishcouncil.gov.uk,
briercliffe-pc.gov.uk,
brierfield.gov.uk,Brierfield Town Council
briggtowncouncil.gov.uk,
brighstoneparish.gov.uk,
brightling-pc.gov.uk,
brightlingseatowncouncil.gov.uk,
brighton-hove.gov.uk,Brighton and Hove City Council
brightwalton-pc.gov.uk,
brightwellcumsotwell-pc.gov.uk,
brightwellfoxhallpurdisfarm-pc.gov.uk,
brigstockparishcouncil.gov.uk,
brilley-pc.gov.uk,
brillparishcouncil.gov.uk,
brimfieldandlittleherefordgroup-pc.gov.uk,
brimpsfieldparishcouncil.gov.uk,
brimpton-pc.gov.uk,
brimscombeandthrupp-pc.gov.uk,
brindle-pc.gov.uk,
brindleyandfaddiley-pc.gov.uk,
brindleyheath-pc.gov.uk,
bringtonmolesworth-pc.gov.uk,
bringtons-pc.gov.uk,
brininghamparish.gov.uk,
brinkburn-pc.gov.uk,
brinkleyparishcouncil.gov.uk,
brinklowparish.gov.uk,
brinkworthparishcouncil.gov.uk,Brinkworth
brinsley-pc.gov.uk,
brinsworthparishcouncil.gov.uk,
brintonandsharrington-pc.gov.uk,
brisleyparishcouncil.gov.uk,
bristol.gov.uk,Bristol City Council
bristonparishcouncil.gov.uk,
britfordparishcouncil.gov.uk,
brixhamtowncouncil.gov.uk,
brixtonparishcouncil.gov.uk,
brixworthparishcouncil.gov.uk,
brizlincote-pc.gov.uk,
broadbridgeheath-pc.gov.uk,Broadbridge Heath Parish Council
broadhembury-pc.gov.uk,
broadhempston-pc.gov.uk,
broadland.gov.uk,Broadland District Council
broadmayneparishcouncil.gov.uk,
broads-authority.gov.uk,Broads Authority
broadstairs.gov.uk,Broadstairs and St Peter's Town Council
broadstone-tc.gov.uk,Broadstone Town Council
broadwascotheridge-pc.gov.uk,
broadwaysomerset-pc.gov.uk,
broadwellparishcouncil.gov.uk,
brockley-pc.gov.uk,
brockleyparishcouncil.gov.uk,
brockworth-pc.gov.uk,Brockworth
brocton-pc.gov.uk,
brodsworth-pc.gov.uk,
bromeandoakleyparishcouncil.gov.uk,
bromeswellparishcouncil.gov.uk,
bromfield-pc.gov.uk,
bromfieldparishcouncil.gov.uk,
bromham-pc.gov.uk,
bromley.gov.uk,Bromley London Borough Council
bromptononswaleparishcouncil.gov.uk,
bromptonralphparishcouncil.gov.uk,
bromptontowncouncil.gov.uk,Brompton Town Council
bromsgrove.gov.uk,Bromsgrove District Council
bromyardandwinslow-tc.gov.uk,Bromyard and Winslow Town Council
brookenby-pc.gov.uk,
brookeparishcouncil.gov.uk,
brooklandparishcouncil.gov.uk,
brookparishcouncil.gov.uk,
brookthorpewithwhaddon-pc.gov.uk,
broomeparishcouncil.gov.uk,
broomfield-pc.gov.uk,
broseley-tc.gov.uk,Broseley Town Council
brothertonparishcouncil.gov.uk,
broughton-astley.gov.uk,Broughton Astley
broughton-oxon-pc.gov.uk,
broughton-pc.gov.uk,
broughtonandbrettoncommunitycouncil.gov.uk,Broughton and Bretton
broughtonandmkv-pc.gov.uk,
broughtondalbyparishcouncil.gov.uk,
broughtoneast-pc.gov.uk,
broughtonhantsparishcouncil.gov.uk,
broughtonparish.gov.uk,
broughtonparishcouncil.gov.uk,
broughtontowncouncil.gov.uk,
broughwithstgiles-pc.gov.uk,
brownedge-pc.gov.uk,
broxbourne.gov.uk,Broxbourne Borough Council
broxted-pc.gov.uk,
broxtonparishcouncil.gov.uk,
broxtowe.gov.uk,Broxtowe Borough Council
brundall-pc.gov.uk,
brunswickparishcouncil.gov.uk,
brutontowncouncil.gov.uk,Bruton Town Council
bryanston-pc.gov.uk,
brymptonparishcouncil.gov.uk,Brympton Parish Council
brynfordcommunitycouncil.gov.uk,
bryningwithwarton-pc.gov.uk,
btsmandw-pc.gov.uk,
bubbenhallparish.gov.uk,
buckdenparishcouncil.gov.uk,
buckfastleigh.gov.uk,Buckfastleigh Town Council
buckfastleighwest-pc.gov.uk,
buckhornwestonkingtonmagna-pc.gov.uk,
buckhursthillpc.gov.uk,Buckhurst Hill Parish Council
buckingham-tc.gov.uk,Buckingham Town Council
buckinghampark-pc.gov.uk,
buckinghamshire.gov.uk,
buckland-pc.gov.uk,
bucklandandchipping-pc.gov.uk,
bucklandbrewerparishcouncil.gov.uk,
bucklanddinham-pc.gov.uk,
bucklandmonachorum-pc.gov.uk,
bucklandnewtonparishcouncil.gov.uk,
bucklandparishcouncil.gov.uk,
bucklandstmarypc.gov.uk,
bucklebury-pc.gov.uk,
buckleshamparishcouncil.gov.uk,
bucksalc.gov.uk,
buckscc.gov.uk,Hedgerley Parish Council
bucksfire.gov.uk,
budbrooke-pc.gov.uk,
budleighsaltertontowncouncil.gov.uk,Budleigh Salterton Town Council
budockparish.gov.uk,
buertonparishcouncil.gov.uk,
bugbrookeparishcouncil.gov.uk,
buildwas-pc.gov.uk,
bulcoteparishcouncil.gov.uk,
bulkingtonparishcouncil.gov.uk,
bulmer-pc.gov.uk,
bulwickparishcouncil.gov.uk,
bunbury-pc.gov.uk,
bungaytowncouncil.gov.uk,Bungay Town Council
bunnyparishcouncil.gov.uk,
buntingford-tc.gov.uk,Buntingford Town Council
bunwell-pc.gov.uk,
burbage-wilts-pc.gov.uk,
burbageparishcouncil.gov.uk,
burcotandcliftonhampden-pc.gov.uk,
bureshamlet-pc.gov.uk,
buresstmary-pc.gov.uk,
burford-tc.gov.uk,Burford Town Council
burfordparishcouncil.gov.uk,
burgesshill.gov.uk,Burgess Hill Town Council
burghcastle-pc.gov.uk,
burghclereparish.gov.uk,
burghfieldparishcouncil.gov.uk,Burghfield Parish Council
burghillparishcouncil.gov.uk,
burghlemarsh-tc.gov.uk,
burghtuttington-pc.gov.uk,
burghwallisparishcouncil.gov.uk,
burlandandactonparishcouncil.gov.uk,
burlescombeparishcouncil.gov.uk,
burleyinwharfedale-pc.gov.uk,
burleyparishcouncil.gov.uk,
burnastonparish.gov.uk,
burneside-pc.gov.uk,
burneston-pc.gov.uk,
burnham-highbridge-tc.gov.uk,
burnhammarketparishcouncil.gov.uk,
burnhamoncrouchtowncouncil.gov.uk,
burnhamovery-pc.gov.uk,
burnhamparish.gov.uk,Burnham Parish Council
burnhamthorpe-pc.gov.uk,
burnhope-pc.gov.uk,
burnistonparishcouncil.gov.uk,
burnley.gov.uk,Burnley Borough Council
burntwood-tc.gov.uk,Burntwood Town Council
burrator.gov.uk,Walkhampton
burringhamparishcouncil.gov.uk,
burrington-pc.gov.uk,
burrowparish.gov.uk,
bursledon-pc.gov.uk,
burstall-pc.gov.uk,
burstonandshimplingparishcouncil.gov.uk,
burstowparishcouncil.gov.uk,
burstwickpc.gov.uk,
burtleparishcouncil.gov.uk,
burton-in-kendal-pc.gov.uk,Burton-in-Kendal Parish Council
burtonagnesparishcouncil.gov.uk,
burtonandwinktonparishcouncil.gov.uk,
burtonbradstock-pc.gov.uk,
burtoncommunitycouncil.gov.uk,
burtoncotesprestwold-pc.gov.uk,
burtoncumwalden-pc.gov.uk,
burtondassett-pc.gov.uk,
burtongreenparishcouncil.gov.uk,
burtoninlonsdaleparishcouncil.gov.uk,
burtonjoyceparishcouncil.gov.uk,
burtonleonard-pc.gov.uk,
burtonoverypc.gov.uk,
burtonparishcouncil.gov.uk,
burtonpedwardineparish.gov.uk,
burtonsalmon-pc.gov.uk,
burtonuponstatherparishcouncil.gov.uk,
burwardsley-pc.gov.uk,
burwarton-pc.gov.uk,
burwashparishcouncil.gov.uk,
burwellparishcouncil.gov.uk,Burwell
bury.gov.uk,Bury Metropolitan Borough Council
buryparishcouncil.gov.uk,
burystedmunds-tc.gov.uk,Bury St Edmunds Town Council
bushleyparishcouncil.gov.uk,
butlersmarstonparish.gov.uk,
butleycsaandwantisden-pc.gov.uk,
butterwick-pc.gov.uk,
buxhall-pc.gov.uk,
buxted-pc.gov.uk,
buxtedparishcouncil.gov.uk,
bwk-pc.gov.uk,
byfield-pc.gov.uk,
bygraveparishcouncil.gov.uk,
byland-pc.gov.uk,
bythornkeyston-pc.gov.uk,
bywellparish.gov.uk,
caddingtonparish.gov.uk,
cadebyparishcouncil.gov.uk,
caerdydd.gov.uk,Cardiff Council
caerphilly.gov.uk,Caerphilly County Borough Council
cainscross-pc.gov.uk,
cainscrosstowncouncil.gov.uk,
caisterparishcouncil.gov.uk,
caistortowncouncil.gov.uk,
calbourneparishcouncil.gov.uk,
caldecote.gov.uk,Caldecote
caldecott-pc.gov.uk,
calderbridgeandponsonby-pc.gov.uk,
calderdale.gov.uk,Calderdale Metropolitan Borough Council
callington-tc.gov.uk,Callington Town Council
callowhaywood-gpc.gov.uk,
calne.gov.uk,Calne Town Council
calnewithout-pc.gov.uk,
calowparishcouncil.gov.uk,
calstockparishcouncil.gov.uk,Calstock
calvertgreenparishcouncil.gov.uk,
calvertonparishcouncil.gov.uk,
camberparishcouncil.gov.uk,
camborne-tc.gov.uk,Camborne Town Council
cambourneparishcouncil.gov.uk,Cambourne
cambournetowncouncil.gov.uk,
cambridge.gov.uk,Cambridge City Council
cambridgeshire-pcc.gov.uk,
cambridgeshire.gov.uk,Cambridgeshire County Council
cambridgeshirepeterborough-ca.gov.uk,
cambs-peterborough-alc.gov.uk,
cambsfire.gov.uk,
camden.gov.uk,Camden London Borough Council
camelford-tc.gov.uk,Camelford Town Council
camertonparishcouncil.gov.uk,
camparishcouncil.gov.uk,
campbell-park.gov.uk,Campbell Park Parish Council
campseaashe-pc.gov.uk,
camptonandchicksands-pc.gov.uk,
camvale-pc.gov.uk,
candm-pc.gov.uk,
canewdonparishcouncil.gov.uk,
cannockchasedc.gov.uk,Cannock Chase District Council
cannockwoodparishcouncil.gov.uk,
canterbury.gov.uk,Canterbury City Council
cantleylimpenhoesouthwood-pc.gov.uk,
cantleywithbrantonparish.gov.uk,
canveyisland-tc.gov.uk,Canvey Island Town Council
canwick-pc.gov.uk,
capel-pc.gov.uk,
capelparish.gov.uk,
capelstmaryparishcouncil.gov.uk,
capenhurstandledsham-pc.gov.uk,
capheatonparishcouncil.gov.uk,
carbrooke-pc.gov.uk,
cardiff.gov.uk,Cardiff Council
cardingtonparishcouncil.gov.uk,
cardingtonparishcouncilshropshire.gov.uk,
cardinhamparishcouncil.gov.uk,
carewcommunitycouncil.gov.uk,
carhamparishcouncil.gov.uk,
carhamptonpc.gov.uk,
carlbyparish.gov.uk,
carletonincravenparishcouncil.gov.uk,
carlisle.gov.uk,Carlisle City Council
carltoncolvilletowncouncil.gov.uk,
carltonlemoorlandparishcouncil.gov.uk,
carltonminiott-pc.gov.uk,
carltonontrent-pc.gov.uk,
carltonparish.gov.uk,
carltonparishcouncil.gov.uk,
carltonscroopnormanton-pc.gov.uk,
carltonsparishcouncil.gov.uk,
carltonwithchellington-pc.gov.uk,
carlyon-pc.gov.uk,
carmarthenshire.gov.uk,Carmarthenshire
carmarthentowncouncil.gov.uk,
carnbreaparishcouncil.gov.uk,
carnforthtowncouncil.gov.uk,
carringtonparishcouncil.gov.uk,
carsingtonhopton-pc.gov.uk,
carterton-tc.gov.uk,Carterton Town Council
carthorpeparishcouncil.gov.uk,
cartmelfell-pc.gov.uk,
carymoorparish.gov.uk,
cassington-pc.gov.uk,
cassopcumquarrington-pc.gov.uk,
castleacreparishcouncil.gov.uk,
castlebromwichpc.gov.uk,
castlebythampc.gov.uk,
castlecarrock-pc.gov.uk,
castlecombeparishcouncil.gov.uk,
castledonington-pc.gov.uk,
castleedenparishcouncil.gov.uk,
castlegresleyparishcouncil.gov.uk,
castlehedingham-pc.gov.uk,
castlemortonparishcouncil.gov.uk,
castlepoint.gov.uk,Castle Point Borough Council
castlerisingparish.gov.uk,
castlesowerby-pc.gov.uk,
castlethorpe-pc.gov.uk,
castletonparishcouncil.gov.uk,
castonparishcouncil.gov.uk,
castor-pc.gov.uk,
catcliffeparishcouncil.gov.uk,
catcottparishcouncil.gov.uk,
caterhamhill-pc.gov.uk,
catfieldparishcouncil.gov.uk,
catonparishcouncil.gov.uk,
catsfield-pc.gov.uk,
catshillandnorthmarlbrook-pc.gov.uk,
catterallparishcouncil.gov.uk,
catterickparishcouncil.gov.uk,
catton-pc.gov.uk,
catworthparishcouncil.gov.uk,
cauntonparishcouncil.gov.uk,
causewaycoastandglens.gov.uk,Causeway Coast and Glens
caversfield-pc.gov.uk,
caverswallparishcouncil.gov.uk,
cawstonnorfolk-pc.gov.uk,
cawstonparishcouncil.gov.uk,
cawthorneparishcouncil.gov.uk,
caxtonparishcouncil.gov.uk,
caynhamparishcouncil.gov.uk,
caythorpeandfriestonparishcouncil.gov.uk,
caythorpeparishcouncil.gov.uk,
caytonparishcouncil.gov.uk,
cefc-pc.gov.uk,
cefncommunitycouncil.gov.uk,
centralbedfordshire.gov.uk,Central Bedfordshire Council
centralscotland-vjb.gov.uk,
centralscotlandfire.gov.uk,
centralswindonnorth-pc.gov.uk,Central Swindon North Parish Council
ceredigion.gov.uk,Ceredigion County Council
cernevalleyparishcouncil.gov.uk,
chacewater-pc.gov.uk,
chacewaterparishcouncil.gov.uk,
chaddesleyparishcouncil.gov.uk,
chaddleworthparish.gov.uk,
chadlingtonparishcouncil.gov.uk,
chadwickend-pc.gov.uk,
chagfordparishcouncil.gov.uk,
chaileyparishcouncil.gov.uk,
chaldonherringparishcouncil.gov.uk,
chaldonvillagecouncil.gov.uk,
chaleparishcouncil.gov.uk,
chalfontstgiles-pc.gov.uk,Chalfont St Giles Parish Council
chalfontstpeter-pc.gov.uk,Chalfont St Peter Parish Council
chalgrave-pc.gov.uk,
challockparishcouncil.gov.uk,
chalton-pc.gov.uk,
chalvingtonwithripe-pc.gov.uk,
chandlersford-pc.gov.uk,
chapelparishcouncil.gov.uk,
chapmansladeparishcouncil.gov.uk,
chard.gov.uk,Chard Town Council
chardstock-pc.gov.uk,
charfieldparishcouncil.gov.uk,
charingkentparish.gov.uk,
charingparish.gov.uk,
charlbury-tc.gov.uk,
charlesworthparishcouncil.gov.uk,
charleyparishcouncil.gov.uk,
charlton-pc.gov.uk,
charlton-worcestershire-pc.gov.uk,
charltonhayesparishcouncil.gov.uk,
charltonkingsparishcouncil.gov.uk,Charlton Kings Parish Council
charltonmarshallparishcouncil.gov.uk,
charltonnorthwilts-pc.gov.uk,
charltononotmoor-pc.gov.uk,
charlwoodparishcouncil.gov.uk,Charlwood Parish Council
charminsterparishcouncil.gov.uk,
charmouthparishcouncil.gov.uk,
charndon-pc.gov.uk,
charneybassett-pc.gov.uk,
charnockrichardparishcouncil.gov.uk,
charnwood.gov.uk,Charnwood Borough Council
charsfieldparishcouncil.gov.uk,
chartham-pc.gov.uk,
chartsutton-pc.gov.uk,
charvalleyparishcouncil.gov.uk,
charvilparishcouncil.gov.uk,
charweltonparish.gov.uk,
chatburn-pc.gov.uk,
chatteristowncouncil.gov.uk,
chawleighparishcouncil.gov.uk,
chawtonparishcouncil.gov.uk,
chd-pc.gov.uk,
chearsley-pc.gov.uk,
chebseyparishcouncil.gov.uk,
checkendon-pc.gov.uk,
chedburgh-pc.gov.uk,
cheddarparishcouncil.gov.uk,
cheddington-pc.gov.uk,
cheddleton-pc.gov.uk,
cheddonfitzpaine-pc.gov.uk,
chedgraveparishcouncil.gov.uk,
chedistonandlinstead-pc.gov.uk,
chedzoyparishcouncil.gov.uk,
chelmarshparishcouncil.gov.uk,
chelmer-pc.gov.uk,
chelmondiston-pc.gov.uk,
chelmsford.gov.uk,Chelmsford City Council
chelmsfordgarden-cc.gov.uk,
chelmsfordgardencommunitycouncil.gov.uk,
chelmsleywood-tc.gov.uk,Chelmsley Wood Town Council
chelshamandfarleigh-pc.gov.uk,
cheltenham.gov.uk,Cheltenham Borough Council
chelveston-pc.gov.uk,
cheniesparishcouncil.gov.uk,
chepstowtc.gov.uk,
cherhillparish.gov.uk,
cheritonparishcouncil.gov.uk,
cherwell-dc.gov.uk,Cherwell District Council
cherwell.gov.uk,Begbroke
cheselbourneparishcouncil.gov.uk,
chesham.gov.uk,Chesham Town Council
cheshambois-pc.gov.uk,
cheshire-pcc.gov.uk,
cheshireandwarrington-ca.gov.uk,
cheshireeast.gov.uk,Cheshire East Council
cheshirefire.gov.uk,
cheshirewestandchester.gov.uk,Cheshire West and Chester Council
chesilbankparishcouncil.gov.uk,
cheslynhayparish.gov.uk,
chesterfield.gov.uk,Chesterfield Borough Council
chestfieldparishcouncil.gov.uk,
cheswickgreen-pc.gov.uk,
chetnoleandstockwood-pc.gov.uk,
chettonparish.gov.uk,
chetwyndparishcouncil.gov.uk,
cheveley-pc.gov.uk,
cheveningparishcouncil.gov.uk,
cheverellmagnaparishcouncil.gov.uk,
chevingtonparishcouncil.gov.uk,
chewmagnaparishcouncil.gov.uk,
chewstokeparishcouncil.gov.uk,
chichester.gov.uk,Chichester District Council
chichestercity.gov.uk,Chiddingly Parish Council
chickerell-tc.gov.uk,
chiddingfold-pc.gov.uk,Chiddingfold Parish Council
chiddingly.gov.uk,Chiddingly
chiddingstoneparish.gov.uk,
chideockparishcouncil.gov.uk,
chidhamandhambrook-pc.gov.uk,
chieveleyparishcouncil.gov.uk,
chignal-pc.gov.uk,
chigwellparishcouncil.gov.uk,Chigwell Parish Council
chilboltonparish.gov.uk,
childokeford-pc.gov.uk,
childreyandsparsholtparish.gov.uk,
childreyparishcouncil.gov.uk,
childsercall-pc.gov.uk,
chilhamparishcouncil.gov.uk,
chilmarkparishcouncil.gov.uk,
chiltern.gov.uk,Chiltern District Council
chilthornedomer-pc.gov.uk,
chiltondurham-tc.gov.uk,Chilton Town Council
chiltonfoliat-pc.gov.uk,
chiltonparishcouncil.gov.uk,
chiltonpolden-pc.gov.uk,
chiltontrinityparishcouncil.gov.uk,
chinleybuxworthbrownside-pc.gov.uk,
chinnorparishcouncil.gov.uk,
chippenham.gov.uk,Chippenham Town Council
chippenhamcambs-pc.gov.uk,
chippenhamwithoutparishcouncil.gov.uk,Chippenham Without Parish Council
chipperfieldparishcouncil.gov.uk,
chippingcampden-tc.gov.uk,
chippingnorton-tc.gov.uk,
chippingwardenparishcouncil.gov.uk,
chirbury-pc.gov.uk,
chiselboroughparishcouncil.gov.uk,
chiseldon-pc.gov.uk,
chisletparish.gov.uk,
chisworthparishcouncil.gov.uk,
chittlehamptonparishcouncil.gov.uk,
choldertonparish.gov.uk,
chollerton-pc.gov.uk,
cholmondestonandwettenhall-pc.gov.uk,
cholseyparishcouncil.gov.uk,
choppingtonparishcouncil.gov.uk,
chorley-pc.gov.uk,
chorley.gov.uk,Chorley Borough Council
chorleywood-pc.gov.uk,Chorleywood
chrishall-pc.gov.uk,
christchurch-tc.gov.uk,
christchurch.gov.uk,Christchurch
christianmalfordparishcouncil.gov.uk,
christleton-pc.gov.uk,
christowparishcouncil.gov.uk,Christow
chudleigh-tc.gov.uk,Chudleigh Town Council
chulmleighparishcouncil.gov.uk,
churchamparishcouncil.gov.uk,
churchaston-pc.gov.uk,
churchastonparishcouncil.gov.uk,
churchdown-pc.gov.uk,
churchfenton-pc.gov.uk,
churchillandblakedown-pc.gov.uk,
churchillandsarsden-pc.gov.uk,
churchknowle-pc.gov.uk,
churchlawford-pc.gov.uk,
churchlawton-pc.gov.uk,
churchoverparish.gov.uk,
churchpulverbatchparishcouncil.gov.uk,
churchstretton-tc.gov.uk,Church Stretton Town Council
churchwithchapelbrampton-pc.gov.uk,
churtonparishcouncil.gov.uk,
chuteforest-pc.gov.uk,
chuteparishcouncil.gov.uk,
cinderfordtowncouncil.gov.uk,Cinderford Town Council
cirencester.gov.uk,Cirencester Town Council
cityofdurham-pc.gov.uk,City of Durham Parish Council
cityoflondon.gov.uk,City of London Corporation
clacks.gov.uk,Clackmannanshire Council
claife-pc.gov.uk,
clanfieldparishcouncil.gov.uk,
clapham-pc.gov.uk,
clapham-wsx-pc.gov.uk,
claphamandpatching-pc.gov.uk,
claphamcumnewby-pc.gov.uk,
clarboroughandwelhamparishcouncil.gov.uk,
clarendonparkparishcouncil.gov.uk,
claughton-on-brock-pc.gov.uk,
claverdon-pc.gov.uk,
claveringparishcouncil.gov.uk,
claverleyparish.gov.uk,
clawsonhoseharby-pc.gov.uk,
claxby-pc.gov.uk,
claxton-pc.gov.uk,
claybrookemagnaparishcouncil.gov.uk,
claycross.gov.uk,Clay Cross
claydonandwhitton-pc.gov.uk,
claydonwithclattercote-pc.gov.uk,
claygateparishcouncil.gov.uk,
clayhidonparish.gov.uk,
claypole-pc.gov.uk,
clayton-le-dale-pc.gov.uk,
clayton-pc.gov.uk,
claytonlewoods-pc.gov.uk,
claytonwithfrickleyparishcouncil.gov.uk,
clayworth-pc.gov.uk,
cleatormoortowncouncil.gov.uk,
cleestmargaret-pc.gov.uk,
cleeveparishcouncil.gov.uk,
cleevepriorparishcouncil.gov.uk,
clenchwartonparishcouncil.gov.uk,
clentparishcouncil.gov.uk,
clevedon.gov.uk,Clevedon Town Council
cleveland-pcc.gov.uk,
clevelandfire.gov.uk,
cleyparishcouncil.gov.uk,
cliddesdenparishcouncil.gov.uk,
cliffeandcliffewoods-pc.gov.uk,
clifford-pc.gov.uk,
cliffordchambers-pc.gov.uk,
cliffordparishcouncil.gov.uk,
cliffsend-pc.gov.uk,
cliftonbeds-pc.gov.uk,
cliftoncampvillewiththorpeconstantineparishcouncil.gov.uk,
cliftonwithout-pc.gov.uk,
clintcumhamlets-pc.gov.uk,
clipstonparishcouncil.gov.uk,
clitheroetowncouncil.gov.uk,Clitheroe Town Council
clive-pc.gov.uk,
clophill-pc.gov.uk,
cloptonparishcouncil.gov.uk,
closworthparishmeeting.gov.uk,
clottonhoofieldparishcouncil.gov.uk,
cloughton-pc.gov.uk,
clowneparishcouncil.gov.uk,
clunburyparishcouncil.gov.uk,
cluntowncouncil.gov.uk,
clutton-pc.gov.uk,
clysthonitonparish.gov.uk,
clysthydonparish.gov.uk,
cmktowncouncil.gov.uk,
cnbtowncouncil.gov.uk,
cne-siar.gov.uk,Comhairle nan Eilean Siar
cnmparish.gov.uk,
coanwoodparish.gov.uk,
coatesparish.gov.uk,
cobham-kent-pc.gov.uk,
cockerham-pc.gov.uk,
cockermouthtowncouncil.gov.uk,
cockfieldparishcouncil.gov.uk,
cockshuttcumpetton-pc.gov.uk,
coddenham-pc.gov.uk,
coddingtonanddistrict-pc.gov.uk,
codicote-pc.gov.uk,
codsallparishcouncil.gov.uk,
coedffranc-tc.gov.uk,
coffinswellparishcouncil.gov.uk,
coftonhackettparishcouncil.gov.uk,
cogenhoeandwhiston-pc.gov.uk,Cogenhoe and Whiston Parish Council
coggeshall-pc.gov.uk,Coggeshall Parish Council
colanparishcouncil.gov.uk,
colatonraleigh-pc.gov.uk,
colburn-tc.gov.uk,
colby-banningham-pc.gov.uk,
colchester.gov.uk,Colchester City Council
coldashparishcouncil.gov.uk,
coldashton-pc.gov.uk,
coldastonparishcouncil.gov.uk,
coldencommon-pc.gov.uk,
coldharbour-pc.gov.uk,
coldhigham-pc.gov.uk,
coldridge-pc.gov.uk,
coldstreamcommunitycouncil.gov.uk,
colebrooke-pc.gov.uk,
colebyparishcouncil.gov.uk,
colefordtowncouncil.gov.uk,Coleford Town Council
colehill.gov.uk,Colehill Parish Council
coleorton-pc.gov.uk,
colerainebc.gov.uk,
colerne-pc.gov.uk,Colerne
coleshillparishcouncil.gov.uk,
coleshilltowncouncil.gov.uk,Coleshill Town Council
colkirk-pc.gov.uk,
collierstreetparishcouncil.gov.uk,
collingbourne-ducis-pc.gov.uk,
collingham-pc.gov.uk,
collinghamlintonparishcouncil.gov.uk,
collingtreeparishcouncil.gov.uk,
colmworth-pc.gov.uk,
colnbrookwithpoyle-pc.gov.uk,
colneparishcouncil.gov.uk,
colneyheathparishcouncil.gov.uk,
colnstaldwynsparishcouncil.gov.uk,
colonsay-cc.gov.uk,
coltishall-pc.gov.uk,
colton-pc.gov.uk,
coltonparishcouncil.gov.uk,
colwall-pc.gov.uk,
colwichparishcouncil.gov.uk,Colwich Parish Council
colwickparishcouncil.gov.uk,
colwyn-tc.gov.uk,Bay of Colwyn Town Council
colyford-pc.gov.uk,
combe-pc.gov.uk,
combemartin-pc.gov.uk,
comberbach-pc.gov.uk,
comberton-pc.gov.uk,
combestnicholasparish.gov.uk,
combroke-pc.gov.uk,
combsparishcouncil.gov.uk,
compton-pc.gov.uk,
comptonbassettparishcouncil.gov.uk,
comptonbishopparishcouncil.gov.uk,
comptondando-pc.gov.uk,
comptondundon-pc.gov.uk,
comptonmartinparishcouncil.gov.uk,
comptonparishcouncil.gov.uk,
comptonshawford-pc.gov.uk,
comptonwestsussex-pc.gov.uk,
coneywestonparishcouncil.gov.uk,
congham-pc.gov.uk,
congleton-tc.gov.uk,Congleton Town Council
congresbury-pc.gov.uk,
coningsbytowncouncil.gov.uk,
coningtonparishcouncil.gov.uk,
conisbroughparks-pc.gov.uk,
conistonparishcouncil.gov.uk,
constableburtonfinghall-pc.gov.uk,
constantine-pc.gov.uk,
conwy.gov.uk,Conwy County Borough Council
conwytowncouncil.gov.uk,Conwy Town Council
cookham-pc.gov.uk,
cookhillparishcouncil.gov.uk,
cookleyandwalpole-pc.gov.uk,
copeland.gov.uk,Copeland Borough Council
copelandbc.gov.uk,Copeland
copfordwitheasthorpeparishcouncil.gov.uk,
cople-pc.gov.uk,
copmanthorpe-pc.gov.uk,
copplestoneparishcouncil.gov.uk,
coppull-pc.gov.uk,
corbridge-pc.gov.uk,
corby.gov.uk,Corby Borough Council
corbytowncouncil.gov.uk,Corby Town Council
corfecastleparishcouncil.gov.uk,
corfemullen-tc.gov.uk,
corleyparishcouncil.gov.uk,
cornwall-ifca.gov.uk,
cornwall.gov.uk,Cornwall Council
cornwoodparishcouncil.gov.uk,
cornworthyparishcouncil.gov.uk,
corpustyandsaxthorpe-pc.gov.uk,
corse-pc.gov.uk,
corsham.gov.uk,Corsham
corstonparishcouncil.gov.uk,
cortonparishcouncil.gov.uk,
corwentowncouncil.gov.uk,
cosbyparishcouncil.gov.uk,
cosgroveparishcouncil.gov.uk,
cossingtonparishcouncil.gov.uk,
costockparishcouncil.gov.uk,
cotgrave-tc.gov.uk,Cotgrave Town Council
cotherstoneparishcouncil.gov.uk,
cotleighparishcouncil.gov.uk,
cotswold.gov.uk,Cotswold District Council
cottenham-pc.gov.uk,
cottingham-pc.gov.uk,
cottinghamparishcouncil.gov.uk,
cotton-pc.gov.uk,
cottonend-pc.gov.uk,Cotton End
cottonparishcouncil.gov.uk,
coughtonparishcouncil.gov.uk,
coulstonparishcouncil.gov.uk,
coundparishcouncil.gov.uk,
countesthorpeparishcouncil.gov.uk,
coveneyparishcouncil.gov.uk,
covenhamparishcouncil.gov.uk,
coventry.gov.uk,Coventry City Council
covingham-pc.gov.uk,
cowbitparishcouncil.gov.uk,
cowbridge-tc.gov.uk,Cowbridge with Llanblethian Town Council
cowfold-pc.gov.uk,Cowfold Parish Council
cowlingeparishcouncil.gov.uk,
coxheathparishcouncil.gov.uk,
coxhoeparishcouncil.gov.uk,
coychurchlower-cc.gov.uk,
cradleyandstorridge-pc.gov.uk,
cramlingtontowncouncil.gov.uk,Cramlington Town Council
cranageparishcouncil.gov.uk,
cranborneedmondshamparishcouncil.gov.uk,
cranbrooktowncouncil.gov.uk,Cranbrook Town Council
cranfield-pc.gov.uk,
cranfordparishcouncil.gov.uk,
cranhamparishcouncil.gov.uk,
cranleigh-pc.gov.uk,
cranwell-pc.gov.uk,
craster-pc.gov.uk,
cratfield-pc.gov.uk,
cravenarmstowncouncil.gov.uk,
cravendc.gov.uk,Craven District Council
crawley.gov.uk,Crawley Borough Council
crawleyvillage-pc.gov.uk,
craykeparishcouncil.gov.uk,
creaton-pc.gov.uk,
credenhill-pc.gov.uk,
crediton.gov.uk,Crediton Town Council
creditonhamlets-pc.gov.uk,
creechstmichaelparishcouncil.gov.uk,
creetingstmary-pc.gov.uk,
creetingstpeter-pc.gov.uk,
creslowparishmeeting.gov.uk,
cressageharleysheinton-pc.gov.uk,
cressing-pc.gov.uk,
cresswellparishcouncil.gov.uk,
creswell-pc.gov.uk,
crewetowncouncil.gov.uk,Crewe Town Council
crewkerne-tc.gov.uk,Crewkerne Town Council
crich-pc.gov.uk,
crickhowelltowncouncil.gov.uk,
crickladetowncouncil.gov.uk,Cricklade
crickparishcouncil.gov.uk,
crigglestone-pc.gov.uk,
crimplesham-pc.gov.uk,
croftleics-pc.gov.uk,
crofton-pc.gov.uk,
croftontees-pc.gov.uk,
croftparishcouncil.gov.uk,
cromer-tc.gov.uk,Cromer Town Council
cromhall-pc.gov.uk,
crondall-pc.gov.uk,
crontonparishcouncil.gov.uk,
crookandwinsterparishcouncil.gov.uk,
crookhamvillage-pc.gov.uk,
cropredyparishcouncil.gov.uk,
cropwellbishop-pc.gov.uk,
cropwellbutler-pc.gov.uk,
cross-roadsparishcouncil.gov.uk,
crosscanonby-pc.gov.uk,
crossways-pc.gov.uk,
crosthwaiteandlyth-pc.gov.uk,
croston-pc.gov.uk,
croughtonparishcouncil.gov.uk,
crowan-pc.gov.uk,
crowboroughtowncouncil.gov.uk,Crowborough Town Council
crowcombe-pc.gov.uk,
crowfield-pc.gov.uk,
crowhurst-pc.gov.uk,
crowhurstparishcouncil.gov.uk,
crowlandparishcouncil.gov.uk,
crowmarshparishcouncil.gov.uk,
crowthorne-pc.gov.uk,
crowton-pc.gov.uk,
croxdaleandhett-pc.gov.uk,
croxleygreen-pc.gov.uk,
croxton-pc.gov.uk,
croxtonkerrialandbranston-pc.gov.uk,
croydon.gov.uk,Croydon Council
croydonparishcouncil.gov.uk,
crudwell-pc.gov.uk,Crudwell Parish Council
cruwysmorchard-pc.gov.uk,
cs-pc.gov.uk,
cseandbparishcouncil.gov.uk,
cubbingtonparishcouncil.gov.uk,
cubert-pc.gov.uk,
cublington-pc.gov.uk,
cuckfield.gov.uk,Cuckfield
cuddesdondenton-pc.gov.uk,
cuddington-bucks-pc.gov.uk,
cuddingtonparish.gov.uk,
culchethandglazebury-pc.gov.uk,
culfordweststowandwordwell-pc.gov.uk,
culgaith-pc.gov.uk,
culham-pc.gov.uk,
cullingworthparishcouncil.gov.uk,
cullomptontowncouncil.gov.uk,Cullompton Town Council
culmington-pc.gov.uk,
culworthparishcouncil.gov.uk,
cumberland.gov.uk,Cumberland Council
cumbria-ca.gov.uk,
cumbria-pcc.gov.uk,
cumbria-pfcc.gov.uk,
cumbria.gov.uk,Cumbria County Council
cumbriacc.gov.uk,
cumbriafire.gov.uk,
cummersdaleparishcouncil.gov.uk,
cumnorparishcouncil.gov.uk,
curbarparishcouncil.gov.uk,
curdridge-pc.gov.uk,
curdridgeparishcouncil.gov.uk,
curdworthparishcouncil.gov.uk,
currymallet-pc.gov.uk,
curryrivelparishcouncil.gov.uk,
curyparishcouncil.gov.uk,
cusopparishcouncil.gov.uk,
cuxtonparish.gov.uk,
cyngortrefrhuthun.gov.uk,Ruthin
dab-vjb.gov.uk,
dacorum.gov.uk,Dacorum Borough Council
dacre-cumbria-pc.gov.uk,
dadlingtonsuttoncheney-pc.gov.uk,
dalburyleesparishcouncil.gov.uk,
daleabbey-pc.gov.uk,
dalhamparishcouncil.gov.uk,
daltonholmeparishcouncil.gov.uk,
daltonledale-pc.gov.uk,
daltonparishcouncil.gov.uk,
daltonpiercy-pc.gov.uk,
daltontowncouncil.gov.uk,
danbury-essex.gov.uk,Danbury
danbygroup-pc.gov.uk,
danbywiskewithlazenbyparishcouncil.gov.uk,
danehill-pc.gov.uk,
darenthparishcouncil.gov.uk,
daresburyparishcouncil.gov.uk,
darleydale.gov.uk,Darley Dale Town Council
darlington.gov.uk,Darlington Borough Council
darnhall-pc.gov.uk,
darrington-pc.gov.uk,
darsham-pc.gov.uk,
dartford.gov.uk,Dartford Borough Council
dartington-pc.gov.uk,
dartmoor.gov.uk,Dartmoor National Park Authority
dartmoorforestparishcouncil.gov.uk,
dartmouthtowncouncil.gov.uk,
darwentowncouncil.gov.uk,
datchetparishcouncil.gov.uk,
datchworth-pc.gov.uk,
dauntseyparishcouncil.gov.uk,
daventrydc.gov.uk,Daventry District Council
daventrytowncouncil.gov.uk,Daventry Town Council
dawleyhamlets-pc.gov.uk,
dawlish.gov.uk,Dawlish Town Council
dbwp-pc.gov.uk,
dc-pcc.gov.uk,
ddfire.gov.uk,
deal.gov.uk,Deal Town Council
deanandshelton-pc.gov.uk,
deanshanger-pc.gov.uk,
debden-pc.gov.uk,
debenhamparishcouncil.gov.uk,
deddington-pc.gov.uk,
dedhamparishcouncil.gov.uk,
deeneanddeenethorpe-pc.gov.uk,
deepinggate-pc.gov.uk,
deepingstjames-pc.gov.uk,
deepingstnicholas-pc.gov.uk,
deerhurst-pc.gov.uk,
deffordbesfordparishcouncil.gov.uk,
delaboleparishcouncil.gov.uk,
delamereandoakmereparish.gov.uk,
denbighshire.gov.uk,Denbighshire County Council
denbightowncouncil.gov.uk,Denbigh Town Council
denburyandtorbryan-pc.gov.uk,
denbydale-pc.gov.uk,
denbyparishcouncil.gov.uk,
denevalleyparishcouncil.gov.uk,
denford-pc.gov.uk,
denhambucks-pc.gov.uk,Denham
denhamparishcouncil.gov.uk,
denholmetowncouncil.gov.uk,
denmead-pc.gov.uk,
dennington-pc.gov.uk,
dennylodgeparishcouncil.gov.uk,
denstoneparishcouncil.gov.uk,
dentonandcaldecoteparishmeeting.gov.uk,
dentonparishcouncil.gov.uk,
denverparishcouncil.gov.uk,
deophamandhackford-pc.gov.uk,
derby.gov.uk,Derby City Council
derbys-fire.gov.uk,
derbyshire-pcc.gov.uk,
derbyshire.gov.uk,Derbyshire County Council
derbyshirealc.gov.uk,
derbyshiredales.gov.uk,Derbyshire Dales District Council
derryhillandstudley-pc.gov.uk,
dersingham-pc.gov.uk,
desboroughtowncouncil.gov.uk,Desborough Town Council
desford-pc.gov.uk,
devizes-tc.gov.uk,Devizes Town Council
devon.gov.uk,Devon County Council
devonandcornwall-pcc.gov.uk,
devonandsevernifca.gov.uk,
devonandtorbay-cca.gov.uk,
dewlishparishcouncil.gov.uk,
dickensheath-pc.gov.uk,
dickleburghandrushallparishcouncil.gov.uk,
didcot.gov.uk,Didcot Town Council
diddlebury-pc.gov.uk,
didmartonparishcouncil.gov.uk,
digbyparishcouncil.gov.uk,
dilhorneparishcouncil.gov.uk,
diltonmarshparishcouncil.gov.uk,
dilwynparishcouncil.gov.uk,
dinedorparishcouncil.gov.uk,
dingley-pc.gov.uk,
dinningtonstjohns-tc.gov.uk,
dintonwithfordandupton-pc.gov.uk,
dishforth-pc.gov.uk,
diss.gov.uk,Diss Town Council
disserthandtrecoedcommunitycouncil.gov.uk,
distingtonparishcouncil.gov.uk,
ditchingham-pc.gov.uk,
ditchling-pc.gov.uk,
dittonparishcouncil.gov.uk,
dockingparishcouncil.gov.uk,
dodderhill-pc.gov.uk,
doddinghurst-pc.gov.uk,Doddinghurst Parish Council
doddington-pc.gov.uk,
doddington-whisbyparishcouncil.gov.uk,
doddingtondistrictparish.gov.uk,
doddingtonparishcouncil.gov.uk,
doddiscombsleighparishcouncil.gov.uk,
dodfordparishmeeting.gov.uk,
dodfordwithgrafton-pc.gov.uk,
dodington-pc.gov.uk,
dodlestonparishcouncil.gov.uk,
dogdykeparishcouncil.gov.uk,
dogmersfield-pc.gov.uk,
doncaster.gov.uk,Doncaster Metropolitan Borough Council
donheadstandrew-pc.gov.uk,
donheadstmary-pc.gov.uk,
donington-pc.gov.uk,
doningtononbain-pc.gov.uk,
donningtonmuxton-pc.gov.uk,
donningtonparishcouncil.gov.uk,
donyatt-pc.gov.uk,
dorchester-tc.gov.uk,Dorchester Town Council
dorchesteronthames-pc.gov.uk,
dordonparishcouncil.gov.uk,
dormingtonmordifordgroup-pc.gov.uk,
dorneyparishcouncil.gov.uk,
dorrington-pc.gov.uk,
dorset-aptc.gov.uk,
dorsetcouncil.gov.uk,Dorset Council
dorsetparishes.gov.uk,
dorstone-pc.gov.uk,
dover.gov.uk,Dover District Council
doveridgeparishcouncil.gov.uk,
doverporthealth.gov.uk,
dovertowncouncil.gov.uk,
downampney-pc.gov.uk,
downhamwest-pc.gov.uk,
downhatherley-pc.gov.uk,
downhollandparish.gov.uk,
downleyparishcouncil.gov.uk,
downstmary-pc.gov.uk,
downswoodparishcouncil.gov.uk,
downtonparishcouncil.gov.uk,Downton
doxeyparishcouncil.gov.uk,
doynton-pc.gov.uk,
drakelowparish.gov.uk,
draughton-pc.gov.uk,
draxparishcouncil.gov.uk,
draycott-pc.gov.uk,
draycottintheclayparishcouncil.gov.uk,
draycottinthemoorsparishcouncil.gov.uk,
draytonbassett-pc.gov.uk,
draytonparish.gov.uk,
draytonparishcouncil.gov.uk,
draytonparslowparishcouncil.gov.uk,
drewsteignton-pc.gov.uk,
driffieldtowncouncil.gov.uk,
drighlingtonparishcouncil.gov.uk,
drinkstoneparishcouncil.gov.uk,
dronfield.gov.uk,Dronfield Town Council
droxfordparishcouncil.gov.uk,
drybrookparishcouncil.gov.uk,
dsfire.gov.uk,
ducklingtonparishcouncil.gov.uk,Ducklington Parish Council
duddoparishcouncil.gov.uk,
dudley.gov.uk,Dudley Metropolitan Borough Council
duffieldparishcouncil.gov.uk,
duftonparishcouncil.gov.uk,
duloeparishcouncil.gov.uk,
dulverton-tc.gov.uk,
dumbleton-pc.gov.uk,
dumgal.gov.uk,Dumfries and Galloway Council
dummerparishcouncil.gov.uk,
dunchideock-pc.gov.uk,
dunchurchparishcouncil.gov.uk,
dundeecity.gov.uk,Dundee City Council
dunham-pc.gov.uk,
dunholme-pc.gov.uk,
dunkeswell-pc.gov.uk,
dunkirkpc.gov.uk,
dunningtonparishcouncil.gov.uk,
dunsfoldparishcouncil.gov.uk,
dunstable.gov.uk,Dunstable Town Council
dunsterparishcouncil.gov.uk,
dunstewparishcouncil.gov.uk,
dunston-pc.gov.uk,
dunstonwithcoppenhall-pc.gov.uk,
duntisbourne-pc.gov.uk,
dunton-pc.gov.uk,
duntonbassettparishcouncil.gov.uk,
duntongreen-pc.gov.uk,
durham-pcc.gov.uk,
durham.gov.uk,Durham County Council
durleighparishcouncil.gov.uk,
durleyparishcouncil.gov.uk,
durringtontowncouncil.gov.uk,
dursleytowncouncil.gov.uk,Dursley Town Council
durstonparish.gov.uk,
duston-pc.gov.uk,Duston Parish Council
dutton-pc.gov.uk,
duxfordparishcouncil.gov.uk,
dymchurchparishcouncil.gov.uk,
dymockparishcouncil.gov.uk,
dyrhamandhinton-pc.gov.uk,
e-lindsey.gov.uk,East Lindsey District Council
eagle-swinethorpe-pc.gov.uk,
eakringparishcouncil.gov.uk,
ealc.gov.uk,
ealing.gov.uk,Ealing London Borough Council
earbytowncouncil.gov.uk,
eardington-pc.gov.uk,Eardington
eardisland-pc.gov.uk,
eardisleygroup-pc.gov.uk,
earith-pc.gov.uk,
earley-tc.gov.uk,Earley Town Council
earlsbarton.gov.uk,Earls Barton
earlscolne-pc.gov.uk,
earlscroome-pc.gov.uk,
earlshiltontowncouncil.gov.uk,
earsham-pc.gov.uk,
earswickparish.gov.uk,
easington-pc.gov.uk,
easingtoncollieryparishcouncil.gov.uk,
easingtonvillageparishcouncil.gov.uk,
easingwold.gov.uk,Easingwold Town Council
east-ayrshire.gov.uk,East Ayrshire Council
east-northamptonshire.gov.uk,East Northamptonshire Council
eastallingtonparishcouncil.gov.uk,
eastaytonparishcouncil.gov.uk,
eastbedlingtonparishcouncil.gov.uk,
eastboldre-pc.gov.uk,
eastbrentparishcouncil.gov.uk,
eastbridgford-pc.gov.uk,
eastbudleigh-pc.gov.uk,
eastbutterwick-pc.gov.uk,
eastcambs.gov.uk,East Cambridgeshire District Council
eastcarletonandketteringham-pc.gov.uk,
eastchevingtonparishcouncil.gov.uk,
eastchiltingtonparish.gov.uk,
eastchinnockparishcouncil.gov.uk,
eastchurchparishcouncil.gov.uk,
eastclandon-pc.gov.uk,
eastcokerparish.gov.uk,
eastcottingwith-pc.gov.uk,
eastcowestowncouncil.gov.uk,
eastdeanfriston-pc.gov.uk,
eastdeanwsx-pc.gov.uk,
eastdevon.gov.uk,East Devon District Council
eastdonylandparishcouncil.gov.uk,
eastdownparish.gov.uk,
eastdrayton-pc.gov.uk,
eastdunbarton.gov.uk,East Dunbartonshire Council
eastern-ifca.gov.uk,
easterton-pc.gov.uk,
eastfarleigh-pc.gov.uk,
eastfarndon-pc.gov.uk,
eastfield-tc.gov.uk,
eastgarston-pc.gov.uk,
eastgoscote-pc.gov.uk,
eastgrinstead.gov.uk,East Grinstead Town Council
easthaddonparishcouncil.gov.uk,
easthaltonparishcouncil.gov.uk,
easthamparishcouncil.gov.uk,
easthanneyparish.gov.uk,
easthanningfield-pc.gov.uk,
easthants.gov.uk,East Hampshire District Council
easthardwickparishcouncil.gov.uk,
eastharlsey-pc.gov.uk,
eastharptreeparishcouncil.gov.uk,
easthendred-pc.gov.uk,
eastherts.gov.uk,East Hertfordshire District Council
easthorsley-pc.gov.uk,
easthunsburyparishcouncil.gov.uk,
easthuntspillparishcouncil.gov.uk,
eastilsley-pc.gov.uk,East Ilsley
eastington-pc.gov.uk,
eastkealparishcouncil.gov.uk,
eastkennettparishmeeting.gov.uk,
eastkeswickparishcouncil.gov.uk,
eastkirkby-pc.gov.uk,
eastknoyle-pc.gov.uk,
eastleigh-tc.gov.uk,
eastleigh.gov.uk,Eastleigh Borough Council
eastlondonwaste.gov.uk,
eastlothian.gov.uk,East Lothian Council
eastlulworth-pc.gov.uk,
eastmarkhamparishcouncil.gov.uk,
eastmeon-pc.gov.uk,
eastmidlands-cca.gov.uk,
eastnoranddonnington-pc.gov.uk,
easton-pc.gov.uk,
eastononthehill-pc.gov.uk,
eastonparishcouncil.gov.uk,
eastonsuffolkparish.gov.uk,
eastpeckham-pc.gov.uk,
eastpennardparishcouncil.gov.uk,
eastpreston-pc.gov.uk,
eastrenfrewshire.gov.uk,East Renfrewshire Council
eastriding.gov.uk,East Riding of Yorkshire Council
eastringtonparishcouncil.gov.uk,
eastrudhamparishcouncil.gov.uk,
eastry-pc.gov.uk,
eaststaffsbc.gov.uk,East Staffordshire Borough Council
eaststoke-pc.gov.uk,
eaststokewiththorpe-pc.gov.uk,
eastsuffolk.gov.uk,East Suffolk Council
eastsussex.gov.uk,East Sussex County Council
eastsussexcc.gov.uk,
easttisted-pc.gov.uk,
easttuddenham-pc.gov.uk,
eastvillemidvillenewleake-pc.gov.uk,
eastwickandgilstonparish.gov.uk,
eastwilliamstoncommunitycouncil.gov.uk,
eastwood-tc.gov.uk,
eastwoodhay-pc.gov.uk,
eatonbishop-pc.gov.uk,
eatonbrayparishcouncil.gov.uk,
eatonhopebowdler-pc.gov.uk,
ebberstonparishcouncil.gov.uk,
ebernoeparish.gov.uk,
ecchinswell-pc.gov.uk,"Ecchinswell, Sydmonton and Bishops Green"
ecclesfield-pc.gov.uk,
eccleshallparishcouncil.gov.uk,
eccleshill-pc.gov.uk,
eccleston-pc.gov.uk,
ecclestonparishcouncil.gov.uk,
eckington-pc.gov.uk,Eckington
eckington-worcs-pc.gov.uk,
ectonparishcouncil.gov.uk,
ed-pc.gov.uk,
edaleparishcouncil.gov.uk,
eden.gov.uk,Eden District Council
edenbridgetowncouncil.gov.uk,
edenthorpeparishcouncil.gov.uk,
edgcott-pc.gov.uk,
edgefield-pc.gov.uk,
edgmondparishcouncil.gov.uk,
edinburgh.gov.uk,City of Edinburgh Council
edingale-pc.gov.uk,
edingtonparishcouncil.gov.uk,
edingtonwiltsparishcouncil.gov.uk,
edithwestonparishcouncil.gov.uk,
edlastonandwyastonparishcouncil.gov.uk,
edlesborough-pc.gov.uk,
edlingtontowncouncil.gov.uk,
edmondsleyparish.gov.uk,
edwinstowe-pc.gov.uk,
effinghamparishcouncil.gov.uk,Effingham Parish Council
egertonparishcouncil.gov.uk,
eggington-pc.gov.uk,
egglestonparishcouncil.gov.uk,
eglingham-pc.gov.uk,
egtonparishcouncil.gov.uk,
ehow-jpc.gov.uk,
eightashgreenparishcouncil.gov.uk,
eldc.gov.uk,
eldersfieldparishcouncil.gov.uk,
eldonparishcouncil.gov.uk,
elfordparishcouncil.gov.uk,
elkesleyparishcouncil.gov.uk,
elkingtonparishcouncil.gov.uk,
elkstoneparish.gov.uk,
ellastoneparishcouncil.gov.uk,
ellelparishcouncil.gov.uk,
ellerkerparish.gov.uk,
ellesborough-pc.gov.uk,
ellesmere-tc.gov.uk,
ellesmererural-pc.gov.uk,
ellinghamharbridgeibsley-pc.gov.uk,
ellinghamparishcouncil.gov.uk,
ellingtonlinton-pc.gov.uk,
ellingtonparishcouncil.gov.uk,
ellistownparish.gov.uk,
elloughtonbrough-pc.gov.uk,Elloughton-cum-Brough
elloughtonbrough-tc.gov.uk,
elmbridge.gov.uk,Elmbridge Borough Council
elmbridgeparishcouncil.gov.uk,
elmesthorpeparishcouncil.gov.uk,
elmleycastleparishcouncil.gov.uk,
elmleylovettparishcouncil.gov.uk,
elmoreparish.gov.uk,
elmsett-pc.gov.uk,
elmsteadparishcouncil.gov.uk,
elmstedparishcouncil.gov.uk,
elmswell-pc.gov.uk,
elmtonwithcreswell-pc.gov.uk,
elsenham-pc.gov.uk,
elshamparishcouncil.gov.uk,
elsted-pc.gov.uk,
elstowparishcouncil.gov.uk,
elstreeborehamwood-tc.gov.uk,Elstree and Borehamwood Town Council
elstronwickparishcouncil.gov.uk,
elswick-pc.gov.uk,
elsworth-pc.gov.uk,
eltisley-pc.gov.uk,
eltonparishcouncil.gov.uk,
elvaston-pc.gov.uk,
elvedenparishcouncil.gov.uk,
elvethamheath-pc.gov.uk,
elvingtonparishcouncil.gov.uk,
elwickparishcouncil.gov.uk,
elydrainageboards.gov.uk,
embertonparishcouncil.gov.uk,
embleton-pc.gov.uk,
embletonparishcouncil.gov.uk,
emboroughparishmeeting.gov.uk,
embsaywitheastby-pc.gov.uk,
emcouncils.gov.uk,
emersonsgreen-tc.gov.uk,
emnethparishcouncil.gov.uk,
endonwithstanley-pc.gov.uk,
enfield.gov.uk,Enfield London Borough Council
enfordparishcouncil.gov.uk,
englefieldparishcouncil.gov.uk,
englishcombe-pc.gov.uk,
enham-pc.gov.uk,
enstone-pc.gov.uk,
enville-pc.gov.uk,
epperstoneparishcouncil.gov.uk,
eppingforestdc.gov.uk,Epping Forest District Council
eppingtowncouncil.gov.uk,Epping Town Council
eppinguplandparishcouncil.gov.uk,
eppleby-pc.gov.uk,
epsom-ewell.gov.uk,Epsom and Ewell Borough Council
epworthtowncouncil.gov.uk,
ercallmagnaparishcouncil.gov.uk,
erewash.gov.uk,Erewash Borough Council
eriswellparishcouncil.gov.uk,
erlestokeparishcouncil.gov.uk,
ermington-pc.gov.uk,
ernllca.gov.uk,
ernllcaparishes.gov.uk,
erringdenparishcouncil.gov.uk,
eryri-npa.gov.uk,
escrickparishcouncil.gov.uk,
eshparishcouncil.gov.uk,
esk-ugg-pc.gov.uk,
essendonparishcouncil.gov.uk,
essex-fire.gov.uk,
essex.gov.uk,Essex County Council
essingtonparishcouncil.gov.uk,Essington Parish Council
etchinghamparishcouncil.gov.uk,
etherleyparishcouncil.gov.uk,
etontowncouncil.gov.uk,Eton
ettingtonparishcouncil.gov.uk,
etton-pc.gov.uk,
ettonparishcouncil.gov.uk,
etwallparishcouncil.gov.uk,
euxton-pc.gov.uk,
evenleyparishcouncil.gov.uk,
evenlode-pc.gov.uk,
evenwoodandbarony-pc.gov.uk,
evercreech-pc.gov.uk,
everdonparishcouncil.gov.uk,
everleigh-pc.gov.uk,
eversdensparishcouncil.gov.uk,
eversholtparishcouncil.gov.uk,
evershot-pc.gov.uk,
eversley-pc.gov.uk,
everton-pc.gov.uk,
eveshamtowncouncil.gov.uk,Evesham Town Council
ewelmeparishcouncil.gov.uk,
ewerbyandevedon-pc.gov.uk,
ewhurstellensgreen-pc.gov.uk,
ewhurstparishcouncil.gov.uk,
ewshotparishcouncil.gov.uk,
ewyasharoldg-pc.gov.uk,
exburyandlepe-pc.gov.uk,
exelbyleemingandlondonderry-pc.gov.uk,
exeter.gov.uk,Exeter City Council
exminsterparishcouncil.gov.uk,
exmoor-nationalpark.gov.uk,Exmoor National Park Authority
exmoor-npa.gov.uk,
exmouth.gov.uk,Exmouth Town Council
exning-pc.gov.uk,
extonparishcouncil.gov.uk,
eyamparishcouncil.gov.uk,
eydonparish.gov.uk,
eye-pc.gov.uk,
eyetowncouncil.gov.uk,
eyke-pc.gov.uk,
eynsfordparishcouncil.gov.uk,
eynsham-pc.gov.uk,Eynsham Parish Council
eythorneparishcouncil.gov.uk,
fairburn-pc.gov.uk,
fairfieldparishcouncil.gov.uk,Fairfield Parish Council
fairfields-pc.gov.uk,
fairfordtowncouncil.gov.uk,Fairford Town Council
fairlightparishcouncil.gov.uk,
fairoak-pc.gov.uk,
fakenhammagna-pc.gov.uk,
fakenhamtowncouncil.gov.uk,
faldingworthparish.gov.uk,
falfield-pc.gov.uk,
falkirk-council.gov.uk,
falkirk.gov.uk,Falkirk Council
falstoneparish.gov.uk,
falstoneparishcouncil.gov.uk,
fangfosswithbolton-pc.gov.uk,
farcottonanddelapre-cc.gov.uk,
fareham.gov.uk,Fareham Borough Council
faringdontowncouncil.gov.uk,
farington-pc.gov.uk,
farlampc.gov.uk,
farleyparishcouncil.gov.uk,
farlow-pc.gov.uk,
farmborough-pc.gov.uk,
farnborough-pc.gov.uk,
farndonnotts-pc.gov.uk,
farndonparishcouncil.gov.uk,
farnham-pc.gov.uk,
farnham.gov.uk,Farnham Town Council
farnhamparishcouncil.gov.uk,
farnhamroyal-pc.gov.uk,Farnham Royal Parish Council
farnhamwithstratfordstandrew-pc.gov.uk,
farnhillparishcouncil.gov.uk,
farninghamparishcouncil.gov.uk,
farnsfield-pc.gov.uk,Farnsfield Parish Council
farringdon-pc.gov.uk,
farringdondevonparishcouncil.gov.uk,
farringtongurneyparish.gov.uk,
farthinghoeparishcouncil.gov.uk,
farthingstoneparishcouncil.gov.uk,
farwayparishcouncil.gov.uk,
favershamtowncouncil.gov.uk,Faversham Town Council
fawfieldheadparishcouncil.gov.uk,
fawkhamparishcouncil.gov.uk,
fawley-pc.gov.uk,
fdandsparishcouncil.gov.uk,
fdean.gov.uk,Forest of Dean District Council
featherstone-tc.gov.uk,
featherstoneandbrinsfordparishcouncil.gov.uk,
featherstoneparishcouncil.gov.uk,
feckenham-parishcouncil.gov.uk,
feeringparishcouncil.gov.uk,
felbridge-pc.gov.uk,
felbriggparishcouncil.gov.uk,
felixstowe.gov.uk,Felixstowe Town Council
felmershamandradwellparishcouncil.gov.uk,
felphampc.gov.uk,Felpham Parish Council
felshamparishcouncil.gov.uk,
felsted-pc.gov.uk,
feltonparishcouncil.gov.uk,
feltwellparishcouncil.gov.uk,
fenditton-pc.gov.uk,Fen Ditton
feniton-pc.gov.uk,
fenland.gov.uk,Fenland District Council
fennybentleyparishcouncil.gov.uk,
fennycompton-pc.gov.uk,
fenstantonparishcouncil.gov.uk,
fentonandtorkseylock-pc.gov.uk,
feockparishcouncil.gov.uk,
fernhurst-pc.gov.uk,
fernhurst-wsx-pc.gov.uk,Fernhurst Parish Council
ferryhill.gov.uk,Ferryhill Town Council
fife.gov.uk,Fife Council
fifeheadmagdalenparish.gov.uk,
figheldeanparishcouncil.gov.uk,
filby-pc.gov.uk,
fileytowncouncil.gov.uk,
filleighparishcouncil.gov.uk,
fillinghamparishmeeting.gov.uk,
fillongleyparishcouncil.gov.uk,
filtontowncouncil.gov.uk,Filton Town Council
finchampstead-pc.gov.uk,Finchampstead
finchingfield-pc.gov.uk,
findernparishcouncil.gov.uk,
findonparishcouncil.gov.uk,
finedontowncouncil.gov.uk,
fingringhoe-pc.gov.uk,
finmere-pc.gov.uk,
finninghamparishcouncil.gov.uk,
finningley-pc.gov.uk,
finstallparishcouncil.gov.uk,
finstockparishcouncil.gov.uk,
firbeckparishcouncil.gov.uk,
firleparishcouncil.gov.uk,
firsdown-pc.gov.uk,
fishbourne-pc.gov.uk,
fishburnparishcouncil.gov.uk,
fiskertoncummortonparishcouncil.gov.uk,
fitzheadparishcouncil.gov.uk,
fiveheadparishcouncil.gov.uk,
fladburyparishcouncil.gov.uk,
flagg-pc.gov.uk,
flamborough-pc.gov.uk,
flamsteadparishcouncil.gov.uk,
flaundenparish.gov.uk,
flaxbourton-pc.gov.uk,
fleckney-pc.gov.uk,
fleet-tc.gov.uk,Fleet Town Council
fleetparishcouncil.gov.uk,
fleggburghparishcouncil.gov.uk,
flemptoncumhengraveparish.gov.uk,
fletching-pc.gov.uk,
flintham-pc.gov.uk,
flintshire.gov.uk,Flintshire County Council
flitchgreenparishcouncil.gov.uk,
flittonandgreenfieldparishcouncil.gov.uk,
flitwick.gov.uk,Flitwick Town Council
flixborough-pc.gov.uk,
flordonparishcouncil.gov.uk,
flore-pc.gov.uk,
folkeparishcouncil.gov.uk,
folkestone-hythe.gov.uk,Folkestone and Hythe District Council
folkestone-tc.gov.uk,Folkestone Town Council
folksworthwashingley-pc.gov.uk,
folktonparishcouncil.gov.uk,
fontmellmagna-pc.gov.uk,
ford-parishcouncil.gov.uk,
fordbridgetowncouncil.gov.uk,
fordham-pc.gov.uk,
fordhamparish.gov.uk,
fordingbridge.gov.uk,Fordingbridge Town Council
fordparishcouncil.gov.uk,
fordwestsussex-pc.gov.uk,
fordwichtowncouncil.gov.uk,
foresthillwithshotover-pc.gov.uk,
forestrow.gov.uk,Forest Row Parish Council
formby-pc.gov.uk,
forncettparish.gov.uk,
fornhamallsaintsparish.gov.uk,
forsbrookparishcouncil.gov.uk,
forton-pc.gov.uk,
fortonstaffs-pc.gov.uk,
foster4.gov.uk,
fostereast.gov.uk,
fosteringinsutton.gov.uk,
fostonandscroptonparishcouncil.gov.uk,
fostonandthorntonleclayparishcouncil.gov.uk,
fouldenparishcouncil.gov.uk,
foulnessisland-pc.gov.uk,
foulridge-pc.gov.uk,
foulsham-pc.gov.uk,
fountainsabbey-pc.gov.uk,
fourmarksparishcouncil.gov.uk,
fovantparishcouncil.gov.uk,
foweytowncouncil.gov.uk,Fowey Town Council
fowlmereparishcouncil.gov.uk,
fownhopeparishcouncil.gov.uk,
foxearthandliston-pc.gov.uk,
foxholeswithbutterwickparishcouncil.gov.uk,
foxton-pc.gov.uk,
foxtonparishcouncil.gov.uk,
fradleyparishcouncil.gov.uk,
framinghamearlparishcouncil.gov.uk,
framptoncotterell-pc.gov.uk,
framptononsevern-pc.gov.uk,
framptonparish.gov.uk,
framptonparishcouncil.gov.uk,
framsdenparishcouncil.gov.uk,
framwellgatemoorparish.gov.uk,
frankleyparishcouncil.gov.uk,
franktonparishcouncil.gov.uk,
franshamparishcouncil.gov.uk,
frant-pc.gov.uk,
fratingparishcouncil.gov.uk,
freckenham-pc.gov.uk,
freelandparishcouncil.gov.uk,
freethorpe-pc.gov.uk,
freiston-pc.gov.uk,
fremingtonparishcouncil.gov.uk,Fremington
frensham-pc.gov.uk,
freshford-pc.gov.uk,
freshwater-parish.gov.uk,
fressingfield-pc.gov.uk,
frethernewithsaul-pc.gov.uk,
frettenham-pc.gov.uk,
fridaythorpeparishcouncil.gov.uk,
frilshamparish.gov.uk,
frindsburyextra-pc.gov.uk,Frindsbury Extra Parish Council
frintonandwaltontowncouncil.gov.uk,
frisby-pc.gov.uk,
friskneyparishcouncil.gov.uk,
fristonparishcouncil.gov.uk,
frittenden-pc.gov.uk,
frittonwithstolaves-pc.gov.uk,
frodsham.gov.uk,Frodsham Town Council
frogmoreandsherfordparish.gov.uk,
frometowncouncil.gov.uk,Frome Town Council
fromevalleyparishcouncil.gov.uk,
froxfieldparishcouncil.gov.uk,Froxfield
fsmsg-pc.gov.uk,
ftl-pc.gov.uk,
fulbournparishcouncil.gov.uk,
fulbrookparish.gov.uk,
fulbrookparishcouncil.gov.uk,
fulford-pc.gov.uk,
fulfordparishcouncil.gov.uk,
fulking-pc.gov.uk,
fullsuttonskirpenbeck-pc.gov.uk,
fulmervillageparish.gov.uk,
fulmodestonwithbarney-pc.gov.uk,
fulstowparishcouncil.gov.uk,
funtington-pc.gov.uk,
furneuxpelham-pc.gov.uk,
fyfieldparishcouncil.gov.uk,
fylde.gov.uk,Fylde Borough Council
gaddesbyparishcouncil.gov.uk,
gainsborough-tc.gov.uk,Gainsborough Town Council
gairloch-cc.gov.uk,
galleywoodparishcouncil.gov.uk,
gamlingay-pc.gov.uk,
gamstonwestdraytoneaton-pc.gov.uk,
garboldishamparishcouncil.gov.uk,
garsdaleparishcouncil.gov.uk,
garsingtonparishcouncil.gov.uk,
garstangtowncouncil.gov.uk,Garstang Town Council
gartononthewolds-pc.gov.uk,
garwayparishcouncil.gov.uk,
gateshead.gov.uk,Gateshead Metropolitan Borough Council
gawcottwithlenborough-pc.gov.uk,
gaydonparishcouncil.gov.uk,
gaytonparishcouncil.gov.uk,
gazeleyparishcouncil.gov.uk,
geddingtonparish.gov.uk,
gedling.gov.uk,Gedling Borough Council
gedney-pc.gov.uk,
gedneyhillparishcouncil.gov.uk,
geldestonparishcouncil.gov.uk,
georgehamparishcouncil.gov.uk,
germansweek-pc.gov.uk,
germoeparishcouncil.gov.uk,
gerrardscross.gov.uk,Gerrards Cross Parish Council
gestingthorpe-pc.gov.uk,
gg-pc.gov.uk,
gilberdykeparishcouncil.gov.uk,
gilcruxparishcouncil.gov.uk,
gildersomeparish.gov.uk,
gillingeast-pc.gov.uk,
gillinghamdorset-tc.gov.uk,Gillingham Town Council
gilmortonparishcouncil.gov.uk,
gimingham-pc.gov.uk,
girton-pc.gov.uk,
gislinghamparishcouncil.gov.uk,
gissingparishcouncil.gov.uk,
glanconwy-cc.gov.uk,
glanton-pc.gov.uk,
glapthornparishcouncil.gov.uk,
glapwell-pc.gov.uk,
glasgow.gov.uk,Glasgow City Council
glastonbury.gov.uk,Glastonbury Town Council
glemsford-pc.gov.uk,
glenfield-pc.gov.uk,
glentham-pc.gov.uk,
glentworth-pc.gov.uk,
glinton-pc.gov.uk,
gloscc.gov.uk,
glosfire.gov.uk,
gloucester.gov.uk,Gloucester City Council
gloucestershire-pcc.gov.uk,
gloucestershire.gov.uk,Gloucestershire County Council
gloucestershirealc.gov.uk,
glusburnandcrosshills-pc.gov.uk,
glyndebeddingham-pc.gov.uk,
glynneathtowncouncil.gov.uk,
gnosallparishcouncil.gov.uk,
gnqnparishcouncil.gov.uk,
goathlandparishcouncil.gov.uk,
goathurstparish.gov.uk,
godalming-tc.gov.uk,Godalming
godmanchester-tc.gov.uk,
godneyparishcouncil.gov.uk,
godshill-iow-parish.gov.uk,
godshillparishcouncil.gov.uk,
godstone-pc.gov.uk,
goldhangerparishcouncil.gov.uk,
goodeasterparishcouncil.gov.uk,
gooderstone-pc.gov.uk,
goodleighparishcouncil.gov.uk,
goodmanham-pc.gov.uk,
goodnestone-pc.gov.uk,
goodrichandwelshbicknor-pc.gov.uk,
goodworthclatford-pc.gov.uk,
goole-tc.gov.uk,Goole Town Council
goostreyparishcouncil.gov.uk,
goringheathparishcouncil.gov.uk,
goringparishcouncil.gov.uk,
gorseinontowncouncil.gov.uk,Gorseinon Town Council
gorslascommunitycouncil.gov.uk,
gorsleykilcot-pc.gov.uk,
gosbeckparishcouncil.gov.uk,
gosberton-pc.gov.uk,
gosfordandwatereaton-pc.gov.uk,Gosford and Water Eaton Parish Council
gosport.gov.uk,Gosport Borough Council
goudhurst-pc.gov.uk,
grade-ruan-pc.gov.uk,
graffham-pc.gov.uk,
graftonunderwood-pc.gov.uk,
grampian-vjb.gov.uk,
grampound-pc.gov.uk,
grandboroughparishcouncil.gov.uk,
grangeoversandstowncouncil.gov.uk,
grangepark-pc.gov.uk,
grantleyandsawley-pc.gov.uk,
grassingtonparishcouncil.gov.uk,
grassmoorhw-pc.gov.uk,
graveneywithgoodnestone-pc.gov.uk,
gravenhurst-pc.gov.uk,
gravesham.gov.uk,Gravesham Borough Council
grayshott-pc.gov.uk,
greasleyparishcouncil.gov.uk,
great-aycliffe.gov.uk,Great Aycliffe Town Council
great-mongeham-pc.gov.uk,
great-torringtontowncouncil.gov.uk,Great Torrington Town Council
great-yarmouth.gov.uk,Great Yarmouth Borough Council
greataddingtonparishcouncil.gov.uk,
greatalne-pc.gov.uk,Great Alne
greatamwellparishcouncil.gov.uk,
greatandlittlegidding-pc.gov.uk,
greatandlittlehampdenparishcouncil.gov.uk,
greatandlittleplumstead-pc.gov.uk,
greatandlittlepreston-pc.gov.uk,
greatbaddowparishcouncil.gov.uk,
greatbardfield-pc.gov.uk,Great Bardfield Parish Council
greatbarfordparishcouncil.gov.uk,
greatbarton-pc.gov.uk,
greatbealingsparishcouncil.gov.uk,
greatbedwyn-pc.gov.uk,Great Bedwyn
greatbentleyparishcouncil.gov.uk,
greatblakenhamparishcouncil.gov.uk,
greatboughtonparishcouncil.gov.uk,
greatbraxtedparishcouncil.gov.uk,
greatbricett-pc.gov.uk,
greatbrickhillparishcouncil.gov.uk,
greatbromleyparishcouncil.gov.uk,
greatbudworth-pc.gov.uk,
greatcanfieldparishcouncil.gov.uk,
greatchartsingleton-pc.gov.uk,
greatchesterfordparishcouncil.gov.uk,
greatcoates-pc.gov.uk,
greatcomberton-pc.gov.uk,
greatcoxwell-pc.gov.uk,
greatcransleyparishcouncil.gov.uk,
greatdenhamparishcouncil.gov.uk,
greatdoddington-pc.gov.uk,
greatdunmow-tc.gov.uk,Great Dunmow Town Council
greateccleston-pc.gov.uk,
greatellingham-pc.gov.uk,
greateressex-cca.gov.uk,
greaterlincolnshire-cca.gov.uk,
greatermanchester-ca.gov.uk,Places for Everyone
greatfinborough-pc.gov.uk,
greatgaddesden-pc.gov.uk,
greatglemham-pc.gov.uk,
greatglen-pc.gov.uk,
greatgonerbyparish.gov.uk,
greatgransden-pc.gov.uk,
greathaleparishcouncil.gov.uk,
greathallingburyparishcouncil.gov.uk,
greathanwood-pc.gov.uk,
greathaseleyparishcouncil.gov.uk,
greathintonparishcouncil.gov.uk,
greathorkesley-pc.gov.uk,
greathorwoodparishcouncil.gov.uk,
greathoughton-pc.gov.uk,
greatlimberparishcouncil.gov.uk,
greatlivermere-pc.gov.uk,
greatlongstone-pc.gov.uk,
greatlumleyparish.gov.uk,
greatmaplestead-pc.gov.uk,
greatmarlowparishcouncil.gov.uk,
greatmassingham-pc.gov.uk,
greatmeltonparish.gov.uk,
greatmilton-pc.gov.uk,
greatmoulton-pc.gov.uk,
greatmundenparishcouncil.gov.uk,
greatnesslittleness-pc.gov.uk,
greatnotleyparishcouncil.gov.uk,
greatoakleyparishcouncil.gov.uk,
greatoldbury-pc.gov.uk,Great Oldbury
greatouseburn-pc.gov.uk,
greatoxendonparishcouncil.gov.uk,
greatpaxton-pc.gov.uk,
greatsheffordparish.gov.uk,
greatshelfordparishcouncil.gov.uk,
greatsnoringparishcouncil.gov.uk,
greatwakering-pc.gov.uk,
greatwilbrahamparishcouncil.gov.uk,
greatwishford-pc.gov.uk,
greatwitchinghamparishcouncil.gov.uk,
greatwitleyandhillhampton-pc.gov.uk,
greatworthparishcouncil.gov.uk,
greatwyrleyparishcouncil.gov.uk,Great Wyrley Parish Council
greatyeldham-pc.gov.uk,
greencroftparish.gov.uk,
greenhalgh-pc.gov.uk,
greenham.gov.uk,Greenham Parish Council
greenhammerton-pc.gov.uk,
greenhead-pc.gov.uk,
greensnortonparishcouncil.gov.uk,
greensteadgreenandhalsteadrural-pc.gov.uk,
greenwich.gov.uk,Royal Borough of Greenwich
greethamparishcouncil.gov.uk,
greetwellparishcouncil.gov.uk,
grendon-pc.gov.uk,
grendonparishcouncil.gov.uk,
gresfordcommunitycouncil.gov.uk,
grettonparishcouncil.gov.uk,
grewelthorpe-pc.gov.uk,
greystoke-pc.gov.uk,
greywellparish.gov.uk,
grimley-pc.gov.uk,
grimoldbyandmanbyparishcouncil.gov.uk,
grimsargh-pc.gov.uk,
grimstead-pc.gov.uk,
grimston-pc.gov.uk,
grimstonparishcouncil.gov.uk,
grindlefordparishcouncil.gov.uk,
grindonparishcouncil.gov.uk,
gringleyparishcouncil.gov.uk,
grinshillparishcouncil.gov.uk,
grinton-pc.gov.uk,
gristhorpelebberstonparishcouncil.gov.uk,
griston-pc.gov.uk,
grittletonparishcouncil.gov.uk,
grobyparishcouncil.gov.uk,
grosmontparishcouncil.gov.uk,
grove-oxon-pc.gov.uk,
gtstaughtonparishcouncil.gov.uk,
gtwaltham-pc.gov.uk,
guarlfordparishcouncil.gov.uk,
guestling-pc.gov.uk,
guildford.gov.uk,Guildford Borough Council
guilsborough-pc.gov.uk,
guisboroughtowncouncil.gov.uk,
guistparishcouncil.gov.uk,
guitingpower-pc.gov.uk,
gulworthyparishcouncil.gov.uk,
gunnessparishcouncil.gov.uk,
gunthorpeparishcouncil.gov.uk,
gunthorpewithbale-pc.gov.uk,
gunthwaiteingbirchworth-pc.gov.uk,
gurnardparishcouncil.gov.uk,
guston-pc.gov.uk,
gweekparishcouncil.gov.uk,
gwennap-pc.gov.uk,
gwersylltcommunitycouncil.gov.uk,
habroughparishcouncil.gov.uk,
haccombewithcombe-pc.gov.uk,
hacheston-pc.gov.uk,
hackington-pc.gov.uk,
hackletonparishcouncil.gov.uk,
hacknessgroup-pc.gov.uk,
hackney.gov.uk,Hackney London Borough Council
hackthorn-pc.gov.uk,
haconbyandstainfield-pc.gov.uk,
haddenham-bucks-pc.gov.uk,Haddenham
haddenham-pc.gov.uk,
hadleightowncouncil.gov.uk,
hadleyleegomery-pc.gov.uk,
hadlowdown-pc.gov.uk,
hadnallparishcouncil.gov.uk,
hagleyparishcouncil.gov.uk,Hagley Parish Council
haigh-pc.gov.uk,
haighton-pc.gov.uk,
haileyparishcouncil.gov.uk,
hailsham-tc.gov.uk,Hailsham Town Council
hailwestonparish.gov.uk,
hainfordparishcouncil.gov.uk,
halam-pc.gov.uk,
halbertonparishcouncil.gov.uk,
halebankparishcouncil.gov.uk,
haleparishcouncil.gov.uk,
halesandheckingham-pc.gov.uk,
halesworthtowncouncil.gov.uk,
halewoodtowncouncil.gov.uk,Halewood Town Council
hallaton-pc.gov.uk,
halling-pc.gov.uk,
hallowparishcouncil.gov.uk,
halsallparish.gov.uk,
halseparishcouncil.gov.uk,
halsteadparishcouncil.gov.uk,
halsteadtowncouncil.gov.uk,
halton-pc.gov.uk,
halton.gov.uk,Halton Borough Council
haltonwithaughton-pc.gov.uk,
haltwhistletowncouncil.gov.uk,
halwillparishcouncil.gov.uk,
hambledon-pc.gov.uk,
hambleparishcouncil.gov.uk,
hambleton-pc.gov.uk,
hambleton.gov.uk,Hambleton District Council
hambridgeandwestport-pc.gov.uk,
hamfallow-pc.gov.uk,
hammerwich-pc.gov.uk,
hampshire-pcc.gov.uk,
hampsteadnorreysparishcouncil.gov.uk,
hampton-pc.gov.uk,
hamptonbishopparishcouncil.gov.uk,
hamptonhargateandvale-pc.gov.uk,
hamptoninardenparish.gov.uk,
hamptonlovettwestwood-pc.gov.uk,
hamseyparish.gov.uk,
hanborough-pc.gov.uk,
hanburyparishcouncil.gov.uk,
handforthtowncouncil.gov.uk,
handw-pc.gov.uk,
hanham-pc.gov.uk,
hanhamabbots-pc.gov.uk,
hankerton-pc.gov.uk,
hanleycastleparish.gov.uk,
hanleyparishcouncil.gov.uk,
hannington-hants-pc.gov.uk,
hannington-northants-parishcouncil.gov.uk,
hanningtonparishcouncil.gov.uk,Hannington
hanslopeparishcouncil.gov.uk,
hants.gov.uk,Hampshire County Council
hantsandsolent-ca.gov.uk,
hantsfire.gov.uk,
hantsweb.gov.uk,Romsey
happisburgh-pc.gov.uk,
harbledown-pc.gov.uk,
harborough.gov.uk,Harborough District Council
harbury-pc.gov.uk,Harbury
harbyparishcouncil.gov.uk,
hardenvillagecouncil.gov.uk,
hardinghamparishcouncil.gov.uk,
hardingstoneparishcouncil.gov.uk,
hardwick-pc.gov.uk,
hardwickepc.gov.uk,
hardwickparish.gov.uk,
harescombe-pc.gov.uk,
haresfieldparishcouncil.gov.uk,
harewoodparishcouncil.gov.uk,
hargravehuxleyparishcouncil.gov.uk,
hargraveparishcouncil.gov.uk,
hargravesuffolk-pc.gov.uk,
haringey.gov.uk,Haringey London Borough Council
harleston-tc.gov.uk,Redenhall with Harleston Town Council
harlingparish.gov.uk,
harlington-pc.gov.uk,Harlington Parish Council
harlow.gov.uk,Harlow District Council
harltonparish.gov.uk,
harpc.gov.uk,
harpenden.gov.uk,Harpenden Town Council
harpley-pc.gov.uk,
harpole-pc.gov.uk,
harrietshamparishcouncil.gov.uk,
harrington-pc.gov.uk,
harrogate.gov.uk,Harrogate Borough Council
harrogatetowncouncil.gov.uk,
harroldparishcouncil.gov.uk,
harrow.gov.uk,Harrow London Borough Council
harstonparishcouncil.gov.uk,
hart.gov.uk,Hart District Council
hartburnparishcouncil.gov.uk,
hartfield-pc.gov.uk,
harthillwithwoodall-pc.gov.uk,
harting-pc.gov.uk,
hartingtonuq-pc.gov.uk,
hartlandparishcouncil.gov.uk,
hartlebury-pc.gov.uk,
hartlepool.gov.uk,Hartlepool Borough Council
hartleyparishcouncil.gov.uk,
hartleywespall-pc.gov.uk,
hartleywintney-pc.gov.uk,
hartlippc.gov.uk,
hartpury-pc.gov.uk,
hartshill-pc.gov.uk,
hartshorne-pc.gov.uk,
hartwellparishcouncil.gov.uk,
hartwithcumwinsley-pc.gov.uk,
harvington-pc.gov.uk,
harwellparish.gov.uk,
harwichtowncouncil.gov.uk,
hascombeparish.gov.uk,
haselburyplucknettparish.gov.uk,
haselorparish.gov.uk,
hasketonparishcouncil.gov.uk,
haslemere-tc.gov.uk,
haslingfieldparishcouncil.gov.uk,
haslingtonparishcouncil.gov.uk,
hassocks-pc.gov.uk,
hastingleighparishcouncil.gov.uk,
hastings.gov.uk,Hastings Borough Council
haswellparishcouncil.gov.uk,
hatfield-districtgroup-pc.gov.uk,
hatfield-herts.gov.uk,Hatfield Town Council
hatfield-tc.gov.uk,
hatfieldbroadoakpc.gov.uk,
hatfieldheath-pc.gov.uk,
hathernparishcouncil.gov.uk,
hathersageparishcouncil.gov.uk,
hathertonparish.gov.uk,
hatley-pc.gov.uk,
hatton-pc.gov.uk,
hattonparish.gov.uk,
haughtonparishcouncil.gov.uk,
hauxley-pc.gov.uk,
havant.gov.uk,Havant Borough Council
havenstreetandasheyparish.gov.uk,
havercroftcoldhiendley-pc.gov.uk,
haverfordwest-tc.gov.uk,
haverhill-tc.gov.uk,
havering.gov.uk,Havering London Borough Council
havershamlittlelinfordpc.gov.uk,
haverthwaite-pc.gov.uk,
hawardencommunitycouncil.gov.uk,
hawkesbury-pc.gov.uk,
hawkhurst-pc.gov.uk,
hawkinge-tc.gov.uk,
hawkley-pc.gov.uk,
hawkwellparishcouncil.gov.uk,
haworthwithstanburyvillagecouncil.gov.uk,
hawskercumstainsacre-pc.gov.uk,
hawstead-pc.gov.uk,
haxbytowncouncil.gov.uk,Haxby Town Council
haxeyparishcouncil.gov.uk,
haydonwick.gov.uk,Haydon Wick
hayfield-pc.gov.uk,Hayfield Parish Council
hayletowncouncil.gov.uk,
haynes-pc.gov.uk,
hayton-pc.gov.uk,
haytonandmealo-pc.gov.uk,
haytonburnbyparishcouncil.gov.uk,
haytowncouncil.gov.uk,
haywardsheath.gov.uk,Haywards Heath Town Council
hazelwoodparishcouncil.gov.uk,
hazlemereparishcouncil.gov.uk,
hazleriggparishcouncil.gov.uk,
heacham-pc.gov.uk,
headlandparish.gov.uk,
headley-pc.gov.uk,
headleyparish.gov.uk,
healaughandcatterton-pc.gov.uk,
healeyfieldparishcouncil.gov.uk,
healingparishcouncil.gov.uk,
heanorloscoetowncouncil.gov.uk,Heanor and Loscoe Town Council
heantonparishcouncil.gov.uk,
heapey-pc.gov.uk,
heathandholmewood-pc.gov.uk,
heathcharnock-pc.gov.uk,
hebdenparishcouncil.gov.uk,
hebdenroydtowncouncil.gov.uk,
heckfieldparishcouncil.gov.uk,
heckingtonparishcouncil.gov.uk,
heddington-pc.gov.uk,
heddonparish.gov.uk,
hedgeend-tc.gov.uk,Hedge End Town Council
hedgerleyparishcouncil.gov.uk,
hedleyhopeparishcouncil.gov.uk,
hednesford-tc.gov.uk,Hednesford Town Council
hedon.gov.uk,Hedon Town Council
heighington-pc.gov.uk,
helhoughtonparishcouncil.gov.uk,
helionsbumpsteadparishcouncil.gov.uk,Helions Bumpstead
hellabyparishcouncil.gov.uk,
hellesdon-pc.gov.uk,
hellingly-pc.gov.uk,
helmdonparishcouncil.gov.uk,
helminghamparishcouncil.gov.uk,
helmsleygu-pc.gov.uk,
helmsleytowncouncil.gov.uk,
helpringhamparishcouncil.gov.uk,
helpston-pc.gov.uk,
helsbyparishcouncil.gov.uk,
helsington-pc.gov.uk,
helston-tc.gov.uk,Helston Town Council
hemingfordabbotsparishcouncil.gov.uk,
hemingfordgreyparishcouncil.gov.uk,
hemingstone-pc.gov.uk,
hemingtonluddingtonthurning-pc.gov.uk,
hemlock-pc.gov.uk,
hempstead-pc.gov.uk,
hempton-pc.gov.uk,
hemsbyparishcouncil.gov.uk,
hemyockparish.gov.uk,
henfield.gov.uk,Henfield Parish Council
henham-pc.gov.uk,
henley-in-arden-pc.gov.uk,
henley-pc.gov.uk,
henleytowncouncil.gov.uk,Henley on Thames Town Council
henlow-pc.gov.uk,Henlow Parish Council
hennockparishcouncil.gov.uk,
hensallparishcouncil.gov.uk,
henshawparishcouncil.gov.uk,
hensteadwithhulverstreet-pc.gov.uk,
henstridge-pc.gov.uk,
heppleparishcouncil.gov.uk,
hepscottparishcouncil.gov.uk,
hepworth-pc.gov.uk,
herefordcitycouncil.gov.uk,Hereford City Council
herefordshire.gov.uk,Herefordshire Council
hermitageparishcouncil.gov.uk,
herneandbroomfield-pc.gov.uk,
hernhill-pc.gov.uk,
herriard-pc.gov.uk,Herriard
hersden-pc.gov.uk,
herstmonceux-pc.gov.uk,
hertford.gov.uk,Hertford Town Council
hertfordheathparishcouncil.gov.uk,
hertfordshire.gov.uk,Hertfordshire County Council
hertingfordbury-pc.gov.uk,
herts-pcc.gov.uk,
hertscc.gov.uk,
hertsfire.gov.uk,
hertsmere.gov.uk,Hertsmere Borough Council
heslingtonparishcouncil.gov.uk,
hessayparishcouncil.gov.uk,
hessettparishcouncil.gov.uk,
hessletowncouncil.gov.uk,Hessle Town Council
hethersettparishcouncil.gov.uk,
hettontowncouncil.gov.uk,
heveninghamparishcouncil.gov.uk,
heversham-pc.gov.uk,
hevinghamparishcouncil.gov.uk,
hewelsfieldandbrockweirparish.gov.uk,
hewickandhuttonparish.gov.uk,
heworthwithoutparishcouncil.gov.uk,
hexhamtowncouncil.gov.uk,Hexham Town Council
hextable-pc.gov.uk,
heybridgebasin-pc.gov.uk,
heybridgeparishcouncil.gov.uk,Heybridge Parish Council
heydonparishcouncil.gov.uk,
heydour-aisby-oasby-pc.gov.uk,
heyfordpark-pc.gov.uk,
heyshottparishcouncil.gov.uk,
hfspgroupparishcouncil.gov.uk,
hhandw-pc.gov.uk,
hhstparishcouncil.gov.uk,
hibaldstowparishcouncil.gov.uk,
hickling-pc.gov.uk,
hicklingparishcouncil.gov.uk,
higham-kent-pc.gov.uk,
highamferrers-tc.gov.uk,Higham Ferrers Town Council
highamonthehill-pc.gov.uk,
highamptonparishcouncil.gov.uk,
highclere-pc.gov.uk,
highcliffewalkford-pc.gov.uk,
higherhurdsfield-pc.gov.uk,
highhaldenparishcouncil.gov.uk,
highhalstow-pc.gov.uk,
highhamparishcouncil.gov.uk,
highkellingparishcouncil.gov.uk,
highland.gov.uk,The Highland Council
highleghparishcouncil.gov.uk,High Legh Parish Council
highleyparish.gov.uk,
highmoorparishcouncil.gov.uk,
highnamparishcouncil.gov.uk,
highoffleyparishcouncil.gov.uk,
highongar-pc.gov.uk,
highpeak.gov.uk,High Peak Borough Council
highstoyparishcouncil.gov.uk,
hightownparishcouncil.gov.uk,
highworthtowncouncil.gov.uk,Highworth Town Council
highwychparishcouncil.gov.uk,
hildenboroughparishcouncil.gov.uk,
hilderstone-pc.gov.uk,
hilgayparishcouncil.gov.uk,
hillamparishcouncil.gov.uk,
hillcroomeparishcouncil.gov.uk,
hilldaleparishcouncil.gov.uk,
hillesden-pc.gov.uk,
hillingdon.gov.uk,Hillingdon London Borough Council
hillington-pc.gov.uk,
hilperton-pc.gov.uk,
hilton-pc.gov.uk,
hiltonparishcouncil.gov.uk,
himleyparishcouncil.gov.uk,
hinckley-bosworth.gov.uk,Hinckley and Bosworth Borough Council
hinderclayparishcouncil.gov.uk,
hinderwellparishcouncil.gov.uk,
hindolvestonparishcouncil.gov.uk,
hindon-pc.gov.uk,
hinghamtowncouncil.gov.uk,
hinstock-pc.gov.uk,
hintleshamandchattisham-pc.gov.uk,
hinton-pc.gov.uk,
hintonandastonsomerville-pc.gov.uk,
hintoncharterhouse-pc.gov.uk,
hintonwaldrist-pc.gov.uk,
hintswithcanwellparishcouncil.gov.uk,
hinxton-pc.gov.uk,
hipswell-pc.gov.uk,
hisimp-pc.gov.uk,
hitcham-pc.gov.uk,
hittisleighparishcouncil.gov.uk,
hlandntparishcouncil.gov.uk,
hmhs-parishcouncil.gov.uk,
hmqparishcouncil.gov.uk,
hoarcrossparishcouncil.gov.uk,
hoathparishcouncil.gov.uk,
hobywithrotherbyparish.gov.uk,
hockering-pc.gov.uk,
hockertonparish.gov.uk,
hockhamparish.gov.uk,
hockley-essex.gov.uk,Hockley
hockleyheathparishcouncil.gov.uk,
hockwoldcumwiltonparishcouncil.gov.uk,
hodnet-pc.gov.uk,
hodsock-pc.gov.uk,
hodthorpeandbelph-pc.gov.uk,
hoghton-pc.gov.uk,
hognastonparishcouncil.gov.uk,
hogsthorpeparishcouncil.gov.uk,
holbeton-pc.gov.uk,
holbrookderbyshireparish.gov.uk,
holbrookparishcouncil.gov.uk,
holcombeburnellparishcouncil.gov.uk,
holcomberogus-pc.gov.uk,
holcombesomerset-pc.gov.uk,
holcot-pc.gov.uk,
holford-pc.gov.uk,
hollandfenwithbrothertoft-pc.gov.uk,
hollesley-pc.gov.uk,
hollowellandteeton-pc.gov.uk,
hollym-pc.gov.uk,
holme-westmorland-pc.gov.uk,
holmeabbey-pc.gov.uk,
holmehaleparishcouncil.gov.uk,
holmenextthesea-pc.gov.uk,
holmeparishcouncil.gov.uk,
holmer-shelwick-pc.gov.uk,
holmeschapelparishcouncil.gov.uk,Holmes Chapel Parish Council
holmesfieldparishcouncil.gov.uk,
holmevalleyparishcouncil.gov.uk,Holme Valley
holmptonparishcouncil.gov.uk,
holmwoodparishcouncil.gov.uk,
holneparishcouncil.gov.uk,
holsworthyhamletsparishcouncil.gov.uk,
holsworthytowncouncil.gov.uk,Holsworthy Town Council
holt-dorset-pc.gov.uk,
holt-worcestershire-pc.gov.uk,
holtcommunitycouncil.gov.uk,
holtonleclayparishcouncil.gov.uk,
holtonoxford-pc.gov.uk,
holtonparishcouncil.gov.uk,
holtonstmary-pc.gov.uk,
holtparishcouncil.gov.uk,Holt
holttowncouncil.gov.uk,
holwell-pc.gov.uk,
holwellparishcouncil.gov.uk,
holybrook-pc.gov.uk,
holymoorsideandwalton-pc.gov.uk,
holywell-cum-needingworth-pc.gov.uk,
homersfield-pc.gov.uk,
honeybourne-pc.gov.uk,
honingparishcouncil.gov.uk,
honiton.gov.uk,Honiton Town Council
hooandchattenden-pc.gov.uk,
hooe-pc.gov.uk,
hook.gov.uk,Hook
hookcommunitycouncil.gov.uk,
hookeparishmeeting.gov.uk,
hookparishcouncil.gov.uk,
hoosaintwerburgh-pc.gov.uk,Hoo St Werburgh
hoostwerburghparishcouncil.gov.uk,
hootonpagnell-pc.gov.uk,
hopesayparishcouncil.gov.uk,
hopeunderdinmore-newton-gpc.gov.uk,
hopewithastonparishcouncil.gov.uk,
hoptonandcotonparishcouncil.gov.uk,
hoptoncumknettishall-pc.gov.uk,
horamparishcouncil.gov.uk,
horden-pc.gov.uk,
hordleparishcouncil.gov.uk,
hordley-pc.gov.uk,
horhamathelington-pc.gov.uk,
horleyparishcouncil.gov.uk,
horleysurrey-tc.gov.uk,Horley Town Council
horncliffeparishcouncil.gov.uk,
horndeanpc-hants.gov.uk,Horndean Parish Council
horneparishcouncil.gov.uk,
horninglowandeton-pc.gov.uk,
horningparishcouncil.gov.uk,
horningsea-pc.gov.uk,
horningshamparishcouncil.gov.uk,Horningsham
horningtoftparishcouncil.gov.uk,
hornsea.gov.uk,Hornsea Town Council
hornton-pc.gov.uk,
horrabridge-pc.gov.uk,
horringer-pc.gov.uk,
horseheath-pc.gov.uk,
horsford-pc.gov.uk,
horsforthtowncouncil.gov.uk,Horsforth Town Council
horsham.gov.uk,Horsham District Council
horshamtowncouncil.gov.uk,
horsingtonparishcouncil.gov.uk,
horsley-pc.gov.uk,
horsleyparish.gov.uk,
horsleyparishcouncil.gov.uk,
horsmonden-pc.gov.uk,
horstead-pc.gov.uk,
horstedkeynes-pc.gov.uk,
horton-pc.gov.uk,
horton-somerset-pc.gov.uk,
hortoninribblesdale-pc.gov.uk,
hortonkirbysouthdarenthparishcouncil.gov.uk,
hortonparishcouncil.gov.uk,
horwich.gov.uk,Horwich Town Council
hotonparishcouncil.gov.uk,
houghamparishcouncil.gov.uk,
houghamwithout-pc.gov.uk,
houghandchorlton-pc.gov.uk,Hough and Chorlton
houghton-pc.gov.uk,
houghtonconquest-pc.gov.uk,
houghtonregis-tc.gov.uk,
houghtonwytonparishcouncil.gov.uk,
houndparishcouncil.gov.uk,
hounslow.gov.uk,Hounslow London Borough Council
hoveringhamparishcouncil.gov.uk,
hoveton-cc.gov.uk,
howcaplegroup-pc.gov.uk,
howden-tc.gov.uk,
hoxneparishcouncil.gov.uk,
hpg-pc.gov.uk,
hucclecotepc.gov.uk,
hucklow-pc.gov.uk,
hudswell-pc.gov.uk,
hughenden-pc.gov.uk,
hugsparishcouncil.gov.uk,
huishepiscopi-pc.gov.uk,
hullandeastyorkshire.gov.uk,
hullandwardparishcouncil.gov.uk,
hullavington-pc.gov.uk,
hullbridge-pc.gov.uk,
hullcc.gov.uk,Hull City Council
hulmewalfieldandsomerfordbooths-pc.gov.uk,
humberside-pcc.gov.uk,
humbersidefire.gov.uk,
humberstonvillagecouncil.gov.uk,
humshaughparish.gov.uk,
huncote-pc.gov.uk,
hundlebyparishcouncil.gov.uk,
hungerford-tc.gov.uk,Hungerford Town Council
hunmanbyparishcouncil.gov.uk,
hunningtonparishcouncil.gov.uk,
hunsburymeadowspc.gov.uk,
hunsdonparishcouncil.gov.uk,
hunstantontowncouncil.gov.uk,Hunstanton Town Council
hunstonparishcouncil.gov.uk,
huntingdonshire.gov.uk,Huntingdonshire District Council
huntingdontown.gov.uk,Huntingdon Town Council
huntingfieldparishcouncil.gov.uk,
huntington-pc.gov.uk,
huntingtonparishcouncil.gov.uk,
huntleyparishcouncil.gov.uk,
huntonparishcouncil.gov.uk,
huntsdc.gov.uk,Huntingdonshire
huntsgrove-pc.gov.uk,
hurnparishcouncil.gov.uk,
hursleyparishcouncil.gov.uk,
hurstbournetarrant-pc.gov.uk,
hurstgreen-pc.gov.uk,
hurstparishcouncil.gov.uk,
hurstpierpoint-pc.gov.uk,
hurworthparishcouncil.gov.uk,
husthwaite-pc.gov.uk,
huttoftparishcouncil.gov.uk,
hutton-pc.gov.uk,
huttonbuscelparishcouncil.gov.uk,
huttoncranswickpc.gov.uk,
huttonlehole-pc.gov.uk,
huttonparish.gov.uk,
huttonparishcouncil.gov.uk,
huttonroof-pc.gov.uk,
hw-pc.gov.uk,
hyde-pc.gov.uk,
hyndburnbc.gov.uk,Hyndburn Borough Council
hythe-tc.gov.uk,Hythe Town Council
ibbertonparishcouncil.gov.uk,
ibstockparishcouncil.gov.uk,
ickford-pc.gov.uk,
ickhamandwell-pc.gov.uk,
ickleford-pc.gov.uk,
icklesham-pc.gov.uk,
icklinghamparish.gov.uk,
iden-pc.gov.uk,
idmiston-pc.gov.uk,
idridgehayaltonashleyhay-pc.gov.uk,
ightfieldparishcouncil.gov.uk,
ighthamparishcouncil.gov.uk,
ilchesterparishcouncil.gov.uk,
ilfracombetowncouncil.gov.uk,Ilfracombe Town Council
ilketshallstandrew-pc.gov.uk,
ilkleytowncouncil.gov.uk,
illoganparishcouncil.gov.uk,Illogan Parish Council
ilmington-pc.gov.uk,
ilminster.gov.uk,Ilminster Town Council
iltonparishcouncil.gov.uk,
immingham-tc.gov.uk,Immingham Town Council
inceparishcouncil.gov.uk,
ingatestone-fryerningpc.gov.uk,Ingatestone and Fryerning Parish Council
ingestrewithtixall-pc.gov.uk,
inghamparishcouncil.gov.uk,
inglebyarncliffe-pc.gov.uk,
inglebybarwick-tc.gov.uk,
ingletonparish.gov.uk,
ingletonparishcouncil.gov.uk,
ingoldisthorpe-pc.gov.uk,
ingoldmells-pc.gov.uk,
ingoldsbyparishcouncil.gov.uk,
ingworthparishcouncil.gov.uk,
innsworthparishcouncil.gov.uk,
instowparishcouncil.gov.uk,
inverclyde.gov.uk,Inverclyde Council
iow.gov.uk,Isle of Wight Council
ipplepenparishcouncil.gov.uk,
ipstonesparishcouncil.gov.uk,
ipswich.gov.uk,Ipswich Borough Council
irbyparishcouncil.gov.uk,
irchesterparishcouncil.gov.uk,
ireby-and-uldale-pc.gov.uk,
irebywithleck-pc.gov.uk,
ironacton-pc.gov.uk,
ironvilleparishcouncil.gov.uk,
irthington-pc.gov.uk,
irthlingborough-tc.gov.uk,Irthlingborough Town Council
irtonparishcouncil.gov.uk,
isfieldparishcouncil.gov.uk,
isle-abbotts-pc.gov.uk,
islehamparish.gov.uk,
islington.gov.uk,Islington London Borough Council
islipparish.gov.uk,
islipparishcouncil.gov.uk,
isycoedcommunitycouncil.gov.uk,
itchenstokeandovington-pc.gov.uk,
itchenvalleyparishcouncil.gov.uk,
itchingfieldparishcouncil.gov.uk,Itchingfield
iverparishcouncil.gov.uk,Iver Parish Council
iversparishcouncil.gov.uk,
ivinghoe-pc.gov.uk,
ivybridge.gov.uk,Ivybridge Town Council
ivychurch-pc.gov.uk,
iwade-pc.gov.uk,
iwerneminsterparishcouncil.gov.uk,
ixworthparishcouncil.gov.uk,
jeffreystoncommunitycouncil.gov.uk,
johnston-cc.gov.uk,
kandf-pc.gov.uk,
kbs-parishcouncil.gov.uk,
kce-pc.gov.uk,
keelbyparishcouncil.gov.uk,
keeleparish.gov.uk,
keevilparishcouncil.gov.uk,
kegworthparishcouncil.gov.uk,
keighley.gov.uk,Keighley Town Council
keintonmandevilleparishcouncil.gov.uk,
kelbrookandsough-pc.gov.uk,
kelfieldparishcouncil.gov.uk,
kellingparishcouncil.gov.uk,
kellington-pc.gov.uk,
kelsalecumcarlton-pc.gov.uk,
kelvedonhatch-pc.gov.uk,Kelvedon Hatch Parish Council
kelvedonparishcouncil.gov.uk,
kembertonparishcouncil.gov.uk,
kembleandewen-pc.gov.uk,
kemertonparishcouncil.gov.uk,
kempseyparishcouncil.gov.uk,
kempsfordparishcouncil.gov.uk,
kempston-tc.gov.uk,Kempston Town Council
kempstonrural-pc.gov.uk,
kemsingparishcouncil.gov.uk,
kenardington-pc.gov.uk,
kendaltowncouncil.gov.uk,Kendal Town Council
kenilworth-tc.gov.uk,
kenn-pc.gov.uk,
kennett-pc.gov.uk,
kenninghallparishcouncil.gov.uk,
kennington-pc.gov.uk,
kenningtoncc.gov.uk,
kennparishcouncil.gov.uk,
kensworthparishcouncil.gov.uk,
kent-pcc.gov.uk,
kent.gov.uk,Kent County Council
kentalc.gov.uk,
kentandessex-ifca.gov.uk,
kentchurchparishcouncil.gov.uk,
kentford-pc.gov.uk,
kentonparishcouncil.gov.uk,
kenwynparishcouncil.gov.uk,
keresley-pc.gov.uk,
kerrier.gov.uk,Kerrier
kerrycommunitycouncil.gov.uk,
kerseyparish.gov.uk,
kesgravetowncouncil.gov.uk,
kessinglandparishcouncil.gov.uk,
keswickandintwood-pc.gov.uk,
keswicktowncouncil.gov.uk,Keswick Town Council
ketleyparishcouncil.gov.uk,
kettering.gov.uk,Kettering Borough Council
ketteringtowncouncil.gov.uk,
kettleburgh-pc.gov.uk,
kettleshulmeparishcouncil.gov.uk,
kettlestoneparishcouncil.gov.uk,
kettlethorpe-pc.gov.uk,
ketton-pc.gov.uk,
kewstokeparishcouncil.gov.uk,
kexby-pc.gov.uk,
keynsham-tc.gov.uk,Keynsham Town Council
keyworthparishcouncil.gov.uk,
kh-pc.gov.uk,
khm-pc.gov.uk,
kibworthbeauchamp-pc.gov.uk,
kidderminster-tc.gov.uk,
kidderminsterforeign-pc.gov.uk,
kidderminstertowncouncil.gov.uk,
kidlington-pc.gov.uk,Kidlington Parish Council
kidlingtontowncouncil.gov.uk,
kidsgrovetowncouncil.gov.uk,Kidsgrove Town Council
kidwelly.gov.uk,Kidwelly
kielderparishcouncil.gov.uk,
kilburnparishcouncil.gov.uk,
kilburnyorkshire-pc.gov.uk,
kilbypc.gov.uk,
kilkhampton-pc.gov.uk,
killamarsh-pc.gov.uk,
killinghallparishcouncil.gov.uk,Killinghall Parish Council
kilmersdon-pc.gov.uk,
kilmestonparishcouncil.gov.uk,
kilmingtondevon-pc.gov.uk,
kilmingtonwiltshireparishcouncil.gov.uk,
kilpeckparishcouncil.gov.uk,
kilpinparish.gov.uk,
kilsby-pc.gov.uk,
kilve-pc.gov.uk,
kimberley-tc.gov.uk,
kimberleyandcarletonforehoe-pc.gov.uk,
kimbleparishcouncil.gov.uk,
kimboltonandstonely-pc.gov.uk,
kimcoteandwaltonparishcouncil.gov.uk,
kimpton-pc.gov.uk,
kimptonparishcouncil.gov.uk,
kineton-pc.gov.uk,
kingsbridge.gov.uk,Kingsbridge Town Council
kingsbromley-pc.gov.uk,
kingsbrook-pc.gov.uk,
kingsbury-pc.gov.uk,
kingsclere-pc.gov.uk,
kingscliffe-pc.gov.uk,
kingscoteparishcouncil.gov.uk,
kingsdon-pc.gov.uk,
kingshillparish.gov.uk,
kingshilltowncouncil.gov.uk,
kingskerswell-pc.gov.uk,
kingsland-pc.gov.uk,
kingslangley-pc.gov.uk,
kingsleyparish.gov.uk,
kingsleyparishcouncil.gov.uk,
kingsnewnhamparishmeeting.gov.uk,
kingsnorthparishcouncil.gov.uk,Kingsnorth Parish Council
kingssomborne-pc.gov.uk,
kingsstanleyparishcouncil.gov.uk,
kingssutton-pc.gov.uk,
kingsthorpe-pc.gov.uk,
kingston-pc.gov.uk,
kingston-wsx-pc.gov.uk,
kingston.gov.uk,Kingston upon Thames London Borough Council
kingstoneandthruxtongroup-pc.gov.uk,
kingstonkent-pc.gov.uk,
kingstonparishcouncil.gov.uk,
kingstonseymourparish.gov.uk,
kingswearparishcouncil.gov.uk,
kingswood-tc.gov.uk,
kingswoodparishcouncil.gov.uk,
kingsworthy-pc.gov.uk,
kingtonlangley-pc.gov.uk,
kingtonstmichaelparishcouncil.gov.uk,
kingtontowncouncil.gov.uk,Kington Town Council
kingwestonparishmeeting.gov.uk,
kinletparishcouncil.gov.uk,
kinnerleyparishcouncil.gov.uk,
kinnersleygroup-pc.gov.uk,
kinoultonparishcouncil.gov.uk,
kinrosscommunitycouncil.gov.uk,
kinver-pc.gov.uk,
kinwartonparishcouncil.gov.uk,
kiplinparish.gov.uk,
kippax-pc.gov.uk,
kirbybedon-pc.gov.uk,
kirbybellarsparishcouncil.gov.uk,
kirbyhillanddistrict-pc.gov.uk,
kirbymisperton-pc.gov.uk,
kirbymuxloe-pc.gov.uk,
kirbywiskeparishcouncil.gov.uk,
kirdford-pc.gov.uk,
kirkandrewsonesk-pc.gov.uk,
kirkbamptonparishcouncil.gov.uk,
kirkbrideparishcouncil.gov.uk,
kirkburnparishcouncil.gov.uk,
kirkburtonparishcouncil.gov.uk,
kirkbylathorpe-pc.gov.uk,
kirkbymoorsidetowncouncil.gov.uk,Kirkbymoorside Town Council
kirkdeightonparishcouncil.gov.uk,
kirkella-westella-pc.gov.uk,
kirkhammerton-pc.gov.uk,
kirkhamtowncouncil.gov.uk,
kirkiretonparishcouncil.gov.uk,
kirklangleyparishcouncil.gov.uk,
kirklees.gov.uk,Kirklees Metropolitan Borough Council
kirklingtonparishcouncil.gov.uk,
kirklintonparishcouncil.gov.uk,
kirknewtonparishcouncil.gov.uk,
kirkoswald-pc.gov.uk,
kirksmeatonparishcouncil.gov.uk,
kirkwhelpington-pc.gov.uk,
kirmington-croxton-parishcouncil.gov.uk,
kirtoninlindseytowncouncil.gov.uk,Kirton in Lindsey Town Council
kirtonparishcouncil.gov.uk,
kislingburyparishcouncil.gov.uk,
kmld-pc.gov.uk,
kmps-pc.gov.uk,
knaithparishcouncil.gov.uk,
knaresboroughtowncouncil.gov.uk,Knaresborough Town Council
knarsdalewithkirkhaugh-pc.gov.uk,
knaytoncumbrawithparishcouncil.gov.uk,
knebworthparishcouncil.gov.uk,
knightonontemepc.gov.uk,
knightsford-pc.gov.uk,
kniveton-pc.gov.uk,
knockholtparishcouncil.gov.uk,
knockin-pc.gov.uk,
knossingtonandcoldoverton-pc.gov.uk,
knottingandsouldrop-pc.gov.uk,
knowltonparishcouncil.gov.uk,
knowsley.gov.uk,Knowsley Metropolitan Borough Council
knowsleytowncouncil.gov.uk,Knowsley
knowstoneparishcouncil.gov.uk,
knutsfordtowncouncil.gov.uk,Knutsford Town Council
kob-pc.gov.uk,
kyloeparish.gov.uk,
lacebyvillagecouncil.gov.uk,
lachdennisandlostockgreenparish.gov.uk,
lackfordparishcouncil.gov.uk,
lacockparishcouncil.gov.uk,
ladbroke-pc.gov.uk,
ladockparishcouncil.gov.uk,
lake-district.gov.uk,
lakedistrict.gov.uk,Lake District National Park Authority
lakenheathparishcouncil.gov.uk,
lakeparishcouncil.gov.uk,
lakesparish.gov.uk,
lalestoncommunitycouncil.gov.uk,Laleston
lambeth.gov.uk,Lambeth London Borough Council
lambourn-pc.gov.uk,
lambourneparishcouncil.gov.uk,
lamertonparishcouncil.gov.uk,
lamesleyparishcouncil.gov.uk,
lanarkshire-vjb.gov.uk,
lancashire-cca.gov.uk,
lancashire-pcc.gov.uk,
lancashire.gov.uk,Lancashire County Council
lancaster.gov.uk,Lancaster City Council
lanchesterparishcouncil.gov.uk,
lancingparishcouncil.gov.uk,Lancing Parish Council
landford-pc.gov.uk,
landrakeparishcouncil.gov.uk,
landulphparishcouncil.gov.uk,
laneendparishcouncil.gov.uk,
laneham-pc.gov.uk,
laneshawbridge-pc.gov.uk,
langarcumbarnstone-pc.gov.uk,
langcliffe-pc.gov.uk,
langford-pc.gov.uk,
langfordandulting-pc.gov.uk,
langham-pc.gov.uk,
langleyburrellparishcouncil.gov.uk,Langley Burrell Without
langleyparish.gov.uk,
langleyparishcouncil.gov.uk,
langleywarks-pc.gov.uk,
langleywithhardley-pc.gov.uk,
langrish-pc.gov.uk,
langrivilleparish.gov.uk,
langsettparishcouncil.gov.uk,
langtoft-pc.gov.uk,
langtoftparishcouncil.gov.uk,
langtonmatravers-pc.gov.uk,
langwathby-pc.gov.uk,
langwithparishcouncil.gov.uk,
langworthgroup-pc.gov.uk,
lanhydrockparish.gov.uk,
lanivetparishcouncil.gov.uk,
lanliveryparishcouncil.gov.uk,
lanteglosbyfoweyparish.gov.uk,
lapworth-pc.gov.uk,
lartingtonparishcouncil.gov.uk,
latchingdon-pc.gov.uk,
lathomparishcouncil.gov.uk,
lathomsouthparishcouncil.gov.uk,
latton-pc.gov.uk,
laughton-pc.gov.uk,
laughtonparish.gov.uk,
laughtonparishcouncil.gov.uk,
launceston-tc.gov.uk,Launceston Town Council
launton-pc.gov.uk,Launton Parish Council
lavantparishcouncil.gov.uk,
lavendon-pc.gov.uk,
lavenham-pc.gov.uk,
laverstockford-pc.gov.uk,
lawfordparishcouncil.gov.uk,
lawleyoverdale-pc.gov.uk,
lawshallparishcouncil.gov.uk,
laxfield-pc.gov.uk,
laxtonmoorhouseparishcouncil.gov.uk,
layerdelahayeparishcouncil.gov.uk,
layhamparishcouncil.gov.uk,
lazonbyparishcouncil.gov.uk,
lbbd.gov.uk,Barking and Dagenham London Borough Council
lbhf.gov.uk,Hammersmith and Fulham London Borough Council
leacottam-pc.gov.uk,
leadenham-pc.gov.uk,
leadenrodingparishcouncil.gov.uk,
leagarsdoncleverton-pc.gov.uk,
leamarstonparishcouncil.gov.uk,
leamingtonspatowncouncil.gov.uk,Royal Leamington Spa Town Council
leasinghamroxholm-pc.gov.uk,
leavenheath-pc.gov.uk,
lechladeonthames-tc.gov.uk,
leckhampsteadbucks-pc.gov.uk,
leckhamptonwithwardenhill-pc.gov.uk,
leconfieldparishcouncil.gov.uk,
ledburytowncouncil.gov.uk,Ledbury Town Council
ledshamparishcouncil.gov.uk,
leebotwoodandlongnor-pc.gov.uk,
leeds.gov.uk,council of Leeds City Council
leedsparishcouncil.gov.uk,
leektowncouncil.gov.uk,
leekwoottonandguyscliffeparish.gov.uk,
legbourne-pc.gov.uk,
leicester.gov.uk,Leicester City Council
leicesterforesteast-pc.gov.uk,
leicestershire.gov.uk,Leicestershire County Council
leicestershireandrutlandalc.gov.uk,
leics-fire.gov.uk,
leighandbransfordparishcouncil.gov.uk,
leighkentparish.gov.uk,
leighonseatowncouncil.gov.uk,Leigh-on-Sea Town Council
leighparishcouncil.gov.uk,
leightonandeatonconstantineparishcouncil.gov.uk,
leightonbromswold-pc.gov.uk,
leightonlinslade-tc.gov.uk,Leighton–Linslade
leightonminshullvernonandwoolstanwood-pc.gov.uk,
leintwardineg-pc.gov.uk,
leistontowncouncil.gov.uk,Leiston-cum-Sizewell Town Council
leominstertowncouncil.gov.uk,Leominster Town Council
leonardstanley-pc.gov.uk,
lesbury-pc.gov.uk,
lessinghamparishcouncil.gov.uk,
letheringhamparishcouncil.gov.uk,
letterston-cc.gov.uk,
letwell-pc.gov.uk,
levenparishcouncil.gov.uk,
levens-pc.gov.uk,
leveringtonparishcouncil.gov.uk,
leverton-pc.gov.uk,
levingtonparishcouncil.gov.uk,
lewannickparishcouncil.gov.uk,
lewes-eastbourne.gov.uk,Eastbourne Borough Council
lewes-tc.gov.uk,Lewes Town Council
lewes.gov.uk,Lewes
lewisham.gov.uk,Lewisham London Borough Council
lewknorparishcouncil.gov.uk,
lewlparishcouncil.gov.uk,
leybourneparish.gov.uk,
leyburntowncouncil.gov.uk,Leyburn Town Council
leysdownparishcouncil.gov.uk,
lezantparishcouncil.gov.uk,
leziateparishcouncil.gov.uk,
lhhparishcouncil.gov.uk,
lichfield.gov.uk,Lichfield City Council
lichfielddc.gov.uk,Lichfield District Council
lickeyandblackwell-pc.gov.uk,
liddingtonparishcouncil.gov.uk,
lidgateparishcouncil.gov.uk,
lidlingtonparishcouncil.gov.uk,
lilbourne-pc.gov.uk,
lilleshallparishcouncil.gov.uk,
lilley-pc.gov.uk,
limpleystokeparishcouncil.gov.uk,
limpsfieldparishcouncil.gov.uk,
lincoln.gov.uk,City of Lincoln Council
lincolnshire-pcc.gov.uk,
lincolnshire.gov.uk,Lincolnshire County Council
lincsbc.gov.uk,
lindale-and-newton-in-cartmel-pc.gov.uk,
lindalmartonparish.gov.uk,
lindfieldparishcouncil.gov.uk,Lindfield Parish Council
lindfieldrural-pc.gov.uk,
lindridgeparishcouncil.gov.uk,
lindseyparishcouncil.gov.uk,
lingfieldparishcouncil.gov.uk,
lingwood-burlinghamparishcouncil.gov.uk,
linkinhorneparishcouncil.gov.uk,
linton-pc.gov.uk,
lintoncambridgeshire-pc.gov.uk,
lintonincravenparishcouncil.gov.uk,
lintonparishcouncil.gov.uk,
lintonpc-herefordshire.gov.uk,
lisburncastlereagh.gov.uk,Lisburn and Castlereagh City Council
liskeard.gov.uk,Liskeard Town Council
lissparishcouncil.gov.uk,Liss Parish Council
litchamparishcouncil.gov.uk,
litlingtonparishcouncil.gov.uk,
littleabington-pc.gov.uk,
littleaddingtonparishcouncil.gov.uk,
littlealtcar-pc.gov.uk,
littlebardfield-pc.gov.uk,
littlebealingsparishcouncil.gov.uk,
littlebirch-pc.gov.uk,
littleblakenham-pc.gov.uk,
littlebourneparishcouncil.gov.uk,
littlebraxted-pc.gov.uk,
littlebrickhillparishcouncil.gov.uk,
littlebromleyparishcouncil.gov.uk,
littleburstead-pc.gov.uk,
littleburyparishcouncil.gov.uk,
littlecanfield-pc.gov.uk,
littlechalfont-pc.gov.uk,Little Chalfont Parish Council
littlechalfontparishcouncil.gov.uk,
littlechartparishcouncil.gov.uk,
littlecheverell-pc.gov.uk,
littleclactonparishcouncil.gov.uk,
littlecomberton-pc.gov.uk,
littlecornard-pc.gov.uk,
littledeanparishcouncil.gov.uk,
littledownhamparishcouncil.gov.uk,
littledunham-pc.gov.uk,
littledunhamparishcouncil.gov.uk,
littledunmowparishcouncil.gov.uk,
littleeaston-pc.gov.uk,
littleeatonparishcouncil.gov.uk,
littleellingham-pc.gov.uk,
littlegaddesden-pc.gov.uk,
littlegransdenparishcouncil.gov.uk,
littlehadham-pc.gov.uk,
littlehaleparishcouncil.gov.uk,
littlehallingbury-pc.gov.uk,
littlehamandlandcross-pc.gov.uk,
littlehampton-tc.gov.uk,Littlehampton Town Council
littleharrowdenparishcouncil.gov.uk,
littlehempston-pc.gov.uk,
littlehoole-pc.gov.uk,
littlehorwoodparishcouncil.gov.uk,
littlehoughtonvillage-pc.gov.uk,
littleleigh-pc.gov.uk,
littlelongstoneparishmeeting.gov.uk,
littlelumleyparish.gov.uk,
littlemalvernandwelland-pc.gov.uk,
littlemarlow-pc.gov.uk,
littlemeltonparishcouncil.gov.uk,
littlemissendenparish.gov.uk,
littlemoreparishcouncil.gov.uk,Littlemore Parish Council
littleoakleyparishcouncil.gov.uk,
littleouseburn-pc.gov.uk,
littlepaxtonparishcouncil.gov.uk,
littleportparishcouncil.gov.uk,
littleporttowncouncil.gov.uk,
littlerissington-pc.gov.uk,
littleshelfordparish.gov.uk,
littlesmeatonparishcouncil.gov.uk,
littlesnoringparishcouncil.gov.uk,
littlesomerfordparishcouncil.gov.uk,Little Somerford
littlestanionparishcouncil.gov.uk,
littlestaughtonparishcouncil.gov.uk,
littlethetfordparishcouncil.gov.uk,
littlethorpe-pc.gov.uk,
littlethurlowparishcouncil.gov.uk,
littletothamparish.gov.uk,
littlewalthamparishcouncil.gov.uk,
littonparishcouncil.gov.uk,
liverpool.gov.uk,Liverpool City Council
liverpoolcityregion-ca.gov.uk,Liverpool City Region Combined Authority
liveseyparishcouncil.gov.uk,
llanasacommunitycouncil.gov.uk,
llanbistercommunitycouncil.gov.uk,
llancarfan-cc.gov.uk,
llandeilo.gov.uk,Llandeilo Town Council
llandinamcommunitycouncil.gov.uk,
llandoverytowncouncil.gov.uk,
llandrindodwells-tc.gov.uk,
llandudno.gov.uk,Llandudno Town Council
llanellitowncouncil.gov.uk,Llanelli Town Council
llanfaelog-cc.gov.uk,
llanfaelogcommunitycouncil.gov.uk,
llanfaircommunitycouncil.gov.uk,Llanfair
llanfairtowncouncil.gov.uk,
llanfechain-cc.gov.uk,
llanferrescommunitycouncil.gov.uk,
llanfihangel-cc.gov.uk,
llanfrynachcommunitycouncil.gov.uk,
llangarron-pc.gov.uk,
llangedwyn-cc.gov.uk,
llangennechcommunitycouncil.gov.uk,
llangollentowncouncil.gov.uk,Llangollen Town Council
llangwm-cc.gov.uk,
llansantffraidanddeytheur-cc.gov.uk,
llanstadwell-cc.gov.uk,
llansteffanandllanybricommunitycouncil.gov.uk,
llantwitmajortowncouncil.gov.uk,Llantwit Major Town Council
llanwarnegroup-pc.gov.uk,
llanyblodwelparishcouncil.gov.uk,
llanymynechandpant-pc.gov.uk,
llwchwrtowncouncil.gov.uk,Llwchwr Town Council
localcouncilsnetwork.gov.uk,
lochwinnoch-cc.gov.uk,
lockerley-pc.gov.uk,
lockingparishcouncil.gov.uk,
lockingtonparishcouncil.gov.uk,
lockton-pc.gov.uk,
lockwood-pc.gov.uk,
loddingtonparishcouncil.gov.uk,
loddiswell-pc.gov.uk,
loddontowncouncil.gov.uk,
lode-pc.gov.uk,
lodersparishcouncil.gov.uk,
loftustowncouncil.gov.uk,
loggerheadsparishcouncil.gov.uk,
lolworthparishmeeting.gov.uk,
londesborough-pc.gov.uk,
london-fire.gov.uk,
london.gov.uk,London Assembly
londoncolney-pc.gov.uk,
londoncouncils.gov.uk,
londonthorpeharrowby-pc.gov.uk,
longashtonparishcouncil.gov.uk,
longborough-pc.gov.uk,
longbridgedeverill-pc.gov.uk,
longbuckbyparishcouncil.gov.uk,
longcrendon-pc.gov.uk,
longdenparishcouncil.gov.uk,
longfieldparishcouncil.gov.uk,
longford-pc.gov.uk,
longframlington-pc.gov.uk,
longhamparishcouncil.gov.uk,
longhirst-pc.gov.uk,
longhopeparishcouncil.gov.uk,
longhorsley-pc.gov.uk,
longhoughton-pc.gov.uk,
longitchingtonparishcouncil.gov.uk,
longlawford-pc.gov.uk,
longmanparishcouncil.gov.uk,
longmelford-pc.gov.uk,
longridge-tc.gov.uk,Longridge Town Council
longstanton-pc.gov.uk,
longstockparishcouncil.gov.uk,
longstrattontowncouncil.gov.uk,
longsutton-lincs-pc.gov.uk,
longsutton-pc.gov.uk,
longton-pc.gov.uk,
longtown-gpc.gov.uk,
longwhattondiseworth-pc.gov.uk,
longwittenham-pc.gov.uk,
longworth-pc.gov.uk,
looetowncouncil.gov.uk,Looe Town Council
loose-pc.gov.uk,
lopenparishcouncil.gov.uk,
loppingtonparishcouncil.gov.uk,
lorton-pc.gov.uk,
lostwithieltowncouncil.gov.uk,Lostwithiel Town Council
lothersdaleparishcouncil.gov.uk,
lothian-vjb.gov.uk,
loughton-tc.gov.uk,Loughton Town Council
loughtonandgreatholm-pc.gov.uk,
lound-pc.gov.uk,
loundparishcouncil.gov.uk,
louthtowncouncil.gov.uk,Louth Town Council
loversallparishcouncil.gov.uk,
lowdham-pc.gov.uk,
lowerbullinghamparishcouncil.gov.uk,
lowerhalstowparishcouncil.gov.uk,
lowerpenn-pc.gov.uk,
lowerpeoverparishcouncil.gov.uk,
lowersapey-parishmeeting.gov.uk,
lowerwashburnparishcouncil.gov.uk,
lowerwinterborne-pc.gov.uk,
lowerwithington-pc.gov.uk,
lowestofttowncouncil.gov.uk,Lowestoft Town Council
lowickparishcouncil.gov.uk,
lowsidequarter-pc.gov.uk,
lowtherparishcouncil.gov.uk,
loxwood-pc.gov.uk,
lubbesthorpeparish.gov.uk,
lubbesthorpeparishcouncil.gov.uk,
lubenhamparishcouncil.gov.uk,
luccombe-pc.gov.uk,
luddesdown-pc.gov.uk,
luddingtonparishcouncil.gov.uk,
ludfordparishcouncil.gov.uk,
ludgershall-tc.gov.uk,Ludgershall Town Council
ludgvan-pc.gov.uk,
ludham-pc.gov.uk,
ludlow.gov.uk,Ludlow Town Council
lundparishcouncil.gov.uk,
luppittparish.gov.uk,
lupton-pc.gov.uk,
lurgashall-pc.gov.uk,
lustleighparishcouncil.gov.uk,
lustonparishes.gov.uk,
luton.gov.uk,Luton Borough Council
lutterworth-tc.gov.uk,
lutton-pc.gov.uk,
luttonparishcouncil.gov.uk,
luttonsparishcouncil.gov.uk,
luxulyan-pc.gov.uk,
lwsmb-pc.gov.uk,
lydbrookparishcouncil.gov.uk,
lydburynorthparish.gov.uk,
lydden-pc.gov.uk,
lyddington-pc.gov.uk,
lyddtowncouncil.gov.uk,
lydeardstlawrence-pc.gov.uk,
lydfordonfosseparish.gov.uk,
lydiardmillicent-pc.gov.uk,Lydiard Millicent
lydiardtregoze-pc.gov.uk,Lydiard Tregoze
lydiateparishcouncil.gov.uk,Lydiate
lydlinchparishcouncil.gov.uk,
lydneytowncouncil.gov.uk,
lymeregistowncouncil.gov.uk,Lyme Regis Town Council
lymingeparishcouncil.gov.uk,
lymingtonandpennington-tc.gov.uk,Lymington and Pennington Town Council
lyminsterandcrossbush-pc.gov.uk,
lymmparishcouncil.gov.uk,
lympneparishcouncil.gov.uk,
lympshamparishcouncil.gov.uk,
lympstoneparishcouncil.gov.uk,
lynchmere-pc.gov.uk,
lyndhurst-pc.gov.uk,
lynehamandbradenstoke-pc.gov.uk,
lynemouthparishcouncil.gov.uk,
lynesackandsoftleyparishcouncil.gov.uk,
lyng-pc.gov.uk,
lyngparishcouncil.gov.uk,
lynstedwithkingsdownparishcouncil.gov.uk,
lyntonandlynmouthtowncouncil.gov.uk,
lyonshallparish.gov.uk,
lytchettmatraversparishcouncil.gov.uk,
lytchettminsterandupton-tc.gov.uk,Lytchett Minster and Upton Town Council
lythamtowncouncil.gov.uk,
lytheparishcouncil.gov.uk,
mabeparish.gov.uk,
mablethorpesutton-tc.gov.uk,
macclesfield-tc.gov.uk,Macclesfield Town Council
machynlleth-tc.gov.uk,
mackworthparishcouncil.gov.uk,
madeleyparishcouncil.gov.uk,
madeleytowncouncil.gov.uk,
madleyparishcouncil.gov.uk,
madresfield-pc.gov.uk,
madronparishcouncil.gov.uk,
maghull-tc.gov.uk,Maghull Town Council
maidenbradley-pc.gov.uk,
maidennewton-pc.gov.uk,
maidennewtonandfromevauchurch-pc.gov.uk,
maidfordparishcouncil.gov.uk,
maidsmoreton-pc.gov.uk,
maidstone.gov.uk,Maidstone Borough Council
maidwellwithdraughtonparishcouncil.gov.uk,
maisemore-pc.gov.uk,
makerwithrame-pc.gov.uk,
malboroughparishcouncil.gov.uk,
maldon.gov.uk,Maldon District Council
maldontowncouncil.gov.uk,Maldon Town Council
malmesbury.gov.uk,Malmesbury Town Council
maltbylemarsh-pc.gov.uk,
maltbytowncouncil.gov.uk,
malton-tc.gov.uk,Malton Town Council
malvernhills.gov.uk,Malvern Hills District Council
malvernwells-pc.gov.uk,
mambleparishcouncil.gov.uk,
manaccan-pc.gov.uk,
manatonparishcouncil.gov.uk,
mancetterparishcouncil.gov.uk,
manchester.gov.uk,2018 Manchester City Council election
manchesterfire.gov.uk,
manea-pc.gov.uk,
manningtreetowncouncil.gov.uk,
mansfield-dc.gov.uk,
mansfield.gov.uk,Mansfield District Council
manstonhammoon-pc.gov.uk,
manstonparishcouncil.gov.uk,
mapledurwellupnately-pc.gov.uk,
mapperleyparishcouncil.gov.uk,
mappletonparishcouncil.gov.uk,
maraziontowncouncil.gov.uk,
marchamparishcouncil.gov.uk,Marcham Parish Council
marchtowncouncil.gov.uk,March Town Council
marchwoodparish.gov.uk,
mardenherefordshire-pc.gov.uk,
mardenkent-pc.gov.uk,
marehamlefen-pc.gov.uk,
maresfieldparishcouncil.gov.uk,
margaretroding-pc.gov.uk,
marhamchurch-pc.gov.uk,
marhamparish.gov.uk,
marholm-pc.gov.uk,
marholmparishcouncil.gov.uk,
mariansleighparish.gov.uk,
mark-pc.gov.uk,
marketbosworth-pc.gov.uk,
marketdeeping-tc.gov.uk,
marketdrayton.gov.uk,Market Drayton Town Council
marketlavingtonparishcouncil.gov.uk,Market Lavington
marketovertonparishcouncil.gov.uk,
marketweighton-tc.gov.uk,
marketweightontowncouncil.gov.uk,Market Weighton Town Council
marketweston-pc.gov.uk,
markfieldparishcouncil.gov.uk,
marksburyparishcouncil.gov.uk,
marksteyparish.gov.uk,
markyateparishcouncil.gov.uk,
marlborough-tc.gov.uk,Marlborough
marlboroughtowncouncil.gov.uk,Marlborough Town Council
marldonparishcouncil.gov.uk,
marlesford-pc.gov.uk,
marlingfordandcolton-pc.gov.uk,
marlow-tc.gov.uk,Marlow Town Council
marnhullparishcouncil.gov.uk,
marsham-pc.gov.uk,
marshchapelparish.gov.uk,
marshgibbon-pc.gov.uk,Marsh Gibbon Parish Council
marshlandstjamesparishcouncil.gov.uk,
marston-parishcouncil.gov.uk,
marstonmagnaparish.gov.uk,
marstonmoreteyne-pc.gov.uk,
marstonparishcouncil.gov.uk,
marstonsicca-pc.gov.uk,Long Marston
marstonstlawrenceparishcouncil.gov.uk,
marstontrussellparish.gov.uk,
marsworth-pc.gov.uk,
martinandmartindales-pc.gov.uk,
martinparishcouncil.gov.uk,
martletwycommunitycouncil.gov.uk,
martley-pc.gov.uk,
martock-pc.gov.uk,Martock Parish Council
marton-cum-grafton-pc.gov.uk,
martonandgateburtonparishcouncil.gov.uk,
martonparish.gov.uk,
martonparishcouncil.gov.uk,
maryporttowncouncil.gov.uk,Maryport Town Council
marytavyparishcouncil.gov.uk,
masham-pc.gov.uk,
matching-pc.gov.uk,
matfen-pc.gov.uk,
mathonparishcouncil.gov.uk,
matlaske-pc.gov.uk,
matlock.gov.uk,Matlock Town Council
matlockbathparishcouncil.gov.uk,
matterdale-pc.gov.uk,
mattingleyparishcouncil.gov.uk,
mattishallparish.gov.uk,
maugersbury-pc.gov.uk,
maulden-pc.gov.uk,
maunbyandvillagesparishcouncil.gov.uk,
mautbyparishcouncil.gov.uk,
mavesynridwareparishcouncil.gov.uk,
mawdesleyparishcouncil.gov.uk,
mawgan-in-meneage-pc.gov.uk,
mawr-cc.gov.uk,
mawsleyparishcouncil.gov.uk,
mawwfire.gov.uk,
maxey-pc.gov.uk,
mayfieldfiveashes-pc.gov.uk,
maylandparish.gov.uk,
meare-pc.gov.uk,
mearsashby-pc.gov.uk,
meashamparishcouncil.gov.uk,
medbourneparishcouncil.gov.uk,
medmenham-pc.gov.uk,
medway.gov.uk,Medway Council
melbourneparishcouncil.gov.uk,
melbournparishcouncil.gov.uk,
melburyosmond-pc.gov.uk,
melchetparkandplaitfordparishcouncil.gov.uk,
melchyeld-pc.gov.uk,
melcombehorseyparish.gov.uk,
meldonparishcouncil.gov.uk,
meldreth-pc.gov.uk,
melkridgeparishcouncil.gov.uk,
melksham-tc.gov.uk,
melkshamwithout-pc.gov.uk,Melksham Without
mellingparishcouncil.gov.uk,
mellisparishcouncil.gov.uk,
mellor-pc.gov.uk,
mells-pc.gov.uk,
melmerbyandmiddleton-pc.gov.uk,
melsonby-pc.gov.uk,
melthamtowncouncil.gov.uk,Meltham Town Council
melton-suffolk-pc.gov.uk,
melton.gov.uk,Melton Borough Council
meltonconstable-pc.gov.uk,
meltonross-newbarnetby-pc.gov.uk,
memburyparishcouncil.gov.uk,
mendhamwithersdale-pc.gov.uk,
mendip.gov.uk,Witham Friary Parish Council
mendlesham-pc.gov.uk,
menheniotparishcouncil.gov.uk,
menston-pc.gov.uk,
mentmoreparishcouncil.gov.uk,
meopham-pc.gov.uk,
meppershall-pc.gov.uk,
mereparish.gov.uk,
meretowncouncil.gov.uk,
mereworthparishcouncil.gov.uk,
meridenparishcouncil.gov.uk,
merlinsbridgecommunitycouncil.gov.uk,
merseyfire.gov.uk,
mershamparishcouncil.gov.uk,
merthyr.gov.uk,Merthyr Tydfil County Borough Council
merton.gov.uk,Merton London Borough Council
messingcuminworth-pc.gov.uk,
metfieldparishcouncil.gov.uk,
metheringham-pc.gov.uk,
methwold-pc.gov.uk,
mevagissey-pc.gov.uk,
meyseyhamptonparishcouncil.gov.uk,
michaelstow-pc.gov.uk,
micheldever-pc.gov.uk,
michelmershandtimsburyparish.gov.uk,
micklefield-pc.gov.uk,
micklehamparishcouncil.gov.uk,
mickletondurham-pc.gov.uk,
mickletonparishcouncil.gov.uk,
midandeastantrim.gov.uk,Mid and East Antrim Borough Council
middevon.gov.uk,Mid Devon District Council
middleclaydonparishcouncil.gov.uk,
middlehamtowncouncil.gov.uk,
middlerasenparishcouncil.gov.uk,
middlesbrough.gov.uk,Middlesbrough Council
middleton-northants-pc.gov.uk,
middleton-on-sea-pc.gov.uk,
middleton-pc.gov.uk,
middletonandleystersgroupparishcouncil.gov.uk,
middletonandnewbigginparishcouncil.gov.uk,
middletonbywirksworth-pc.gov.uk,
middletonparishcouncil.gov.uk,
middletonstgeorgeparish.gov.uk,
middletonstoneyparishcouncil.gov.uk,
middlewichtowncouncil.gov.uk,
middridge-pc.gov.uk,
midghamparish.gov.uk,
midhurst-tc.gov.uk,Midhurst Town Council
midlothian.gov.uk,Midlothian Council
midsuffolk.gov.uk,Mid Suffolk District Council
midsussex.gov.uk,Mid Sussex District Council
midwharfedaleparish.gov.uk,
milborneport-pc.gov.uk,
milbornestandrewparishcouncil.gov.uk,
milcombeparishcouncil.gov.uk,
mildenhall-tc.gov.uk,Mildenhall High
mildenhallwiltshireparishcouncil.gov.uk,Mildenhall
milehamparishcouncil.gov.uk,
milfield-pc.gov.uk,
milfordonseaparishcouncil.gov.uk,
milland-wsx-pc.gov.uk,Milland Parish Council
millbrook-pc.gov.uk,
millingtonandrostherne-pc.gov.uk,
millomwithoutparishcouncil.gov.uk,
milnthorpe-pc.gov.uk,
milsonandneensollars-pc.gov.uk,
milton-keynes.gov.uk,Milton Keynes Council
milton-pc.gov.uk,
miltonabbasparishcouncil.gov.uk,
miltonabbotgroupedparishcouncil.gov.uk,
miltonernest-pc.gov.uk,
miltonmalsorparishcouncil.gov.uk,
miltonparishcouncil.gov.uk,
miltonunderwychwood-pc.gov.uk,
miltonvillageparishmeeting.gov.uk,
milvertonparish.gov.uk,
milwichfradswellparishcouncil.gov.uk,
minchinhampton-pc.gov.uk,
mineheadtowncouncil.gov.uk,
minety-pc.gov.uk,
minsterlovell-pc.gov.uk,Minster Lovell Parish Council
minsteronseaparishcouncil.gov.uk,
minsterworthparishcouncil.gov.uk,
minternemagnaparishcouncil.gov.uk,
miserdenparishcouncil.gov.uk,
missonparishcouncil.gov.uk,
misterton-notts-pc.gov.uk,
mistertonparishcouncil.gov.uk,
mistertonwithwalcoteparishcouncil.gov.uk,
mistleyparishcouncil.gov.uk,
mitfordparishcouncil.gov.uk,
mochdrewithpenstrowedcommunitycouncil.gov.uk,
modburyparishcouncil.gov.uk,
moggerhanger-pc.gov.uk,
molescroft-pc.gov.uk,
molevalley.gov.uk,Mole Valley District Council
mollandparish.gov.uk,
mollington-cheshire-pc.gov.uk,
mollingtonoxon-pc.gov.uk,
monkhesleden-pc.gov.uk,
monkland-stretford-pc.gov.uk,
monkseleighparishcouncil.gov.uk,
monksherborne-pc.gov.uk,
monkskirby-pc.gov.uk,
monksohamparishcouncil.gov.uk,
monktoncombe-pc.gov.uk,
monktonfarleigh-pc.gov.uk,
monktonparishcouncil.gov.uk,
monmouth.gov.uk,Monmouth Town Council
monmouthshire.gov.uk,Monmouthshire County Council
montford-pc.gov.uk,
monyashparishcouncil.gov.uk,
moray.gov.uk,The Moray Council
morchardbishop-pc.gov.uk,
morcottparishcouncil.gov.uk,
mordenparishcouncil.gov.uk,
morecambe.gov.uk,Morecambe Town Council
moretonhampstead-pc.gov.uk,
moretoninmarshtowncouncil.gov.uk,
moretonleeparishcouncil.gov.uk,
moretonmorrell-pc.gov.uk,
moretononluggparishcouncil.gov.uk,
moretonparishcouncil.gov.uk,
moretonsay-pc.gov.uk,
moretonvalence-pc.gov.uk,
morley.gov.uk,Morley Town Council
morpeth-tc.gov.uk,Morpeth Town Council
morston-pc.gov.uk,
mortehoe-pc.gov.uk,
mortimerwestend-pc.gov.uk,
morton-pc.gov.uk,
mortononswale-pc.gov.uk,
morville-pc.gov.uk,
morwenstowparish.gov.uk,
mossanddistrict-pc.gov.uk,
mossley-tc.gov.uk,
mostonparishcouncil.gov.uk,
mouldsworth-pc.gov.uk,
moulsoeparishcouncil.gov.uk,
moultonlincs-pc.gov.uk,
moultonnorthants-pc.gov.uk,
moultonparishcouncil.gov.uk,
mountfieldparishcouncil.gov.uk,
mountsorrelparishcouncil.gov.uk,
msn-tc.gov.uk,
muchcowarnegroup-pc.gov.uk,
muchelneyparish.gov.uk,
muchhoole-pc.gov.uk,
muchmarcleparishcouncil.gov.uk,
muchwenlock-tc.gov.uk,Much Wenlock Town Council
mudford-pc.gov.uk,
mukerparishcouncil.gov.uk,
mulbarton-pc.gov.uk,
mullionparishcouncil.gov.uk,
mumbyparishcouncil.gov.uk,
muncaster-pc.gov.uk,
mundesley-pc.gov.uk,
mundfordparishcouncil.gov.uk,
mundhamparishcouncil.gov.uk,
mundonparishcouncil.gov.uk,
mungrisdaleparishcouncil.gov.uk,
munslow-pc.gov.uk,
murton-cumbria-pc.gov.uk,
murtonparish.gov.uk,
mutfordparishcouncil.gov.uk,
myddleandbroughton-pc.gov.uk,
myerscoughandbilsborrow-pc.gov.uk,
mylandcommunitycouncil.gov.uk,
mylorparishcouncil.gov.uk,
myoxfordshire.gov.uk,
n-kesteven.gov.uk,North Kesteven District Council
n-somerset.gov.uk,North Somerset Council
nactonparishcouncil.gov.uk,
nailseatowncouncil.gov.uk,Nailsea Town Council
nailsworthtowncouncil.gov.uk,Nailsworth Town Council
nalc.gov.uk,
nandr-pc.gov.uk,
nantwichtowncouncil.gov.uk,Nantwich Town Council
napton-pc.gov.uk,
narborough-norfolk-pc.gov.uk,
narboroughparishcouncil.gov.uk,
nasebyparishcouncil.gov.uk,
nash-bucks-pc.gov.uk,
nash-pc.gov.uk,
nashmillsparishcouncil.gov.uk,
nassington-pc.gov.uk,
nateby-pc.gov.uk,
natland-pc.gov.uk,
naunton-pc.gov.uk,
nauntonbeauchamp-pc.gov.uk,
nawtonparishcouncil.gov.uk,
naylandwithwissington-pc.gov.uk,
nazeingparishcouncil.gov.uk,Nazeing
ne-derbyshire.gov.uk,North East Derbyshire District Council
ne-ifca.gov.uk,
neashamparishcouncil.gov.uk,
neath-porttalbot.gov.uk,Neath Port Talbot
neathtowncouncil.gov.uk,Neath
nedgingwithnaughton-pc.gov.uk,
needhammarket-tc.gov.uk,
nelincs.gov.uk,North East Lincolnshire Council
nelsontowncouncil.gov.uk,Nelson Town Council
nerocheparishcouncil.gov.uk,
nescrematorium.gov.uk,
nestontowncouncil.gov.uk,
nether-langwith-pc.gov.uk,
netheralderleyparishcouncil.gov.uk,
netherburyparishcouncil.gov.uk,
netherdentonparishcouncil.gov.uk,
netherhamptonparishcouncil.gov.uk,Netherhampton
netherheyfordparishcouncil.gov.uk,
nethersealparishcouncil.gov.uk,
netherstowey-pc.gov.uk,
netherwallopparishcouncil.gov.uk,
netherwhitacreparish.gov.uk,
netherwittonparishcouncil.gov.uk,
netherwyresdale-pc.gov.uk,
netleymarsh-pc.gov.uk,
nettlebed-pc.gov.uk,
nettledenpottenend-pc.gov.uk,
nettleham-pc.gov.uk,Nettleham Parish Council
nettlesteadparishmeeting.gov.uk,
nettlestoneandseaview-pc.gov.uk,
nettleton-pc.gov.uk,Nettleton
nettletonparish.gov.uk,
newalresford-tc.gov.uk,New Alresford Town Council
newark-sherwooddc.gov.uk,Newark and Sherwood District Council
newark.gov.uk,Newark Town Council
newbaldparishcouncil.gov.uk,
newbiggintowncouncil.gov.uk,
newboldpaceyashorne-pc.gov.uk,
newboldverdon-pc.gov.uk,
newboroughandboroughfen-pc.gov.uk,
newbottleparishcouncil.gov.uk,
newbourneparishcouncil.gov.uk,
newbradwell-pc.gov.uk,
newbroughparishcouncil.gov.uk,
newbuckenhamparishcouncil.gov.uk,
newburghparishcouncil.gov.uk,
newbury.gov.uk,Newbury Town Council
newbyandscalby-tc.gov.uk,
newbyparishcouncil.gov.uk,
newcastle-pc.gov.uk,
newcastle-staffs.gov.uk,Newcastle-under-Lyme Borough Council
newcastle.gov.uk,Newcastle City Council
newdigateparishcouncil.gov.uk,
newearswickparishcouncil.gov.uk,
newenden-pc.gov.uk,
newenttowncouncil.gov.uk,Newent Town Council
newforest.gov.uk,New Forest
newforestdc.gov.uk,New Forest District Council
newforestdistrict.gov.uk,
newforestnpa.gov.uk,New Forest National Park Authority
newfrankleyinbirminghamparishcouncil.gov.uk,
newham.gov.uk,Newham London Borough Council
newhaventowncouncil.gov.uk,Newhaven Town Council
newhollandparishcouncil.gov.uk,
newhuttonparishcouncil.gov.uk,
newickparishcouncil.gov.uk,
newington-pc.gov.uk,
newingtonandpeene-pc.gov.uk,
newingtonoxford-pc.gov.uk,
newland-pc.gov.uk,
newlandparishcouncil.gov.uk,
newlands-pc.gov.uk,
newmarket.gov.uk,Newmarket Town Council
newmillstowncouncil.gov.uk,New Mills Town Council
newmiltontowncouncil.gov.uk,New Milton Town Council
newnham-hants-pc.gov.uk,
newnham-pc.gov.uk,
newnhamonsevern-pc.gov.uk,
newnhamparishcouncil.gov.uk,
newport.gov.uk,Newport City Council
newportessex-pc.gov.uk,
newportparishcouncil.gov.uk,
newportshropshire-tc.gov.uk,
newportwight-cc.gov.uk,
newromney-tc.gov.uk,New Romney Town Council
newsteadparishcouncil.gov.uk,
newton-cambs-parishcouncil.gov.uk,
newton-nottsparishcouncil.gov.uk,
newton-pc.gov.uk,
newtonabbot-tc.gov.uk,Newton Abbot Town Council
newtonandnoss-pc.gov.uk,
newtonflotman-pc.gov.uk,
newtonhacebywalcot-pc.gov.uk,
newtonontrent-pc.gov.uk,
newtonparishcouncil.gov.uk,
newtonpopplefordandharpford-pc.gov.uk,
newtonsolneyparishcouncil.gov.uk,
newtonstcyres-pc.gov.uk,
newtonstloe-pc.gov.uk,
newtonswarlandparishcouncil.gov.uk,
newtontoney-pc.gov.uk,
newtonwithclifton-pc.gov.uk,
newtownlinfordparishcouncil.gov.uk,
newwalthamparishcouncil.gov.uk,
nfdc.gov.uk,Brockenhurst
nifca.gov.uk,
noakbridgeparishcouncil.gov.uk,
noctonparishcouncil.gov.uk,
noltonroch-cc.gov.uk,
noningtonparishcouncil.gov.uk,
norburyparishcouncil.gov.uk,
nordelphparishcouncil.gov.uk,
norfolk-pcc.gov.uk,
norfolk.gov.uk,Norfolk County Council
norfolkalc.gov.uk,
norfolkfireservice.gov.uk,
norfolkparishes.gov.uk,Weeting-with-Broomhill
norfolksuffolk-cca.gov.uk,
norhamparishcouncil.gov.uk,
normanbybyspital-pc.gov.uk,
normandyparishcouncil.gov.uk,
normantonontrentparishcouncil.gov.uk,
normantonwoldsparishcouncil.gov.uk,
north-ayrshire.gov.uk,North Ayrshire Council
north-herts.gov.uk,North Hertfordshire District Council
north-norfolk.gov.uk,North Norfolk
northallertontowncouncil.gov.uk,Northallerton Town Council
northampton.gov.uk,Northampton Borough Council
northamptonshire.gov.uk,Northamptonshire County Council
northamptontowncouncil.gov.uk,Northampton Town Council
northamtowncouncil.gov.uk,Northam Town Council
northandmiddlelittleton-pc.gov.uk,
northandsouthwheatleyparishcouncil.gov.uk,
northantscalc.gov.uk,Catesby
northantsfire.gov.uk,
northantspfcc.gov.uk,
northawcuffley-pc.gov.uk,
northbaddesley-pc.gov.uk,
northborough-pc.gov.uk,
northbourne-pc.gov.uk,
northbromyardgroup-pc.gov.uk,
northcave-pc.gov.uk,
northchurchparishcouncil.gov.uk,
northclainesparishcouncil.gov.uk,
northcoveparishcouncil.gov.uk,
northcrawley-pc.gov.uk,
northcreakeparish.gov.uk,
northcurryparishcouncil.gov.uk,
northdeighton-pc.gov.uk,
northdevon.gov.uk,North Devon District Council
northduffieldparishcouncil.gov.uk,
northeast-ca.gov.uk,
northeastfire.gov.uk,
northelmhamparishcouncil.gov.uk,
northfambridgeparishcouncil.gov.uk,
northferribyparishcouncil.gov.uk,
northgosforthparishcouncil.gov.uk,
northhinksey-pc.gov.uk,North Hinksey Parish Council
northhorsham-pc.gov.uk,North Horsham Parish Council
northhykeham-tc.gov.uk,
northhykehamtowncouncil.gov.uk,North Hykeham Town Council
northiamparishcouncil.gov.uk,
northillparishcouncil.gov.uk,
northkelseyparishcouncil.gov.uk,
northkillingholmeparishcouncil.gov.uk,
northkilworthparishcouncil.gov.uk,
northkymeparishcouncil.gov.uk,
northlan.gov.uk,North Lanarkshire
northlanarkshire.gov.uk,North Lanarkshire Council
northleach.gov.uk,Northleach with Eastington Town Council
northleigh-pc.gov.uk,
northleighparishcouncil.gov.uk,
northlevertonwithhabblesthorpeparishcouncil.gov.uk,
northlincs.gov.uk,North Lincolnshire Council
northlodgeparishcouncil.gov.uk,
northmarstonparishcouncil.gov.uk,
northmoltonparish.gov.uk,
northmoor-pc.gov.uk,
northmundhamparish.gov.uk,
northmuskham-pc.gov.uk,
northmymms-pc.gov.uk,
northnewingtonparishcouncil.gov.uk,
northnibleyparishcouncil.gov.uk,
northnorthants.gov.uk,North Northamptonshire Council
northorpe-pc.gov.uk,
northperrottparish.gov.uk,
northpethertontowncouncil.gov.uk,
northreppsparishcouncil.gov.uk,
northruncton-pc.gov.uk,
northscarleparishcouncil.gov.uk,
northsomercotes-pc.gov.uk,
northsouthcliffe-pc.gov.uk,
northstowe-tc.gov.uk,
northstowetowncouncil.gov.uk,
northsunderland-pc.gov.uk,
northtawtontowncouncil.gov.uk,
norththoresby-pc.gov.uk,
northtuddenhamparishcouncil.gov.uk,
northturton-pc.gov.uk,
northtyneside.gov.uk,North Tyneside Council
northumberland-alc.gov.uk,
northumberland.gov.uk,Northumberland County Council
northumberlandfireandrescue.gov.uk,
northumbria-pcc.gov.uk,
northwales-pcc.gov.uk,
northwalsham-tc.gov.uk,
northwarks.gov.uk,North Warwickshire Borough Council
northwayparishcouncil.gov.uk,
northweald-pc.gov.uk,North Weald Bassett Parish Council
northwichtowncouncil.gov.uk,Northwich Town Council
northwoldandwhittington-pc.gov.uk,
northwoodandtinkersleyparishcouncil.gov.uk,
northwoodparishcouncil.gov.uk,
northwootton-pc.gov.uk,
northwoottonparishcouncil.gov.uk,
northwraxall-pc.gov.uk,North Wraxall
northyorks.gov.uk,North Yorkshire Council
northyorksfire.gov.uk,
northyorkshire-pfcc.gov.uk,
norton-on-derwent-tc.gov.uk,
norton-pc.gov.uk,
nortoncanesparishcouncil.gov.uk,
nortoncuckneyholbeckwelbeckparishcouncil.gov.uk,
nortonfitzwarren-pc.gov.uk,
nortoninhales-pc.gov.uk,
nortonjuxtakempseyparishcouncil.gov.uk,
nortonlenchwick-pc.gov.uk,
nortonlindseyparishcouncil.gov.uk,
nortonparish.gov.uk,
nortonparishcouncil.gov.uk,
nortonstphilipparishcouncil.gov.uk,
nortonsubcourse-pc.gov.uk,
nortonsubhamdon-pc.gov.uk,
norwellandnorwellwoodhouseparishcouncil.gov.uk,
norwich.gov.uk,Norwich City Council
nottinghamcity.gov.uk,Nottingham City Council
nottinghamshire.gov.uk,Blidworth Parish Council
notton-pc.gov.uk,
notts-fire.gov.uk,
nottscc.gov.uk,
nowtonparishcouncil.gov.uk,
npt.gov.uk,Neath Port Talbot County Borough Council
nrsnmh-pc.gov.uk,
nuffieldparishcouncil.gov.uk,
nunburnholmekpparishcouncil.gov.uk,
nuneatonandbedworth.gov.uk,Nuneaton and Bedworth Borough Council
nunehamcourtenay-pc.gov.uk,
nunnykirk-pc.gov.uk,
nuthurst-pc.gov.uk,
nw-ifca.gov.uk,
nwleicestershire.gov.uk,
nwleics.gov.uk,North West Leicestershire District Council
nymetrowland-pc.gov.uk,
nyneheadparish.gov.uk,
nytheeldeneliden-pc.gov.uk,
oadby-wigston.gov.uk,Oadby and Wigston Borough Council
oakamoorparishcouncil.gov.uk,
oakengates-tc.gov.uk,Oakengates Town Council
oakhamtowncouncil.gov.uk,Oakham Town Council
oakingtonandwestwick-pc.gov.uk,
oakleybedford-pc.gov.uk,
oakleydeane-pc.gov.uk,
oakleyparishcouncil.gov.uk,
oaksey-pc.gov.uk,
oakthorpedonisthorpeandacresford-pc.gov.uk,
oareparishcouncil.gov.uk,
ob-pc.gov.uk,
occold-pc.gov.uk,
ockbrookandborrowashparishcouncil.gov.uk,
ockhamparishcouncil.gov.uk,
oclepychardgroup-pc.gov.uk,
odcombeparishcouncil.gov.uk,Odcombe Parish Council
oddingtonparishcouncil.gov.uk,
oddrode-pc.gov.uk,
odell-pc.gov.uk,
odihamparishcouncil.gov.uk,
offa-cc.gov.uk,
offacommunitycouncil.gov.uk,
offenhamparishcouncil.gov.uk,
offham-pc.gov.uk,
offleyparishcouncil.gov.uk,
offords-pc.gov.uk,
offtonandwillisham-pc.gov.uk,
offwellparishcouncil.gov.uk,
ogwellparishcouncil.gov.uk,
okefordfitzpaine-pc.gov.uk,Okeford Fitzpaine Parish Council
okehampton.gov.uk,Okehampton Town Council
okehamptonhamlets-pc.gov.uk,
oldalresford-pc.gov.uk,
oldbolingbrokewithhareby-pc.gov.uk,
oldbolsovertowncouncil.gov.uk,Old Bolsover Town Council
oldcleeveparishcouncil.gov.uk,
olddenaby-pc.gov.uk,
oldham.gov.uk,Oldham Metropolitan Borough Council
oldhunstantonparishcouncil.gov.uk,
oldhurstparishcouncil.gov.uk,
oldhuttonparishcouncil.gov.uk,
oldlandparishcouncil.gov.uk,
oldleakepc.gov.uk,
oldmarston-pc.gov.uk,Old Marston Parish Council
oldstratfordparishcouncil.gov.uk,
oldwarden-pc.gov.uk,
oldwestonparishcouncil.gov.uk,
oldwindsorparishcouncil.gov.uk,
oliversbatteryparishcouncil.gov.uk,
ollerton-tc.gov.uk,Ollerton and Boughton Town Council
olneytowncouncil.gov.uk,Olney Town Council
olvestonparishcouncil.gov.uk,
ombparish.gov.uk,
onecote-pc.gov.uk,
onehouseparishcouncil.gov.uk,
ongartowncouncil.gov.uk,Ongar Town Council
oniburyparishcouncil.gov.uk,
orchardsandmargaretmarsh-pc.gov.uk,
orcheston-pc.gov.uk,
orcopparishcouncil.gov.uk,
ordparishcouncil.gov.uk,
orfordandgedgrave-pc.gov.uk,
orgreaveparishcouncil.gov.uk,
orkney.gov.uk,Orkney Islands Council
orleton-pc.gov.uk,
orlingbury-pc.gov.uk,
ormesbyscratby-pc.gov.uk,
ortonlongueville-pc.gov.uk,
ortonwaterville-pc.gov.uk,
osbaldwickparishcouncil.gov.uk,
osbastonparishcouncil.gov.uk,
osgathorpeparishcouncil.gov.uk,
osgodbyparishcouncil.gov.uk,
osmingtonparishcouncil.gov.uk,
ospringeparishcouncil.gov.uk,
oswestry-tc.gov.uk,
oswestryrural-pc.gov.uk,Oswestry Rural
otfordparishcouncil.gov.uk,
otham-pc.gov.uk,
otleytowncouncil.gov.uk,Otley Town Council
otterbourne-pc.gov.uk,
otterfordparishcouncil.gov.uk,
otterhamparishcouncil.gov.uk,
otterhamptonparishcouncil.gov.uk,
otterystmary-tc.gov.uk,Ottery St Mary Town Council
oughtersideallerby-pc.gov.uk,
oulton-pc.gov.uk,
oultonbroadparishcouncil.gov.uk,
oultonparishcouncil.gov.uk,
oundle.gov.uk,Oundle Town Council
ousbyparishcouncil.gov.uk,
ousdenparishcouncil.gov.uk,
oustonparishcouncil.gov.uk,
outwellparishcouncil.gov.uk,
over-pc.gov.uk,
overalderleyparishcouncil.gov.uk,
oversealparishcouncil.gov.uk,
overstone-pc.gov.uk,
overstoweyparishcouncil.gov.uk,
overthorpeparish.gov.uk,
overton-pc.gov.uk,
overtonparishcouncil.gov.uk,
oving-pc.gov.uk,
ovinghamparishcouncil.gov.uk,
ovington-pc.gov.uk,
ovingtonparishcouncil.gov.uk,
owermoigneparishcouncil.gov.uk,
owersbyparishcouncil.gov.uk,
owlpenparishmeeting.gov.uk,
owmbybyspital-pc.gov.uk,
owslebury-pc.gov.uk,
owstonferry-pc.gov.uk,
oxboroughparishcouncil.gov.uk,
oxenhopevillagecouncil.gov.uk,
oxford.gov.uk,Oxford City Council
oxfordshire.gov.uk,Oxfordshire County Council
oxhillparishcouncil.gov.uk,
oxted-pc.gov.uk,
oxtonparishcouncil.gov.uk,
packingtonparish.gov.uk,
padburyparishcouncil.gov.uk,
paddockwood-tc.gov.uk,Paddock Wood Town Council
padihamtowncouncil.gov.uk,Padiham Town Council
padstow-tc.gov.uk,Padstow Town Council
padworthparishcouncil.gov.uk,Padworth
paghamparishcouncil.gov.uk,
paglesham-pc.gov.uk,
pailtonparishcouncil.gov.uk,
painswick-pc.gov.uk,Painswick
pakenham-pc.gov.uk,
palgrave-pc.gov.uk,
pamber-pc.gov.uk,
pancrasweekparishcouncil.gov.uk,
pangbourne-pc.gov.uk,Pangbourne Parish Council
pannalandburnbridge-pc.gov.uk,
papcastleparishcouncil.gov.uk,
papwortheverardparish.gov.uk,
parbold-pc.gov.uk,
parham-pc.gov.uk,
parsondrove-pc.gov.uk,
partingtonparishcouncil.gov.uk,
partneyanddalby-pc.gov.uk,
parwichparishcouncil.gov.uk,
pastonparishcouncil.gov.uk,
patchwaytowncouncil.gov.uk,Patchway Town Council
pateleybridgetowncouncil.gov.uk,
patrickbromptonparishcouncil.gov.uk,
patrington-pc.gov.uk,
patterdale-pc.gov.uk,
pattingham-pc.gov.uk,
pattishallparish.gov.uk,
paulerspuryparish.gov.uk,
paultonparishcouncil.gov.uk,
pauntleyparishcouncil.gov.uk,
pavenham-pc.gov.uk,
pawlettparish.gov.uk,
payhembury-pc.gov.uk,
peacehaventowncouncil.gov.uk,
peakdistrict.gov.uk,Peak District National Park Authority
peakforestparishcouncil.gov.uk,
peakirk-pc.gov.uk,
peasedownstjohnparishcouncil.gov.uk,Peasedown St John Parish Council
peasemore-pc.gov.uk,
peasenhallparishcouncil.gov.uk,
peasmarsh-pc.gov.uk,
pebworthparishcouncil.gov.uk,
pegswood-pc.gov.uk,Pegswood Parish Council
peig-pc.gov.uk,
peltonparishcouncil.gov.uk,
pelyntparish.gov.uk,
pembreyburryport-tc.gov.uk,Pembrey and Burry Port Town Council
pembridgeparishcouncil.gov.uk,Pembridge
pembrokeshire.gov.uk,Pembrokeshire County Council
pemburyparishcouncil.gov.uk,
penally-cc.gov.uk,
penarthtowncouncil.gov.uk,Penarth Town Council
pencoedtowncouncil.gov.uk,Pencoed Town Council
pendle.gov.uk,Pendle Borough Council
pendock-pc.gov.uk,
penistonetowncouncil.gov.uk,
penkridgeparishcouncil.gov.uk,
pennington-pc.gov.uk,
pennparishcouncil.gov.uk,
penrithtowncouncil.gov.uk,Penrith Town Council
penryn-tc.gov.uk,
pentewanvalley-pc.gov.uk,
pentneyparishcouncil.gov.uk,
pentowncouncil.gov.uk,
pentrichparishcouncil.gov.uk,
penworthamtowncouncil.gov.uk,Penwortham Town Council
penzance-tc.gov.uk,
peopleton-pc.gov.uk,
perranarworthal-pc.gov.uk,
perranuthnoe-pc.gov.uk,
perranzabuloe-pc.gov.uk,
perryparishcouncil.gov.uk,
pershore-tc.gov.uk,Pershore Town Council
pershoretowncouncil.gov.uk,
pertenhallandswineshead-pc.gov.uk,
pertonparishcouncil.gov.uk,Perton Parish Council
peterborough.gov.uk,Peterborough City Council
peterchurchparishcouncil.gov.uk,
peterlee.gov.uk,Peterlee Town Council
petersfield-tc.gov.uk,Petersfield Town Council
peterstowparishcouncil.gov.uk,
pethamparishcouncil.gov.uk,
petrockstowe-pc.gov.uk,
pettaughparishcouncil.gov.uk,
pettistreeparishcouncil.gov.uk,
petworth-tc.gov.uk,Petworth Town Council
pevenseyparishcouncil.gov.uk,Pevensey
pewsey-pc.gov.uk,Pewsey Parish Council
pickering.gov.uk,Pickering Town Council
pickmereparishcouncil.gov.uk,
pickworthparish.gov.uk,
pictonparish.gov.uk,
piddingtonandwheelerend-pc.gov.uk,
pidleycumfenton-pc.gov.uk,
pillertonherseyparishcouncil.gov.uk,
pillertonpriorsparishcouncil.gov.uk,
pilling-pc.gov.uk,
pilningsevernbeach-pc.gov.uk,
pilsleyparishcouncil.gov.uk,
piltonstokedoylewadenhoe-pc.gov.uk,
piltonwestparishcouncil.gov.uk,
pinchbeck-pc.gov.uk,
pinewoodparishcouncil.gov.uk,
pinxtonparishcouncil.gov.uk,
pirbright-pc.gov.uk,
pirtonparishcouncil.gov.uk,
pitchcombe-pc.gov.uk,
pitneyparishcouncil.gov.uk,
pitstone-pc.gov.uk,
pittingtonpc.gov.uk,
pittonandfarley-pc.gov.uk,
pixley-pc.gov.uk,
pkc.gov.uk,Perth and Kinross Council
plaistowandifold-pc.gov.uk,
plasterdownparishcouncil.gov.uk,
plattparishcouncil.gov.uk,
playdenparishcouncil.gov.uk,
playfordparish.gov.uk,
pleasington-pc.gov.uk,
pleasleyparishcouncil.gov.uk,
plenmellerwithwhitfield-pc.gov.uk,
pleshey-pc.gov.uk,
plumptonparishcouncil.gov.uk,
plumsteadparish.gov.uk,
plymouth.gov.uk,Plymouth City Council
pocklington.gov.uk,Pocklington Town Council
podington-pc.gov.uk,
pointon-pc.gov.uk,
polebrookparishcouncil.gov.uk,
polegatetowncouncil.gov.uk,Polegate Town Council
polesworth-pc.gov.uk,
polperrocommunitycouncil.gov.uk,
polstead-pc.gov.uk,
poltimoreparishcouncil.gov.uk,
ponsanooth-pc.gov.uk,
pontarddulaistowncouncil.gov.uk,
ponteland-tc.gov.uk,Ponteland Town Council
pontesbury-pc.gov.uk,
ponthircommunitycouncil.gov.uk,
pontypoolcc.gov.uk,
pontypriddtowncouncil.gov.uk,
poole-tc.gov.uk,
poole.gov.uk,Poole
poolparishcouncil.gov.uk,
pophamparish.gov.uk,
poppletonparishcouncil.gov.uk,
poringland-pc.gov.uk,
poringlandparishcouncil.gov.uk,Poringland Parish Council
porlockparishcouncil.gov.uk,
porthcawltowncouncil.gov.uk,
portishead.gov.uk,Portishead and North Weston Town Council
portlandtowncouncil.gov.uk,Portland Town Council
portreath-pc.gov.uk,
portsmouth.gov.uk,Portsmouth City Council
portsmouthcc.gov.uk,
poslingford-pc.gov.uk,
postling-pc.gov.uk,
postwickwitton-pc.gov.uk,
potterhanworth-pc.gov.uk,
potterne-pc.gov.uk,
potterspuryparishcouncil.gov.uk,
pottontowncouncil.gov.uk,
pottshrigley-pc.gov.uk,
poultonandpulford-pc.gov.uk,
poundstock-pc.gov.uk,
powerstockandnorthpoortonparishcouncil.gov.uk,
powys.gov.uk,Q156150
poyntontowncouncil.gov.uk,
preesall-tc.gov.uk,
prescot-tc.gov.uk,Prescot Town Council
prestatyntc.gov.uk,
prestbury-pc.gov.uk,
preston-pc.gov.uk,
preston.gov.uk,Preston City Council
prestonbrookparishcouncil.gov.uk,
prestonherts-pc.gov.uk,
prestononstour-pc.gov.uk,
prestononteesparishcouncil.gov.uk,
prestonparish.gov.uk,
prestonparishcouncil.gov.uk,
prestonpatrick-pc.gov.uk,
prestonrichard-pc.gov.uk,
prestonstmaryparish.gov.uk,
prestonunderscar-pc.gov.uk,
priddyparish.gov.uk,
princesrisboroughtowncouncil.gov.uk,
princethorpe-pc.gov.uk,
probusparishcouncil.gov.uk,
prudhoetowncouncil.gov.uk,Prudhoe Town Council
publow-with-pensford-pc.gov.uk,
pucklechurchparishcouncil.gov.uk,
puddletownareaparishcouncil.gov.uk,
pulboroughparishcouncil.gov.uk,Pulborough Parish Council
pulhammarketparishcouncil.gov.uk,
pulloxhillparishcouncil.gov.uk,
puncknowle-swyre-pc.gov.uk,
puriton-pc.gov.uk,
purleighparishcouncil.gov.uk,
purleyonthames-pc.gov.uk,
purtonparishcouncil.gov.uk,Purton
putfordparish.gov.uk,
putleyparishcouncil.gov.uk,
puttenham-pc.gov.uk,
pwf-pc.gov.uk,
pyonsgroupparishcouncil.gov.uk,
pytchleyparishcouncil.gov.uk,
quadring-pc.gov.uk,
quarndon-pc.gov.uk,
quarnford-pc.gov.uk,
quattmalvernparishcouncil.gov.uk,
quedgeley-tc.gov.uk,
queenborough-tc.gov.uk,
queensferrycommunitycouncil.gov.uk,
queensparkcommunitycouncil.gov.uk,Queen's Park Community Council
queenthorneparishcouncil.gov.uk,
queniborough-pc.gov.uk,
queningtonparishcouncil.gov.uk,
quernmore-pc.gov.uk,
quethiockparishcouncil.gov.uk,
quidenhamparishcouncil.gov.uk,
quidhamptonparishcouncil.gov.uk,Quidhampton
quinton-pc.gov.uk,
quintonparishcouncil.gov.uk,
quornparishcouncil.gov.uk,
radfordsemele-pc.gov.uk,
radleyparish.gov.uk,
radstock-tc.gov.uk,Radstock Town Council
radwinterparishcouncil.gov.uk,
rainfordparishcouncil.gov.uk,
rainhillparishcouncil.gov.uk,
raintonparishcouncil.gov.uk,
rainworth-pc.gov.uk,
ramptonandwoodbeck-pc.gov.uk,
ramptonparishcouncil.gov.uk,
ramsdenbellhouseparish.gov.uk,
ramseyparkeston-pc.gov.uk,Ramsey and Parkeston Parish Council
ramseytowncouncil.gov.uk,Ramsey Town Council
ramsgatetowncouncil.gov.uk,
ramsgreave-pc.gov.uk,
randwickandwestrip-pc.gov.uk,
rangeworthyparishcouncil.gov.uk,
ranskillparishcouncil.gov.uk,
ratbyparishcouncil.gov.uk,
ratleyandupton-pc.gov.uk,
rattlesden-pc.gov.uk,
raunds-tc.gov.uk,Raunds Town Council
ravenfieldparishcouncil.gov.uk,
ravensden-pc.gov.uk,
ravensthorpe-pc.gov.uk,
ravenstoneparishcouncil.gov.uk,
ravensworthparishcouncil.gov.uk,
rawcliffeparishcouncil.gov.uk,
rawdonparishcouncil.gov.uk,
raydonparishcouncil.gov.uk,
rayleightowncouncil.gov.uk,Rayleigh Town Council
raynhamparishcouncil.gov.uk,
rbkc.gov.uk,Kensington and Chelsea London Borough Council
rbwm.gov.uk,Windsor and Maidenhead Borough Council
rctcbc.gov.uk,Rhondda Cynon Taf County Borough Council
reachparish.gov.uk,
read-pc.gov.uk,
reading.gov.uk,Reading Borough Council
rearsby-pc.gov.uk,
redbourn-pc.gov.uk,
redbourneparishcouncil.gov.uk,
redbournparishcouncil.gov.uk,
redbridge.gov.uk,Redbridge London Borough Council
redcar-cleveland.gov.uk,Redcar and Cleveland Borough Council
redditchbc.gov.uk,Redditch Borough Council
redgrave-pc.gov.uk,
redlingfieldparishcouncil.gov.uk,
redlodgeparishcouncil.gov.uk,
redmarley-pc.gov.uk,
redmarshall-pc.gov.uk,
redruth-tc.gov.uk,Redruth Town Council
reedhamparishcouncil.gov.uk,
reedparishcouncil.gov.uk,
reephamparishcouncil.gov.uk,
reephamtowncouncil.gov.uk,
reigate-banstead.gov.uk,Reigate and Banstead Borough Council
reightonspeeton-pc.gov.uk,
rendleshamparishcouncil.gov.uk,
renfrewshire-vjb.gov.uk,
renfrewshire.gov.uk,Renfrewshire Council
renhold-pc.gov.uk,
rennington-pc.gov.uk,
reppswithbastwick-pc.gov.uk,
repton-pc.gov.uk,
rettendon-pc.gov.uk,
reweparishcouncil.gov.uk,
rhodesiaparish.gov.uk,
rhuddlantowncouncil.gov.uk,
ribblebanksparishcouncil.gov.uk,
ribblevalley.gov.uk,Ribble Valley Borough Council
riccallparishcouncil.gov.uk,
richardscastle-hereford-pc.gov.uk,
richardscastle-shropshire-pc.gov.uk,
richmond.gov.uk,Richmond upon Thames London Borough Council
richmondshire.gov.uk,Richmondshire District Council
rickinghall-pc.gov.uk,
ridingmillparish.gov.uk,
ringlandparishcouncil.gov.uk,
ringmerparishcouncil.gov.uk,
ringmoreparishcouncil.gov.uk,
ringsfieldandweston-pc.gov.uk,
ringshall-pc.gov.uk,
ringsteadnorfolkparish.gov.uk,
ringsteadpc.gov.uk,
ringwood.gov.uk,Ringwood Town Council
ringwouldwithkingsdown-pc.gov.uk,
ripleyparishcouncil.gov.uk,
ripleytowncouncil.gov.uk,Ripley Town Council
riponcity.gov.uk,Ripon City Council
ripplekent-pc.gov.uk,
rippleparishcouncil.gov.uk,
rippondenparishcouncil.gov.uk,Ripponden Parish Council
risbyparishcouncil.gov.uk,
riseleyparishcouncil.gov.uk,
risinghurstandsandhills-pc.gov.uk,
rivenhall-pc.gov.uk,
riverheadparishcouncil.gov.uk,
rixtonwithglazebrook-pc.gov.uk,
roadeparishcouncil.gov.uk,
rocesterparishcouncil.gov.uk,
rochdale.gov.uk,Rochdale Metropolitan Borough Council
rocheparishcouncil.gov.uk,
rochford-pc.gov.uk,
rochford.gov.uk,Rochford District Council
rochfordparishcouncil.gov.uk,
rocklandsparish.gov.uk,
rocklandstmarywithhellington-pc.gov.uk,
rodeparishcouncil.gov.uk,
rodingtonparishcouncil.gov.uk,
rodmartonparishcouncil.gov.uk,
rodmellparishcouncil.gov.uk,
rodneystoke-pc.gov.uk,
rodsleyandyeaveleyparishcouncil.gov.uk,
roecliffewestwick-pc.gov.uk,
rogateparishcouncil.gov.uk,Rogate
rollesby-pc.gov.uk,
rolleston-pc.gov.uk,
rollestonondove-pc.gov.uk,
rolvendenparishcouncil.gov.uk,
romaldkirkparishcouncil.gov.uk,
romanby-pc.gov.uk,
romsey-tc.gov.uk,
romsleyparishcouncil.gov.uk,
rookleyparishcouncil.gov.uk,
ropsleyparishcouncil.gov.uk,
roseashparishcouncil.gov.uk,
rosemarket-cc.gov.uk,
roslistonparishcouncil.gov.uk,
rossendale.gov.uk,Rossendale Borough Council
rossendalebc.gov.uk,
rossettcommunitycouncil.gov.uk,
rosstc-herefordshire.gov.uk,Ross on Wye Town Council
rothburyparishcouncil.gov.uk,
rother.gov.uk,Rother District Council
rotherfieldgreysparishcouncil.gov.uk,
rotherfieldparishcouncil.gov.uk,
rotherfieldpeppard-pc.gov.uk,
rotherham.gov.uk,Rotherham Metropolitan Borough Council
rothersthorpeparishcouncil.gov.uk,
rothleyparishcouncil.gov.uk,
rothwellparishcouncil.gov.uk,
rothwelltowncouncil.gov.uk,Rothwell Town Council
rotparishcouncil.gov.uk,
rottingdean-pc.gov.uk,
roudhamandlarlingparishcouncil.gov.uk,
roughtonparish.gov.uk,
roughtonparishcouncil.gov.uk,
rouslenchparishcouncil.gov.uk,
rowdeparishcouncil.gov.uk,
rowingtonparishcouncil.gov.uk,
rowlandscastleparishcouncil.gov.uk,
rowleyparishcouncil.gov.uk,
rowsleyparishcouncil.gov.uk,
rowtonparishcouncil.gov.uk,
roxton-pc.gov.uk,
royalberkshirefire.gov.uk,
royalgreenwich.gov.uk,Greenwich London Borough Council
royalwoottonbassett.gov.uk,Royal Wootton Bassett
roydon-southnorfolk-pc.gov.uk,
roydon-westnorfolk-pc.gov.uk,
roydonessex-parish.gov.uk,
roystontowncouncil.gov.uk,Royston Town Council
ruanlanihorne-pc.gov.uk,
ruardean-pc.gov.uk,
ruckinge-pc.gov.uk,
rudbyparishcouncil.gov.uk,
ruddingtonparishcouncil.gov.uk,Ruddington Parish Council
rudfordandhighleadonparishcouncil.gov.uk,
rudgwick-pc.gov.uk,
rudheath-pc.gov.uk,
rudstonparishcouncil.gov.uk,
ruffordandholmeswood-pc.gov.uk,
ruffordparishcouncil.gov.uk,
rufforthwithknapton-pc.gov.uk,
rugby.gov.uk,Rugby Borough Council
rugeleytowncouncil.gov.uk,Rugeley Town Council
ruishtonparish.gov.uk,
rumburgh-pc.gov.uk,
runctonholme-pc.gov.uk,
runnymede.gov.uk,Runnymede Borough Council
runton-pc.gov.uk,
runwellparishcouncil.gov.uk,
ruscombe-pc.gov.uk,
rushbrookewithrougham-pc.gov.uk,
rushburyparishcouncil.gov.uk,
rushcliffe.gov.uk,Rushcliffe Borough Council
rushdentowncouncil.gov.uk,Rushden Town Council
rushdenwallington-pc.gov.uk,
rushmerestandrew-pc.gov.uk,
rushmoor.gov.uk,Rushmoor Borough Council
rushockparishcouncil.gov.uk,
rushtonparish.gov.uk,
rushtonparishcouncil.gov.uk,
rushwickparishcouncil.gov.uk,
ruskington-pc.gov.uk,
rusper-pc.gov.uk,
ruspidgesoudley-pc.gov.uk,
rusthall-pc.gov.uk,
rustington-pc.gov.uk,
ruthintowncouncil.gov.uk,Ruthin
rutland.gov.uk,Rutland County Council
ryarsh-pc.gov.uk,
ryburgh-pc.gov.uk,
rydetowncouncil.gov.uk,Ryde Town Council
ryedale.gov.uk,Ryedale District Council
ryetowncouncil.gov.uk,Rye Town Council
ryhallparishcouncil.gov.uk,
ryhillparish.gov.uk,
rythercumossendykeparishcouncil.gov.uk,
rytonandgrindle-pc.gov.uk,
rytonondunsmoreparishcouncil.gov.uk,
sabden-pc.gov.uk,
sacristonparishcouncil.gov.uk,
sadbergeparishcouncil.gov.uk,
saferderbyshire.gov.uk,
saffronwalden.gov.uk,Saffron Walden Town Council
sahamtoney-pc.gov.uk,
salcombetowncouncil.gov.uk,Salcombe
salehurstparishcouncil.gov.uk,
salesbury-pc.gov.uk,
salewayparishcouncil.gov.uk,
salford.gov.uk,Salford City Council
salfordpriors.gov.uk,Salford Priors Parish Council
salhouseparishcouncil.gov.uk,
salings-pc.gov.uk,
salisburycitycouncil.gov.uk,Salisbury City Council
saltash.gov.uk,Saltash Town Council
saltburnmarskenewmarske-pc.gov.uk,
salterforth-pc.gov.uk,
saltfleetbyparishcouncil.gov.uk,
saltfordparishcouncil.gov.uk,
salthouseparishcouncil.gov.uk,
saltneytowncouncil.gov.uk,Saltney Town Council
salwparishcouncil.gov.uk,
samlesburyandcuerdaleparishcouncil.gov.uk,
sampfordarundel-pc.gov.uk,Sampford Arundel
sampfordbrett-pc.gov.uk,
sampfordcourtenay-pc.gov.uk,
sampfordpeverellparishcouncil.gov.uk,
sancreed-pc.gov.uk,
sanctonparishcouncil.gov.uk,
sandbach.gov.uk,Sandbach Town Council
sandford-on-thames-pc.gov.uk,
sandfordparishcouncil.gov.uk,
sandfordstmartin-pc.gov.uk,
sandgate-pc.gov.uk,
sandhurst-pc.gov.uk,
sandhurst.gov.uk,Sandhurst Town Council
sandhurstparishcouncil.gov.uk,
sandleheath.gov.uk,Sandleheath
sandon-essex-parishcouncil.gov.uk,
sandonburstonparishcouncil.gov.uk,
sandowntowncouncil.gov.uk,Sandown Town Council
sandridge-pc.gov.uk,
sandwell.gov.uk,Sandwell Metropolitan Borough Council
sandwichtowncouncil.gov.uk,Sandwich Town Council
sandymoorparishcouncil.gov.uk,
sandytowncouncil.gov.uk,Sandy Town Council
sapcoteparishcouncil.gov.uk,
sappertonparishcouncil.gov.uk,
saredonparishcouncil.gov.uk,
sarrattparishcouncil.gov.uk,
satleyparishcouncil.gov.uk,
satterthwaiteparishcouncil.gov.uk,
sawbridgeworth-tc.gov.uk,Sawbridgeworth Town Council
sawleyparishcouncil.gov.uk,
sawstonparishcouncil.gov.uk,
sawtry-pc.gov.uk,
saxbyallsaints-pc.gov.uk,
saxilbyparishcouncil.gov.uk,
saxlinghamnethergate-pc.gov.uk,
saxmundham-tc.gov.uk,
saxtead-pc.gov.uk,
saxtonparishcouncil.gov.uk,
sbl-pc.gov.uk,
scagglethorpe-pc.gov.uk,
scaldwellparishcouncil.gov.uk,
scaleby-pc.gov.uk,
scalford-pc.gov.uk,
scambs.gov.uk,South Cambridgeshire District Council
scampton-pc.gov.uk,
scarborough.gov.uk,Scarborough Borough Council
scarboroughtowncouncil.gov.uk,
scarcliffeparishcouncil.gov.uk,
scarcroftparishcouncil.gov.uk,
scarisbrickparish.gov.uk,
scarning-pc.gov.uk,
scilly.gov.uk,Council of the Isles of Scilly
scillyifca.gov.uk,
scorton-pc.gov.uk,
scotborders.gov.uk,Scottish Borders Council
scotfirecontrol.gov.uk,
scothern-pc.gov.uk,
scotter-pc.gov.uk,
scotton-lincs-pc.gov.uk,
scotton-pc.gov.uk,
scottonlingerfield-pc.gov.uk,
scottowparishcouncil.gov.uk,
scraptoftparishcouncil.gov.uk,
scredington-pc.gov.uk,
screvetonparishmeeting.gov.uk,
sculthorpe-pc.gov.uk,
sd-pc.gov.uk,
seafordtowncouncil.gov.uk,Seaford Town Council
seagraveparishcouncil.gov.uk,
seagryparishcouncil.gov.uk,Seagry Parish Council
seaham.gov.uk,Seaham Town Council
sealeandsands-pc.gov.uk,
sealparish.gov.uk,
seamercrossgates-pc.gov.uk,
seamerparishcouncil.gov.uk,
seaton.gov.uk,Seaton Town Council
seatonparishcouncil.gov.uk,
seatonrutland-pc.gov.uk,
seatonvalleycommunitycouncil.gov.uk,Seaton Valley Parish Council
seatonwithslingleyparishcouncil.gov.uk,
seavingtonparishcouncil.gov.uk,
seberghamwelton-pc.gov.uk,
secouncils.gov.uk,
sedberghparishcouncil.gov.uk,
sedgebrook-pc.gov.uk,
sedgefieldtowncouncil.gov.uk,Sedgefield Town Council
sedgefordparishcouncil.gov.uk,
sedgehillsemley-pc.gov.uk,
sedgemoor.gov.uk,Sedgemoor
sedgwickparishcouncil.gov.uk,
sedlescombeparishcouncil.gov.uk,
seendparishcouncil.gov.uk,
seergreenparishcouncil.gov.uk,
sefton.gov.uk,Sefton Metropolitan Borough Council
seighfordparishcouncil.gov.uk,
selattyngobowen-pc.gov.uk,
selborneparishcouncil.gov.uk,Selborne Parish Council
selby.gov.uk,Selby District Council
selbytowncouncil.gov.uk,Selby
sellackparishcouncil.gov.uk,
sellindge-pc.gov.uk,
sellingparishcouncil.gov.uk,
selseytowncouncil.gov.uk,Selsey Town Council
selstonparishcouncil.gov.uk,
selwoodparishcouncil.gov.uk,
semerparishcouncil.gov.uk,
semingtonparish.gov.uk,
sendparishcouncil.gov.uk,
seneleygreenparishcouncil.gov.uk,
sennen-pc.gov.uk,
sessayparishcouncil.gov.uk,
settletowncouncil.gov.uk,Settle Town Council
settringtonparishcouncil.gov.uk,
sevenhamptonparishcouncil.gov.uk,
sevenoaks.gov.uk,Sevenoaks District Council
sevenoakstown.gov.uk,Sevenoaks Town Council
severnstokeandcroomedabitot-pc.gov.uk,
sevingtonwithfinberry-pc.gov.uk,
shabbington-pc.gov.uk,
shacklefordparishcouncil.gov.uk,
shadforthparishcouncil.gov.uk,
shadingfield-jpc.gov.uk,
shadoxhurst-pc.gov.uk,
shaftesbury-tc.gov.uk,Shaftesbury Town Council
shalden-pc.gov.uk,
shaldonparishcouncil.gov.uk,
shalfleet-pc.gov.uk,
shalford-cc.gov.uk,
shalford-essex-pc.gov.uk,
shalford-pc.gov.uk,
shardlowandgreatwilne-pc.gov.uk,
shareshillparish.gov.uk,
sharlstonparishcouncil.gov.uk,
sharnbrook-pc.gov.uk,
sharnfordparishcouncil.gov.uk,
shaughpriorparish.gov.uk,
shawandcrompton-tc.gov.uk,
shawbury-pc.gov.uk,
shawcumdonningtonparish.gov.uk,
shearsbyparishcouncil.gov.uk,Shearsby Parish Council
shebbearparishcouncil.gov.uk,
shedfield-pc.gov.uk,
sheen-pc.gov.uk,
sheeringparishcouncil.gov.uk,
sheetparishcouncil.gov.uk,
sheffield.gov.uk,Sheffield City Council
sheffordtowncouncil.gov.uk,
shelfanger-pc.gov.uk,
shelfordparishcouncil.gov.uk,
shelsleys-pc.gov.uk,
shenleybrookend-pc.gov.uk,
shenleychurchend-pc.gov.uk,
shenleyparishcouncil.gov.uk,
shepherdswellcoldred-pc.gov.uk,
sheprethparishcouncil.gov.uk,
sheptonbeauchamp-pc.gov.uk,
sheptonmallet-tc.gov.uk,Shepton Mallet Town Council
sheptonmontagueparish.gov.uk,
sherborne-tc.gov.uk,Sherborne Town Council
sherbornestjohn-pc.gov.uk,
sherburninelmet-tc.gov.uk,
sherburnparishcouncil.gov.uk,
shereparishcouncil.gov.uk,Shere Parish Council
sherfieldenglish-pc.gov.uk,
sherfieldonloddon-pc.gov.uk,
sherfieldparkparishcouncil.gov.uk,
sheriffhales-pc.gov.uk,
sheriffhuttonparishcouncil.gov.uk,
sheringhamtowncouncil.gov.uk,Sheringham Town Council
sherington-pc.gov.uk,
shetland.gov.uk,Shetland Islands Council
shevingtonpc.gov.uk,
sheviockparishcouncil.gov.uk,
shifnaltowncouncil.gov.uk,Shifnal Town Council
shilbottle-pc.gov.uk,
shildon.gov.uk,Shildon Town Council
shillingford-pc.gov.uk,
shillingstone-pc.gov.uk,
shillington-pc.gov.uk,
shiltonandbarnacleparishcouncil.gov.uk,
shiltonparishcouncil.gov.uk,
shimpling-pc.gov.uk,
shincliffeparish.gov.uk,
shinfieldparish.gov.uk,
shipbourneparishcouncil.gov.uk,
shipdhamparish.gov.uk,
shiphamparishcouncil.gov.uk,
shipley-derbyshire-pc.gov.uk,
shipley-pc.gov.uk,
shipleytowncouncil.gov.uk,
shipton-pc.gov.uk,
shiptonmoyne-pc.gov.uk,
shiptonthorpeparishcouncil.gov.uk,
shirebrooktowncouncil.gov.uk,Shirebrook Town Council
shiregroup-idbs.gov.uk,
shireoaks-pc.gov.uk,
shirlandhigham-pc.gov.uk,
shirley-pc.gov.uk,
shobdonparishcouncil.gov.uk,
shobnall-pc.gov.uk,
sholdenparishcouncil.gov.uk,
sholland.gov.uk,South Holland District Council
shorehamparishcouncil.gov.uk,
shoreswoodparishcouncil.gov.uk,
shortstown-pc.gov.uk,
shorwellparishcouncil.gov.uk,
shoscombeparishcouncil.gov.uk,
shottisham-pc.gov.uk,
shottonparish.gov.uk,
shouldham-pc.gov.uk,
shrawleyparishcouncil.gov.uk,
shrewleyparish.gov.uk,
shrewsburytowncouncil.gov.uk,Shrewsbury Town Council
shrewtonparishcouncil.gov.uk,
shrophamparishcouncil.gov.uk,
shropshire.gov.uk,Shropshire Council
shropshirefire.gov.uk,
shroton-pc.gov.uk,
shurdington-pc.gov.uk,
shute-pc.gov.uk,
shutlangerparishcouncil.gov.uk,
shutt-pc.gov.uk,
sibbertoftparishcouncil.gov.uk,
siblehedingham-pc.gov.uk,
sibthorpeparish.gov.uk,
sidestrand-pc.gov.uk,
sidleshamparishcouncil.gov.uk,
sidmouth.gov.uk,Sidmouth Town Council
silchester-pc.gov.uk,Silchester
silebyparishcouncil.gov.uk,
silkstoneparishcouncil.gov.uk,
silkwilloughby-pc.gov.uk,
silloth-on-solway-tc.gov.uk,
silsdentowncouncil.gov.uk,
siltonsandkepwick-pc.gov.uk,
silverdale-staffs-pc.gov.uk,
silverendparishcouncil.gov.uk,Silver End
silverstone-pc.gov.uk,Silverstone
simonburnparishcouncil.gov.uk,
simonstone-pc.gov.uk,
simonswood-pc.gov.uk,
simpsonashland-pc.gov.uk,
singletonandcharltonparishcouncil.gov.uk,
singletoncharlton-pc.gov.uk,
sistonparishcouncil.gov.uk,
sithney-pc.gov.uk,
sitlingtonparishcouncil.gov.uk,
sixpennyhandleyandpentridge-pc.gov.uk,
skeeby-pc.gov.uk,
skegness.gov.uk,Skegness Town Council
skellingthorpeparishcouncil.gov.uk,
skelsmerghandscalthwaiterigg-pc.gov.uk,
skeltonbrotton-pc.gov.uk,
skidbrookecumsaltfleet-pc.gov.uk,
skidbyparishcouncil.gov.uk,
skiptontowncouncil.gov.uk,Skipton Town Council
skipwith-pc.gov.uk,
skirlaughparishcouncil.gov.uk,
slaleyparishcouncil.gov.uk,
slapton-pc.gov.uk,
slaptonparishcouncil-devon.gov.uk,
slaugham-pc.gov.uk,
sleaford.gov.uk,Sleaford Town Council
slimbridge-pc.gov.uk,
slindonparishcouncil.gov.uk,
slinfold-pc.gov.uk,Slinfold Parish Council
slipendparishcouncil.gov.uk,
sloley-pc.gov.uk,
slough.gov.uk,Slough Borough Council
slynewithhest-pc.gov.uk,
smallburghparishcouncil.gov.uk,
smalleyparishcouncil.gov.uk,
smannell-pc.gov.uk,
smardenparishcouncil.gov.uk,
smeethparishcouncil.gov.uk,
smeetonwesterby-pc.gov.uk,
smisbyparishcouncil.gov.uk,
smithswood-pc.gov.uk,
snailwellparishcouncil.gov.uk,
snaintonparishcouncil.gov.uk,
snape-pc.gov.uk,
snapewiththorp-pc.gov.uk,
snetterton-pc.gov.uk,
snettishamparishcouncil.gov.uk,
snitterbyparishcouncil.gov.uk,
snitterfieldparishcouncil.gov.uk,
snodlandtowncouncil.gov.uk,
snowdonia-npa.gov.uk,
soberton-pc.gov.uk,
sodburytowncouncil.gov.uk,Sodbury Town Council
soham-tc.gov.uk,Soham Town Council
solihull.gov.uk,Solihull Metropolitan Borough Council
somerbyparish.gov.uk,
somercotesparishcouncil.gov.uk,
somerfordkeynes-pc.gov.uk,
somerfordparishcouncil.gov.uk,
somerset.gov.uk,Somerset Council
somersetdrainageboards.gov.uk,
somersetwaste.gov.uk,
somersetwestandtaunton.gov.uk,Somerset West and Taunton
somersham-pc.gov.uk,
somershamsuffolk-pc.gov.uk,
somertonparishcouncil.gov.uk,
somertontowncouncil.gov.uk,Somerton Town Council
sompting-pc.gov.uk,
sonning-pc.gov.uk,Sonning Parish Council
sonningcommon-pc.gov.uk,
sonningcommonparishcouncil.gov.uk,
soulbyparishcouncil.gov.uk,
south-ayrshire.gov.uk,South Ayrshire Council
south-hams-dc.gov.uk,South Hams
south-hill-pc.gov.uk,
south-hykeham-pc.gov.uk,
south-norfolk.gov.uk,South Norfolk District Council
southam-pc.gov.uk,
southamcouncil-warks.gov.uk,Southam Town Council
southampton.gov.uk,Southampton City Council
southbedburnparish.gov.uk,
southborough-tc.gov.uk,
southbourne-pc.gov.uk,
southbucks.gov.uk,South Bucks District Council
southcavepc.gov.uk,South Cave
southcreake-pc.gov.uk,
southcroxtonparish.gov.uk,
southdarleyparishcouncil.gov.uk,
southderbyshire.gov.uk,South Derbyshire District Council
southdowns.gov.uk,South Downs National Park Authority
southeastrcc.gov.uk,
southend.gov.uk,Southend-on-Sea City Council
southern-ifca.gov.uk,
southeryparishcouncil.gov.uk,
southferribyparishcouncil.gov.uk,
southfleetparishcouncil.gov.uk,
southglos.gov.uk,South Gloucestershire Council
southhams.gov.uk,South Hams District Council
southhanningfield-pc.gov.uk,
southhettonparishcouncil.gov.uk,
southhiendleyparishcouncil.gov.uk,
southhinksey-pc.gov.uk,
southhuish-pc.gov.uk,
southillparishcouncil.gov.uk,
southkelseyandmoortown-pc.gov.uk,
southkelseyandmoortownparishcouncil.gov.uk,
southkesteven.gov.uk,South Kesteven District Council
southkillingholmeparishcouncil.gov.uk,
southkirkbyandmoorthorpetowncouncil.gov.uk,South Kirkby and Moorthorpe Town Council
southkymeparishcouncil.gov.uk,
southlakeland.gov.uk,South Lakeland District Council
southlanarkshire.gov.uk,South Lanarkshire Council
southleighandhighcogges-pc.gov.uk,South Leigh and High Cogges
southleverton-pc.gov.uk,
southlophamparishcouncil.gov.uk,
southmiltonparishcouncil.gov.uk,
southminsterparishcouncil.gov.uk,
southmoretonparishcouncil.gov.uk,
southnewingtonparishcouncil.gov.uk,
southnewton-pc.gov.uk,
southnormantonparishcouncil.gov.uk,
southnorthants.gov.uk,South Northamptonshire Council
southoe-pc.gov.uk,
southorpe-pc.gov.uk,
southorpeparish.gov.uk,
southoxon.gov.uk,South Oxfordshire District Council
southperrottparishcouncil.gov.uk,
southpethertonparishcouncil.gov.uk,South Petherton Parish Council
southpetherwinparishcouncil.gov.uk,
southpickenhamparishcouncil.gov.uk,
southpoolparishcouncil.gov.uk,
southreppsparishcouncil.gov.uk,
southribble.gov.uk,South Ribble Borough Council
southrop-pc.gov.uk,
southscarleparishmeeting.gov.uk,
southsomercotespc.gov.uk,
southsomerset.gov.uk,South Somerset District Council
southstoke-pc.gov.uk,
southswindon-pc.gov.uk,
southtyneside.gov.uk,South Tyneside
southwales-fire.gov.uk,
southwalsham-pc.gov.uk,
southwark.gov.uk,Southwark London Borough Council
southwater-pc.gov.uk,Southwater Parish Council
southwell-tc.gov.uk,
southwick-widley-pc.gov.uk,
southwillesboroughnewtown-cc.gov.uk,
southwingfieldparishcouncil.gov.uk,
southwithamparishcouncil.gov.uk,
southwold-tc.gov.uk,
southwonston-pc.gov.uk,South Wonston Parish Council
southwoodhamferrerstc.gov.uk,South Woodham Ferrers Town Council
southwootton-pc.gov.uk,
southwraxall-pc.gov.uk,
southyorkshire-ca.gov.uk,South Yorkshire Mayoral Combined Authority
southyorkshire-pcc.gov.uk,
sowerbyparishcouncil.gov.uk,
spaldingtonparishcouncil.gov.uk,
sparhamparishcouncil.gov.uk,
sparkford-pc.gov.uk,
sparkwellparishcouncil.gov.uk,
sparsholt-pc.gov.uk,
sparsholtparishcouncil.gov.uk,
speenparishcouncil.gov.uk,
speldhurstparishcouncil.gov.uk,Speldhurst Parish Council
spelsbury-pc.gov.uk,
spelthorne.gov.uk,Spelthorne Borough Council
spennymoor-tc.gov.uk,Spennymoor Town Council
spetisburyparishcouncil.gov.uk,
spexhall-pc.gov.uk,
spilsbytowncouncil.gov.uk,
spittal-cc.gov.uk,
spixworthparishcouncil.gov.uk,
spoonerrow-cc.gov.uk,
sporle-pc.gov.uk,
spridlington-pc.gov.uk,
springfield-pc.gov.uk,
sprotbroughandcusworthparishcouncil.gov.uk,
sproughton-pc.gov.uk,
sprowston-tc.gov.uk,
spw-pc.gov.uk,
ssqparishcouncil.gov.uk,
sstaffs.gov.uk,South Staffordshire Council
st-ewe-pc.gov.uk,
st-ive-parishcouncil.gov.uk,
stadhampton-pc.gov.uk,
staffordbc.gov.uk,Stafford Borough Council
staffordshire-pfcc.gov.uk,
staffordshire.gov.uk,Staffordshire County Council
staffordshirefire.gov.uk,
staffsfire.gov.uk,
staffslc.gov.uk,Brindley Heath Parish Council
staffsmoorlands.gov.uk,Staffordshire Moorlands District Council
stagnes-pc.gov.uk,
stagsden-pc.gov.uk,
staindropparishcouncil.gov.uk,
stainforth-pc.gov.uk,
stainforthtowncouncil.gov.uk,Stainforth Town Council
staining-pc.gov.uk,
stainlanddistrict-pc.gov.uk,
stainton-pc.gov.uk,
staintonandstreatlam-pc.gov.uk,
staintondale-pc.gov.uk,
stalbans.gov.uk,St Albans City and District Council
stalbansparishcouncil.gov.uk,
stalbridgetowncouncil.gov.uk,Stalbridge Town Council
stalham-tc.gov.uk,
stallenparishcouncil.gov.uk,
stalmine-with-staynall-pc.gov.uk,
stambridge-pc.gov.uk,
stamfordbridge-pc.gov.uk,
stamfordtowncouncil.gov.uk,Stamford Town Council
stanbridgeparishcouncil.gov.uk,
standonparishcouncil.gov.uk,
standrews-pc.gov.uk,
stanforddingley-pc.gov.uk,
stanfordinthevale-pc.gov.uk,
stanfordparish.gov.uk,
stanfordrivers-pc.gov.uk,
stanhope-pc.gov.uk,
stanionparish.gov.uk,
stanley-tc.gov.uk,Stanley Town Council
stanleyandstanleycommon-pc.gov.uk,
stannesonthesea-tc.gov.uk,St Anne's on the Sea Town Council
stansfieldparishcouncil.gov.uk,
stansteadabbottsparishcouncil.gov.uk,
stansteadparishcouncil.gov.uk,
stansteadstmargaretsparishcouncil.gov.uk,
stansted-pc.gov.uk,
stanstedmountfitchet-pc.gov.uk,
stanstedparishcouncil.gov.uk,
stanton-harcourt-pc.gov.uk,
stanton-pc.gov.uk,
stantonbury-pc.gov.uk,
stantonfitzwarren-pc.gov.uk,
stantonlacy-pc.gov.uk,
stantonparishcouncil.gov.uk,
stantonstjohnparishcouncil.gov.uk,
stantonunderbardonparishcouncil.gov.uk,
stanway-pc.gov.uk,
stanwayparishcouncil.gov.uk,
stanwickstjohn-pc.gov.uk,
stanwixrural-pc.gov.uk,
stapeleyparishcouncil.gov.uk,Stapeley and District
stapenhillparishcouncil.gov.uk,
stapleford-tc.gov.uk,Stapleford Town Council
staplefordparishcouncil.gov.uk,
staplehillandmangotsfield-pc.gov.uk,Staple Hill and Mangotsfield
staplehurst-pc.gov.uk,
stapletoncleasby-pc.gov.uk,
stapletongroupparishcouncil.gov.uk,
staploe-pc.gov.uk,
starcrossparishcouncil.gov.uk,
starstonparishcouncil.gov.uk,
startforthparishcouncil.gov.uk,
stasaphcitycouncil.gov.uk,
stathancommunitycouncil.gov.uk,
stathernparishcouncil.gov.uk,
staunton-pc.gov.uk,
stauntoncoleford-pc.gov.uk,
stauntononwye-pc.gov.uk,
staustell-tc.gov.uk,St Austell Town Council
staustellbay-pc.gov.uk,
staveleytowncouncil.gov.uk,Staveley Town Council
staveleywithingsparishcouncil.gov.uk,
staverton-pc.gov.uk,
stavertondevon-pc.gov.uk,
stavertonparishcouncil.gov.uk,
stbreockparishcouncil.gov.uk,
stbrewardparishcouncil.gov.uk,
stbriavels-pc.gov.uk,
stbridesmajor-cc.gov.uk,
stburyanlamorna-pc.gov.uk,St Buryan & Lamorna Parish Council
stburyanlamornapaul-pc.gov.uk,
stcleerparishcouncil.gov.uk,St Cleer Parish Council
stclementparishcouncil.gov.uk,
stcolumbmajor-tc.gov.uk,St Columb Major Town Council
stcuthbertout-pc.gov.uk,
stcuthbertwithout-pc.gov.uk,
stdayparishcouncil.gov.uk,
stdennisparishcouncil.gov.uk,
stdominic-pc.gov.uk,
stdonats-cc.gov.uk,
stebbing-pc.gov.uk,
stedhamwithiping-pc.gov.uk,
stedsbc.gov.uk,
steep-pc.gov.uk,Steep Parish Council
steeplebumpstead-pc.gov.uk,
steepleclaydonparishcouncil.gov.uk,Steeple Claydon Parish Council
steeplelangford-pc.gov.uk,
steeplemorden-pc.gov.uk,
steepleparishcouncil.gov.uk,
steeton-with-eastburnparishcouncil.gov.uk,
stellingminnisparishcouncil.gov.uk,
stendellionparish.gov.uk,
stensonfields-pc.gov.uk,
steppingleyparishcouncil.gov.uk,
sterth-pc.gov.uk,
stervanparishcouncil.gov.uk,
stetchworth-pc.gov.uk,
stevenage.gov.uk,Stevenage Borough Council
steventonparishcouncil.gov.uk,
stevington-pc.gov.uk,
stewartbykhparishcouncil.gov.uk,
stewkleyparishcouncil.gov.uk,
steyningpc.gov.uk,
stfaithsparishcouncil.gov.uk,
stgennys-pc.gov.uk,
stgeorgesandpriorslee-pc.gov.uk,
stgeorgesparishcouncil.gov.uk,
stgermansparishcouncil.gov.uk,
stgoran-pc.gov.uk,
stharmoncommunitycouncil.gov.uk,
sthelens.gov.uk,St Helens Metropolitan Borough Council
sthelenwithout-pc.gov.uk,
stibbardparishcouncil.gov.uk,
stickfordparishcouncil.gov.uk,
sticklepathparish.gov.uk,
stickneyparishcouncil.gov.uk,
stiffkeyparishcouncil.gov.uk,
stillingfleetparishcouncil.gov.uk,
stillingtonandwhitton-pc.gov.uk,
stillingtonparishcouncil.gov.uk,
stiltonparishcouncil.gov.uk,
stinchcombeparishcouncil.gov.uk,
stinsfordparishcouncil.gov.uk,
stippolyts-pc.gov.uk,
stirchleyandbrooksideparishcouncil.gov.uk,
stirling.gov.uk,Stirling Council
stisseyparishcouncil.gov.uk,
stisted-pc.gov.uk,
stives-tc.gov.uk,
stivestowncouncil-cornwall.gov.uk,St Ives Town Council
stivestowncouncil.gov.uk,St Ives Town Council
stjamesisleofgrain-pc.gov.uk,
stjohnparishcouncil.gov.uk,
stjohnscastlerigg-pc.gov.uk,
stjustinroseland-pc.gov.uk,
stjusttowncouncil.gov.uk,
stkeverneparishcouncil.gov.uk,
stkewparishcouncil.gov.uk,
stkeyneandtrewidlandparish.gov.uk,
stlawrence-pc.gov.uk,
stleonardsparishcouncil.gov.uk,
stlevan-pc.gov.uk,
stmabynparishcouncil.gov.uk,
stmargaretsparishcouncil.gov.uk,
stmartha-pc.gov.uk,
stmartin-in-meneage-pc.gov.uk,
stmartinbylooe-pc.gov.uk,
stmartins-pc.gov.uk,
stmartinsparishcouncil.gov.uk,
stmartinswithout-pc.gov.uk,
stmarybourne-pc.gov.uk,
stmaryhoo-pc.gov.uk,
stmaryinthemarsh-pc.gov.uk,
stmawganparishcouncil.gov.uk,
stmellion-pc.gov.uk,St Mellion
stmerrynparishcouncil.gov.uk,
stmewanparishcouncil.gov.uk,
stminverhighlands-pc.gov.uk,
stminverlowlands-pc.gov.uk,
stneots-tc.gov.uk,St Neots Town Council
stnicholasbonvilston-cc.gov.uk,
stock-pc.gov.uk,
stockandbradley-pc.gov.uk,
stockburyparishcouncil.gov.uk,
stockport.gov.uk,Stockport Metropolitan Borough Council
stockportmbc.gov.uk,
stocksbridgetowncouncil.gov.uk,
stocksfield-pc.gov.uk,
stockton-pc.gov.uk,
stockton-warks-pc.gov.uk,
stockton.gov.uk,Stockton-on-Tees Borough Council
stocktonheath-pc.gov.uk,
stocktonontheforestparishcouncil.gov.uk,
stocktonparishcouncil.gov.uk,
stodywithhunworth-pc.gov.uk,
stogumberparishcouncil.gov.uk,
stoke-sub-hamdon-pc.gov.uk,
stoke.gov.uk,Stoke-on-Trent City Council
stokeandhurleston-pc.gov.uk,Stoke and Hurleston
stokeashandthwaite-pc.gov.uk,
stokebruerneparishcouncil.gov.uk,
stokebyclare-pc.gov.uk,
stokeclimslandparishcouncil.gov.uk,
stokeferry-pc.gov.uk,
stokegabrielparishcouncil.gov.uk,
stokegoldingparishcouncil.gov.uk,
stokegoldingtonparishcouncil.gov.uk,
stokehammond-pc.gov.uk,
stokeholycross-pc.gov.uk,
stokeinteignheadparishcouncil.gov.uk,
stokekent-pc.gov.uk,
stokelacyparishcouncil.gov.uk,
stokelodgeandthecommon-pc.gov.uk,
stokelyneparishcouncil.gov.uk,
stokemandeville-pc.gov.uk,
stokenchurch-pc.gov.uk,
stokenham-pc.gov.uk,
stokeorchardandtredington-pc.gov.uk,
stokeparkandcheswick-pc.gov.uk,
stokepogesparishcouncil.gov.uk,Stoke Poges Parish Council
stokeriversparish.gov.uk,
stokerowpc.gov.uk,
stokesleytowncouncil.gov.uk,
stokestgregoryparishcouncil.gov.uk,
stokestmaryparish.gov.uk,
stokestmilboroughparish.gov.uk,
stokeuponternparishcouncil.gov.uk,
stondon-pc.gov.uk,Stondon Parish Council
stone-cum-ebonyparishcouncil.gov.uk,
stone-tc.gov.uk,
stonehousetowncouncil.gov.uk,
stoneleighashowparishcouncil.gov.uk,
stoneparishcouncil.gov.uk,
stoneruralparish.gov.uk,
stonesfield-pc.gov.uk,
stonetowncouncil.gov.uk,Stone Town Council
stoneystantonpc.gov.uk,
stonhamparva-pc.gov.uk,
stonystratford.gov.uk,Stony Stratford Town Council
storrington-pc.gov.uk,
stosyth.gov.uk,St Osyth Parish Council
stotfoldtowncouncil.gov.uk,Stotfold Town Council
stottesdon-pc.gov.uk,
stoughton-wsx-pc.gov.uk,
stoughtonpc.gov.uk,
stoultonparishcouncil.gov.uk,
stourporttowncouncil.gov.uk,
stours-pc.gov.uk,
stourtoncaundleparishcouncil.gov.uk,
stowbardolph-pc.gov.uk,
stowbedonandbreckles-pc.gov.uk,
stowcumquy-pc.gov.uk,
stowe-by-chartley-pc.gov.uk,
stoweninechurches-pc.gov.uk,
stowlangtoft-pc.gov.uk,
stowlonga-pc.gov.uk,
stowmarkettowncouncil.gov.uk,Stowmarket Town Council
stowonthewold-tc.gov.uk,Stow-on-the-Wold Town Council
stpetersparishcouncil.gov.uk,
stpinnockparishcouncil.gov.uk,
stradishallparishcouncil.gov.uk,
stratfieldsaye-pc.gov.uk,
stratfieldturgisparish.gov.uk,
stratford-dc.gov.uk,
stratford-tc.gov.uk,Stratford-upon-Avon Town Council
stratford.gov.uk,Stratford-on-Avon District Council
stratton-pc.gov.uk,
strattonaudleyparishcouncil.gov.uk,
strattonparishcouncil.gov.uk,
strattonstmargaret.gov.uk,Stratton St Margaret Parish Council
strattonstrawless-pc.gov.uk,
streatley-pc.gov.uk,Streatley
street-pc.gov.uk,Street
streethayparishcouncil.gov.uk,
strensalltowthorpeparishcouncil.gov.uk,
strenshamparish.gov.uk,
strete-pc.gov.uk,
strethamparishcouncil.gov.uk,
stretton-on-dunsmore-parishcouncil.gov.uk,
stretton-pc.gov.uk,
strettonparishcouncil.gov.uk,
strettonsugwasparishcouncil.gov.uk,
stroud-pc.gov.uk,
stroud.gov.uk,Stroud District Council
stroudtown.gov.uk,Stroud Town Council
strumpshaw-pc.gov.uk,
stsampsonparishcouncil.gov.uk,
ststephen-pc.gov.uk,
ststepheninbrannel-pc.gov.uk,
ststephenparishcouncil.gov.uk,
stteathparishcouncil.gov.uk,
sttudyparishcouncil.gov.uk,
studhamparishcouncil.gov.uk,
studlandparishcouncil.gov.uk,
studleyparishcouncil.gov.uk,
sturmer-pc.gov.uk,
sturminstermarshall-pc.gov.uk,
sturminsternewton-tc.gov.uk,Sturminster Newton Town Council
sturry-pc.gov.uk,
sturtonbystow-pc.gov.uk,
sturtonlesteepleparishcouncil.gov.uk,
stustonparish.gov.uk,
stutton-pc.gov.uk,
stuttonparishcouncil.gov.uk,
stveepandstwinnow-pc.gov.uk,
stwenn-pc.gov.uk,
stweonardsparishcouncil.gov.uk,
styalparishcouncil.gov.uk,
styrrupwitholdcotes-pc.gov.uk,
sudboroughparishcouncil.gov.uk,
sudbourne-pc.gov.uk,
sudbury-tc.gov.uk,
sudburyparishcouncil-derbyshire.gov.uk,
suffield-pc.gov.uk,
suffolk-alc.gov.uk,
suffolk-fire.gov.uk,
suffolk-pcc.gov.uk,
suffolk.gov.uk,Suffolk County Council
suffolkcc.gov.uk,
suffolkcoastal.gov.uk,Suffolk Coastal District Council
sufparish.gov.uk,
sulgrave-pc.gov.uk,
sulhamstead-pc.gov.uk,
sunderland.gov.uk,Sunderland City Council
sundon-pc.gov.uk,
sundridgewithidehill-pc.gov.uk,
sunningdale-pc.gov.uk,
sunninghillandascotparishcouncil.gov.uk,
sunningwell-pc.gov.uk,
surlingham-pc.gov.uk,
surrey-fire.gov.uk,
surrey-pcc.gov.uk,Surrey Police and Crime Commissioner
surreyalc.gov.uk,
surreycc.gov.uk,Surrey County Council
surreycountycouncil.gov.uk,
surreyheath.gov.uk,Surrey Heath Borough Council
sussex-ifca.gov.uk,
sussex-pcc.gov.uk,
sussexpcp.gov.uk,Sussex Police and Crime Panel
sutcombeparishcouncil.gov.uk,
suttertonparishcouncil.gov.uk,
sutton-cambs-pc.gov.uk,
sutton-norfolkparish.gov.uk,
sutton-pc.gov.uk,
sutton.gov.uk,Sutton London Borough Council
suttonathoneandhawleyparishcouncil.gov.uk,
suttonbengerparishcouncil.gov.uk,Sutton Benger Parish Council
suttonbridge-pc.gov.uk,
suttoncoldfieldtowncouncil.gov.uk,Royal Sutton Coldfield Town Council
suttoncourtenay-pc.gov.uk,Sutton Courtenay Parish Council
suttoncumduckmantonparishcouncil.gov.uk,
suttoncumlound-pc.gov.uk,
suttonparish.gov.uk,
suttonparishcouncil.gov.uk,
suttonstedmundparishcouncil.gov.uk,
suttonstjames-pc.gov.uk,
suttonstnicholasparishcouncil.gov.uk,
suttonunderwhitestonecliffeparishcouncil.gov.uk,Sutton-under-Whitestonecliffe Parish Council
suttonupontern-pc.gov.uk,
suttonveny-pc.gov.uk,
suttonwaldronparishcouncil.gov.uk,
suttonweaver-pc.gov.uk,
suttonwithshopland-pc.gov.uk,
swabygroupparishcouncil.gov.uk,
swaffhambulbeck-pc.gov.uk,
swaffhamprior-pc.gov.uk,
swaffhamtowncouncil.gov.uk,Swaffham Town Council
swafieldandbradfieldparishcouncil.gov.uk,
swalcliffe-pc.gov.uk,
swale.gov.uk,Swale Borough Council
swallowcliffeparishcouncil.gov.uk,
swallowfieldpc.gov.uk,
swanage.gov.uk,Swanage Town Council
swanbourneparishcouncil.gov.uk,
swanlandparishcouncil.gov.uk,
swanleytowncouncil.gov.uk,Swanley Town Council
swanmore-pc.gov.uk,
swannington-pc.gov.uk,
swanscombeandgreenhithetowncouncil.gov.uk,Swanscombe and Greenhithe Town Council
swansea.gov.uk,Swansea Council
swantonabbottparishcouncil.gov.uk,
swantonnoversparishcouncil.gov.uk,
swanwick-pc.gov.uk,
swardestonparish.gov.uk,
swatonparishcouncil.gov.uk,
swavesey-pc.gov.uk,
sway-pc.gov.uk,
swcouncils.gov.uk,
sweffling-pc.gov.uk,
swellparishcouncil.gov.uk,
swepstoneparishcouncil.gov.uk,
swerfordparishcouncil.gov.uk,
swillandandwitnesham-pc.gov.uk,
swillingtonparishcouncil.gov.uk,
swillingtonvillagecouncil.gov.uk,
swimbridgeparishcouncil.gov.uk,
swinderbyparishcouncil.gov.uk,
swindon-pc.gov.uk,
swindon.gov.uk,Swindon Borough Council
swineshead-pc.gov.uk,
swinfenandpackingtonparishcouncil.gov.uk,
swinfordparishcouncil.gov.uk,
swinton-pc.gov.uk,
swmcrematorium.gov.uk,
swyncombeparish.gov.uk,
swynnertonparish.gov.uk,
sydenhamparishcouncil.gov.uk,
syderstone-pc.gov.uk,
sydlingstnicholasparishcouncil.gov.uk,
syerstonparishmeeting.gov.uk,
syfire.gov.uk,
sykehouseparishcouncil.gov.uk,
syleham-pc.gov.uk,
symondsbury-pc.gov.uk,
syreshamparishcouncil.gov.uk,
systontowncouncil.gov.uk,
sywell-pc.gov.uk,
tableyparishcouncil.gov.uk,
tackley-pc.gov.uk,
tacolneston-pc.gov.uk,
tadcastertowncouncil.gov.uk,
tadleytowncouncil.gov.uk,
tadlowparishmeeting.gov.uk,
tadmarton-pc.gov.uk,
takeley-pc.gov.uk,
talatonparishcouncil.gov.uk,
talgarth-tc.gov.uk,
tallington-pc.gov.uk,
tameside.gov.uk,Tameside Metropolitan Borough Council
tamworth.gov.uk,Tamworth Borough Council
tandridge.gov.uk,Tandridge District Council
tandridgedc.gov.uk,
tanfield-pc.gov.uk,
tangleyparish.gov.uk,
tangmere-pc.gov.uk,
tansleyparish.gov.uk,
tanworth-pc.gov.uk,
taplow-pc.gov.uk,
tarleton-pc.gov.uk,
tarranthintonparishcouncil.gov.uk,
tarrantmonktonlaunceston-pc.gov.uk,
tarvinparishcouncil.gov.uk,
tasburghparishcouncil.gov.uk,
tasleyparish.gov.uk,
tatenhillrangemoreparishcouncil.gov.uk,
tathwellandhaugham-pc.gov.uk,
tatsfield-pc.gov.uk,
tattershallwiththorpe-pc.gov.uk,
tattingstoneparishcouncil.gov.uk,
taunton-tc.gov.uk,Taunton Town Council
tavistock.gov.uk,Tavistock Town Council
taynton-pc.gov.uk,
tayside-vjb.gov.uk,
taysidefire.gov.uk,
tealbyparish.gov.uk,
tedburnstmaryparishcouncil.gov.uk,
teesvalley-ca.gov.uk,Tees Valley Combined Authority
teignbridge.gov.uk,Teignbridge District Council
teignmouth-devon.gov.uk,Teignmouth Town Council
telford.gov.uk,Telford & Wrekin Council
telscombetowncouncil.gov.uk,Telscombe Town Council
templeewellparishcouncil.gov.uk,
templegrafton-pc.gov.uk,
templeguiting-pc.gov.uk,
templenormantonparishcouncil.gov.uk,
tenburytowncouncil.gov.uk,
tendringdc.gov.uk,Tendring District Council
tendringparishcouncil.gov.uk,
tenterdentowncouncil.gov.uk,Tenterden Town Council
terlingfairstead-pc.gov.uk,
terrington-st-clement-pc.gov.uk,
testonparishcouncil.gov.uk,
testvalley.gov.uk,Test Valley Borough Council
tetbury.gov.uk,Tetbury Town Council
tetburyupton-pc.gov.uk,
tetfordparishcouncil.gov.uk,
tetneyparishcouncil.gov.uk,
tetsworthparishcouncil.gov.uk,
tevershamparishcouncil.gov.uk,
tewkesbury.gov.uk,Tewkesbury Borough Council
tewkesburybc.gov.uk,Tewkesbury
tewkesburytowncouncil.gov.uk,Tewkesbury Town Council
teynhamparishcouncil.gov.uk,
thakehamparish.gov.uk,
thamesvalley-pcc.gov.uk,
thametowncouncil.gov.uk,Thame Town Council
thanet.gov.uk,Thanet District Council
thanington-pc.gov.uk,
tharstonandhapton-pc.gov.uk,
thatchamtowncouncil.gov.uk,Thatcham Town Council
thaxted-pc.gov.uk,
thealeparishcouncil.gov.uk,Theale Parish Council
thebertoneastbridge-pc.gov.uk,
thecharltonsparishcouncil.gov.uk,
theddingworthparishcouncil.gov.uk,
theddlethorpeparishcouncil.gov.uk,
theflyfordsparishcouncil.gov.uk,
thegorgeparishcouncil.gov.uk,The Gorge Parish Council
thehavenscommunitycouncil.gov.uk,
thelbridge-pc.gov.uk,
theleaparishcouncil.gov.uk,
therfieldparishcouncil.gov.uk,
thesampfords-pc.gov.uk,
thestukeleys-pc.gov.uk,
thetfordtowncouncil.gov.uk,Thetford Town Council
theydonbois-pc.gov.uk,
theydongarnon-pc.gov.uk,
thimblebyparishcouncil.gov.uk,
thirsk-tc.gov.uk,Thirsk Town Council
thirstonparishcouncil.gov.uk,
thompsonparish.gov.uk,Thompson
thorganbyparishcouncil.gov.uk,
thornabytowncouncil.gov.uk,Thornaby Town Council
thornageparish.gov.uk,
thornborough-pc.gov.uk,
thornburygroupparishcouncil.gov.uk,
thornburyparish.gov.uk,
thornburytowncouncil.gov.uk,Thornbury Town Council
thorncombeparish.gov.uk,
thorndon-pc.gov.uk,
thorne-moorends.gov.uk,Thorne-Moorends Town Council
thorney-pc.gov.uk,
thornhackett-pc.gov.uk,
thornham-pc.gov.uk,
thornhaugh-pc.gov.uk,
thornley-pc.gov.uk,
thornleywithwheatley-pc.gov.uk,
thornton-pc.gov.uk,
thorntoncommunitycouncil.gov.uk,
thorntonledale-pc.gov.uk,
thorntonlemoorwiththorntonlestreet-pc.gov.uk,
thorparch-pc.gov.uk,
thorpeaudlin-pc.gov.uk,
thorpemalsorparishcouncil.gov.uk,
thorpemarketparishcouncil.gov.uk,
thorpemorieuxparish.gov.uk,
thorpeonthehillparishcouncil.gov.uk,
thorpeparishcouncil.gov.uk,
thorpestandrew-tc.gov.uk,Thorpe St Andrew
thorringtonparishcouncil.gov.uk,
thorvertonparishcouncil.gov.uk,
thrapstontowncouncil.gov.uk,Thrapston Town Council
threapwoodparishcouncil.gov.uk,
threerivers.gov.uk,Three Rivers District Council
threesaints-pc.gov.uk,
threlkeld-pc.gov.uk,
threshfieldparishcouncil.gov.uk,
throopholdenhurst-pc.gov.uk,Throop and Holdenhurst
throwleyparishcouncil.gov.uk,
thruxtonparishcouncil.gov.uk,
thryberghparishcouncil.gov.uk,
thundridgeparishcouncil.gov.uk,
thurcastonandcropstonparishcouncil.gov.uk,
thurcroftparishcouncil.gov.uk,
thurgolandparishcouncil.gov.uk,
thurlaston-pc.gov.uk,
thurlastonparish.gov.uk,
thurlbyparishcouncil.gov.uk,
thurlbyparishmeeting.gov.uk,
thurleigh-pc.gov.uk,
thurlestoneparishcouncil.gov.uk,
thurloxtonparishcouncil.gov.uk,
thurltonparishcouncil.gov.uk,
thurmastonpc.gov.uk,
thurnbyandbushby-pc.gov.uk,
thurneparishcouncil.gov.uk,
thurnhamparishcouncil.gov.uk,
thurnhamwithglasson-pc.gov.uk,
thurrock.gov.uk,Thurrock Council
thurrockfostering.gov.uk,
thursby-pc.gov.uk,
thursfordparish.gov.uk,
thursley-pc.gov.uk,
thurstonparishcouncil.gov.uk,
thurtonparishcouncil.gov.uk,
thwingandocton-pc.gov.uk,
tibbertoncherrington-shrop-pc.gov.uk,
tibbertonparishcouncil.gov.uk,
tibshelfparishcouncil.gov.uk,
tichborne-pc.gov.uk,
tickhilltowncouncil.gov.uk,
ticknallparishcouncil.gov.uk,
ticktonandrouth-pc.gov.uk,
tidenhamparishcouncil.gov.uk,
tideswellparishcouncil.gov.uk,
tidworthtowncouncil.gov.uk,Tidworth Town Council
tiffieldparishcouncil.gov.uk,
tilehurstparishcouncil.gov.uk,
tilford-pc.gov.uk,
tillinghamvillagecouncil.gov.uk,
tillsideparishcouncil.gov.uk,
tilneyallsaintsparishcouncil.gov.uk,
tilneystlawrence-pc.gov.uk,
tilsheadparishcouncil.gov.uk,
tilstonparishcouncil.gov.uk,
tilsworth-pc.gov.uk,
tiltonandhalstead-pc.gov.uk,
timsburyparish.gov.uk,
tintagelparishcouncil.gov.uk,
tintinhullparishcouncil.gov.uk,
tintwistle-pc.gov.uk,
tiptreeparishcouncil.gov.uk,
tisbury-pc.gov.uk,Tisbury
tisbury-wiltshire-pc.gov.uk,
titchmarsh-pc.gov.uk,
titchwellparish.gov.uk,
titleygroup-pc.gov.uk,
tittesworth-pc.gov.uk,
tittleshallparishcouncil.gov.uk,
tivertonandtilstonefearnallparishcouncil.gov.uk,
tivertontowncouncil.gov.uk,Tiverton Town Council
tivetshall-pc.gov.uk,
tmbc.gov.uk,Tonbridge and Malling Borough Council
tockenhamparishcouncil.gov.uk,
tockholes-pc.gov.uk,
toddingtonparishcouncil.gov.uk,
todenhamparishcouncil.gov.uk,
todmorden-tc.gov.uk,
todwick-pc.gov.uk,
toftnewtonparishcouncil.gov.uk,
togston-pc.gov.uk,
tollertonparishcouncil.gov.uk,
tollertonyorkshire-pc.gov.uk,
tollesburyparishcouncil.gov.uk,
tolleshuntdarcyparishcouncil.gov.uk,
tonghamparishcouncil.gov.uk,
tongparishcouncil.gov.uk,
topcroft-pc.gov.uk,
toppesfield-pc.gov.uk,
torbay.gov.uk,Torbay Council
torfaen.gov.uk,Torfaen County Borough Council
torksey-pc.gov.uk,
tormarton-pc.gov.uk,
torpointtowncouncil.gov.uk,Torpoint Town Council
torridge.gov.uk,Torridge District Council
torworth-pc.gov.uk,
toselandparishcouncil.gov.uk,
tostock-pc.gov.uk,
totlandparishcouncil.gov.uk,
totnestowncouncil.gov.uk,Totnes Town Council
tottenhill-pc.gov.uk,
totternhoe-pc.gov.uk,
totton-and-eling-tc.gov.uk,Totton and Eling Town Council
tottoneling-tc.gov.uk,
tovilparish.gov.uk,
towcester-tc.gov.uk,Towcester Town Council
towednackparishcouncil.gov.uk,
towerhamlets.gov.uk,Tower Hamlets London Borough Council
towerseypc.gov.uk,
towlaw-tc.gov.uk,
towynkinmelbay-tc.gov.uk,
trafford.gov.uk,Trafford Metropolitan Borough Council
traffordparishes.gov.uk,
tredegartowncouncil.gov.uk,
tredingtonparishcouncil.gov.uk,
treetonparishcouncil.gov.uk,
tregonywithcubyparishcouncil.gov.uk,
trellechunited-cc.gov.uk,
tremaine-pc.gov.uk,
treswell-pc.gov.uk,
treverbynparishcouncil.gov.uk,
trimdonfoundry-pc.gov.uk,
trimdonparishcouncil.gov.uk,
trimingham-pc.gov.uk,
trimleystmartin-pc.gov.uk,
trimleystmary-pc.gov.uk,
tring.gov.uk,Tring Town Council
tringrural-pc.gov.uk,
tritlingtonwestchevington-pc.gov.uk,
troston-pc.gov.uk,
trottiscliffeparish.gov.uk,
trowbridge.gov.uk,Trowbridge Town Council
trudoxhillparish.gov.uk,
trunch-pc.gov.uk,
truro.gov.uk,Truro
trw-pc.gov.uk,
trysullandseisdon-pc.gov.uk,
ts-pc.gov.uk,
tuddenham-pc.gov.uk,
tuddenhamstmartin-pc.gov.uk,
tunbridgewells.gov.uk,Tunbridge Wells Borough Council
tunstallparish.gov.uk,
tunstallparishcouncil.gov.uk,
tunstead-pc.gov.uk,
tupton-pc.gov.uk,
turnditchandwindleyparishcouncil.gov.uk,
turnershillparishcouncil.gov.uk,
turvey-pc.gov.uk,
turwestonparish.gov.uk,
tutburyparishcouncil.gov.uk,
tutnallandcobley-pc.gov.uk,
tuxfordtowncouncil.gov.uk,Tuxford
twemlowparishcouncil.gov.uk,
twfire.gov.uk,
twigworthparishcouncil.gov.uk,
twineham-pc.gov.uk,
twyfordhants-pc.gov.uk,
twyfordparishcouncil.gov.uk,Twyford
twyningparishcouncil.gov.uk,
twywellparishcouncil.gov.uk,
tyddstmary-pc.gov.uk,
tyneandwearfire.gov.uk,
tysoe-pc.gov.uk,
tytherington-pc.gov.uk,Tytherington and Itchington
tywardreathandparparishcouncil.gov.uk,
ubbestonparishcouncil.gov.uk,
uckfieldtc.gov.uk,Uckfield Town Council
uffculmeparishcouncil.gov.uk,
uffingtonparish.gov.uk,
uffingtonparishcouncil.gov.uk,
ufford-pc.gov.uk,
ufford-suffolk-pc.gov.uk,
ufton-pc.gov.uk,
uftonnervet-pc.gov.uk,
ugboroughparishcouncil.gov.uk,
ulcombeparishcouncil.gov.uk,
uleyparishcouncil.gov.uk,
ulghamparishcouncil.gov.uk,
ulleskelfparishcouncil.gov.uk,
ulley-pc.gov.uk,
underbarrowparishcouncil.gov.uk,
underskiddaw-pc.gov.uk,
upchurchparishcouncil.gov.uk,
uphamparish.gov.uk,
uphatherleyparish.gov.uk,
uphollandpc.gov.uk,
uplowman-pc.gov.uk,
uplymeparishcouncil.gov.uk,
upotteryparishcouncil.gov.uk,
upperarleyparishcouncil.gov.uk,
upperbeeding-pc.gov.uk,Upper Beeding
upperbroughtonparishcouncil.gov.uk,
upperclatford-pc.gov.uk,
upperhardres-pc.gov.uk,
upperlighthorneparish.gov.uk,
upperlighthornetowncouncil.gov.uk,
upperrissington-pc.gov.uk,
uppersheringhamparishcouncil.gov.uk,
upperwitham-idb.gov.uk,
uppinghamtowncouncil.gov.uk,Uppingham Town Council
upton-lincs-pc.gov.uk,
upton-pc.gov.uk,
uptonandnorthelmsall-pc.gov.uk,
uptonbychesterparishcouncil.gov.uk,
uptoncoppingford-pc.gov.uk,
uptonnewarkparishcouncil.gov.uk,
uptonparish.gov.uk,
uptonparishcouncil.gov.uk,
uptonpyne-pc.gov.uk,
uptonsnodsbury-pc.gov.uk,
uptonstleonards-pc.gov.uk,
uptonwarrenparishcouncil.gov.uk,
uptonwithfishley-pc.gov.uk,
upwell-pc.gov.uk,
upwoodraveleysparishcouncil.gov.uk,
urchfont-pc.gov.uk,Urchfont Parish Council
urpethparish.gov.uk,
urswickbardseastainton-pc.gov.uk,
utkintonandcotebrookparishcouncil.gov.uk,
utterbyparishcouncil.gov.uk,
uttlesford.gov.uk,Uttlesford District Council
uttoxeterruralparishcouncil.gov.uk,
uttoxetertowncouncil.gov.uk,
valeofallen-pc.gov.uk,
valeofglamorgan.gov.uk,Vale of Glamorgan Council
valleyparkparishcouncil.gov.uk,
ventnortowncouncil.gov.uk,
vernhamdean-pc.gov.uk,
verwood.gov.uk,Verwood Town Council
veryanparishcouncil.gov.uk,
vigo-pc.gov.uk,
virginstoweparishmeeting.gov.uk,
vowchurchgroup-pc.gov.uk,
waberthwaiteandcorneyparishcouncil.gov.uk,
wacton-pc.gov.uk,
waddesdonparishcouncil.gov.uk,Waddesdon Parish Council
waddington-pc.gov.uk,
wadebridge-tc.gov.uk,Wadebridge Town Council
wadhurst-pc.gov.uk,
wadsworthparishcouncil.gov.uk,
wadworth-pc.gov.uk,
wainfleetstmaryparishcouncil.gov.uk,
wakefield.gov.uk,Wakefield Metropolitan District Council
wakescolne-pc.gov.uk,
walberswick-pc.gov.uk,
walberton-pc.gov.uk,Walberton Parish Council
walcottonsea-pc.gov.uk,
waldridgeparishcouncil.gov.uk,
waldringfieldparishcouncil.gov.uk,
walesbyparishnotts.gov.uk,
walesfire.gov.uk,
walesparishcouncil.gov.uk,
walfordparishcouncil.gov.uk,
walgraveparishcouncil.gov.uk,
walkeringham-pc.gov.uk,
walkernparishcouncil.gov.uk,
wallingfordtowncouncil.gov.uk,
wallparish.gov.uk,
wallparishcouncil.gov.uk,
walpole-pc.gov.uk,
walpolecrosskeys-pc.gov.uk,
walpolehighway-pc.gov.uk,
walsall.gov.uk,Walsall Metropolitan Borough Council
walshamlewillowsparish.gov.uk,
walsinghamparishcouncil.gov.uk,
walsoken-pc.gov.uk,
waltham-pc.gov.uk,
walthamabbey-tc.gov.uk,Waltham Abbey Town Council
walthamforest.gov.uk,Waltham Forest London Borough Council
walthamparishcouncil.gov.uk,
walton-pc.gov.uk,
waltoncommunitycouncil.gov.uk,
waltononthewoldspc.gov.uk,
waltonparish.gov.uk,
waltonparishcouncil.gov.uk,
waltonsomerset-pc.gov.uk,
wandsworth.gov.uk,Wandsworth London Borough Council
wangfordwithhenhamparishcouncil.gov.uk,
wansford-pc.gov.uk,
wanstrowparishcouncil.gov.uk,
wantagetowncouncil.gov.uk,Wantage Town Council
wappenhamparish.gov.uk,
warbletonparishcouncil.gov.uk,
warboysparishcouncil.gov.uk,
warbstow-pc.gov.uk,
warburtonparishcouncil.gov.uk,
warcop-pc.gov.uk,
wardenparishcouncil.gov.uk,
wardingtonparishcouncil.gov.uk,
wardleparishcouncil.gov.uk,
wareham-tc.gov.uk,Wareham Town Council
warehorne-pc.gov.uk,
waretowncouncil.gov.uk,Ware Town Council
warfieldparishcouncil.gov.uk,
wargrave-pc.gov.uk,
warkparishcouncil.gov.uk,
warktonparishcouncil.gov.uk,
warkworthparishcouncil.gov.uk,
warlingham-pc.gov.uk,
warmington-pc.gov.uk,
warmingtonandarlescote-pc.gov.uk,
warminster-tc.gov.uk,Warminster Town Council
warndonvillagesparishcouncil.gov.uk,
warnfordparish.gov.uk,
warnham-pc.gov.uk,
warrington.gov.uk,Warrington Borough Council
warsop-pc.gov.uk,
warter-pc.gov.uk,
wartlingparishcouncil.gov.uk,
warton-pc.gov.uk,
warwick-dc.gov.uk,
warwickdc.gov.uk,Warwick District Council
warwickshire-pcc.gov.uk,
warwickshire.gov.uk,Warwickshire County Council
warwicktowncouncil.gov.uk,Warwick Town Council
washburn-pc.gov.uk,
washingborough-pc.gov.uk,
washington-pc.gov.uk,
watchfieldparishcouncil.gov.uk,
waterbeach-pc.gov.uk,
waterhouses-pc.gov.uk,
wateringburyparish.gov.uk,
watermead-pc.gov.uk,Watermead Parish Council
waterperrywiththomley-pc.gov.uk,
watersuptonparishcouncil.gov.uk,
watford-pc.gov.uk,
watford.gov.uk,Watford Borough Council
watfordrural-pc.gov.uk,
watlington-norfolk-pc.gov.uk,
watlington-oxon-pc.gov.uk,Watlington
wattonparish.gov.uk,
wattontowncouncil.gov.uk,Watton Town Council
wavendonparishcouncil.gov.uk,
waveney.gov.uk,Waveney District Council
waverley-cc.gov.uk,
waverley.gov.uk,Waverley Borough Council
waverton-pc.gov.uk,
wavertonparishcouncil.gov.uk,
wawneparishcouncil.gov.uk,
wealden.gov.uk,Wealden District Council
wealdparishcouncil.gov.uk,
weasenhamparishcouncil.gov.uk,
weaverhamparish.gov.uk,
wedmore-pc.gov.uk,
weedonbec-pc.gov.uk,
weekleyparishcouncil.gov.uk,
weekstmaryparish.gov.uk,
weeleyparishcouncil.gov.uk,
weetingparishcouncil.gov.uk,
weeton-pc.gov.uk,
weetonparish.gov.uk,
welbournparishcouncil.gov.uk,
welcombeparish.gov.uk,
weldonparishcouncil.gov.uk,
welford-pc.gov.uk,
welhat.gov.uk,Welwyn Hatfield Borough Council
wellesbourneandwalton-pc.gov.uk,
wellingborough.gov.uk,Wellingborough Borough Council
wellingboroughtowncouncil.gov.uk,
wellington-shropshire.gov.uk,Wellington Town Council
wellingtonheathparishcouncil.gov.uk,
wellingtontowncouncil.gov.uk,
wellingtonwithoutparishcouncil.gov.uk,
wellow-pc.gov.uk,
wellownotts-pc.gov.uk,
wellparishcouncil.gov.uk,
wells.gov.uk,Wells City Council
wellstowncouncil.gov.uk,
welney-pc.gov.uk,
welshamptonandlyneal-pc.gov.uk,Welshampton and Lyneal
welshnewtonllanrothalgroup-pc.gov.uk,
welshpooltowncouncil.gov.uk,Welshpool Town Council
welton-by-lincoln-pc.gov.uk,
welton-pc.gov.uk,
weltonlemarshparishcouncil.gov.uk,
weltonparishcouncil.gov.uk,
welwyn-pc.gov.uk,
wembdonparish.gov.uk,
wemburyparishcouncil.gov.uk,
wemrural-pc.gov.uk,
wendleburyparishcouncil.gov.uk,
wendover-pc.gov.uk,Wendover Parish Council
wenhastonmells-pc.gov.uk,
wenningtonparishcouncil.gov.uk,
wentloogecommunitycouncil.gov.uk,
wentworth-pc.gov.uk,
wentworthparishcouncil.gov.uk,
werehamparishcouncil.gov.uk,
werringtonparishcouncil.gov.uk,
wesham-tc.gov.uk,
west-dunbarton.gov.uk,West Dunbartonshire Council
west-lindsey.gov.uk,West Lindsey District Council
west-norfolk.gov.uk,Borough Council of King's Lynn and West Norfolk
westacre-pc.gov.uk,
westallenparishcouncil.gov.uk,
westalvingtonparishcouncil.gov.uk,
westashbyparishcouncil.gov.uk,
westaucklandparish.gov.uk,
westbagboroughparishcouncil.gov.uk,
westbedlingtontowncouncil.gov.uk,
westbereparishcouncil.gov.uk,
westbergholt-pc.gov.uk,
westberks.gov.uk,West Berkshire Council
westbletchleycouncil.gov.uk,West Bletchley Parish Council
westborough-dry-doddington-pc.gov.uk,
westbourne-pc.gov.uk,
westbrettonparishcouncil.gov.uk,
westbury-pc.gov.uk,
westburyonsevernparishcouncil.gov.uk,
westburyparishcouncil.gov.uk,
westburysubmendip-pc.gov.uk,
westburytowncouncil.gov.uk,Westbury Town Council
westby-pc.gov.uk,
westclandon-pc.gov.uk,
westcoker-pc.gov.uk,
westcottparishcouncil.gov.uk,
westcrewkerne-pc.gov.uk,
westdeanparishcouncil.gov.uk,
westdeanvillage-pc.gov.uk,
westdevon.gov.uk,West Devon Borough Council
westend-pc.gov.uk,
westendparishcouncil.gov.uk,
westerfieldparishcouncil.gov.uk,
westerhamtowncouncil.gov.uk,
westerleighcoalpitheathparishcouncil.gov.uk,Westerleigh and Coalpit Heath
westernvalleyparish.gov.uk,
westfarleighparishcouncil.gov.uk,
westfelton-pc.gov.uk,
westfieldparish.gov.uk,
westfieldparishcouncil.gov.uk,
westgateonsea.gov.uk,Westgate-on-Sea
westgateonseatowncouncil.gov.uk,
westgrinstead-pc.gov.uk,West Grinstead Parish Council
westhaddonparishcouncil.gov.uk,
westhallparishcouncil.gov.uk,
westhaltonandcolebyparishcouncil.gov.uk,
westhamparishcouncil.gov.uk,
westhampnett-pc.gov.uk,
westhanneyparish.gov.uk,
westhanningfield-pc.gov.uk,
westhatchparish.gov.uk,
westhillparishcouncil.gov.uk,
westhoathly.gov.uk,West Hoathly Parish Council
westhorpeparishcouncil.gov.uk,
westhorsley-pc.gov.uk,
westhoughtontc.gov.uk,
westhunsburyparishcouncil.gov.uk,
westilsleyparishcouncil.gov.uk,
westitchenorparish.gov.uk,
westknoyle-pc.gov.uk,
westlancashire.gov.uk,
westlancs.gov.uk,West Lancashire Borough Council
westlancsdc.gov.uk,West Lancashire
westlavington-pc.gov.uk,
westletonparishcouncil.gov.uk,
westlinton-pc.gov.uk,
westlondonwaste.gov.uk,
westlothian.gov.uk,West Lothian Council
westmalling-pc.gov.uk,
westmalvernparishcouncil.gov.uk,
westmeon-pc.gov.uk,
westmercia-pcc.gov.uk,
westmerseatowncouncil.gov.uk,
westmidlands-ca.gov.uk,
westmidlands-pcc.gov.uk,
westmidsfire.gov.uk,
westmillparishcouncil.gov.uk,
westminster.gov.uk,Westminster City Council
westmonktonparishcouncil.gov.uk,
westmoors-tc.gov.uk,
westmorlandandfurness.gov.uk,Westmorland and Furness Council
westnorthants.gov.uk,West Northamptonshire Council
westofengland-ca.gov.uk,West of England Combined Authority
westonandcrewegreen-pc.gov.uk,
westonbywellandparishcouncil.gov.uk,
westoncolville-pc.gov.uk,
westongayton-pc.gov.uk,
westoningparishcouncil.gov.uk,
westonlongville-pc.gov.uk,
westononthegreen-pc.gov.uk,
westonontrentparishcouncil.gov.uk,
westonpatrickwestoncorbettparishmeeting.gov.uk,
westonrhynparishcouncil.gov.uk,
westonturville-pc.gov.uk,
westonunderpenyard-pc.gov.uk,
westonunderredcastleparish.gov.uk,
westonunderwood-pc.gov.uk,
westonzoyland-pc.gov.uk,
westoxon.gov.uk,West Oxfordshire District Council
westparley-pc.gov.uk,
westpeckham-pc.gov.uk,
westraintonandleamsidepc.gov.uk,
westrow-pc.gov.uk,
westrudhamparishcouncil.gov.uk,
westsuffolk.gov.uk,West Suffolk Council
westsussex.gov.uk,West Sussex County Council
westswindon-pc.gov.uk,
westtisburyparishcouncil.gov.uk,
westtytherley-pc.gov.uk,
westwaltonparishcouncil.gov.uk,
westward-pc.gov.uk,
westwellparishcouncil.gov.uk,
westwinchparishcouncil.gov.uk,
westwitteringparishcouncil.gov.uk,West Wittering Parish Council
westwoodparishcouncil.gov.uk,
westwycombeparishcouncil.gov.uk,
westyorks-ca.gov.uk,West Yorkshire Combined Authority
westyorksfire.gov.uk,
westyorkshire-pcc.gov.uk,
westyorkshire-pcp.gov.uk,West Yorkshire Police and Crime Panel
wetheral-pc.gov.uk,
wetherbytowncouncil.gov.uk,
wetherdenparishcouncil.gov.uk,
wetheringsettcumbrockford-pc.gov.uk,
wethersfield-pc.gov.uk,
wexhamcourtparishcouncil.gov.uk,
wexhamparishcouncil.gov.uk,
weybourne-pc.gov.uk,
weybreadparishcouncil.gov.uk,
weymouthtowncouncil.gov.uk,Weymouth Town Council
whaddonbucks-pc.gov.uk,
whaleybridgetowncouncil.gov.uk,
whaltonparishcouncil.gov.uk,
whatlingtonparishcouncil.gov.uk,
whattonparishcouncil.gov.uk,
wheathampstead-pc.gov.uk,Wheathampstead Parish Council
wheathill-pc.gov.uk,
wheatleyhillparishcouncil.gov.uk,
wheatleyparishcouncil.gov.uk,Wheatley Parish Council
wheatonastonparishcouncil.gov.uk,"Lapley, Stretton and Wheaton Aston Parish Council"
wheldrake-pc.gov.uk,Wheldrake Parish Council
whelnethamparishcouncil.gov.uk,
whessoeparishcouncil.gov.uk,
whetstoneparishcouncil.gov.uk,
whilton-pc.gov.uk,
whimpleparishcouncil.gov.uk,
whinburghandwestfield-pc.gov.uk,
whissendineparishcouncil.gov.uk,
whissonsettparishcouncil.gov.uk,
whiston-tc.gov.uk,Whiston Town Council
whistonparishcouncil.gov.uk,
whitbytowncouncil.gov.uk,Whitby Town Council
whitchurch-hampshire-tc.gov.uk,Whitchurch Town Council
whitchurchbucks-pc.gov.uk,
whitchurchonthamesparishcouncil.gov.uk,
whitchurchrural-pc.gov.uk,
whitchurchtowncouncil.gov.uk,
whitecastlecommunitycouncil.gov.uk,
whitecolneparishcouncil.gov.uk,
whitehilltowncouncil.gov.uk,Whitehill Town Council
whitehorsedc.gov.uk,Vale of White Horse District Council
whitehouse-cc.gov.uk,
whitehouse-pc.gov.uk,
whiteleytowncouncil.gov.uk,
whitenotleyfaulkbourne-pc.gov.uk,
whiteparish-pc.gov.uk,
whiteshillandruscombe-pc.gov.uk,
whitfieldparishcouncil.gov.uk,
whitgreaveparishcouncil.gov.uk,
whitleyparishcouncil.gov.uk,
whitmoreparishcouncil.gov.uk,
whitnashtowncouncil.gov.uk,Whitnash Town Council
whitsburyparish.gov.uk,
whitstoneparishcouncil.gov.uk,
whittington-pc.gov.uk,
whittingtonandfisherwickparishcouncil.gov.uk,
whittingtonparish.gov.uk,
whittingtonparishcouncil.gov.uk,
whittlebury-pc.gov.uk,
whittlelewoods-pc.gov.uk,
whittleseytowncouncil.gov.uk,Whittlesey Town Council
whittonandtosson-pc.gov.uk,
whitwell-pc.gov.uk,
whitwellwithcrambeparishcouncil.gov.uk,
whitwickparishcouncil.gov.uk,
whitworth.gov.uk,Whitworth Town Council
whixallparish.gov.uk,
whixleyparishcouncil.gov.uk,
whorltonandwestwick-pc.gov.uk,
whyteleafevillagecouncil.gov.uk,
wickandabsonparishcouncil.gov.uk,
wickenby-pc.gov.uk,
wickenparishcouncil.gov.uk,
wickersleyparishcouncil.gov.uk,
wickfordtowncouncil.gov.uk,
wickhambreaux-pc.gov.uk,
wickhambrook-pc.gov.uk,
wickhamknowleparish.gov.uk,
wickhammarket-pc.gov.uk,
wickhamskeith-pc.gov.uk,
wickmere-pc.gov.uk,
wickparishcouncil.gov.uk,
wickstlawrenceparishcouncil.gov.uk,
wickwarparishcouncil.gov.uk,
widdington-pc.gov.uk,
widdringtonandstobswoodparishcouncil.gov.uk,
widecombeparishcouncil.gov.uk,
widfordparishcouncil.gov.uk,
widmerpoolparishcouncil.gov.uk,
widworthy-pc.gov.uk,
wig-pc.gov.uk,
wigan.gov.uk,Wigan Metropolitan Borough Council
wiganmbc.gov.uk,
wiggenhallstgermans-pc.gov.uk,
wigginton-pc.gov.uk,
wiggintonandhopwas-pc.gov.uk,
wiggintonherts-pc.gov.uk,
wiggintonparishcouncil.gov.uk,
wighill-pc.gov.uk,
wigmoregroupparishcouncil.gov.uk,
wigmoreparishcouncil.gov.uk,
wigtoft-pc.gov.uk,
wigton-tc.gov.uk,
wilbarstonparishcouncil.gov.uk,
wilberfoss-pc.gov.uk,
wilburtonparishcouncil.gov.uk,
wilbyparishcouncil.gov.uk,
wilbysuffolk-pc.gov.uk,
wilcotandhuish-pc.gov.uk,Wilcot
wilden-pc.gov.uk,
wildmoreparishcouncil.gov.uk,
willand-pc.gov.uk,
willerbyparishcouncil.gov.uk,
willeyparish.gov.uk,
willingdonandjevingtonparishcouncil.gov.uk,
willinghambystow-pc.gov.uk,
willinghamparishcouncil.gov.uk,
willington-pc.gov.uk,
willingtonparish.gov.uk,
willingtonparishcouncil.gov.uk,
willoughby-pc.gov.uk,
willoughbydistrictparishcouncil.gov.uk,
willoughbyonthewolds-pc.gov.uk,
willoughbyparishcouncil.gov.uk,
willoughtonparishcouncil.gov.uk,
wilmcoteparish.gov.uk,Wilmcote
wilmingtonkent-pc.gov.uk,
wilmslowtowncouncil.gov.uk,
wilpshire-pc.gov.uk,
wilsdenparishcouncil.gov.uk,
wilsford-pc.gov.uk,
wiltontowncouncil.gov.uk,Wilton
wiltshire-pcc.gov.uk,
wiltshire.gov.uk,Wiltshire Council
wimblington-pc.gov.uk,
wimborne.gov.uk,Wimborne Minster Town Council
wimbotsham-pc.gov.uk,
wincantontowncouncil.gov.uk,
wincham-pc.gov.uk,
winchcombetowncouncil.gov.uk,
winchester.gov.uk,Winchester City Council
winchfieldparishcouncil.gov.uk,
windermere-tc.gov.uk,Windermere Town Council
windleparishcouncil.gov.uk,
windleshampc.gov.uk,
windlestoneparishcouncil.gov.uk,
winfarthingparishcouncil.gov.uk,
wingateparishcouncil.gov.uk,
wingerworthparishcouncil.gov.uk,
wingfield-pc.gov.uk,
wingfieldparishcouncil.gov.uk,
wingham-pc.gov.uk,
wingparishcouncil.gov.uk,
wingrutland-pc.gov.uk,
winkfieldparishcouncil.gov.uk,
winkleigh-pc.gov.uk,
winmarleigh-pc.gov.uk,
winscombeandsandford-pc.gov.uk,
winsford.gov.uk,Winsford Town Council
winshillparishcouncil.gov.uk,
winslowtowncouncil.gov.uk,Winslow Town Council
winsterparishcouncil.gov.uk,
winstonparishcouncil.gov.uk,
winstredhundredparishcouncil.gov.uk,
winterbornefarringdon-pc.gov.uk,
winterbornehoughtonparish.gov.uk,
winterbornestickland-pc.gov.uk,
winterbornestmartin-pc.gov.uk,
winterbornewhitechurchparishcouncil.gov.uk,
winterbornezelstonparishmeeting.gov.uk,
winterbourneabbassteepleton-pc.gov.uk,
winterbourneparishcouncil.gov.uk,
winterbournestoke-pc.gov.uk,
winteringham-pc.gov.uk,
winterslow-pc.gov.uk,
wintertononsea-pc.gov.uk,
winthorpewithlangford-pc.gov.uk,
wintringham-pc.gov.uk,
wirksworthtowncouncil.gov.uk,Wirksworth Town Council
wirral.gov.uk,Wirral Metropolitan Borough Council
wisbechtowncouncil.gov.uk,
wisboroughgreen-pc.gov.uk,
wissett-pc.gov.uk,
wistanstowparishcouncil.gov.uk,
wistowcambsparishcouncil.gov.uk,
wistowparishcouncil.gov.uk,
witchamparishcouncil.gov.uk,
witchfordparishcouncil.gov.uk,
witham.gov.uk,Witham Town Council
witham3idb.gov.uk,
withamfriary-pc.gov.uk,
withamsthughs-pc.gov.uk,
witherleyparishcouncil.gov.uk,
withersfield-pc.gov.uk,
withington-pc.gov.uk,
withingtongroupparishcouncil.gov.uk,
withybrookparishcouncil.gov.uk,
withyhamparishcouncil.gov.uk,
witley-pc.gov.uk,Witley Parish Council
witney-tc.gov.uk,Witney Town Council
wittering-pc.gov.uk,
wittersham-pc.gov.uk,
wittonandridlingtonparishcouncil.gov.uk,
wiveliscombetowncouncil.gov.uk,
wivelsfieldparishcouncil.gov.uk,
wivenhoe.gov.uk,Wivenhoe Town Council
wixams-pc.gov.uk,
wixford-pc.gov.uk,
wixparish.gov.uk,
wkkc-pc.gov.uk,
wmortimerhazeleigh-pc.gov.uk,
wnek-pc.gov.uk,
woburn-pc.gov.uk,
woburnsandstowncouncil.gov.uk,
wokefieldparishcouncil.gov.uk,
woking.gov.uk,Woking Borough Council
wokingham-tc.gov.uk,Wokingham Town Council
wokingham.gov.uk,Wokingham Borough Council
wokinghamwithout-pc.gov.uk,
wokinghamwithoutparishcouncil.gov.uk,
woldinghamparishcouncil.gov.uk,
woldnewtonparishcouncil.gov.uk,
wolfhampcote-pc.gov.uk,
wollastonparishcouncil.gov.uk,Wollaston
wolsingham-pc.gov.uk,
wolstonparishcouncil.gov.uk,
wolverhampton.gov.uk,City of Wolverhampton Council
wolverleyandcookleyparishcouncil.gov.uk,
wolverton-pc.gov.uk,
wolvertonandgreenleystowncouncil.gov.uk,Wolverton and Greenleys Town Council
wombletonparishcouncil.gov.uk,
wombourneparishcouncil.gov.uk,
womenswoldparishcouncil.gov.uk,
womersleyparishcouncil.gov.uk,
wonershparish.gov.uk,
wonston-pc.gov.uk,
wooburnparish.gov.uk,
woodbastwick-pc.gov.uk,
woodbridge-suffolk.gov.uk,Woodbridge Town Council
woodburyparishcouncil.gov.uk,
woodchesterparishcouncil.gov.uk,
woodchurch-pc.gov.uk,
woodcoteparish.gov.uk,
wooddallingparishcouncil.gov.uk,
wooddittonparishcouncil.gov.uk,
woodfordcummembris-pc.gov.uk,
woodgreen-pc.gov.uk,
woodhallspaparishcouncil.gov.uk,
woodhamferrersandbicknacre-pc.gov.uk,
woodhamwalter-pc.gov.uk,
woodhouseparishcouncil.gov.uk,
woodhurst-pc.gov.uk,
woodlandparishcouncil.gov.uk,
woodley.gov.uk,Woodley Town Council
woodmancoteparish.gov.uk,
woodmancoteparishcouncil.gov.uk,
woodmansey-pc.gov.uk,
woodnesborough-pc.gov.uk,
woodnewtonparish.gov.uk,
woodsettsparishcouncil.gov.uk,
woodsideparishcouncil.gov.uk,
woodstock-tc.gov.uk,Woodstock Town Council
woodtonparishcouncil.gov.uk,
woodvilleparishcouncil.gov.uk,
woodwalton-pc.gov.uk,
woolastonparishcouncil.gov.uk,
woolavington-pc.gov.uk,
woolbedingwithredford-pc.gov.uk,
woolerparishcouncil.gov.uk,
woolhamptonparish.gov.uk,
woolhope-pc.gov.uk,
woolley-pc.gov.uk,
woolmergreenparishcouncil.gov.uk,
woolparishcouncil.gov.uk,
woolpitparishcouncil.gov.uk,
woolseryparishcouncil.gov.uk,
woolston-pc.gov.uk,
wooreparishcouncil.gov.uk,
wootton-lincolnshire-pc.gov.uk,
wootton-pc.gov.uk,
woottonabingdon-pc.gov.uk,
woottonbassett.gov.uk,Royal Wootton BassettTown Council
woottonbridge-pc.gov.uk,
woottonbywoodstock-pc.gov.uk,
woottonparishcouncil.gov.uk,
woottonstlawrencewithramsdell-pc.gov.uk,
woottonwawen-pc.gov.uk,Wootton Wawen
worcester.gov.uk,Worcester City Council
worcestershire.gov.uk,Worcestershire County Council
worfieldandrudgeparishcouncil.gov.uk,
workingtontowncouncil.gov.uk,Workington Town Council
worlabyparishcouncil.gov.uk,
worldhamparishcouncil.gov.uk,
worlestondistrict-pc.gov.uk,
worlingham-pc.gov.uk,
worlington-pc.gov.uk,
worlingworthparishcouncil.gov.uk,
wormhill-pc.gov.uk,
wormingford-pc.gov.uk,
worplesdon-pc.gov.uk,
worsall-pc.gov.uk,
worsteadparishcouncil.gov.uk,
worth-pc.gov.uk,
worthamandburgateparishcouncil.gov.uk,
worthenwithshelve-pc.gov.uk,
worthington-pc.gov.uk,
worthmatraversparishcouncil.gov.uk,
worthparishcouncil.gov.uk,
wortwell-pc.gov.uk,
wothorpe-pc.gov.uk,
woughtoncommunitycouncil.gov.uk,Woughton
wouldham-pc.gov.uk,
wragbyparishcouncil.gov.uk,
wrangleparish.gov.uk,
wraxallandfailand-pc.gov.uk,
wraysburyparishcouncil.gov.uk,
wraywithbottonparishcouncil.gov.uk,
wreagreen-pc.gov.uk,
wrenbury-pc.gov.uk,
wreninghamparishcouncil.gov.uk,
wrenthamparishcouncil.gov.uk,
wrestlingworthandcockaynehatley-pc.gov.uk,
wrethamparishcouncil.gov.uk,
wrexham.gov.uk,Wrexham County Borough Council
wrightington-pc.gov.uk,
wringtonparishcouncil.gov.uk,
writtle-pc.gov.uk,
wrockwardineparishcouncil.gov.uk,
wroseparishcouncil.gov.uk,
wrotham-pc.gov.uk,
wroughton.gov.uk,Wroughton Parish Council
wroxallparishcouncil.gov.uk,
wroxeteruppington-pc.gov.uk,
wroxhamparishcouncil.gov.uk,
wroxtonbalscote-pc.gov.uk,
wrwa.gov.uk,Western Riverside Waste Authority
wsm-tc.gov.uk,
wsx-donnington-pc.gov.uk,
wwr-pc.gov.uk,
wyberton-pc.gov.uk,
wybostonchawstoncolesden-pc.gov.uk,
wybunburyparishcouncil.gov.uk,
wychavon.gov.uk,Wychavon District Council
wyckrissingtonparishcouncil.gov.uk,
wycombe.gov.uk,Wycombe District Council
wyeparishcouncil.gov.uk,
wyevalley-cc.gov.uk,
wylamparishcouncil.gov.uk,
wymeswoldparishcouncil.gov.uk,
wymington-pc.gov.uk,
wymondhamtowncouncil.gov.uk,
wymondley-pc.gov.uk,
wynyard-hartlepool-pc.gov.uk,
wynyardparishcouncil.gov.uk,
wyre.gov.uk,Wyre Council
wyrebc.gov.uk,Wyre Council
wyreforestdc.gov.uk,Wyre Forest District Council
wysallthorpe-pc.gov.uk,
wythall-pc.gov.uk,
wytononthehill-pc.gov.uk,
wyverstoneparishcouncil.gov.uk,
xdc.gov.uk,
yaldingparishcouncil.gov.uk,
yaptonpc.gov.uk,Yapton Parish Council
yardleygobionparishcouncil.gov.uk,
yardleyhastingsparish.gov.uk,
yarkhillparishcouncil.gov.uk,
yarmouth-tc.gov.uk,
yarmtowncouncil.gov.uk,
yarnfieldandcoldmeece-pc.gov.uk,
yarnton-pc.gov.uk,
yarpolegroupparishcouncil.gov.uk,
yarwellparish.gov.uk,
yateley-tc.gov.uk,Yateley Town Council
yatetowncouncil.gov.uk,Yate Town Council
yattendonparish.gov.uk,
yatton-pc.gov.uk,
yattonkeynell-pc.gov.uk,
yaxham-pc.gov.uk,
yaxleyparishcouncil.gov.uk,
yealmpton-pc.gov.uk,
yelvertoft-pc.gov.uk,
yeoheadparishcouncil.gov.uk,
yeovil.gov.uk,Yeovil Town Council
yeoviltonparishcouncil.gov.uk,
yeovilwithoutparishcouncil.gov.uk,Yeovil Without Parish Council
yetminsterparishes.gov.uk,
ynysmon.gov.uk,Isle of Anglesey County Council
ynysybwlcc.gov.uk,
york.gov.uk,City of York Council
yorknorthyorks-ca.gov.uk,
yorkshirelca.gov.uk,
yorkshireparishes.gov.uk,
youlgraveparishcouncil.gov.uk,
yoxallparishcouncil.gov.uk,
yoxfordparishcouncil.gov.uk,
zennor-pc.gov.uk,
