subdomain,http_status,mx
232hwww.lvaf.gov.lv,ConnectException > UnresolvedAddressException,none
233hwww.vidm.gov.lv,ConnectException > UnresolvedAddressException,none
2fwww.cfla.gov.lv,HttpConnectTimeoutException > ConnectException: HTTP connect timed out,none
2fwww.viis.gov.lv,SSLHandshakeException > ValidatorException > SunCertPathBuilderException: unable to find valid certification path to requested target,none
4www.vvc.gov.lv,ConnectException > UnresolvedAddressException,none
6.vid.gov.lv,HttpConnectTimeoutException > ConnectException: HTTP connect timed out,none
aaiib.gov.lv,SSLHandshakeException > ValidatorException > SunCertPathBuilderException: unable to find valid certification path to requested target,none
accmanac.mod.gov.lv,ConnectException > UnresolvedAddressException,none
actor.mfa.gov.lv,HttpConnectTimeoutException > ConnectException: HTTP connect timed out,none
addin.este.iub.gov.lv,HttpConnectTimeoutException > ConnectException: HTTP connect timed out,none
adfs.vm.gov.lv,HttpConnectTimeoutException > ConnectException: HTTP connect timed out,none
adm.lm.gov.lv,SSLHandshakeException > SocketException: Connection reset,none
admanager.ic.iem.gov.lv,HttpConnectTimeoutException > ConnectException: HTTP connect timed out,none
admin.este.iub.gov.lv,HttpConnectTimeoutException > ConnectException: HTTP connect timed out,none
admin.sif.gov.lv,ConnectException > UnresolvedAddressException,none
admin.stat.gov.lv,403,none
adminmanagement.zk1.azure.gov.lv,HttpConnectTimeoutException > ConnectException: HTTP connect timed out,none
adminportal.zk1.azure.gov.lv,SSLHandshakeException > ValidatorException > CertPathValidatorException > CertificateExpiredException: NotAfter: Mon May 25 01:59:59 CEST 2026,none
ads.csb.gov.lv,ConnectException > UnresolvedAddressException,none
ads.csp.gov.lv,ConnectException > UnresolvedAddressException,none
afi.gov.lv,ConnectException > UnresolvedAddressException,none
agentura.iem.gov.lv,ConnectException > UnresolvedAddressException,none
ai.latak.gov.lv,ConnectException > NoRouteToHostException: Host is unreachable,none
aids.gov.lv,HttpConnectTimeoutException > ConnectException: HTTP connect timed out,none
ais.iaui.gov.lv,200,none
ais.latak.gov.lv,HttpConnectTimeoutException > ConnectException: HTTP connect timed out,none
aishelp.latak.gov.lv,ConnectException > UnresolvedAddressException,none
aispi.ikvd.gov.lv,HttpConnectTimeoutException > ConnectException: HTTP connect timed out,none
aiudb.iem.gov.lv,SSLHandshakeException > CertificateException: No subject alternative DNS name matching aiudb.iem.gov.lv found.,none
akcmv.gov.lv,200,none
akti.uzskaite.ic.iem.gov.lv,SSLHandshakeException > CertificateException: No subject alternative DNS name matching akti.uzskaite.ic.iem.gov.lv found.,none
aktivadiena.spkc.gov.lv,HttpConnectTimeoutException > ConnectException: HTTP connect timed out,none
alise.arhivi.gov.lv,200,none
alise.patbib.gov.lv,SSLHandshakeException > CertificateException: No subject alternative DNS name matching alise.patbib.gov.lv found.,none
am.gov.lv,301,none
am1.gov.lv,ConnectException > UnresolvedAddressException,none
amata.eveseliba.gov.lv,ConnectException > UnresolvedAddressException,none
amt.vm.gov.lv,401,none
analize.cfla.gov.lv,SSLHandshakeException > ValidatorException > SunCertPathBuilderException: unable to find valid certification path to requested target,none
analytics.iub.gov.lv,401,none
anjpa.pmlp.gov.lv,HttpConnectTimeoutException > ConnectException: HTTP connect timed out,none
anketas.ozols.gov.lv,HttpTimeoutException: request timed out,none
anketas.ziile.daba.gov.lv,HttpConnectTimeoutException > ConnectException: HTTP connect timed out,none
antidopings.gov.lv,301,0 antidopings-gov-lv.mail.protection.outlook.com.
anywhere365.csb.gov.lv,ConnectException > UnresolvedAddressException,none
ap.izm.gov.lv,SSLHandshakeException > ValidatorException > SunCertPathBuilderException: unable to find valid certification path to requested target,none
ape.zm.gov.lv,ConnectException > UnresolvedAddressException,none
apgulde.zm.gov.lv,HttpConnectTimeoutException > ConnectException: HTTP connect timed out,none
api-liz.vaad.gov.lv,405,none
api.este.iub.gov.lv,405,none
api.viss.gov.lv,302,none
aplis-test.kis.gov.lv,200,none
aplis.kis.gov.lv,HttpConnectTimeoutException > ConnectException: HTTP connect timed out,none
apmacibas.kis.gov.lv,200,none
apmacibas.knab.gov.lv,ConnectException > NoRouteToHostException: Host is unreachable,none
apmacibas.vugd.gov.lv,SSLHandshakeException > CertificateException: No subject alternative DNS name matching apmacibas.vugd.gov.lv found.,none
app.lndm.gov.lv,200,none
app.lnvm.gov.lv,SSLHandshakeException > CertificateException: No subject alternative DNS name matching app.lnvm.gov.lv found.,none
app.ptac.gov.lv,HttpConnectTimeoutException > ConnectException: HTTP connect timed out,none
apps.nva.gov.lv,ConnectException > NoRouteToHostException: Host is unreachable,none
apptest.ldm.gov.lv,302,none
appweb.vgd.gov.lv,HttpConnectTimeoutException > ConnectException: HTTP connect timed out,none
apraksti.ur.gov.lv,200,none
aptauja.izm.gov.lv,SSLHandshakeException > ValidatorException > SunCertPathBuilderException: unable to find valid certification path to requested target,none
aptauja.jic.gov.lv,HttpConnectTimeoutException > ConnectException: HTTP connect timed out,none
aptauja.mod.gov.lv,SSLHandshakeException > ValidatorException > SunCertPathBuilderException: unable to find valid certification path to requested target,none
aptauja.spkc.gov.lv,200,none
aptauja.viaa.gov.lv,200,none
apturicovid-api.spkc.gov.lv,HttpConnectTimeoutException > ConnectException: HTTP connect timed out,none
apturicovid-files.spkc.gov.lv,HttpConnectTimeoutException > ConnectException: HTTP connect timed out,none
apturicovid-staging-api.spkc.gov.lv,HttpConnectTimeoutException > ConnectException: HTTP connect timed out,none
apturicovid-staging-files.spkc.gov.lv,HttpConnectTimeoutException > ConnectException: HTTP connect timed out,none
apturicovid-staging.spkc.gov.lv,HttpConnectTimeoutException > ConnectException: HTTP connect timed out,none
apturicovid.spkc.gov.lv,HttpConnectTimeoutException > ConnectException: HTTP connect timed out,none
apus.vvd.gov.lv,200,none
arcims.lvgma.gov.lv,HttpConnectTimeoutException > ConnectException: HTTP connect timed out,none
arhivi.gov.lv,301,none
arhivs.vid.gov.lv,HttpConnectTimeoutException > ConnectException: HTTP connect timed out,none
aris.vzd.gov.lv,ConnectException > UnresolvedAddressException,none
arka.vide.gov.lv,ConnectException > UnresolvedAddressException,none
arkartassituacija.gov.lv,SSLHandshakeException > CertificateException: No subject alternative DNS name matching arkartassituacija.gov.lv found.,none
asis.vp.gov.lv,HttpConnectTimeoutException > ConnectException: HTTP connect timed out,none
asistents.pkc.gov.lv,ConnectException > UnresolvedAddressException,none
assist.este.iub.gov.lv,200,none
at.gov.lv,302,none
atbalsts.bis.gov.lv,HttpConnectTimeoutException > ConnectException: HTTP connect timed out,none
atbalsts.izm.gov.lv,HttpConnectTimeoutException > ConnectException: HTTP connect timed out,none
atbalsts.kis.gov.lv,SSLHandshakeException: (handshake_failure) Received fatal alert: handshake_failure,none
atbalsts.vm.gov.lv,403,none
atdrai.ic.iem.gov.lv,HttpConnectTimeoutException > ConnectException: HTTP connect timed out,none
atlase.cfla.gov.lv,ConnectException > UnresolvedAddressException,none
atlaujas.iem.gov.lv,SSLHandshakeException > CertificateException: No subject alternative DNS name matching atlaujas.iem.gov.lv found.,none
audiogids.nbd.gov.lv,302,none
audit.lem.gov.lv,ConnectException > UnresolvedAddressException,none
augsdaugavasnovads.tvp.gov.lv,403,none
augstatemperatura.spkc.gov.lv,SSLHandshakeException > ValidatorException > SunCertPathBuilderException: unable to find valid certification path to requested target,none
auth.arhivi.gov.lv,302,none
auth.hugo.gov.lv,404,none
auth.liaa.gov.lv,ConnectException > UnresolvedAddressException,none
auth.vps.gov.lv,HttpConnectTimeoutException > ConnectException: HTTP connect timed out,none
autodiscover.dzivnieki.gov.lv,ConnectException > UnresolvedAddressException,none
autodiscover.km.gov.lv,HttpConnectTimeoutException > ConnectException: HTTP connect timed out,none
avdb.ic.iem.gov.lv,HttpConnectTimeoutException > ConnectException: HTTP connect timed out,none
avis.gov.lv,HttpConnectTimeoutException > ConnectException: HTTP connect timed out,10 mx.avis.gov.lv.
awk.ic.iem.gov.lv,HttpConnectTimeoutException > ConnectException: HTTP connect timed out,none
b.ta.gov.lv,HttpConnectTimeoutException > ConnectException: HTTP connect timed out,none
back.lvif.gov.lv,HttpConnectTimeoutException > ConnectException: HTTP connect timed out,none
backoffice-api-pakalpojumi.arhivi.gov.lv,HttpConnectTimeoutException > ConnectException: HTTP connect timed out,none
backoffice-pakalpojumi.arhivi.gov.lv,HttpConnectTimeoutException > ConnectException: HTTP connect timed out,none
bapa.gov.lv,HttpConnectTimeoutException > ConnectException: HTTP connect timed out,none
barkava.zm.gov.lv,ConnectException > UnresolvedAddressException,none
bbb.mod.gov.lv,HttpConnectTimeoutException > ConnectException: HTTP connect timed out,none
bbb.vmd.gov.lv,HttpConnectTimeoutException > ConnectException: HTTP connect timed out,none
bbb1.vmd.gov.lv,HttpConnectTimeoutException > ConnectException: HTTP connect timed out,none
bbb4.vmd.gov.lv,HttpConnectTimeoutException > ConnectException: HTTP connect timed out,none
bbb7.vmd.gov.lv,ConnectException > UnresolvedAddressException,none
bbbcore.mod.gov.lv,301,none
bebrene.zm.gov.lv,ConnectException > UnresolvedAddressException,none
begluintegracija.nva.gov.lv,HttpConnectTimeoutException > ConnectException: HTTP connect timed out,none
bema.gov.lv,HttpConnectTimeoutException > ConnectException: HTTP connect timed out,none
bg2-tv.liaa.gov.lv,ConnectException > NoRouteToHostException: Host is unreachable,none
bib.kis.gov.lv,SSLHandshakeException > CertificateException: No subject alternative DNS name matching bib.kis.gov.lv found.,none
biblioteka.lrpv.gov.lv,200,none
bildes.vnc.gov.lv,ConnectException > UnresolvedAddressException,none
bildes.voava.gov.lv,HttpConnectTimeoutException > ConnectException: HTTP connect timed out,none
biocase.ldm.gov.lv,ConnectException > UnresolvedAddressException,none
biodiv.daba.gov.lv,HttpConnectTimeoutException > ConnectException: HTTP connect timed out,none
biodiv.lvgma.gov.lv,ConnectException > UnresolvedAddressException,none
bior.gov.lv,HttpConnectTimeoutException > ConnectException: HTTP connect timed out,none
bioreg.ldc.gov.lv,302,none
bir.gov.lv,HttpConnectTimeoutException > ConnectException: HTTP connect timed out,none
birth.csb.gov.lv,301,none
bis.gov.lv,200,none
biznes.gov.lv,302,2 mx1.liaa.c3s2.iphmx.com.; 3 mx2.liaa.c3s2.iphmx.com.
bizness.gov.lv,302,3 mx2.liaa.c3s2.iphmx.com.; 2 mx1.liaa.c3s2.iphmx.com.
blocked.ptac.gov.lv,HttpConnectTimeoutException > ConnectException: HTTP connect timed out,none
blog.iem.gov.lv,ConnectException > UnresolvedAddressException,none
bopl.kase.gov.lv,HttpConnectTimeoutException > ConnectException: HTTP connect timed out,none
box.lm.gov.lv,ConnectException > UnresolvedAddressException,none
brandbook.liaa.gov.lv,403,none
brivpusdienas.bm.gov.lv,ConnectException > UnresolvedAddressException,none
bti.gov.lv,301,none
bulduri.zm.gov.lv,ConnectException > UnresolvedAddressException,none
business.gov.lv,301,none
buvkomersanti.bema.gov.lv,HttpConnectTimeoutException > ConnectException: HTTP connect timed out,none
bvkb.gov.lv,HttpConnectTimeoutException > ConnectException: HTTP connect timed out,none
caa.gov.lv,HttpConnectTimeoutException > ConnectException: HTTP connect timed out,none
cak.iem.gov.lv,302,none
calc.liaa.gov.lv,200,none
calendar.este.iub.gov.lv,HttpConnectTimeoutException > ConnectException: HTTP connect timed out,none
cb-nature.daba.gov.lv,ConnectException > UnresolvedAddressException,none
cc.mfa.gov.lv,HttpConnectTimeoutException > ConnectException: HTTP connect timed out,none
cdn.viss.gov.lv,HttpConnectTimeoutException > ConnectException: HTTP connect timed out,none
ced.mfa.gov.lv,HttpConnectTimeoutException > ConnectException: HTTP connect timed out,none
celvedis.pmlp.gov.lv,HttpConnectTimeoutException > ConnectException: HTTP connect timed out,none
cert.gov.lv,307,none
cfla.gov.lv,301,none
chemical-industry-companies.liaa.gov.lv,ConnectException > UnresolvedAddressException,none
chemical-industry-latvia.liaa.gov.lv,HttpConnectTimeoutException > ConnectException: HTTP connect timed out,none
chinchilla.ldm.gov.lv,ConnectException > UnresolvedAddressException,none
cirava.zm.gov.lv,ConnectException > UnresolvedAddressException,none
cites.gov.lv,403,none
cites.ldm.gov.lv,ConnectException > UnresolvedAddressException,none
cixp-mgm.mfa.gov.lv,HttpConnectTimeoutException > ConnectException: HTTP connect timed out,none
cloud.gov.lv,302,none
cloud.jpd.gov.lv,200,none
cloud.vmd.gov.lv,HttpConnectTimeoutException > ConnectException: HTTP connect timed out,none
cms.hugo.gov.lv,302,none
collab-edge.fid.gov.lv,400,none
completedb.ttc.gov.lv,HttpConnectTimeoutException > ConnectException: HTTP connect timed out,none
config-dev.ic.iem.gov.lv,HttpConnectTimeoutException > ConnectException: HTTP connect timed out,none
config-prod.ic.iem.gov.lv,HttpConnectTimeoutException > ConnectException: HTTP connect timed out,none
confluence.vraa.gov.lv,ConnectException > UnresolvedAddressException,none
congress.sciencelatvia.gov.lv,HttpConnectTimeoutException > ConnectException: HTTP connect timed out,none
construction-companies.liaa.gov.lv,ConnectException > UnresolvedAddressException,none
converter.vp.gov.lv,SSLHandshakeException > CertificateException: No subject alternative DNS name matching converter.vp.gov.lv found.,none
correo.at.gov.lv,HttpConnectTimeoutException > ConnectException: HTTP connect timed out,none
court.jm.gov.lv,HttpConnectTimeoutException > ConnectException: HTTP connect timed out,none
covid19.gov.lv,HttpConnectTimeoutException > ConnectException: HTTP connect timed out,none
covidpass-admin.iem.gov.lv,SSLHandshakeException > ValidatorException > SunCertPathBuilderException: unable to find valid certification path to requested target,none
covidpass-test.iem.gov.lv,SSLHandshakeException > ValidatorException > SunCertPathBuilderException: unable to find valid certification path to requested target,none
cpanel.dzivnieki.gov.lv,HttpConnectTimeoutException > ConnectException: HTTP connect timed out,none
cpanel.talsusportaskola.gov.lv,HttpConnectTimeoutException > ConnectException: HTTP connect timed out,none
cpcalendars.dzivnieki.gov.lv,ConnectException > UnresolvedAddressException,none
cpcalendars.talsusportaskola.gov.lv,HttpConnectTimeoutException > ConnectException: HTTP connect timed out,none
cpcontacts.dzivnieki.gov.lv,ConnectException > UnresolvedAddressException,none
cpcontacts.talsusportaskola.gov.lv,HttpConnectTimeoutException > ConnectException: HTTP connect timed out,none
crl.mod.gov.lv,HttpConnectTimeoutException > ConnectException: HTTP connect timed out,none
crl.pa.gov.lv,SSLHandshakeException > CertificateException: No subject alternative DNS name matching crl.pa.gov.lv found.,none
crl.possessor.gov.lv,SSLHandshakeException > CertificateException: No subject alternative DNS name matching crl.possessor.gov.lv found.,none
csb.gov.lv,301,none
csn.vtua.gov.lv,HttpConnectTimeoutException > ConnectException: HTTP connect timed out,none
csp.gov.lv,HttpConnectTimeoutException > ConnectException: HTTP connect timed out,none
csp.gov.lvwww.csp.gov.lv,ConnectException > UnresolvedAddressException,none
ctx.mfa.gov.lv,HttpConnectTimeoutException > ConnectException: HTTP connect timed out,none
cvvp.nva.gov.lv,405,none
cyber.gov.lv,308,none
cyber.mod.gov.lv,302,none
daba.gov.lv,HttpConnectTimeoutException > ConnectException: HTTP connect timed out,none
dabasmuzejs.gov.lv,301,none
dagda.zm.gov.lv,ConnectException > UnresolvedAddressException,none
dagr.gov.lv,HttpConnectTimeoutException > ConnectException: HTTP connect timed out,10 mx.dagr.gov.lv.
darbinieki.daba.gov.lv,ConnectException > UnresolvedAddressException,none
darbiniekiem.vm.gov.lv,200,none
data.csb.gov.lv,ConnectException > NoRouteToHostException: Host is unreachable,none
data.gov.lv,301,none
data.stat.gov.lv,302,none
data1.csb.gov.lv,ConnectException > NoRouteToHostException: Host is unreachable,none
databases.lrpv.gov.lv,SSLHandshakeException > ValidatorException > SunCertPathBuilderException: unable to find valid certification path to requested target,none
dati.gov.lv,SSLHandshakeException > CertificateException: No subject alternative DNS name matching dati.gov.lv found.,none
dati.lrp.gov.lv,HttpConnectTimeoutException > ConnectException: HTTP connect timed out,none
dati.ptac.gov.lv,HttpConnectTimeoutException > ConnectException: HTTP connect timed out,none
dati.ta.gov.lv,301,none
dati.ur.gov.lv,200,none
dati.zva.gov.lv,200,none
datubaze.nbd.gov.lv,200,none
datubaze.nkc.gov.lv,200,none
datupanelis.eveseliba.gov.lv,403,none
datuserviss.ic.iem.gov.lv,HttpConnectTimeoutException > ConnectException: HTTP connect timed out,none
dav.business.gov.lv,404,none
db.csb.gov.lv,ConnectException > UnresolvedAddressException,none
db.lgia.gov.lv,ConnectException > UnresolvedAddressException,none
db.tpc.gov.lv,HttpConnectTimeoutException > ConnectException: HTTP connect timed out,none
db.valstskapitals.gov.lv,HttpConnectTimeoutException > ConnectException: HTTP connect timed out,none
deeptechatelier.liaa.gov.lv,SSLHandshakeException > CertificateException: No subject alternative DNS name matching deeptechatelier.liaa.gov.lv found.,none
demimekletajs.fm.gov.lv,ConnectException > UnresolvedAddressException,none
deminimis.fm.gov.lv,SSLHandshakeException > ValidatorException > SunCertPathBuilderException: unable to find valid certification path to requested target,none
deminimismekletajs.fm.gov.lv,ConnectException > UnresolvedAddressException,none
demo.tvp.gov.lv,301,none
design-companies.liaa.gov.lv,HttpConnectTimeoutException > ConnectException: HTTP connect timed out,none
dev.registri.ptac.gov.lv,HttpConnectTimeoutException > ConnectException: HTTP connect timed out,none
dgins.csb.gov.lv,HttpConnectTimeoutException > ConnectException: HTTP connect timed out,none
dialin.jc.gov.lv,HttpConnectTimeoutException > ConnectException: HTTP connect timed out,none
dialin.lgia.gov.lv,HttpConnectTimeoutException > ConnectException: HTTP connect timed out,none
dialin.mod.gov.lv,HttpConnectTimeoutException > ConnectException: HTTP connect timed out,none
dialin.valic.gov.lv,HttpConnectTimeoutException > ConnectException: HTTP connect timed out,none
dialin.vamoic.gov.lv,HttpConnectTimeoutException > ConnectException: HTTP connect timed out,none
dialogs.jaunatneslietas.gov.lv,200,none
diamond.vgd.gov.lv,HttpConnectTimeoutException > ConnectException: HTTP connect timed out,none
digives-spec.eveseliba.gov.lv,200,none
digives.eveseliba.gov.lv,HttpConnectTimeoutException > ConnectException: HTTP connect timed out,none
direktorewww.lnkc.gov.lv,ConnectException > UnresolvedAddressException,none
dizaina.domasana.liaa.gov.lv,SSLHandshakeException > CertificateException: No subject alternative DNS name matching dizaina.domasana.liaa.gov.lv found.,none
dlx.km.gov.lv,307,none
dml.ic.iem.gov.lv,HttpConnectTimeoutException > ConnectException: HTTP connect timed out,none
dml.visc.gov.lv,HttpConnectTimeoutException > ConnectException: HTTP connect timed out,none
dns.satv.tiesa.gov.lv,ConnectException > UnresolvedAddressException,none
dntn.csb.gov.lv,ConnectException > UnresolvedAddressException,none
dnweb.vid.gov.lv,ConnectException > UnresolvedAddressException,none
doc.izm.gov.lv,ConnectException > UnresolvedAddressException,none
doc.mod.gov.lv,HttpConnectTimeoutException > ConnectException: HTTP connect timed out,none
docs.jpd.gov.lv,ConnectException > UnresolvedAddressException,none
dokforums.gov.lv,HttpConnectTimeoutException > ConnectException: HTTP connect timed out,none
dokumenti.jpd.gov.lv,ConnectException > UnresolvedAddressException,none
domanoma.ptac.gov.lv,ConnectException > UnresolvedAddressException,none
dome.jpd.gov.lv,ConnectException > UnresolvedAddressException,none
dp.gov.lv,ConnectException > UnresolvedAddressException,none
dpa.csb.gov.lv,301,none
dpns.gov.lv,301,none
dpps.viss.gov.lv,HttpConnectTimeoutException > ConnectException: HTTP connect timed out,none
droni.caa.gov.lv,200,none
dsa.ptac.gov.lv,200,none
dvi.gov.lv,301,none
dvs-jobs.iem.gov.lv,HttpConnectTimeoutException > ConnectException: HTTP connect timed out,none
dvs-test.vm.gov.lv,301,none
dvs.em.gov.lv,HttpConnectTimeoutException > ConnectException: HTTP connect timed out,none
dvs.iem.gov.lv,HttpConnectTimeoutException > ConnectException: HTTP connect timed out,none
dvs.izm.gov.lv,SSLHandshakeException > ValidatorException > SunCertPathBuilderException: unable to find valid certification path to requested target,none
dvs.mod.gov.lv,HttpConnectTimeoutException > ConnectException: HTTP connect timed out,none
dvs.sif.gov.lv,301,none
dvs.vm.gov.lv,301,none
dvs.zm.gov.lv,301,none
dvstest-hor.iem.gov.lv,HttpConnectTimeoutException > ConnectException: HTTP connect timed out,none
dvstest.iem.gov.lv,HttpConnectTimeoutException > ConnectException: HTTP connect timed out,none
dzimst.csb.gov.lv,301,none
e-apmaciba.nva.gov.lv,HttpConnectTimeoutException > ConnectException: HTTP connect timed out,none
e-kurss.dvi.gov.lv,200,none
e-mail.iem.gov.lv,SSLHandshakeException > CertificateException: No subject alternative DNS name matching e-mail.iem.gov.lv found.,none
e-pakalpojums.pa.gov.lv,200,none
e-pakalpojums.possessor.gov.lv,200,none
e-pasts.mod.gov.lv,HttpConnectTimeoutException > ConnectException: HTTP connect timed out,none
e-pasts.vm.gov.lv,SSLHandshakeException > CertificateException: No subject alternative DNS name matching e-pasts.vm.gov.lv found.,none
e-pieteikumi.lgia.gov.lv,200,none
e-services.vi.gov.lv,ConnectException > UnresolvedAddressException,none
e-spolis.lm.gov.lv,301,none
e-studijas.vp.gov.lv,403,none
e.caa.gov.lv,200,none
e.csb.gov.lv,400,none
e.csp.gov.lv,307,none
e.ic.iem.gov.lv,302,none
eaf.cfla.gov.lv,HttpConnectTimeoutException > ConnectException: HTTP connect timed out,none
earchive.kis.gov.lv,ConnectException > UnresolvedAddressException,none
ebdg2011.izm.gov.lv,ConnectException > UnresolvedAddressException,none
ebiblioteka.vugd.gov.lv,SSLHandshakeException > CertificateException: No subject alternative DNS name matching ebiblioteka.vugd.gov.lv found.,none
ebizness.liaa.gov.lv,SSLHandshakeException > ValidatorException > SunCertPathBuilderException: unable to find valid certification path to requested target,none
ecris-test.ic.iem.gov.lv,HttpConnectTimeoutException > ConnectException: HTTP connect timed out,none
ecris.ic.iem.gov.lv,HttpConnectTimeoutException > ConnectException: HTTP connect timed out,none
edis-test.knab.gov.lv,SSLHandshakeException > ValidatorException > SunCertPathBuilderException: unable to find valid certification path to requested target,none
edis.knab.gov.lv,403,none
editorilr.ta.gov.lv,403,none
eds.gov.lv,HttpConnectTimeoutException > ConnectException: HTTP connect timed out,none
eds.vid.gov.lv,HttpConnectTimeoutException > ConnectException: HTTP connect timed out,none
edsdemo.vid.gov.lv,ConnectException > UnresolvedAddressException,none
edsrinda.vid.gov.lv,404,none
edu.ic.iem.gov.lv,HttpConnectTimeoutException > ConnectException: HTTP connect timed out,none
edu.vas.gov.lv,ConnectException > UnresolvedAddressException,none
eduards.vmd.gov.lv,HttpConnectTimeoutException > ConnectException: HTTP connect timed out,none
eeksports.liaa.gov.lv,ConnectException > UnresolvedAddressException,none
eforms.pvs.iub.gov.lv,200,none
eformsb.pvs.iub.gov.lv,404,none
eib.liaa.gov.lv,301,none
eib2016.liaa.gov.lv,SSLHandshakeException > ValidatorException > SunCertPathBuilderException: unable to find valid certification path to requested target,none
eidas.vraa.gov.lv,404,none
eidtstapa.pmlp.gov.lv,HttpConnectTimeoutException > ConnectException: HTTP connect timed out,none
eidtstiis.pmlp.gov.lv,HttpConnectTimeoutException > ConnectException: HTTP connect timed out,none
eidtsttom.pmlp.gov.lv,HttpConnectTimeoutException > ConnectException: HTTP connect timed out,none
eiis-tv.liaa.gov.lv,200,none
eikis.gov.lv,200,none
eintervija.csb.gov.lv,ConnectException > UnresolvedAddressException,none
eis.gov.lv,404,none
ekis.ic.iem.gov.lv,SSLHandshakeException > CertificateException: No subject alternative DNS name matching ekis.ic.iem.gov.lv found.,none
ekis.vp.gov.lv,SSLHandshakeException > CertificateException: No subject alternative DNS name matching ekis.vp.gov.lv found.,none
ekosistemas.daba.gov.lv,302,none
eks.vid.gov.lv,ConnectException > UnresolvedAddressException,none
eksameni.caa.gov.lv,303,none
eksameni.gov.lv,SSLHandshakeException > ValidatorException > SunCertPathBuilderException: unable to find valid certification path to requested target,none
eksameni.vps.gov.lv,HttpConnectTimeoutException > ConnectException: HTTP connect timed out,none
eksperti.ta.gov.lv,HttpConnectTimeoutException > ConnectException: HTTP connect timed out,none
ekspertihelp.latak.gov.lv,ConnectException > NoRouteToHostException: Host is unreachable,none
ekspertize.vp.gov.lv,SSLHandshakeException > CertificateException: No subject alternative DNS name matching ekspertize.vp.gov.lv found.,10 smtp-b.iem.gov.lv.; 20 smtp-c.iem.gov.lv.
eksports.csb.gov.lv,200,none
eksports.liaa.gov.lv,SSLHandshakeException > ValidatorException > SunCertPathBuilderException: unable to find valid certification path to requested target,none
elastic.este.iub.gov.lv,401,none
electrical-engineering-companies.liaa.gov.lv,ConnectException > UnresolvedAddressException,none
elieta-adrpublic.ic.iem.gov.lv,HttpConnectTimeoutException > ConnectException: HTTP connect timed out,none
elietaauth.ic.iem.gov.lv,HttpConnectTimeoutException > ConnectException: HTTP connect timed out,none
elk.rumis.gov.lv,SSLHandshakeException > ValidatorException > SunCertPathBuilderException: unable to find valid certification path to requested target,none
elrg.cfla.gov.lv,301,none
em.gov.lv,HttpConnectTimeoutException > ConnectException: HTTP connect timed out,none
emacibas-s.iub.gov.lv,200,none
emacibas.iub.gov.lv,200,none
emacibas.vp.gov.lv,403,none
emacibas.vugd.gov.lv,403,none
emdas.vid.gov.lv,302,none
emdas2.vid.gov.lv,404,none
emus.mna.gov.lv,ConnectException > UnresolvedAddressException,none
emus.ta.gov.lv,302,none
emuspublic.ta.gov.lv,302,none
en.sam.gov.lv,ConnectException > UnresolvedAddressException,none
ener.gov.lv,302,none
energoaudits.ma.gov.lv,ConnectException > UnresolvedAddressException,none
energoaudits2005.ma.gov.lv,ConnectException > UnresolvedAddressException,none
eng.fid.gov.lv,HttpConnectTimeoutException > ConnectException: HTTP connect timed out,none
engineering-latvia.liaa.gov.lv,ConnectException > NoRouteToHostException: Host is unreachable,none
environment-industry-companies.liaa.gov.lv,HttpConnectTimeoutException > ConnectException: HTTP connect timed out,none
ep1.vita.gov.lv,HttpConnectTimeoutException > ConnectException: HTTP connect timed out,none
ep22.ic.iem.gov.lv,302,none
epak.is.vvd.gov.lv,SSLHandshakeException > ValidatorException > SunCertPathBuilderException: unable to find valid certification path to requested target,none
epak.pmlp.gov.lv,302,none
epak.vmd.gov.lv,SSLHandshakeException > ValidatorException > SunCertPathBuilderException: unable to find valid certification path to requested target,none
epak2.pmlp.gov.lv,HttpConnectTimeoutException > ConnectException: HTTP connect timed out,none
epak3.pmlp.gov.lv,HttpConnectTimeoutException > ConnectException: HTTP connect timed out,none
epakalpojumi.zm.gov.lv,HttpConnectTimeoutException > ConnectException: HTTP connect timed out,none
epakalpojums.pa.gov.lv,200,none
epakalpojums.possessor.gov.lv,200,none
epakweb.viss.gov.lv,HttpTimeoutException: request timed out,none
eparskats.csb.gov.lv,ConnectException > UnresolvedAddressException,none
epasts.fm.gov.lv,HttpConnectTimeoutException > ConnectException: HTTP connect timed out,none
epasts.iem.gov.lv,HttpConnectTimeoutException > ConnectException: HTTP connect timed out,none
epasts.jpd.gov.lv,302,none
epasts.rs.gov.lv,HttpConnectTimeoutException > ConnectException: HTTP connect timed out,none
epasts.tmc.gov.lv,SSLHandshakeException: Remote host terminated the handshake,none
epasts.vp.gov.lv,SSLHandshakeException > CertificateException: No subject alternative DNS name matching epasts.vp.gov.lv found.,none
epasts.zm.gov.lv,307,none
epic.gov.lv,HttpConnectTimeoutException > ConnectException: HTTP connect timed out,none
epid-api.spkc.gov.lv,404,none
epid.spkc.gov.lv,200,none
eportfelis.mk.gov.lv,IOException > SocketException: Connection reset,none
eps.gov.lv,HttpConnectTimeoutException > ConnectException: HTTP connect timed out,none
eps.lad.gov.lv,302,none
eps.zm.gov.lv,HttpConnectTimeoutException > ConnectException: HTTP connect timed out,none
equal.sif.gov.lv,ConnectException > UnresolvedAddressException,none
eresursi.arhivi.gov.lv,HttpConnectTimeoutException > ConnectException: HTTP connect timed out,none
ergli.zm.gov.lv,ConnectException > UnresolvedAddressException,none
es.ldm.gov.lv,HttpConnectTimeoutException > ConnectException: HTTP connect timed out,none
esc-test.ic.iem.gov.lv,HttpConnectTimeoutException > ConnectException: HTTP connect timed out,none
eservices.lrpv.gov.lv,302,none
eservices.viss.gov.lv,404,none
esf.vec.gov.lv,ConnectException > UnresolvedAddressException,none
esf.vsmtva.gov.lv,ConnectException > UnresolvedAddressException,none
esfondi.bema.gov.lv,HttpConnectTimeoutException > ConnectException: HTTP connect timed out,none
esfondi.izm.gov.lv,ConnectException > UnresolvedAddressException,none
esfondi.vm.gov.lv,SSLHandshakeException > ValidatorException > SunCertPathBuilderException: unable to find valid certification path to requested target,none
esirinda.latvija.gov.lv,HttpConnectTimeoutException > ConnectException: HTTP connect timed out,none
espd.eis.gov.lv,200,none
esprojekti.sam.gov.lv,SSLHandshakeException > ValidatorException > CertPathValidatorException > CertificateExpiredException: NotAfter: Wed Aug 26 01:59:59 CEST 2026,none
est.viaa.gov.lv,ConnectException > UnresolvedAddressException,none
estapiks.gov.lv,HttpConnectTimeoutException > ConnectException: HTTP connect timed out,10 mx1.tm.gov.lv.; 20 mx2.tm.gov.lv.
estudijas-old.vugd.gov.lv,SSLHandshakeException > CertificateException: No subject alternative DNS name matching estudijas-old.vugd.gov.lv found.,none
estudijas.vugd.gov.lv,HttpTimeoutException: request timed out,none
esv.visc.gov.lv,HttpConnectTimeoutException > ConnectException: HTTP connect timed out,none
eta.gov.lv,302,none
etest.ic.iem.gov.lv,403,none
etrlv.lvgma.gov.lv,HttpConnectTimeoutException > ConnectException: HTTP connect timed out,none
eu2015.csb.gov.lv,HttpConnectTimeoutException > ConnectException: HTTP connect timed out,none
euroguidance.viaa.gov.lv,HttpConnectTimeoutException > ConnectException: HTTP connect timed out,none
eveseliba.gov.lv,200,none
evp.visc.gov.lv,302,none
evraam.ic.iem.gov.lv,403,none
exchange.ic.iem.gov.lv,HttpConnectTimeoutException > ConnectException: HTTP connect timed out,none
exchange.mk.gov.lv,HttpConnectTimeoutException > ConnectException: HTTP connect timed out,none
exp-e.fid.gov.lv,400,none
faili.izm.gov.lv,HttpConnectTimeoutException > ConnectException: HTTP connect timed out,none
faili.vaad.gov.lv,ConnectException > UnresolvedAddressException,none
failiem.mod.gov.lv,302,none
farminsp.gov.lv,HttpConnectTimeoutException > ConnectException: HTTP connect timed out,none
fdp.gov.lv,301,0 fdp-gov-lv.mail.protection.outlook.com.
fid.gov.lv,302,none
fil.fm.gov.lv,ConnectException > UnresolvedAddressException,none
files.liaa.gov.lv,200,none
filter.fm.gov.lv,ConnectException > UnresolvedAddressException,none
fish.pd.gov.lv,ConnectException > UnresolvedAddressException,none
fish.vp.gov.lv,ConnectException > UnresolvedAddressException,none
fm-com-2.fm.gov.lv,ConnectException > UnresolvedAddressException,none
fm.gov.lv,301,0 fm-gov-lv.mail.protection.outlook.com.
fm.ldm.gov.lv,HttpConnectTimeoutException > ConnectException: HTTP connect timed out,none
fn1.ic.iem.gov.lv,SSLHandshakeException > CertificateException: No subject alternative DNS name matching fn1.ic.iem.gov.lv found.,none
fn2.ic.iem.gov.lv,SSLHandshakeException > CertificateException: No subject alternative DNS name matching fn2.ic.iem.gov.lv found.,none
fo-pais.lrpv.gov.lv,302,none
fondi.cfla.gov.lv,HttpConnectTimeoutException > ConnectException: HTTP connect timed out,none
food-industry-companies.liaa.gov.lv,ConnectException > UnresolvedAddressException,none
food-industry-latvia.liaa.gov.lv,ConnectException > NoRouteToHostException: Host is unreachable,none
for-rest.daba.gov.lv,ConnectException > UnresolvedAddressException,none
form.fid.gov.lv,200,none
forms-test.ic.iem.gov.lv,HttpConnectTimeoutException > ConnectException: HTTP connect timed out,none
forms.ic.iem.gov.lv,HttpConnectTimeoutException > ConnectException: HTTP connect timed out,none
fotoalbums.ldm.gov.lv,HttpConnectTimeoutException > ConnectException: HTTP connect timed out,none
freestyle.mfa.gov.lv,ConnectException > UnresolvedAddressException,none
ftp.ldm.gov.lv,ConnectException > UnresolvedAddressException,none
fusion.vza.gov.lv,HttpConnectTimeoutException > ConnectException: HTTP connect timed out,none
fw-mgmt.ic.iem.gov.lv,HttpConnectTimeoutException > ConnectException: HTTP connect timed out,none
fw.pa.gov.lv,403,none
gadatirgi.nbd.gov.lv,302,none
gaisma.lda.gov.lv,ConnectException > UnresolvedAddressException,none
gauja.eveseliba.gov.lv,ConnectException > UnresolvedAddressException,none
gauja.ldm.gov.lv,HttpConnectTimeoutException > ConnectException: HTTP connect timed out,none
geo-dpps.viss.gov.lv,200,none
geo.stat.gov.lv,403,none
geodezija.lgia.gov.lv,200,none
geometadati.viss.gov.lv,HttpConnectTimeoutException > ConnectException: HTTP connect timed out,none
ggdev.sif.gov.lv,HttpConnectTimeoutException > ConnectException: HTTP connect timed out,none
gis-dev-test.ic.iem.gov.lv,HttpConnectTimeoutException > ConnectException: HTTP connect timed out,none
gis-preprod.ic.iem.gov.lv,HttpConnectTimeoutException > ConnectException: HTTP connect timed out,none
gis.ic.iem.gov.lv,200,none
gis.iem.gov.lv,IOException > EOFException: EOF reached while reading,none
gis.lgia.gov.lv,503,none
gis.vmd.gov.lv,302,none
gisdb.zpr.gov.lv,HttpConnectTimeoutException > ConnectException: HTTP connect timed out,none
gistest.ic.iem.gov.lv,HttpConnectTimeoutException > ConnectException: HTTP connect timed out,none
git.liaa.gov.lv,ConnectException > UnresolvedAddressException,none
git.ur.gov.lv,302,none
gitlab.sif.gov.lv,302,none
gitlab.visc.gov.lv,302,none
giz.zpr.gov.lv,HttpConnectTimeoutException > ConnectException: HTTP connect timed out,none
goaml.fid.gov.lv,405,none
gogs-git.ic.iem.gov.lv,HttpConnectTimeoutException > ConnectException: HTTP connect timed out,none
gop.vp.gov.lv,403,none
gophish.vp.gov.lv,SSLHandshakeException > CertificateException: No subject alternative DNS name matching gophish.vp.gov.lv found.,none
gov.lv,HttpConnectTimeoutException: HTTP connect timed out,5 mail.gov.lv.
govcamp.kis.gov.lv,HttpConnectTimeoutException > ConnectException: HTTP connect timed out,none
gpis.lgia.gov.lv,ConnectException > UnresolvedAddressException,none
grafana.rumis.gov.lv,SSLHandshakeException > ValidatorException > SunCertPathBuilderException: unable to find valid certification path to requested target,none
gw.csb.gov.lv,302,none
h5p.mape.gov.lv,502,none
h5p.test.mape.gov.lv,502,none
ha.viss.gov.lv,503,none
haoss.mfa.gov.lv,ConnectException > UnresolvedAddressException,none
hatsons.dkurzeme.vzd.gov.lv,ConnectException > UnresolvedAddressException,none
heatspoc-dev.ic.iem.gov.lv,HttpConnectTimeoutException > ConnectException: HTTP connect timed out,none
helios.kase.gov.lv,ConnectException > UnresolvedAddressException,none
help.me.zm.gov.lv,302,none
help.test.zm.gov.lv,ConnectException > UnresolvedAddressException,none
help.ur.gov.lv,200,none
help.zm.gov.lv,302,none
helpdesk-test.iem.gov.lv,SSLHandshakeException > CertificateException: No subject alternative DNS name matching helpdesk-test.iem.gov.lv found.,none
helpdesk.iem.gov.lv,SSLHandshakeException > CertificateException: No subject alternative DNS name matching helpdesk.iem.gov.lv found.,none
helpdesk.vp.gov.lv,SSLHandshakeException > CertificateException: No subject alternative DNS name matching helpdesk.vp.gov.lv found.,none
helptest.zm.gov.lv,ConnectException > UnresolvedAddressException,none
hop.mod.gov.lv,ConnectException > UnresolvedAddressException,none
horizon-hop-test.iem.gov.lv,HttpConnectTimeoutException > ConnectException: HTTP connect timed out,none
horizon-hop.iem.gov.lv,HttpConnectTimeoutException > ConnectException: HTTP connect timed out,none
horizon-rest-api.iem.gov.lv,HttpConnectTimeoutException > ConnectException: HTTP connect timed out,none
horizon-test-rest-api.iem.gov.lv,HttpConnectTimeoutException > ConnectException: HTTP connect timed out,none
horizon2020.viaa.gov.lv,SSLHandshakeException > CertificateException: No subject alternative DNS name matching horizon2020.viaa.gov.lv found.,none
horizonweb.izm.gov.lv,SSLHandshakeException > ValidatorException > SunCertPathBuilderException: unable to find valid certification path to requested target,none
horizonweb.mod.gov.lv,HttpConnectTimeoutException > ConnectException: HTTP connect timed out,none
hp-boss.vita.gov.lv,ConnectException > UnresolvedAddressException,none
hp-boss.vvisc.gov.lv,HttpConnectTimeoutException > ConnectException: HTTP connect timed out,none
hpp.lic.gov.lv,SSLHandshakeException > ValidatorException > SunCertPathBuilderException: unable to find valid certification path to requested target,none
hpp.spkc.gov.lv,200,none
hugo.gov.lv,HttpConnectTimeoutException > ConnectException: HTTP connect timed out,none
hydroplan.daba.gov.lv,HttpConnectTimeoutException > ConnectException: HTTP connect timed out,none
iaui.gov.lv,301,0 iaui-gov-lv.mail.protection.outlook.com.
ic.iem.gov.lv,301,none
ic.rs.gov.lv,HttpConnectTimeoutException > ConnectException: HTTP connect timed out,none
ict-industry-companies.liaa.gov.lv,ConnectException > UnresolvedAddressException,none
id-liz.vaad.gov.lv,405,none
id.ur.gov.lv,HttpTimeoutException: request timed out,none
idauth.eveseliba.gov.lv,405,none
idb.gov.lv,301,10 smtp-b.iem.gov.lv.; 20 smtp-c.iem.gov.lv.
iddv.eveseliba.gov.lv,HttpConnectTimeoutException > ConnectException: HTTP connect timed out,none
identityservice.ic.iem.gov.lv,HttpConnectTimeoutException > ConnectException: HTTP connect timed out,none
iecava.gov.lv,HttpConnectTimeoutException > ConnectException: HTTP connect timed out,none
iem.gov.lv,HttpConnectTimeoutException > ConnectException: HTTP connect timed out,none
iem.map.gov.lv,HttpConnectTimeoutException > ConnectException: HTTP connect timed out,none
iepm-csa.iem.gov.lv,403,none
iestade.tvp.gov.lv,403,none
ievp.gov.lv,301,none
iias.sprk.gov.lv,302,none
iis.ic.iem.gov.lv,HttpConnectTimeoutException > ConnectException: HTTP connect timed out,none
iisrest.ic.iem.gov.lv,HttpConnectTimeoutException > ConnectException: HTTP connect timed out,none
iisresttest.ic.iem.gov.lv,HttpConnectTimeoutException > ConnectException: HTTP connect timed out,none
iistest.ic.iem.gov.lv,HttpConnectTimeoutException > ConnectException: HTTP connect timed out,none
iiva.iem.gov.lv,ConnectException > UnresolvedAddressException,none
ikvd.gov.lv,301,0 ikvd-gov-lv.mail.protection.outlook.com.
ilias.mod.gov.lv,ConnectException > UnresolvedAddressException,none
ilr.ta.gov.lv,HttpConnectTimeoutException > ConnectException: HTTP connect timed out,none
imms.gov.lv,HttpConnectTimeoutException > ConnectException: HTTP connect timed out,none
ims-web.vvd.gov.lv,HttpConnectTimeoutException > ConnectException: HTTP connect timed out,none
info.caa.gov.lv,ConnectException > UnresolvedAddressException,none
info.iub.gov.lv,HttpConnectTimeoutException > ConnectException: HTTP connect timed out,none
info.knab.gov.lv,200,none
info.ldc.gov.lv,302,none
info.mnsw.gov.lv,200,none
info.ur.gov.lv,200,none
info.vmd.gov.lv,HttpConnectTimeoutException > ConnectException: HTTP connect timed out,none
infob.iub.gov.lv,406,none
inovacija.mk.gov.lv,HttpConnectTimeoutException > ConnectException: HTTP connect timed out,none
inovacijas.iem.gov.lv,SSLHandshakeException > CertificateException: No subject alternative DNS name matching inovacijas.iem.gov.lv found.,none
inputs.rac.gov.lv,HttpConnectTimeoutException > ConnectException: HTTP connect timed out,none
inspekcija.izm.gov.lv,ConnectException > UnresolvedAddressException,none
inspektoruappprod.vvd.gov.lv,SSLHandshakeException > ValidatorException > SunCertPathBuilderException: unable to find valid certification path to requested target,none
inspire.stat.gov.lv,404,none
integracija.gov.lv,HttpConnectTimeoutException > ConnectException: HTTP connect timed out,none
integralplan.daba.gov.lv,SSLHandshakeException > CertificateException: No subject alternative DNS name matching integralplan.daba.gov.lv found.,none
integretaaudzesana.vaad.gov.lv,301,none
intra.ic.iem.gov.lv,SSLHandshakeException > CertificateException: No subject alternative DNS name matching intra.ic.iem.gov.lv found.,none
intra.is.vvd.gov.lv,HttpConnectTimeoutException > ConnectException: HTTP connect timed out,none
intra.nmpd.gov.lv,ConnectException > UnresolvedAddressException,none
intra.pvd.gov.lv,ConnectException > UnresolvedAddressException,none
intra.vugd.gov.lv,SSLHandshakeException > CertificateException: No subject alternative DNS name matching intra.vugd.gov.lv found.,none
intranet.bior.gov.lv,HttpConnectTimeoutException > ConnectException: HTTP connect timed out,none
intranet.idb.gov.lv,SSLHandshakeException > CertificateException: No subject alternative DNS name matching intranet.idb.gov.lv found.,none
intranet.mod.gov.lv,302,none
intranet.nva.gov.lv,ConnectException > UnresolvedAddressException,none
intranet.rs.gov.lv,SSLHandshakeException > CertificateException: No subject alternative DNS name matching intranet.rs.gov.lv found.,none
intranet.vmd.gov.lv,ConnectException > UnresolvedAddressException,none
intranet.vp.gov.lv,HttpConnectTimeoutException > ConnectException: HTTP connect timed out,none
inventars.vm.gov.lv,302,none
ipps-test.ic.iem.gov.lv,HttpConnectTimeoutException > ConnectException: HTTP connect timed out,none
ipps.ic.iem.gov.lv,HttpConnectTimeoutException > ConnectException: HTTP connect timed out,none
ipv6.dzivnieki.gov.lv,ConnectException > UnresolvedAddressException,none
ir.ic.iem.gov.lv,200,none
ireland.mfa.gov.lv,301,none
iric.gov.lv,ConnectException > UnresolvedAddressException,none
irrvis-macibu.vugd.gov.lv,HttpConnectTimeoutException > ConnectException: HTTP connect timed out,none
irrvis-test.vugd.gov.lv,HttpConnectTimeoutException > ConnectException: HTTP connect timed out,none
is.test.viis.gov.lv,SSLHandshakeException > ValidatorException > SunCertPathBuilderException: unable to find valid certification path to requested target,none
is.viis.gov.lv,SSLHandshakeException > ValidatorException > SunCertPathBuilderException: unable to find valid certification path to requested target,none
isec.gov.lv,ConnectException > UnresolvedAddressException,none
ispcfg.iem.gov.lv,HttpConnectTimeoutException > ConnectException: HTTP connect timed out,none
isptest.sprk.gov.lv,ConnectException > UnresolvedAddressException,none
itest.sprk.gov.lv,HttpConnectTimeoutException > ConnectException: HTTP connect timed out,none
itestn.sprk.gov.lv,HttpConnectTimeoutException > ConnectException: HTTP connect timed out,none
itg.riga.vp.gov.lv,HttpConnectTimeoutException > ConnectException: HTTP connect timed out,none
itvs.vid.gov.lv,200,none
iub.gov.lv,301,none
ivis.eps.gov.lv,403,none
izglitiba.gov.lv,SSLHandshakeException > ValidatorException > SunCertPathBuilderException: unable to find valid certification path to requested target,none
izm.gov.lv,HttpConnectTimeoutException > ConnectException: HTTP connect timed out,none
izm.izm.gov.lv,HttpConnectTimeoutException > ConnectException: HTTP connect timed out,none
izm.tvp.gov.lv,403,none
izm03.izm.gov.lv,ConnectException > UnresolvedAddressException,none
izsoles.ta.gov.lv,HttpConnectTimeoutException > ConnectException: HTTP connect timed out,none
jama.bis.gov.lv,SSLHandshakeException > ValidatorException > SunCertPathBuilderException: unable to find valid certification path to requested target,none
janmuiza.zm.gov.lv,ConnectException > UnresolvedAddressException,none
jaunaglona.zm.gov.lv,ConnectException > UnresolvedAddressException,none
jaunatne.gov.lv,200,none
jaunatneslietas.gov.lv,200,none
jaungulbene.zm.gov.lv,ConnectException > UnresolvedAddressException,none
jauniesi.nva.gov.lv,ConnectException > UnresolvedAddressException,none
jauniesuspele.visc.gov.lv,HttpConnectTimeoutException > ConnectException: HTTP connect timed out,none
jauns.viss.gov.lv,HttpConnectTimeoutException > ConnectException: HTTP connect timed out,none
jbmc.gov.lv,HttpConnectTimeoutException > ConnectException: HTTP connect timed out,none
jc.gov.lv,308,none
jekabpils.zm.gov.lv,HttpConnectTimeoutException > ConnectException: HTTP connect timed out,none
jelgavasnovads.tvp.gov.lv,403,none
jenkins.ic.iem.gov.lv,HttpConnectTimeoutException > ConnectException: HTTP connect timed out,none
jic.gov.lv,HttpConnectTimeoutException > ConnectException: HTTP connect timed out,none
jira.servicedesk.izm.gov.lv,302,none
jods.spkc.gov.lv,200,none
join.fid.gov.lv,200,none
jp.ta.gov.lv,HttpConnectTimeoutException > ConnectException: HTTP connect timed out,none
jpa.gov.lv,301,none
jpd.gov.lv,ConnectException > UnresolvedAddressException,none
jpd3lx.jpd.gov.lv,ConnectException > UnresolvedAddressException,none
jpv.siva.gov.lv,SSLHandshakeException > CertificateException: No subject alternative DNS name matching jpv.siva.gov.lv found.,none
jurmala.jpd.gov.lv,ConnectException > UnresolvedAddressException,none
kalendars.bvkb.gov.lv,HttpConnectTimeoutException > ConnectException: HTTP connect timed out,none
kalkulators.jpa.gov.lv,HttpConnectTimeoutException > ConnectException: HTTP connect timed out,none
kandava.zm.gov.lv,ConnectException > UnresolvedAddressException,none
karamuzejs.gov.lv,ConnectException > UnresolvedAddressException,10 mail.mod.gov.lv.
karte.lad.gov.lv,200,none
karte.lgia.gov.lv,ConnectException > UnresolvedAddressException,none
karte.ozols.gov.lv,HttpConnectTimeoutException > ConnectException: HTTP connect timed out,none
karte.vaad.gov.lv,HttpConnectTimeoutException > ConnectException: HTTP connect timed out,none
kartes.lgia.gov.lv,200,none
kartes.ventspils.gov.lv,ConnectException > UnresolvedAddressException,none
kase.gov.lv,200,none
kaste.zva.gov.lv,SSLHandshakeException > ValidatorException > SunCertPathBuilderException: unable to find valid certification path to requested target,none
katalogs.vtua.gov.lv,ConnectException > UnresolvedAddressException,none
kazdanga.zm.gov.lv,HttpConnectTimeoutException > ConnectException: HTTP connect timed out,none
kd.gov.lv,ConnectException > UnresolvedAddressException,10 mail.kd.gov.lv.
kem.gov.lv,301,none
ki.viaa.gov.lv,ConnectException > UnresolvedAddressException,none
kiali.ic.iem.gov.lv,HttpConnectTimeoutException > ConnectException: HTTP connect timed out,none
kibana-test.ic.iem.gov.lv,HttpConnectTimeoutException > ConnectException: HTTP connect timed out,none
kibana.este.iub.gov.lv,302,none
kibana.ic.iem.gov.lv,HttpConnectTimeoutException > ConnectException: HTTP connect timed out,none
kiber.gov.lv,302,none
kiber.mod.gov.lv,302,none
kim.lm.gov.lv,200,none
kis.gov.lv,301,none
klasis.csp.gov.lv,200,none
kleisti.gov.lv,HttpConnectTimeoutException > ConnectException: HTTP connect timed out,none
klienti.lgia.gov.lv,HttpConnectTimeoutException > ConnectException: HTTP connect timed out,none
klients.vaad.gov.lv,HttpConnectTimeoutException > ConnectException: HTTP connect timed out,none
klikskis.ldm.gov.lv,ConnectException > UnresolvedAddressException,none
kliniskiealgoritmi.vm.gov.lv,HttpConnectTimeoutException > ConnectException: HTTP connect timed out,none
kls2.ir.gov.lv,ConnectException > UnresolvedAddressException,none
km.gov.lv,HttpConnectTimeoutException > ConnectException: HTTP connect timed out,10 km-gov-lv.mail.protection.outlook.com.
km.tvp.gov.lv,403,none
kmc.gov.lv,ConnectException > UnresolvedAddressException,none
kn.viaa.gov.lv,ConnectException > UnresolvedAddressException,none
knab.gov.lv,HttpConnectTimeoutException > ConnectException: HTTP connect timed out,none
knmc.gov.lv,HttpConnectTimeoutException > ConnectException: HTTP connect timed out,none
kns.ikvd.gov.lv,200,none
koledza.sic.gov.lv,ConnectException > UnresolvedAddressException,none
koledza.siva.gov.lv,200,none
komerckila.ur.gov.lv,HttpConnectTimeoutException > ConnectException: HTTP connect timed out,none
komersantiem.vtua.gov.lv,HttpConnectTimeoutException > ConnectException: HTTP connect timed out,none
komersants.vtua.gov.lv,ConnectException > UnresolvedAddressException,none
konference.fm.gov.lv,HttpConnectTimeoutException > ConnectException: HTTP connect timed out,none
konference.siva.gov.lv,303,none
konference.vas.gov.lv,302,none
kontaktbirza.liaa.gov.lv,301,none
kontakti.ic.iem.gov.lv,HttpConnectTimeoutException > ConnectException: HTTP connect timed out,none
kontakti.iem.gov.lv,SSLHandshakeException > CertificateException: No subject alternative DNS name matching kontakti.iem.gov.lv found.,none
kontakti.nva.iem.gov.lv,SSLHandshakeException > CertificateException: No subject alternative DNS name matching kontakti.nva.iem.gov.lv found.,none
kontakti.rs.gov.lv,SSLHandshakeException > CertificateException: No subject alternative DNS name matching kontakti.rs.gov.lv found.,none
kontakti.vp.gov.lv,HttpConnectTimeoutException > ConnectException: HTTP connect timed out,none
kontakti.vugd.gov.lv,SSLHandshakeException > CertificateException: No subject alternative DNS name matching kontakti.vugd.gov.lv found.,none
konti.ptac.gov.lv,HttpConnectTimeoutException > ConnectException: HTTP connect timed out,none
koordinatas.lgia.gov.lv,307,none
kp.gov.lv,301,none
kpvis.cfla.gov.lv,302,none
kr.am.gov.lv,HttpConnectTimeoutException > ConnectException: HTTP connect timed out,none
kr.mfa.gov.lv,HttpConnectTimeoutException > ConnectException: HTTP connect timed out,none
krim.ic.iem.gov.lv,HttpConnectTimeoutException > ConnectException: HTTP connect timed out,none
krp.riga.vzd.gov.lv,ConnectException > UnresolvedAddressException,none
krp.vzd.gov.lv,ConnectException > UnresolvedAddressException,none
kvs.nmpd.gov.lv,HttpConnectTimeoutException > ConnectException: HTTP connect timed out,none
lab.cloud.gov.lv,IOException > SocketException: Connection reset,none
lad.gov.lv,301,none
lafo.gov.lv,HttpConnectTimeoutException > ConnectException: HTTP connect timed out,10 mail.lafo.gov.lv.
laidze.zm.gov.lv,ConnectException > UnresolvedAddressException,none
laimigiberni.tvp.gov.lv,403,none
lan.ic.iem.gov.lv,HttpConnectTimeoutException > ConnectException: HTTP connect timed out,none
language-tool.hugo.gov.lv,200,none
lasis.izm.gov.lv,403,none
latmed.zva.gov.lv,HttpConnectTimeoutException > ConnectException: HTTP connect timed out,none
latpos.lgia.gov.lv,308,none
latshipcom.jpd.gov.lv,ConnectException > UnresolvedAddressException,none
latviaczechia100.mfa.gov.lv,ConnectException > UnresolvedAddressException,none
latvianature.daba.gov.lv,200,none
latvianorway100.mfa.gov.lv,ConnectException > UnresolvedAddressException,none
latviaspace.gov.lv,301,none
latviaunsc.mfa.gov.lv,302,none
latvija.gov.lv,HttpConnectTimeoutException > ConnectException: HTTP connect timed out,none
lbjkss.gov.lv,HttpConnectTimeoutException > ConnectException: HTTP connect timed out,none
ldc.gov.lv,301,none
leader.zm.gov.lv,HttpConnectTimeoutException > ConnectException: HTTP connect timed out,none
lem.gov.lv,HttpConnectTimeoutException > ConnectException: HTTP connect timed out,none
lemumi.jpd.gov.lv,ConnectException > UnresolvedAddressException,none
lemumi.kp.gov.lv,HttpConnectTimeoutException > ConnectException: HTTP connect timed out,none
letsedagen.liaa.gov.lv,ConnectException > UnresolvedAddressException,none
lgia.gov.lv,302,none
li.gov.lv,HttpConnectTimeoutException > ConnectException: HTTP connect timed out,none
liaa.business.gov.lv,200,none
liaa.gov.lv,301,none
liaa2.tvp.gov.lv,403,none
liaatest.liaa.gov.lv,ConnectException > UnresolvedAddressException,none
lic.gov.lv,HttpConnectTimeoutException > ConnectException: HTTP connect timed out,none
lielais.vrvp.gov.lv,ConnectException > UnresolvedAddressException,none
lietvediba.biosfera.gov.lv,ConnectException > UnresolvedAddressException,none
ligumi.vmnvd.gov.lv,ConnectException > UnresolvedAddressException,none
lim.esvis.gov.lv,HttpConnectTimeoutException > ConnectException: HTTP connect timed out,none
lingerieforum.liaa.gov.lv,HttpConnectTimeoutException > ConnectException: HTTP connect timed out,none
lists.am.gov.lv,ConnectException > UnresolvedAddressException,none
live.vas.gov.lv,200,none
liz.vaad.gov.lv,200,none
lkk.gov.lv,HttpConnectTimeoutException > ConnectException: HTTP connect timed out,none
lm.gov.lv,301,none
lm1.gov.lv,ConnectException > UnresolvedAddressException,none
lnb.gov.lv,200,none
lndm.gov.lv,SSLHandshakeException > CertificateException: No subject alternative DNS name matching lndm.gov.lv found.,none
lnkc.gov.lv,301,0 lnkc-gov-lv.mail.protection.outlook.com.
lnmm.gov.lv,200,none
lnrmm.gov.lv,200,none
lnvm.gov.lv,200,0 lnvm-gov-lv.mail.protection.outlook.com.
local-rds.kis.gov.lv,ConnectException > NoRouteToHostException: Host is unreachable,none
lod.stat.gov.lv,502,none
login.fm.gov.lv,404,none
login.izm.gov.lv,HttpConnectTimeoutException > ConnectException: HTTP connect timed out,none
logistics-companies.liaa.gov.lv,HttpConnectTimeoutException > ConnectException: HTTP connect timed out,none
lpf.gov.lv,ConnectException > UnresolvedAddressException,none
lpr.gov.lv,302,none
lps.gov.lv,302,none
lpsc.gov.lv,ConnectException > UnresolvedAddressException,none
lpst.gov.lv,HttpConnectTimeoutException > ConnectException: HTTP connect timed out,none
lrg.cfla.gov.lv,200,none
lrp.gov.lv,ConnectException > UnresolvedAddressException,5 fm.lrp.gov.lv.
lrpv.gov.lv,301,none
lrvk.gov.lv,302,none
ls.vmd.gov.lv,HttpConnectTimeoutException > ConnectException: HTTP connect timed out,none
luznava.zm.gov.lv,ConnectException > UnresolvedAddressException,none
lv100.liaa.gov.lv,HttpConnectTimeoutException > ConnectException: HTTP connect timed out,none
lv100nl.mfa.gov.lv,HttpConnectTimeoutException > ConnectException: HTTP connect timed out,none
lvaf.gov.lv,ConnectException > UnresolvedAddressException,10 mx2.ls.lv.; 5 mx.ls.lv.
lvafa.gov.lv,SSLHandshakeException > ValidatorException > CertPathValidatorException > CertificateExpiredException: NotAfter: Sat Dec 27 07:32:18 CET 2025,none
lvafa.vraa.gov.lv,301,none
lvarhivs.gov.lv,200,none
lvatbilstvaram.gov.lv,ConnectException > UnresolvedAddressException,none
lvepak.ic.iem.gov.lv,HttpConnectTimeoutException > ConnectException: HTTP connect timed out,none
lvgma.gov.lv,HttpConnectTimeoutException > ConnectException: HTTP connect timed out,10 lidaka.lvgma.gov.lv.
lvif.gov.lv,HttpConnectTimeoutException > ConnectException: HTTP connect timed out,none
lvp.viss.gov.lv,HttpConnectTimeoutException > ConnectException: HTTP connect timed out,none
lvva.gov.lv,HttpConnectTimeoutException > ConnectException: HTTP connect timed out,none
lyncdiscover.jc.gov.lv,HttpConnectTimeoutException > ConnectException: HTTP connect timed out,none
lyncdiscover.lgia.gov.lv,HttpConnectTimeoutException > ConnectException: HTTP connect timed out,none
lyncdiscover.mod.gov.lv,HttpConnectTimeoutException > ConnectException: HTTP connect timed out,none
lyncdiscover.valic.gov.lv,HttpConnectTimeoutException > ConnectException: HTTP connect timed out,none
lyncdiscover.vamoic.gov.lv,HttpConnectTimeoutException > ConnectException: HTTP connect timed out,none
lzikis.zm.gov.lv,302,none
lzikispub.zm.gov.lv,HttpConnectTimeoutException > ConnectException: HTTP connect timed out,none
lzp.gov.lv,HttpConnectTimeoutException > ConnectException: HTTP connect timed out,none
lzp.map.gov.lv,200,none
lzp.sciencelatvia.gov.lv,301,none
lzpsys.lzp.gov.lv,SSLHandshakeException > CertificateException: No subject alternative DNS name matching lzpsys.lzp.gov.lv found.,none
lzra.gov.lv,ConnectException > UnresolvedAddressException,none
m-dauks.mk.gov.lv,HttpConnectTimeoutException > ConnectException: HTTP connect timed out,none
m.arhivi.gov.lv,ConnectException > UnresolvedAddressException,none
m.gov.lv,ConnectException > UnresolvedAddressException,none
m.nva.gov.lv,ConnectException > NoRouteToHostException: Host is unreachable,none
m.vvc.gov.lv,HttpConnectTimeoutException > ConnectException: HTTP connect timed out,none
macibas.stars.gov.lv,200,none
macibas.tla.gov.lv,302,none
macibu-novertesana.vas.gov.lv,200,none
macies.ic.iem.gov.lv,HttpConnectTimeoutException > ConnectException: HTTP connect timed out,none
madara.rs.gov.lv,ConnectException > UnresolvedAddressException,none
madekki.vi.gov.lv,ConnectException > UnresolvedAddressException,none
mail.caa.gov.lv,ConnectException > UnresolvedAddressException,none
mail.dpns.gov.lv,301,none
mail.dvi.gov.lv,ConnectException > UnresolvedAddressException,none
mail.dzivnieki.gov.lv,ConnectException > UnresolvedAddressException,none
mail.kis.gov.lv,ConnectException > NoRouteToHostException: Host is unreachable,none
mail.lad.gov.lv,200,none
mail.lm.gov.lv,HttpConnectTimeoutException > ConnectException: HTTP connect timed out,none
mail.lmb.gov.lv,HttpConnectTimeoutException > ConnectException: HTTP connect timed out,none
mail.lpr.gov.lv,200,none
mail.nometnes.gov.lv,200,none
mail.pa.gov.lv,HttpConnectTimeoutException > ConnectException: HTTP connect timed out,none
mail.sam.gov.lv,HttpConnectTimeoutException > ConnectException: HTTP connect timed out,none
mail.satv.tiesa.gov.lv,HttpConnectTimeoutException > ConnectException: HTTP connect timed out,none
mail.sic.gov.lv,ConnectException > UnresolvedAddressException,none
mail.siva.gov.lv,ConnectException > NoRouteToHostException: Host is unreachable,none
mail.talsusportaskola.gov.lv,HttpConnectTimeoutException > ConnectException: HTTP connect timed out,none
mail.tpc.gov.lv,HttpConnectTimeoutException > ConnectException: HTTP connect timed out,none
mail.vec.gov.lv,ConnectException > UnresolvedAddressException,none
mail.viaa.gov.lv,HttpConnectTimeoutException > ConnectException: HTTP connect timed out,none
mail.vid.gov.lv,HttpConnectTimeoutException > ConnectException: HTTP connect timed out,none
mail.visc.gov.lv,HttpConnectTimeoutException > ConnectException: HTTP connect timed out,none
mail.vm.gov.lv,404,none
mail.vmd.gov.lv,HttpConnectTimeoutException > ConnectException: HTTP connect timed out,none
mail.vmnvd.gov.lv,ConnectException > UnresolvedAddressException,none
mail.vza.gov.lv,HttpConnectTimeoutException > ConnectException: HTTP connect timed out,none
mail.zca.gov.lv,ConnectException > UnresolvedAddressException,none
mail.zcva.gov.lv,ConnectException > UnresolvedAddressException,none
mail.zm.gov.lv,HttpConnectTimeoutException > ConnectException: HTTP connect timed out,none
mailgw.vmnvd.gov.lv,HttpConnectTimeoutException > ConnectException: HTTP connect timed out,none
makonis.vid.gov.lv,HttpConnectTimeoutException > ConnectException: HTTP connect timed out,none
maksatnespeja.ur.gov.lv,HttpConnectTimeoutException > ConnectException: HTTP connect timed out,none
malnava.zm.gov.lv,ConnectException > UnresolvedAddressException,none
mana.izglitiba.gov.lv,SSLHandshakeException > ValidatorException > SunCertPathBuilderException: unable to find valid certification path to requested target,none
manavakcina.gov.lv,HttpConnectTimeoutException > ConnectException: HTTP connect timed out,none
manidati.iem.gov.lv,302,none
map.lgia.gov.lv,HttpConnectTimeoutException > ConnectException: HTTP connect timed out,none
map.transportdata.gov.lv,HttpConnectTimeoutException > ConnectException: HTTP connect timed out,none
mape.gov.lv,HttpConnectTimeoutException > ConnectException: HTTP connect timed out,none
maps.dkurzeme.vzd.gov.lv,ConnectException > UnresolvedAddressException,none
mapx.map.vgd.gov.lv,HttpConnectTimeoutException > ConnectException: HTTP connect timed out,none
marupe.tvp.gov.lv,HttpConnectTimeoutException > ConnectException: HTTP connect timed out,none
matomo.mape.gov.lv,200,none
matomo.stat.gov.lv,403,none
matomo.test.mape.gov.lv,200,none
mazaksslogs.gov.lv,"SSLException: Unrecognized SSL message, plaintext connection?",none
mdm.mod.gov.lv,HttpConnectTimeoutException > ConnectException: HTTP connect timed out,none
mechanical-engineering-companies.liaa.gov.lv,ConnectException > UnresolvedAddressException,none
mechanical.liaa.gov.lv,301,none
media.fid.gov.lv,HttpConnectTimeoutException > ConnectException: HTTP connect timed out,none
media.fm.gov.lv,ConnectException > UnresolvedAddressException,none
media.ggdev.sif.gov.lv,HttpConnectTimeoutException > ConnectException: HTTP connect timed out,none
meet.csb.gov.lv,ConnectException > UnresolvedAddressException,none
meet.jc.gov.lv,HttpConnectTimeoutException > ConnectException: HTTP connect timed out,none
meet.kase.gov.lv,ConnectException > UnresolvedAddressException,none
meet.lgia.gov.lv,HttpConnectTimeoutException > ConnectException: HTTP connect timed out,none
meet.mod.gov.lv,HttpConnectTimeoutException > ConnectException: HTTP connect timed out,none
meet.valic.gov.lv,HttpConnectTimeoutException > ConnectException: HTTP connect timed out,none
meet.vamoic.gov.lv,HttpConnectTimeoutException > ConnectException: HTTP connect timed out,none
metadati.lgia.gov.lv,SSLHandshakeException > ValidatorException > CertPathValidatorException > CertificateExpiredException: NotAfter: Mon Jun 16 01:59:59 CEST 2025,none
metodiskiemateriali.lnkc.gov.lv,200,none
mfa.gov.lv,301,none
mfamfa.gov.lv,ConnectException > UnresolvedAddressException,none
mg.rpr.gov.lv,200,none
midd.gov.lv,308,none
migracija.csb.gov.lv,HttpConnectTimeoutException > ConnectException: HTTP connect timed out,none
miko.ldm.gov.lv,HttpConnectTimeoutException > ConnectException: HTTP connect timed out,none
miks.kase.gov.lv,ConnectException > UnresolvedAddressException,none
miks.vkase.gov.lv,ConnectException > UnresolvedAddressException,none
mimic.pvd.gov.lv,ConnectException > UnresolvedAddressException,none
minio1.iem.gov.lv,SSLHandshakeException > CertificateException: No subject alternative DNS name matching minio1.iem.gov.lv found.,none
minio3.iem.gov.lv,SSLHandshakeException > CertificateException: No subject alternative DNS name matching minio3.iem.gov.lv found.,none
minio4.iem.gov.lv,SSLHandshakeException > CertificateException: No subject alternative DNS name matching minio4.iem.gov.lv found.,none
ministrs.zm.gov.lv,HttpConnectTimeoutException > ConnectException: HTTP connect timed out,none
mk.gov.lv,301,none
mkd.gov.lv,HttpConnectTimeoutException > ConnectException: HTTP connect timed out,none
ml350sbs.vaad.gov.lv,ConnectException > UnresolvedAddressException,none
mm.viss.gov.lv,403,none
mmlvp.viss.gov.lv,HttpConnectTimeoutException > ConnectException: HTTP connect timed out,none
mmportal.viss.gov.lv,200,none
mna.gov.lv,HttpConnectTimeoutException > ConnectException: HTTP connect timed out,none
mob.pasts.lpr.gov.lv,200,none
mobapp-test.ic.iem.gov.lv,ConnectException > UnresolvedAddressException,none
mobapp.ic.iem.gov.lv,ConnectException > UnresolvedAddressException,none
mobaudit-ext.ic.iem.gov.lv,HttpConnectTimeoutException > ConnectException: HTTP connect timed out,none
mobaudit.ic.iem.gov.lv,SSLHandshakeException > CertificateException: No subject alternative DNS name matching mobaudit.ic.iem.gov.lv found.,none
mod.gov.lv,HttpConnectTimeoutException > ConnectException: HTTP connect timed out,none
moodle.vmd.gov.lv,HttpConnectTimeoutException > ConnectException: HTTP connect timed out,none
moodle.vrk.rs.gov.lv,HttpTimeoutException: request timed out,none
moss.fm.gov.lv,SSLHandshakeException > ValidatorException > CertPathValidatorException > CertificateExpiredException: NotAfter: Sat Aug 15 01:59:59 CEST 2026,none
mpic.gov.lv,HttpConnectTimeoutException > ConnectException: HTTP connect timed out,none
mpic.vi.gov.lv,HttpConnectTimeoutException > ConnectException: HTTP connect timed out,none
mps.vas.gov.lv,302,none
msl.mod.gov.lv,IOException > SocketException: Connection reset,none
muvis.ldc.gov.lv,HttpConnectTimeoutException > ConnectException: HTTP connect timed out,none
muzejs.vugd.gov.lv,301,none
muzizglitiba.gov.lv,HttpConnectTimeoutException > ConnectException: HTTP connect timed out,none
mvi.gov.lv,HttpConnectTimeoutException > ConnectException: HTTP connect timed out,none
mvp.gov.lv,ConnectException > UnresolvedAddressException,none
mx.zpr.gov.lv,HttpConnectTimeoutException > ConnectException: HTTP connect timed out,none
my.csdd.gov.lv,HttpConnectTimeoutException > ConnectException: HTTP connect timed out,none
mysite.fm.gov.lv,SSLHandshakeException > ValidatorException > CertPathValidatorException > CertificateExpiredException: NotAfter: Sat Aug 15 01:59:59 CEST 2026,none
namejs.lvif.gov.lv,301,none
namejs.vraa.gov.lv,HttpConnectTimeoutException > ConnectException: HTTP connect timed out,none
nams.fm.gov.lv,ConnectException > UnresolvedAddressException,none
narko.gov.lv,HttpConnectTimeoutException > ConnectException: HTTP connect timed out,none
nas.eveseliba.gov.lv,403,none
nat-programme.daba.gov.lv,ConnectException > UnresolvedAddressException,none
navigation.este.iub.gov.lv,200,none
nbd.gov.lv,200,none
nbd.tvp.gov.lv,403,none
ncsc.gov.lv,302,none
nelegalakomercprakse.vi.gov.lv,200,none
netbox.iem.gov.lv,SSLHandshakeException > CertificateException: No subject alternative DNS name matching netbox.iem.gov.lv found.,none
nevis.mk.gov.lv,200,none
newvita.gov.lv,ConnectException > UnresolvedAddressException,none
nexus-api.ic.iem.gov.lv,HttpConnectTimeoutException > ConnectException: HTTP connect timed out,none
nexus-pnr.ic.iem.gov.lv,HttpConnectTimeoutException > ConnectException: HTTP connect timed out,none
nexus.ic.iem.gov.lv,HttpConnectTimeoutException > ConnectException: HTTP connect timed out,none
nfc.gov.lv,HttpConnectTimeoutException > ConnectException: HTTP connect timed out,none
nia.liaa.gov.lv,ConnectException > UnresolvedAddressException,none
niamap2014.liaa.gov.lv,ConnectException > UnresolvedAddressException,none
nif.iem.gov.lv,HttpConnectTimeoutException > ConnectException: HTTP connect timed out,none
nkc.gov.lv,301,none
nkdc.gov.lv,302,none
nkdc.mod.gov.lv,302,none
nkmp.gov.lv,301,none
nmp.tvp.gov.lv,403,none
nmpd.gov.lv,301,none
nmppmakonis.vid.gov.lv,HttpConnectTimeoutException > ConnectException: HTTP connect timed out,none
nmv.gov.lv,200,0 nmv-gov-lv.mail.protection.outlook.com.
nometnes.gov.lv,200,none
norwaygrants.tm.gov.lv,ConnectException > UnresolvedAddressException,none
noverojumi.vaad.gov.lv,HttpConnectTimeoutException > ConnectException: HTTP connect timed out,none
np.gov.lv,HttpConnectTimeoutException > ConnectException: HTTP connect timed out,none
ns.vid.gov.lv,ConnectException > UnresolvedAddressException,none
ntky-test.ic.iem.gov.lv,HttpConnectTimeoutException > ConnectException: HTTP connect timed out,none
nun.iem.gov.lv,HttpConnectTimeoutException > ConnectException: HTTP connect timed out,none
nva.gov.lv,301,none
nva.iem.gov.lv,HttpConnectTimeoutException > ConnectException: HTTP connect timed out,none
nvdexchange-test.ic.iem.gov.lv,HttpConnectTimeoutException > ConnectException: HTTP connect timed out,none
nvdexchange.ic.iem.gov.lv,HttpConnectTimeoutException > ConnectException: HTTP connect timed out,none
oauth.estapiks.gov.lv,HttpConnectTimeoutException > ConnectException: HTTP connect timed out,none
oc.vid.gov.lv,HttpConnectTimeoutException > ConnectException: HTTP connect timed out,none
office.business.gov.lv,302,none
office.eiis-tv.liaa.gov.lv,302,none
ogre.ldm.gov.lv,HttpConnectTimeoutException > ConnectException: HTTP connect timed out,none
ogrem.zm.gov.lv,ConnectException > UnresolvedAddressException,none
olaine.tvp.gov.lv,403,none
old.bvkb.gov.lv,ConnectException > UnresolvedAddressException,none
old.cfla.gov.lv,ConnectException > UnresolvedAddressException,none
old.csb.gov.lv,HttpConnectTimeoutException > ConnectException: HTTP connect timed out,none
old.em.gov.lv,ConnectException > UnresolvedAddressException,none
old.iub.gov.lv,ConnectException > UnresolvedAddressException,none
old.mfa.gov.lv,HttpConnectTimeoutException > ConnectException: HTTP connect timed out,none
old.mod.gov.lv,ConnectException > UnresolvedAddressException,none
old.registri.ptac.gov.lv,401,none
old.sif.gov.lv,ConnectException > UnresolvedAddressException,none
old.sprk.gov.lv,HttpTimeoutException: request timed out,none
old.varam.gov.lv,ConnectException > UnresolvedAddressException,none
old.vpvb.gov.lv,ConnectException > UnresolvedAddressException,none
old.vrvp.gov.lv,ConnectException > UnresolvedAddressException,none
old1.vpvb.gov.lv,SSLHandshakeException > ValidatorException > CertPathValidatorException > CertificateExpiredException: NotAfter: Thu Jun 01 01:59:59 CEST 2023,none
oldlm.lm.gov.lv,SSLHandshakeException > SocketException: Connection reset,none
oldwww.vvd.gov.lv,HttpConnectTimeoutException > ConnectException: HTTP connect timed out,none
onko-api.eveseliba.gov.lv,404,none
online-test.ic.iem.gov.lv,SSLHandshakeException > CertificateException: No subject alternative DNS name matching online-test.ic.iem.gov.lv found.,none
online.fm.gov.lv,HttpConnectTimeoutException > ConnectException: HTTP connect timed out,none
online.ic.iem.gov.lv,SSLHandshakeException > CertificateException: No subject alternative DNS name matching online.ic.iem.gov.lv found.,none
open.iub.gov.lv,302,none
opendata.lgia.gov.lv,ConnectException > UnresolvedAddressException,none
originali.visc.gov.lv,HttpConnectTimeoutException > ConnectException: HTTP connect timed out,none
oss1.vid.gov.lv,HttpConnectTimeoutException > ConnectException: HTTP connect timed out,none
owa.fm.gov.lv,ConnectException > UnresolvedAddressException,none
owa.lm.gov.lv,HttpConnectTimeoutException > ConnectException: HTTP connect timed out,none
owap.fm.gov.lv,HttpConnectTimeoutException > ConnectException: HTTP connect timed out,none
owncloud.vi.gov.lv,ConnectException > UnresolvedAddressException,none
ows.csdd.gov.lv,HttpConnectTimeoutException > ConnectException: HTTP connect timed out,none
ozoli.zm.gov.lv,ConnectException > UnresolvedAddressException,none
ozols.daba.gov.lv,ConnectException > UnresolvedAddressException,none
ozols.gov.lv,HttpTimeoutException: request timed out,none
ozols.km.gov.lv,HttpConnectTimeoutException > ConnectException: HTTP connect timed out,none
p11a.varam.gov.lv,200,none
pa.gov.lv,200,none
pakalpojumi-api.arhivi.gov.lv,404,none
pakalpojumi.arhivi.gov.lv,HttpConnectTimeoutException > ConnectException: HTTP connect timed out,none
pakalpojumi.pvd.gov.lv,HttpConnectTimeoutException > ConnectException: HTTP connect timed out,none
pakalpojumi.ta.gov.lv,HttpConnectTimeoutException > ConnectException: HTTP connect timed out,none
pakas.lm.gov.lv,HttpConnectTimeoutException > ConnectException: HTTP connect timed out,none
paligs.eis.gov.lv,HttpConnectTimeoutException > ConnectException: HTTP connect timed out,none
parads.ptac.gov.lv,ConnectException > UnresolvedAddressException,none
parole.zm.gov.lv,HttpConnectTimeoutException > ConnectException: HTTP connect timed out,none
paroles.iem.gov.lv,HttpConnectTimeoutException > ConnectException: HTTP connect timed out,none
paroles.vp.gov.lv,HttpConnectTimeoutException > ConnectException: HTTP connect timed out,none
parvaldiba.map.gov.lv,200,none
pases.pid.gov.lv,ConnectException > UnresolvedAddressException,none
pasivasmekesana.spkc.gov.lv,SSLHandshakeException > ValidatorException > SunCertPathBuilderException: unable to find valid certification path to requested target,none
pasts.em.gov.lv,HttpConnectTimeoutException > ConnectException: HTTP connect timed out,none
pasts.izm.gov.lv,HttpConnectTimeoutException > ConnectException: HTTP connect timed out,none
pasts.km.gov.lv,404,none
pasts.lgia.gov.lv,HttpConnectTimeoutException > ConnectException: HTTP connect timed out,none
pasts.lpr.gov.lv,200,none
pasts.mfa.gov.lv,HttpConnectTimeoutException > ConnectException: HTTP connect timed out,none
pasts.sva.gov.lv,HttpConnectTimeoutException > ConnectException: HTTP connect timed out,none
pasts.ta.gov.lv,SSLHandshakeException > ValidatorException > SunCertPathBuilderException: unable to find valid certification path to requested target,none
pasts.vid.gov.lv,200,none
pasts.visc.gov.lv,HttpConnectTimeoutException > ConnectException: HTTP connect timed out,none
pasts.vzd.gov.lv,HttpConnectTimeoutException > ConnectException: HTTP connect timed out,none
pasts.zpr.gov.lv,HttpConnectTimeoutException > ConnectException: HTTP connect timed out,none
patbib.gov.lv,HttpConnectTimeoutException > ConnectException: HTTP connect timed out,none
pazinojums-api.eveseliba.gov.lv,404,none
pazinojums.dvi.gov.lv,200,none
pazinojums.eveseliba.gov.lv,200,none
pdc.lem.gov.lv,ConnectException > UnresolvedAddressException,none
pedagogiem.gov.lv,HttpConnectTimeoutException > ConnectException: HTTP connect timed out,none
percgudri.ptac.gov.lv,HttpConnectTimeoutException > ConnectException: HTTP connect timed out,none
personvardi.pmlp.gov.lv,HttpConnectTimeoutException > ConnectException: HTTP connect timed out,none
petijumi.mk.gov.lv,HttpConnectTimeoutException > ConnectException: HTTP connect timed out,none
pevs.sif.gov.lv,HttpConnectTimeoutException > ConnectException: HTTP connect timed out,none
phoebe.vm.gov.lv,HttpConnectTimeoutException > ConnectException: HTTP connect timed out,none
php.lvafa.gov.lv,ConnectException > UnresolvedAddressException,none
piaa.gov.lv,HttpConnectTimeoutException > ConnectException: HTTP connect timed out,none
pid.gov.lv,ConnectException > UnresolvedAddressException,none
piegades.visc.gov.lv,HttpConnectTimeoutException > ConnectException: HTTP connect timed out,none
pieklustamiba.varam.gov.lv,200,none
pieraksts.mfa.gov.lv,HttpConnectTimeoutException > ConnectException: HTTP connect timed out,none
pieteikumi.ic.iem.gov.lv,HttpConnectTimeoutException > ConnectException: HTTP connect timed out,none
pieteikumi.lgia.gov.lv,ConnectException > UnresolvedAddressException,none
pieteikumi.vzd.gov.lv,200,none
pilsetugerboni.arhivi.gov.lv,200,none
pilsonibasparbaude.pmlp.gov.lv,200,none
pipars.ec.vp.gov.lv,HttpConnectTimeoutException > ConnectException: HTTP connect timed out,none
pirmapalidziba.gov.lv,HttpConnectTimeoutException > ConnectException: HTTP connect timed out,none
pkc.gov.lv,301,none
plani.iem.gov.lv,SSLHandshakeException > CertificateException: No subject alternative DNS name matching plani.iem.gov.lv found.,none
plg.ur.gov.lv,HttpConnectTimeoutException > ConnectException: HTTP connect timed out,none
pmlp.gov.lv,301,20 smtp-b.iem.gov.lv.; 10 smtp-c.iem.gov.lv.
policijas.koledza.gov.lv,301,none
poligraphy-companies.liaa.gov.lv,ConnectException > UnresolvedAddressException,none
poliklinika.iem.gov.lv,200,none
polsis.mk.gov.lv,HttpConnectTimeoutException > ConnectException: HTTP connect timed out,none
portal-test1.eveseliba.gov.lv,HttpConnectTimeoutException > ConnectException: HTTP connect timed out,none
portals.ptac.gov.lv,200,none
portals.ventspils.gov.lv,HttpConnectTimeoutException > ConnectException: HTTP connect timed out,none
possessor.gov.lv,200,none
postdoc.lzp.gov.lv,HttpConnectTimeoutException > ConnectException: HTTP connect timed out,none
postdoc.viaa.gov.lv,200,none
posting.vdi.gov.lv,HttpConnectTimeoutException > ConnectException: HTTP connect timed out,none
poweredbyeducation.izm.gov.lv,ConnectException > UnresolvedAddressException,none
pp.eeais-staging.bvkb.gov.lv,ConnectException > ClosedChannelException,none
pp.gov.lv,SSLHandshakeException > ValidatorException > SunCertPathBuilderException: unable to find valid certification path to requested target,none
ppak.ic.iem.gov.lv,SSLHandshakeException > CertificateException: No subject alternative DNS name matching ppak.ic.iem.gov.lv found.,none
ppd.mk.gov.lv,SSLHandshakeException > ValidatorException > SunCertPathBuilderException: unable to find valid certification path to requested target,none
ppdb.mk.gov.lv,200,none
ppp.cfla.gov.lv,200,none
ppp.gov.lv,ConnectException > UnresolvedAddressException,none
pr.ic.iem.gov.lv,HttpConnectTimeoutException > ConnectException: HTTP connect timed out,none
prd.ec.vp.gov.lv,HttpConnectTimeoutException > ConnectException: HTTP connect timed out,none
preda.spkc.gov.lv,HttpConnectTimeoutException > ConnectException: HTTP connect timed out,none
preservica.arhivi.gov.lv,HttpConnectTimeoutException > ConnectException: HTTP connect timed out,none
preview.mfa.gov.lv,301,none
priekuli.zm.gov.lv,ConnectException > UnresolvedAddressException,none
prod-cixp-mgm.mfa.gov.lv,HttpConnectTimeoutException > ConnectException: HTTP connect timed out,none
prod-cixp.mfa.gov.lv,HttpConnectTimeoutException > ConnectException: HTTP connect timed out,none
prognozes.em.gov.lv,302,none
prognozes.nva.gov.lv,302,none
projekti.cfla.gov.lv,302,none
projekti.iem.gov.lv,SSLHandshakeException > CertificateException: No subject alternative DNS name matching projekti.iem.gov.lv found.,none
projekti.ventspils.gov.lv,ConnectException > UnresolvedAddressException,none
prokuratura.gov.lv,ConnectException > UnresolvedAddressException,none
promiwa.bior.gov.lv,HttpConnectTimeoutException > ConnectException: HTTP connect timed out,none
proxygds.viss.gov.lv,HttpConnectTimeoutException > ConnectException: HTTP connect timed out,none
prtest.ic.iem.gov.lv,HttpConnectTimeoutException > ConnectException: HTTP connect timed out,none
prx.lem.gov.lv,ConnectException > UnresolvedAddressException,none
ptac.gov.lv,HttpConnectTimeoutException > ConnectException: HTTP connect timed out,none
pub.ldc.gov.lv,ConnectException > UnresolvedAddressException,none
pub.viis.gov.lv,HttpConnectTimeoutException > ConnectException: HTTP connect timed out,none
pub2.ldc.gov.lv,ConnectException > UnresolvedAddressException,none
public.ic.iem.gov.lv,404,none
pumpurs-intranet.izm.gov.lv,HttpConnectTimeoutException > ConnectException: HTTP connect timed out,none
pumpurs.izm.gov.lv,HttpConnectTimeoutException > ConnectException: HTTP connect timed out,none
putekli.vvd.gov.lv,HttpConnectTimeoutException > ConnectException: HTTP connect timed out,none
pvd.gov.lv,301,10 mx-01-eu-central-1.prod.hydra.sophos.com.; 20 mx-02-eu-central-1.prod.hydra.sophos.com.
pvddb.pvd.gov.lv,ConnectException > UnresolvedAddressException,none
pvps.vvd.gov.lv,HttpConnectTimeoutException > ConnectException: HTTP connect timed out,none
pvs.iub.gov.lv,301,none
pvs1.iub.gov.lv,303,none
pvs2.iub.gov.lv,IOException > SocketException: Connection reset,none
pwd.ic.iem.gov.lv,502,none
pwdws-proxy.ic.iem.gov.lv,HttpConnectTimeoutException > ConnectException: HTTP connect timed out,none
pwdwstest.ic.iem.gov.lv,HttpConnectTimeoutException > ConnectException: HTTP connect timed out,none
q-flow.ur.gov.lv,ConnectException > UnresolvedAddressException,none
ra-test.eveseliba.gov.lv,HttpConnectTimeoutException > ConnectException: HTTP connect timed out,none
ra.eveseliba.gov.lv,403,none
rac.gov.lv,HttpConnectTimeoutException > ConnectException: HTTP connect timed out,none
racijas.iem.gov.lv,SSLHandshakeException > CertificateException: No subject alternative DNS name matching racijas.iem.gov.lv found.,none
radi-gimeni.lm.gov.lv,HttpConnectTimeoutException > ConnectException: HTTP connect timed out,none
raim.gov.lv,IOException > EOFException: EOF reached while reading,none
rais-test.rs.gov.lv,HttpConnectTimeoutException > ConnectException: HTTP connect timed out,none
rais.rs.gov.lv,HttpConnectTimeoutException > ConnectException: HTTP connect timed out,none
ranka.zm.gov.lv,HttpConnectTimeoutException > ConnectException: HTTP connect timed out,none
raplm.gov.lv,HttpConnectTimeoutException > ConnectException: HTTP connect timed out,none
raznasnpa.gov.lv,ConnectException > UnresolvedAddressException,none
rdaa.mod.gov.lv,403,none
reactor.lpc.gov.lv,ConnectException > UnresolvedAddressException,none
redmine.ic.iem.gov.lv,SSLHandshakeException > CertificateException: No subject alternative DNS name matching redmine.ic.iem.gov.lv found.,none
redmine.vm.gov.lv,302,none
redzitalak.gov.lv,200,none
reef.daba.gov.lv,302,none
refernet.gov.lv,200,none
referral.digives.eveseliba.gov.lv,HttpConnectTimeoutException > ConnectException: HTTP connect timed out,none
reg.kis.gov.lv,ConnectException > UnresolvedAddressException,none
reg.pvd.gov.lv,ConnectException > UnresolvedAddressException,none
register.bsltf2018.liaa.gov.lv,SSLHandshakeException > CertificateException: No subject alternative DNS name matching register.bsltf2018.liaa.gov.lv found.,none
register.lv100.liaa.gov.lv,SSLHandshakeException > CertificateException: No subject alternative DNS name matching register.lv100.liaa.gov.lv found.,none
registracija.vas.gov.lv,ConnectException > UnresolvedAddressException,none
registri-test.pvd.gov.lv,HttpConnectTimeoutException > ConnectException: HTTP connect timed out,none
registri.ldc.gov.lv,HttpConnectTimeoutException > ConnectException: HTTP connect timed out,none
registri.ptac.gov.lv,HttpConnectTimeoutException > ConnectException: HTTP connect timed out,none
registri.pvd.gov.lv,HttpConnectTimeoutException > ConnectException: HTTP connect timed out,none
registri.vaad.gov.lv,HttpConnectTimeoutException > ConnectException: HTTP connect timed out,none
registri.vi.gov.lv,HttpConnectTimeoutException > ConnectException: HTTP connect timed out,none
registri.visc.gov.lv,200,none
registri.vvd.gov.lv,200,none
registrs.iaui.gov.lv,200,none
registrs.ur.gov.lv,200,none
researchlatvia.gov.lv,308,0 researchlatvia-gov-lv.mail.protection.outlook.com.
restore.daba.gov.lv,HttpConnectTimeoutException > ConnectException: HTTP connect timed out,none
resursi.lgia.gov.lv,200,none
rex.izm.gov.lv,HttpConnectTimeoutException > ConnectException: HTTP connect timed out,none
rezekne.zm.gov.lv,ConnectException > UnresolvedAddressException,none
rf-test.eveseliba.gov.lv,HttpConnectTimeoutException > ConnectException: HTTP connect timed out,none
rff.liaa.gov.lv,SSLHandshakeException > CertificateException: No subject alternative DNS name matching rff.liaa.gov.lv found.,none
rfid.iem.gov.lv,SSLHandshakeException > CertificateException: No subject alternative DNS name matching rfid.iem.gov.lv found.,none
riga.map.gov.lv,200,none
rigafilmforum.liaa.gov.lv,SSLHandshakeException > CertificateException: No subject alternative DNS name matching rigafilmforum.liaa.gov.lv found.,none
rigawww.vda.gov.lv,ConnectException > UnresolvedAddressException,none
riks.ekosistemas.daba.gov.lv,200,none
rindas-ppe.rs.gov.lv,HttpConnectTimeoutException > ConnectException: HTTP connect timed out,none
rindas.rs.gov.lv,HttpConnectTimeoutException > ConnectException: HTTP connect timed out,none
rm.vmd.gov.lv,ConnectException > UnresolvedAddressException,none
robsardze.gov.lv,HttpConnectTimeoutException > ConnectException: HTTP connect timed out,none
rokasgramata.am.gov.lv,HttpConnectTimeoutException > ConnectException: HTTP connect timed out,none
router1.dpns.gov.lv,ConnectException > UnresolvedAddressException,none
rp.eveseliba.gov.lv,403,none
rpr.gov.lv,HttpConnectTimeoutException > ConnectException: HTTP connect timed out,none
rproxya.iem.gov.lv,HttpConnectTimeoutException > ConnectException: HTTP connect timed out,none
rs.gov.lv,HttpConnectTimeoutException > ConnectException: HTTP connect timed out,none
rsgrants.viaa.gov.lv,HttpConnectTimeoutException > ConnectException: HTTP connect timed out,none
ru.sam.gov.lv,ConnectException > UnresolvedAddressException,none
rujiena.zm.gov.lv,ConnectException > UnresolvedAddressException,none
rumis.gov.lv,SSLHandshakeException > ValidatorException > SunCertPathBuilderException: unable to find valid certification path to requested target,none
s.a.www.izmpic.gov.lv,ConnectException > UnresolvedAddressException,none
s.mod.gov.lv,ConnectException > UnresolvedAddressException,none
s1.rproxya.iem.gov.lv,HttpTimeoutException: request timed out,none
s2.rproxya.iem.gov.lv,HttpTimeoutException: request timed out,none
s3.lvdc.gov.lv,HttpConnectTimeoutException > ConnectException: HTTP connect timed out,none
s3.rproxya.iem.gov.lv,HttpTimeoutException: request timed out,none
s3.storage.pub.lvdc.gov.lv,HttpConnectTimeoutException > ConnectException: HTTP connect timed out,none
saap.viis.gov.lv,SSLHandshakeException > ValidatorException > SunCertPathBuilderException: unable to find valid certification path to requested target,none
sab.gov.lv,200,none
sabves.spkc.gov.lv,HttpConnectTimeoutException > ConnectException: HTTP connect timed out,none
sabves.vec.gov.lv,ConnectException > UnresolvedAddressException,none
sadarbspeja.iem.gov.lv,ConnectException > UnresolvedAddressException,none
saite.zd.gov.lv,200,none
sakartopapirus.ur.gov.lv,ConnectException > UnresolvedAddressException,none
sala.gov.lv,HttpConnectTimeoutException > ConnectException: HTTP connect timed out,none
salaspils.tvp.gov.lv,403,none
saldus.zm.gov.lv,ConnectException > UnresolvedAddressException,none
sam.gov.lv,301,none
sanctionsconference.fid.gov.lv,302,none
sankcijas.fid.gov.lv,200,none
sankcijas.gov.lv,HttpConnectTimeoutException > ConnectException: HTTP connect timed out,none
sankcijas.kd.gov.lv,ConnectException > UnresolvedAddressException,none
sap-bi-prod.pmlp.gov.lv,SSLHandshakeException > CertificateException: No subject alternative DNS name matching sap-bi-prod.pmlp.gov.lv found.,none
sap-bi-test.pmlp.gov.lv,SSLHandshakeException > CertificateException: No subject alternative DNS name matching sap-bi-test.pmlp.gov.lv found.,none
sap-pub.viis.gov.lv,HttpConnectTimeoutException > ConnectException: HTTP connect timed out,none
sarunas.lm.gov.lv,ConnectException > UnresolvedAddressException,none
sarunas.zva.gov.lv,200,none
satv.tiesa.gov.lv,301,none
satv.tiesa.tvp.gov.lv,SSLHandshakeException > CertificateException: No subject alternative DNS name matching satv.tiesa.tvp.gov.lv found.,none
saulaine.zm.gov.lv,ConnectException > UnresolvedAddressException,none
sbdmv.gov.lv,200,none
sc.iem.gov.lv,ConnectException > UnresolvedAddressException,none
scholarships.viaa.gov.lv,302,none
sciencelatvia.gov.lv,HttpConnectTimeoutException > ConnectException: HTTP connect timed out,none
scorus.csb.gov.lv,ConnectException > UnresolvedAddressException,none
se0.jpd.gov.lv,HttpConnectTimeoutException > ConnectException: HTTP connect timed out,none
searx.iem.gov.lv,SSLHandshakeException > CertificateException: No subject alternative DNS name matching searx.iem.gov.lv found.,none
seeburger.ic.iem.gov.lv,ConnectException > UnresolvedAddressException,none
sempkg.kase.gov.lv,ConnectException > UnresolvedAddressException,none
senleja.gnp.gov.lv,ConnectException > UnresolvedAddressException,none
sentry.mape.gov.lv,302,none
sentry.test.mape.gov.lv,302,none
sepm-atp.iem.gov.lv,HttpConnectTimeoutException > ConnectException: HTTP connect timed out,none
server.em.gov.lv,ConnectException > NoRouteToHostException: Host is unreachable,none
services.lgia.gov.lv,HttpConnectTimeoutException > ConnectException: HTTP connect timed out,none
servisi.lgia.gov.lv,SSLHandshakeException > ValidatorException > CertPathValidatorException > CertificateExpiredException: NotAfter: Mon Jun 16 01:59:59 CEST 2025,none
sf.lm.gov.lv,ConnectException > UnresolvedAddressException,none
sf.viaa.gov.lv,ConnectException > UnresolvedAddressException,none
sfkarte.liaa.gov.lv,HttpConnectTimeoutException > ConnectException: HTTP connect timed out,none
shadow.lda.gov.lv,ConnectException > UnresolvedAddressException,none
sic.gov.lv,ConnectException > UnresolvedAddressException,none
sif.gov.lv,301,none
sif.map.gov.lv,200,none
signe.vraa.gov.lv,HttpConnectTimeoutException > ConnectException: HTTP connect timed out,none
signin.zm.gov.lv,HttpConnectTimeoutException > ConnectException: HTTP connect timed out,none
siipp.sp.gov.lv,HttpConnectTimeoutException > ConnectException: HTTP connect timed out,none
sip.jc.gov.lv,HttpConnectTimeoutException > ConnectException: HTTP connect timed out,none
sip.mod.gov.lv,HttpConnectTimeoutException > ConnectException: HTTP connect timed out,none
sip.vamoic.gov.lv,HttpConnectTimeoutException > ConnectException: HTTP connect timed out,none
sireneapp-dev.vp.gov.lv,HttpConnectTimeoutException > ConnectException: HTTP connect timed out,none
sisdatatest.sis.iem.gov.lv,HttpConnectTimeoutException > ConnectException: HTTP connect timed out,none
siva.gov.lv,HttpConnectTimeoutException > ConnectException: HTTP connect timed out,none
skaitamdabu.gov.lv,ConnectException > UnresolvedAddressException,none
skillslatviamoodle.viaa.gov.lv,ConnectException > UnresolvedAddressException,none
skrunda.zm.gov.lv,ConnectException > UnresolvedAddressException,none
skype.jc.gov.lv,HttpConnectTimeoutException > ConnectException: HTTP connect timed out,none
skype.lgia.gov.lv,HttpConnectTimeoutException > ConnectException: HTTP connect timed out,none
skype.mod.gov.lv,HttpConnectTimeoutException > ConnectException: HTTP connect timed out,none
skype.valic.gov.lv,HttpConnectTimeoutException > ConnectException: HTTP connect timed out,none
skype.vamoic.gov.lv,HttpConnectTimeoutException > ConnectException: HTTP connect timed out,none
slitere.gov.lv,HttpConnectTimeoutException > ConnectException: HTTP connect timed out,none
smartdec.rs.gov.lv,ConnectException > NoRouteToHostException: Host is unreachable,none
smiltene.zm.gov.lv,ConnectException > UnresolvedAddressException,none
socpp.gov.lv,ConnectException > UnresolvedAddressException,none
solo.iem.gov.lv,HttpConnectTimeoutException > ConnectException: HTTP connect timed out,none
sopaexchange-test.ic.iem.gov.lv,HttpConnectTimeoutException > ConnectException: HTTP connect timed out,none
sopaexchange.ic.iem.gov.lv,HttpConnectTimeoutException > ConnectException: HTTP connect timed out,none
space.sciencelatvia.gov.lv,HttpConnectTimeoutException > ConnectException: HTTP connect timed out,none
spameris.fm.gov.lv,ConnectException > UnresolvedAddressException,none
speles.dabasmuzejs.gov.lv,HttpConnectTimeoutException > ConnectException: HTTP connect timed out,none
spkc.gov.lv,301,none
spolis-test.ic.iem.gov.lv,HttpConnectTimeoutException > ConnectException: HTTP connect timed out,none
spolis.ic.iem.gov.lv,HttpConnectTimeoutException > ConnectException: HTTP connect timed out,none
spore.vpd.gov.lv,HttpConnectTimeoutException > ConnectException: HTTP connect timed out,none
sportabazes.izm.gov.lv,ConnectException > UnresolvedAddressException,none
sportaregistrs.gov.lv,200,none
sprk.gov.lv,301,none
srv1.sam.gov.lv,ConnectException > UnresolvedAddressException,none
srvnt1.varam.gov.lv,ConnectException > UnresolvedAddressException,none
ssk10.spkc.gov.lv,200,none
ssl-test.izm.gov.lv,ConnectException > UnresolvedAddressException,none
stargate.vid.gov.lv,HttpConnectTimeoutException > ConnectException: HTTP connect timed out,none
stars.gov.lv,200,none
stat.gov.lv,302,none
statistika.kis.gov.lv,HttpConnectTimeoutException > ConnectException: HTTP connect timed out,none
statistika.spkc.gov.lv,302,none
statistika.ur.gov.lv,200,none
stats.lndm.gov.lv,401,none
stg.ic.iem.gov.lv,HttpConnectTimeoutException > ConnectException: HTTP connect timed out,none
sts.em.gov.lv,302,none
sts.test.viis.gov.lv,SSLHandshakeException > ValidatorException > SunCertPathBuilderException: unable to find valid certification path to requested target,none
sts.viis.gov.lv,SSLHandshakeException > ValidatorException > SunCertPathBuilderException: unable to find valid certification path to requested target,none
sva.gov.lv,HttpConnectTimeoutException > ConnectException: HTTP connect timed out,none
sva.vi.gov.lv,ConnectException > UnresolvedAddressException,none
svr.ikvd.gov.lv,HttpConnectTimeoutException > ConnectException: HTTP connect timed out,none
syslog.iem.gov.lv,SSLHandshakeException > CertificateException: No subject alternative DNS name matching syslog.iem.gov.lv found.,none
sza.gov.lv,HttpConnectTimeoutException > ConnectException: HTTP connect timed out,none
t-epak2.pmlp.gov.lv,403,none
ta-matomo.ta.gov.lv,SSLHandshakeException > ValidatorException > CertPathValidatorException > CertificateExpiredException: NotAfter: Mon Jul 27 01:59:59 CEST 2026,none
ta.gov.lv,301,20 mx2.tm.gov.lv.; 10 mx1.tm.gov.lv.
ta.vdvc.gov.lv,SSLHandshakeException > ValidatorException > SunCertPathBuilderException: unable to find valid certification path to requested target,none
tabeles.ic.iem.gov.lv,HttpConnectTimeoutException > ConnectException: HTTP connect timed out,none
tai.mk.gov.lv,HttpConnectTimeoutException > ConnectException: HTTP connect timed out,none
taiib.gov.lv,301,none
taiib.vdvc.gov.lv,HttpConnectTimeoutException > ConnectException: HTTP connect timed out,none
talakizglitiba.gov.lv,HttpConnectTimeoutException > ConnectException: HTTP connect timed out,none
talakizglitiba.visc.gov.lv,SSLHandshakeException > SocketException: Connection reset,none
taloni.eveseliba.gov.lv,403,none
talsusportaskola.gov.lv,HttpConnectTimeoutException > ConnectException: HTTP connect timed out,none
tap.mk.gov.lv,HttpConnectTimeoutException > ConnectException: HTTP connect timed out,none
tapis.gov.lv,200,none
tapportals.mk.gov.lv,200,none
tato.em.gov.lv,ConnectException > UnresolvedAddressException,none
tava.gov.lv,301,none
tavs.ta.gov.lv,HttpConnectTimeoutException > ConnectException: HTTP connect timed out,none
tea.csb.gov.lv,301,none
teici.daba.gov.lv,SSLHandshakeException > CertificateException: No subject alternative DNS name matching teici.daba.gov.lv found.,none
telefons.vid.gov.lv,HttpConnectTimeoutException > ConnectException: HTTP connect timed out,none
temp.lm.gov.lv,ConnectException > UnresolvedAddressException,none
termini.gov.lv,200,none
termini.vvc.gov.lv,ConnectException > UnresolvedAddressException,none
test-pazinojums.dvi.gov.lv,403,none
test-pgadmin.avis.gov.lv,SSLHandshakeException > ValidatorException > SunCertPathBuilderException: unable to find valid certification path to requested target,none
test-vpmk.visc.gov.lv,200,none
test.bis.gov.lv,200,none
test.csb.gov.lv,ConnectException > UnresolvedAddressException,none
test.eis.gov.lv,HttpConnectTimeoutException > ConnectException: HTTP connect timed out,none
test.ener.gov.lv,HttpConnectTimeoutException > ConnectException: HTTP connect timed out,none
test.latak.gov.lv,ConnectException > NoRouteToHostException: Host is unreachable,none
test.pa.gov.lv,403,none
test.possessor.gov.lv,403,none
test.viis.gov.lv,SSLHandshakeException > ValidatorException > SunCertPathBuilderException: unable to find valid certification path to requested target,none
test.vm.gov.lv,HttpConnectTimeoutException > ConnectException: HTTP connect timed out,none
testgoaml.fid.gov.lv,HttpConnectTimeoutException > ConnectException: HTTP connect timed out,none
testwww.vjic.gov.lv,ConnectException > UnresolvedAddressException,none
textile-industry-companies.liaa.gov.lv,ConnectException > UnresolvedAddressException,none
textile-industry-latvia.liaa.gov.lv,ConnectException > NoRouteToHostException: Host is unreachable,none
tiesa.gov.lv,ConnectException > UnresolvedAddressException,none
timurs.mfa.gov.lv,ConnectException > UnresolvedAddressException,none
tis.ta.gov.lv,HttpConnectTimeoutException > ConnectException: HTTP connect timed out,none
titan.iem.gov.lv,ConnectException > UnresolvedAddressException,none
tla.vdvc.gov.lv,HttpConnectTimeoutException > ConnectException: HTTP connect timed out,none
tm.gov.lv,301,10 mx1.tm.gov.lv.; 20 mx2.tm.gov.lv.
tmp.am.gov.lv,HttpConnectTimeoutException > ConnectException: HTTP connect timed out,none
tmr.gov.lv,301,none
tools.csb.gov.lv,301,none
tools.stat.gov.lv,200,none
tpc.gov.lv,ConnectException > NoRouteToHostException: Host is unreachable,10 priede.tpc.gov.lv.
tpi.mk.gov.lv,HttpConnectTimeoutException > ConnectException: HTTP connect timed out,none
trac.ic.iem.gov.lv,SSLHandshakeException > CertificateException: No subject alternative DNS name matching trac.ic.iem.gov.lv found.,none
training.fid.gov.lv,200,none
traktors.vtua.gov.lv,HttpConnectTimeoutException > ConnectException: HTTP connect timed out,none
transcribe.hugo.gov.lv,200,none
transportdata.gov.lv,200,none
transports.vp.gov.lv,SSLHandshakeException > CertificateException: No subject alternative DNS name matching transports.vp.gov.lv found.,none
trustlist.gov.lv,404,none
tukums.gov.lv,HttpConnectTimeoutException > ConnectException: HTTP connect timed out,none
turismaforums.liaa.gov.lv,SSLHandshakeException > CertificateException: No subject alternative DNS name matching turismaforums.liaa.gov.lv found.,none
tvap.ic.iem.gov.lv,HttpConnectTimeoutException > ConnectException: HTTP connect timed out,none
tvp-auth.tvp.gov.lv,HttpConnectTimeoutException > ConnectException: HTTP connect timed out,none
uat.ic.iem.gov.lv,HttpConnectTimeoutException > ConnectException: HTTP connect timed out,none
ucak.vugd.gov.lv,301,none
ucak.vugd.tvp.gov.lv,SSLHandshakeException > CertificateException: No subject alternative DNS name matching ucak.vugd.tvp.gov.lv found.,none
ugf.gov.lv,301,none
uk.mfa.gov.lv,HttpConnectTimeoutException > ConnectException: HTTP connect timed out,none
ur.gov.lv,301,none
ur.tvp.gov.lv,HttpConnectTimeoutException > ConnectException: HTTP connect timed out,none
uznemejspejas.viaa.gov.lv,ConnectException > UnresolvedAddressException,none
uznemumi.ic.iem.gov.lv,HttpConnectTimeoutException > ConnectException: HTTP connect timed out,none
uzskaite.ic.iem.gov.lv,SSLHandshakeException > CertificateException: No subject alternative DNS name matching uzskaite.ic.iem.gov.lv found.,none
v1latvija.viss.gov.lv,HttpConnectTimeoutException > ConnectException: HTTP connect timed out,none
va-catalog.hugo.gov.lv,HttpConnectTimeoutException > ConnectException: HTTP connect timed out,none
vaad.gov.lv,301,none
vaaps-test.ic.iem.gov.lv,502,none
vaaps.ic.iem.gov.lv,502,none
vadc.gov.lv,301,none
valic.gov.lv,308,none
valmiera.zm.gov.lv,ConnectException > UnresolvedAddressException,none
valodasdraugs.vvc.gov.lv,ConnectException > UnresolvedAddressException,none
valstskapitals.gov.lv,HttpConnectTimeoutException > ConnectException: HTTP connect timed out,none
varam.gov.lv,301,0 varam-gov-lv.mail.protection.outlook.com.
vardi.csb.gov.lv,301,none
varteja.kis.gov.lv,HttpConnectTimeoutException > ConnectException: HTTP connect timed out,none
vas.gov.lv,301,none
vas.vdvc.gov.lv,HttpConnectTimeoutException > ConnectException: HTTP connect timed out,none
vcp.gov.lv,ConnectException > UnresolvedAddressException,none
vda.gov.lv,301,10 mx.online.lv.
vda.gov.lvwww.vda.gov.lv,ConnectException > UnresolvedAddressException,none
vdaa.gov.lv,301,none
vdd.gov.lv,200,none
vdi.gov.lv,301,none
vec.gov.lv,ConnectException > UnresolvedAddressException,none
vecbebri.zm.gov.lv,HttpConnectTimeoutException > ConnectException: HTTP connect timed out,none
velesanas.ta.gov.lv,HttpConnectTimeoutException > ConnectException: HTTP connect timed out,none
venta.vzd.gov.lv,ConnectException > UnresolvedAddressException,none
ventspils.gov.lv,ConnectException > UnresolvedAddressException,none
ventspils.vvd.gov.lv,ConnectException > UnresolvedAddressException,none
vertetaji.visc.gov.lv,HttpConnectTimeoutException > ConnectException: HTTP connect timed out,none
veselibatest.ic.iem.gov.lv,SSLHandshakeException > CertificateException: No subject alternative DNS name matching veselibatest.ic.iem.gov.lv found.,none
vfi.vi.gov.lv,ConnectException > UnresolvedAddressException,none
vgd.gov.lv,HttpConnectTimeoutException > ConnectException: HTTP connect timed out,none
vgt-pub.lgia.gov.lv,301,none
vi.gov.lv,301,none
viaa.gov.lv,301,none
viaawww.viaa.gov.lv,ConnectException > UnresolvedAddressException,none
vid.gov.lv,301,none
video.mod.gov.lv,ConnectException > UnresolvedAddressException,none
video.vid.gov.lv,HttpConnectTimeoutException > ConnectException: HTTP connect timed out,none
videoarhivs.mk.gov.lv,HttpConnectTimeoutException > ConnectException: HTTP connect timed out,none
vidis.vid.gov.lv,HttpConnectTimeoutException > ConnectException: HTTP connect timed out,none
vidm.gov.lv,HttpConnectTimeoutException > ConnectException: HTTP connect timed out,none
vidzeme.vzd.gov.lv,ConnectException > UnresolvedAddressException,none
viedoklis.csb.gov.lv,HttpConnectTimeoutException > ConnectException: HTTP connect timed out,none
viesite.zm.gov.lv,ConnectException > UnresolvedAddressException,none
vietvardi.lgia.gov.lv,307,none
viis.gov.lv,SSLHandshakeException > ValidatorException > SunCertPathBuilderException: unable to find valid certification path to requested target,none
vikar.ic.iem.gov.lv,SSLHandshakeException > CertificateException: No subject alternative DNS name matching vikar.ic.iem.gov.lv found.,none
viknva.gov.lv,HttpConnectTimeoutException > ConnectException: HTTP connect timed out,none
vinciwww.viaa.gov.lv,ConnectException > UnresolvedAddressException,none
vis.jpa.gov.lv,SSLHandshakeException > CertificateException: No subject alternative DNS name matching vis.jpa.gov.lv found.,none
visc.gov.lv,301,none
viski.zm.gov.lv,ConnectException > UnresolvedAddressException,none
visr.eps.gov.lv,HttpConnectTimeoutException > ConnectException: HTTP connect timed out,none
viss.gov.lv,200,none
vissparmigraciju.pmlp.gov.lv,200,none
visssmtp.ldc.gov.lv,HttpConnectTimeoutException > ConnectException: HTTP connect timed out,none
visu-nacionanistiem.gov.lv,ConnectException > UnresolvedAddressException,none
vita.gov.lv,HttpConnectTimeoutException > ConnectException: HTTP connect timed out,none
vitab.gov.lv,HttpConnectTimeoutException > ConnectException: HTTP connect timed out,none
vivat-api.eveseliba.gov.lv,HttpConnectTimeoutException > ConnectException: HTTP connect timed out,none
vizas.pmlp.gov.lv,HttpConnectTimeoutException > ConnectException: HTTP connect timed out,none
vkckalkulators.ta.gov.lv,302,none
vkcp-tracing.vugd.gov.lv,HttpConnectTimeoutException > ConnectException: HTTP connect timed out,none
vkip.vkase.gov.lv,ConnectException > UnresolvedAddressException,none
vktap.mk.gov.lv,302,none
vm.gov.lv,301,none
vmd-karte7.vmd.gov.lv,HttpConnectTimeoutException > ConnectException: HTTP connect timed out,none
vmd.gov.lv,301,none
vmd1.gov.lv,HttpConnectTimeoutException > ConnectException: HTTP connect timed out,none
vmnvd.gov.lv,301,none
vmsweb.vvd.gov.lv,HttpConnectTimeoutException > ConnectException: HTTP connect timed out,none
vnmhop.mod.gov.lv,200,none
voice.hugo.gov.lv,200,none
vp.gov.lv,301,20 smtp-b.iem.gov.lv.; 10 smtp-c.iem.gov.lv.
vp.km.gov.lv,404,none
vpd.gov.lv,301,20 mx1.tm.gov.lv.; 10 mx2.tm.gov.lv.
vpd.tvp.gov.lv,HttpConnectTimeoutException > ConnectException: HTTP connect timed out,none
vpis.gov.lv,HttpConnectTimeoutException > ConnectException: HTTP connect timed out,none
vpis.isec.gov.lv,ConnectException > UnresolvedAddressException,none
vpis.visc.gov.lv,HttpConnectTimeoutException > ConnectException: HTTP connect timed out,none
vpk.digives.eveseliba.gov.lv,200,none
vpm-ha.viss.gov.lv,503,none
vpm.viss.gov.lv,404,none
vpm2.viss.gov.lv,HttpConnectTimeoutException > ConnectException: HTTP connect timed out,none
vpmk.visc.gov.lv,200,none
vpmtest.ic.iem.gov.lv,HttpConnectTimeoutException > ConnectException: HTTP connect timed out,none
vpn.eveseliba.gov.lv,403,none
vpn.lm.gov.lv,HttpConnectTimeoutException > ConnectException: HTTP connect timed out,none
vps-test.gov.lv,HttpConnectTimeoutException > ConnectException: HTTP connect timed out,none
vps.gov.lv,HttpConnectTimeoutException > ConnectException: HTTP connect timed out,none
vpui.gov.lv,HttpConnectTimeoutException > ConnectException: HTTP connect timed out,none
vpvb.gov.lv,301,none
vr-epak.pmlp.gov.lv,ConnectException > UnresolvedAddressException,none
vr-pub.pmlp.gov.lv,503,none
vraa.gov.lv,HttpConnectTimeoutException > ConnectException: HTTP connect timed out,none
vrk.rs.gov.lv,301,none
vrk.rs.tvp.gov.lv,SSLHandshakeException > CertificateException: No subject alternative DNS name matching vrk.rs.tvp.gov.lv found.,none
vrvp.gov.lv,ConnectException > UnresolvedAddressException,none
vsaa.gov.lv,301,10 mx5.lm.gov.lv.
vsackurzeme.gov.lv,301,5 mx5.lm.gov.lv.
vsacriga.gov.lv,301,none
vsacvidzeme.gov.lv,301,none
vsaczemgale.gov.lv,HttpConnectTimeoutException > ConnectException: HTTP connect timed out,none
vsc.iem.gov.lv,301,none
vsi.gov.lv,ConnectException > UnresolvedAddressException,none
vsi.vi.gov.lv,ConnectException > UnresolvedAddressException,none
vsic.gov.lv,ConnectException > UnresolvedAddressException,none
vsmc.gov.lv,SSLHandshakeException > ValidatorException > SunCertPathBuilderException: unable to find valid certification path to requested target,none
vsmtva.vec.gov.lv,ConnectException > UnresolvedAddressException,none
vsmtva.vi.gov.lv,ConnectException > UnresolvedAddressException,none
vspmis.lm.gov.lv,301,none
vt.lgia.gov.lv,ConnectException > UnresolvedAddressException,none
vteb.gov.lv,301,none
vtmec.gov.lv,301,none
vtua.gov.lv,HttpConnectTimeoutException > ConnectException: HTTP connect timed out,none
vugd.gov.lv,301,none
vva-api.eveseliba.gov.lv,HttpConnectTimeoutException > ConnectException: HTTP connect timed out,none
vva.eveseliba.gov.lv,HttpConnectTimeoutException > ConnectException: HTTP connect timed out,none
vvais-pub-services.arhivi.gov.lv,HttpConnectTimeoutException > ConnectException: HTTP connect timed out,none
vvais-pub-test.arhivi.gov.lv,ConnectException > UnresolvedAddressException,none
vvais.arhivi.gov.lv,302,none
vvc.gov.lv,301,none
vvis.ventspils.gov.lv,ConnectException > UnresolvedAddressException,none
vza.gov.lv,ConnectException > ClosedChannelException,10 mail.vza.gov.lv.
vzd.gov.lv,301,0 vzd-gov-lv.mail.protection.outlook.com.
w.am.gov.lv,ConnectException > UnresolvedAddressException,none
w.dabasmuzejs.gov.lv,ConnectException > UnresolvedAddressException,none
w.eiepirkumi.gov.lv,ConnectException > UnresolvedAddressException,none
w.izm.gov.lv,ConnectException > UnresolvedAddressException,none
w.mfa.gov.lv,ConnectException > UnresolvedAddressException,none
w.rs.gov.lv,ConnectException > UnresolvedAddressException,none
w2.kis.gov.lv,ConnectException > UnresolvedAddressException,none
wall.vgd.gov.lv,HttpConnectTimeoutException > ConnectException: HTTP connect timed out,none
wastetoresources.kem.gov.lv,200,none
wastetoresources.varam.gov.lv,301,none
weaponreg.ic.iem.gov.lv,HttpConnectTimeoutException > ConnectException: HTTP connect timed out,none
weaponregtest.ic.iem.gov.lv,HttpConnectTimeoutException > ConnectException: HTTP connect timed out,none
web.ic.iem.gov.lv,302,none
web2.izm.gov.lv,ConnectException > UnresolvedAddressException,none
webapp.vp.gov.lv,200,none
webcfr.arhivi.gov.lv,HttpConnectTimeoutException > ConnectException: HTTP connect timed out,none
webdemo.gov.lv,ConnectException > UnresolvedAddressException,none
webdisk.dzivnieki.gov.lv,ConnectException > UnresolvedAddressException,none
webdisk.talsusportaskola.gov.lv,HttpConnectTimeoutException > ConnectException: HTTP connect timed out,none
webdiskstorage.ptac.gov.lv,SSLHandshakeException > ValidatorException > CertPathValidatorException > CertificateExpiredException: NotAfter: Mon Aug 10 13:44:02 CEST 2026,none
webmail-download.vi.gov.lv,ConnectException > UnresolvedAddressException,none
webmail.dzivnieki.gov.lv,ConnectException > UnresolvedAddressException,none
webmail.rac.gov.lv,HttpConnectTimeoutException > ConnectException: HTTP connect timed out,none
webmail.talsusportaskola.gov.lv,HttpConnectTimeoutException > ConnectException: HTTP connect timed out,none
webmail.vdi.gov.lv,ConnectException > NoRouteToHostException: Host is unreachable,none
webmail.ventspils.gov.lv,ConnectException > UnresolvedAddressException,none
webmail.vi.gov.lv,ConnectException > UnresolvedAddressException,none
webmail.vita.gov.lv,HttpConnectTimeoutException > ConnectException: HTTP connect timed out,none
wellness-industry-companies.liaa.gov.lv,ConnectException > UnresolvedAddressException,none
widening.viaa.gov.lv,SSLHandshakeException > CertificateException: No subject alternative DNS name matching widening.viaa.gov.lv found.,none
wiki.dagr.gov.lv,200,none
wiki.em.gov.lv,ConnectException > UnresolvedAddressException,none
wms.lgia.gov.lv,HttpConnectTimeoutException > ConnectException: HTTP connect timed out,none
wood-industry-latvia.liaa.gov.lv,ConnectException > NoRouteToHostException: Host is unreachable,none
woodworking-companies.liaa.gov.lv,ConnectException > UnresolvedAddressException,none
wooozva.gov.lv,ConnectException > UnresolvedAddressException,none
workinlatvia.liaa.gov.lv,SSLHandshakeException > ValidatorException > SunCertPathBuilderException: unable to find valid certification path to requested target,none
wpad.gov.lv,HttpConnectTimeoutException > ConnectException: HTTP connect timed out,none
ws.ur.gov.lv,HttpConnectTimeoutException > ConnectException: HTTP connect timed out,none
wsvc.ic.iem.gov.lv,HttpConnectTimeoutException > ConnectException: HTTP connect timed out,none
wsvctest.ic.iem.gov.lv,HttpConnectTimeoutException > ConnectException: HTTP connect timed out,none
ww.fm.gov.lv,ConnectException > UnresolvedAddressException,none
ww.gov.lv,ConnectException > UnresolvedAddressException,none
ww.lzp.gov.lv,ConnectException > UnresolvedAddressException,none
ww.ptac.gov.lv,ConnectException > UnresolvedAddressException,none
ww.vzd.gov.lv,ConnectException > UnresolvedAddressException,none
ww2.mk.gov.lv,HttpConnectTimeoutException > ConnectException: HTTP connect timed out,none
www.6.vid.gov.lv,ConnectException > UnresolvedAddressException,none
www.aaiib.gov.lv,SSLHandshakeException > ValidatorException > SunCertPathBuilderException: unable to find valid certification path to requested target,none
www.agentura.iem.gov.lv,ConnectException > UnresolvedAddressException,none
www.aids.gov.lv,ConnectException > UnresolvedAddressException,none
www.aiva.gov.lv,ConnectException > UnresolvedAddressException,none
www.akcmv.gov.lv,301,none
www.alimenti.gov.lv,ConnectException > UnresolvedAddressException,none
www.am.gov.lv,301,none
www.am1.gov.lv,HttpConnectTimeoutException > ConnectException: HTTP connect timed out,none
www.anninmuiza.gov.lv,ConnectException > UnresolvedAddressException,none
www.antidopings.gov.lv,301,none
www.apa.gov.lv,HttpConnectTimeoutException > ConnectException: HTTP connect timed out,none
www.apache.pd.gov.lv,ConnectException > UnresolvedAddressException,none
www.ar.gov.lv,ConnectException > UnresolvedAddressException,none
www.arhivi.gov.lv,301,none
www.at.gov.lv,302,none
www.atest.gov.lv,HttpConnectTimeoutException > ConnectException: HTTP connect timed out,none
www.ati.gov.lv,ConnectException > UnresolvedAddressException,none
www.bac.gov.lv,301,none
www.balvi.gov.lv,SSLHandshakeException > ValidatorException > SunCertPathBuilderException: unable to find valid certification path to requested target,none
www.bapa.gov.lv,HttpConnectTimeoutException > ConnectException: HTTP connect timed out,none
www.bema.gov.lv,ConnectException > UnresolvedAddressException,none
www.berlin.mfa.gov.lv,HttpConnectTimeoutException > ConnectException: HTTP connect timed out,none
www.bior.gov.lv,HttpConnectTimeoutException > ConnectException: HTTP connect timed out,none
www.biosfera.gov.lv,ConnectException > UnresolvedAddressException,none
www.bis.gov.lv,302,none
www.blm.gov.lv,ConnectException > UnresolvedAddressException,none
www.bm.gov.lv,ConnectException > UnresolvedAddressException,none
www.bti.gov.lv,HttpConnectTimeoutException > ConnectException: HTTP connect timed out,none
www.busines.gov.lv,SSLHandshakeException > CertificateException: No subject alternative DNS name matching www.busines.gov.lv found.,none
www.business.gov.lv,302,none
www.bvkb.gov.lv,301,none
www.caa.gov.lv,HttpConnectTimeoutException > ConnectException: HTTP connect timed out,none
www.cak.iem.gov.lv,302,none
www.caoa.gov.lv,SSLHandshakeException: Remote host terminated the handshake,none
www.cdc.gov.lv,ConnectException > UnresolvedAddressException,none
www.cert.gov.lv,HttpConnectTimeoutException > ConnectException: HTTP connect timed out,none
www.cfca.gov.lv,SSLHandshakeException > CertificateException: No subject alternative DNS name matching www.cfca.gov.lv found.,none
www.cfla.gov.lv,HttpConnectTimeoutException > ConnectException: HTTP connect timed out,0 cfla-gov-lv.mail.protection.outlook.com.
www.covid19.gov.lv,HttpConnectTimeoutException > ConnectException: HTTP connect timed out,none
www.csb.gov.lv,HttpConnectTimeoutException > ConnectException: HTTP connect timed out,none
www.csdd.gov.lv,HttpConnectTimeoutException > ConnectException: HTTP connect timed out,none
www.csp.gov.lv,HttpConnectTimeoutException > ConnectException: HTTP connect timed out,none
www.cvi.gov.lv,HttpConnectTimeoutException > ConnectException: HTTP connect timed out,none
www.cvvp.nva.gov.lv,HttpConnectTimeoutException > ConnectException: HTTP connect timed out,none
www.cyber.gov.lv,301,none
www.daba.gov.lv,HttpConnectTimeoutException > ConnectException: HTTP connect timed out,none
www.dabasmuzejs.gov.lv,301,none
www.dap.gov.lv,ConnectException > UnresolvedAddressException,none
www.darbatirgus.gov.lv,ConnectException > UnresolvedAddressException,none
www.data.gov.lv,301,none
www.dkurzeme.vzd.gov.lv,HttpConnectTimeoutException > ConnectException: HTTP connect timed out,none
www.dokforums.gov.lv,HttpConnectTimeoutException > ConnectException: HTTP connect timed out,none
www.dp.gov.lv,ConnectException > UnresolvedAddressException,none
www.dpils.vzd.gov.lv,ConnectException > UnresolvedAddressException,none
www.dpns.gov.lv,HttpConnectTimeoutException > ConnectException: HTTP connect timed out,none
www.drvp.gov.lv,ConnectException > UnresolvedAddressException,none
www.dvi.gov.lv,301,none
www.dwp.gov.lv,HttpConnectTimeoutException > ConnectException: HTTP connect timed out,none
www.dzivnieki.gov.lv,ConnectException > UnresolvedAddressException,none
www.e-veseliba.gov.lv,HttpConnectTimeoutException > ConnectException: HTTP connect timed out,none
www.e.kase.gov.lv,ConnectException > UnresolvedAddressException,none
www.edusation.gov.lv,ConnectException > UnresolvedAddressException,none
www.eib.gov.lv,ConnectException > UnresolvedAddressException,none
www.eiepirkumi.gov.lv,HttpConnectTimeoutException > ConnectException: HTTP connect timed out,none
www.eis.gov.lv,HttpConnectTimeoutException > ConnectException: HTTP connect timed out,none
www.eiva.gov.lv,HttpConnectTimeoutException > ConnectException: HTTP connect timed out,none
www.ekspertize.vp.gov.lv,SSLHandshakeException > CertificateException: No subject alternative DNS name matching www.ekspertize.vp.gov.lv found.,none
www.election.gov.lv,ConnectException > UnresolvedAddressException,none
www.em.gov.lv,301,none
www.ener.gov.lv,302,none
www.energy-conference.gov.lv,HttpConnectTimeoutException > ConnectException: HTTP connect timed out,none
www.eprocurement.gov.lv,HttpConnectTimeoutException > ConnectException: HTTP connect timed out,10 mail.eiepirkumi.gov.lv.
www.eps.gov.lv,HttpConnectTimeoutException > ConnectException: HTTP connect timed out,none
www.es.gov.lv,HttpConnectTimeoutException > ConnectException: HTTP connect timed out,none
www.esf-pedagogiem.gov.lv,HttpConnectTimeoutException > ConnectException: HTTP connect timed out,none
www.esfondi.izm.gov.lv,ConnectException > UnresolvedAddressException,none
www.esfondi.vm.gov.lv,SSLHandshakeException > ValidatorException > SunCertPathBuilderException: unable to find valid certification path to requested target,none
www.esfprojekts.mpic.gov.lv,HttpConnectTimeoutException > ConnectException: HTTP connect timed out,dig error
www.esia.gov.lv,ConnectException > UnresolvedAddressException,none
www.eu.gov.lv,ConnectException > UnresolvedAddressException,none
www.eva.gov.lv,301,none
www.eveseliba.gov.lv,200,none
www.farminsp.gov.lv,HttpConnectTimeoutException > ConnectException: HTTP connect timed out,none
www.fdp.gov.lv,301,none
www.fdp.tvp.gov.lv,SSLHandshakeException > CertificateException: No subject alternative DNS name matching www.fdp.tvp.gov.lv found.,none
www.fid.gov.lv,HttpConnectTimeoutException > ConnectException: HTTP connect timed out,none
www.fm.gov.lv,HttpConnectTimeoutException > ConnectException: HTTP connect timed out,none
www.fotoradari.gov.lv,SSLHandshakeException > CertificateException: No subject alternative DNS name matching www.fotoradari.gov.lv found.,none
www.fu.gov.lv,ConnectException > UnresolvedAddressException,none
www.futureforum2013.gov.lv,ConnectException > UnresolvedAddressException,none
www.gnp.gov.lv,HttpConnectTimeoutException > ConnectException: HTTP connect timed out,none
www.go.liaa.gov.lv,ConnectException > UnresolvedAddressException,none
www.gov.lv,HttpConnectTimeoutException > ConnectException: HTTP connect timed out,none
www.gvva.gov.lv,HttpConnectTimeoutException > ConnectException: HTTP connect timed out,none
www.iaui.fm.gov.lv,ConnectException > UnresolvedAddressException,none
www.iaui.gov.lv,HttpConnectTimeoutException > ConnectException: HTTP connect timed out,none
www.ic.iem.gov.lv,301,none
www.ida.gov.lv,ConnectException > UnresolvedAddressException,none
www.idb.gov.lv,301,none
www.ie.m.gov.lv,ConnectException > UnresolvedAddressException,none
www.iecava.gov.lv,ConnectException > UnresolvedAddressException,none
www.iem.gov.lv,301,none
www.ievp.gov.lv,301,none
www.iiva.gov.lv,ConnectException > UnresolvedAddressException,none
www.iiva.iem.gov.lv,HttpConnectTimeoutException > ConnectException: HTTP connect timed out,none
www.ikvd.gov.lv,301,none
www.inb.gov.lv,ConnectException > UnresolvedAddressException,none
www.inec.gov.lv,ConnectException > UnresolvedAddressException,none
www.informs.gov.lv,ConnectException > UnresolvedAddressException,none
www.inspekcija.izm.gov.lv,ConnectException > UnresolvedAddressException,none
www.integracija.gov.lv,ConnectException > UnresolvedAddressException,none
www.integrecija.gov.lv,ConnectException > UnresolvedAddressException,none
www.intra.pvd.gov.lv,ConnectException > UnresolvedAddressException,none
www.intranet.vp.gov.lv,HttpConnectTimeoutException > ConnectException: HTTP connect timed out,none
www.iom.gov.lv,ConnectException > UnresolvedAddressException,none
www.ir.gov.lv,HttpConnectTimeoutException > ConnectException: HTTP connect timed out,none
www.ireland.mfa.gov.lv,301,none
www.iric.gov.lv,ConnectException > NoRouteToHostException: Host is unreachable,none
www.irs.gov.lv,ConnectException > UnresolvedAddressException,none
www.is.vvd.gov.lv,HttpConnectTimeoutException > ConnectException: HTTP connect timed out,none
www.isec.gov.lv,ConnectException > UnresolvedAddressException,none
www.iub.gov.lv,301,none
www.ivi.gov.lv,HttpConnectTimeoutException > ConnectException: HTTP connect timed out,none
www.ivi.izm.gov.lv,ConnectException > UnresolvedAddressException,none
www.izm.gov.lv,301,none
www.izmpia.gov.lv,SSLHandshakeException: Remote host terminated the handshake,none
www.izmpic.gov.lv,SSLHandshakeException: Remote host terminated the handshake,none
www.j3b.gov.lv,ConnectException > UnresolvedAddressException,none
www.jaa.gov.lv,HttpConnectTimeoutException > ConnectException: HTTP connect timed out,none
www.jaunante.gov.lv,HttpConnectTimeoutException > ConnectException: HTTP connect timed out,none
www.jaunatne.gov.lv,301,none
www.jaunatneslietas.gov.lv,HttpConnectTimeoutException > ConnectException: HTTP connect timed out,none
www.jaunsardze.gov.lv,HttpConnectTimeoutException > ConnectException: HTTP connect timed out,none
www.jbmc.gov.lv,HttpConnectTimeoutException > ConnectException: HTTP connect timed out,none
www.jc.gov.lv,301,none
www.jersey.gov.lv,HttpConnectTimeoutException > ConnectException: HTTP connect timed out,none
www.jervp.gov.lv,ConnectException > UnresolvedAddressException,none
www.jic.gov.lv,SSLHandshakeException > CertificateException: No subject alternative DNS name matching www.jic.gov.lv found.,none
www.jiup.gov.lv,HttpConnectTimeoutException > ConnectException: HTTP connect timed out,none
www.jiup.vvd.gov.lv,ConnectException > UnresolvedAddressException,none
www.jm.gov.lv,HttpConnectTimeoutException > ConnectException: HTTP connect timed out,none
www.jpa.gov.lv,301,none
www.jpd.gov.lv,ConnectException > UnresolvedAddressException,none
www.jtb.gov.lv,ConnectException > UnresolvedAddressException,none
www.jvp.gov.lv,ConnectException > UnresolvedAddressException,none
www.karamuzejs.gov.lv,HttpConnectTimeoutException > ConnectException: HTTP connect timed out,none
www.karte.lad.gov.lv,SSLHandshakeException > CertificateException: No subject alternative DNS name matching www.karte.lad.gov.lv found.,none
www.kase.gov.lv,200,none
www.kd.gov.lv,ConnectException > UnresolvedAddressException,none
www.kem.gov.lv,301,none
www.kemeri.gov.lv,HttpConnectTimeoutException > ConnectException: HTTP connect timed out,none
www.kiap.vp.gov.lv,SSLHandshakeException > CertificateException: No subject alternative DNS name matching www.kiap.vp.gov.lv found.,none
www.kiberdrosiba.gov.lv,HttpConnectTimeoutException > ConnectException: HTTP connect timed out,none
www.kibertests.iem.gov.lv,HttpConnectTimeoutException > ConnectException: HTTP connect timed out,none
www.kis.gov.lv,301,none
www.kisc.gov.lv,301,none
www.km.gov.lv,301,none
www.kmc.gov.lv,ConnectException > UnresolvedAddressException,none
www.knab.gov.lv,301,none
www.knmc.gov.lv,HttpConnectTimeoutException > ConnectException: HTTP connect timed out,none
www.kns.ikvd.gov.lv,200,none
www.kopija.vespc.gov.lv,403,none
www.kp.gov.lv,301,none
www.kpc.gov.lv,ConnectException > UnresolvedAddressException,none
www.lad.gov.lv,HttpConnectTimeoutException > ConnectException: HTTP connect timed out,none
www.laf.gov.lv,ConnectException > UnresolvedAddressException,none
www.lafo.gov.lv,HttpConnectTimeoutException > ConnectException: HTTP connect timed out,none
www.laidze.gov.lv,ConnectException > UnresolvedAddressException,none
www.latak.gov.lv,301,none
www.latgale.vzd.gov.lv,ConnectException > UnresolvedAddressException,none
www.latpos.lgia.gov.lv,ConnectException > UnresolvedAddressException,none
www.latviaspace.gov.lv,301,none
www.latvija-eiropa.gov.lv,HttpConnectTimeoutException > ConnectException: HTTP connect timed out,none
www.latvija.gov.lv,HttpConnectTimeoutException > ConnectException: HTTP connect timed out,none
www.lbjkss.gov.lv,HttpConnectTimeoutException > ConnectException: HTTP connect timed out,none
www.lda.gov.lv,ConnectException > UnresolvedAddressException,none
www.ldc.gov.lv,301,none
www.ldda.gov.lv,HttpConnectTimeoutException > ConnectException: HTTP connect timed out,none
www.ldm.gov.lv,HttpConnectTimeoutException > ConnectException: HTTP connect timed out,none
www.lebm.gov.lv,301,none
www.lem.gov.lv,ConnectException > UnresolvedAddressException,none
www.lgia.gov.lv,301,none
www.lhma.gov.lv,HttpConnectTimeoutException > ConnectException: HTTP connect timed out,none
www.li.gov.lv,HttpConnectTimeoutException > ConnectException: HTTP connect timed out,none
www.lia.gov.lv,ConnectException > UnresolvedAddressException,none
www.liaa.gov.lv,301,none
www.lic.gov.lv,HttpConnectTimeoutException > ConnectException: HTTP connect timed out,none
www.lielriga.vvd.gov.lv,ConnectException > UnresolvedAddressException,none
www.lielriga.vzd.gov.lv,HttpConnectTimeoutException > ConnectException: HTTP connect timed out,none
www.lielrigasrvp.gov.lv,ConnectException > UnresolvedAddressException,none
www.limbazi.vzd.gov.lv,ConnectException > UnresolvedAddressException,none
www.lis.gov.lv,ConnectException > UnresolvedAddressException,none
www.llm.gov.lv,301,none
www.lm.gov.lv,301,none
www.lmb.gov.lv,HttpConnectTimeoutException > ConnectException: HTTP connect timed out,none
www.lmmdv.gov.lv,HttpConnectTimeoutException > ConnectException: HTTP connect timed out,none
www.lmmv.gov.lv,HttpConnectTimeoutException > ConnectException: HTTP connect timed out,none
www.lnafhq.gov.lv,ConnectException > UnresolvedAddressException,none
www.lndm.gov.lv,301,none
www.lnkc.gov.lv,301,none
www.lnmc.gov.lv,ConnectException > UnresolvedAddressException,none
www.london.am.gov.lv,SSLHandshakeException > CertificateException: No subject alternative DNS name matching www.london.am.gov.lv found.,none
www.london.mfa.gov.lv,SSLHandshakeException > CertificateException: No subject alternative DNS name matching www.london.mfa.gov.lv found.,none
www.lpc.gov.lv,ConnectException > UnresolvedAddressException,none
www.lpr.gov.lv,302,none
www.lpst.gov.lv,HttpConnectTimeoutException > ConnectException: HTTP connect timed out,none
www.lrp.gov.lv,HttpConnectTimeoutException > ConnectException: HTTP connect timed out,none
www.lrpv.gov.lv,301,none
www.lrvk.gov.lv,302,none
www.lrvp.gov.lv,ConnectException > UnresolvedAddressException,none
www.lu.gov.lv,HttpConnectTimeoutException > ConnectException: HTTP connect timed out,none
www.lv100nl.mfa.gov.lv,SSLHandshakeException > CertificateException: No subject alternative DNS name matching www.lv100nl.mfa.gov.lv found.,none
www.lv25coe.mfa.gov.lv,SSLHandshakeException > CertificateException: No subject alternative DNS name matching www.lv25coe.mfa.gov.lv found.,none
www.lva.gov.lv,ConnectException > UnresolvedAddressException,none
www.lvaf.gov.lv,ConnectException > UnresolvedAddressException,none
www.lvafa.gov.lv,SSLHandshakeException > ValidatorException > CertPathValidatorException > CertificateExpiredException: NotAfter: Sat Dec 27 07:32:18 CET 2025,none
www.lvarhivs.gov.lv,200,none
www.lvava.gov.lv,"SSLException: Unrecognized SSL message, plaintext connection?",none
www.lvc.gov.lv,ConnectException > UnresolvedAddressException,none
www.lvgma.gov.lv,HttpConnectTimeoutException > ConnectException: HTTP connect timed out,none
www.lvif.gov.lv,301,none
www.lvva.gov.lv,HttpConnectTimeoutException > ConnectException: HTTP connect timed out,none
www.lzkc.gov.lv,ConnectException > UnresolvedAddressException,none
www.lzp.gov.lv,301,none
www.lzra.gov.lv,ConnectException > UnresolvedAddressException,none
www.ma.gov.lv,ConnectException > UnresolvedAddressException,none
www.madekki.gov.lv,ConnectException > UnresolvedAddressException,none
www.madona.vvd.gov.lv,ConnectException > UnresolvedAddressException,none
www.madonasrvp.gov.lv,ConnectException > UnresolvedAddressException,none
www.makets.gov.lv,HttpConnectTimeoutException > ConnectException: HTTP connect timed out,none
www.map.vgd.gov.lv,HttpConnectTimeoutException > ConnectException: HTTP connect timed out,none
www.matrez.gov.lv,ConnectException > UnresolvedAddressException,none
www.mava.gov.lv,ConnectException > UnresolvedAddressException,none
www.mazaksslogs.gov.lv,"SSLException: Unrecognized SSL message, plaintext connection?",none
www.mazinamslogu.gov.lv,HttpConnectTimeoutException > ConnectException: HTTP connect timed out,none
www.mb.gov.lv,ConnectException > UnresolvedAddressException,none
www.metodiskiemateriali.lnkc.gov.lv,200,none
www.mfa.gov.lv,301,none
www.mfa1.gov.lv,HttpConnectTimeoutException > ConnectException: HTTP connect timed out,none
www.midd.gov.lv,301,none
www.mk.gov.lv,301,none
www.mkd.gov.lv,301,none
www.mkparstavis.am.gov.lv,SSLHandshakeException > CertificateException: No subject alternative DNS name matching www.mkparstavis.am.gov.lv found.,none
www.mkparstavis.mfa.gov.lv,SSLHandshakeException > CertificateException: No subject alternative DNS name matching www.mkparstavis.mfa.gov.lv found.,none
www.mna.gov.lv,ConnectException > UnresolvedAddressException,none
www.mod.gov.lv,301,none
www.mpic.gov.lv,HttpConnectTimeoutException > ConnectException: HTTP connect timed out,none
www.mps.gov.lv,HttpConnectTimeoutException > ConnectException: HTTP connect timed out,none
www.muzejs.vugd.gov.lv,301,none
www.mvp.gov.lv,ConnectException > UnresolvedAddressException,none
www.mzb.gov.lv,HttpConnectTimeoutException > ConnectException: HTTP connect timed out,none
www.narko.gov.lv,HttpConnectTimeoutException > ConnectException: HTTP connect timed out,none
www.nbd.gov.lv,301,none
www.nbssk.gov.lv,ConnectException > UnresolvedAddressException,none
www.ndc.gov.lv,HttpConnectTimeoutException > ConnectException: HTTP connect timed out,none
www.new.gov.lv,ConnectException > UnresolvedAddressException,none
www.nkc.gov.lv,301,none
www.nkmp.gov.lv,301,none
www.nkmva.gov.lv,HttpConnectTimeoutException > ConnectException: HTTP connect timed out,none
www.nmpd.gov.lv,301,none
www.noaa.gov.lv,ConnectException > UnresolvedAddressException,none
www.nometnes.gov.lv,200,none
www.norwaygrants.tm.gov.lv,HttpConnectTimeoutException > ConnectException: HTTP connect timed out,none
www.np.gov.lv,HttpConnectTimeoutException > ConnectException: HTTP connect timed out,none
www.nva.gov.lv,301,none
www.nva.iem.gov.lv,301,none
www.nvd.gov.lv,ConnectException > UnresolvedAddressException,none
www.nvvc.gov.lv,ConnectException > UnresolvedAddressException,none
www.ocma.gov.lv,HttpConnectTimeoutException > ConnectException: HTTP connect timed out,none
www.ocmd.gov.lv,ConnectException > UnresolvedAddressException,none
www.opm.gov.lv,ConnectException > UnresolvedAddressException,none
www.osb.gov.lv,ConnectException > UnresolvedAddressException,none
www.ottawa.am.gov.lv,SSLHandshakeException > CertificateException: No subject alternative DNS name matching www.ottawa.am.gov.lv found.,none
www.ottawa.mfa.gov.lv,SSLHandshakeException > CertificateException: No subject alternative DNS name matching www.ottawa.mfa.gov.lv found.,none
www.pa.gov.lv,200,none
www.paris.am.gov.lv,SSLHandshakeException > CertificateException: No subject alternative DNS name matching www.paris.am.gov.lv found.,none
www.paris.mfa.gov.lv,SSLHandshakeException > CertificateException: No subject alternative DNS name matching www.paris.mfa.gov.lv found.,none
www.patbib.gov.lv,HttpConnectTimeoutException > ConnectException: HTTP connect timed out,none
www.pc.pid.gov.lv,ConnectException > UnresolvedAddressException,none
www.pd.gov.lv,ConnectException > UnresolvedAddressException,none
www.pedagogiem.gov.lv,HttpConnectTimeoutException > ConnectException: HTTP connect timed out,none
www.piaa.gov.lv,HttpConnectTimeoutException > ConnectException: HTTP connect timed out,none
www.pid.gov.lv,HttpConnectTimeoutException > ConnectException: HTTP connect timed out,none
www.piksas.gov.lv,301,none
www.pkc.gov.lv,HttpConnectTimeoutException > ConnectException: HTTP connect timed out,none
www.pkiva.gov.lv,HttpConnectTimeoutException > ConnectException: HTTP connect timed out,none
www.plani.vugd.gov.lv,HttpConnectTimeoutException > ConnectException: HTTP connect timed out,none
www.pmlp.gov.lv,301,none
www.policijas.koledza.gov.lv,301,none
www.policijas.skola.gov.lv,ConnectException > UnresolvedAddressException,none
www.policijas.skola.vp.gov.lv,HttpConnectTimeoutException > ConnectException: HTTP connect timed out,none
www.poliklinika.iem.gov.lv,301,none
www.possessor.gov.lv,HttpConnectTimeoutException > ConnectException: HTTP connect timed out,none
www.pp.gov.lv,HttpConnectTimeoutException > ConnectException: HTTP connect timed out,none
www.ppd.em.gov.lv,ConnectException > UnresolvedAddressException,none
www.ppd.gov.lv,ConnectException > UnresolvedAddressException,none
www.ppp.gov.lv,ConnectException > UnresolvedAddressException,none
www.prague.am.gov.lv,SSLHandshakeException > CertificateException: No subject alternative DNS name matching www.prague.am.gov.lv found.,none
www.prague.mfa.gov.lv,SSLHandshakeException > CertificateException: No subject alternative DNS name matching www.prague.mfa.gov.lv found.,none
www.priekuliselekcija.gov.lv,ConnectException > UnresolvedAddressException,none
www.prokuratura.gov.lv,ConnectException > UnresolvedAddressException,none
www.promiwa.bior.gov.lv,HttpConnectTimeoutException > ConnectException: HTTP connect timed out,none
www.ptac.gov.lv,HttpConnectTimeoutException > ConnectException: HTTP connect timed out,none
www.pvd.gov.lv,HttpConnectTimeoutException > ConnectException: HTTP connect timed out,none
www.r5ms.gov.lv,HttpConnectTimeoutException > ConnectException: HTTP connect timed out,none
www.rac.gov.lv,HttpConnectTimeoutException > ConnectException: HTTP connect timed out,none
www.raim.gov.lv,HttpConnectTimeoutException > ConnectException: HTTP connect timed out,none
www.rapa.gov.lv,HttpConnectTimeoutException > ConnectException: HTTP connect timed out,none
www.rapl.gov.lv,ConnectException > UnresolvedAddressException,none
www.raplm.gov.lv,HttpConnectTimeoutException > ConnectException: HTTP connect timed out,none
www.rdc.gov.lv,HttpConnectTimeoutException > ConnectException: HTTP connect timed out,none
www.rdpad.gov.lv,ConnectException > UnresolvedAddressException,none
www.refm.gov.lv,HttpConnectTimeoutException > ConnectException: HTTP connect timed out,none
www.registrs.gov.lv,ConnectException > UnresolvedAddressException,none
www.registrs1.gov.lv,ConnectException > UnresolvedAddressException,none
www.registrs2.gov.lv,ConnectException > UnresolvedAddressException,none
www.registrs3.gov.lv,ConnectException > UnresolvedAddressException,none
www.reisprx-emustangs.rs.gov.lv,SSLHandshakeException > CertificateException: No subject alternative DNS name matching www.reisprx-emustangs.rs.gov.lv found.,none
www.researchlatvia.gov.lv,200,none
www.rezeknesrvp.gov.lv,ConnectException > UnresolvedAddressException,none
www.riga.vzd.gov.lv,HttpConnectTimeoutException > ConnectException: HTTP connect timed out,none
www.rigasummit2002.mfa.gov.lv,HttpConnectTimeoutException > ConnectException: HTTP connect timed out,none
www.rjc.gov.lv,HttpConnectTimeoutException > ConnectException: HTTP connect timed out,none
www.rowing.gov.lv,ConnectException > UnresolvedAddressException,none
www.rppp.gov.lv,ConnectException > UnresolvedAddressException,none
www.rpr.gov.lv,301,none
www.rs.gov.lv,301,none
www.rsgrants.viaa.gov.lv,HttpConnectTimeoutException > ConnectException: HTTP connect timed out,none
www.rsis.gov.lv,ConnectException > NoRouteToHostException: Host is unreachable,none
www.rss-latvija.gov.lv,HttpConnectTimeoutException > ConnectException: HTTP connect timed out,none
www.sab.gov.lv,200,none
www.saiema.gov.lv,ConnectException > UnresolvedAddressException,none
www.sakartopapirus.ur.gov.lv,ConnectException > UnresolvedAddressException,none
www.sala.gov.lv,ConnectException > UnresolvedAddressException,none
www.sam.gov.lv,301,none
www.sandoghtav0n.gov.lv,ConnectException > UnresolvedAddressException,none
www.sargs.gov.lv,HttpConnectTimeoutException > ConnectException: HTTP connect timed out,none
www.satv.tiesa.gov.lv,301,none
www.sb.gov.lv,HttpConnectTimeoutException > ConnectException: HTTP connect timed out,none
www.sbdmv.gov.lv,200,none
www.sc.iem.gov.lv,HttpConnectTimeoutException > ConnectException: HTTP connect timed out,none
www.science-link.vraa.gov.lv,HttpConnectTimeoutException > ConnectException: HTTP connect timed out,none
www.sciencelatvia.gov.lv,200,none
www.sf.gov.lv,HttpConnectTimeoutException > ConnectException: HTTP connect timed out,none
www.sic.gov.lv,ConnectException > UnresolvedAddressException,none
www.sif.gov.lv,301,10 sif-gov-lv.mail.protection.outlook.com.
www.sis.gov.lv,ConnectException > UnresolvedAddressException,none
www.siva.gov.lv,301,none
www.skaitamdabu.gov.lv,ConnectException > UnresolvedAddressException,none
www.skilbeni.gov.lv,HttpConnectTimeoutException > ConnectException: HTTP connect timed out,none
www.slitere.gov.lv,HttpConnectTimeoutException > ConnectException: HTTP connect timed out,none
www.sm.gov.lv,ConnectException > UnresolvedAddressException,none
www.smpt.gov.lv,ConnectException > UnresolvedAddressException,none
www.smva.gov.lv,ConnectException > UnresolvedAddressException,none
www.socpp.gov.lv,ConnectException > UnresolvedAddressException,none
www.sp.gov.lv,SSLHandshakeException > ValidatorException > SunCertPathBuilderException: unable to find valid certification path to requested target,none
www.spf.gov.lv,ConnectException > UnresolvedAddressException,none
www.spkc.gov.lv,HttpConnectTimeoutException > ConnectException: HTTP connect timed out,none
www.sprk.gov.lv,301,none
www.sr.gov.lv,HttpConnectTimeoutException > ConnectException: HTTP connect timed out,none
www.stars.gov.lv,301,none
www.stat.gov.lv,301,none
www.stockholm.am.gov.lv,SSLHandshakeException > CertificateException: No subject alternative DNS name matching www.stockholm.am.gov.lv found.,none
www.stockholm.mfa.gov.lv,SSLHandshakeException > CertificateException: No subject alternative DNS name matching www.stockholm.mfa.gov.lv found.,none
www.susaji.gov.lv,HttpConnectTimeoutException > ConnectException: HTTP connect timed out,none
www.sva.gov.lv,HttpConnectTimeoutException > ConnectException: HTTP connect timed out,none
www.sza.gov.lv,HttpConnectTimeoutException > ConnectException: HTTP connect timed out,none
www.szs.gov.lv,ConnectException > UnresolvedAddressException,none
www.ta.gov.lv,301,none
www.taiib.gov.lv,HttpConnectTimeoutException > ConnectException: HTTP connect timed out,none
www.talsusportaskola.gov.lv,HttpConnectTimeoutException > ConnectException: HTTP connect timed out,none
www.talsusportaskola.talsusportaskola.gov.lv,HttpConnectTimeoutException > ConnectException: HTTP connect timed out,none
www.tapis.gov.lv,301,none
www.tava.gov.lv,SSLHandshakeException > CertificateException: No subject alternative DNS name matching www.tava.gov.lv found.,none
www.teici.gov.lv,ConnectException > UnresolvedAddressException,none
www.test.eis.gov.lv,HttpConnectTimeoutException > ConnectException: HTTP connect timed out,none
www.test.mape.gov.lv,HttpConnectTimeoutException > ConnectException: HTTP connect timed out,none
www.test.transportdata.gov.lv,HttpConnectTimeoutException > ConnectException: HTTP connect timed out,none
www.tiesa.gov.lv,ConnectException > UnresolvedAddressException,none
www.tiesas.gov.lv,HttpConnectTimeoutException > ConnectException: HTTP connect timed out,none
www.tla.gov.lv,301,none
www.tm.gov.lv,301,none
www.tmc.gov.lv,HttpConnectTimeoutException > ConnectException: HTTP connect timed out,none
www.tmkpc.gov.lv,HttpConnectTimeoutException > ConnectException: HTTP connect timed out,none
www.tmr.gov.lv,301,none
www.tna.gov.lv,HttpConnectTimeoutException > ConnectException: HTTP connect timed out,none
www.tntekspress.gov.lv,HttpConnectTimeoutException > ConnectException: HTTP connect timed out,none
www.tpc.gov.lv,HttpConnectTimeoutException > ConnectException: HTTP connect timed out,none
www.transportdata.gov.lv,200,none
www.ttc.gov.lv,HttpConnectTimeoutException > ConnectException: HTTP connect timed out,none
www.ucak.vugd.gov.lv,301,none
www.udgm.gov.lv,HttpConnectTimeoutException > ConnectException: HTTP connect timed out,none
www.ugf.gov.lv,301,none
www.uib.gov.lv,ConnectException > UnresolvedAddressException,none
www.uk.mfa.gov.lv,301,none
www.ur.gov.lv,HttpConnectTimeoutException > ConnectException: HTTP connect timed out,none
www.urg.gov.lv,ConnectException > UnresolvedAddressException,none
www.usa.mfa.gov.lv,HttpConnectTimeoutException > ConnectException: HTTP connect timed out,none
www.users.vita.gov.lv,HttpConnectTimeoutException > ConnectException: HTTP connect timed out,none
www.v.gov.lv,ConnectException > UnresolvedAddressException,none
www.va.gov.lv,ConnectException > UnresolvedAddressException,none
www.vaad.gov.lv,301,none
www.vadc.gov.lv,301,none
www.valdibas-plani.iem.gov.lv,SSLHandshakeException > CertificateException: No subject alternative DNS name matching www.valdibas-plani.iem.gov.lv found.,none
www.valic.gov.lv,301,none
www.valm.vzd.gov.lv,ConnectException > UnresolvedAddressException,none
www.valmierasrvp.gov.lv,HttpConnectTimeoutException > ConnectException: HTTP connect timed out,none
www.valstskapitals.gov.lv,301,none
www.vamoic.gov.lv,HttpConnectTimeoutException > ConnectException: HTTP connect timed out,none
www.varam.gov.lv,HttpConnectTimeoutException > ConnectException: HTTP connect timed out,none
www.varam.tvp.gov.lv,SSLHandshakeException > CertificateException: No subject alternative DNS name matching www.varam.tvp.gov.lv found.,none
www.vas.gov.lv,301,none
www.vaui.gov.lv,ConnectException > UnresolvedAddressException,none
www.vbi.gov.lv,ConnectException > UnresolvedAddressException,none
www.vcp.gov.lv,ConnectException > UnresolvedAddressException,none
www.vda.gov.lv,HttpConnectTimeoutException > ConnectException: HTTP connect timed out,none
www.vdaa.gov.lv,301,none
www.vdd.gov.lv,302,none
www.vdeavk.gov.lv,301,none
www.vdi.gov.lv,301,none
www.vdzti.gov.lv,301,none
www.vec.gov.lv,HttpConnectTimeoutException > ConnectException: HTTP connect timed out,none
www.vei.gov.lv,HttpConnectTimeoutException > ConnectException: HTTP connect timed out,none
www.ventspils.gov.lv,ConnectException > UnresolvedAddressException,none
www.ventspils.vvd.gov.lv,ConnectException > UnresolvedAddressException,none
www.vep.gov.lv,ConnectException > UnresolvedAddressException,none
www.veseliba.gov.lv,HttpConnectTimeoutException > ConnectException: HTTP connect timed out,none
www.vgd.gov.lv,HttpConnectTimeoutException > ConnectException: HTTP connect timed out,none
www.vi.gov.lv,301,none
www.viaa.gov.lv,301,none
www.vic.gov.lv,ConnectException > UnresolvedAddressException,none
www.vid.gov.lv,301,none
www.vidm.gov.lv,HttpConnectTimeoutException > ConnectException: HTTP connect timed out,none
www.vidzeme.vzd.gov.lv,ConnectException > UnresolvedAddressException,none
www.vif.gov.lv,ConnectException > UnresolvedAddressException,none
www.viis.gov.lv,SSLHandshakeException > ValidatorException > SunCertPathBuilderException: unable to find valid certification path to requested target,none
www.viknva.gov.lv,HttpConnectTimeoutException > ConnectException: HTTP connect timed out,none
www.visc.gov.lv,301,none
www.visr.eps.gov.lv,HttpConnectTimeoutException > ConnectException: HTTP connect timed out,none
www.vita.gov.lv,HttpConnectTimeoutException > ConnectException: HTTP connect timed out,none
www.vitab.gov.lv,HttpConnectTimeoutException > ConnectException: HTTP connect timed out,none
www.vitila.gov.lv,HttpConnectTimeoutException > ConnectException: HTTP connect timed out,none
www.vjic.gov.lv,HttpConnectTimeoutException > ConnectException: HTTP connect timed out,none
www.vkase.gov.lv,ConnectException > UnresolvedAddressException,none
www.vkip.vkase.gov.lv,ConnectException > UnresolvedAddressException,none
www.vkmc.gov.lv,HttpConnectTimeoutException > ConnectException: HTTP connect timed out,none
www.vm.esfondi.vm.gov.lv,ConnectException > UnresolvedAddressException,none
www.vm.gov.lv,301,none
www.vmd.gov.lv,301,none
www.vmd1.gov.lv,HttpConnectTimeoutException > ConnectException: HTTP connect timed out,none
www.vmnvd.gov.lv,301,none
www.vnc.gov.lv,ConnectException > UnresolvedAddressException,none
www.vndpt.gov.lv,HttpConnectTimeoutException > ConnectException: HTTP connect timed out,none
www.voava.gov.lv,ConnectException > UnresolvedAddressException,none
www.vp.gov.lv,301,none
www.vpd.gov.lv,301,none
www.vpdp.gov.lv,HttpConnectTimeoutException > ConnectException: HTTP connect timed out,none
www.vpis.isec.gov.lv,HttpConnectTimeoutException > ConnectException: HTTP connect timed out,none
www.vplt.zm.gov.lv,ConnectException > UnresolvedAddressException,none
www.vpui.gov.lv,HttpConnectTimeoutException > ConnectException: HTTP connect timed out,none
www.vpvb.gov.lv,301,none
www.vraa.gov.lv,301,none
www.vrk.rs.gov.lv,301,none
www.vrvp.gov.lv,ConnectException > UnresolvedAddressException,none
www.vsaa.gov.lv,301,none
www.vsackurzeme.gov.lv,301,none
www.vsaclatgale.gov.lv,301,none
www.vsacriga.gov.lv,HttpConnectTimeoutException > ConnectException: HTTP connect timed out,none
www.vsacvidzeme.gov.lv,HttpConnectTimeoutException > ConnectException: HTTP connect timed out,none
www.vsaczemgale.gov.lv,301,none
www.vsc.iem.gov.lv,HttpConnectTimeoutException > ConnectException: HTTP connect timed out,none
www.vsi.gov.lv,ConnectException > UnresolvedAddressException,none
www.vsic.gov.lv,ConnectException > UnresolvedAddressException,none
www.vslva.iem.gov.lv,HttpConnectTimeoutException > ConnectException: HTTP connect timed out,none
www.vsmc.gov.lv,SSLHandshakeException > ValidatorException > SunCertPathBuilderException: unable to find valid certification path to requested target,none
www.vsmtva.gov.lv,ConnectException > UnresolvedAddressException,none
www.vteb.gov.lv,301,none
www.vtk.gov.lv,ConnectException > UnresolvedAddressException,none
www.vtmec.gov.lv,HttpConnectTimeoutException > ConnectException: HTTP connect timed out,none
www.vtua.gov.lv,301,none
www.vugd.gov.lv,301,none
www.vvc.gov.lv,301,none
www.vvd.gov.lv,301,none
www.vvi.gov.lv,ConnectException > UnresolvedAddressException,none
www.vvisc.gov.lv,HttpConnectTimeoutException > ConnectException: HTTP connect timed out,none
www.vvmdc.gov.lv,HttpConnectTimeoutException > ConnectException: HTTP connect timed out,none
www.vvva.gov.lv,HttpConnectTimeoutException > ConnectException: HTTP connect timed out,none
www.vza.gov.lv,ConnectException > ClosedChannelException,none
www.vzd.gov.lv,301,none
www.vzp.gov.lv,HttpConnectTimeoutException > ConnectException: HTTP connect timed out,none
www.wiki.vugd.gov.lv,HttpConnectTimeoutException > ConnectException: HTTP connect timed out,none
www.www2.vid.gov.lv,ConnectException > UnresolvedAddressException,none
www.zca.gov.lv,ConnectException > UnresolvedAddressException,none
www.zcva.gov.lv,ConnectException > UnresolvedAddressException,none
www.zemesgramata.gov.lv,HttpConnectTimeoutException > ConnectException: HTTP connect timed out,none
www.zkurzeme.vzd.gov.lv,ConnectException > UnresolvedAddressException,none
www.zm.gov.lv,HttpConnectTimeoutException > ConnectException: HTTP connect timed out,none
www.zpr.gov.lv,301,none
www.zva.gov.lv,HttpConnectTimeoutException > ConnectException: HTTP connect timed out,none
www1.iub.gov.lv,HttpConnectTimeoutException > ConnectException: HTTP connect timed out,none
www1.lem.gov.lv,ConnectException > UnresolvedAddressException,none
www1.ma.gov.lv,ConnectException > UnresolvedAddressException,none
www2.ic.iem.gov.lv,HttpConnectTimeoutException > ConnectException: HTTP connect timed out,none
www2.ldc.gov.lv,ConnectException > UnresolvedAddressException,none
www2.mfa.gov.lv,301,none
www2.sb.gov.lv,HttpConnectTimeoutException > ConnectException: HTTP connect timed out,none
www2.ta.gov.lv,SSLHandshakeException > ValidatorException > SunCertPathBuilderException: unable to find valid certification path to requested target,none
www2.vid.gov.lv,ConnectException > UnresolvedAddressException,none
www2.vza.gov.lv,HttpConnectTimeoutException > ConnectException: HTTP connect timed out,none
www2.zva.gov.lv,ConnectException > UnresolvedAddressException,none
www3.lem.gov.lv,HttpConnectTimeoutException > ConnectException: HTTP connect timed out,none
www3.vid.gov.lv,HttpConnectTimeoutException > ConnectException: HTTP connect timed out,none
www4.lem.gov.lv,ConnectException > UnresolvedAddressException,none
www4.vid.gov.lv,HttpConnectTimeoutException > ConnectException: HTTP connect timed out,none
www6.vid.gov.lv,HttpConnectTimeoutException > ConnectException: HTTP connect timed out,none
www7.vid.gov.lv,HttpConnectTimeoutException > ConnectException: HTTP connect timed out,none
zaale.vza.gov.lv,ConnectException > UnresolvedAddressException,none
zabbix-ext.ic.iem.gov.lv,HttpConnectTimeoutException > ConnectException: HTTP connect timed out,none
zalenieki.zm.gov.lv,ConnectException > UnresolvedAddressException,none
zales.antidopings.gov.lv,200,none
zales.vza.gov.lv,ConnectException > UnresolvedAddressException,none
zca.gov.lv,ConnectException > UnresolvedAddressException,none
zcva.gov.lv,ConnectException > UnresolvedAddressException,none
zepcam-server.bvkb.gov.lv,HttpConnectTimeoutException > ConnectException: HTTP connect timed out,none
ziile.daba.gov.lv,HttpConnectTimeoutException > ConnectException: HTTP connect timed out,none
zilupe.zm.gov.lv,ConnectException > UnresolvedAddressException,none
zinasnofpris.pmlp.gov.lv,200,none
zino.knab.gov.lv,200,none
zinojumi.fid.gov.lv,HttpConnectTimeoutException > ConnectException: HTTP connect timed out,none
zinojumi.kd.gov.lv,ConnectException > UnresolvedAddressException,none
zm.gov.lv,HttpConnectTimeoutException > ConnectException: HTTP connect timed out,none
zm.tvp.gov.lv,403,none
zmejs.vita.gov.lv,HttpConnectTimeoutException > ConnectException: HTTP connect timed out,none
zn2018.viaa.gov.lv,ConnectException > UnresolvedAddressException,none
zoss.vmd.gov.lv,ConnectException > UnresolvedAddressException,none
zpiacik.varam.gov.lv,200,none
zpr.gov.lv,HttpConnectTimeoutException > ConnectException: HTTP connect timed out,none
zva.gov.lv,HttpConnectTimeoutException > ConnectException: HTTP connect timed out,none
