subdomain,http_status
48ertandler-qm.wien.gv.at,Could not resolve host: 48ertandler-qm.wien.gv.at
48ertandler.wien.gv.at,200
aba.gv.at,200
abfall.gda.gv.at,200
abfuhrtermine.gda.gv.at,200
access.ada.gv.at,Connection timed out after 3001 milliseconds
access.bmvit.gv.at,Connection timed out after 3001 milliseconds
access.opfb.bmvit.gv.at,Connection timed out after 3000 milliseconds
accounts.citrix.wien.gv.at,Could not resolve host: accounts.citrix.wien.gv.at
accounts.wien.gv.at,Could not resolve host: accounts.wien.gv.at
accreditor-test.bka.gv.at,Connection timed out after 3002 milliseconds
accreditor.bka.gv.at,200
achau.gv.at,301
ada.gv.at,Resolving timed out after 3000 milliseconds
admin.fma.gv.at,Could not resolve host: admin.fma.gv.at
adportal.bmf.gv.at,Could not resolve host: adportal.bmf.gv.at
adressen.eggenburg.gv.at,SSL: no alternative certificate subject name matches target hostname 'adressen.eggenburg.gv.at'
advfem.nsgslb.wien.gv.at,Could not resolve host: advfem.nsgslb.wien.gv.at
aflenz.gv.at,301
ag.bmf.bca.gv.at,Connection timed out after 3002 milliseconds
ag1.bmf.bca.gv.at,Could not resolve host: ag1.bmf.bca.gv.at
ahdb.ehealth.gv.at,"OpenSSL SSL_read: OpenSSL/3.5.3: error:0A000119:SSL routines::decryption failed or bad record mac, errno 0"
ainet.gv.at,302
ainet.tirol.gv.at,Could not resolve host: ainet.tirol.gv.at
aklcsg01.ktn.gv.at,Could not resolve host: aklcsg01.ktn.gv.at
aklwi01.ktn.gv.at,Could not resolve host: aklwi01.ktn.gv.at
akpflegevorsorge.bmask.gv.at,Connection timed out after 3001 milliseconds
allhartsberg.gv.at,200
alt.intern.magwien.gv.at,Could not resolve host: alt.intern.magwien.gv.at
alt.neunkirchen.gv.at,Connection timed out after 3002 milliseconds
altheim.ooe.gv.at,Could not resolve host: altheim.ooe.gv.at
ams.brz.gv.at,302
amtsdolmetsch.jba.gv.at,Connection timed out after 3001 milliseconds
amtssignatur.brz.gv.at,301
amtssignatur.tirol.gv.at,302
amtsweg.gv.at,302
andorf.ooe.gv.at,Could not resolve host: andorf.ooe.gv.at
anmelden.bmlfuw.gv.at,Could not resolve host: anmelden.bmlfuw.gv.at
antrag.bev.gv.at,200
anwportal-t.ooe.gv.at,Could not resolve host: anwportal-t.ooe.gv.at
anwportal.ooe.gv.at,Could not resolve host: anwportal.ooe.gv.at
ap.bmf.gv.at,200
ap2.bmf.gv.at,400
apf.gv.at,301
app.fma.gv.at,Connection timed out after 3002 milliseconds
app.portal.ooe.gv.at,Could not resolve host: app.portal.ooe.gv.at
appointment.bmeia.gv.at,302
apps.egiz.gv.at,302
apps.tirol.gv.at,Could not resolve host: apps.tirol.gv.at
ardagger.gv.at,301
arnfels.gv.at,301
arzl-pitztal.tirol.gv.at,Could not resolve host: arzl-pitztal.tirol.gv.at
as.apab.gv.at,SSL: no alternative certificate subject name matches target hostname 'as.apab.gv.at'
as.bmwf.gv.at,Could not resolve host: as.bmwf.gv.at
as.frauenministerium.gv.at,Could not resolve host: as.frauenministerium.gv.at
as.stmk.gv.at,SSL certificate problem: unable to get local issuer certificate
aschach-donau.ooe.gv.at,Could not resolve host: aschach-donau.ooe.gv.at
aschbach-markt.gv.at,200
assets.pyhra.gv.at,SSL certificate problem: unable to get local issuer certificate
assistenzstelle.inspire.gv.at,Could not resolve host: assistenzstelle.inspire.gv.at
atamobil.ehealth.gv.at,Could not resolve host: atamobil.ehealth.gv.at
ats.bmbf.gv.at,Could not resolve host: ats.bmbf.gv.at
ats.bmukk.gv.at,Connection timed out after 3001 milliseconds
attnang7.attnang-puchheim.ooe.gv.at,Could not resolve host: attnang7.attnang-puchheim.ooe.gv.at
aufatmen.wien.gv.at,Could not resolve host: aufatmen.wien.gv.at
aufsichtskonferenz.fma.gv.at,Could not resolve host: aufsichtskonferenz.fma.gv.at
ausschreibungen.tirol.gv.at,302
ausservillgraten.gv.at,200
ausservillgraten.tirol.gv.at,Could not resolve host: ausservillgraten.tirol.gv.at
auth.stmk.gv.at,Connection timed out after 3002 milliseconds
auth.zmr.register.gv.at,Could not resolve host: auth.zmr.register.gv.at
authc.stmk.gv.at,Could not resolve host: authc.stmk.gv.at
autoconfig.thal.gv.at,Could not resolve host: autoconfig.thal.gv.at
autodiscover-dev.bmvit.gv.at,Could not resolve host: autodiscover-dev.bmvit.gv.at
autodiscover.altheim.ooe.gv.at,Failed to connect to autodiscover.altheim.ooe.gv.at port 443 after 136 ms: Could not connect to server
autodiscover.ampflwang.ooe.gv.at,Failed to connect to autodiscover.ampflwang.ooe.gv.at port 443 after 123 ms: Could not connect to server
autodiscover.andorf.ooe.gv.at,Failed to connect to autodiscover.andorf.ooe.gv.at port 443 after 127 ms: Could not connect to server
autodiscover.apf.gv.at,302
autodiscover.aschach-donau.ooe.gv.at,Failed to connect to autodiscover.aschach-donau.ooe.gv.at port 443 after 133 ms: Could not connect to server
autodiscover.asten.ooe.gv.at,Failed to connect to autodiscover.asten.ooe.gv.at port 443 after 166 ms: Could not connect to server
autodiscover.attnang-puchheim.ooe.gv.at,Could not resolve host: autodiscover.attnang-puchheim.ooe.gv.at
autodiscover.bad-goisern.ooe.gv.at,Failed to connect to autodiscover.bad-goisern.ooe.gv.at port 443 after 132 ms: Could not connect to server
autodiscover.bad-leonfelden.ooe.gv.at,Failed to connect to autodiscover.bad-leonfelden.ooe.gv.at port 443 after 96 ms: Could not connect to server
autodiscover.bak.gv.at,Failed to connect to autodiscover.bak.gv.at port 443 after 131 ms: Could not connect to server
autodiscover.bmi.gv.at,Failed to connect to autodiscover.bmi.gv.at port 443 after 123 ms: Could not connect to server
autodiscover.bmvit.gv.at,Could not resolve host: autodiscover.bmvit.gv.at
autodiscover.bmwf.gv.at,Connection timed out after 3002 milliseconds
autodiscover.braunau.ooe.gv.at,Failed to connect to autodiscover.braunau.ooe.gv.at port 443 after 218 ms: Could not connect to server
autodiscover.brz.gv.at,Could not resolve host: autodiscover.brz.gv.at
autodiscover.dimbach.ooe.gv.at,302
autodiscover.ebensee.ooe.gv.at,302
autodiscover.erb.gv.at,Could not resolve host: autodiscover.erb.gv.at
autodiscover.extern.brz.gv.at,Connection timed out after 3002 milliseconds
autodiscover.formularservice.gv.at,Could not resolve host: autodiscover.formularservice.gv.at
autodiscover.freistadt.ooe.gv.at,Failed to connect to autodiscover.freistadt.ooe.gv.at port 443 after 176 ms: Could not connect to server
autodiscover.gallspach.ooe.gv.at,Failed to connect to autodiscover.gallspach.ooe.gv.at port 443 after 139 ms: Could not connect to server
autodiscover.garsten.ooe.gv.at,Failed to connect to autodiscover.garsten.ooe.gv.at port 443 after 142 ms: Could not connect to server
autodiscover.gesundheit.gv.at,Could not resolve host: autodiscover.gesundheit.gv.at
autodiscover.gnas.gv.at,Failed to connect to autodiscover.gnas.gv.at port 443 after 156 ms: Could not connect to server
autodiscover.gunskirchen.ooe.gv.at,Failed to connect to autodiscover.gunskirchen.ooe.gv.at port 443 after 142 ms: Could not connect to server
autodiscover.help.gv.at,Could not resolve host: autodiscover.help.gv.at
autodiscover.hinterstoder.ooe.gv.at,Failed to connect to autodiscover.hinterstoder.ooe.gv.at port 443 after 121 ms: Could not connect to server
autodiscover.hinzenbach.ooe.gv.at,Failed to connect to autodiscover.hinzenbach.ooe.gv.at port 443 after 1180 ms: Could not connect to server
autodiscover.hirschbach.ooe.gv.at,Failed to connect to autodiscover.hirschbach.ooe.gv.at port 443 after 97 ms: Could not connect to server
autodiscover.hofkirchen-traunkreis.ooe.gv.at,Failed to connect to autodiscover.hofkirchen-traunkreis.ooe.gv.at port 443 after 64 ms: Could not connect to server
autodiscover.jobboerse.gv.at,Could not resolve host: autodiscover.jobboerse.gv.at
autodiscover.kirchberg-wagram.gv.at,Failed to connect to autodiscover.kirchberg-wagram.gv.at port 443 after 1602 ms: Could not connect to server
autodiscover.kirchdorf-krems.ooe.gv.at,Failed to connect to autodiscover.kirchdorf-krems.ooe.gv.at port 443 after 106 ms: Could not connect to server
autodiscover.korneuburg.gv.at,Could not resolve host: autodiscover.korneuburg.gv.at
autodiscover.krems.gv.at,Could not resolve host: autodiscover.krems.gv.at
autodiscover.ktn.gv.at,Could not resolve host: autodiscover.ktn.gv.at
autodiscover.laakirchen.ooe.gv.at,Failed to connect to autodiscover.laakirchen.ooe.gv.at port 443 after 78 ms: Could not connect to server
autodiscover.lenzing.ooe.gv.at,Failed to connect to autodiscover.lenzing.ooe.gv.at port 443 after 88 ms: Could not connect to server
autodiscover.lsr-noe.gv.at,Could not resolve host: autodiscover.lsr-noe.gv.at
autodiscover.lsr-stmk.gv.at,Could not resolve host: autodiscover.lsr-stmk.gv.at
autodiscover.luftenberg.ooe.gv.at,Failed to connect to autodiscover.luftenberg.ooe.gv.at port 443 after 131 ms: Could not connect to server
autodiscover.marchtrenk.gv.at,Failed to connect to autodiscover.marchtrenk.gv.at port 443 after 1572 ms: Could not connect to server
autodiscover.micheldorf.ooe.gv.at,Connection timed out after 3002 milliseconds
autodiscover.muenzbach.ooe.gv.at,Failed to connect to autodiscover.muenzbach.ooe.gv.at port 443 after 55 ms: Could not connect to server
autodiscover.neukirchen-voeckla.ooe.gv.at,Failed to connect to autodiscover.neukirchen-voeckla.ooe.gv.at port 443 after 66 ms: Could not connect to server
autodiscover.neunkirchen.gv.at,Failed to connect to autodiscover.neunkirchen.gv.at port 443 after 123 ms: Could not connect to server
autodiscover.oberneukirchen.ooe.gv.at,Failed to connect to autodiscover.oberneukirchen.ooe.gv.at port 443 after 111 ms: Could not connect to server
autodiscover.oeffentlicherdienst.gv.at,Could not resolve host: autodiscover.oeffentlicherdienst.gv.at
autodiscover.ofb.bmvit.gv.at,Could not resolve host: autodiscover.ofb.bmvit.gv.at
autodiscover.oftering.ooe.gv.at,Failed to connect to autodiscover.oftering.ooe.gv.at port 443 after 152 ms: Could not connect to server
autodiscover.onlinesicherheit.gv.at,Could not resolve host: autodiscover.onlinesicherheit.gv.at
autodiscover.ooe.gv.at,Could not resolve host: autodiscover.ooe.gv.at
autodiscover.perg.ooe.gv.at,Failed to connect to autodiscover.perg.ooe.gv.at port 443 after 217 ms: Could not connect to server
autodiscover.piberbach.ooe.gv.at,Failed to connect to autodiscover.piberbach.ooe.gv.at port 443 after 65 ms: Could not connect to server
autodiscover.pinsdorf.ooe.gv.at,Failed to connect to autodiscover.pinsdorf.ooe.gv.at port 443 after 94 ms: Could not connect to server
autodiscover.polizei.gv.at,Could not resolve host: autodiscover.polizei.gv.at
autodiscover.pregarten.ooe.gv.at,Could not resolve host: autodiscover.pregarten.ooe.gv.at
autodiscover.regau.ooe.gv.at,Failed to connect to autodiscover.regau.ooe.gv.at port 443 after 108 ms: Could not connect to server
autodiscover.ried-traunkreis.ooe.gv.at,Failed to connect to autodiscover.ried-traunkreis.ooe.gv.at port 443 after 92 ms: Could not connect to server
autodiscover.ried.gv.at,Failed to connect to autodiscover.ried.gv.at port 443 after 144 ms: Could not connect to server
autodiscover.rohr.ooe.gv.at,Failed to connect to autodiscover.rohr.ooe.gv.at port 443 after 72 ms: Could not connect to server
autodiscover.scg.gv.at,302
autodiscover.schienencontrol.gv.at,302
autodiscover.schwertberg.ooe.gv.at,Could not resolve host: autodiscover.schwertberg.ooe.gv.at
autodiscover.seiersberg-pirka.gv.at,Connection timed out after 3001 milliseconds
autodiscover.sierning.ooe.gv.at,Failed to connect to autodiscover.sierning.ooe.gv.at port 443 after 133 ms: Could not connect to server
autodiscover.sport.gv.at,Could not resolve host: autodiscover.sport.gv.at
autodiscover.st-aegidi.ooe.gv.at,Failed to connect to autodiscover.st-aegidi.ooe.gv.at port 443 after 89 ms: Could not connect to server
autodiscover.st-florian.ooe.gv.at,Failed to connect to autodiscover.st-florian.ooe.gv.at port 443 after 138 ms: Could not connect to server
autodiscover.st-gotthard.ooe.gv.at,Failed to connect to autodiscover.st-gotthard.ooe.gv.at port 443 after 139 ms: Could not connect to server
autodiscover.st-johann-wimberg.ooe.gv.at,Failed to connect to autodiscover.st-johann-wimberg.ooe.gv.at port 443 after 120 ms: Could not connect to server
autodiscover.st-lorenz.ooe.gv.at,Failed to connect to autodiscover.st-lorenz.ooe.gv.at port 443 after 86 ms: Could not connect to server
autodiscover.st-marien.ooe.gv.at,Failed to connect to autodiscover.st-marien.ooe.gv.at port 443 after 92 ms: Could not connect to server
autodiscover.st-peter-wimberg.ooe.gv.at,Failed to connect to autodiscover.st-peter-wimberg.ooe.gv.at port 443 after 81 ms: Could not connect to server
autodiscover.st-poelten.gv.at,Connection timed out after 3002 milliseconds
autodiscover.st-wolfgang.ooe.gv.at,Connection timed out after 3002 milliseconds
autodiscover.stbh.gv.at,302
autodiscover.taufkirchen-trattnach.ooe.gv.at,Failed to connect to autodiscover.taufkirchen-trattnach.ooe.gv.at port 443 after 166 ms: Could not connect to server
autodiscover.thal.gv.at,Failed to connect to autodiscover.thal.gv.at port 443 after 179 ms: Could not connect to server
autodiscover.tirol.gv.at,Could not resolve host: autodiscover.tirol.gv.at
autodiscover.traiskirchen.gv.at,302
autodiscover.usp.gv.at,Could not resolve host: autodiscover.usp.gv.at
autodiscover.vfgh.gv.at,Failed to connect to autodiscover.vfgh.gv.at port 443 after 774 ms: Could not connect to server
autodiscover.vorchdorf.ooe.gv.at,Failed to connect to autodiscover.vorchdorf.ooe.gv.at port 443 after 124 ms: Could not connect to server
autodiscover.vst.gv.at,302
autodiscover.weyer.ooe.gv.at,Failed to connect to autodiscover.weyer.ooe.gv.at port 443 after 102 ms: Could not connect to server
autodiscover.zell-pettenfirst.ooe.gv.at,Failed to connect to autodiscover.zell-pettenfirst.ooe.gv.at port 443 after 50 ms: Could not connect to server
av.fma.gv.at,Could not resolve host: av.fma.gv.at
av.ktn.gv.at,Could not resolve host: av.ktn.gv.at
avs.gemeindebund.gv.at,200
awi.bev.gv.at,"OpenSSL SSL_read: OpenSSL/3.5.3: error:0A00045C:SSL routines::tlsv13 alert certificate required, errno 0"
awi.bmnt.gv.at,Could not resolve host: awi.bmnt.gv.at
awp-qs.justiz.gv.at,Could not resolve host: awp-qs.justiz.gv.at
awp-test.justiz.gv.at,Could not resolve host: awp-test.justiz.gv.at
awp-test.noe.gv.at,"OpenSSL SSL_read: OpenSSL/3.5.3: error:0A00045C:SSL routines::tlsv13 alert certificate required, errno 0"
awp-test.noel.gv.at,302
awp.bbg.gv.at,403
awp.entw.portal.bka.gv.at,Could not resolve host: awp.entw.portal.bka.gv.at
awp.justiz.gv.at,Could not resolve host: awp.justiz.gv.at
awp.noe.gv.at,"OpenSSL SSL_read: OpenSSL/3.5.3: error:0A00045C:SSL routines::tlsv13 alert certificate required, errno 0"
awp.noel.gv.at,Could not resolve host: awp.noel.gv.at
awp.portal.bka.gv.at,Could not resolve host: awp.portal.bka.gv.at
awp.test.portal.bka.gv.at,403
awp.webportal.justiz.gv.at,Failed to connect to awp.webportal.justiz.gv.at port 443 after 45 ms: Could not connect to server
awp2.bbg.gv.at,403
awptest.noe.gv.at,"OpenSSL SSL_read: OpenSSL/3.5.3: error:0A00045C:SSL routines::tlsv13 alert certificate required, errno 0"
awptest.noel.gv.at,302
bach.tirol.gv.at,Could not resolve host: bach.tirol.gv.at
bad-goisern.ooe.gv.at,Could not resolve host: bad-goisern.ooe.gv.at
bad-leonfelden.ooe.gv.at,301
bad-waltersdorf.gv.at,301
badgams.gv.at,Resolving timed out after 3000 milliseconds
baes.gv.at,200
basg.gv.at,301
baustellenkontrolle-qm.wien.gv.at,Could not resolve host: baustellenkontrolle-qm.wien.gv.at
baustellenkontrolle.wien.gv.at,Could not resolve host: baustellenkontrolle.wien.gv.at
bbr.innsbruck.gv.at,503
bc.bmwf.gv.at,Could not resolve host: bc.bmwf.gv.at
bcms-stats.bmbf.gv.at,Could not resolve host: bcms-stats.bmbf.gv.at
bda.gv.at,301
behamberg.gv.at,200
bergis.bmwa.gv.at,Could not resolve host: bergis.bmwa.gv.at
bev.gv.at,301
bewerbung1.noe.gv.at,SSL certificate problem: self-signed certificate
bewerbung1.noel.gv.at,SSL certificate problem: self-signed certificate
bewerbung2.noe.gv.at,SSL certificate problem: self-signed certificate
bewerbung2.noel.gv.at,SSL certificate problem: unable to get local issuer certificate
bewerbung3.noe.gv.at,Could not resolve host: bewerbung3.noe.gv.at
bewerbung3.noel.gv.at,Could not resolve host: bewerbung3.noel.gv.at
bewerbung4.noe.gv.at,Could not resolve host: bewerbung4.noe.gv.at
bewerbung4.noel.gv.at,Could not resolve host: bewerbung4.noel.gv.at
bewerbungen.noel.gv.at,SSL certificate problem: unable to get local issuer certificate
beyond-europe.era.gv.at,Could not resolve host: beyond-europe.era.gv.at
bfg.gv.at,301
bfw.gv.at,301
bfwmail.bfw.gv.at,SSL certificate problem: unable to get local issuer certificate
bg-portal-test.noe.gv.at,404
bg-portal-test.noel.gv.at,302
bg-portal.noe.gv.at,Could not resolve host: bg-portal.noe.gv.at
bg-portal.noel.gv.at,302
bg-stp-test.noe.gv.at,Could not resolve host: bg-stp-test.noe.gv.at
bg-stp-test.noel.gv.at,302
bgem-e1.bgld.gv.at,200
bgem-e2.bgld.gv.at,Could not resolve host: bgem-e2.bgld.gv.at
bgem-mobil.bgld.gv.at,302
bgld.gv.at,302
biberbach.gv.at,200
bibis.bmlv.gv.at,302
bibis.bmlvs.gv.at,302
bibliothekskatalog.noe.gv.at,SSL certificate problem: unable to get local issuer certificate
bibliothekskatalog.noel.gv.at,SSL certificate problem: unable to get local issuer certificate
bichlbach.tirol.gv.at,Could not resolve host: bichlbach.tirol.gv.at
bka.gv.at,301
bksuche-app.brz.gv.at,Could not resolve host: bksuche-app.brz.gv.at
bksuche-service.brz.gv.at,Could not resolve host: bksuche-service.brz.gv.at
bksuche.brz.gv.at,Connection timed out after 3002 milliseconds
bku.vorarlberg.gv.at,Could not resolve host: bku.vorarlberg.gv.at
blackout.ooe.gv.at,Connection timed out after 3002 milliseconds
blancco.ooe.gv.at,Could not resolve host: blancco.ooe.gv.at
blindenmarkt.gv.at,200
bluecoat-mgmt.ooe.gv.at,Could not resolve host: bluecoat-mgmt.ooe.gv.at
bluecoat1-mgmt.ooe.gv.at,Could not resolve host: bluecoat1-mgmt.ooe.gv.at
bluecoat2-mgmt.ooe.gv.at,Could not resolve host: bluecoat2-mgmt.ooe.gv.at
bmask.gv.at,SSL: no alternative certificate subject name matches target hostname 'bmask.gv.at'
bmb.gv.at,301
bmbf.gv.at,Could not resolve host: bmbf.gv.at
bmeia.gv.at,Could not resolve host: bmeia.gv.at
bmf.gv.at,301
bmf.pawa.bmwfj.gv.at,Could not resolve host: bmf.pawa.bmwfj.gv.at
bmf.pawa.bmwfw.gv.at,Could not resolve host: bmf.pawa.bmwfw.gv.at
bmfj.gv.at,301
bmg.gv.at,302
bmgf.gv.at,302
bmiae.bmi.gv.at,Could not resolve host: bmiae.bmi.gv.at
bmiave.bmi.gv.at,Connection timed out after 3002 milliseconds
bmiwac.bmi.gv.at,Could not resolve host: bmiwac.bmi.gv.at
bmiwce.bmi.gv.at,Could not resolve host: bmiwce.bmi.gv.at
bmlfuw.gv.at,TLS connect error: error:0A000410:SSL routines::ssl/tls alert handshake failure
bmlv.gv.at,Could not resolve host: bmlv.gv.at
bmlvs.gv.at,Could not resolve host: bmlvs.gv.at
bmobv.bmwa.gv.at,Could not resolve host: bmobv.bmwa.gv.at
bmsgexbh-gb00.bmask.gv.at,Connection timed out after 3000 milliseconds
bmsgexbh-gb00.bmsk.gv.at,Could not resolve host: bmsgexbh-gb00.bmsk.gv.at
bmsgexbh-gb02.bmask.gv.at,Connection timed out after 3002 milliseconds
bmsgexbh-gb02.bmsk.gv.at,Resolving timed out after 3000 milliseconds
bmsgexbh-gp00.bmask.gv.at,Connection timed out after 3003 milliseconds
bmsgexbh-gp00.bmsk.gv.at,Connection timed out after 3000 milliseconds
bmsgexbh-gp02.bmask.gv.at,Connection timed out after 3002 milliseconds
bmsgexbh-gp02.bmsk.gv.at,Could not resolve host: bmsgexbh-gp02.bmsk.gv.at
bmvit.gv.at,Could not resolve host: bmvit.gv.at
bmwf.gv.at,Connection timed out after 3001 milliseconds
bmwfj.gv.at,Could not resolve host: bmwfj.gv.at
bmwfw.gv.at,Connection timed out after 3002 milliseconds
bom.bgld.gv.at,Could not resolve host: bom.bgld.gv.at
box1.bbg.gv.at,Connection timed out after 3000 milliseconds
box2.bbg.gv.at,Connection timed out after 3001 milliseconds
bparchiv.bmf.gv.at,Could not resolve host: bparchiv.bmf.gv.at
bpk.bmbf.gv.at,Could not resolve host: bpk.bmbf.gv.at
bpk.bmukk.gv.at,Could not resolve host: bpk.bmukk.gv.at
bportal.zmr.register.gv.at,301
bregenz.gv.at,301
breitenau.gv.at,Could not resolve host: breitenau.gv.at
broschuerenservice.bmask.gv.at,Could not resolve host: broschuerenservice.bmask.gv.at
broschuerenservice.bmsk.gv.at,Could not resolve host: broschuerenservice.bmsk.gv.at
brz.amtsdolmetsch.jba.gv.at,SSL: no alternative certificate subject name matches target hostname 'brz.amtsdolmetsch.jba.gv.at'
brz.gv.at,301
buchhaltungsagentur.gv.at,301
buechereien.wien.gv.at,403
buerger.portal-e.ooe.gv.at,Could not resolve host: buerger.portal-e.ooe.gv.at
bund.jobboerse.gv.at,307
bundeskanzleramt.gv.at,301
bundqs.jobboerse.gv.at,Connection timed out after 3001 milliseconds
bvwg.gv.at,301
bwidb.bmwfj.gv.at,Could not resolve host: bwidb.bmwfj.gv.at
bwidb.bmwfw.gv.at,Could not resolve host: bwidb.bmwfw.gv.at
callcenter.ooe.gv.at,200
capricorn2013.extra.bmlv.gv.at,Could not resolve host: capricorn2013.extra.bmlv.gv.at
cargo.bmeia.gv.at,Could not resolve host: cargo.bmeia.gv.at
cda-tools.elga.gv.at,Could not resolve host: cda-tools.elga.gv.at
charta.magwien.gv.at,Could not resolve host: charta.magwien.gv.at
charta.wien.gv.at,Could not resolve host: charta.wien.gv.at
chatnode1.xmpp.ooe.gv.at,Could not resolve host: chatnode1.xmpp.ooe.gv.at
chatnode2.xmpp.ooe.gv.at,Could not resolve host: chatnode2.xmpp.ooe.gv.at
cisa.wien.gv.at,302
citrix-ag.stmk.gv.at,302
citrix-ag2.stmk.gv.at,Could not resolve host: citrix-ag2.stmk.gv.at
citrix-sgw.stmk.gv.at,Could not resolve host: citrix-sgw.stmk.gv.at
citrix-sgw1.stmk.gv.at,Could not resolve host: citrix-sgw1.stmk.gv.at
citrix-wi.bmwfw.gv.at,Could not resolve host: citrix-wi.bmwfw.gv.at
citrix.bgld.gv.at,Could not resolve host: citrix.bgld.gv.at
citrix.bmwf.gv.at,Could not resolve host: citrix.bmwf.gv.at
citrix.bmwfj.gv.at,Could not resolve host: citrix.bmwfj.gv.at
citrix.lsr-stmk.gv.at,Could not resolve host: citrix.lsr-stmk.gv.at
citrix.ooe.gv.at,Could not resolve host: citrix.ooe.gv.at
citrix.wien.gv.at,302
citrixcb.wien.gv.at,Could not resolve host: citrixcb.wien.gv.at
city-map.innsbruck.gv.at,301
clo.bmf.gv.at,SSL: no alternative certificate subject name matches target hostname 'clo.bmf.gv.at'
cloud.bka.gv.at,302
cloud.laab-walde.gv.at,Could not resolve host: cloud.laab-walde.gv.at
cloud.wien.gv.at,301
club.wien.gv.at,301
cms-devicepreview.ooe.gv.at,Could not resolve host: cms-devicepreview.ooe.gv.at
cms-devicepreviw.ooe.gv.at,Could not resolve host: cms-devicepreviw.ooe.gv.at
cms-red.ooe.gv.at,Could not resolve host: cms-red.ooe.gv.at
cms.bka.gv.at,Could not resolve host: cms.bka.gv.at
cms.bmeia.gv.at,200
cms.bmlv.gv.at,404
cms.bmlvs.gv.at,404
cnc.gv.at,Could not resolve host: cnc.gv.at
cognos.bmbf.gv.at,Connection timed out after 3001 milliseconds
collab-edge.ooe.gv.at,Could not resolve host: collab-edge.ooe.gv.at
collab-edge.voip.ooe.gv.at,Could not resolve host: collab-edge.voip.ooe.gv.at
community.era.gv.at,200
conf-zoll.bmf.gv.at,Could not resolve host: conf-zoll.bmf.gv.at
conf01.ivt-pilot.justiz.gv.at,Could not resolve host: conf01.ivt-pilot.justiz.gv.at
connect.brz.gv.at,SSL certificate problem: certificate has expired
consultation.era.gv.at,Could not resolve host: consultation.era.gv.at
courts.justiz.gv.at,403
crisam.ooe.gv.at,Could not resolve host: crisam.ooe.gv.at
crossborder-healthcare.gv.at,302
csg.ooe.gv.at,Could not resolve host: csg.ooe.gv.at
cti.ooe.gv.at,Could not resolve host: cti.ooe.gv.at
cti.voip.ooe.gv.at,Could not resolve host: cti.voip.ooe.gv.at
ctxag.fma.gv.at,Could not resolve host: ctxag.fma.gv.at
ctxgw.bev.gv.at,302
ctxgwt.bev.gv.at,Could not resolve host: ctxgwt.bev.gv.at
ctxhtml5test.stmk.gv.at,Could not resolve host: ctxhtml5test.stmk.gv.at
ctxipg.fma.gv.at,Could not resolve host: ctxipg.fma.gv.at
ctxmxm-test.stmk.gv.at,Could not resolve host: ctxmxm-test.stmk.gv.at
ctxmxm.stmk.gv.at,Could not resolve host: ctxmxm.stmk.gv.at
ctxra.fma.gv.at,Could not resolve host: ctxra.fma.gv.at
ctxshare.stmk.gv.at,Could not resolve host: ctxshare.stmk.gv.at
cube.bmbf.gv.at,Could not resolve host: cube.bmbf.gv.at
cube.bmukk.gv.at,Could not resolve host: cube.bmukk.gv.at
cuprime.ooe.gv.at,Could not resolve host: cuprime.ooe.gv.at
cwa.bmi.gv.at,Could not resolve host: cwa.bmi.gv.at
cwi.telfs.gv.at,Could not resolve host: cwi.telfs.gv.at
d-archiv.provenienzforschung.gv.at,401
d228.bka.gv.at,Could not resolve host: d228.bka.gv.at
d229.bka.gv.at,Connection timed out after 3002 milliseconds
d229.vie.bka.gv.at,Connection timed out after 3002 milliseconds
d50.vie.bka.gv.at,Could not resolve host: d50.vie.bka.gv.at
da.ooe.gv.at,Connection timed out after 3002 milliseconds
data.bka.gv.at,301
data.gv.at,301
data.innsbruck.gv.at,302
data.ooe.gv.at,302
data.tirol.gv.at,302
data.wien.gv.at,302
datasync.brz.gv.at,SSL: no alternative certificate subject name matches target hostname 'datasync.brz.gv.at'
datasync.volksanw.gv.at,Could not resolve host: datasync.volksanw.gv.at
datatransfer.ehealth.gv.at,403
dateien.thal.gv.at,Could not resolve host: dateien.thal.gv.at
daten.thal.gv.at,Could not resolve host: daten.thal.gv.at
datenschutz.gv.at,TLS connect error: error:0A000410:SSL routines::ssl/tls alert handshake failure
demo.egiz.gv.at,Connection timed out after 3002 milliseconds
des.justiz.gv.at,200
desktop.bmukk.gv.at,Could not resolve host: desktop.bmukk.gv.at
desktop.bmwf.gv.at,Could not resolve host: desktop.bmwf.gv.at
deutschlandsberg.gv.at,503
dev.ardagger.gv.at,200
dev.behamberg.gv.at,200
dev.ernsthofen.gv.at,200
dev.kematen-ybbs.gv.at,200
dev.oed-oehling.gv.at,200
dev.seitenstetten.gv.at,Could not resolve host: dev.seitenstetten.gv.at
dev.strengberg.gv.at,Could not resolve host: dev.strengberg.gv.at
dev.viehdorf.gv.at,SSL certificate problem: certificate has expired
dev.weistrach.gv.at,200
dev.zeillern.gv.at,200
diage.bmgf.gv.at,Failed to connect to diage.bmgf.gv.at port 443 after 97 ms: Could not connect to server
dialin.bmeia.gv.at,Could not resolve host: dialin.bmeia.gv.at
dialin.bmi.gv.at,Could not resolve host: dialin.bmi.gv.at
dialin.bmvit.gv.at,Connection timed out after 3002 milliseconds
dialin.fma.gv.at,Could not resolve host: dialin.fma.gv.at
dialin.ktn.gv.at,Could not resolve host: dialin.ktn.gv.at
dialin.lsr-stmk.gv.at,Could not resolve host: dialin.lsr-stmk.gv.at
dialin.opfb.bmvit.gv.at,Connection timed out after 3002 milliseconds
dialin.stmk.gv.at,200
dietach.ooe.gv.at,Could not resolve host: dietach.ooe.gv.at
digitaleagenda-sectest.wien.gv.at,Could not resolve host: digitaleagenda-sectest.wien.gv.at
digitales.oesterreich.gv.at,301
digitalroadmap.edi.gv.at,Could not resolve host: digitalroadmap.edi.gv.at
digitalroadmap.gv.at,301
diglaviepweb01.intern.archiv.gv.at,Could not resolve host: diglaviepweb01.intern.archiv.gv.at
diglavietweb01.intern.archiv.gv.at,Could not resolve host: diglavietweb01.intern.archiv.gv.at
directa.wien.gv.at,TLS connect error: error:0A000458:SSL routines::tlsv1 unrecognized name
diresy-test.bka.gv.at,Could not resolve host: diresy-test.bka.gv.at
diresy.bka.gv.at,Could not resolve host: diresy.bka.gv.at
disco.test.portalverbund.gv.at,Could not resolve host: disco.test.portalverbund.gv.at
display.traiskirchen.gv.at,302
distanz.noel.gv.at,SSL certificate problem: unable to get local issuer certificate
dlr.bmwfj.gv.at,Could not resolve host: dlr.bmwfj.gv.at
dlr.bmwfw.gv.at,Could not resolve host: dlr.bmwfw.gv.at
dls-jobboerse.bmwa.gv.at,Could not resolve host: dls-jobboerse.bmwa.gv.at
docman.bmg.gv.at,Failed to connect to docman.bmg.gv.at port 443 after 85 ms: Could not connect to server
docs.innsbruck.gv.at,Could not resolve host: docs.innsbruck.gv.at
doris.ooe.gv.at,200
ds.test.portalverbund.gv.at,Could not resolve host: ds.test.portalverbund.gv.at
dsb.gv.at,200
dusika-qm.wien.gv.at,Could not resolve host: dusika-qm.wien.gv.at
dusika.wien.gv.at,Could not resolve host: dusika.wien.gv.at
dvr-awp.dsb.gv.at,Could not resolve host: dvr-awp.dsb.gv.at
dvr-awp.entw.dsb.gv.at,Could not resolve host: dvr-awp.entw.dsb.gv.at
dvr-awp.test.dsb.gv.at,Could not resolve host: dvr-awp.test.dsb.gv.at
dvr.dsb.gv.at,Could not resolve host: dvr.dsb.gv.at
dvr.dsk.gv.at,Could not resolve host: dvr.dsk.gv.at
dvr.entw.dsb.gv.at,Could not resolve host: dvr.entw.dsb.gv.at
dvr.entw.dsk.gv.at,Could not resolve host: dvr.entw.dsk.gv.at
dvr.test.dsb.gv.at,Could not resolve host: dvr.test.dsb.gv.at
dvr.test.dsk.gv.at,Could not resolve host: dvr.test.dsk.gv.at
e-begutachtung.brz.gv.at,Could not resolve host: e-begutachtung.brz.gv.at
e-formulare.noe.gv.at,SSL certificate problem: unable to get local issuer certificate
e-formulare.noel.gv.at,SSL certificate problem: unable to get local issuer certificate
e-gov.ooe.gv.at,200
e-gov2.ooe.gv.at,Could not resolve host: e-gov2.ooe.gv.at
e-shop.gv.at,Could not resolve host: e-shop.gv.at
e-vat.bmf.gv.at,Could not resolve host: e-vat.bmf.gv.at
eap.tirol.gv.at,302
eas-dev.bmvit.gv.at,Could not resolve host: eas-dev.bmvit.gv.at
eas.bmvit.gv.at,Could not resolve host: eas.bmvit.gv.at
eas.bmwfw.gv.at,Could not resolve host: eas.bmwfw.gv.at
ebms.tirol.gv.at,Could not resolve host: ebms.tirol.gv.at
eccairs.bmvit.gv.at,Connection timed out after 3001 milliseconds
echo.test.portalverbund.gv.at,Could not resolve host: echo.test.portalverbund.gv.at
ecsp.bbg.gv.at,Connection timed out after 3002 milliseconds
edge.ktn.gv.at,Could not resolve host: edge.ktn.gv.at
edge01.ktn.gv.at,Could not resolve host: edge01.ktn.gv.at
edge02.ktn.gv.at,Could not resolve host: edge02.ktn.gv.at
edi.gv.at,Could not resolve host: edi.gv.at
edu-ldap.bmb.gv.at,Could not resolve host: edu-ldap.bmb.gv.at
edu-ldap.bmbf.gv.at,SSL: no alternative certificate subject name matches target hostname 'edu-ldap.bmbf.gv.at'
edu-ldap.bmukk.gv.at,Could not resolve host: edu-ldap.bmukk.gv.at
educard.lsr-bgld.gv.at,200
eduportal.bmbf.gv.at,Could not resolve host: eduportal.bmbf.gv.at
efre.gv.at,Could not resolve host: efre.gv.at
efss.wien.gv.at,Could not resolve host: efss.wien.gv.at
eggern.gv.at,SSL: no alternative certificate subject name matches target hostname 'eggern.gv.at'
egiz.gv.at,301
egov-test.stmk.gv.at,Could not resolve host: egov-test.stmk.gv.at
egov.graz.gv.at,301
egov.rtr.gv.at,Could not resolve host: egov.rtr.gv.at
egov.seiersberg-pirka.gv.at,Could not resolve host: egov.seiersberg-pirka.gv.at
egov.stmk.gv.at,302
egov.vorarlberg.gv.at,Could not resolve host: egov.vorarlberg.gv.at
egov.zillingdorf.gv.at,SSL: no alternative certificate subject name matches target hostname 'egov.zillingdorf.gv.at'
egovlabs.gv.at,Connection timed out after 3002 milliseconds
egovservices.graz.gv.at,Connection timed out after 3002 milliseconds
egovtest.stmk.gv.at,302
ehealth.gv.at,Could not resolve host: ehealth.gv.at
ehvd.gesundheit.gv.at,Could not resolve host: ehvd.gesundheit.gv.at
ehvdws.gesundheit.gv.at,Could not resolve host: ehvdws.gesundheit.gv.at
eib-op.elak.gv.at,200
eibiswald.gv.at,Could not resolve host: eibiswald.gv.at
elak-ext.cio.gv.at,Could not resolve host: elak-ext.cio.gv.at
elak-ext2.cio.gv.at,Could not resolve host: elak-ext2.cio.gv.at
elak.laab-walde.gv.at,Could not resolve host: elak.laab-walde.gv.at
elakzs.magwien.gv.at,403
elbigenalp.tirol.gv.at,Could not resolve host: elbigenalp.tirol.gv.at
elga-aktiv.gv.at,301
elga-online.gv.at,Could not resolve host: elga-online.gv.at
elga.gv.at,301
elvisbasis.ooe.gv.at,Could not resolve host: elvisbasis.ooe.gv.at
email.ried.gv.at,Failed to connect to email.ried.gv.at port 443 after 73 ms: Could not connect to server
emm.magwien.gv.at,Could not resolve host: emm.magwien.gv.at
emm.wien.gv.at,Could not resolve host: emm.wien.gv.at
ems-labor.ehealth.gv.at,"OpenSSL SSL_read: OpenSSL/3.5.3: error:0A000119:SSL routines::decryption failed or bad record mac, errno 0"
en.brz.gv.at,301
energie.innsbruck.gv.at,301
english.bmf.gv.at,302
ennsdorf.gv.at,302
enterpriseenrollment.wien.gv.at,Could not resolve host: enterpriseenrollment.wien.gv.at
entw.capricorn2013.extra.bmlv.gv.at,Could not resolve host: entw.capricorn2013.extra.bmlv.gv.at
entw.erecht.intra.gv.at,Could not resolve host: entw.erecht.intra.gv.at
entw.eurad10.extra.bmlv.gv.at,Could not resolve host: entw.eurad10.extra.bmlv.gv.at
entw.eures.extra.bmlv.gv.at,Could not resolve host: entw.eures.extra.bmlv.gv.at
entw.extra.bmlv.gv.at,Could not resolve host: entw.extra.bmlv.gv.at
entw.infoo.extra.bmlv.gv.at,Could not resolve host: entw.infoo.extra.bmlv.gv.at
entw.jgbnoe.extra.bmlv.gv.at,Could not resolve host: entw.jgbnoe.extra.bmlv.gv.at
entw.lernen.extra.bmlv.gv.at,Could not resolve host: entw.lernen.extra.bmlv.gv.at
entw.mila.extra.bmlv.gv.at,Could not resolve host: entw.mila.extra.bmlv.gv.at
entw.milizexperten-ikt.extra.bmlv.gv.at,Could not resolve host: entw.milizexperten-ikt.extra.bmlv.gv.at
entw.milkdonoe.extra.bmlv.gv.at,Could not resolve host: entw.milkdonoe.extra.bmlv.gv.at
entw.milmet.extra.bmlv.gv.at,Could not resolve host: entw.milmet.extra.bmlv.gv.at
entw.mountaintraining.extra.bmlv.gv.at,Could not resolve host: entw.mountaintraining.extra.bmlv.gv.at
entw.oebhdenkmal.extra.bmlv.gv.at,Could not resolve host: entw.oebhdenkmal.extra.bmlv.gv.at
entw.skfuekdo.extra.bmlv.gv.at,Could not resolve host: entw.skfuekdo.extra.bmlv.gv.at
entw.taf.extra.bmlv.gv.at,Could not resolve host: entw.taf.extra.bmlv.gv.at
entw.thermilak.extra.bmlv.gv.at,Could not resolve host: entw.thermilak.extra.bmlv.gv.at
entw.vor.extra.bmlv.gv.at,Could not resolve host: entw.vor.extra.bmlv.gv.at
entw.zentdok.extra.bmlv.gv.at,Could not resolve host: entw.zentdok.extra.bmlv.gv.at
eportal.bmbwk.gv.at,Could not resolve host: eportal.bmbwk.gv.at
eprocbl.magwien.gv.at,Could not resolve host: eprocbl.magwien.gv.at
eprocpl.magwien.gv.at,Could not resolve host: eprocpl.magwien.gv.at
er.bbg.gv.at,302
era.gv.at,200
erechnung.gv.at,Could not resolve host: erechnung.gv.at
erecht.intra.gv.at,Could not resolve host: erecht.intra.gv.at
erecht.magwien.gv.at,Could not resolve host: erecht.magwien.gv.at
erecht.wien.gv.at,Could not resolve host: erecht.wien.gv.at
erfassung.ris.bka.gv.at,Could not resolve host: erfassung.ris.bka.gv.at
erfassung.test.ris.bka.gv.at,Could not resolve host: erfassung.test.ris.bka.gv.at
erhebung-uploads.bmb.gv.at,200
erhebung.bmbf.gv.at,Could not resolve host: erhebung.bmbf.gv.at
ernsthofen.gv.at,200
error.bmlv.gv.at,Could not resolve host: error.bmlv.gv.at
error.bmlvs.gv.at,Could not resolve host: error.bmlvs.gv.at
ersb.gv.at,Could not resolve host: ersb.gv.at
erster-weltkrieg.wien.gv.at,Could not resolve host: erster-weltkrieg.wien.gv.at
ertl.gv.at,200
erv-zuse-kopplung.brz.gv.at,Connection timed out after 3002 milliseconds
erv-zuse-qs-kopplung.brz.gv.at,Connection timed out after 3002 milliseconds
esa-ca.ooe.gv.at,Connection timed out after 3002 milliseconds
esa.lsr-ooe.gv.at,Could not resolve host: esa.lsr-ooe.gv.at
esa.ooe.gv.at,200
esa1.lsr-ooe.gv.at,Could not resolve host: esa1.lsr-ooe.gv.at
esa1.ooe.gv.at,200
esa2.lsr-ooe.gv.at,Could not resolve host: esa2.lsr-ooe.gv.at
esa2.ooe.gv.at,200
esdb.bev.gv.at,Could not resolve host: esdb.bev.gv.at
esgv.justiz.gv.at,302
euratsfeld.gv.at,200
eures.extra.bmlv.gv.at,Could not resolve host: eures.extra.bmlv.gv.at
eval2010.bmlv.gv.at,Could not resolve host: eval2010.bmlv.gv.at
eval2010.bmlvs.gv.at,Could not resolve host: eval2010.bmlvs.gv.at
events.lsr-t.gv.at,Could not resolve host: events.lsr-t.gv.at
eversand.zustellung.gv.at,Connection timed out after 3002 milliseconds
ews.bmi.gv.at,Connection timed out after 3002 milliseconds
ex2003.bmvit.gv.at,Connection timed out after 3001 milliseconds
ex2003.wien.gv.at,Could not resolve host: ex2003.wien.gv.at
exch01.micheldorf.ooe.gv.at,Could not resolve host: exch01.micheldorf.ooe.gv.at
exchange.kirchberg-wagram.gv.at,Could not resolve host: exchange.kirchberg-wagram.gv.at
exchange.lsr-noe.gv.at,Could not resolve host: exchange.lsr-noe.gv.at
exchange.stbh.gv.at,Could not resolve host: exchange.stbh.gv.at
exchange2010.hinzenbach.ooe.gv.at,Could not resolve host: exchange2010.hinzenbach.ooe.gv.at
expc.voip.ooe.gv.at,Could not resolve host: expc.voip.ooe.gv.at
expe.voip.ooe.gv.at,Could not resolve host: expe.voip.ooe.gv.at
explorer.digitales.oesterreich.gv.at,Could not resolve host: explorer.digitales.oesterreich.gv.at
extern.bmbf.gv.at,Connection timed out after 3002 milliseconds
extern.bmukk.gv.at,Connection timed out after 3002 milliseconds
extern.citrix.wien.gv.at,302
extern.lsr-t.gv.at,Connection timed out after 3002 milliseconds
externcb.wien.gv.at,Could not resolve host: externcb.wien.gv.at
extmail.bmb.gv.at,Could not resolve host: extmail.bmb.gv.at
extmail.bmbf.gv.at,Could not resolve host: extmail.bmbf.gv.at
extmail.bmukk.gv.at,Could not resolve host: extmail.bmukk.gv.at
extra.bmlv.gv.at,Could not resolve host: extra.bmlv.gv.at
extranet-service.bmwf.gv.at,Could not resolve host: extranet-service.bmwf.gv.at
extranet.bmask.gv.at,Could not resolve host: extranet.bmask.gv.at
extranet.bmvit.gv.at,Could not resolve host: extranet.bmvit.gv.at
extranet.bmwf.gv.at,302
extranet.lsr-stmk.gv.at,Could not resolve host: extranet.lsr-stmk.gv.at
exvstbl.wien.gv.at,302
ezopqsys.brz.gv.at,Could not resolve host: ezopqsys.brz.gv.at
ezoptest.brz.gv.at,Could not resolve host: ezoptest.brz.gv.at
familienberatung.gv.at,301
fassadengruen.wien.gv.at,Could not resolve host: fassadengruen.wien.gv.at
fast.help.gv.at,Connection timed out after 3002 milliseconds
fedservice.usp.gv.at,Could not resolve host: fedservice.usp.gv.at
fedservice2.usp.gv.at,Could not resolve host: fedservice2.usp.gv.at
feedback.aufsichtskonferenz.fma.gv.at,Could not resolve host: feedback.aufsichtskonferenz.fma.gv.at
feldbach.gv.at,200
fels-wagram.gv.at,307
feuerwehr.gv.at,Could not resolve host: feuerwehr.gv.at
ffp.bca.gv.at,Could not resolve host: ffp.bca.gv.at
fg.brz.gv.at,Failed to connect to fg.brz.gv.at port 443 after 43 ms: Could not connect to server
files.bgld.gv.at,Could not resolve host: files.bgld.gv.at
files.pyhra.gv.at,SSL certificate problem: unable to get local issuer certificate
filesender.bmi.gv.at,SSL certificate problem: certificate has expired
finanzonline.bmf.gv.at,302
finanzprokuratur.bmf.gv.at,302
findok-intra.bmf.gv.at,302
findok-vertrieb.bmf.gv.at,302
findok.bmf.gv.at,302
finpol.bmf.gv.at,Could not resolve host: finpol.bmf.gv.at
flirsch.tirol.gv.at,Could not resolve host: flirsch.tirol.gv.at
fluechtlinge-qm.wien.gv.at,Could not resolve host: fluechtlinge-qm.wien.gv.at
fluechtlinge.wien.gv.at,Could not resolve host: fluechtlinge.wien.gv.at
fma-va.brz.gv.at,Could not resolve host: fma-va.brz.gv.at
fma.gv.at,403
focus.bmlfuw.gv.at,Could not resolve host: focus.bmlfuw.gv.at
fon-moss.bmf.gv.at,Could not resolve host: fon-moss.bmf.gv.at
fon-test.bmf.gv.at,Could not resolve host: fon-test.bmf.gv.at
formular.noel.gv.at,Could not resolve host: formular.noel.gv.at
formulare-test.zmr.register.gv.at,Could not resolve host: formulare-test.zmr.register.gv.at
formulare.bmf.gv.at,Could not resolve host: formulare.bmf.gv.at
formulare.vorarlberg.gv.at,302
formulare.zmr.register.gv.at,Could not resolve host: formulare.zmr.register.gv.at
formularservice.gv.at,Could not resolve host: formularservice.gv.at
formulartest.noel.gv.at,Could not resolve host: formulartest.noel.gv.at
forschungsinfrastruktur.bmwf.gv.at,SSL: no alternative certificate subject name matches target hostname 'forschungsinfrastruktur.bmwf.gv.at'
forschungsinfrastruktur.bmwfw.gv.at,SSL: no alternative certificate subject name matches target hostname 'forschungsinfrastruktur.bmwfw.gv.at'
forward.bmeia.gv.at,SSL certificate problem: certificate has expired
frauenratgeberin.wien.gv.at,Could not resolve host: frauenratgeberin.wien.gv.at
freistadt.ooe.gv.at,Could not resolve host: freistadt.ooe.gv.at
fs.bmeia.gv.at,Could not resolve host: fs.bmeia.gv.at
fsw.amtsweg.gv.at,403
fundamt.gv.at,200
fvremote1.bmf.gv.at,Could not resolve host: fvremote1.bmf.gv.at
fvremote2.bmf.gv.at,Could not resolve host: fvremote2.bmf.gv.at
fwbildung.bmbf.gv.at,Could not resolve host: fwbildung.bmbf.gv.at
fwbildung.bmukk.gv.at,Could not resolve host: fwbildung.bmukk.gv.at
fwlirz03.ooe.gv.at,Could not resolve host: fwlirz03.ooe.gv.at
gaal.gv.at,301
gabersdorf.gv.at,301
gaishorn-see.gv.at,301
gallspach.ooe.gv.at,Could not resolve host: gallspach.ooe.gv.at
galtuer.gv.at,Could not resolve host: galtuer.gv.at
gars-kamp.gv.at,302
gars.gv.at,302
garsten.ooe.gv.at,Could not resolve host: garsten.ooe.gv.at
gateway.stammzahlenregister.gv.at,Could not resolve host: gateway.stammzahlenregister.gv.at
gda.gv.at,200
gehaltsrechner.gv.at,301
gemeinderecht.wien.gv.at,403
gemnet.ooe.intra.gv.at,Could not resolve host: gemnet.ooe.intra.gv.at
gendermainstreaming.bka.gv.at,Could not resolve host: gendermainstreaming.bka.gv.at
genderprojekte.bka.gv.at,Could not resolve host: genderprojekte.bka.gv.at
geodaten.bgld.gv.at,307
geoshop.noel.gv.at,Could not resolve host: geoshop.noel.gv.at
gesundheit.gv.at,301
gis.bmlfuw.gv.at,Could not resolve host: gis.bmlfuw.gv.at
gis.stmk.gv.at,302
gis.tirol.gv.at,302
gisa.gv.at,Could not resolve host: gisa.gv.at
gisdata.bgld.gv.at,Connection timed out after 3002 milliseconds
git-test.bka.gv.at,Could not resolve host: git-test.bka.gv.at
git.bbg.gv.at,Could not resolve host: git.bbg.gv.at
git.bka.gv.at,Could not resolve host: git.bka.gv.at
gitlab.test.portalverbund.gv.at,Could not resolve host: gitlab.test.portalverbund.gv.at
gleich-berechnet.gv.at,Could not resolve host: gleich-berechnet.gv.at
gloggnitz.gv.at,301
gltvpn.ooe.gv.at,404
go.gv.at,403
go.salzburg.gv.at,302
gondor-test.magwien.gv.at,Could not resolve host: gondor-test.magwien.gv.at
gondor-test.wien.gv.at,Could not resolve host: gondor-test.wien.gv.at
govcert.gv.at,301
goversam-sgs.brz.gv.at,Could not resolve host: goversam-sgs.brz.gv.at
govoffice.elak.gv.at,Failed to connect to govoffice.elak.gv.at port 443 after 87 ms: Could not connect to server
graen.tirol.gv.at,Could not resolve host: graen.tirol.gv.at
gresten-land.gv.at,200
gresten.gv.at,200
gruenbach-schneeberg.gv.at,301
gw-e11.wien.gv.at,Could not resolve host: gw-e11.wien.gv.at
gw-e21.wien.gv.at,Failed to connect to gw-e21.wien.gv.at port 443 after 66 ms: Could not connect to server
gzw-qm.wien.gv.at,Could not resolve host: gzw-qm.wien.gv.at
gzw.wien.gv.at,Could not resolve host: gzw.wien.gv.at
haidershofen.gv.at,200
hainfeld.gv.at,302
hainzenberg.tirol.gv.at,Could not resolve host: hainzenberg.tirol.gv.at
hauptbhf-qm.wien.gv.at,Could not resolve host: hauptbhf-qm.wien.gv.at
hauptbhf.wien.gv.at,Could not resolve host: hauptbhf.wien.gv.at
hblawo.bmlfuw.gv.at,Could not resolve host: hblawo.bmlfuw.gv.at
hcas-array-dev.bmvit.gv.at,Could not resolve host: hcas-array-dev.bmvit.gv.at
hcas-array.bmvit.gv.at,Could not resolve host: hcas-array.bmvit.gv.at
hcas-nlb-dev.bmvit.gv.at,Could not resolve host: hcas-nlb-dev.bmvit.gv.at
hcas-nlb.bmvit.gv.at,Could not resolve host: hcas-nlb.bmvit.gv.at
hdb.ehealth.gv.at,"OpenSSL SSL_read: OpenSSL/3.5.3: error:0A000119:SSL routines::decryption failed or bad record mac, errno 0"
help.gv.at,301
hilfe.tirol.gv.at,200
hilfe.wien.gv.at,TLS connect error: error:0A000458:SSL routines::tlsv1 unrecognized name
hilfeambahnhof-qm.wien.gv.at,Could not resolve host: hilfeambahnhof-qm.wien.gv.at
hilfeambahnhof.wien.gv.at,301
hinterstoder.ooe.gv.at,Could not resolve host: hinterstoder.ooe.gv.at
hinzenbach.ooe.gv.at,Could not resolve host: hinzenbach.ooe.gv.at
hm.zirl.gv.at,Could not resolve host: hm.zirl.gv.at
hod.ooe.gv.at,Connection timed out after 3002 milliseconds
hod.sysooe.ooe.gv.at,Could not resolve host: hod.sysooe.ooe.gv.at
hodt.ooe.gv.at,Could not resolve host: hodt.ooe.gv.at
hodt.sysooe.ooe.gv.at,Could not resolve host: hodt.sysooe.ooe.gv.at
hofkirchen-traunkreis.ooe.gv.at,Could not resolve host: hofkirchen-traunkreis.ooe.gv.at
hollenstein-ybbs.gv.at,Could not resolve host: hollenstein-ybbs.gv.at
hostpw.ooe.gv.at,Could not resolve host: hostpw.ooe.gv.at
hostpw.sysooe.ooe.gv.at,Could not resolve host: hostpw.sysooe.ooe.gv.at
hrsm-koop2013.bmwf.gv.at,Could not resolve host: hrsm-koop2013.bmwf.gv.at
hsg1.bmf.gv.at,Could not resolve host: hsg1.bmf.gv.at
hsg1.brz.gv.at,Connection timed out after 3002 milliseconds
hvnp07.ccc.brz.gv.at,Could not resolve host: hvnp07.ccc.brz.gv.at
hvnp2h.ccc.brz.gv.at,Could not resolve host: hvnp2h.ccc.brz.gv.at
hvnq07.ccc.brz.gv.at,Could not resolve host: hvnq07.ccc.brz.gv.at
hvp07.ccc.brz.gv.at,Could not resolve host: hvp07.ccc.brz.gv.at
hvp2h.ccc.brz.gv.at,Could not resolve host: hvp2h.ccc.brz.gv.at
hvq07.ccc.brz.gv.at,Could not resolve host: hvq07.ccc.brz.gv.at
ias.bmeia.gv.at,302
ica.bka.gv.at,Could not resolve host: ica.bka.gv.at
id.salzburg.gv.at,404
id01.ehealth.gv.at,Connection timed out after 3002 milliseconds
id02.ehealth.gv.at,200
ideal.bmbwk.gv.at,Recv failure: Connexion ré-initialisée par le correspondant
idp5.test.portalverbund.gv.at,Could not resolve host: idp5.test.portalverbund.gv.at
ief.bmask.gv.at,SSL: no alternative certificate subject name matches target hostname 'ief.bmask.gv.at'
im-meet.elga.gv.at,Connection timed out after 3002 milliseconds
im-web.elga.gv.at,Connection timed out after 3002 milliseconds
imap.kirchberg-wagram.gv.at,Connection timed out after 3002 milliseconds
info.bmlv.gv.at,Could not resolve host: info.bmlv.gv.at
info.bmlvs.gv.at,Could not resolve host: info.bmlvs.gv.at
info.ktn.gv.at,Could not resolve host: info.ktn.gv.at
infoo.extra.bmlv.gv.at,Could not resolve host: infoo.extra.bmlv.gv.at
infosystem.innsbruck.gv.at,Could not resolve host: infosystem.innsbruck.gv.at
infothek.bmvit.gv.at,SSL: no alternative certificate subject name matches target hostname 'infothek.bmvit.gv.at'
innovation2020.wien.gv.at,Could not resolve host: innovation2020.wien.gv.at
innsbruck.gv.at,301
inspire.bev.gv.at,404
intern.bda.gv.at,Resolving timed out after 3000 milliseconds
intern.inspire.gv.at,Could not resolve host: intern.inspire.gv.at
intern.magwien.gv.at,Could not resolve host: intern.magwien.gv.at
internet005.ooe.gv.at,Connection timed out after 3002 milliseconds
internet085.ooe.gv.at,Could not resolve host: internet085.ooe.gv.at
intranet.bmfj.gv.at,TLS connect error: error:0A000458:SSL routines::tlsv1 unrecognized name
intranet.bmlfuw.gv.at,Could not resolve host: intranet.bmlfuw.gv.at
intranet.e-gov.ooe.gv.at,200
intranet.wwff.gv.at,Could not resolve host: intranet.wwff.gv.at
ipmx1.fma.gv.at,Connection timed out after 3002 milliseconds
ipmx2.fma.gv.at,Could not resolve host: ipmx2.fma.gv.at
isvs.elga.gv.at,Could not resolve host: isvs.elga.gv.at
ivt-pilot.justiz.gv.at,Could not resolve host: ivt-pilot.justiz.gv.at
iwbecos.gv.at,Connection timed out after 3002 milliseconds
iwd.bmf.gv.at,Could not resolve host: iwd.bmf.gv.at
jabbersecure.ooe.gv.at,Could not resolve host: jabbersecure.ooe.gv.at
jgbnoe.extra.bmlv.gv.at,Could not resolve host: jgbnoe.extra.bmlv.gv.at
ji.innsbruck.gv.at,Could not resolve host: ji.innsbruck.gv.at
jira.bbg.gv.at,Could not resolve host: jira.bbg.gv.at
jira.elga.gv.at,SSL certificate problem: unable to get local issuer certificate
jobboerse.gv.at,301
judenburg.gv.at,302
justiz.gv.at,302
kalendarium.gv.at,Could not resolve host: kalendarium.gv.at
karriere.fma.gv.at,200
katplan.bgld.gv.at,302
kb.jba.gv.at,Could not resolve host: kb.jba.gv.at
kegov01.kapfenberg.gv.at,Connection timed out after 3002 milliseconds
kematen-ybbs.gv.at,200
kh-upload.ehealth.gv.at,Could not resolve host: kh-upload.ehealth.gv.at
kiab.bmf.gv.at,Could not resolve host: kiab.bmf.gv.at
kig.gv.at,Could not resolve host: kig.gv.at
kiga-sh.innsbruck.gv.at,Could not resolve host: kiga-sh.innsbruck.gv.at
kirchberg-wagram.gv.at,Connection timed out after 3002 milliseconds
kirchdorf-krems.ooe.gv.at,Could not resolve host: kirchdorf-krems.ooe.gv.at
kja.wien.gv.at,Could not resolve host: kja.wien.gv.at
kleinzell.gv.at,302
klimafonds.gv.at,301
klimafreundlicher-einkauf.wien.gv.at,Could not resolve host: klimafreundlicher-einkauf.wien.gv.at
klimaschlau-qm.wien.gv.at,Could not resolve host: klimaschlau-qm.wien.gv.at
klimaschlau.wien.gv.at,Could not resolve host: klimaschlau.wien.gv.at
knittelfeld.gv.at,200
kobenz.gv.at,302
kondolenzbuch.wien.gv.at,Could not resolve host: kondolenzbuch.wien.gv.at
konferenz.fma.gv.at,Could not resolve host: konferenz.fma.gv.at
ktn.gv.at,302
kumberg.gv.at,302
l-portal.ooe.gv.at,200
labs.cio.gv.at,Could not resolve host: labs.cio.gv.at
ladis.tirol.gv.at,Could not resolve host: ladis.tirol.gv.at
lage.strahlenschutz.gv.at,301
land-oberoesterreich.gv.at,301
land4.ooe.gv.at,Connection timed out after 3001 milliseconds
landtag.tirol.gv.at,302
landversand.salzburg.gv.at,Could not resolve host: landversand.salzburg.gv.at
lawine.tirol.gv.at,Could not resolve host: lawine.tirol.gv.at
lconf.ooe.gv.at,Could not resolve host: lconf.ooe.gv.at
ldap-e-gov.ooe.gv.at,Could not resolve host: ldap-e-gov.ooe.gv.at
ldap-gemnet.ooe.intra.gv.at,Could not resolve host: ldap-gemnet.ooe.intra.gv.at
ldap-mitarbeiterportal.ooe.gv.at,Could not resolve host: ldap-mitarbeiterportal.ooe.gv.at
ldap-portal-e.ooe.gv.at,Could not resolve host: ldap-portal-e.ooe.gv.at
ldap-portal-e1.ooe.gv.at,Could not resolve host: ldap-portal-e1.ooe.gv.at
ldap-portal-e2.ooe.gv.at,Could not resolve host: ldap-portal-e2.ooe.gv.at
ldap-portal-t.ooe.gv.at,Could not resolve host: ldap-portal-t.ooe.gv.at
ldap-portal-t1.ooe.gv.at,Could not resolve host: ldap-portal-t1.ooe.gv.at
ldap-portal-t2.ooe.gv.at,Could not resolve host: ldap-portal-t2.ooe.gv.at
ldap-portal.ooe.gv.at,Could not resolve host: ldap-portal.ooe.gv.at
ldap-portal1.ooe.gv.at,Could not resolve host: ldap-portal1.ooe.gv.at
ldap-portal2.ooe.gv.at,Could not resolve host: ldap-portal2.ooe.gv.at
ldap-pvp.ooe.gv.at,Could not resolve host: ldap-pvp.ooe.gv.at
ldap-t.ooe.gv.at,Could not resolve host: ldap-t.ooe.gv.at
ldap.gv.at,301
ldg.wien.gv.at,Could not resolve host: ldg.wien.gv.at
lebring-st-margarethen.gv.at,301
legacy-dev.bmvit.gv.at,Could not resolve host: legacy-dev.bmvit.gv.at
legacy.bmi.gv.at,Could not resolve host: legacy.bmi.gv.at
legacy.bmvit.gv.at,Connection timed out after 3002 milliseconds
legacy.lsr-noe.gv.at,Could not resolve host: legacy.lsr-noe.gv.at
lernen.extra.bmlv.gv.at,Could not resolve host: lernen.extra.bmlv.gv.at
leutasch.tirol.gv.at,Could not resolve host: leutasch.tirol.gv.at
lida.bmeia.gv.at,Could not resolve host: lida.bmeia.gv.at
lienz.gv.at,301
liferay-dev.magwien.gv.at,Could not resolve host: liferay-dev.magwien.gv.at
liferay-qs.magwien.gv.at,SSL certificate problem: unable to get local issuer certificate
liferay-test.magwien.gv.at,Could not resolve host: liferay-test.magwien.gv.at
light.elak.gv.at,Connection timed out after 3001 milliseconds
lima-t.bmf.gv.at,Could not resolve host: lima-t.bmf.gv.at
lima.bmf.gv.at,Failed to connect to lima.bmf.gv.at port 443 after 53 ms: Could not connect to server
link.help.gv.at,SSL: no alternative certificate subject name matches target hostname 'link.help.gv.at'
lisa.ehealth.gv.at,Could not resolve host: lisa.ehealth.gv.at
lists.govcert.gv.at,302
literatur.stmk.gv.at,200
llc.bmbf.gv.at,Could not resolve host: llc.bmbf.gv.at
login-bund.moa.gv.at,Could not resolve host: login-bund.moa.gv.at
login.ama.gv.at,302
logintest.ama.gv.at,Connection timed out after 3001 milliseconds
logstash.ooe.gv.at,Could not resolve host: logstash.ooe.gv.at
lrh-ktn.gv.at,307
ls.innsbruck.gv.at,200
lsr-bgld.gv.at,Connection timed out after 3001 milliseconds
lsr-ktn.gv.at,Could not resolve host: lsr-ktn.gv.at
lsr-ooe.gv.at,Could not resolve host: lsr-ooe.gv.at
lsr-stmk.gv.at,Could not resolve host: lsr-stmk.gv.at
lsr-t.gv.at,Could not resolve host: lsr-t.gv.at
lsrwww.lsr-noe.gv.at,Could not resolve host: lsrwww.lsr-noe.gv.at
lvwg-tirol.gv.at,Could not resolve host: lvwg-tirol.gv.at
lxli01-001.ooe.gv.at,Connection timed out after 3002 milliseconds
lxli01-002.ooe.gv.at,Connection timed out after 3002 milliseconds
lxli01-003.ooe.gv.at,Connection timed out after 3001 milliseconds
lxli01-004.ooe.gv.at,Could not resolve host: lxli01-004.ooe.gv.at
lxli01-007.ooe.gv.at,Could not resolve host: lxli01-007.ooe.gv.at
lxli01-008.ooe.gv.at,Could not resolve host: lxli01-008.ooe.gv.at
lxli01-011.ooe.gv.at,Could not resolve host: lxli01-011.ooe.gv.at
lxli01-012.ooe.gv.at,Could not resolve host: lxli01-012.ooe.gv.at
lxli01-013.ooe.gv.at,Could not resolve host: lxli01-013.ooe.gv.at
lxli01-022.ooe.gv.at,Could not resolve host: lxli01-022.ooe.gv.at
lxli01-032.ooe.gv.at,Connection timed out after 3002 milliseconds
lxli01-047.ooe.gv.at,Connection timed out after 3002 milliseconds
lxli01-049.ooe.gv.at,Could not resolve host: lxli01-049.ooe.gv.at
lxli01-057.ooe.gv.at,Could not resolve host: lxli01-057.ooe.gv.at
lxli01-058.ooe.gv.at,Could not resolve host: lxli01-058.ooe.gv.at
lxli01-062.ooe.gv.at,Could not resolve host: lxli01-062.ooe.gv.at
lxli01-068.ooe.gv.at,Could not resolve host: lxli01-068.ooe.gv.at
lxli01-073.ooe.gv.at,Could not resolve host: lxli01-073.ooe.gv.at
lxli01-076.ooe.gv.at,Could not resolve host: lxli01-076.ooe.gv.at
lxli01-077.ooe.gv.at,Could not resolve host: lxli01-077.ooe.gv.at
lxli01-078.ooe.gv.at,Could not resolve host: lxli01-078.ooe.gv.at
lxli01-083.ooe.gv.at,Could not resolve host: lxli01-083.ooe.gv.at
lxli01-084.ooe.gv.at,Could not resolve host: lxli01-084.ooe.gv.at
lxli01-089.ooe.gv.at,SSL: no alternative certificate subject name matches target hostname 'lxli01-089.ooe.gv.at'
lxli01-096.ooe.gv.at,Could not resolve host: lxli01-096.ooe.gv.at
lxli01-100.ooe.gv.at,Could not resolve host: lxli01-100.ooe.gv.at
lxli01-101.ooe.gv.at,Could not resolve host: lxli01-101.ooe.gv.at
lxli01-104.ooe.gv.at,Could not resolve host: lxli01-104.ooe.gv.at
lxli01-105.ooe.gv.at,Could not resolve host: lxli01-105.ooe.gv.at
lxli01-106.ooe.gv.at,Could not resolve host: lxli01-106.ooe.gv.at
lxli01-117.ooe.gv.at,Could not resolve host: lxli01-117.ooe.gv.at
lxli01-118.ooe.gv.at,Could not resolve host: lxli01-118.ooe.gv.at
lxli01-119.ooe.gv.at,Could not resolve host: lxli01-119.ooe.gv.at
lxli01-123.ooe.gv.at,Could not resolve host: lxli01-123.ooe.gv.at
lxli01-128.ooe.gv.at,Could not resolve host: lxli01-128.ooe.gv.at
lxli01-131.ooe.gv.at,Could not resolve host: lxli01-131.ooe.gv.at
lxli01-132.ooe.gv.at,Could not resolve host: lxli01-132.ooe.gv.at
lxli01-133.ooe.gv.at,Could not resolve host: lxli01-133.ooe.gv.at
lxli01-134.ooe.gv.at,Could not resolve host: lxli01-134.ooe.gv.at
lxli01-135.ooe.intra.gv.at,Could not resolve host: lxli01-135.ooe.intra.gv.at
lxli01-144.ooe.gv.at,Could not resolve host: lxli01-144.ooe.gv.at
lxli01-147.ooe.gv.at,Could not resolve host: lxli01-147.ooe.gv.at
lxli01-148.ooe.gv.at,Could not resolve host: lxli01-148.ooe.gv.at
lxli01-150.ooe.gv.at,Could not resolve host: lxli01-150.ooe.gv.at
lxli01-154.ooe.gv.at,Could not resolve host: lxli01-154.ooe.gv.at
lxli01-155.ooe.gv.at,Connection timed out after 3002 milliseconds
lxli01-160.ooe.gv.at,Could not resolve host: lxli01-160.ooe.gv.at
lxli01-161.ooe.gv.at,Could not resolve host: lxli01-161.ooe.gv.at
lxli01-162.ooe.gv.at,Could not resolve host: lxli01-162.ooe.gv.at
lxli01-165.ooe.gv.at,Could not resolve host: lxli01-165.ooe.gv.at
lxli01-166.ooe.gv.at,Could not resolve host: lxli01-166.ooe.gv.at
lxli01-167.ooe.gv.at,Could not resolve host: lxli01-167.ooe.gv.at
lxli01-168.ooe.gv.at,Could not resolve host: lxli01-168.ooe.gv.at
lxli01-169.ooe.gv.at,Could not resolve host: lxli01-169.ooe.gv.at
lxli01-170.ooe.gv.at,Could not resolve host: lxli01-170.ooe.gv.at
lxli01-173.ooe.gv.at,Could not resolve host: lxli01-173.ooe.gv.at
lxli01-174.ooe.gv.at,Could not resolve host: lxli01-174.ooe.gv.at
lxli01-177.ooe.gv.at,Could not resolve host: lxli01-177.ooe.gv.at
lxli01-178.ooe.gv.at,Could not resolve host: lxli01-178.ooe.gv.at
lxli01-179.ooe.gv.at,Could not resolve host: lxli01-179.ooe.gv.at
lxli01-186.ooe.gv.at,Could not resolve host: lxli01-186.ooe.gv.at
lync.bak.gv.at,Connection timed out after 3002 milliseconds
lync.bmi.gv.at,Connection timed out after 3002 milliseconds
lync.lsr-stmk.gv.at,Could not resolve host: lync.lsr-stmk.gv.at
lync.polizei.gv.at,Connection timed out after 3001 milliseconds
lync13web01.bmvit.gv.at,Connection timed out after 3002 milliseconds
lync13web01.opfb.bmvit.gv.at,Connection timed out after 3002 milliseconds
lyncav.stmk.gv.at,Could not resolve host: lyncav.stmk.gv.at
lyncdiscover.bak.gv.at,Connection timed out after 3002 milliseconds
lyncdiscover.bmeia.gv.at,Could not resolve host: lyncdiscover.bmeia.gv.at
lyncdiscover.bmi.gv.at,Connection timed out after 3002 milliseconds
lyncdiscover.bmvit.gv.at,Connection timed out after 3001 milliseconds
lyncdiscover.elga.gv.at,Could not resolve host: lyncdiscover.elga.gv.at
lyncdiscover.fma.gv.at,Could not resolve host: lyncdiscover.fma.gv.at
lyncdiscover.ktn.gv.at,Could not resolve host: lyncdiscover.ktn.gv.at
lyncdiscover.lsr-stmk.gv.at,Could not resolve host: lyncdiscover.lsr-stmk.gv.at
lyncdiscover.opfb.bmvit.gv.at,Connection timed out after 3002 milliseconds
lyncdiscover.polizei.gv.at,Could not resolve host: lyncdiscover.polizei.gv.at
lyncdiscover.stmk.gv.at,405
lyncdiscoverinternal.fma.gv.at,Could not resolve host: lyncdiscoverinternal.fma.gv.at
lyncowa.ktn.gv.at,Could not resolve host: lyncowa.ktn.gv.at
lyncpool1.fma.gv.at,Could not resolve host: lyncpool1.fma.gv.at
lyncrp.stmk.gv.at,Connection timed out after 3002 milliseconds
lynctest.bmi.gv.at,Could not resolve host: lynctest.bmi.gv.at
lyncwc.stmk.gv.at,Could not resolve host: lyncwc.stmk.gv.at
lyncweb-ext.bmeia.gv.at,Could not resolve host: lyncweb-ext.bmeia.gv.at
m.wien.gv.at,410
ma-portal-test.noe.gv.at,Could not resolve host: ma-portal-test.noe.gv.at
ma-portal-test.noel.gv.at,Could not resolve host: ma-portal-test.noel.gv.at
ma-portal.noe.gv.at,200
ma-portal.noel.gv.at,302
ma-stp-test.noe.gv.at,Could not resolve host: ma-stp-test.noe.gv.at
ma-stp-test.noel.gv.at,Could not resolve host: ma-stp-test.noel.gv.at
magwien.gv.at,Could not resolve host: magwien.gv.at
mail-test.tirol.gv.at,Could not resolve host: mail-test.tirol.gv.at
mail.aba.gv.at,Could not resolve host: mail.aba.gv.at
mail.adlwang.ooe.gv.at,Could not resolve host: mail.adlwang.ooe.gv.at
mail.alkoven.ooe.gv.at,Could not resolve host: mail.alkoven.ooe.gv.at
mail.altheim.ooe.gv.at,Connection timed out after 3002 milliseconds
mail.altmuenster.ooe.gv.at,Connection timed out after 3002 milliseconds
mail.ampflwang.ooe.gv.at,Connection timed out after 3002 milliseconds
mail.andorf.ooe.gv.at,Connection timed out after 3002 milliseconds
mail.apf.gv.at,302
mail.aschach-donau.ooe.gv.at,Could not resolve host: mail.aschach-donau.ooe.gv.at
mail.asten.ooe.gv.at,Could not resolve host: mail.asten.ooe.gv.at
mail.attersee.ooe.gv.at,Connection timed out after 3002 milliseconds
mail.attnang-puchheim.ooe.gv.at,Connection timed out after 3002 milliseconds
mail.bad-goisern.ooe.gv.at,Could not resolve host: mail.bad-goisern.ooe.gv.at
mail.bad-ischl.ooe.gv.at,Could not resolve host: mail.bad-ischl.ooe.gv.at
mail.bad-leonfelden.ooe.gv.at,Connection timed out after 3002 milliseconds
mail.bad-zell.ooe.gv.at,Failed to connect to mail.bad-zell.ooe.gv.at port 443 after 79 ms: Could not connect to server
mail.badgams.gv.at,SSL certificate problem: unable to get local issuer certificate
mail.bmlfuw.gv.at,Could not resolve host: mail.bmlfuw.gv.at
mail.bmwfw.gv.at,Could not resolve host: mail.bmwfw.gv.at
mail.boeheimkirchen.gv.at,302
mail.braunau.ooe.gv.at,302
mail.cnc.gv.at,200
mail.dietach.ooe.gv.at,Could not resolve host: mail.dietach.ooe.gv.at
mail.dimbach.ooe.gv.at,302
mail.ebensee.ooe.gv.at,Could not resolve host: mail.ebensee.ooe.gv.at
mail.eberstalzell.ooe.gv.at,Connection timed out after 3001 milliseconds
mail.edt.ooe.gv.at,Connection timed out after 3002 milliseconds
mail.eferding.ooe.gv.at,302
mail.eggern.gv.at,Connection timed out after 3002 milliseconds
mail.fohnsdorf.gv.at,302
mail.freistadt.ooe.gv.at,Could not resolve host: mail.freistadt.ooe.gv.at
mail.gallneukirchen.ooe.gv.at,Could not resolve host: mail.gallneukirchen.ooe.gv.at
mail.gallspach.ooe.gv.at,Connection timed out after 3002 milliseconds
mail.garsten.ooe.gv.at,Could not resolve host: mail.garsten.ooe.gv.at
mail.gnas.gv.at,Connection timed out after 3002 milliseconds
mail.gramastetten.ooe.gv.at,Could not resolve host: mail.gramastetten.ooe.gv.at
mail.gruenburg.ooe.gv.at,Could not resolve host: mail.gruenburg.ooe.gv.at
mail.gunskirchen.ooe.gv.at,Could not resolve host: mail.gunskirchen.ooe.gv.at
mail.hagenberg.ooe.gv.at,Connection timed out after 3002 milliseconds
mail.hargelsberg.ooe.gv.at,Connection timed out after 3002 milliseconds
mail.haslach.ooe.gv.at,Connection timed out after 3002 milliseconds
mail.hblawo.bmlfuw.gv.at,Could not resolve host: mail.hblawo.bmlfuw.gv.at
mail.hinterstoder.ooe.gv.at,Could not resolve host: mail.hinterstoder.ooe.gv.at
mail.hinzenbach.ooe.gv.at,Connection timed out after 3002 milliseconds
mail.hirschbach.ooe.gv.at,Could not resolve host: mail.hirschbach.ooe.gv.at
mail.hofkirchen-traunkreis.ooe.gv.at,Connection timed out after 3002 milliseconds
mail.kfg.ooe.gv.at,Connection timed out after 3002 milliseconds
mail.kirchberg-wagram.gv.at,Connection timed out after 3002 milliseconds
mail.kirchdorf-krems.ooe.gv.at,Connection timed out after 3002 milliseconds
mail.kopfing.ooe.gv.at,Connection timed out after 3001 milliseconds
mail.korneuburg.gv.at,Connection timed out after 3002 milliseconds
mail.kremsmuenster.ooe.gv.at,Connection timed out after 3002 milliseconds
mail.kronstorf.ooe.gv.at,Connection timed out after 3002 milliseconds
mail.laakirchen.ooe.gv.at,Connection timed out after 3001 milliseconds
mail.lambach.ooe.gv.at,Connection timed out after 3002 milliseconds
mail.langenstein.ooe.gv.at,Connection timed out after 3002 milliseconds
mail.lenzing.ooe.gv.at,Failed to connect to mail.lenzing.ooe.gv.at port 443 after 70 ms: Could not connect to server
mail.lsr-noe.gv.at,Connection timed out after 3001 milliseconds
mail.luftenberg.ooe.gv.at,Could not resolve host: mail.luftenberg.ooe.gv.at
mail.marchtrenk.gv.at,Connection timed out after 3002 milliseconds
mail.micheldorf.ooe.gv.at,Connection timed out after 3002 milliseconds
mail.muenzbach.ooe.gv.at,Failed to connect to mail.muenzbach.ooe.gv.at port 443 after 67 ms: Could not connect to server
mail.munderfing.ooe.gv.at,Could not resolve host: mail.munderfing.ooe.gv.at
mail.neukirchen-voeckla.ooe.gv.at,Could not resolve host: mail.neukirchen-voeckla.ooe.gv.at
mail.neulengbach.gv.at,Connection timed out after 3002 milliseconds
mail.neunkirchen.gv.at,Connection timed out after 3002 milliseconds
mail.obernberg-inn.ooe.gv.at,Connection timed out after 3001 milliseconds
mail.oberneukirchen.ooe.gv.at,Could not resolve host: mail.oberneukirchen.ooe.gv.at
mail.oftering.ooe.gv.at,Connection timed out after 3002 milliseconds
mail.pasching.ooe.gv.at,Connection timed out after 3002 milliseconds
mail.perg.ooe.gv.at,Connection timed out after 3002 milliseconds
mail.pettenbach.ooe.gv.at,TLS connect error: error:0A000152:SSL routines::unsafe legacy renegotiation disabled
mail.pfarrkirchen-badhall.ooe.gv.at,Connection timed out after 3002 milliseconds
mail.piberbach.ooe.gv.at,Connection timed out after 3002 milliseconds
mail.pinsdorf.ooe.gv.at,Could not resolve host: mail.pinsdorf.ooe.gv.at
mail.pitzenberg.ooe.gv.at,Connection timed out after 3002 milliseconds
mail.pregarten.ooe.gv.at,Could not resolve host: mail.pregarten.ooe.gv.at
mail.regau.ooe.gv.at,Connection timed out after 3002 milliseconds
mail.ried-traunkreis.ooe.gv.at,Connection timed out after 3002 milliseconds
mail.ried.gv.at,Failed to connect to mail.ried.gv.at port 443 after 36 ms: Could not connect to server
mail.rohr.ooe.gv.at,Connection timed out after 3002 milliseconds
mail.roitham.ooe.gv.at,Connection timed out after 3002 milliseconds
mail.rossleithen.ooe.gv.at,Connection timed out after 3002 milliseconds
mail.scg.gv.at,302
mail.schaerding.ooe.gv.at,Connection timed out after 3002 milliseconds
mail.schardenberg.ooe.gv.at,Could not resolve host: mail.schardenberg.ooe.gv.at
mail.scharnstein.ooe.gv.at,Connection timed out after 3001 milliseconds
mail.schiedlberg.ooe.gv.at,Connection timed out after 3002 milliseconds
mail.schienencontrol.gv.at,302
mail.schleissheim.ooe.gv.at,Connection timed out after 3002 milliseconds
mail.schwertberg.ooe.gv.at,Failed to connect to mail.schwertberg.ooe.gv.at port 443 after 62 ms: Could not connect to server
mail.sierning.ooe.gv.at,Could not resolve host: mail.sierning.ooe.gv.at
mail.st-aegidi.ooe.gv.at,Could not resolve host: mail.st-aegidi.ooe.gv.at
mail.st-florian-inn.ooe.gv.at,Connection timed out after 3002 milliseconds
mail.st-florian.ooe.gv.at,Connection timed out after 3002 milliseconds
mail.st-gotthard.ooe.gv.at,Connection timed out after 3002 milliseconds
mail.st-johann-wimberg.ooe.gv.at,Failed to connect to mail.st-johann-wimberg.ooe.gv.at port 443 after 61 ms: Could not connect to server
mail.st-lorenz.ooe.gv.at,Could not resolve host: mail.st-lorenz.ooe.gv.at
mail.st-marien.ooe.gv.at,Could not resolve host: mail.st-marien.ooe.gv.at
mail.st-peter-wimberg.ooe.gv.at,Connection timed out after 3002 milliseconds
mail.st-wolfgang.ooe.gv.at,Connection timed out after 3002 milliseconds
mail.steinbach-ziehberg.ooe.gv.at,Connection timed out after 3002 milliseconds
mail.steinerkirchen-traun.ooe.gv.at,Could not resolve host: mail.steinerkirchen-traun.ooe.gv.at
mail.taufkirchen-trattnach.ooe.gv.at,Connection timed out after 3002 milliseconds
mail.thal.gv.at,Connection timed out after 3000 milliseconds
mail.thalheim.ooe.gv.at,Connection timed out after 3002 milliseconds
mail.tirol.gv.at,200
mail.traiskirchen.gv.at,302
mail.utzenaich.ooe.gv.at,Connection timed out after 3002 milliseconds
mail.verwaltungspreis.gv.at,SSL: no alternative certificate subject name matches target hostname 'mail.verwaltungspreis.gv.at'
mail.vichtenstein.ooe.gv.at,Connection timed out after 3001 milliseconds
mail.vorchdorf.ooe.gv.at,Failed to connect to mail.vorchdorf.ooe.gv.at port 443 after 70 ms: Could not connect to server
mail.vst.gv.at,Connection timed out after 3002 milliseconds
mail.waldzell.ooe.gv.at,Connection timed out after 3002 milliseconds
mail.wartberg-aist.ooe.gv.at,Connection timed out after 3002 milliseconds
mail.weyer.ooe.gv.at,Could not resolve host: mail.weyer.ooe.gv.at
mail.windischgarsten.ooe.gv.at,Could not resolve host: mail.windischgarsten.ooe.gv.at
mail.wwff.gv.at,Could not resolve host: mail.wwff.gv.at
mail.zell-pettenfirst.ooe.gv.at,Could not resolve host: mail.zell-pettenfirst.ooe.gv.at
mail01.altmuenster.ooe.gv.at,Could not resolve host: mail01.altmuenster.ooe.gv.at
mail01.hartkirchen.ooe.gv.at,Could not resolve host: mail01.hartkirchen.ooe.gv.at
mail01.thalheim.ooe.gv.at,Could not resolve host: mail01.thalheim.ooe.gv.at
mail1.arbeitsinspektion.gv.at,Could not resolve host: mail1.arbeitsinspektion.gv.at
mail1.bad-ischl.ooe.gv.at,Could not resolve host: mail1.bad-ischl.ooe.gv.at
mail1.noel.gv.at,Connection timed out after 3002 milliseconds
mail2.arbeitsinspektion.gv.at,Connection timed out after 3002 milliseconds
mail2.neunkirchen.gv.at,Connection timed out after 3001 milliseconds
mail2.noel.gv.at,Connection timed out after 3002 milliseconds
mail3.noel.gv.at,Could not resolve host: mail3.noel.gv.at
mail4.noel.gv.at,Could not resolve host: mail4.noel.gv.at
mailarchiv.traiskirchen.gv.at,TLS connect error: error:0A000458:SSL routines::tlsv1 unrecognized name
maild.bka.gv.at,Could not resolve host: maild.bka.gv.at
mailhost.parlament.gv.at,Connection timed out after 3001 milliseconds
mailrt.ooe.gv.at,Could not resolve host: mailrt.ooe.gv.at
mallnitz.gv.at,301
maps.wien.gv.at,Could not resolve host: maps.wien.gv.at
maps1.wien.gv.at,Could not resolve host: maps1.wien.gv.at
maps2.wien.gv.at,Could not resolve host: maps2.wien.gv.at
maps3.wien.gv.at,Could not resolve host: maps3.wien.gv.at
maps4.wien.gv.at,Could not resolve host: maps4.wien.gv.at
marchtrenk.gv.at,SSL: no alternative certificate subject name matches target hostname 'marchtrenk.gv.at'
mariazell.gv.at,302
masterplan-partizipation-qm.wien.gv.at,Could not resolve host: masterplan-partizipation-qm.wien.gv.at
masterplan-partizipation.wien.gv.at,Could not resolve host: masterplan-partizipation.wien.gv.at
mbaks.bmi.gv.at,Could not resolve host: mbaks.bmi.gv.at
md0.mitarbeiterportal.ooe.gv.at,"OpenSSL SSL_read: OpenSSL/3.5.3: error:0A00045C:SSL routines::tlsv13 alert certificate required, errno 0"
mdfeed.test.portalverbund.gv.at,Could not resolve host: mdfeed.test.portalverbund.gv.at
mdm.bbg.gv.at,Could not resolve host: mdm.bbg.gv.at
mdm.bmeia.gv.at,403
mdm.bmi.gv.at,Connection timed out after 3002 milliseconds
mdm.noel.gv.at,Could not resolve host: mdm.noel.gv.at
mdm.ooe.gv.at,Could not resolve host: mdm.ooe.gv.at
mdm.wien.gv.at,Could not resolve host: mdm.wien.gv.at
mdmaw.noe.gv.at,Could not resolve host: mdmaw.noe.gv.at
mdmaw.noel.gv.at,Could not resolve host: mdmaw.noel.gv.at
mdmawt.noe.gv.at,Connection timed out after 3002 milliseconds
mdmawt.noel.gv.at,Could not resolve host: mdmawt.noel.gv.at
mdreg.test.portalverbund.gv.at,Could not resolve host: mdreg.test.portalverbund.gv.at
mdx.test.portalverbund.gv.at,Could not resolve host: mdx.test.portalverbund.gv.at
medien.bmb.gv.at,200
medien.bmbf.gv.at,SSL: no alternative certificate subject name matches target hostname 'medien.bmbf.gv.at'
meet.bak.gv.at,Connection timed out after 3001 milliseconds
meet.bmeia.gv.at,Could not resolve host: meet.bmeia.gv.at
meet.bmi.gv.at,Could not resolve host: meet.bmi.gv.at
meet.bmvit.gv.at,Connection timed out after 3002 milliseconds
meet.fma.gv.at,Could not resolve host: meet.fma.gv.at
meet.ktn.gv.at,Could not resolve host: meet.ktn.gv.at
meet.lsr-stmk.gv.at,Could not resolve host: meet.lsr-stmk.gv.at
meet.opfb.bmvit.gv.at,Connection timed out after 3001 milliseconds
meet.polizei.gv.at,Connection timed out after 3002 milliseconds
meet.stmk.gv.at,Could not resolve host: meet.stmk.gv.at
meeting.ooe.gv.at,Could not resolve host: meeting.ooe.gv.at
meetings.external.bmi.gv.at,Could not resolve host: meetings.external.bmi.gv.at
meettest.bmi.gv.at,Could not resolve host: meettest.bmi.gv.at
mehrgesundheit.gv.at,302
meinbrief.zustellung.gv.at,Could not resolve host: meinbrief.zustellung.gv.at
meldung.cio.gv.at,Connection timed out after 3002 milliseconds
messenger24.bmi.gv.at,Connection timed out after 3002 milliseconds
mex.ooe.gv.at,Could not resolve host: mex.ooe.gv.at
mi.bmukk.gv.at,Could not resolve host: mi.bmukk.gv.at
micheldorf.ooe.gv.at,Could not resolve host: micheldorf.ooe.gv.at
milmet.bmlv.gv.at,404
milmet.bmlvs.gv.at,404
milmet.extra.bmlv.gv.at,404
mintmasse.bmwf.gv.at,Could not resolve host: mintmasse.bmwf.gv.at
mintmasse.bmwfw.gv.at,Could not resolve host: mintmasse.bmwfw.gv.at
mit.ooe.gv.at,Could not resolve host: mit.ooe.gv.at
mitarbeiterportal.ooe.gv.at,200
miteinander.mariahilf.wien.gv.at,Could not resolve host: miteinander.mariahilf.wien.gv.at
miteinandermariahilf-qm.wien.gv.at,Could not resolve host: miteinandermariahilf-qm.wien.gv.at
mms.stammzahlenregister.gv.at,Could not resolve host: mms.stammzahlenregister.gv.at
moa-e.ooe.gv.at,Could not resolve host: moa-e.ooe.gv.at
moa-e1.ooe.gv.at,Could not resolve host: moa-e1.ooe.gv.at
moa-e2.ooe.gv.at,Could not resolve host: moa-e2.ooe.gv.at
moa-entw.bka.gv.at,Could not resolve host: moa-entw.bka.gv.at
moa-entw.dsb.gv.at,Could not resolve host: moa-entw.dsb.gv.at
moa-entw.dsk.gv.at,Could not resolve host: moa-entw.dsk.gv.at
moa-entw.stammzahlenregister.gv.at,Could not resolve host: moa-entw.stammzahlenregister.gv.at
moa-entw.zustellung.gv.at,Could not resolve host: moa-entw.zustellung.gv.at
moa-p1.ooe.gv.at,Could not resolve host: moa-p1.ooe.gv.at
moa-p2.ooe.gv.at,Could not resolve host: moa-p2.ooe.gv.at
moa-qs.brz.gv.at,Connection timed out after 3002 milliseconds
moa-sl-entw.bka.gv.at,Could not resolve host: moa-sl-entw.bka.gv.at
moa-sl-test.bka.gv.at,Connection timed out after 3002 milliseconds
moa-sl.bka.gv.at,Could not resolve host: moa-sl.bka.gv.at
moa-spss-entw.bka.gv.at,Could not resolve host: moa-spss-entw.bka.gv.at
moa-spss-test.bka.gv.at,Could not resolve host: moa-spss-test.bka.gv.at
moa-spss.bka.gv.at,Could not resolve host: moa-spss.bka.gv.at
moa-ss-erecht-entw.bka.gv.at,Could not resolve host: moa-ss-erecht-entw.bka.gv.at
moa-ss-erecht-test.bka.gv.at,Could not resolve host: moa-ss-erecht-test.bka.gv.at
moa-ss-erecht.bka.gv.at,Could not resolve host: moa-ss-erecht.bka.gv.at
moa-test.bka.gv.at,Could not resolve host: moa-test.bka.gv.at
moa-test.brz.gv.at,Could not resolve host: moa-test.brz.gv.at
moa-test.dsb.gv.at,Could not resolve host: moa-test.dsb.gv.at
moa-test.dsk.gv.at,Could not resolve host: moa-test.dsk.gv.at
moa-test.stammzahlenregister.gv.at,Could not resolve host: moa-test.stammzahlenregister.gv.at
moa-test.zustellung.gv.at,Could not resolve host: moa-test.zustellung.gv.at
moa-zs.brz.gv.at,Could not resolve host: moa-zs.brz.gv.at
moa.ages.gv.at,Could not resolve host: moa.ages.gv.at
moa.bka.gv.at,Could not resolve host: moa.bka.gv.at
moa.brz.gv.at,Could not resolve host: moa.brz.gv.at
moa.dsb.gv.at,Could not resolve host: moa.dsb.gv.at
moa.dsk.gv.at,Could not resolve host: moa.dsk.gv.at
moa.egiz.gv.at,Connection timed out after 3002 milliseconds
moa.gv.at,Could not resolve host: moa.gv.at
moa.ooe.gv.at,Could not resolve host: moa.ooe.gv.at
moa.stammzahlenregister.gv.at,Could not resolve host: moa.stammzahlenregister.gv.at
moa.stmk.gv.at,Recv failure: Connexion ré-initialisée par le correspondant
moa.zustellung.gv.at,Could not resolve host: moa.zustellung.gv.at
moa1.ooe.gv.at,Could not resolve host: moa1.ooe.gv.at
moaid-prod.zmr.register.gv.at,Could not resolve host: moaid-prod.zmr.register.gv.at
moaid-test.zmr.register.gv.at,Could not resolve host: moaid-test.zmr.register.gv.at
moaid.noel.gv.at,200
moaonline.ooe.gv.at,Could not resolve host: moaonline.ooe.gv.at
moaspss-e.ooe.gv.at,Could not resolve host: moaspss-e.ooe.gv.at
moaspss.ooe.gv.at,303
moatest.stmk.gv.at,Recv failure: Connexion ré-initialisée par le correspondant
moazs-e.ooe.gv.at,Could not resolve host: moazs-e.ooe.gv.at
moazs.ooe.gv.at,Could not resolve host: moazs.ooe.gv.at
mob.salzburg.gv.at,302
mobacc.bmask.gv.at,Could not resolve host: mobacc.bmask.gv.at
mobil.noe.gv.at,302
mobile.bev.gv.at,Operation timed out after 3002 milliseconds with 0 bytes received
mobile.salzburg.gv.at,302
mobileuc.salzburg.gv.at,Connection timed out after 3002 milliseconds
mobilt.noe.gv.at,Could not resolve host: mobilt.noe.gv.at
mocca-entw.bka.gv.at,Could not resolve host: mocca-entw.bka.gv.at
mocca-entw.dsb.gv.at,Could not resolve host: mocca-entw.dsb.gv.at
mocca-entw.dsk.gv.at,Could not resolve host: mocca-entw.dsk.gv.at
mocca-entw.stammzahlenregister.gv.at,Could not resolve host: mocca-entw.stammzahlenregister.gv.at
mocca-entw.zustellung.gv.at,Could not resolve host: mocca-entw.zustellung.gv.at
mocca-test.bka.gv.at,Could not resolve host: mocca-test.bka.gv.at
mocca-test.dsb.gv.at,Could not resolve host: mocca-test.dsb.gv.at
mocca-test.dsk.gv.at,Could not resolve host: mocca-test.dsk.gv.at
mocca-test.stammzahlenregister.gv.at,Could not resolve host: mocca-test.stammzahlenregister.gv.at
mocca-test.zustellung.gv.at,Could not resolve host: mocca-test.zustellung.gv.at
mocca.bka.gv.at,Could not resolve host: mocca.bka.gv.at
mocca.dsb.gv.at,Could not resolve host: mocca.dsb.gv.at
mocca.dsk.gv.at,Could not resolve host: mocca.dsk.gv.at
mocca.stammzahlenregister.gv.at,Could not resolve host: mocca.stammzahlenregister.gv.at
mocca.zustellung.gv.at,Could not resolve host: mocca.zustellung.gv.at
modes.stmk.gv.at,Could not resolve host: modes.stmk.gv.at
modestest.stmk.gv.at,Could not resolve host: modestest.stmk.gv.at
monitoring-contracting.bmwa.gv.at,Could not resolve host: monitoring-contracting.bmwa.gv.at
monitoring.e-shop.gv.at,Could not resolve host: monitoring.e-shop.gv.at
mountaintraining.extra.bmlv.gv.at,Could not resolve host: mountaintraining.extra.bmlv.gv.at
mp.bmf.gv.at,Could not resolve host: mp.bmf.gv.at
ms.bmukk.gv.at,Could not resolve host: ms.bmukk.gv.at
msli01-t24.ooe.gv.at,Could not resolve host: msli01-t24.ooe.gv.at
mta1.parlament.gv.at,Connection timed out after 3002 milliseconds
mta2.parlament.gv.at,Connection timed out after 3002 milliseconds
mta3.parlament.gv.at,Connection timed out after 3002 milliseconds
mta4.parlament.gv.at,Connection timed out after 3002 milliseconds
muenzbach.ooe.gv.at,Could not resolve host: muenzbach.ooe.gv.at
mwp.ooe.gv.at,Could not resolve host: mwp.ooe.gv.at
mx.bmlv.gv.at,Connection timed out after 3001 milliseconds
mx.bmlvs.gv.at,Could not resolve host: mx.bmlvs.gv.at
mx1.bmlv.gv.at,Connection timed out after 3002 milliseconds
mx2.bmlv.gv.at,Connection timed out after 3002 milliseconds
mx2.bmlvs.gv.at,Could not resolve host: mx2.bmlvs.gv.at
mxm-test.wien.gv.at,Could not resolve host: mxm-test.wien.gv.at
mxm.wien.gv.at,403
natschbach-loipersbach.gv.at,Could not resolve host: natschbach-loipersbach.gv.at
ncp.elga.gv.at,Could not resolve host: ncp.elga.gv.at
nesselwaengle.tirol.gv.at,Could not resolve host: nesselwaengle.tirol.gv.at
nestelbach-graz.gv.at,Could not resolve host: nestelbach-graz.gv.at
netsrvd1.ooe.gv.at,Connection timed out after 3002 milliseconds
neu.intern.magwien.gv.at,Connection timed out after 3002 milliseconds
neukirchen-voeckla.ooe.gv.at,Could not resolve host: neukirchen-voeckla.ooe.gv.at
neunkirchen.gv.at,Connection timed out after 3002 milliseconds
neustadtl.gv.at,200
newsletter.bka.gv.at,302
nextcloud.cnc.gv.at,503
ngmodes.stmk.gv.at,Could not resolve host: ngmodes.stmk.gv.at
ngmodestest.stmk.gv.at,Could not resolve host: ngmodestest.stmk.gv.at
ngmxm-test.stmk.gv.at,Could not resolve host: ngmxm-test.stmk.gv.at
ngmxm.stmk.gv.at,Could not resolve host: ngmxm.stmk.gv.at
ngxm.stmk.gv.at,Could not resolve host: ngxm.stmk.gv.at
ngxmtest.stmk.gv.at,Could not resolve host: ngxmtest.stmk.gv.at
nls.ooe.gv.at,Could not resolve host: nls.ooe.gv.at
noebox.noe.gv.at,301
non-eu-moss-evat.bmf.gv.at,302
npm.volksanwaltschaft.gv.at,403
nstest.stmk.gv.at,Failed to connect to nstest.stmk.gv.at port 443 after 41 ms: Could not connect to server
nts.doris.bmvit.gv.at,Connection timed out after 3001 milliseconds
obst.elga-online.gv.at,Connection timed out after 3002 milliseconds
obsteig.gv.at,302
oed-oehling.gv.at,200
oeffentlicherdienst.gv.at,200
oeh-wahl.gv.at,Could not resolve host: oeh-wahl.gv.at
oeroko.innsbruck.gv.at,301
oftering.ooe.gv.at,Could not resolve host: oftering.ooe.gv.at
oia.bmwf.gv.at,Connection timed out after 3002 milliseconds
onlinebku.sozialversicherung.gv.at,Could not resolve host: onlinebku.sozialversicherung.gv.at
onlinesicherheit.gv.at,301
ooe.gv.at,301
opac.bmlv.gv.at,302
opac.bmlvs.gv.at,302
opac.noe.gv.at,SSL certificate problem: unable to get local issuer certificate
opac.noel.gv.at,SSL certificate problem: unable to get local issuer certificate
open.wien.gv.at,301
opfb.bmvit.gv.at,Could not resolve host: opfb.bmvit.gv.at
opferhilfe.justiz.gv.at,Could not resolve host: opferhilfe.justiz.gv.at
opm.bos.bmi.gv.at,302
opponitz.gv.at,200
oracle.innsbruck.gv.at,Connection timed out after 3002 milliseconds
oswebcoll.magwien.gv.at,Could not resolve host: oswebcoll.magwien.gv.at
otti.bmg.gv.at,404
outlook.traiskirchen.gv.at,302
ovd.bmukk.gv.at,Could not resolve host: ovd.bmukk.gv.at
owa-dev.bmvit.gv.at,Could not resolve host: owa-dev.bmvit.gv.at
owa.bmi.gv.at,Connection timed out after 3002 milliseconds
owa.bmvit.gv.at,302
owa.bmwfj.gv.at,Could not resolve host: owa.bmwfj.gv.at
owa.bmwfw.gv.at,Could not resolve host: owa.bmwfw.gv.at
owa.bregenz.gv.at,Could not resolve host: owa.bregenz.gv.at
owa.parlament.gv.at,Could not resolve host: owa.parlament.gv.at
owa.seiersberg-pirka.gv.at,Connection timed out after 3001 milliseconds
owa.vfgh.gv.at,Could not resolve host: owa.vfgh.gv.at
owa11.bmi.gv.at,Connection timed out after 3002 milliseconds
owa21.bmi.gv.at,Connection timed out after 3002 milliseconds
owa31.bmi.gv.at,Connection timed out after 3002 milliseconds
owa41.bmi.gv.at,Connection timed out after 3002 milliseconds
owa51.bmi.gv.at,Could not resolve host: owa51.bmi.gv.at
owa61.bmi.gv.at,Connection timed out after 3002 milliseconds
owa71.bmi.gv.at,Connection timed out after 3001 milliseconds
owa81.bmi.gv.at,Connection timed out after 3002 milliseconds
owa91.bmi.gv.at,Connection timed out after 3002 milliseconds
owaofb.bmvit.gv.at,SSL: no alternative certificate subject name matches target hostname 'owaofb.bmvit.gv.at'
owncloud.bmbf.gv.at,SSL: no alternative certificate subject name matches target hostname 'owncloud.bmbf.gv.at'
ows-qm.wien.gv.at,Could not resolve host: ows-qm.wien.gv.at
ows.wien.gv.at,Could not resolve host: ows.wien.gv.at
pais-test.ooe.gv.at,Could not resolve host: pais-test.ooe.gv.at
pais.ooe.gv.at,Could not resolve host: pais.ooe.gv.at
pallast-schulung.stmk.gv.at,Could not resolve host: pallast-schulung.stmk.gv.at
pallast.stmk.gv.at,Connection timed out after 3002 milliseconds
pallast2.stmk.gv.at,200
pallasttest.stmk.gv.at,200
parlament.gv.at,308
pdexca10.parlinkom.gv.at,Could not resolve host: pdexca10.parlinkom.gv.at
pdexca11.parlinkom.gv.at,Could not resolve host: pdexca11.parlinkom.gv.at
pdexca12.parlinkom.gv.at,Could not resolve host: pdexca12.parlinkom.gv.at
pdexca13.parlinkom.gv.at,Connection timed out after 3001 milliseconds
pdexin.parlinkom.gv.at,Could not resolve host: pdexin.parlinkom.gv.at
pendlerrechner.bmf.gv.at,200
piberbach.ooe.gv.at,Could not resolve host: piberbach.ooe.gv.at
piwik.bbg.gv.at,Could not resolve host: piwik.bbg.gv.at
piwik.bda.gv.at,Could not resolve host: piwik.bda.gv.at
pki.ooe.gv.at,302
pmt.innsbruck.gv.at,Could not resolve host: pmt.innsbruck.gv.at
poelstal.gv.at,200
portal-a.bmvit.gv.at,Could not resolve host: portal-a.bmvit.gv.at
portal-e.ooe.gv.at,Could not resolve host: portal-e.ooe.gv.at
portal-e2.ooe.gv.at,Could not resolve host: portal-e2.ooe.gv.at
portal-intern.noe.gv.at,302
portal-intern.noel.gv.at,302
portal-t.ooe.gv.at,Could not resolve host: portal-t.ooe.gv.at
portal-test.bmi.gv.at,Could not resolve host: portal-test.bmi.gv.at
portal-test.noe.gv.at,Could not resolve host: portal-test.noe.gv.at
portal-test.noel.gv.at,Could not resolve host: portal-test.noel.gv.at
portal-test.oesta.gv.at,Could not resolve host: portal-test.oesta.gv.at
portal-testintern.noe.gv.at,302
portal-testintern.noel.gv.at,302
portal-testlpph.noe.gv.at,SSL: no alternative certificate subject name matches target hostname 'portal-testlpph.noe.gv.at'
portal-testlpph.noel.gv.at,SSL: no alternative certificate subject name matches target hostname 'portal-testlpph.noel.gv.at'
portal-testma.noe.gv.at,Could not resolve host: portal-testma.noe.gv.at
portal-testowa.noe.gv.at,200
portal-testowa.noel.gv.at,302
portal-verbund.ooe.gv.at,"OpenSSL SSL_read: OpenSSL/3.5.3: error:0A00045C:SSL routines::tlsv13 alert certificate required, errno 0"
portal.bbg.gv.at,200
portal.bev.gv.at,Could not resolve host: portal.bev.gv.at
portal.bmeia.gv.at,Could not resolve host: portal.bmeia.gv.at
portal.bmf.gv.at,Could not resolve host: portal.bmf.gv.at
portal.bmi.gv.at,Could not resolve host: portal.bmi.gv.at
portal.bmvit.gv.at,Connection timed out after 3002 milliseconds
portal.doris.ooe.gv.at,Could not resolve host: portal.doris.ooe.gv.at
portal.extranet.ooe.gv.at,Could not resolve host: portal.extranet.ooe.gv.at
portal.innsbruck.gv.at,Could not resolve host: portal.innsbruck.gv.at
portal.ktn.gv.at,302
portal.linz.gv.at,301
portal.lsr-ktn.gv.at,Could not resolve host: portal.lsr-ktn.gv.at
portal.lsr-stmk.gv.at,Could not resolve host: portal.lsr-stmk.gv.at
portal.noe.gv.at,Could not resolve host: portal.noe.gv.at
portal.noel.gv.at,302
portal.oesta.gv.at,Could not resolve host: portal.oesta.gv.at
portal.ooe.gv.at,307
portal.ooe.intra.gv.at,Could not resolve host: portal.ooe.intra.gv.at
portal.salzburg.gv.at,Could not resolve host: portal.salzburg.gv.at
portal.tirol.gv.at,Could not resolve host: portal.tirol.gv.at
portal.wien.gv.at,Could not resolve host: portal.wien.gv.at
portal04.bmf.gv.at,Could not resolve host: portal04.bmf.gv.at
portal2.bbg.gv.at,200
portal2.lsr-ktn.gv.at,Could not resolve host: portal2.lsr-ktn.gv.at
portalcert-intern.noe.gv.at,302
portalcert-intern.noel.gv.at,302
portalcert-test.noe.gv.at,"OpenSSL SSL_read: OpenSSL/3.5.3: error:0A00045C:SSL routines::tlsv13 alert certificate required, errno 0"
portalcert-test.noel.gv.at,Could not resolve host: portalcert-test.noel.gv.at
portalcert-testintern.noe.gv.at,Could not resolve host: portalcert-testintern.noe.gv.at
portalcert-testintern.noel.gv.at,302
portalcert.noe.gv.at,"OpenSSL SSL_read: OpenSSL/3.5.3: error:0A00045C:SSL routines::tlsv13 alert certificate required, errno 0"
portalcert.noel.gv.at,302
portallpph.noe.gv.at,SSL: no alternative certificate subject name matches target hostname 'portallpph.noe.gv.at'
portallpph.noel.gv.at,SSL: no alternative certificate subject name matches target hostname 'portallpph.noel.gv.at'
portalma.noe.gv.at,Could not resolve host: portalma.noe.gv.at
portalmul.ccc.brz.gv.at,Could not resolve host: portalmul.ccc.brz.gv.at
portalo-t.ooe.gv.at,Could not resolve host: portalo-t.ooe.gv.at
portalo.ooe.gv.at,Could not resolve host: portalo.ooe.gv.at
portalowa.noe.gv.at,Could not resolve host: portalowa.noe.gv.at
portalowa.noel.gv.at,Could not resolve host: portalowa.noel.gv.at
portals.bmf.gv.at,Connection timed out after 3002 milliseconds
portalverbund.gv.at,Could not resolve host: portalverbund.gv.at
portalverbund.ooe.gv.at,Could not resolve host: portalverbund.ooe.gv.at
post01.lenzing.ooe.gv.at,Could not resolve host: post01.lenzing.ooe.gv.at
postserver.zustellung.gv.at,Could not resolve host: postserver.zustellung.gv.at
projektplattform.bmfj.gv.at,Could not resolve host: projektplattform.bmfj.gv.at
projektplattform.bmlfuw.gv.at,Could not resolve host: projektplattform.bmlfuw.gv.at
proxy1.test.portalverbund.gv.at,Could not resolve host: proxy1.test.portalverbund.gv.at
proxy5.test.portalverbund.gv.at,Could not resolve host: proxy5.test.portalverbund.gv.at
ps.e-shop.gv.at,Connection timed out after 3002 milliseconds
psc.tirol.gv.at,302
psp.wien.gv.at,200
pspa.wien.gv.at,200
pspi.wien.gv.at,200
pspl.wien.gv.at,200
psybe.bmwfj.gv.at,Could not resolve host: psybe.bmwfj.gv.at
psychische-hilfe.wien.gv.at,301
publicwlan.wien.gv.at,200
pubshop.bmb.gv.at,200
puma.extra.bmlv.gv.at,Could not resolve host: puma.extra.bmlv.gv.at
pvawp-test.bmi.gv.at,SSL certificate problem: unable to get local issuer certificate
pvawp-test.tirol.gv.at,Could not resolve host: pvawp-test.tirol.gv.at
pvawp-test.zmr.register.gv.at,Could not resolve host: pvawp-test.zmr.register.gv.at
pvawp.bmi.gv.at,403
pvawp.graz.gv.at,Could not resolve host: pvawp.graz.gv.at
pvawp.tirol.gv.at,401
pvawp.zmr.register.gv.at,Could not resolve host: pvawp.zmr.register.gv.at
pvp-res.ooe.gv.at,"OpenSSL SSL_read: OpenSSL/3.5.3: error:0A00045C:SSL routines::tlsv13 alert certificate required, errno 0"
pvp.amtsweg.gv.at,Connection timed out after 3002 milliseconds
pvp.ktn.gv.at,Connection timed out after 3002 milliseconds
pvp.ooe.gv.at,"OpenSSL SSL_read: OpenSSL/3.5.3: error:0A00045C:SSL routines::tlsv13 alert certificate required, errno 0"
pvp.stmk.gv.at,"OpenSSL SSL_read: OpenSSL/3.5.3: error:0A00045C:SSL routines::tlsv13 alert certificate required, errno 0"
pvpawp.ktn.gv.at,Connection timed out after 3002 milliseconds
pvptest.stmk.gv.at,"OpenSSL SSL_read: OpenSSL/3.5.3: error:0A00045C:SSL routines::tlsv13 alert certificate required, errno 0"
pvstp.graz.gv.at,Could not resolve host: pvstp.graz.gv.at
pvzd.test.portalverbund.gv.at,Could not resolve host: pvzd.test.portalverbund.gv.at
pw-p.ooe.gv.at,Could not resolve host: pw-p.ooe.gv.at
pw.ooe.gv.at,301
pwb.wien.gv.at,Could not resolve host: pwb.wien.gv.at
pyhra.gv.at,301
qibb.bmb.gv.at,Could not resolve host: qibb.bmb.gv.at
qibb.bmukk.gv.at,Could not resolve host: qibb.bmukk.gv.at
qibb01.bmb.gv.at,Could not resolve host: qibb01.bmb.gv.at
qibb01.bmukk.gv.at,Could not resolve host: qibb01.bmukk.gv.at
radenthein.gv.at,Could not resolve host: radenthein.gv.at
ramsau.gv.at,302
rechnungshof.gv.at,Could not resolve host: rechnungshof.gv.at
ref-test.stmk.gv.at,Could not resolve host: ref-test.stmk.gv.at
ref.gv.at,200
regau.ooe.gv.at,Could not resolve host: regau.ooe.gv.at
registratur.aufsichtskonferenz.fma.gv.at,Could not resolve host: registratur.aufsichtskonferenz.fma.gv.at
registratur.konferenz.fma.gv.at,Could not resolve host: registratur.konferenz.fma.gv.at
relay-ff112.magwien.gv.at,Connection timed out after 3002 milliseconds
relay-fr112.magwien.gv.at,Connection timed out after 3002 milliseconds
remedy81.wien.gv.at,Could not resolve host: remedy81.wien.gv.at
remote.aflenz.gv.at,Connection timed out after 3002 milliseconds
remote.bad-deutsch-altenburg.gv.at,405
remote.biberbach.gv.at,Connection timed out after 3002 milliseconds
remote.enzersdorf-fischa.gv.at,Could not resolve host: remote.enzersdorf-fischa.gv.at
remote.hainburg-donau.gv.at,Connection timed out after 3002 milliseconds
remote.hoeflein.gv.at,405
remote.kematen-ybbs.gv.at,Connection timed out after 3002 milliseconds
remote.korneuburg.gv.at,Connection timed out after 3002 milliseconds
remote.nussdorf-traisen.gv.at,Connection timed out after 3002 milliseconds
remote.seitenstetten.gv.at,Connection timed out after 3002 milliseconds
remote.strengberg.gv.at,Could not resolve host: remote.strengberg.gv.at
remote.vst.gv.at,Could not resolve host: remote.vst.gv.at
resources.bmf.gv.at,Could not resolve host: resources.bmf.gv.at
rfs.salzburg.gv.at,Could not resolve host: rfs.salzburg.gv.at
ried-traunkreis.ooe.gv.at,Could not resolve host: ried-traunkreis.ooe.gv.at
riegersburg.gv.at,301
ris.bka.gv.at,200
rocketchat.test.portalverbund.gv.at,Could not resolve host: rocketchat.test.portalverbund.gv.at
rohr.ooe.gv.at,Could not resolve host: rohr.ooe.gv.at
rohrberg.tirol.gv.at,Could not resolve host: rohrberg.tirol.gv.at
route.bmvit.gv.at,Connection timed out after 3002 milliseconds
rs.wien.gv.at,404
rsa.stmk.gv.at,Could not resolve host: rsa.stmk.gv.at
rtr.gv.at,Could not resolve host: rtr.gv.at
rueckschein.noe.gv.at,Could not resolve host: rueckschein.noe.gv.at
rueckschein.noel.gv.at,Could not resolve host: rueckschein.noel.gv.at
rueckscheintest.noe.gv.at,Could not resolve host: rueckscheintest.noe.gv.at
rueckscheintest.noel.gv.at,Could not resolve host: rueckscheintest.noel.gv.at
s-asa.fma.gv.at,Could not resolve host: s-asa.fma.gv.at
s-asm.fma.gv.at,Could not resolve host: s-asm.fma.gv.at
s-asm1.fma.gv.at,Could not resolve host: s-asm1.fma.gv.at
s-asm2.fma.gv.at,Could not resolve host: s-asm2.fma.gv.at
s-asproxy.fma.gv.at,Could not resolve host: s-asproxy.fma.gv.at
s-avces-ext.fma.gv.at,Could not resolve host: s-avces-ext.fma.gv.at
s-avcf-ext.fma.gv.at,Could not resolve host: s-avcf-ext.fma.gv.at
s-avscces.fma.gv.at,Could not resolve host: s-avscces.fma.gv.at
s-avsccf.fma.gv.at,Could not resolve host: s-avsccf.fma.gv.at
s-avscsm1.fma.gv.at,Could not resolve host: s-avscsm1.fma.gv.at
s-avscsm2.fma.gv.at,Could not resolve host: s-avscsm2.fma.gv.at
s-avsm1-ext.fma.gv.at,Could not resolve host: s-avsm1-ext.fma.gv.at
s-avsm2-ext.fma.gv.at,Could not resolve host: s-avsm2-ext.fma.gv.at
s-findok-intra.bmf.gv.at,Could not resolve host: s-findok-intra.bmf.gv.at
s-findok.bmf.gv.at,Could not resolve host: s-findok.bmf.gv.at
s-lync01.fma.gv.at,Could not resolve host: s-lync01.fma.gv.at
s-lync02.fma.gv.at,Could not resolve host: s-lync02.fma.gv.at
s-mdm.fma.gv.at,Could not resolve host: s-mdm.fma.gv.at
s3.brz.gv.at,Connection timed out after 3002 milliseconds
sanis.stmk.gv.at,Could not resolve host: sanis.stmk.gv.at
sap-portal-dev.magwien.gv.at,Could not resolve host: sap-portal-dev.magwien.gv.at
sap-portal-qs.magwien.gv.at,Could not resolve host: sap-portal-qs.magwien.gv.at
sap-portal.magwien.gv.at,Could not resolve host: sap-portal.magwien.gv.at
sapschule.stmk.gv.at,Could not resolve host: sapschule.stmk.gv.at
scg-ms-01.scg.gv.at,Could not resolve host: scg-ms-01.scg.gv.at
schattwald.tirol.gv.at,Could not resolve host: schattwald.tirol.gv.at
schlaiten.gv.at,Operation timed out after 3000 milliseconds with 0 bytes received
schrattenbach.gv.at,200
schulautonomie.bmb.gv.at,Could not resolve host: schulautonomie.bmb.gv.at
schulen.lsr-stmk.gv.at,Could not resolve host: schulen.lsr-stmk.gv.at
schulung.e-shop.gv.at,Connection timed out after 3002 milliseconds
schwarzautal.gv.at,301
schwedenplatz.wien.gv.at,Could not resolve host: schwedenplatz.wien.gv.at
sd1erhebung.bmbf.gv.at,Could not resolve host: sd1erhebung.bmbf.gv.at
sdownloads.ehealth.gv.at,200
sdwzeit.wien.gv.at,Could not resolve host: sdwzeit.wien.gv.at
sdwzeittest.wien.gv.at,Could not resolve host: sdwzeittest.wien.gv.at
seafile-kb.traiskirchen.gv.at,Could not resolve host: seafile-kb.traiskirchen.gv.at
seafile.traiskirchen.gv.at,SSL: no alternative certificate subject name matches target hostname 'seafile.traiskirchen.gv.at'
secure.aerztekammer.gv.at,200
secure.elak.gv.at,200
secure.gesundheit.gv.at,302
secure.judenburg.gv.at,Could not resolve host: secure.judenburg.gv.at
secure.tirol.gv.at,Could not resolve host: secure.tirol.gv.at
secure1.gesundheit.gv.at,Connection timed out after 3002 milliseconds
secure2.gesundheit.gv.at,Connection timed out after 3002 milliseconds
secure3.gesundheit.gv.at,Could not resolve host: secure3.gesundheit.gv.at
secure4.gesundheit.gv.at,Connection timed out after 3002 milliseconds
securegateway.tirol.gv.at,Could not resolve host: securegateway.tirol.gv.at
securegw.tirol.gv.at,Could not resolve host: securegw.tirol.gv.at
securemail.bmi.gv.at,SSL certificate problem: unable to get local issuer certificate
seitenstetten.gv.at,302
seminar.bmlv.gv.at,404
seminar.bmlvs.gv.at,404
sep7c1eb3017de8.voip.ooe.gv.at,Could not resolve host: sep7c1eb3017de8.voip.ooe.gv.at
server.klimafonds.gv.at,302
server01.ebensee.ooe.gv.at,Could not resolve host: server01.ebensee.ooe.gv.at
service-e.ooe.gv.at,Could not resolve host: service-e.ooe.gv.at
service-t.ooe.gv.at,Could not resolve host: service-t.ooe.gv.at
service.bgld.gv.at,Could not resolve host: service.bgld.gv.at
service.bmf.gv.at,301
service.bmvitnotfall.gv.at,Could not resolve host: service.bmvitnotfall.gv.at
service.hbv.gv.at,Could not resolve host: service.hbv.gv.at
service.lsr-noe.gv.at,Could not resolve host: service.lsr-noe.gv.at
service.magwien.gv.at,Could not resolve host: service.magwien.gv.at
service.onlinesicherheit.gv.at,Could not resolve host: service.onlinesicherheit.gv.at
service.ooe.gv.at,403
service.salzburg.gv.at,503
service.wien.gv.at,404
services.sendhybrid.zustellung.gv.at,Failed to connect to services.sendhybrid.zustellung.gv.at port 443 after 70 ms: Could not connect to server
sft.fma.gv.at,Could not resolve host: sft.fma.gv.at
sfws.gv.at,200
share.elga.gv.at,SSL: no alternative certificate subject name matches target hostname 'share.elga.gv.at'
siapp.bmi.gv.at,Connection timed out after 3002 milliseconds
sicherheitshandbuch.gv.at,SSL certificate problem: unable to get local issuer certificate
sierning.ooe.gv.at,Could not resolve host: sierning.ooe.gv.at
signature-verification.gv.at,SSL: no alternative certificate subject name matches target hostname 'signature-verification.gv.at'
signaturpruefung.gv.at,301
signieren-test.bka.gv.at,Could not resolve host: signieren-test.bka.gv.at
signieren.bka.gv.at,Could not resolve host: signieren.bka.gv.at
signon.bca.gv.at,Could not resolve host: signon.bca.gv.at
sip.bak.gv.at,Connection timed out after 3002 milliseconds
sip.bbg.gv.at,Could not resolve host: sip.bbg.gv.at
sip.bfg.gv.at,Could not resolve host: sip.bfg.gv.at
sip.bhag.gv.at,Could not resolve host: sip.bhag.gv.at
sip.bmeia.gv.at,Could not resolve host: sip.bmeia.gv.at
sip.bmf.gv.at,404
sip.bmi.gv.at,Connection timed out after 3002 milliseconds
sip.brz.gv.at,Could not resolve host: sip.brz.gv.at
sip.elga.gv.at,Could not resolve host: sip.elga.gv.at
sip.extern.bbg.gv.at,Could not resolve host: sip.extern.bbg.gv.at
sip.extern.bfg.gv.at,Could not resolve host: sip.extern.bfg.gv.at
sip.extern.bhag.gv.at,Could not resolve host: sip.extern.bhag.gv.at
sip.extern.bmf.gv.at,Connection timed out after 3001 milliseconds
sip.extern.brz.gv.at,Could not resolve host: sip.extern.brz.gv.at
sip.extern.volksanwaltschaft.gv.at,Could not resolve host: sip.extern.volksanwaltschaft.gv.at
sip.fma.gv.at,Could not resolve host: sip.fma.gv.at
sip.ivt-pilot.justiz.gv.at,Could not resolve host: sip.ivt-pilot.justiz.gv.at
sip.ktn.gv.at,Could not resolve host: sip.ktn.gv.at
sip.lsr-stmk.gv.at,Could not resolve host: sip.lsr-stmk.gv.at
sip.polizei.gv.at,Connection timed out after 3002 milliseconds
sip.stmk.gv.at,404
sip.volksanwaltschaft.gv.at,Could not resolve host: sip.volksanwaltschaft.gv.at
skfuekdo.extra.bmlv.gv.at,Could not resolve host: skfuekdo.extra.bmlv.gv.at
smartcard.wien.gv.at,Could not resolve host: smartcard.wien.gv.at
smartcity.wien.gv.at,200
smc.bbg.gv.at,Could not resolve host: smc.bbg.gv.at
smtp.kirchberg-wagram.gv.at,Connection timed out after 3002 milliseconds
smtp01.bmukk.gv.at,Could not resolve host: smtp01.bmukk.gv.at
smtp02.bmukk.gv.at,Could not resolve host: smtp02.bmukk.gv.at
smtp03.bmukk.gv.at,Could not resolve host: smtp03.bmukk.gv.at
smtp04.bmukk.gv.at,Could not resolve host: smtp04.bmukk.gv.at
smtp05.bmukk.gv.at,Could not resolve host: smtp05.bmukk.gv.at
smtpi10.ooe.gv.at,Connection timed out after 3002 milliseconds
smtpi20.ooe.gv.at,Connection timed out after 3003 milliseconds
soci.bmask.gv.at,Could not resolve host: soci.bmask.gv.at
social.era.gv.at,Could not resolve host: social.era.gv.at
solr.bda.gv.at,Could not resolve host: solr.bda.gv.at
sonntagberg.gv.at,200
sozialinfo.noe.gv.at,SSL certificate problem: unable to get local issuer certificate
sozialinfo.noel.gv.at,SSL certificate problem: unable to get local issuer certificate
sozialinfo.wien.gv.at,Connection timed out after 3002 milliseconds
sp-dev1.wien.gv.at,Could not resolve host: sp-dev1.wien.gv.at
sp.bca.gv.at,Could not resolve host: sp.bca.gv.at
sp.tirol.gv.at,Recv failure: Connexion ré-initialisée par le correspondant
sp1.test.portalverbund.gv.at,Could not resolve host: sp1.test.portalverbund.gv.at
sp2.test.portalverbund.gv.at,Could not resolve host: sp2.test.portalverbund.gv.at
sp3.test.portalverbund.gv.at,Could not resolve host: sp3.test.portalverbund.gv.at
sp4.test.portalverbund.gv.at,Could not resolve host: sp4.test.portalverbund.gv.at
sp5.test.portalverbund.gv.at,Could not resolve host: sp5.test.portalverbund.gv.at
sp6.test.portalverbund.gv.at,Could not resolve host: sp6.test.portalverbund.gv.at
spam.vfgh.gv.at,Connection timed out after 3002 milliseconds
spamslammer1.tirol.gv.at,Could not resolve host: spamslammer1.tirol.gv.at
spamslammer2.tirol.gv.at,Could not resolve host: spamslammer2.tirol.gv.at
spconnect.salzburg.gv.at,503
sprachen.wien.gv.at,200
sqaonline.bmbf.gv.at,Could not resolve host: sqaonline.bmbf.gv.at
sqaonline.bmukk.gv.at,Could not resolve host: sqaonline.bmukk.gv.at
sqaweb.bmbf.gv.at,Could not resolve host: sqaweb.bmbf.gv.at
sqaweb.bmukk.gv.at,Could not resolve host: sqaweb.bmukk.gv.at
sqawebstage.bmbf.gv.at,Could not resolve host: sqawebstage.bmbf.gv.at
sqlcert.ooe.gv.at,Could not resolve host: sqlcert.ooe.gv.at
sqlgip.ooe.gv.at,Could not resolve host: sqlgip.ooe.gv.at
srmsgofb001.opfb.bmvit.gv.at,Could not resolve host: srmsgofb001.opfb.bmvit.gv.at
srpcd.brz.gv.at,Could not resolve host: srpcd.brz.gv.at
srv01.altheim.ooe.gv.at,Could not resolve host: srv01.altheim.ooe.gv.at
srv01.freistadt.ooe.gv.at,Could not resolve host: srv01.freistadt.ooe.gv.at
srv01.regau.ooe.gv.at,Could not resolve host: srv01.regau.ooe.gv.at
srv02.bad-goisern.ooe.gv.at,Could not resolve host: srv02.bad-goisern.ooe.gv.at
srv02.braunau.ooe.gv.at,Could not resolve host: srv02.braunau.ooe.gv.at
srv02.st-gotthard.ooe.gv.at,Could not resolve host: srv02.st-gotthard.ooe.gv.at
srv02.st-marien.ooe.gv.at,Could not resolve host: srv02.st-marien.ooe.gv.at
srv03.weyer.ooe.gv.at,Could not resolve host: srv03.weyer.ooe.gv.at
srv1.laakirchen.ooe.gv.at,Could not resolve host: srv1.laakirchen.ooe.gv.at
srv1.pregarten.ooe.gv.at,Could not resolve host: srv1.pregarten.ooe.gv.at
srv2.braunau.ooe.gv.at,Could not resolve host: srv2.braunau.ooe.gv.at
srv2.haslach.ooe.gv.at,Could not resolve host: srv2.haslach.ooe.gv.at
srv2.luftenberg.ooe.gv.at,Could not resolve host: srv2.luftenberg.ooe.gv.at
srv2.pinsdorf.ooe.gv.at,Could not resolve host: srv2.pinsdorf.ooe.gv.at
srv2.schwertberg.ooe.gv.at,Could not resolve host: srv2.schwertberg.ooe.gv.at
srv2.st-wolfgang.ooe.gv.at,Could not resolve host: srv2.st-wolfgang.ooe.gv.at
srv2.zell-pettenfirst.ooe.gv.at,Could not resolve host: srv2.zell-pettenfirst.ooe.gv.at
srvmail1.st-poelten.gv.at,Could not resolve host: srvmail1.st-poelten.gv.at
srvmail2.st-poelten.gv.at,Could not resolve host: srvmail2.st-poelten.gv.at
srwebbmv001.bmvit.gv.at,Connection timed out after 3002 milliseconds
srwebofb001.opfb.bmvit.gv.at,Connection timed out after 3002 milliseconds
ssl-exchange.wien.gv.at,Could not resolve host: ssl-exchange.wien.gv.at
ssl.neunkirchen.gv.at,Could not resolve host: ssl.neunkirchen.gv.at
sslvc.basb.gv.at,Connection timed out after 3002 milliseconds
sslvc.bbg.gv.at,Could not resolve host: sslvc.bbg.gv.at
sslvc.bmf.gv.at,404
sslvc.brz.gv.at,Could not resolve host: sslvc.brz.gv.at
sslvpn.ooe.gv.at,404
sso.aerztekammer.gv.at,Could not resolve host: sso.aerztekammer.gv.at
sso.bev.gv.at,200
sso.lsr-stmk.gv.at,Could not resolve host: sso.lsr-stmk.gv.at
ssr-wien.gv.at,Could not resolve host: ssr-wien.gv.at
st-aegidi.ooe.gv.at,SSL certificate problem: certificate has expired
st-barbara.gv.at,301
st-florian.ooe.gv.at,Could not resolve host: st-florian.ooe.gv.at
st-georgen-reith.gv.at,200
st-georgen-ybbsfelde.gv.at,200
st-lorenz.ooe.gv.at,Could not resolve host: st-lorenz.ooe.gv.at
st-margarethen-knittelfeld.gv.at,301
st-pantaleon-erla.gv.at,200
st-peter-wimberg.ooe.gv.at,Could not resolve host: st-peter-wimberg.ooe.gv.at
st2log.ooe.gv.at,Could not resolve host: st2log.ooe.gv.at
stadtbuecherei.innsbruck.gv.at,Could not resolve host: stadtbuecherei.innsbruck.gv.at
stadtplan.innsbruck.gv.at,301
stadtwildnis.wien.gv.at,Could not resolve host: stadtwildnis.wien.gv.at
staedtebund.gv.at,301
stainach-puergg.gv.at,301
stammportal.bmlv.gv.at,404
stammportal.bmlvs.gv.at,Could not resolve host: stammportal.bmlvs.gv.at
stammzahlenregister.gv.at,Connection timed out after 3002 milliseconds
static.tirol.gv.at,403
statistic-entw.bka.gv.at,Could not resolve host: statistic-entw.bka.gv.at
statistic-test.bka.gv.at,Could not resolve host: statistic-test.bka.gv.at
statistic.bka.gv.at,Could not resolve host: statistic.bka.gv.at
statistik.gv.at,302
statistik.strasshofandernordbahn.gv.at,SSL: no alternative certificate subject name matches target hostname 'statistik.strasshofandernordbahn.gv.at'
stbmx.bmask.gv.at,SSL: no alternative certificate subject name matches target hostname 'stbmx.bmask.gv.at'
stbmx2.bmask.gv.at,Connection timed out after 3003 milliseconds
steeg-kamera.tirol.gv.at,Could not resolve host: steeg-kamera.tirol.gv.at
sterz.stmk.gv.at,200
sterz3.stmk.gv.at,"OpenSSL SSL_read: OpenSSL/3.5.3: error:0A00045C:SSL routines::tlsv13 alert certificate required, errno 0"
sterz3test.stmk.gv.at,"OpenSSL SSL_read: OpenSSL/3.5.3: error:0A00045C:SSL routines::tlsv13 alert certificate required, errno 0"
sterztest.stmk.gv.at,Could not resolve host: sterztest.stmk.gv.at
stetteldorf-wagram.gv.at,Connection timed out after 3002 milliseconds
sti.bev.gv.at,200
stmk.gv.at,Could not resolve host: stmk.gv.at
stoany-portal.brz.gv.at,Could not resolve host: stoany-portal.brz.gv.at
stoany.brz.gv.at,Could not resolve host: stoany.brz.gv.at
stp-test-owalpph.noe.gv.at,SSL: no alternative certificate subject name matches target hostname 'stp-test-owalpph.noe.gv.at'
stp-test-owalpph.noel.gv.at,SSL: no alternative certificate subject name matches target hostname 'stp-test-owalpph.noel.gv.at'
stp-test.bmi.gv.at,Could not resolve host: stp-test.bmi.gv.at
stp-test.noe.gv.at,503
stp-test.noel.gv.at,302
stp-test.wien.gv.at,200
stp-testintern.noe.gv.at,302
stp-testintern.noel.gv.at,302
stp-testma.noe.gv.at,Could not resolve host: stp-testma.noe.gv.at
stp-testowa.noe.gv.at,Could not resolve host: stp-testowa.noe.gv.at
stp-testowa.noel.gv.at,302
stp.bmukk-bmwf.gv.at,Connection timed out after 3001 milliseconds
stp.entw.portal.bka.gv.at,Could not resolve host: stp.entw.portal.bka.gv.at
stp.entw.portal.intern.bka.gv.at,Could not resolve host: stp.entw.portal.intern.bka.gv.at
stp.justiz.intra.gv.at,Could not resolve host: stp.justiz.intra.gv.at
stp.ktn.gv.at,200
stp.portal.bka.gv.at,200
stp.portal.intern.bka.gv.at,Could not resolve host: stp.portal.intern.bka.gv.at
stp.test.portal.bka.gv.at,200
stp.test.portal.intern.bka.gv.at,Could not resolve host: stp.test.portal.intern.bka.gv.at
stp.wien.gv.at,200
stpcert-test.noe.gv.at,"OpenSSL SSL_read: OpenSSL/3.5.3: error:0A00045C:SSL routines::tlsv13 alert certificate required, errno 0"
stpcert-test.noel.gv.at,302
stpcert-testintern.noe.gv.at,302
stpcert-testintern.noel.gv.at,302
stportal.bmi.gv.at,200
strahlenregister.gv.at,200
strasshofandernordbahn.gv.at,302
stratfuelg.gv.at,301
streaming.tirol.gv.at,200
strengberg.gv.at,200
sts.ktn.gv.at,Could not resolve host: sts.ktn.gv.at
sts.wien.gv.at,Could not resolve host: sts.wien.gv.at
stwiki-t.ooe.gv.at,Could not resolve host: stwiki-t.ooe.gv.at
stwiki.ooe.gv.at,Could not resolve host: stwiki.ooe.gv.at
su-zmr-stp.bmi.gv.at,Could not resolve host: su-zmr-stp.bmi.gv.at
suizid-praevention.gv.at,Could not resolve host: suizid-praevention.gv.at
survey.parlament.gv.at,Could not resolve host: survey.parlament.gv.at
sus.brz.gv.at,Could not resolve host: sus.brz.gv.at
sync.bmi.gv.at,Connection timed out after 3002 milliseconds
sync.brz.gv.at,Could not resolve host: sync.brz.gv.at
syncofb.bmvit.gv.at,SSL: no alternative certificate subject name matches target hostname 'syncofb.bmvit.gv.at'
szrgw.egiz.gv.at,Connection timed out after 3002 milliseconds
t-findok-intra.bmf.gv.at,Could not resolve host: t-findok-intra.bmf.gv.at
t-findok.bmf.gv.at,Could not resolve host: t-findok.bmf.gv.at
t.ehealth.gv.at,404
taf.extra.bmlv.gv.at,Could not resolve host: taf.extra.bmlv.gv.at
tattendorf.gv.at,Could not resolve host: tattendorf.gv.at
tbw.gv.at,301
teacher.lsr-sbg.gv.at,Connection timed out after 3002 milliseconds
teacher.lsr-t.gv.at,Connection timed out after 3003 milliseconds
teacher.lsr-vbg.gv.at,Operation timed out after 3002 milliseconds with 0 bytes received
teleap.salzburg.gv.at,Could not resolve host: teleap.salzburg.gv.at
termcollab.gesundheit.gv.at,Could not resolve host: termcollab.gesundheit.gv.at
termcollabqs.gesundheit.gv.at,Could not resolve host: termcollabqs.gesundheit.gv.at
termpub.gesundheit.gv.at,Could not resolve host: termpub.gesundheit.gv.at
termpubqs.gesundheit.gv.at,Could not resolve host: termpubqs.gesundheit.gv.at
ternitz.gv.at,Operation timed out after 3002 milliseconds with 0 bytes received
test.altmuenster.ooe.gv.at,Could not resolve host: test.altmuenster.ooe.gv.at
test.app.salzburg.gv.at,TLS connect error: error:0A000458:SSL routines::tlsv1 unrecognized name
test.braunau.ooe.gv.at,Could not resolve host: test.braunau.ooe.gv.at
test.des.justiz.gv.at,Could not resolve host: test.des.justiz.gv.at
test.erb.gv.at,302
test.erechnung.gv.at,302
test.erecht.intra.gv.at,Could not resolve host: test.erecht.intra.gv.at
test.gesundheit.gv.at,Could not resolve host: test.gesundheit.gv.at
test.login-bund.moa.gv.at,Could not resolve host: test.login-bund.moa.gv.at
test.moa.gv.at,Could not resolve host: test.moa.gv.at
test.nsgslb.wien.gv.at,Could not resolve host: test.nsgslb.wien.gv.at
test.portal.bka.gv.at,Could not resolve host: test.portal.bka.gv.at
test2.nsgslb.wien.gv.at,Could not resolve host: test2.nsgslb.wien.gv.at
test3.nsgslb.wien.gv.at,Could not resolve host: test3.nsgslb.wien.gv.at
testegov.graz.gv.at,302
testextern.citrix.wien.gv.at,Could not resolve host: testextern.citrix.wien.gv.at
testexterncb.wien.gv.at,Could not resolve host: testexterncb.wien.gv.at
tfs01.noel.gv.at,Could not resolve host: tfs01.noel.gv.at
tftp.voip.ooe.gv.at,Could not resolve host: tftp.voip.ooe.gv.at
thal.gv.at,200
thalheim.ooe.gv.at,Could not resolve host: thalheim.ooe.gv.at
thamail01.thalheim.ooe.gv.at,Could not resolve host: thamail01.thalheim.ooe.gv.at
thannhausen.gv.at,Could not resolve host: thannhausen.gv.at
thoerl.gv.at,301
tiris.tirol.gv.at,302
tirol.gv.at,301
tiroler-umweltanwaltschaft.gv.at,301
tn3270.lkh.ooe.gv.at,Could not resolve host: tn3270.lkh.ooe.gv.at
tobadill.tirol.gv.at,Could not resolve host: tobadill.tirol.gv.at
tourismus.scheibbs.gv.at,SSL: no alternative certificate subject name matches target hostname 'tourismus.scheibbs.gv.at'
transfer.bmwfj.gv.at,Could not resolve host: transfer.bmwfj.gv.at
transfer.bmwfw.gv.at,Could not resolve host: transfer.bmwfw.gv.at
transfer.traiskirchen.gv.at,200
transparenzportal.gv.at,302
traveler-pilot.justiz.gv.at,Connection timed out after 3002 milliseconds
traveler.justiz.gv.at,Connection timed out after 3002 milliseconds
trust.salzburg.gv.at,Could not resolve host: trust.salzburg.gv.at
ttt.bev.gv.at,Could not resolve host: ttt.bev.gv.at
tullnerbach.gv.at,302
tux.tirol.gv.at,Could not resolve host: tux.tirol.gv.at
typo3.bda.gv.at,Could not resolve host: typo3.bda.gv.at
u32.bmeia.gv.at,Could not resolve host: u32.bmeia.gv.at
ucexpe1.bgld.gv.at,Could not resolve host: ucexpe1.bgld.gv.at
ucexpe2.bgld.gv.at,Could not resolve host: ucexpe2.bgld.gv.at
ucli01-002.voip.ooe.gv.at,Could not resolve host: ucli01-002.voip.ooe.gv.at
ucli01-003.voip.ooe.gv.at,Could not resolve host: ucli01-003.voip.ooe.gv.at
ucli01-004.voip.ooe.gv.at,Could not resolve host: ucli01-004.voip.ooe.gv.at
ucli01-006.voip.ooe.gv.at,Could not resolve host: ucli01-006.voip.ooe.gv.at
ucli01-007.voip.ooe.gv.at,Could not resolve host: ucli01-007.voip.ooe.gv.at
ucli01-008.voip.ooe.gv.at,Could not resolve host: ucli01-008.voip.ooe.gv.at
ucli01-009.voip.ooe.gv.at,Could not resolve host: ucli01-009.voip.ooe.gv.at
ucli01-010.voip.ooe.gv.at,Could not resolve host: ucli01-010.voip.ooe.gv.at
ucli01-011.voip.ooe.gv.at,Could not resolve host: ucli01-011.voip.ooe.gv.at
ucli01-018.voip.ooe.gv.at,Could not resolve host: ucli01-018.voip.ooe.gv.at
ucli01-019.voip.ooe.gv.at,Could not resolve host: ucli01-019.voip.ooe.gv.at
ucli01-027.voip.ooe.gv.at,Could not resolve host: ucli01-027.voip.ooe.gv.at
ucli02-001.voip.ooe.gv.at,Could not resolve host: ucli02-001.voip.ooe.gv.at
ucli03-001.ooe.gv.at,Could not resolve host: ucli03-001.ooe.gv.at
ucs.bmeia.gv.at,Could not resolve host: ucs.bmeia.gv.at
ucservice.ktn.gv.at,Could not resolve host: ucservice.ktn.gv.at
umfrage.bca.gv.at,200
umfrage.noe.gv.at,Could not resolve host: umfrage.noe.gv.at
umfrage.noel.gv.at,Could not resolve host: umfrage.noel.gv.at
umfragen.noe.gv.at,Could not resolve host: umfragen.noe.gv.at
umfragen.noel.gv.at,Could not resolve host: umfragen.noel.gv.at
uniproxy.brz.gv.at,Could not resolve host: uniproxy.brz.gv.at
unixhotline.stmk.gv.at,Could not resolve host: unixhotline.stmk.gv.at
unterschrift.bbg.gv.at,Could not resolve host: unterschrift.bbg.gv.at
upload-test.bvwg.gv.at,Could not resolve host: upload-test.bvwg.gv.at
upload.bvwg.gv.at,Could not resolve host: upload.bvwg.gv.at
urheberrecht.bmb.gv.at,Could not resolve host: urheberrecht.bmb.gv.at
usap.brz.gv.at,404
usp.gv.at,301
uvs-ooe.gv.at,Could not resolve host: uvs-ooe.gv.at
v-portal.tirol.gv.at,Could not resolve host: v-portal.tirol.gv.at
va-klvvag.brz.gv.at,Could not resolve host: va-klvvag.brz.gv.at
va-vgm.brz.gv.at,Could not resolve host: va-vgm.brz.gv.at
vapps.tirol.gv.at,Could not resolve host: vapps.tirol.gv.at
verbrauchergesundheit.gv.at,301
verkehrsauskunft.salzburg.gv.at,200
verwaltungspreis.gv.at,SSL: no alternative certificate subject name matches target hostname 'verwaltungspreis.gv.at'
vfgh.gv.at,301
vgis.tirol.gv.at,Could not resolve host: vgis.tirol.gv.at
vhskurs.linz.gv.at,Could not resolve host: vhskurs.linz.gv.at
video.noproxy.ooe.gv.at,301
vidp.gv.at,301
vie02gw1.basb.gv.at,Could not resolve host: vie02gw1.basb.gv.at
viehdorf.gv.at,200
vmntcitstore1.host.magwien.gv.at,Could not resolve host: vmntcitstore1.host.magwien.gv.at
vmntcitstore2.host.magwien.gv.at,Could not resolve host: vmntcitstore2.host.magwien.gv.at
vmntcitstoret1.host.magwien.gv.at,Could not resolve host: vmntcitstoret1.host.magwien.gv.at
vmntcitstoret2.host.magwien.gv.at,Could not resolve host: vmntcitstoret2.host.magwien.gv.at
voip.ooe.gv.at,Could not resolve host: voip.ooe.gv.at
vollmachten.egiz.gv.at,302
vollmachten.stammzahlenregister.gv.at,Could not resolve host: vollmachten.stammzahlenregister.gv.at
vor.extra.bmlv.gv.at,Could not resolve host: vor.extra.bmlv.gv.at
vorarlberg.gv.at,301
vorderhornbach.tirol.gv.at,Could not resolve host: vorderhornbach.tirol.gv.at
vpn.gunskirchen.ooe.gv.at,Connection timed out after 3002 milliseconds
vpn.laab-walde.gv.at,Could not resolve host: vpn.laab-walde.gv.at
vpn.parlament.gv.at,404
vsbweb.brz.gv.at,Could not resolve host: vsbweb.brz.gv.at
vsl.bka.gv.at,Could not resolve host: vsl.bka.gv.at
vsp.tirol.gv.at,Could not resolve host: vsp.tirol.gv.at
vst-int-s.bmf.gv.at,Could not resolve host: vst-int-s.bmf.gv.at
vst-int-t.bmf.gv.at,Could not resolve host: vst-int-t.bmf.gv.at
vst-int.bmf.gv.at,Could not resolve host: vst-int.bmf.gv.at
vst-s.bmf.gv.at,200
vst-t.bmf.gv.at,200
vst.bmf.gv.at,403
vstr.innsbruck.gv.at,Could not resolve host: vstr.innsbruck.gv.at
vtc-test.noproxy.ooe.gv.at,Could not resolve host: vtc-test.noproxy.ooe.gv.at
vtc.noproxy.ooe.gv.at,Could not resolve host: vtc.noproxy.ooe.gv.at
vwgh.gv.at,301
vzs-qm.wien.gv.at,Could not resolve host: vzs-qm.wien.gv.at
vzs.wien.gv.at,Could not resolve host: vzs.wien.gv.at
w4.bka.gv.at,Could not resolve host: w4.bka.gv.at
w4.wien.gv.at,Could not resolve host: w4.wien.gv.at
wa.bmf.gv.at,Connection timed out after 3002 milliseconds
wac.stmk.gv.at,404
waengle.tirol.gv.at,Could not resolve host: waengle.tirol.gv.at
wahl.bmi.gv.at,Could not resolve host: wahl.bmi.gv.at
wahlen.innsbruck.gv.at,301
wahlen.tirol.gv.at,Could not resolve host: wahlen.tirol.gv.at
waldundholzkirtag.kleinzell.gv.at,SSL: no alternative certificate subject name matches target hostname 'waldundholzkirtag.kleinzell.gv.at'
wallsee-sindelburg.gv.at,Could not resolve host: wallsee-sindelburg.gv.at
wb.brz.gv.at,Could not resolve host: wb.brz.gv.at
web.lsr-stmk.gv.at,Could not resolve host: web.lsr-stmk.gv.at
web2630.s02.tirol.gv.at,Could not resolve host: web2630.s02.tirol.gv.at
webaccess.bmukk.gv.at,Could not resolve host: webaccess.bmukk.gv.at
webaccess.cnc.gv.at,Could not resolve host: webaccess.cnc.gv.at
webapp.innsbruck.gv.at,Could not resolve host: webapp.innsbruck.gv.at
webapp.lsr-bgld.gv.at,TLS connect error: error:0A000126:SSL routines::unexpected eof while reading
webcam.neustadtl.gv.at,200
webcams.tirol.gv.at,404
webcon.bmeia.gv.at,Could not resolve host: webcon.bmeia.gv.at
webconf.bmvit.gv.at,Connection timed out after 3002 milliseconds
webconf.fma.gv.at,Could not resolve host: webconf.fma.gv.at
webconf.ktn.gv.at,Could not resolve host: webconf.ktn.gv.at
webconf.opfb.bmvit.gv.at,Connection timed out after 3002 milliseconds
webcontrolling.ooe.gv.at,Could not resolve host: webcontrolling.ooe.gv.at
webexadmin.ooe.gv.at,Could not resolve host: webexadmin.ooe.gv.at
webhost.fma.gv.at,302
webmail.aba.gv.at,Connection timed out after 3002 milliseconds
webmail.ada.gv.at,Connection timed out after 3002 milliseconds
webmail.bev.gv.at,Could not resolve host: webmail.bev.gv.at
webmail.bmeia.gv.at,Could not resolve host: webmail.bmeia.gv.at
webmail.bmlv.gv.at,404
webmail.bmlvs.gv.at,302
webmail.innsbruck.gv.at,Could not resolve host: webmail.innsbruck.gv.at
webmail.justiz.gv.at,Failed to connect to webmail.justiz.gv.at port 443 after 59 ms: Could not connect to server
webmail.ktn.gv.at,Could not resolve host: webmail.ktn.gv.at
webmail.lsr-stmk.gv.at,Could not resolve host: webmail.lsr-stmk.gv.at
webmail.lsr-vbg.gv.at,302
webmail.puchenau.ooe.gv.at,Connection timed out after 3002 milliseconds
webmail.rechnungshof.gv.at,Could not resolve host: webmail.rechnungshof.gv.at
webmail.ried.gv.at,Could not resolve host: webmail.ried.gv.at
webmail.sport.gv.at,Could not resolve host: webmail.sport.gv.at
webmail.st-poelten.gv.at,Could not resolve host: webmail.st-poelten.gv.at
webmail.statistik.gv.at,Could not resolve host: webmail.statistik.gv.at
webmail.steyr.gv.at,Connection timed out after 3002 milliseconds
webmail.stmk.gv.at,"OpenSSL SSL_read: OpenSSL/3.5.3: error:0A00045C:SSL routines::tlsv13 alert certificate required, errno 0"
webmail.tirol.gv.at,301
webopac.innsbruck.gv.at,301
webp.ooe.gv.at,Connection timed out after 3002 milliseconds
webp.sysooe.ooe.gv.at,Could not resolve host: webp.sysooe.ooe.gv.at
webportal.justiz.gv.at,Failed to connect to webportal.justiz.gv.at port 443 after 32 ms: Could not connect to server
webt.ooe.gv.at,Could not resolve host: webt.ooe.gv.at
webt.sysooe.ooe.gv.at,Could not resolve host: webt.sysooe.ooe.gv.at
webtv.wien.gv.at,Could not resolve host: webtv.wien.gv.at
webuc.salzburg.gv.at,Connection timed out after 3002 milliseconds
webv.ooe.gv.at,Could not resolve host: webv.ooe.gv.at
webv.sysooe.ooe.gv.at,Could not resolve host: webv.sysooe.ooe.gv.at
weisskirchen-steiermark.gv.at,301
weistrach.gv.at,200
welearn.ooe.gv.at,Could not resolve host: welearn.ooe.gv.at
wels.gv.at,301
westbhf-qm.wien.gv.at,Could not resolve host: westbhf-qm.wien.gv.at
westbhf.wien.gv.at,Could not resolve host: westbhf.wien.gv.at
wfgtest.noe.gv.at,SSL certificate problem: unable to get local issuer certificate
wfgtest.noel.gv.at,SSL certificate problem: unable to get local issuer certificate
wien.gv.at,301
wien1x1.wien.gv.at,Could not resolve host: wien1x1.wien.gv.at
wien2025.wien.gv.at,Could not resolve host: wien2025.wien.gv.at
wienaktion.bmbf.gv.at,Could not resolve host: wienaktion.bmbf.gv.at
wienappcms.wien.gv.at,Could not resolve host: wienappcms.wien.gv.at
wienat-live.magwien.gv.at,Could not resolve host: wienat-live.magwien.gv.at
wienat.devel.magwien.gv.at,Could not resolve host: wienat.devel.magwien.gv.at
wienat.qm.magwien.gv.at,Could not resolve host: wienat.qm.magwien.gv.at
wienat.test.magwien.gv.at,Could not resolve host: wienat.test.magwien.gv.at
wienbotbackend.wien.gv.at,301
wienwissen.wien.gv.at,Could not resolve host: wienwissen.wien.gv.at
wiki-ikt-test.intern.bka.gv.at,Could not resolve host: wiki-ikt-test.intern.bka.gv.at
wiki-ikt.intern.bka.gv.at,Could not resolve host: wiki-ikt.intern.bka.gv.at
wildermieming.tirol.gv.at,Could not resolve host: wildermieming.tirol.gv.at
winklarn.gv.at,200
wirkungsmonitoring.gv.at,200
wirsind20-qm.wien.gv.at,Could not resolve host: wirsind20-qm.wien.gv.at
wirsind20.wien.gv.at,Could not resolve host: wirsind20.wien.gv.at
wis.stmk.gv.at,302
wisaplattform.bmlfuw.gv.at,Could not resolve host: wisaplattform.bmlfuw.gv.at
wismportal.parlament.gv.at,SSL: no alternative certificate subject name matches target hostname 'wismportal.parlament.gv.at'
wlan.wien.gv.at,Connection timed out after 3002 milliseconds
wohnen.wien.gv.at,Connection timed out after 3002 milliseconds
wop1.parlament.gv.at,Connection timed out after 3002 milliseconds
worx-test.wien.gv.at,Could not resolve host: worx-test.wien.gv.at
worx.wien.gv.at,302
wp.bca.gv.at,Could not resolve host: wp.bca.gv.at
wpapp.bca.gv.at,Could not resolve host: wpapp.bca.gv.at
ws.salzburg.gv.at,Could not resolve host: ws.salzburg.gv.at
wtsdmz1.bka.gv.at,Could not resolve host: wtsdmz1.bka.gv.at
wuerflach.gv.at,Could not resolve host: wuerflach.gv.at
wuq06.ccc.brz.gv.at,Could not resolve host: wuq06.ccc.brz.gv.at
wuwq06.ccc.brz.gv.at,Could not resolve host: wuwq06.ccc.brz.gv.at
wwi.ris-erfassung.bka.gv.at,Could not resolve host: wwi.ris-erfassung.bka.gv.at
www.48ertandler.wien.gv.at,301
www.aba.gv.at,301
www.abfall.gda.gv.at,Could not resolve host: www.abfall.gda.gv.at
www.abfuhrtermine.gda.gv.at,Could not resolve host: www.abfuhrtermine.gda.gv.at
www.achau.gv.at,Could not resolve host: www.achau.gv.at
www.aflenz.gv.at,200
www.ag-test.bka.gv.at,Could not resolve host: www.ag-test.bka.gv.at
www.ag.bka.gv.at,Could not resolve host: www.ag.bka.gv.at
www.ainet.gv.at,200
www.ainet.tirol.gv.at,Could not resolve host: www.ainet.tirol.gv.at
www.akkreditierung.bka.gv.at,Could not resolve host: www.akkreditierung.bka.gv.at
www.allhartsberg.gv.at,301
www.altheim.ooe.gv.at,Could not resolve host: www.altheim.ooe.gv.at
www.amtsdolmetsch.jba.gv.at,Could not resolve host: www.amtsdolmetsch.jba.gv.at
www.amtsweg.gv.at,301
www.apf.gv.at,200
www.arbeitsinspektion.gv.at,200
www.ardagger.gv.at,200
www.arnfels.gv.at,Could not resolve host: www.arnfels.gv.at
www.arzl-pitztal.tirol.gv.at,Could not resolve host: www.arzl-pitztal.tirol.gv.at
www.aschbach-markt.gv.at,301
www.auerbach.ooe.gv.at,200
www.aufatmen.wien.gv.at,Could not resolve host: www.aufatmen.wien.gv.at
www.ausservillgraten.gv.at,302
www.ausservillgraten.tirol.gv.at,302
www.awi.bmnt.gv.at,SSL: no alternative certificate subject name matches target hostname 'www.awi.bmnt.gv.at'
www.axams.gv.at,200
www.axams.tirol.gv.at,Could not resolve host: www.axams.tirol.gv.at
www.bach.tirol.gv.at,Could not resolve host: www.bach.tirol.gv.at
www.bad-hall.ooe.gv.at,Could not resolve host: www.bad-hall.ooe.gv.at
www.bad-ischl.ooe.gv.at,200
www.bad-waltersdorf.gv.at,200
www.badgams.gv.at,Could not resolve host: www.badgams.gv.at
www.baumkirchen.tirol.gv.at,Could not resolve host: www.baumkirchen.tirol.gv.at
www.baustellenkontrolle.wien.gv.at,Could not resolve host: www.baustellenkontrolle.wien.gv.at
www.bbg.gv.at,200
www.bda.gv.at,200
www.behamberg.gv.at,Could not resolve host: www.behamberg.gv.at
www.berg-attergau.ooe.gv.at,200
www.bfg.gv.at,302
www.biberbach.gv.at,301
www.bichlbach.tirol.gv.at,Could not resolve host: www.bichlbach.tirol.gv.at
www.bka.gv.at,Could not resolve host: www.bka.gv.at
www.blindenmarkt.gv.at,301
www.bmask.gv.at,SSL: no alternative certificate subject name matches target hostname 'www.bmask.gv.at'
www.bmb.gv.at,302
www.bmbf.gv.at,Could not resolve host: www.bmbf.gv.at
www.bmeia.gv.at,200
www.bmf.gv.at,403
www.bmfj.gv.at,301
www.bmlfuw.gv.at,TLS connect error: error:0A000410:SSL routines::ssl/tls alert handshake failure
www.bmlv.gv.at,404
www.bmlvs.gv.at,404
www.bmukk.gv.at,302
www.bmvit.gv.at,SSL: no alternative certificate subject name matches target hostname 'www.bmvit.gv.at'
www.bmwfj.gv.at,Could not resolve host: www.bmwfj.gv.at
www.bmwfw.gv.at,Connection timed out after 3002 milliseconds
www.braunau.ooe.gv.at,200
www.bregenz.gv.at,307
www.breitenstein.gv.at,200
www.brz.amtsdolmetsch.jba.gv.at,Could not resolve host: www.brz.amtsdolmetsch.jba.gv.at
www.brz.gv.at,200
www.buchhaltungsagentur.gv.at,301
www.buechereien.wien.gv.at,Could not resolve host: www.buechereien.wien.gv.at
www.bundeskanzleramt.gv.at,200
www.bundessozialamt.gv.at,Could not resolve host: www.bundessozialamt.gv.at
www.bvwg.gv.at,200
www.capricorn2013.extra.bmlv.gv.at,Could not resolve host: www.capricorn2013.extra.bmlv.gv.at
www.charta.wien.gv.at,Could not resolve host: www.charta.wien.gv.at
www.cio.gv.at,Failed to connect to www.cio.gv.at port 443 after 54 ms: Could not connect to server
www.citrix.lsr-stmk.gv.at,Could not resolve host: www.citrix.lsr-stmk.gv.at
www.club.wien.gv.at,301
www.crossborder-healthcare.gv.at,SSL: no alternative certificate subject name matches target hostname 'www.crossborder-healthcare.gv.at'
www.ctxshare.stmk.gv.at,Could not resolve host: www.ctxshare.stmk.gv.at
www.cwi.telfs.gv.at,Could not resolve host: www.cwi.telfs.gv.at
www.data.gv.at,200
www.data.wien.gv.at,302
www.datenschutz.gv.at,Could not resolve host: www.datenschutz.gv.at
www.deutschlandsberg.gv.at,503
www.digitaleagenda-sectest.wien.gv.at,Could not resolve host: www.digitaleagenda-sectest.wien.gv.at
www.digitales.oesterreich.gv.at,301
www.digitalroadmap.gv.at,301
www.dls.gv.at,Connection timed out after 3002 milliseconds
www.dsb.gv.at,Failed to connect to www.dsb.gv.at port 443 after 60 ms: Could not connect to server
www.dsk.gv.at,Could not resolve host: www.dsk.gv.at
www.dusika.wien.gv.at,Could not resolve host: www.dusika.wien.gv.at
www.e-gov.ooe.gv.at,302
www.e-rechnung.gv.at,302
www.e-shop.gv.at,200
www.eben.tirol.gv.at,Could not resolve host: www.eben.tirol.gv.at
www.ebms.tirol.gv.at,Could not resolve host: www.ebms.tirol.gv.at
www.ebreichsdorf.gv.at,Could not resolve host: www.ebreichsdorf.gv.at
www.edi.gv.at,Could not resolve host: www.edi.gv.at
www.educard.lsr-bgld.gv.at,Could not resolve host: www.educard.lsr-bgld.gv.at
www.edusig.gv.at,Could not resolve host: www.edusig.gv.at
www.efre.gv.at,Could not resolve host: www.efre.gv.at
www.eggern.gv.at,SSL: no alternative certificate subject name matches target hostname 'www.eggern.gv.at'
www.egiz.gv.at,301
www.egov.rtr.gv.at,Could not resolve host: www.egov.rtr.gv.at
www.eibiswald.gv.at,200
www.eisgarn.gv.at,200
www.elbigenalp.tirol.gv.at,Could not resolve host: www.elbigenalp.tirol.gv.at
www.elga-online.gv.at,200
www.elga.gv.at,200
www.ennsdorf.gv.at,200
www.entw.parlament.gv.at,Could not resolve host: www.entw.parlament.gv.at
www.eprocbl.magwien.gv.at,Could not resolve host: www.eprocbl.magwien.gv.at
www.eprocpl.magwien.gv.at,Could not resolve host: www.eprocpl.magwien.gv.at
www.era.gv.at,200
www.erb.gv.at,302
www.erechnung.gv.at,302
www.erecht.intra.gv.at,Could not resolve host: www.erecht.intra.gv.at
www.erecht.magwien.gv.at,Could not resolve host: www.erecht.magwien.gv.at
www.erecht.wien.gv.at,Could not resolve host: www.erecht.wien.gv.at
www.ernsthofen.gv.at,301
www.ersb.gv.at,200
www.erster-weltkrieg.wien.gv.at,Could not resolve host: www.erster-weltkrieg.wien.gv.at
www.ertl.gv.at,301
www.eurad10.extra.bmlv.gv.at,Could not resolve host: www.eurad10.extra.bmlv.gv.at
www.euratsfeld.gv.at,301
www.eures.extra.bmlv.gv.at,Could not resolve host: www.eures.extra.bmlv.gv.at
www.extern.lsr-t.gv.at,Could not resolve host: www.extern.lsr-t.gv.at
www.extra.bmlv.gv.at,Could not resolve host: www.extra.bmlv.gv.at
www.fachforum-portfolio.noe.gv.at,Could not resolve host: www.fachforum-portfolio.noe.gv.at
www.falkenstein.gv.at,200
www.familienberatung.gv.at,Could not resolve host: www.familienberatung.gv.at
www.fassadengruen.wien.gv.at,Could not resolve host: www.fassadengruen.wien.gv.at
www.feistritz-wechsel.gv.at,200
www.feldbach.gv.at,301
www.fels-wagram.gv.at,Could not resolve host: www.fels-wagram.gv.at
www.flirsch.tirol.gv.at,Could not resolve host: www.flirsch.tirol.gv.at
www.fluechtlinge.wien.gv.at,301
www.fma.gv.at,403
www.formulare.justiz.gv.at,Could not resolve host: www.formulare.justiz.gv.at
www.formularservice.gv.at,301
www.fotoservice.bmvit.gv.at,Could not resolve host: www.fotoservice.bmvit.gv.at
www.frankenburg.ooe.gv.at,200
www.fsw.amtsweg.gv.at,Could not resolve host: www.fsw.amtsweg.gv.at
www.fulpmes.tirol.gv.at,Could not resolve host: www.fulpmes.tirol.gv.at
www.fundamt.gv.at,Could not resolve host: www.fundamt.gv.at
www.gaal.gv.at,200
www.gabersdorf.gv.at,200
www.gaishorn-see.gv.at,200
www.galtuer.gv.at,Could not resolve host: www.galtuer.gv.at
www.gars-kamp.gv.at,302
www.gars.gv.at,200
www.gaubitsch.gv.at,200
www.gda.gv.at,301
www.gehaltsrechner.gv.at,200
www.gemeinderecht.wien.gv.at,200
www.genderprojekte.bka.gv.at,Could not resolve host: www.genderprojekte.bka.gv.at
www.gerersdorf.gv.at,Could not resolve host: www.gerersdorf.gv.at
www.gesundheit.gv.at,301
www.gisa.gv.at,200
www.gleich-berechnet.gv.at,Connection timed out after 3001 milliseconds
www.gloggnitz.gv.at,301
www.go.gv.at,403
www.goettlesbrunn-arbesthal.gv.at,Could not resolve host: www.goettlesbrunn-arbesthal.gv.at
www.govcert.gv.at,200
www.graen.tirol.gv.at,Could not resolve host: www.graen.tirol.gv.at
www.gratwein-strassengel.gv.at,301
www.gresten-land.gv.at,SSL: no alternative certificate subject name matches target hostname 'www.gresten-land.gv.at'
www.gresten.gv.at,301
www.gross-siegharts.gv.at,302
www.grossharras.gv.at,Could not resolve host: www.grossharras.gv.at
www.gruenbach-schneeberg.gv.at,200
www.gschnitz.tirol.gv.at,Could not resolve host: www.gschnitz.tirol.gv.at
www.gzw.wien.gv.at,Could not resolve host: www.gzw.wien.gv.at
www.haidershofen.gv.at,301
www.hainzenberg.tirol.gv.at,Could not resolve host: www.hainzenberg.tirol.gv.at
www.hallstatt.ooe.gv.at,Could not resolve host: www.hallstatt.ooe.gv.at
www.harmannsdorf.gv.at,200
www.hartkirchen.ooe.gv.at,Could not resolve host: www.hartkirchen.ooe.gv.at
www.haugschlag.gv.at,Could not resolve host: www.haugschlag.gv.at
www.hauptbhf.wien.gv.at,Could not resolve host: www.hauptbhf.wien.gv.at
www.hauskirchen.gv.at,Operation timed out after 3002 milliseconds with 0 bytes received
www.help.gv.at,301
www.hernstein.gv.at,200
www.herzogsdorf.ooe.gv.at,200
www.hilfe.tirol.gv.at,Could not resolve host: www.hilfe.tirol.gv.at
www.hilfeambahnhof.wien.gv.at,301
www.hochleithen.gv.at,Could not resolve host: www.hochleithen.gv.at
www.hollenstein-ybbs.gv.at,301
www.hpa.gv.at,200
www.infoo.extra.bmlv.gv.at,Could not resolve host: www.infoo.extra.bmlv.gv.at
www.infoservice.bmask.gv.at,Connection timed out after 3002 milliseconds
www.innovation2020.wien.gv.at,Could not resolve host: www.innovation2020.wien.gv.at
www.innsbruck.gv.at,200
www.int.esv.sozialversicherung.gv.at,Failed to connect to www.int.esv.sozialversicherung.gv.at port 443 after 182 ms: Could not connect to server
www.intern.magwien.gv.at,200
www.intranet.wwff.gv.at,Could not resolve host: www.intranet.wwff.gv.at
www.inzing.tirol.gv.at,Could not resolve host: www.inzing.tirol.gv.at
www.iwbecos.gv.at,Connection timed out after 3002 milliseconds
www.jerzens.tirol.gv.at,Could not resolve host: www.jerzens.tirol.gv.at
www.jgbnoe.extra.bmlv.gv.at,Could not resolve host: www.jgbnoe.extra.bmlv.gv.at
www.jobboerse.gv.at,Could not resolve host: www.jobboerse.gv.at
www.judenburg.gv.at,302
www.justiz.gv.at,200
www.kalendarium.gv.at,Could not resolve host: www.kalendarium.gv.at
www.kapelln.gv.at,Could not resolve host: www.kapelln.gv.at
www.karres.tirol.gv.at,Could not resolve host: www.karres.tirol.gv.at
www.katzelsdorf.gv.at,Could not resolve host: www.katzelsdorf.gv.at
www.kematen-ybbs.gv.at,301
www.kig.gv.at,Could not resolve host: www.kig.gv.at
www.kirchberg-wagram.gv.at,Connection timed out after 3002 milliseconds
www.kirchstetten.gv.at,SSL: no alternative certificate subject name matches target hostname 'www.kirchstetten.gv.at'
www.kja.wien.gv.at,Could not resolve host: www.kja.wien.gv.at
www.kleinzell.gv.at,200
www.klimafreundlicher-einkauf.wien.gv.at,Could not resolve host: www.klimafreundlicher-einkauf.wien.gv.at
www.klimaschlau.wien.gv.at,Could not resolve host: www.klimaschlau.wien.gv.at
www.knittelfeld.gv.at,301
www.kobenz.gv.at,Could not resolve host: www.kobenz.gv.at
www.kondolenzbuch.wien.gv.at,Could not resolve host: www.kondolenzbuch.wien.gv.at
www.korneuburg.gv.at,200
www.kreuzstetten.gv.at,200
www.ktn.gv.at,200
www.kumberg.gv.at,200
www.kundl.tirol.gv.at,Could not resolve host: www.kundl.tirol.gv.at
www.laab-walde.gv.at,301
www.ladis.tirol.gv.at,Could not resolve host: www.ladis.tirol.gv.at
www.land-oberoesterreich.gv.at,200
www.ldap.gv.at,301
www.lebring-st-margarethen.gv.at,Could not resolve host: www.lebring-st-margarethen.gv.at
www.lernen.extra.bmlv.gv.at,Could not resolve host: www.lernen.extra.bmlv.gv.at
www.leutasch.tirol.gv.at,Could not resolve host: www.leutasch.tirol.gv.at
www.lienz.gv.at,Could not resolve host: www.lienz.gv.at
www.lilienfeld.gv.at,200
www.lrh-ktn.gv.at,307
www.lsr-bgld.gv.at,Connection timed out after 3002 milliseconds
www.lsr-ooe.gv.at,Could not resolve host: www.lsr-ooe.gv.at
www.lsr-t.gv.at,Could not resolve host: www.lsr-t.gv.at
www.lvwg-ooe.gv.at,200
www.lvwg-tirol.gv.at,200
www.lync.bmi.gv.at,Could not resolve host: www.lync.bmi.gv.at
www.lync.lsr-stmk.gv.at,Could not resolve host: www.lync.lsr-stmk.gv.at
www.magwien.gv.at,301
www.mail.adlwang.ooe.gv.at,Could not resolve host: www.mail.adlwang.ooe.gv.at
www.mail.alkoven.ooe.gv.at,Could not resolve host: www.mail.alkoven.ooe.gv.at
www.mail.aschach-donau.ooe.gv.at,Could not resolve host: www.mail.aschach-donau.ooe.gv.at
www.mail.attersee.ooe.gv.at,Could not resolve host: www.mail.attersee.ooe.gv.at
www.mail.bad-goisern.ooe.gv.at,Could not resolve host: www.mail.bad-goisern.ooe.gv.at
www.mail.bmlfuw.gv.at,Could not resolve host: www.mail.bmlfuw.gv.at
www.mail.boeheimkirchen.gv.at,Could not resolve host: www.mail.boeheimkirchen.gv.at
www.mail.dietach.ooe.gv.at,Could not resolve host: www.mail.dietach.ooe.gv.at
www.mail.dimbach.ooe.gv.at,Could not resolve host: www.mail.dimbach.ooe.gv.at
www.mail.ebensee.ooe.gv.at,Could not resolve host: www.mail.ebensee.ooe.gv.at
www.mail.eberstalzell.ooe.gv.at,Could not resolve host: www.mail.eberstalzell.ooe.gv.at
www.mail.edt.ooe.gv.at,Could not resolve host: www.mail.edt.ooe.gv.at
www.mail.gallneukirchen.ooe.gv.at,Could not resolve host: www.mail.gallneukirchen.ooe.gv.at
www.mail.gallspach.ooe.gv.at,Could not resolve host: www.mail.gallspach.ooe.gv.at
www.mail.garsten.ooe.gv.at,Could not resolve host: www.mail.garsten.ooe.gv.at
www.mail.gnas.gv.at,Could not resolve host: www.mail.gnas.gv.at
www.mail.gramastetten.ooe.gv.at,Could not resolve host: www.mail.gramastetten.ooe.gv.at
www.mail.gruenburg.ooe.gv.at,Could not resolve host: www.mail.gruenburg.ooe.gv.at
www.mail.gunskirchen.ooe.gv.at,Could not resolve host: www.mail.gunskirchen.ooe.gv.at
www.mail.hagenberg.ooe.gv.at,Could not resolve host: www.mail.hagenberg.ooe.gv.at
www.mail.hargelsberg.ooe.gv.at,Could not resolve host: www.mail.hargelsberg.ooe.gv.at
www.mail.haslach.ooe.gv.at,Could not resolve host: www.mail.haslach.ooe.gv.at
www.mail.hinterstoder.ooe.gv.at,Could not resolve host: www.mail.hinterstoder.ooe.gv.at
www.mail.hinzenbach.ooe.gv.at,Could not resolve host: www.mail.hinzenbach.ooe.gv.at
www.mail.hirschbach.ooe.gv.at,Could not resolve host: www.mail.hirschbach.ooe.gv.at
www.mail.hofkirchen-traunkreis.ooe.gv.at,Could not resolve host: www.mail.hofkirchen-traunkreis.ooe.gv.at
www.mail.kfg.ooe.gv.at,Could not resolve host: www.mail.kfg.ooe.gv.at
www.mail.kirchdorf-krems.ooe.gv.at,Could not resolve host: www.mail.kirchdorf-krems.ooe.gv.at
www.mail.kopfing.ooe.gv.at,Could not resolve host: www.mail.kopfing.ooe.gv.at
www.mail.kremsmuenster.ooe.gv.at,Could not resolve host: www.mail.kremsmuenster.ooe.gv.at
www.mail.kronstorf.ooe.gv.at,Could not resolve host: www.mail.kronstorf.ooe.gv.at
www.mail.laakirchen.ooe.gv.at,Could not resolve host: www.mail.laakirchen.ooe.gv.at
www.mail.lambach.ooe.gv.at,Could not resolve host: www.mail.lambach.ooe.gv.at
www.mail.langenstein.ooe.gv.at,Could not resolve host: www.mail.langenstein.ooe.gv.at
www.mail.luftenberg.ooe.gv.at,Could not resolve host: www.mail.luftenberg.ooe.gv.at
www.mail.marchtrenk.gv.at,Could not resolve host: www.mail.marchtrenk.gv.at
www.mail.munderfing.ooe.gv.at,Could not resolve host: www.mail.munderfing.ooe.gv.at
www.mail.neukirchen-voeckla.ooe.gv.at,Could not resolve host: www.mail.neukirchen-voeckla.ooe.gv.at
www.mail.neulengbach.gv.at,Could not resolve host: www.mail.neulengbach.gv.at
www.mail.obernberg-inn.ooe.gv.at,Could not resolve host: www.mail.obernberg-inn.ooe.gv.at
www.mail.oberneukirchen.ooe.gv.at,Could not resolve host: www.mail.oberneukirchen.ooe.gv.at
www.mail.pettenbach.ooe.gv.at,Could not resolve host: www.mail.pettenbach.ooe.gv.at
www.mail.pfarrkirchen-badhall.ooe.gv.at,Could not resolve host: www.mail.pfarrkirchen-badhall.ooe.gv.at
www.mail.pinsdorf.ooe.gv.at,Could not resolve host: www.mail.pinsdorf.ooe.gv.at
www.mail.pitzenberg.ooe.gv.at,Could not resolve host: www.mail.pitzenberg.ooe.gv.at
www.mail.ried-traunkreis.ooe.gv.at,Could not resolve host: www.mail.ried-traunkreis.ooe.gv.at
www.mail.ried.gv.at,Could not resolve host: www.mail.ried.gv.at
www.mail.rohr.ooe.gv.at,Could not resolve host: www.mail.rohr.ooe.gv.at
www.mail.rossleithen.ooe.gv.at,Could not resolve host: www.mail.rossleithen.ooe.gv.at
www.mail.schaerding.ooe.gv.at,Could not resolve host: www.mail.schaerding.ooe.gv.at
www.mail.schardenberg.ooe.gv.at,Could not resolve host: www.mail.schardenberg.ooe.gv.at
www.mail.scharnstein.ooe.gv.at,Could not resolve host: www.mail.scharnstein.ooe.gv.at
www.mail.schiedlberg.ooe.gv.at,Could not resolve host: www.mail.schiedlberg.ooe.gv.at
www.mail.schleissheim.ooe.gv.at,Could not resolve host: www.mail.schleissheim.ooe.gv.at
www.mail.schwertberg.ooe.gv.at,Could not resolve host: www.mail.schwertberg.ooe.gv.at
www.mail.sierning.ooe.gv.at,Could not resolve host: www.mail.sierning.ooe.gv.at
www.mail.st-florian-inn.ooe.gv.at,Could not resolve host: www.mail.st-florian-inn.ooe.gv.at
www.mail.st-florian.ooe.gv.at,Could not resolve host: www.mail.st-florian.ooe.gv.at
www.mail.st-gotthard.ooe.gv.at,Could not resolve host: www.mail.st-gotthard.ooe.gv.at
www.mail.st-marien.ooe.gv.at,Could not resolve host: www.mail.st-marien.ooe.gv.at
www.mail.steinbach-ziehberg.ooe.gv.at,Could not resolve host: www.mail.steinbach-ziehberg.ooe.gv.at
www.mail.steinerkirchen-traun.ooe.gv.at,Could not resolve host: www.mail.steinerkirchen-traun.ooe.gv.at
www.mail.taufkirchen-trattnach.ooe.gv.at,Could not resolve host: www.mail.taufkirchen-trattnach.ooe.gv.at
www.mail.traiskirchen.gv.at,Could not resolve host: www.mail.traiskirchen.gv.at
www.mail.utzenaich.ooe.gv.at,Could not resolve host: www.mail.utzenaich.ooe.gv.at
www.mail.vorchdorf.ooe.gv.at,Could not resolve host: www.mail.vorchdorf.ooe.gv.at
www.mail.waldzell.ooe.gv.at,Could not resolve host: www.mail.waldzell.ooe.gv.at
www.mail.wartberg-aist.ooe.gv.at,Could not resolve host: www.mail.wartberg-aist.ooe.gv.at
www.mail.windischgarsten.ooe.gv.at,Could not resolve host: www.mail.windischgarsten.ooe.gv.at
www.mail.wwff.gv.at,Could not resolve host: www.mail.wwff.gv.at
www.mail01.hartkirchen.ooe.gv.at,Could not resolve host: www.mail01.hartkirchen.ooe.gv.at
www.mail01.thalheim.ooe.gv.at,Could not resolve host: www.mail01.thalheim.ooe.gv.at
www.mailhost.parlament.gv.at,Could not resolve host: www.mailhost.parlament.gv.at
www.mallnitz.gv.at,200
www.mariaenzersdorf.gv.at,200
www.mariazell.gv.at,200
www.masterplan-partizipation.wien.gv.at,Could not resolve host: www.masterplan-partizipation.wien.gv.at
www.mauerkirchen.ooe.gv.at,Could not resolve host: www.mauerkirchen.ooe.gv.at
www.mehrgesundheit.gv.at,SSL: no alternative certificate subject name matches target hostname 'www.mehrgesundheit.gv.at'
www.mila.extra.bmlv.gv.at,Could not resolve host: www.mila.extra.bmlv.gv.at
www.milizexperten-ikt.extra.bmlv.gv.at,Could not resolve host: www.milizexperten-ikt.extra.bmlv.gv.at
www.milkdonoe.extra.bmlv.gv.at,Could not resolve host: www.milkdonoe.extra.bmlv.gv.at
www.milmet.bmlv.gv.at,Could not resolve host: www.milmet.bmlv.gv.at
www.milmet.bmlvs.gv.at,Could not resolve host: www.milmet.bmlvs.gv.at
www.milmet.extra.bmlv.gv.at,Could not resolve host: www.milmet.extra.bmlv.gv.at
www.mils-bei-imst.tirol.gv.at,Could not resolve host: www.mils-bei-imst.tirol.gv.at
www.miteinander.mariahilf.wien.gv.at,Could not resolve host: www.miteinander.mariahilf.wien.gv.at
www.mitterkirchen.ooe.gv.at,200
www.mountaintraining.extra.bmlv.gv.at,Could not resolve host: www.mountaintraining.extra.bmlv.gv.at
www.mti.bmlv.gv.at,404
www.mti.bmlvs.gv.at,SSL: no alternative certificate subject name matches target hostname 'www.mti.bmlvs.gv.at'
www.musau.tirol.gv.at,Could not resolve host: www.musau.tirol.gv.at
www.musikkapelle.traunstein.gv.at,Failed to connect to www.musikkapelle.traunstein.gv.at port 443 after 78 ms: Could not connect to server
www.myhelp.gv.at,Could not resolve host: www.myhelp.gv.at
www.nassereith.tirol.gv.at,Could not resolve host: www.nassereith.tirol.gv.at
www.nauders.tirol.gv.at,Could not resolve host: www.nauders.tirol.gv.at
www.nesselwaengle.tirol.gv.at,Could not resolve host: www.nesselwaengle.tirol.gv.at
www.nestelbach-graz.gv.at,Could not resolve host: www.nestelbach-graz.gv.at
www.neukirchen.ooe.gv.at,200
www.neunkirchen.gv.at,Could not resolve host: www.neunkirchen.gv.at
www.neustadtl.gv.at,301
www.noe.gv.at,302
www.noel.gv.at,302
www.oberhofen.tirol.gv.at,Could not resolve host: www.oberhofen.tirol.gv.at
www.obernberg.tirol.gv.at,Could not resolve host: www.obernberg.tirol.gv.at
www.obersiebenbrunn.gv.at,200
www.obsteig.gv.at,Could not resolve host: www.obsteig.gv.at
www.oebhdenkmal.extra.bmlv.gv.at,Could not resolve host: www.oebhdenkmal.extra.bmlv.gv.at
www.oed-oehling.gv.at,301
www.oeffentlicherdienst.gv.at,Could not resolve host: www.oeffentlicherdienst.gv.at
www.oeh-wahl.gv.at,Could not resolve host: www.oeh-wahl.gv.at
www.onlinesicherheit.gv.at,Could not resolve host: www.onlinesicherheit.gv.at
www.ooe.gv.at,301
www.open.wien.gv.at,301
www.opm.bos.bmi.gv.at,Could not resolve host: www.opm.bos.bmi.gv.at
www.opponitz.gv.at,Could not resolve host: www.opponitz.gv.at
www.ottenthal.gv.at,200
www.outlook.traiskirchen.gv.at,Could not resolve host: www.outlook.traiskirchen.gv.at
www.owa.bmi.gv.at,Could not resolve host: www.owa.bmi.gv.at
www.ows.wien.gv.at,Could not resolve host: www.ows.wien.gv.at
www.parlament.gv.at,200
www.pawa.bmwfj.gv.at,Could not resolve host: www.pawa.bmwfj.gv.at
www.pawa.bmwfw.gv.at,Could not resolve host: www.pawa.bmwfw.gv.at
www.pfarrkirchen-muehlkreis.ooe.gv.at,200
www.piberbach.ooe.gv.at,200
www.pinggau.gv.at,301
www.pischelsdorf.ooe.gv.at,200
www.piu.gv.at,302
www.poelstal.gv.at,Could not resolve host: www.poelstal.gv.at
www.portal.bbg.gv.at,Could not resolve host: www.portal.bbg.gv.at
www.portal2.bbg.gv.at,Could not resolve host: www.portal2.bbg.gv.at
www.prutz.tirol.gv.at,Could not resolve host: www.prutz.tirol.gv.at
www.psychische-hilfe.wien.gv.at,301
www.publicwlan.wien.gv.at,TLS connect error: error:0A000458:SSL routines::tlsv1 unrecognized name
www.pvp.amtsweg.gv.at,Could not resolve host: www.pvp.amtsweg.gv.at
www.pwb.wien.gv.at,Could not resolve host: www.pwb.wien.gv.at
www.pyhra.gv.at,200
www.qs.e-shop.gv.at,Recv failure: Connexion ré-initialisée par le correspondant
www.raab.ooe.gv.at,200
www.raabs-thaya.gv.at,Could not resolve host: www.raabs-thaya.gv.at
www.radenthein.gv.at,200
www.radfeld.tirol.gv.at,Could not resolve host: www.radfeld.tirol.gv.at
www.ramsau.gv.at,Could not resolve host: www.ramsau.gv.at
www.ramsau.tirol.gv.at,Could not resolve host: www.ramsau.tirol.gv.at
www.rangersdorf.gv.at,SSL certificate problem: self-signed certificate
www.ref.gv.at,Could not resolve host: www.ref.gv.at
www.reisenberg.gv.at,Operation timed out after 3002 milliseconds with 0 bytes received
www.reithimalpbachtal.tirol.gv.at,Could not resolve host: www.reithimalpbachtal.tirol.gv.at
www.remote.aflenz.gv.at,Could not resolve host: www.remote.aflenz.gv.at
www.remote.biberbach.gv.at,Could not resolve host: www.remote.biberbach.gv.at
www.remote.kematen-ybbs.gv.at,Could not resolve host: www.remote.kematen-ybbs.gv.at
www.remote.seitenstetten.gv.at,Could not resolve host: www.remote.seitenstetten.gv.at
www.remote.strengberg.gv.at,Could not resolve host: www.remote.strengberg.gv.at
www.retz.gv.at,302
www.riegersburg.gv.at,200
www.ris.bka.gv.at,200
www.rohrberg.tirol.gv.at,Could not resolve host: www.rohrberg.tirol.gv.at
www.rum.gv.at,Could not resolve host: www.rum.gv.at
www.salzburg.gv.at,200
www.sap-portal-dev.magwien.gv.at,Could not resolve host: www.sap-portal-dev.magwien.gv.at
www.sap-portal-qs.magwien.gv.at,Could not resolve host: www.sap-portal-qs.magwien.gv.at
www.sap-portal.magwien.gv.at,Could not resolve host: www.sap-portal.magwien.gv.at
www.sautens.tirol.gv.at,Could not resolve host: www.sautens.tirol.gv.at
www.schaeffern.gv.at,301
www.schaerding.ooe.gv.at,200
www.scharnstein.ooe.gv.at,Could not resolve host: www.scharnstein.ooe.gv.at
www.schattwald.tirol.gv.at,Could not resolve host: www.schattwald.tirol.gv.at
www.schlaiten.gv.at,302
www.schoenkirchen-reyersdorf.gv.at,200
www.schottwien.gv.at,200
www.schrattenbach.gv.at,Could not resolve host: www.schrattenbach.gv.at
www.schulen.lsr-stmk.gv.at,Could not resolve host: www.schulen.lsr-stmk.gv.at
www.schwarzautal.gv.at,200
www.schwedenplatz.wien.gv.at,Could not resolve host: www.schwedenplatz.wien.gv.at
www.sdwzeittest.wien.gv.at,Could not resolve host: www.sdwzeittest.wien.gv.at
www.seitenstetten.gv.at,200
www.service.lsr-noe.gv.at,Could not resolve host: www.service.lsr-noe.gv.at
www.sicherheitshandbuch.gv.at,Could not resolve host: www.sicherheitshandbuch.gv.at
www.signature-verification.gv.at,301
www.signaturpruefung.gv.at,301
www.sip.ktn.gv.at,Could not resolve host: www.sip.ktn.gv.at
www.sip.lsr-stmk.gv.at,Could not resolve host: www.sip.lsr-stmk.gv.at
www.skfuekdo.extra.bmlv.gv.at,Could not resolve host: www.skfuekdo.extra.bmlv.gv.at
www.smartcity.wien.gv.at,Could not resolve host: www.smartcity.wien.gv.at
www.sonntagberg.gv.at,301
www.sozialinfo.noe.gv.at,SSL certificate problem: unable to get local issuer certificate
www.sozialinfo.noel.gv.at,SSL certificate problem: unable to get local issuer certificate
www.sozialversicherung.gv.at,301
www.spillern.gv.at,Operation timed out after 3002 milliseconds with 0 bytes received
www.sprachen.wien.gv.at,301
www.st-andrae-woerdern.gv.at,200
www.st-barbara.gv.at,Operation timed out after 3001 milliseconds with 0 bytes received
www.st-georgen-reith.gv.at,Could not resolve host: www.st-georgen-reith.gv.at
www.st-georgen-ybbsfelde.gv.at,301
www.st-lorenzen-wechsel.gv.at,Could not resolve host: www.st-lorenzen-wechsel.gv.at
www.st-margarethen-knittelfeld.gv.at,Could not resolve host: www.st-margarethen-knittelfeld.gv.at
www.st-pantaleon-erla.gv.at,301
www.st.ulrich.tirol.gv.at,Could not resolve host: www.st.ulrich.tirol.gv.at
www.stadtwildnis.wien.gv.at,Could not resolve host: www.stadtwildnis.wien.gv.at
www.staedtebund.gv.at,200
www.stammzahlenregister.gv.at,SSL: no alternative certificate subject name matches target hostname 'www.stammzahlenregister.gv.at'
www.stanz.tirol.gv.at,Could not resolve host: www.stanz.tirol.gv.at
www.statistik.gv.at,302
www.statistik.strasshofandernordbahn.gv.at,SSL: no alternative certificate subject name matches target hostname 'www.statistik.strasshofandernordbahn.gv.at'
www.steeg-kamera.tirol.gv.at,Could not resolve host: www.steeg-kamera.tirol.gv.at
www.stetteldorf-wagram.gv.at,200
www.strahlenregister.gv.at,Could not resolve host: www.strahlenregister.gv.at
www.strass-steiermark.gv.at,Could not resolve host: www.strass-steiermark.gv.at
www.strasshofandernordbahn.gv.at,Could not resolve host: www.strasshofandernordbahn.gv.at
www.stratfuelg.gv.at,200
www.strengberg.gv.at,301
www.stsigmund.tirol.gv.at,Could not resolve host: www.stsigmund.tirol.gv.at
www.studi.gv.at,Recv failure: Connexion ré-initialisée par le correspondant
www.suizid-praevention.gv.at,SSL: no alternative certificate subject name matches target hostname 'www.suizid-praevention.gv.at'
www.sv.justiz.gv.at,SSL: no alternative certificate subject name matches target hostname 'www.sv.justiz.gv.at'
www.taf.extra.bmlv.gv.at,Could not resolve host: www.taf.extra.bmlv.gv.at
www.tannheim.tirol.gv.at,Could not resolve host: www.tannheim.tirol.gv.at
www.tattendorf.gv.at,301
www.ternitz.gv.at,Could not resolve host: www.ternitz.gv.at
www.test.elga-online.gv.at,Connection timed out after 3002 milliseconds
www.test.portalverbund.gv.at,Could not resolve host: www.test.portalverbund.gv.at
www.thal.gv.at,301
www.thannhausen.gv.at,200
www.thaur.tirol.gv.at,Could not resolve host: www.thaur.tirol.gv.at
www.thermilak.extra.bmlv.gv.at,Could not resolve host: www.thermilak.extra.bmlv.gv.at
www.thoerl.gv.at,200
www.tirol.gv.at,200
www.tiroler-umweltanwaltschaft.gv.at,Could not resolve host: www.tiroler-umweltanwaltschaft.gv.at
www.tobadill.tirol.gv.at,Could not resolve host: www.tobadill.tirol.gv.at
www.tourismus.scheibbs.gv.at,SSL: no alternative certificate subject name matches target hostname 'www.tourismus.scheibbs.gv.at'
www.transparenzportal.gv.at,Could not resolve host: www.transparenzportal.gv.at
www.traunstein.gv.at,301
www.tullnerbach.gv.at,200
www.ulrichskirchen-schleinbach.gv.at,200
www.unterach-attersee.ooe.gv.at,Could not resolve host: www.unterach-attersee.ooe.gv.at
www.unterperfuss.tirol.gv.at,Could not resolve host: www.unterperfuss.tirol.gv.at
www.usp.gv.at,Could not resolve host: www.usp.gv.at
www.uvs-ooe.gv.at,307
www.verbrauchergesundheit.gv.at,200
www.verwaltung.ktn.gv.at,Could not resolve host: www.verwaltung.ktn.gv.at
www.verwaltungspreis.gv.at,301
www.vfgh.gv.at,200
www.viehdorf.gv.at,200
www.voecklamarkt.ooe.gv.at,Could not resolve host: www.voecklamarkt.ooe.gv.at
www.voesendorf.gv.at,301
www.volksanw.gv.at,Could not resolve host: www.volksanw.gv.at
www.vor.extra.bmlv.gv.at,Could not resolve host: www.vor.extra.bmlv.gv.at
www.vorarlberg.gv.at,301
www.vorderhornbach.tirol.gv.at,Could not resolve host: www.vorderhornbach.tirol.gv.at
www.vwgh.gv.at,200
www.vzs.wien.gv.at,Could not resolve host: www.vzs.wien.gv.at
www.waengle.tirol.gv.at,Could not resolve host: www.waengle.tirol.gv.at
www.wahl.noe.gv.at,401
www.waldundholzkirtag.kleinzell.gv.at,SSL: no alternative certificate subject name matches target hostname 'www.waldundholzkirtag.kleinzell.gv.at'
www.wallsee-sindelburg.gv.at,Could not resolve host: www.wallsee-sindelburg.gv.at
www.wartung.elga-online.gv.at,Connection timed out after 3002 milliseconds
www.web.lsr-stmk.gv.at,Could not resolve host: www.web.lsr-stmk.gv.at
www.webmail.puchenau.ooe.gv.at,Could not resolve host: www.webmail.puchenau.ooe.gv.at
www.weisskirchen-steiermark.gv.at,200
www.weistrach.gv.at,301
www.westbhf.wien.gv.at,Could not resolve host: www.westbhf.wien.gv.at
www.wgkk.gv.at,SSL: no alternative certificate subject name matches target hostname 'www.wgkk.gv.at'
www.wien.gv.at,Operation timed out after 3002 milliseconds with 0 bytes received
www.wien1x1.wien.gv.at,301
www.wien2025.wien.gv.at,Could not resolve host: www.wien2025.wien.gv.at
www.wienappcms.wien.gv.at,Could not resolve host: www.wienappcms.wien.gv.at
www.wienat-live.magwien.gv.at,Could not resolve host: www.wienat-live.magwien.gv.at
www.wienwissen.wien.gv.at,Could not resolve host: www.wienwissen.wien.gv.at
www.wildermieming.tirol.gv.at,Could not resolve host: www.wildermieming.tirol.gv.at
www.wilfersdorf.gv.at,200
www.wilhelmsburg.gv.at,200
www.winklarn.gv.at,301
www.wirkungsmonitoring.gv.at,301
www.wirsind20.wien.gv.at,Could not resolve host: www.wirsind20.wien.gv.at
www.woellersdorf-steinabrueckl.gv.at,200
www.wohnen.wien.gv.at,Connection timed out after 3002 milliseconds
www.wolfsthal.gv.at,200
www.wuerflach.gv.at,Could not resolve host: www.wuerflach.gv.at
www.wwff.gv.at,301
www.xn--grnbach-schneeberg-n6b.gv.at,301
www.xn--land-obersterreich-l3b.gv.at,301
www.xn--signaturprfung-psb.gv.at,301
www.xn--wrflach-n2a.gv.at,301
www.ybbs.gv.at,200
www.ybbsitz.gv.at,Could not resolve host: www.ybbsitz.gv.at
www.zams.gv.at,200
www.zeillern.gv.at,301
www.zeiselmauer-wolfpassing.gv.at,200
www.zentdok.extra.bmlv.gv.at,Could not resolve host: www.zentdok.extra.bmlv.gv.at
www.zuse-qs-gui.brz.gv.at,Could not resolve host: www.zuse-qs-gui.brz.gv.at
www.zustellung.gv.at,302
www.zwentendorf-donau.gv.at,Could not resolve host: www.zwentendorf-donau.gv.at
www.zwettl.gv.at,Could not resolve host: www.zwettl.gv.at
www01.noel.gv.at,Could not resolve host: www01.noel.gv.at
www1.land-oberoesterreich.gv.at,Could not resolve host: www1.land-oberoesterreich.gv.at
www2.bichlbach.tirol.gv.at,Could not resolve host: www2.bichlbach.tirol.gv.at
www2.flirsch.tirol.gv.at,Could not resolve host: www2.flirsch.tirol.gv.at
www2.formularservice.gv.at,Could not resolve host: www2.formularservice.gv.at
www2.int.esv.sozialversicherung.gv.at,Connection timed out after 3002 milliseconds
www2.ladis.tirol.gv.at,Could not resolve host: www2.ladis.tirol.gv.at
www2.land-oberoesterreich.gv.at,403
www2.neunkirchen.gv.at,Could not resolve host: www2.neunkirchen.gv.at
www2.sozialversicherung.gv.at,Connection timed out after 3001 milliseconds
www2.tux.tirol.gv.at,Could not resolve host: www2.tux.tirol.gv.at
www2.usp.gv.at,Could not resolve host: www2.usp.gv.at
www3.formularservice.gv.at,200
www3.neunkirchen.gv.at,Could not resolve host: www3.neunkirchen.gv.at
www3.usp.gv.at,Could not resolve host: www3.usp.gv.at
www4.formularservice.gv.at,200
wwwint.bmwfj.gv.at,Could not resolve host: wwwint.bmwfj.gv.at
wwwint.bmwfw.gv.at,Could not resolve host: wwwint.bmwfw.gv.at
wwwstatic.tirol.gv.at,Could not resolve host: wwwstatic.tirol.gv.at
wwyr.bmi.gv.at,Connection timed out after 3001 milliseconds
wwyw.bmi.gv.at,Connection timed out after 3002 milliseconds
x509.e-gov.ooe.gv.at,"OpenSSL SSL_read: OpenSSL/3.5.3: error:0A00045C:SSL routines::tlsv13 alert certificate required, errno 0"
x509.portal-e.ooe.gv.at,Could not resolve host: x509.portal-e.ooe.gv.at
x509.portal-t.ooe.gv.at,Could not resolve host: x509.portal-t.ooe.gv.at
x509.portal.ooe.gv.at,Could not resolve host: x509.portal.ooe.gv.at
xenapp.ooe.gv.at,Could not resolve host: xenapp.ooe.gv.at
xensecgw.tirol.gv.at,Could not resolve host: xensecgw.tirol.gv.at
xensecure.tirol.gv.at,Could not resolve host: xensecure.tirol.gv.at
xm.stmk.gv.at,Could not resolve host: xm.stmk.gv.at
xmail.aba.gv.at,Could not resolve host: xmail.aba.gv.at
xmpp.ktn.gv.at,Could not resolve host: xmpp.ktn.gv.at
xmtest.stmk.gv.at,Could not resolve host: xmtest.stmk.gv.at
xn--grnbach-schneeberg-n6b.gv.at,301
xn--land-obersterreich-l3b.gv.at,Could not resolve host: xn--land-obersterreich-l3b.gv.at
xn--signaturprfung-psb.gv.at,SSL: no alternative certificate subject name matches target hostname 'xn--signaturprfung-psb.gv.at'
xn--wrflach-n2a.gv.at,Could not resolve host: xn--wrflach-n2a.gv.at
ybbs.gv.at,301
ybbsitz.gv.at,200
yoda.volksanw.gv.at,Connection timed out after 3002 milliseconds
yoda.vwgh.gv.at,Could not resolve host: yoda.vwgh.gv.at
zda-abnahme.sozialversicherung.gv.at,Connection timed out after 3002 milliseconds
zda-test.sozialversicherung.gv.at,SSL: no alternative certificate subject name matches target hostname 'zda-test.sozialversicherung.gv.at'
zda.sozialversicherung.gv.at,Could not resolve host: zda.sozialversicherung.gv.at
zeillern.gv.at,200
zentdok.extra.bmlv.gv.at,404
zkopf-push.zustellung.gv.at,Could not resolve host: zkopf-push.zustellung.gv.at
zkopf.zustellung.gv.at,Could not resolve host: zkopf.zustellung.gv.at
zmon.ooe.gv.at,Could not resolve host: zmon.ooe.gv.at
zmon1.ooe.gv.at,Could not resolve host: zmon1.ooe.gv.at
zmon2.ooe.gv.at,Could not resolve host: zmon2.ooe.gv.at
zmr-stp.bmi.gv.at,Could not resolve host: zmr-stp.bmi.gv.at
zmr.bev.gv.at,Could not resolve host: zmr.bev.gv.at
zmr.bmi.gv.at,Recv failure: Connexion ré-initialisée par le correspondant
zoll.bmf.gv.at,Could not resolve host: zoll.bmf.gv.at
zolleuropa-t.brz.gv.at,Could not resolve host: zolleuropa-t.brz.gv.at
zrb.bmf.gv.at,Could not resolve host: zrb.bmf.gv.at
zsvn.brz.gv.at,Could not resolve host: zsvn.brz.gv.at
zuse-qs-gui.brz.gv.at,Connection timed out after 3002 milliseconds
zuse-qs-server.brz.gv.at,Connection timed out after 3002 milliseconds
zustellung.egiz.gv.at,Connection timed out after 3002 milliseconds
zvb.brz.gv.at,Could not resolve host: zvb.brz.gv.at
zvz.brz.gv.at,Could not resolve host: zvz.brz.gv.at
